"GEOID","x","y","bachelor","popu","lnpop","age65","black","fb","rural","poverty","income","year","bachelor_mean","fb_mean","age65_mean","black_mean","rural_mean","income_mean","poverty_mean","lnpop_mean","bachelor_within","fb_within","age65_within","black_within","rural_within","income_within","poverty_within","lnpop_within","eventid"
13001,1288971.03547242,1056992.39185969,-0.494842765178647,-0.331946713598257,-0.629911262245394,-0.277441646813085,-0.538235167592162,-0.210954056778835,0.932454613759106,-0.0284031895552276,-0.72270191926045,2015,-0.670592361820008,-0.097097161576782,-0.0259414499535197,-0.560193880232575,0.932454613759106,-0.573584227645348,0.191407053079908,-0.628965569348142,0.175749596641361,-0.113856895202053,-0.251500196859565,0.0219587126404135,0,-0.149117691615101,-0.219810242635136,-0.000945692897252548,1
13001,1288971.03547242,1056992.39185969,-0.606791758819631,-0.331997508546763,-0.630221041450434,-0.140914556030001,-0.575514244216537,-0.0581933698362167,0.932454613759106,-0.0653289622236188,-0.624893540889254,2016,-0.670592361820008,-0.097097161576782,-0.0259414499535197,-0.560193880232575,0.932454613759106,-0.573584227645348,0.191407053079908,-0.628965569348142,0.0638006030003767,0.0389037917405653,-0.114973106076481,-0.0153203639839621,0,-0.0513093132439059,-0.256736015303527,-0.00125547210229215,2
13001,1288971.03547242,1056992.39185969,-0.604426778094507,-0.331554866852639,-0.627525487053409,0.0212011312592627,-0.596796859643845,-0.131901389699137,0.932454613759106,0.527719934153453,-0.553506670289037,2017,-0.670592361820008,-0.097097161576782,-0.0259414499535197,-0.560193880232575,0.932454613759106,-0.573584227645348,0.191407053079908,-0.628965569348142,0.0661655837255007,-0.0348042281223546,0.0471425812127824,-0.0366029794112697,0,0.020077557356311,0.336312881073545,0.00144008229473236,3
13001,1288971.03547242,1056992.39185969,-0.848366274671621,-0.331678226013296,-0.628275811342779,0.0972331872935263,-0.576137764525895,-0.158249581100668,0.932454613759106,0.320044457014588,-0.47277815841887,2018,-0.670592361820008,-0.097097161576782,-0.0259414499535197,-0.560193880232575,0.932454613759106,-0.573584227645348,0.191407053079908,-0.628965569348142,-0.177773912851613,-0.0611524195238864,0.123174637247046,-0.0159438842933195,0,0.100806069226478,0.12863740393468,0.000689758005362529,4
13001,1288971.03547242,1056992.39185969,-0.798534232335633,-0.331779815910308,-0.628894244648692,0.170214634522698,-0.514285365184437,0.0738125895309465,0.932454613759106,0.203003026010345,-0.49404084936913,2019,-0.670592361820008,-0.097097161576782,-0.0259414499535197,-0.560193880232575,0.932454613759106,-0.573584227645348,0.191407053079908,-0.628965569348142,-0.127941870515625,0.170909751107729,0.196156084476218,0.0459085150481379,0,0.0795433782762182,0.0115959729304372,7.13246994495931e-05,5
13003,1240696.14513375,999300.048102144,-0.973621437715935,-0.405403465559167,-0.956755458380995,-1.19283873678062,-0.63268866176541,1.99643755962599,0.932454613759106,1.10264274948492,-1.3414113690426,2015,-0.962715109505952,1.86365655797714,-0.907610899957308,-0.602089757472207,0.932454613759106,-1.05591965763439,1.11458874126739,-0.958549410805569,-0.0109063282099836,0.13278100164885,-0.285227836823309,-0.0305989042932033,0,-0.285491711408211,-0.0119459917824674,0.00179395242457414,6
13003,1240696.14513375,999300.048102144,-1.15073280451064,-0.405592132510761,-0.95931393517362,-1.09380753480996,-0.583521658319451,1.92325225930293,0.932454613759106,0.939156220577127,-1.37515281959974,2016,-0.962715109505952,1.86365655797714,-0.907610899957308,-0.602089757472207,0.932454613759106,-1.05591965763439,1.11458874126739,-0.958549410805569,-0.188017695004686,0.0595957013257926,-0.186196634852654,0.0185680991527556,0,-0.319233161965345,-0.17543252069026,-0.000764524368051633,7
13003,1240696.14513375,999300.048102144,-0.999848020766712,-0.405265593556079,-0.954890869190031,-0.854174392055416,-0.587039579460969,1.74244001882328,0.932454613759106,0.911568919809953,-1.1756320933714,2017,-0.962715109505952,1.86365655797714,-0.907610899957308,-0.602089757472207,0.932454613759106,-1.05591965763439,1.11458874126739,-0.958549410805569,-0.0371329112607601,-0.12121653915386,0.0534365079018919,0.0150501780112372,0,-0.119712435737004,-0.203019821457435,0.00365854161553802,8
13003,1240696.14513375,999300.048102144,-0.933998985801891,-0.405613901774406,-0.959609661610923,-0.794533476952036,-0.591405302094422,1.84979814847029,0.932454613759106,1.28785820041786,-0.855994591709292,2018,-0.962715109505952,1.86365655797714,-0.907610899957308,-0.602089757472207,0.932454613759106,-1.05591965763439,1.11458874126739,-0.958549410805569,0.0287161237040603,-0.0138584095068504,0.113077423005272,0.0106844553777842,0,0.1999250659251,0.173269459150468,-0.0010602508053541,9
13003,1240696.14513375,999300.048102144,-0.755374298734583,-0.405802568726,-0.962177129672275,-0.602700359188508,-0.61579358572078,1.8063548036632,0.932454613759106,1.33171761604708,-0.531407414448931,2019,-0.962715109505952,1.86365655797714,-0.907610899957308,-0.602089757472207,0.932454613759106,-1.05591965763439,1.11458874126739,-0.958549410805569,0.207340810771369,-0.0573017543139318,0.3049105407688,-0.0137038282485736,0,0.524512243185461,0.217128874779694,-0.00362771886670643,10
13005,1276778.58032506,1033232.09802434,-0.42772887227595,-0.384156664241223,-0.558148155255943,-0.501053186156812,-0.762158720617398,0.319355965617874,0.932454613759106,-0.457542035616571,-0.2986332338492,2015,-0.732869764165922,-0.0205167315315202,-0.330005043649167,-0.755114134226837,0.932454613759106,-0.267805817658364,0.143966889355731,-0.557119984087368,0.305140891889972,0.339872697149395,-0.171048142507645,-0.00704458639056138,0,-0.0308274161908358,-0.601508924972302,-0.00102817116857534,11
13005,1276778.58032506,1033232.09802434,-0.458242644337752,-0.383946228025984,-0.55604506580643,-0.417694760514027,-0.735538468575434,0.011618183322419,0.932454613759106,-0.404475469279741,-0.205844244817082,2016,-0.732869764165922,-0.0205167315315202,-0.330005043649167,-0.755114134226837,0.932454613759106,-0.267805817658364,0.143966889355731,-0.557119984087368,0.27462711982817,0.0321349148539392,-0.0876897168648604,0.0195756656514032,0,0.061961572841282,-0.548442358635472,0.00107491828093842,12
13005,1276778.58032506,1033232.09802434,-0.697009261928482,-0.38374304823196,-0.554019634023025,-0.321968373267761,-0.784608214287607,0.118201604338269,0.932454613759106,0.304022460953069,-0.278346535270428,2017,-0.732869764165922,-0.0205167315315202,-0.330005043649167,-0.755114134226837,0.932454613759106,-0.267805817658364,0.143966889355731,-0.557119984087368,0.0358605022374394,0.138718335869789,0.00803667038140543,-0.0294940800607701,0,-0.0105407176120633,0.160055571597338,0.00310035006434295,13
13005,1276778.58032506,1033232.09802434,-1.0730500217539,-0.384113125713932,-0.557712587750316,-0.230949945357708,-0.744378721996704,-0.244267612671316,0.932454613759106,0.890816619193895,-0.28803674524448,2018,-0.732869764165922,-0.0205167315315202,-0.330005043649167,-0.755114134226837,0.932454613759106,-0.267805817658364,0.143966889355731,-0.557119984087368,-0.340180257587981,-0.223750881139796,0.0990550982914593,0.0107354122301327,0,-0.0202309275861161,0.746849729838164,-0.000592603662947888,14
13005,1276778.58032506,1033232.09802434,-1.00831802053352,-0.384309049086741,-0.559674477601126,-0.178358952949526,-0.748886545657041,-0.307491798264848,0.932454613759106,0.387012871528003,-0.268168329110631,2019,-0.732869764165922,-0.0205167315315202,-0.330005043649167,-0.755114134226837,0.932454613759106,-0.267805817658364,0.143966889355731,-0.557119984087368,-0.2754482563676,-0.286975066733327,0.151646090699641,0.00622758856979555,0,-0.000362511452266734,0.243045982172272,-0.00255449351375792,15
13007,1093110.30631173,983290.678588754,-1.17184731447381,-0.441700084477321,-1.7205484166449,0.0940607779083478,1.09799539244417,-0.59966797977702,-1.07985417642781,0.259749422808691,-0.381244016721522,2015,-0.726384940883261,-0.145097669128105,1.00246520036913,0.765576217435458,-0.674076947681747,-0.546312212236359,-0.0922244180571207,-1.7379841700574,-0.445462373590546,-0.454570310648915,-0.908404422460786,0.332419175008714,-0.405777228746061,0.165068195514837,0.351973840865812,0.0174357534124987,16
13007,1093110.30631173,983290.678588754,-0.686568127102294,-0.442004854168357,-1.73101163467181,0.801649670908375,0.744550200907009,0.0942417743747714,-1.07592088102396,-0.787005637231439,-0.449075486539892,2016,-0.726384940883261,-0.145097669128105,1.00246520036913,0.765576217435458,-0.674076947681747,-0.546312212236359,-0.0922244180571207,-1.7379841700574,0.0398168137809677,0.239339443502877,-0.200815529460759,-0.0210260165284484,-0.401843933342212,0.0972367256964673,-0.694781219174319,0.00697253538558851,17
13007,1093110.30631173,983290.678588754,-0.767318178118238,-0.441997597747142,-1.73076094271812,0.684679124712522,0.74732385157377,-0.179823397484754,-1.07467958217361,-0.229987834111411,-0.4715233110841,2017,-0.726384940883261,-0.145097669128105,1.00246520036913,0.765576217435458,-0.674076947681747,-0.546312212236359,-0.0922244180571207,-1.7379841700574,-0.040933237234977,-0.0347257283566494,-0.317786075656611,-0.0182523658616877,-0.400602634491859,0.0747889011522585,-0.137763416054291,0.00722322733927894,18
13007,1093110.30631173,983290.678588754,-0.563108523425387,-0.442447495862481,-1.74645155163076,1.64778047287109,0.591684982641573,-0.134148774525033,-1.07238471254247,0.0342379591225999,-0.54723243361519,2018,-0.726384940883261,-0.145097669128105,1.00246520036913,0.765576217435458,-0.674076947681747,-0.546312212236359,-0.0922244180571207,-1.7379841700574,0.163276417457874,0.0109488946030722,0.645315272501957,-0.173891234793884,-0.39830776486072,-0.000920221378830854,0.126462377179721,-0.00846738157336291,19
13007,1093110.30631173,983290.678588754,-0.44308256129658,-0.442861111871745,-1.7611483046214,1.78415595544533,0.646326659610765,0.0939100317715104,0.932454613759106,0.261883999125956,-0.882485813221091,2019,-0.726384940883261,-0.145097669128105,1.00246520036913,0.765576217435458,-0.674076947681747,-0.546312212236359,-0.0922244180571207,-1.7379841700574,0.283302379586682,0.239007700899616,0.781690755076199,-0.119249557824693,1.60653156144085,-0.336173600984732,0.354108417183077,-0.023164134564003,20
13009,1179536.618105,1190272.44813991,-0.193308495053492,-0.133280413570023,0.639435758269115,-0.650713760469611,0.746752502653656,-0.470191817822131,0.932454613759106,1.49234393171238,0.309410013587413,2015,0.0492718270244665,-0.46968427248289,-0.40835116168852,0.765320664229363,0.932454613759106,0.422485701198303,0.96406179819409,0.634251316590926,-0.242580322077958,-0.000507545339241355,-0.242362598781091,-0.0185681615757064,0,-0.11307568761089,0.528282133518287,0.00518444167818932,21
13009,1179536.618105,1190272.44813991,-0.0858266368422845,-0.133186080094226,0.63966704686291,-0.549600300468364,0.757132400565305,-0.474841142532438,0.932454613759106,1.24996615591517,0.380587742965168,2016,0.0492718270244665,-0.46968427248289,-0.40835116168852,0.765320664229363,0.932454613759106,0.422485701198303,0.96406179819409,0.634251316590926,-0.135098463866751,-0.00515687004954846,-0.141249138779844,-0.00818826366405745,0,-0.0418979582331351,0.285904357721076,0.00541573027198383,22
13009,1179536.618105,1190272.44813991,0.0267317180631814,-0.135225134455682,0.634652969683621,-0.404814804501931,0.746025417679846,-0.518857446279098,0.932454613759106,0.967961240231863,0.412168067556865,2017,0.0492718270244665,-0.46968427248289,-0.40835116168852,0.765320664229363,0.932454613759106,0.422485701198303,0.96406179819409,0.634251316590926,-0.022540108961285,-0.0491731737962086,0.00353635718658835,-0.0192952465495166,0,-0.0103176336414376,0.00389944203777326,0.00040165309269502,23
13009,1179536.618105,1190272.44813991,0.103401248710241,-0.136973931968532,0.630327925018513,-0.272753666567628,0.781056281226034,-0.436388522749319,0.932454613759106,0.740268279268356,0.248131635406172,2018,0.0492718270244665,-0.46968427248289,-0.40835116168852,0.765320664229363,0.932454613759106,0.422485701198303,0.96406179819409,0.634251316590926,0.0541294216857747,0.0332957497335707,0.135597495120892,0.0157356169966714,0,-0.174354065792131,-0.223793518925734,-0.00392339157241306,24
13009,1179536.618105,1190272.44813991,0.395361300244686,-0.138243805681182,0.627172883120471,-0.163873276435065,0.795636719021972,-0.448142433031462,0.932454613759106,0.369769383842687,0.762131046475897,2019,0.0492718270244665,-0.46968427248289,-0.40835116168852,0.765320664229363,0.932454613759106,0.422485701198303,0.96406179819409,0.634251316590926,0.346089473220219,0.0215418394514277,0.244477885253454,0.0303160547926092,0,0.339645345277594,-0.594292414351403,-0.00707843347045489,25
13011,1137920.4681776,1329520.54270662,-0.643363472261344,-0.332534483716683,0.00535756641142153,-0.155656428979194,-1.45994063586881,-0.1686415361461,0.932454613759106,-0.65655848287725,-0.406898673343474,2015,-0.526290261937892,-0.00188283995555688,0.0334328568339156,-1.46484549287632,0.932454613759106,-0.281637023837156,-0.937363586870269,0.0104099681638459,-0.117073210323453,-0.166758696190544,-0.18908928581311,0.00490485700750787,0,-0.125261649506318,0.280805103993019,-0.00505240175242437,26
13011,1137920.4681776,1329520.54270662,-0.629110800625961,-0.332534483716683,0.00535756641142153,0.0274626765244656,-1.47327756383011,0.0491184577641388,0.932454613759106,-0.80770349943493,-0.457789704142457,2016,-0.526290261937892,-0.00188283995555688,0.0334328568339156,-1.46484549287632,0.932454613759106,-0.281637023837156,-0.937363586870269,0.0104099681638459,-0.102820538688069,0.0510012977196957,-0.00597018030945009,-0.00843207095379217,0,-0.176152680305301,0.129660087435339,-0.00505240175242437,27
13011,1137920.4681776,1329520.54270662,-0.576195027923646,-0.332338560343874,0.00655659674324571,0.0883463800212963,-1.46790763666097,0.0561895207260076,0.932454613759106,-0.980471980122689,-0.501709360859387,2017,-0.526290261937892,-0.00188283995555688,0.0334328568339156,-1.46484549287632,0.932454613759106,-0.281637023837156,-0.937363586870269,0.0104099681638459,-0.0499047659857539,0.0580723606815645,0.0549135231873806,-0.00306214378465341,0,-0.220072337022231,-0.0431083932524208,-0.00385337142060019,28
13011,1137920.4681776,1329520.54270662,-0.415943714086154,-0.331271866425248,0.0130538787871073,0.128614340551315,-1.45830266345657,0.0646051814801538,0.932454613759106,-1.11509251960017,-0.0821720686014723,2018,-0.526290261937892,-0.00188283995555688,0.0334328568339156,-1.46484549287632,0.932454613759106,-0.281637023837156,-0.937363586870269,0.0104099681638459,0.110346547851738,0.0664880214357107,0.0951814837173998,0.00654282941974649,0,0.199464955235684,-0.177728932729901,0.00264391062326142,29
13011,1137920.4681776,1329520.54270662,-0.366838294792354,-0.32983509502465,0.0217242324660334,0.0783973160516952,-1.46479896456513,-0.0106858236019842,0.932454613759106,-1.1269914523163,0.0403846877610094,2019,-0.526290261937892,-0.00188283995555688,0.0334328568339156,-1.46484549287632,0.932454613759106,-0.281637023837156,-0.937363586870269,0.0104099681638459,0.159451967145538,-0.00880298364642735,0.0449644592177796,4.65283111916737e-05,0,0.322021711598166,-0.189627865446036,0.0113142643021875,30
13013,1123627.99348901,1286957.51846833,0.0101892933430193,0.0569611814274278,1.41461084057722,-1.23428018332211,-0.954050232132918,0.564167109649513,-1.07073370207522,-0.850051077293168,0.352353677932856,2015,0.0707604603493946,0.615028865527456,-1.07000485831867,-0.95996108227508,-1.06975239688119,0.632365889312573,-1.09751803308802,1.45018059632752,-0.0605711670063753,-0.050861755877943,-0.164275325003435,0.00591085014216164,-0.000981305194029058,-0.280012211379718,0.24746695579485,-0.0355697557503021,31
13013,1123627.99348901,1286957.51846833,0.0274377364254936,0.0665977088011401,1.42950135512539,-1.1588265688174,-0.971557002085436,0.51863272417737,-1.06920403696329,-0.959878377004886,0.383794575042912,2016,0.0707604603493946,0.615028865527456,-1.07000485831867,-0.95996108227508,-1.06975239688119,0.632365889312573,-1.09751803308802,1.45018059632752,-0.043322723923901,-0.0963961413500861,-0.0888217104987272,-0.0115959198103568,0.00054835991790414,-0.248571314269661,0.137639656083132,-0.0206792412021324,32
13013,1123627.99348901,1286957.51846833,0.0515693344832141,0.0793617537185798,1.44881475384388,-1.08717004134555,-0.975514048793023,0.618442356373833,-1.06804513905639,-1.14887291371104,0.571394251590943,2017,0.0707604603493946,0.615028865527456,-1.07000485831867,-0.95996108227508,-1.06975239688119,0.632365889312573,-1.09751803308802,1.45018059632752,-0.0191911258661805,0.00341349084637699,-0.017165183026882,-0.0155529665179429,0.00170725782480141,-0.0609716377216306,-0.0513548806230215,-0.00136584248363847,33
13013,1123627.99348901,1286957.51846833,0.059483383641182,0.0923362348512586,1.46798839181521,-0.980442353530493,-0.958596107313626,0.667019174059501,-1.0711416872818,-1.29930807235761,0.761015626622769,2018,0.0707604603493946,0.615028865527456,-1.07000485831867,-0.95996108227508,-1.06975239688119,0.632365889312573,-1.09751803308802,1.45018059632752,-0.0112770767082126,0.0519903085320456,0.0895625047881784,0.00136497496145349,-0.00138929040060853,0.128649737310195,-0.201790039269592,0.017807795487689,34
13013,1123627.99348901,1286957.51846833,0.205122553854064,0.107603745087923,1.4899876402759,-0.889305144577807,-0.940088021050395,0.706882963377062,-1.06963741902926,-1.22947972507339,1.09327131537339,2019,0.0707604603493946,0.615028865527456,-1.07000485831867,-0.95996108227508,-1.06975239688119,0.632365889312573,-1.09751803308802,1.45018059632752,0.134362093504669,0.0918540978496066,0.180699713740865,0.0198730612246846,0.000114977851931597,0.460905426060814,-0.131961691985369,0.039807043948384,35
13015,1017791.23026984,1301384.90050976,0.121537291309746,0.269748477140333,0.829552524899357,-0.926301463845933,-0.987460188752545,-0.0177885207795773,-1.07126822312965,-0.772168646838057,0.37954203685286,2015,0.243023127956655,0.100523909404595,-0.732905746625042,-1.00042110928754,-1.0695196555575,0.6050102174146,-0.972115107249497,0.841876384835844,-0.121485836646909,-0.118312430184173,-0.193395717220891,0.01296092053499,-0.00174856757214825,-0.22546818056174,0.19994646041144,-0.0123238599364869,36
13015,1017791.23026984,1301384.90050976,0.22448012331616,0.274145868396711,0.834411045953679,-0.791053624362572,-0.989781316967954,0.0105009126382708,-1.06858348435923,-0.918140764141685,0.425971388239329,2016,0.243023127956655,0.100523909404595,-0.732905746625042,-1.00042110928754,-1.0695196555575,0.6050102174146,-0.972115107249497,0.841876384835844,-0.0185430046404952,-0.0900229967663247,-0.0581478777375297,0.0106397923195815,0.000936171198274716,-0.179038829175271,0.0539743431078121,-0.00746533888216494,37
13015,1017791.23026984,1301384.90050976,0.319313661899737,0.279087491244225,0.839836523163603,-0.72810218568125,-1.00222653616774,0.129478016105464,-1.06721562878118,-0.999425663098827,0.559821770614736,2017,0.243023127956655,0.100523909404595,-0.732905746625042,-1.00042110928754,-1.0695196555575,0.6050102174146,-0.972115107249497,0.841876384835844,0.0762905339430813,0.0289541067008681,0.00480356094379142,-0.00180542688020879,0.00230402677632191,-0.0451884467998639,-0.02731055584933,-0.00203986167224024,38
13015,1017791.23026984,1301384.90050976,0.313400453241149,0.286322143195724,0.847714956807411,-0.647397305135567,-1.00261035210292,0.21450509262947,-1.06904444117374,-1.1488015619276,0.753974538799896,2018,0.243023127956655,0.100523909404595,-0.732905746625042,-1.00042110928754,-1.0695196555575,0.6050102174146,-0.972115107249497,0.841876384835844,0.0703773252844941,0.113981183224874,0.0855084414894746,-0.00218924281538646,0.000475214383759859,0.148964321385296,-0.176686454678106,0.00583857197156767,39
13015,1017791.23026984,1301384.90050976,0.236384110016484,0.295748234354197,0.857866873355168,-0.571674154099888,-1.02002715244651,0.165924046429351,-1.07148650034371,-1.02203890024131,0.905741352566177,2019,0.243023127956655,0.100523909404595,-0.732905746625042,-1.00042110928754,-1.0695196555575,0.6050102174146,-0.972115107249497,0.841876384835844,-0.00663901794017094,0.0654001370247552,0.161231592525154,-0.019606043158976,-0.00196684478620779,0.300731135151578,-0.0499237929918162,0.0159904885193244,40
13017,1201793.20336312,1045954.85698732,-0.731554061847478,-0.338767749540493,-0.100667903756023,-0.292943497732765,0.420919882984399,-0.515318707359897,0.932454613759106,2.05951869554312,-1.02003102385999,2015,-0.734719615423819,-0.414762777464119,-0.0817354373155565,0.449107362015051,0.932454613759106,-0.90524037822491,1.6380091439499,-0.110497680122253,0.00316555357634096,-0.100555929895778,-0.211208060417209,-0.0281874790306522,0,-0.114790645635075,0.421509551593222,0.00982977636622992,41
13017,1201793.20336312,1045954.85698732,-0.775363060087228,-0.339290211867983,-0.104031875141502,-0.204295745730848,0.435866817137828,-0.513077488199674,0.932454613759106,2.01963567032649,-0.930309439423971,2016,-0.734719615423819,-0.414762777464119,-0.0817354373155565,0.449107362015051,0.932454613759106,-0.90524037822491,1.6380091439499,-0.110497680122253,-0.0406434446634087,-0.0983147107355551,-0.122560308415291,-0.0132405448772231,0,-0.0250690611990606,0.381626526376596,0.00646580498075075,42
13017,1201793.20336312,1045954.85698732,-0.780916200705228,-0.340255315889597,-0.110282634928764,-0.074757377698746,0.447688998903503,-0.372825571195609,0.932454613759106,1.3507189203196,-0.914623847739353,2017,-0.734719615423819,-0.414762777464119,-0.0817354373155565,0.449107362015051,0.932454613759106,-0.90524037822491,1.6380091439499,-0.110497680122253,-0.0461965852814095,0.0419372062685098,0.00697805961681056,-0.00141836311154808,0,-0.00938346951444258,-0.2872902236303,0.000215045193488306,43
13017,1201793.20336312,1045954.85698732,-0.594136975499095,-0.341111573592984,-0.115868850630657,0.0205802070435501,0.471475481517104,-0.341516835323953,0.932454613759106,1.52319328563194,-0.849999209998727,2018,-0.734719615423819,-0.414762777464119,-0.0817354373155565,0.449107362015051,0.932454613759106,-0.90524037822491,1.6380091439499,-0.110497680122253,0.140582639924724,0.0732459421401652,0.102315644359107,0.0223681195020527,0,0.0552411682261834,-0.114815858317955,-0.0053711705084042,44
13017,1201793.20336312,1045954.85698732,-0.791627778980065,-0.341989600560017,-0.121637136154317,0.142739227541026,0.469585629532422,-0.33107528524146,0.932454613759106,1.23697914792833,-0.811238370102515,2019,-0.734719615423819,-0.414762777464119,-0.0817354373155565,0.449107362015051,0.932454613759106,-0.90524037822491,1.6380091439499,-0.110497680122253,-0.0569081635562466,0.0836874922226581,0.224474664856583,0.0204782675173708,0,0.0940020081223949,-0.401029996021564,-0.0111394560320648,45
13019,1208150.95331282,992463.289298688,-0.566845267550644,-0.327578348026739,-0.512254358049949,-0.089732145143178,-0.962464385628111,-0.490864368426027,0.932454613759106,0.735767103610013,-1.02079787500901,2015,-0.65495040988012,-0.392238601006373,0.113661574946645,-0.951701995107488,0.932454613759106,-0.751312438493193,0.593390900710963,-0.511393109377047,0.0881051423294763,-0.0986257674196542,-0.203393720089823,-0.0107623905206227,0,-0.269485436515819,0.14237620289905,-0.000861248672902271,46
13019,1208150.95331282,992463.289298688,-0.627054361702223,-0.327817809926839,-0.513669480007407,-0.00415793573463172,-0.976611142852586,-0.34206593479352,0.932454613759106,0.65160977881864,-0.954569821229513,2016,-0.65495040988012,-0.392238601006373,0.113661574946645,-0.951701995107488,0.932454613759106,-0.751312438493193,0.593390900710963,-0.511393109377047,0.027896048177898,0.0501726662128534,-0.117819510681277,-0.0249091477450978,0,-0.203257382736321,0.0582188781076773,-0.00227637063036024,47
13019,1208150.95331282,992463.289298688,-0.734608317026441,-0.327614630132815,-0.512468612564117,0.0754803903187181,-0.94105723896681,-0.280720346229092,0.932454613759106,0.37756517847794,-0.797435049420052,2017,-0.65495040988012,-0.392238601006373,0.113661574946645,-0.951701995107488,0.932454613759106,-0.751312438493193,0.593390900710963,-0.511393109377047,-0.07965790714632,0.11151825477728,-0.0381811846279273,0.0106447561406778,0,-0.0461226109268589,-0.215825722233022,-0.00107550318707084,48
13019,1208150.95331282,992463.289298688,-0.646504678682746,-0.327534809499449,-0.511997326971471,0.248500896978986,-0.93307548398115,-0.475452327310689,0.932454613759106,0.75190092793699,-0.712802568063935,2018,-0.65495040988012,-0.392238601006373,0.113661574946645,-0.951701995107488,0.932454613759106,-0.751312438493193,0.593390900710963,-0.511393109377047,0.00844573119737457,-0.0832137263043163,0.13483932203234,0.0186265111263381,0,0.0385098704292576,0.158510027226027,-0.000604217594424972,49
13019,1208150.95331282,992463.289298688,-0.699739424438549,-0.326613244005125,-0.506575769292288,0.338216668313333,-0.945301724108784,-0.372090028272536,0.932454613759106,0.45011151471123,-0.270956878743452,2019,-0.65495040988012,-0.392238601006373,0.113661574946645,-0.951701995107488,0.932454613759106,-0.751312438493193,0.593390900710963,-0.511393109377047,-0.0447890145584289,0.0201485727338367,0.224555093366688,0.00640027099870466,0,0.480355559749741,-0.143279385999733,0.00481734008475843,50
13021,1142097.08415623,1155738.49836109,0.641742373634173,0.657821883726276,1.67219190817387,-0.609090571445761,1.40679258291938,-0.22295023305053,-1.06866799514574,0.916187461554013,0.376962628442501,2015,0.757070496831732,-0.269863885440362,-0.411776546378559,1.4558024784697,-1.06630589080368,0.522692232253725,0.785518613725206,1.66748102969696,-0.115328123197559,0.0469136523898325,-0.197314025067202,-0.0490098955503284,-0.00236210434205986,-0.145729603811224,0.130668847828806,0.00471087847690188,51
13021,1142097.08415623,1155738.49836109,0.727483115853226,0.653308389730456,1.66891141608545,-0.514045540087375,1.45212988841427,-0.233494656221576,-1.06819516007255,0.972947231902861,0.481602953414108,2016,0.757070496831732,-0.269863885440362,-0.411776546378559,1.4558024784697,-1.06630589080368,0.522692232253725,0.785518613725206,1.66748102969696,-0.029587380978506,0.0363692292187865,-0.102268993708816,-0.00367259005543907,-0.00188926926886346,-0.041089278839617,0.187428618177654,0.00143038638848458,52
13021,1142097.08415623,1155738.49836109,0.809500502846797,0.651341899581152,1.6674779933131,-0.406232051005366,1.47115934247892,-0.259467462583958,-1.06386853050029,0.820928966483743,0.481812094636569,2017,0.757070496831732,-0.269863885440362,-0.411776546378559,1.4558024784697,-1.06630589080368,0.522692232253725,0.785518613725206,1.66748102969696,0.0524300060150656,0.0103964228564042,0.00554449537319307,0.0153568640092125,0.00243736030339203,-0.0408801376171555,0.0354103527585362,-3.03638386789373e-06,53
13021,1142097.08415623,1155738.49836109,0.828317370707331,0.648199869194994,1.66518244460699,-0.304759223015666,1.4652971096875,-0.335258496889257,-1.06483827567301,0.661911227766832,0.569233125625507,2018,0.757070496831732,-0.269863885440362,-0.411776546378559,1.4558024784697,-1.06630589080368,0.522692232253725,0.785518613725206,1.66748102969696,0.0712468738755996,-0.0653946114488954,0.107017323362893,0.0094946312177957,0.00146761513067295,0.0465408933717819,-0.123607385958374,-0.00229858508997682,54
13021,1142097.08415623,1155738.49836109,0.778309121117131,0.646095507042602,1.66364138630542,-0.224755346338628,1.48363346884846,-0.29814857845649,-1.06595949262682,0.555618180918584,0.703850359149939,2019,0.757070496831732,-0.269863885440362,-0.411776546378559,1.4558024784697,-1.06630589080368,0.522692232253725,0.785518613725206,1.66748102969696,0.0212386242853996,-0.028284693016128,0.187021200039931,0.027830990378759,0.000346398176858331,0.181158126896214,-0.229900432806623,-0.00383964339154197,55
13023,1181750.72342352,1119109.44927295,-0.188291075841648,-0.373097878309343,-0.23786915855393,0.0788355045326172,-0.121379093782041,-0.618534435285958,0.932454613759106,0.343526230853285,-0.378873749533624,2015,-0.170386172098554,-0.651657918699821,0.192580347964527,-0.0488143912450081,0.932454613759106,-0.200295031047769,0.0811159143913718,-0.235165233581166,-0.017904903743094,0.0331234834138625,-0.11374484343191,-0.0725647025370328,0,-0.178578718485855,0.262410316461914,-0.00270392497276381,56
13023,1181750.72342352,1119109.44927295,-0.077770771467475,-0.372452056821195,-0.232199005280239,0.187410803187223,-0.0337952271209124,-0.749567078860676,0.932454613759106,0.28008464894389,-0.37043838689434,2016,-0.170386172098554,-0.651657918699821,0.192580347964527,-0.0488143912450081,0.932454613759106,-0.200295031047769,0.0811159143913718,-0.235165233581166,0.0926154006310786,-0.0979091601608554,-0.00516954477730375,0.0150191641240957,0,-0.170143355846572,0.198968734552518,0.00296622830092655,57
13023,1181750.72342352,1119109.44927295,-0.198921146424042,-0.372858416409243,-0.235762136949952,0.175424639747483,-0.0259867968553215,-0.601812472691344,0.932454613759106,0.2760292593752,-0.258478119136578,2017,-0.170386172098554,-0.651657918699821,0.192580347964527,-0.0488143912450081,0.932454613759106,-0.200295031047769,0.0811159143913718,-0.235165233581166,-0.0285349743254885,0.049845446008477,-0.0171557082170444,0.0228275943896866,0,-0.0581830880888096,0.194913344983829,-0.000596903368786011,58
13023,1181750.72342352,1119109.44927295,-0.24088596180301,-0.372887442094103,-0.236017243530745,0.161961157300944,-0.0143606467401836,-0.667752263712416,0.932454613759106,-0.0412247476728414,-0.0597242440572635,2018,-0.170386172098554,-0.651657918699821,0.192580347964527,-0.0488143912450081,0.932454613759106,-0.200295031047769,0.0811159143913718,-0.235165233581166,-0.0704997897044565,-0.0160943450125957,-0.0306191906635828,0.0344537445048245,0,0.140570786990505,-0.122340662064213,-0.00085200994957918,59
13023,1181750.72342352,1119109.44927295,-0.146061904956593,-0.372655236615219,-0.233978623590963,0.359269635054368,-0.0485501917265822,-0.620623342948709,0.932454613759106,-0.452835819542675,0.0660393443829623,2019,-0.170386172098554,-0.651657918699821,0.192580347964527,-0.0488143912450081,0.932454613759106,-0.200295031047769,0.0811159143913718,-0.235165233581166,0.0243242671419605,0.0310345757511118,0.166689287089841,0.000264199518425934,0,0.266334375430731,-0.533951733934047,0.00118660999020243,60
13025,1326652.85562827,1000388.60725178,-1.02583887927888,-0.331692738855727,-0.517684604904755,-0.519509807466407,-1.43131168241467,-0.908719892111689,-1.07112298980697,-0.00670812423943759,-0.830270221346518,2015,-1.00605993076262,-0.790405672589633,-0.277302284218407,-1.42050008678882,-1.06722908961634,-0.875807236850485,0.0663548084363499,-0.514857439561552,-0.0197789485162601,-0.118314219522056,-0.242207523247999,-0.0108115956258548,-0.00389390019063129,0.0455370155039665,-0.0730629326757875,-0.00282716534320326,61
13025,1326652.85562827,1000388.60725178,-0.854279527986491,-0.332048303495269,-0.519851413141902,-0.401085723026586,-1.4499891207796,-0.863691556612131,-1.06136720946125,0.0128840096594103,-0.942788199030845,2016,-1.00605993076262,-0.790405672589633,-0.277302284218407,-1.42050008678882,-1.06722908961634,-0.875807236850485,0.0663548084363499,-0.514857439561552,0.151780402776129,-0.0732858840224989,-0.123783438808179,-0.029489033990785,0.00586188015509115,-0.0669809621803598,-0.0534707987769396,-0.00499397358035025,62
13025,1326652.85562827,1000388.60725178,-1.08510947030102,-0.331990252125547,-0.519497254744828,-0.268646207259882,-1.39723825858248,-0.757198050928257,-1.06237258155214,0.0973198442464062,-0.910998733216686,2017,-1.00605993076262,-0.790405672589633,-0.277302284218407,-1.42050008678882,-1.06722908961634,-0.875807236850485,0.0663548084363499,-0.514857439561552,-0.0790495395384021,0.0332076216613757,0.00865607695852572,0.0232618282063335,0.00485650806419957,-0.0351914963662007,0.0309650358100563,-0.00463981518327539,63
13025,1326652.85562827,1000388.60725178,-1.04594744313017,-0.330901788943276,-0.512885126701171,-0.176893907853379,-1.41184706434697,-0.743641352969052,-1.07420977836473,0.438374674957122,-0.892245736935965,2018,-1.00605993076262,-0.790405672589633,-0.277302284218407,-1.42050008678882,-1.06722908961634,-0.875807236850485,0.0663548084363499,-0.514857439561552,-0.0398875123675464,0.0467643196205807,0.100408376365028,0.00865302244184196,-0.00698068874839475,-0.0164385000854796,0.372019866520773,0.00197231286038069,64
13025,1326652.85562827,1000388.60725178,-1.01912433311654,-0.329486786806323,-0.504368798315104,-0.020375775485783,-1.41211430782035,-0.678777510327033,-1.0670728888966,-0.210096362441752,-0.802733293722411,2019,-1.00605993076262,-0.790405672589633,-0.277302284218407,-1.42050008678882,-1.06722908961634,-0.875807236850485,0.0663548084363499,-0.514857439561552,-0.0130644023539208,0.111628162262599,0.256926508732624,0.00838577896846382,0.000156200719734878,0.0730739431280736,-0.276451170878102,0.0104886412464483,65
13027,1181463.91976362,940198.613583626,-0.70967600055491,-0.352119564576359,-0.739917611678405,0.440926005297122,0.387060653996468,-0.31732812921985,-1.07492808391817,0.946208016424654,-0.997862054279059,2015,-0.422256323613036,-0.296125702225578,0.592520642799346,0.379268683510197,-1.08054574337772,-0.883935859030158,0.583462418758478,-0.7405646549021,-0.287419676941874,-0.0212024269942721,-0.151594637502225,0.00779197048627106,0.00561765945954851,-0.113926195248901,0.362745597666176,0.000647043223695243,66
13027,1181463.91976362,940198.613583626,-0.660155745244253,-0.352061513206638,-0.739500822876252,0.521309301598447,0.427114799182833,-0.26958004892391,-1.07830692052545,0.524851717961349,-1.02407442082758,2016,-0.422256323613036,-0.296125702225578,0.592520642799346,0.379268683510197,-1.08054574337772,-0.883935859030158,0.583462418758478,-0.7405646549021,-0.237899421631217,0.0265456533016679,-0.0712113412008994,0.0478461156726361,0.00223882285226695,-0.140138561797418,-0.058610700797129,0.00106383202584781,67
13027,1181463.91976362,940198.613583626,-0.566309030181291,-0.35217761594608,-0.74033461376723,0.660930354305096,0.312396699070254,-0.16220350112784,-1.08231091889798,0.35915115827971,-0.879976118551552,2017,-0.422256323613036,-0.296125702225578,0.592520642799346,0.379268683510197,-1.08054574337772,-0.883935859030158,0.583462418758478,-0.7405646549021,-0.144052706568256,0.133922201097738,0.0684097115057497,-0.0668719844399425,-0.00176517552026412,0.00395974047860581,-0.224311260478768,0.000230041134870018,68
13027,1181463.91976362,940198.613583626,-0.287770663141088,-0.352228410894586,-0.740699665728364,0.691480407202783,0.338014310298913,-0.179328769865187,-1.08386249962178,0.858181833317003,-0.832710202275237,2018,-0.422256323613036,-0.296125702225578,0.592520642799346,0.379268683510197,-1.08054574337772,-0.883935859030158,0.583462418758478,-0.7405646549021,0.134485660471948,0.116796932360391,0.0989597644034365,-0.0412543732112843,-0.00331675624406258,0.0512256567549212,0.274719414558525,-0.000135010826263993,69
13027,1181463.91976362,940198.613583626,0.112629821056364,-0.352460616373471,-0.742370560460249,0.647957145593284,0.431756955002517,-0.552188061991103,-1.08332029392521,0.228919367809673,-0.685056499217366,2019,-0.422256323613036,-0.296125702225578,0.592520642799346,0.379268683510197,-1.08054574337772,-0.883935859030158,0.583462418758478,-0.7405646549021,0.534886144669399,-0.256062359765525,0.0554365027939377,0.0524882714923196,-0.00277455054748899,0.198879359812792,-0.354543050948805,-0.0018059055581493,70
13029,1363486.92305961,1097887.57698571,1.66550977057005,-0.225030603414313,-0.0533605751861807,-1.54360708486879,-0.746374791838686,0.0200133876274041,-1.07041820766504,-1.08629394019073,1.48178599296617,2015,1.75227719171407,-0.034793299141224,-1.42510741599494,-0.761332711211563,-1.06865259962727,1.99033378950373,-1.10188642742674,-0.00934737798536826,-0.0867674211440197,0.0548066867686281,-0.118499668873849,0.0149579193728762,-0.00176560803776638,-0.508547796537561,0.015592487236012,-0.0440131972008125,71
13029,1363486.92305961,1097887.57698571,1.88684489522223,-0.21811523399628,-0.0302655760354284,-1.44103173965006,-0.748233284922842,-0.0221278310245653,-1.0675285452399,-1.13379288636187,1.83614093755689,2016,1.75227719171407,-0.034793299141224,-1.42510741599494,-0.761332711211563,-1.06865259962727,1.99033378950373,-1.10188642742674,-0.00934737798536826,0.134567703508164,0.0126654681166587,-0.0159243236551181,0.0130994262887204,0.00112405438737384,-0.154192851946836,-0.0319064589351279,-0.0209181980500602,72
13029,1363486.92305961,1097887.57698571,1.74248172462667,-0.212462481869683,-0.0118617035477756,-1.42474205001319,-0.745688250161006,-0.103453782040513,-1.06697160356447,-1.0139500152507,2.00212935445056,2017,1.75227719171407,-0.034793299141224,-1.42510741599494,-0.761332711211563,-1.06865259962727,1.99033378950373,-1.10188642742674,-0.00934737798536826,-0.00979546708739787,-0.0686604828992888,0.000365365981748633,0.0156444610505565,0.00168099606280081,0.0117955649468326,0.0879364121760398,-0.00251432556240732,73
13029,1363486.92305961,1097887.57698571,1.70048922599611,-0.205191547812108,0.011215351251958,-1.39579883863787,-0.773221056520952,-0.00673368863547356,-1.06706610341902,-1.01615666350317,2.24278118776301,2018,1.75227719171407,-0.034793299141224,-1.42510741599494,-0.761332711211563,-1.06865259962727,1.99033378950373,-1.10188642742674,-0.00934737798536826,-0.051787965717957,0.0280596105057504,0.0293085773570696,-0.0118883453093893,0.00158649620825324,0.252447398259283,0.0857297639235663,0.0205627292373263,74
13029,1363486.92305961,1097887.57698571,1.76606034215528,-0.196643483620667,0.0375356135905854,-1.32035736680479,-0.793146172614326,-0.0616645816329723,-1.07127853824794,-1.25923863182723,2.38883147478201,2019,1.75227719171407,-0.034793299141224,-1.42510741599494,-0.761332711211563,-1.06865259962727,1.99033378950373,-1.10188642742674,-0.00934737798536826,0.0137831504412111,-0.0268712824917484,0.104750049190149,-0.0318134614027638,-0.00262593862066196,0.398497685278281,-0.15735220440049,0.0468829915759537,75
13031,1329129.21043575,1135888.03727817,0.769206697013371,0.059675082961892,0.244348325971112,-1.46901265787148,0.00459423480006773,-0.173904061453341,0.932454613759106,1.7139651472951,0.54573959496899,2015,0.713568794187026,-0.2814495514507,-1.30939905989948,-0.00107639726744828,0.932454613759106,0.589617423441428,1.29229012558979,0.262568621834315,0.0556379028263443,0.10754548999736,-0.159613597972001,0.00567063206751601,0,-0.0438778284724379,0.421675021705305,-0.0182202958632033,76
13031,1329129.21043575,1135888.03727817,0.76946914653456,0.0651536809793263,0.252803602759782,-1.39405381606384,0.00959510421339333,-0.264439618065304,0.932454613759106,1.51754678737333,0.558009213353402,2016,0.713568794187026,-0.2814495514507,-1.30939905989948,-0.00107639726744828,0.932454613759106,0.589617423441428,1.29229012558979,0.262568621834315,0.0559003523475342,0.0170099333853966,-0.0846547561643591,0.0106715014808416,0,-0.0316082100880257,0.225256661783536,-0.00976501907453314,77
13031,1329129.21043575,1135888.03727817,0.72780052322546,0.0695147901296283,0.259472068418917,-1.29414454867899,0.0157322109746852,-0.300293485979543,0.932454613759106,1.35613382470011,0.496800548912982,2017,0.713568794187026,-0.2814495514507,-1.30939905989948,-0.00107639726744828,0.932454613759106,0.589617423441428,1.29229012558979,0.262568621834315,0.0142317290384338,-0.0188439345288428,0.0152545112204878,0.0168086082421335,0,-0.092816874528446,0.0638436991103188,-0.00309655341539788,78
13031,1329129.21043575,1135888.03727817,0.657829303104844,0.0770614681933789,0.2708841366079,-1.21921953287487,-0.0100303345965702,-0.344074805111126,0.932454613759106,1.09981586165101,0.61628990067936,2018,0.713568794187026,-0.2814495514507,-1.30939905989948,-0.00107639726744828,0.932454613759106,0.589617423441428,1.29229012558979,0.262568621834315,-0.0557394910821823,-0.0626252536604258,0.0901795270246104,-0.00895393732912194,0,0.0266724772379326,-0.192474263938785,0.008315514773585,79
13031,1329129.21043575,1135888.03727817,0.643538301056897,0.0867705597792426,0.285334975413865,-1.17056474400822,-0.0252732017288175,-0.324535786644188,0.932454613759106,0.773989006929418,0.731247859292405,2019,0.713568794187026,-0.2814495514507,-1.30939905989948,-0.00107639726744828,0.932454613759106,0.589617423441428,1.29229012558979,0.262568621834315,-0.0700304931301298,-0.0430862351934876,0.138834315891262,-0.0241968044613692,0,0.141630435850977,-0.518301118660374,0.0227663535795494,80
13033,1294390.81544066,1205632.93069317,-0.909470288475949,-0.298639740220742,-0.846709505806328,-0.621241288588513,1.22026440991367,-0.589015231910224,-1.06872887687546,1.49611170036162,-0.80517327465113,2015,-0.746202718193784,-0.584054636374712,-0.439830096888513,1.17161999565035,-1.06802164945261,-0.526876021295597,0.946520612446915,-0.857252398308578,-0.163267570282165,-0.00496059553551176,-0.181411191699999,0.0486444142633151,-0.000707227422853673,-0.278297253355533,0.549591087914702,0.0105428925022502,81
13033,1294390.81544066,1205632.93069317,-0.824036178120497,-0.299866075406102,-0.852717330509283,-0.493981855101926,1.1859446172079,-0.588548557663559,-1.0722650863648,1.3646114564118,-0.641206556241257,2016,-0.746202718193784,-0.584054636374712,-0.439830096888513,1.17161999565035,-1.06802164945261,-0.526876021295597,0.946520612446915,-0.857252398308578,-0.0778334599267133,-0.00449392128884651,-0.0541517582134126,0.0143246215575465,-0.00424343691218443,-0.11433053494566,0.418090843964883,0.00453506779929502,82
13033,1294390.81544066,1205632.93069317,-0.725477035900029,-0.301266564700624,-0.859632954475712,-0.475256208732945,1.17990977161445,-0.627880363145557,-1.06768817454041,1.17390517656962,-0.490415734846463,2017,-0.746202718193784,-0.584054636374712,-0.439830096888513,1.17161999565035,-1.06802164945261,-0.526876021295597,0.946520612446915,-0.857252398308578,0.0207256822937546,-0.0438257267708447,-0.0354261118444314,0.00828977596410274,0.0003334749122057,0.0364602864491342,0.2273845641227,-0.00238055616713373,83
13033,1294390.81544066,1205632.93069317,-0.681438695691344,-0.301955924716063,-0.863058694578542,-0.350935735675583,1.15106974195493,-0.599765103507962,-1.06505765815723,0.542767449157745,-0.346387146311259,2018,-0.746202718193784,-0.584054636374712,-0.439830096888513,1.17161999565035,-1.06802164945261,-0.526876021295597,0.946520612446915,-0.857252398308578,0.06476402250244,-0.0157104671332502,0.0888943612129304,-0.0205502536954254,0.00296399129538072,0.180488874984337,-0.403753163289171,-0.00580629626996332,84
13033,1294390.81544066,1205632.93069317,-0.5905913927811,-0.302173617352518,-0.864143506173026,-0.2577353963436,1.12091143756081,-0.515063925646259,-1.06636845132516,0.155207279733801,-0.351197394427876,2019,-0.746202718193784,-0.584054636374712,-0.439830096888513,1.17161999565035,-1.06802164945261,-0.526876021295597,0.946520612446915,-0.857252398308578,0.155611325412684,0.0689907107284534,0.182094700544913,-0.050708558089539,0.00165319812745213,0.175678626867721,-0.791313332713115,-0.00689110786444802,85
13035,1111353.10597663,1205935.3891497,-0.697581704165324,-0.295461427728509,0.383431569302878,-0.528137480141125,-0.017140025359074,-0.425506695013381,-1.07543802746779,-0.0363665483483106,-0.0428535187786966,2015,-0.624545011227796,-0.379502283668676,-0.335536068447179,0.00986279688900626,-1.07504467509104,-0.0573260913730375,0.141683981788734,0.390967086853023,-0.0730366929375279,-0.046004411344705,-0.192601411693946,-0.0270028222480803,-0.000393352376753864,0.0144725725943408,-0.178050530137045,-0.0075355175501447,86
13035,1111353.10597663,1205935.3891497,-0.689858326635475,-0.295214709407194,0.384612445923629,-0.392847941272329,-0.00297927871344317,-0.37588908827747,-1.07330741857507,-0.0808642265130572,-0.0977879465452698,2016,-0.624545011227796,-0.379502283668676,-0.335536068447179,0.00986279688900626,-1.07504467509104,-0.0573260913730375,0.141683981788734,0.390967086853023,-0.0653133154076788,0.00361319539120591,-0.0573118728251497,-0.0128420756024494,0.00173725651597012,-0.0404618551722323,-0.222548208301792,-0.00635464092939381,87
13035,1111353.10597663,1205935.3891497,-0.6945628398497,-0.294655964973628,0.387280474779139,-0.33615832644435,0.00165799053767046,-0.384896021037966,-1.07707744623835,0.356372046351674,-0.20152199288621,2017,-0.624545011227796,-0.379502283668676,-0.335536068447179,0.00986279688900626,-1.07504467509104,-0.0573260913730375,0.141683981788734,0.390967086853023,-0.0700178286219033,-0.00539373736929039,-0.000622257997170639,-0.0082048063513358,-0.00203277114730738,-0.144195901513172,0.21468806456294,-0.00368661207388415,88
13035,1111353.10597663,1205935.3891497,-0.57633616966321,-0.293248219257889,0.393964044681658,-0.247678652336641,0.0296592222315662,-0.365409073693028,-1.07227048293602,0.393383270608529,-0.0521254463078264,2018,-0.624545011227796,-0.379502283668676,-0.335536068447179,0.00986279688900626,-1.07504467509104,-0.0573260913730375,0.141683981788734,0.390967086853023,0.0482088415645857,0.0140932099756479,0.0878574161105376,0.01979642534256,0.00277419215501484,0.00520064506521111,0.251699288819795,0.00299695782863496,89
13035,1111353.10597663,1205935.3891497,-0.464386015825272,-0.29078103604474,0.40554689957781,-0.17285794204145,0.0381160757483118,-0.345810540321534,-1.07713000023796,0.0758953668448358,0.107658447652815,2019,-0.624545011227796,-0.379502283668676,-0.335536068447179,0.00986279688900626,-1.07504467509104,-0.0573260913730375,0.141683981788734,0.390967086853023,0.160158995402524,0.0336917433471417,0.162678126405729,0.0282532788593056,-0.00208532514692328,0.164984539025853,-0.0657886149438986,0.0145798127247876,90
13037,1073488.41838745,1003675.64299072,-0.718643266657145,-0.418501305852504,-0.998085056941812,-0.927436894184568,1.8729976542329,0.0539997563529463,0.932454613759106,2.97930884031965,-1.38721329676169,2015,-0.750619423789268,-0.059596733901616,-0.579825935425557,1.83904485580461,0.932454613759106,-1.08808557764898,1.68368984100634,-1.00357701295302,0.0319761571321232,0.113596490254562,-0.347610958759011,0.033952798428291,0,-0.299127719112706,1.29561899931331,0.00549195601121277,91
13037,1073488.41838745,1003675.64299072,-0.563792422557753,-0.4188351012284,-1.0038822067701,-0.845074821546113,1.79813979637138,-0.0974237194286208,0.932454613759106,1.68601953852293,-1.24102358226105,2016,-0.750619423789268,-0.059596733901616,-0.579825935425557,1.83904485580461,0.932454613759106,-1.08808557764898,1.68368984100634,-1.00357701295302,0.186827001231515,-0.0378269855270048,-0.265248886120556,-0.0409050594332332,0,-0.152938004612066,0.00232969751659096,-0.000305193817078386,92
13037,1073488.41838745,1003675.64299072,-0.74275688600678,-0.418399715955491,-0.996328861889114,-0.500309944260741,1.84100676944916,-0.120312508522007,0.932454613759106,1.60746895631228,-1.09058132957036,2017,-0.750619423789268,-0.059596733901616,-0.579825935425557,1.83904485580461,0.932454613759106,-1.08808557764898,1.68368984100634,-1.00357701295302,0.0078625377824878,-0.060715774620391,0.0795159911648158,0.00196191364454656,0,-0.00249575192137463,-0.0762208846940664,0.00724815106391019,93
13037,1073488.41838745,1003675.64299072,-0.848468634154193,-0.418943947546627,-1.00578153368633,-0.374305905004294,1.85475950345796,-0.095184270318778,0.932454613759106,1.24605278108737,-0.935677397467151,2018,-0.750619423789268,-0.059596733901616,-0.579825935425557,1.83904485580461,0.932454613759106,-1.08808557764898,1.68368984100634,-1.00357701295302,-0.097849210364925,-0.035587536417162,0.205520030421263,0.0157146476533541,0,0.15240818018183,-0.437637059918976,-0.00220452073330657,94
13037,1073488.41838745,1003675.64299072,-0.879435909570469,-0.419401102083181,-1.01380740547776,-0.252002112132069,1.82832055551165,-0.0390629275916205,0.932454613759106,0.899599088789486,-0.785932282184665,2019,-0.750619423789268,-0.059596733901616,-0.579825935425557,1.83904485580461,0.932454613759106,-1.08808557764898,1.68368984100634,-1.00357701295302,-0.128816485781201,0.0205338063099954,0.327823823293488,-0.0107243002929587,0,0.302153295464316,-0.784090752216857,-0.010230392524738,95
13039,1363721.08142148,975103.002353488,0.298397792178648,-0.0922816337044548,-0.137405986345681,-1.30176278090432,-0.543656489106699,-0.365673311101699,0.932454613759106,-1.20197876470052,0.763107038847385,2015,0.448814439346961,-0.152315279217402,-1.04476299105825,-0.554057768004139,0.932454613759106,1.03995424639385,-1.08850843017378,-0.123299135571264,-0.150416647168313,-0.213358031884297,-0.256999789846077,0.0104012788974407,0,-0.276847207546466,-0.11347033452674,-0.0141068507744165,96
13039,1363721.08142148,975103.002353488,0.409260465412921,-0.0875867291782562,-0.127221598868583,-1.16088418968323,-0.575819553079135,-0.203003284933406,0.932454613759106,-1.03148004219254,0.932302287818797,2016,0.448814439346961,-0.152315279217402,-1.04476299105825,-0.554057768004139,0.932454613759106,1.03995424639385,-1.08850843017378,-0.123299135571264,-0.0395539739340403,-0.0506880057160035,-0.116121198624983,-0.0217617850749963,0,-0.107651958575054,0.0570283879812381,-0.00392246329731898,97
13039,1363721.08142148,975103.002353488,0.49462220591383,-0.086425701783833,-0.12472255776543,-1.0386067218983,-0.557770253243509,-0.140119861249012,0.932454613759106,-1.21573779363665,1.01895646765871,2017,0.448814439346961,-0.152315279217402,-1.04476299105825,-0.554057768004139,0.932454613759106,1.03995424639385,-1.08850843017378,-0.123299135571264,0.0458077665668688,0.0121954179683898,0.0061562691599466,-0.0037124852393694,0,-0.0209977787351419,-0.12722936346287,-0.00142342219416601,98
13039,1363721.08142148,975103.002353488,0.552856430860314,-0.0830732351824361,-0.117549295824635,-0.919258450808531,-0.548566001028936,-0.0260981166385001,0.932454613759106,-1.18774684786898,1.18836085785258,2018,0.448814439346961,-0.152315279217402,-1.04476299105825,-0.554057768004139,0.932454613759106,1.03995424639385,-1.08850843017378,-0.123299135571264,0.104041991513353,0.126217162578902,0.125504540249716,0.00549176697520315,0,0.148406611458732,-0.0992384176952037,0.00574983974662964,99
13039,1363721.08142148,975103.002353488,0.488935302369093,-0.0793216654142063,-0.109596239051992,-0.803302811996849,-0.544476543562418,-0.0266818221643939,0.932454613759106,-0.805598702470205,1.29704457979178,2019,0.448814439346961,-0.152315279217402,-1.04476299105825,-0.554057768004139,0.932454613759106,1.03995424639385,-1.08850843017378,-0.123299135571264,0.040120863022132,0.125633457053008,0.241460179061398,0.0095812244417216,0,0.25709033339793,0.282909727703576,0.0137028965192718,100
13043,1298417.97232128,1132052.50506554,-0.442883564082835,-0.385542640693316,-0.459285974418536,-0.0227181525415342,-0.227237041200995,0.173582181887477,0.932454613759106,1.55714793194264,-0.773453522577791,2015,-0.566618698871193,0.0895760812211722,0.145133123328868,-0.235184172355164,0.932454613759106,-0.255299172555162,1.48561556638625,-0.468655625295195,0.123735134788359,0.084006100666305,-0.167851275870402,0.00794713115416859,0,-0.518154350022629,0.0715323655563902,0.0093696508766587,101
13043,1298417.97232128,1132052.50506554,-0.586124152487817,-0.386043333757161,-0.464399101643049,0.0802225892082664,-0.247570237540359,0.0689332720665254,0.932454613759106,1.25289679237209,-0.385635982393215,2016,-0.566618698871193,0.0895760812211722,0.145133123328868,-0.235184172355164,0.932454613759106,-0.255299172555162,1.48561556638625,-0.468655625295195,-0.0195054536166236,-0.0206428091546468,-0.0649105341206014,-0.0123860651851952,0,-0.130336809838052,-0.232718774014156,0.0042565236521464,102
13043,1298417.97232128,1132052.50506554,-0.557824295519357,-0.386536770399791,-0.469469711420746,0.134530276118147,-0.26985055708519,0.11575533462284,0.932454613759106,1.51225226644755,-0.233660027404472,2017,-0.566618698871193,0.0895760812211722,0.145133123328868,-0.235184172355164,0.932454613759106,-0.255299172555162,1.48561556638625,-0.468655625295195,0.00879440335183657,0.0261792534016674,-0.0106028472107206,-0.0346663847300262,0,0.0216391451506907,0.0266367000613006,-0.000814086125551283,103
13043,1298417.97232128,1132052.50506554,-0.612845554666038,-0.387022950621205,-0.474496804447908,0.215177083857814,-0.261541682393599,-0.0329305910278902,0.932454613759106,1.69832763477129,-0.0876097403854732,2018,-0.566618698871193,0.0895760812211722,0.145133123328868,-0.235184172355164,0.932454613759106,-0.255299172555162,1.48561556638625,-0.468655625295195,-0.0462268557948448,-0.122506672249062,0.0700439605289457,-0.026357510038435,0,0.167689432169689,0.212712068385044,-0.00584117915271298,104
13043,1298417.97232128,1132052.50506554,-0.63341592759992,-0.387131796939433,-0.475626534545736,0.318453820001646,-0.169721343555676,0.122540208556909,0.932454613759106,1.40745320639767,0.203863409985139,2019,-0.566618698871193,0.0895760812211722,0.145133123328868,-0.235184172355164,0.932454613759106,-0.255299172555162,1.48561556638625,-0.468655625295195,-0.0667972287287271,0.0329641273357368,0.173320696672778,0.0654628287994877,0,0.459162582540301,-0.0781623599885788,-0.00697090925054072,105
13045,1004457.36186532,1226137.16264658,-0.0122397563210509,0.351448523601648,0.858952526541132,-0.95221545366365,-0.569569778473988,-0.123741686260931,-1.06318060345448,-0.062208015277232,0.29846495627859,2015,0.142102604835624,-0.168225830540469,-0.798090693833365,-0.545470421638692,-1.06604310712328,0.53538013308306,-0.312634682122015,0.875319761384077,-0.154342361156675,0.0444841442795376,-0.154124759830285,-0.0240993568352953,0.00286250366880192,-0.23691517680447,0.250426666844782,-0.0163672348429448,106
13045,1004457.36186532,1226137.16264658,0.0126465932964043,0.359873228632431,0.86731190847652,-0.872360104637307,-0.567465926303708,-0.211691273552654,-1.06250370485257,-0.264474926638668,0.420045720269585,2016,0.142102604835624,-0.168225830540469,-0.798090693833365,-0.545470421638692,-1.06604310712328,0.53538013308306,-0.312634682122015,0.875319761384077,-0.129456011539219,-0.0434654430121847,-0.0742694108039426,-0.0219955046650159,0.0035394022707127,-0.115334412813475,0.0481597554833469,-0.00800785290755601,107
13045,1004457.36186532,1226137.16264658,0.144772110629464,0.368160061660127,0.875451666028713,-0.79607583534946,-0.543353721372169,-0.173428083221568,-1.06539884439689,-0.355723450440717,0.496103411504777,2017,0.142102604835624,-0.168225830540469,-0.798090693833365,-0.545470421638692,-1.06604310712328,0.53538013308306,-0.312634682122015,0.875319761384077,0.00266950579384023,-0.00520225268109942,0.00201485848390504,0.00211670026652311,0.000644262726391398,-0.0392767215782834,-0.0430887683187028,0.000131904644636194,108
13045,1004457.36186532,1226137.16264658,0.24777291385075,0.37631627910595,0.883384507030198,-0.719603323618236,-0.534349870002683,-0.193984894014183,-1.07003247644087,-0.331860946842387,0.629396083953619,2018,0.142102604835624,-0.168225830540469,-0.798090693833365,-0.545470421638692,-1.06604310712328,0.53538013308306,-0.312634682122015,0.875319761384077,0.105670309015126,-0.0257590634737141,0.078487370215129,0.0111205516360092,-0.00398936931758742,0.094015950870559,-0.0192262647203722,0.00806474564612158,109
13045,1004457.36186532,1226137.16264658,0.317561162722551,0.384740984136733,0.89149819884382,-0.650198751898171,-0.512612812040914,-0.138283215653008,-1.0690999064716,-0.548906071411069,0.83289049340873,2019,0.142102604835624,-0.168225830540469,-0.798090693833365,-0.545470421638692,-1.06604310712328,0.53538013308306,-0.312634682122015,0.875319761384077,0.175458557886927,0.0299426148874606,0.147891941935194,0.0328576095977788,-0.00305679934831882,0.297510360325669,-0.236271389289054,0.016178437459743,110
13047,982264.275959062,1372215.3368451,0.192871474841165,0.00880031382251193,1.3382272516362,-0.196558541545001,-1.45447510123248,-0.53464026654601,-1.06626098677569,-1.25247994621091,0.240532837656735,2015,0.313075173770657,-0.527087970588336,0.031002086511722,-1.47222575003591,-1.0745762362124,0.595766175381798,-1.46928825264639,1.34568573259446,-0.120203698929493,-0.00755229595767382,-0.227560628056723,0.0177506488034309,0.00831524943671491,-0.355233337725063,0.216808306435471,-0.00745848095825874,111
13047,982264.275959062,1372215.3368451,0.297702280780477,0.010759547550601,1.34158576701538,-0.0839863182812,-1.46664760008327,-0.50724567141905,-1.07496219023313,-1.34019276515115,0.393624212498606,2016,0.313075173770657,-0.527087970588336,0.031002086511722,-1.47222575003591,-1.0745762362124,0.595766175381798,-1.46928825264639,1.34568573259446,-0.0153728929901808,0.0198422991692859,-0.114988404792922,0.00557814995263795,-0.000385954020728496,-0.202141962883192,0.129095487495235,-0.00409996557907499,112
13047,982264.275959062,1372215.3368451,0.294882489793785,0.0123922423240086,1.3443739945395,0.0267044148508508,-1.4762114798577,-0.538912848634118,-1.07632189064579,-1.49221276879779,0.67477972922778,2017,0.313075173770657,-0.527087970588336,0.031002086511722,-1.47222575003591,-1.0745762362124,0.595766175381798,-1.46928825264639,1.34568573259446,-0.0181926839768728,-0.0118248780457817,-0.00429767166087116,-0.00398572982178491,-0.00174565443338781,0.0790135538459823,-0.0229245161514089,-0.00131173805496254,113
13047,982264.275959062,1372215.3368451,0.363968061635331,0.0155052470253057,1.34966392265847,0.151841651038353,-1.47889499382733,-0.517831808349315,-1.07741877020396,-1.63533350826427,0.785345722169132,2018,0.313075173770657,-0.527087970588336,0.031002086511722,-1.47222575003591,-1.0745762362124,0.595766175381798,-1.46928825264639,1.34568573259446,0.0508928878646739,0.00925616223902126,0.120839564526632,-0.00666924379142242,-0.00284253399156054,0.189579546787334,-0.16604525561789,0.00397819006400835,114
13047,982264.275959062,1372215.3368451,0.415951561802529,0.0184150719325788,1.35457772712275,0.257009226495607,-1.48489957517877,-0.536809257993188,-1.07791734320344,-1.62622227480779,0.884548375356738,2019,0.313075173770657,-0.527087970588336,0.031002086511722,-1.47222575003591,-1.0745762362124,0.595766175381798,-1.46928825264639,1.34568573259446,0.102876388031872,-0.0097212874048519,0.226007139983885,-0.012673825142862,-0.00334110699103829,0.28878219997494,-0.156934022161407,0.00889199452828748,115
13049,1318743.05676385,952521.056409784,-0.708982876011061,-0.370311412562727,-1.2507448401743,-0.785277219674932,-0.170620391277725,1.11504829708776,0.932454613759106,-0.560847938590122,-0.366534417408391,2015,-0.833487285134439,1.06935578033272,-0.519988185539795,-0.138972933454537,0.932454613759106,-0.263734535194446,0.144743259021252,-1.25781019987641,0.124504409123378,0.0456925167550382,-0.265289034135137,-0.0316474578231879,0,-0.102799882213945,-0.705591197611375,0.00706535970210997,116
13049,1318743.05676385,952521.056409784,-0.868125256528213,-0.37148695279958,-1.26086142490664,-0.782192946663139,-0.106998333969786,0.992631999228872,0.932454613759106,-0.0730731337243976,-0.167919969810717,2016,-0.833487285134439,1.06935578033272,-0.519988185539795,-0.138972933454537,0.932454613759106,-0.263734535194446,0.144743259021252,-1.25781019987641,-0.0346379713937739,-0.0767237811038466,-0.262204761123344,0.0319745994847513,0,0.0958145653837286,-0.21781639274565,-0.00305122503023503,117
13049,1318743.05676385,952521.056409784,-0.934423411575825,-0.371523234905656,-1.26117567202366,-0.438693652917612,-0.154237996178384,1.0867082918347,0.932454613759106,0.289265806900531,-0.026679930908335,2017,-0.833487285134439,1.06935578033272,-0.519988185539795,-0.138972933454537,0.932454613759106,-0.263734535194446,0.144743259021252,-1.25781019987641,-0.100936126441386,0.0173525115019808,0.0812945326221825,-0.0152650627238464,0,0.237054604286111,0.144522547879279,-0.00336547214725424,118
13049,1318743.05676385,952521.056409784,-0.711343916909344,-0.371378106481353,-1.25991941001728,-0.300975790160505,-0.141591008192175,1.12558330282672,0.932454613759106,0.475371775293021,-0.593661785001659,2018,-0.833487285134439,1.06935578033272,-0.519988185539795,-0.138972933454537,0.932454613759106,-0.263734535194446,0.144743259021252,-1.25781019987641,0.122143368225095,0.0562275224940008,0.21901239537929,-0.002618074737638,0,-0.329927249807213,0.330628516271769,-0.00210921014087551,119
13049,1318743.05676385,952521.056409784,-0.944560964647752,-0.37096449047209,-1.25634965226015,-0.292801318282785,-0.121416937654616,1.02680701068555,0.932454613759106,0.592999785227228,-0.163876572843127,2019,-0.833487285134439,1.06935578033272,-0.519988185539795,-0.138972933454537,0.932454613759106,-0.263734535194446,0.144743259021252,-1.25781019987641,-0.111073679513313,-0.0425487696471729,0.22718686725701,0.017555995799921,0,0.099857962351319,0.448256526205976,0.0014605476162548,120
13051,1396668.0669792,1098652.60862175,1.57480160453975,1.56105765806021,1.41420722585542,-0.679008314134769,0.630336252584276,0.481110827914539,-1.067393176628,-0.289820112781313,0.697645836216912,2015,1.60237066218982,0.401730856823805,-0.491215532063657,0.646651003231946,-1.06653495740077,1.18272798759428,-0.587497982566059,1.42947356704101,-0.0275690576500671,0.0793799710907342,-0.187792782071112,-0.0163147506476704,-0.000858219227230839,-0.485082151377372,0.297677869784746,-0.0152663411855873,121
13051,1396668.0669792,1098652.60862175,1.56263129755389,1.58517074575813,1.423845396494,-0.595403570988048,0.651334541352463,0.352661947860797,-1.06597767574226,-0.449713045552673,0.930420016816643,2016,1.60237066218982,0.401730856823805,-0.491215532063657,0.646651003231946,-1.06653495740077,1.18272798759428,-0.587497982566059,1.42947356704101,-0.0397393646359339,-0.0490689089630073,-0.104188038924391,0.00468353812051636,0.000557281658517095,-0.252307970777642,0.137784937013387,-0.00562817054700271,122
13051,1396668.0669792,1098652.60862175,1.60067440207198,1.60616357233355,1.43214454299683,-0.500096153760909,0.648035506797622,0.403907432685849,-1.06537343380983,-0.550135876850176,1.23262908327362,2017,1.60237066218982,0.401730856823805,-0.491215532063657,0.646651003231946,-1.06653495740077,1.18272798759428,-0.587497982566059,1.42947356704101,-0.00169626011784318,0.00217657586204428,-0.00888062169725179,0.00138450356567599,0.00116152359093791,0.0499010956793313,0.0373621057158833,0.002670975955819,123
13051,1396668.0669792,1098652.60862175,1.60240848985445,1.61736023026852,1.43653662381918,-0.399314839624696,0.648643185947953,0.379282469690102,-1.06630751212237,-0.773125700361038,1.45836217605047,2018,1.60237066218982,0.401730856823805,-0.491215532063657,0.646651003231946,-1.06653495740077,1.18272798759428,-0.587497982566059,1.42947356704101,3.78276646246789e-05,-0.0224483871337028,0.0919006924389617,0.00199218271600687,0.000227445278401239,0.275634188456189,-0.185627717794979,0.00706305677817687,124
13051,1396668.0669792,1098652.60862175,1.67133751692904,1.62786027176683,1.4406340460396,-0.282254781809864,0.654905529477418,0.391691605967736,-1.0676229887014,-0.874695177285096,1.59458282561378,2019,1.60237066218982,0.401730856823805,-0.491215532063657,0.646651003231946,-1.06653495740077,1.18272798759428,-0.587497982566059,1.42947356704101,0.0689668547392193,-0.0100392508560684,0.208960750253793,0.00825452624547129,-0.0010880313006254,0.411854838019493,-0.287197194719036,0.0111604789985942,125
13053,1047492.29814063,1092318.91108505,0.337342947400148,-0.379135220760343,-0.404058696714579,-3.01149661473071,-0.714172526239013,0.49794311696007,-1.04461032890145,-1.39287046999919,-1.09908640595046,2015,0.808450124555307,0.372789113064289,-2.94831492771591,-0.52523450454247,-1.04858224100234,-0.639658911195041,-0.813819749285102,-0.452248433928594,-0.471107177155159,0.125154003895781,-0.0631816870148021,-0.188938021696543,0.0039719121008861,-0.459427494755419,-0.579050720714089,0.0481897372140143,126
13053,1047492.29814063,1092318.91108505,0.679965154226803,-0.379367426239228,-0.406250324699778,-2.88096308439525,-0.562898306754636,0.642308473214159,-1.05402929606105,-0.984551057211091,-1.01222308488809,2016,0.808450124555307,0.372789113064289,-2.94831492771591,-0.52523450454247,-1.04858224100234,-0.639658911195041,-0.813819749285102,-0.452248433928594,-0.128484970328504,0.269519360149871,0.0673518433206617,-0.0376638022121666,-0.00544705505870957,-0.372564173693046,-0.170731307925989,0.0459981092288153,127
13053,1047492.29814063,1092318.91108505,1.02531997250146,-0.385070973314332,-0.462020287242674,-2.92054063484992,-0.541849422658675,0.421349213859835,-1.04585521467408,-0.878847620706853,-0.0194297018630005,2017,0.808450124555307,0.372789113064289,-2.94831492771591,-0.52523450454247,-1.04858224100234,-0.639658911195041,-0.813819749285102,-0.452248433928594,0.216869847946148,0.0485601007955465,0.0277742928659941,-0.016614918116205,0.00272702632825461,0.62022920933204,-0.0650278714217511,-0.00977185331407981,128
13053,1047492.29814063,1092318.91108505,1.05398257091933,-0.387458335894114,-0.486547007961928,-2.8940946182684,-0.41722649692383,0.326665154456501,-1.0483184000273,-0.626358766771076,-0.568285983342988,2018,0.808450124555307,0.372789113064289,-2.94831492771591,-0.52523450454247,-1.04858224100234,-0.639658911195041,-0.813819749285102,-0.452248433928594,0.24553244636402,-0.0461239586077877,0.0542203094475111,0.10800800761864,0.000263840975041507,0.0713729278520528,0.187460982514026,-0.034298574033334,129
13053,1047492.29814063,1092318.91108505,0.945639977728803,-0.388960415085649,-0.50236585302401,-3.03447968633527,-0.390025770136196,-0.0243203931691222,-1.05009796534781,-0.1864708317373,-0.499269379930669,2019,0.808450124555307,0.372789113064289,-2.94831492771591,-0.52523450454247,-1.04858224100234,-0.639658911195041,-0.813819749285102,-0.452248433928594,0.137189853173496,-0.397109506233411,-0.0861647586193639,0.135208734406274,-0.00151572434547265,0.140389531264372,0.627348917547802,-0.0501174190954159,130
13055,968980.116430411,1322451.97637647,-0.945723798089933,-0.282428895226109,0.0269436034497851,-0.116222381886479,-1.00239350453281,-0.358359127485473,0.932454613759106,0.372478384758821,-1.0676455088404,2015,-0.878788808580062,-0.391784436841963,0.0961755549127447,-1.01745297439562,0.932454613759106,-0.899719049951925,0.0682262139825834,0.0177772605527676,-0.0669349895098711,0.0334253093564895,-0.212397936799224,0.015059469862815,0,-0.167926458888479,0.304252170776237,0.00916634289701753,131
13055,968980.116430411,1322451.97637647,-0.95138547152594,-0.283843897363062,0.02062382842537,0.00797286769116042,-1.00263857219371,-0.353829915201943,0.932454613759106,0.19082582894236,-0.883113236888476,2016,-0.878788808580062,-0.391784436841963,0.0961755549127447,-1.01745297439562,0.932454613759106,-0.899719049951925,0.0682262139825834,0.0177772605527676,-0.0725966629458771,0.03795452164002,-0.0882026872215843,0.0148144022019108,0,0.0166058130634489,0.122599614959776,0.00284656787260238,132
13055,968980.116430411,1322451.97637647,-0.768319531685899,-0.285048463284776,0.0152050240406572,0.121997971356828,-1.0259991061248,-0.403243770173304,0.932454613759106,0.200333338707873,-0.862617397087242,2017,-0.878788808580062,-0.391784436841963,0.0961755549127447,-1.01745297439562,0.932454613759106,-0.899719049951925,0.0682262139825834,0.0177772605527676,0.110469276894163,-0.011459333331341,0.025822416444083,-0.00854613172918106,0,0.037101652864683,0.13210712472529,-0.00257223651211035,133
13055,968980.116430411,1322451.97637647,-0.809270249589446,-0.28550561782133,0.0131390199997851,0.188686887070767,-1.03803068400197,-0.437439742351193,0.932454613759106,-0.175264251931127,-0.870704191022423,2018,-0.878788808580062,-0.391784436841963,0.0961755549127447,-1.01745297439562,0.932454613759106,-0.899719049951925,0.0682262139825834,0.0177772605527676,0.0695185589906162,-0.0456553055092299,0.0925113321580225,-0.0205777096063493,0,0.0290148589295022,-0.24349046591371,-0.00463824055298249,134
13055,968980.116430411,1322451.97637647,-0.919244992009094,-0.285541899927406,0.0129748268482405,0.278442430331447,-1.01820300512482,-0.406049628997901,0.932454613759106,-0.24724223056501,-0.81451491592108,2019,-0.878788808580062,-0.391784436841963,0.0961755549127447,-1.01745297439562,0.932454613759106,-0.899719049951925,0.0682262139825834,0.0177772605527676,-0.0404561834290313,-0.0142651921559385,0.182266875418703,-0.000750030729194995,0,0.0852041340308448,-0.315468444547593,-0.00480243370452708,135
13057,1050772.95029855,1306025.57036865,2.10908230865113,1.17395661191709,1.54732720135063,-1.1503918934968,-1.23724835940811,1.01565358319203,-1.06806744312436,-1.48700132318649,1.79821666255053,2015,2.25870807259184,0.96131070576369,-0.886482076924429,-1.23164265450407,-1.06864258414974,2.31048717284791,-1.72812255632668,1.58368519391911,-0.149625763940713,0.0543428774283383,-0.263909816572368,-0.00560570490403545,0.000575141025373815,-0.512270510297377,0.241121233140182,-0.03635799256848,136
13057,1050772.95029855,1306025.57036865,2.15363557547532,1.20795294531005,1.56405100926635,-0.996240786747604,-1.24428021640923,0.968601066530118,-1.06753478007456,-1.60581149318449,2.03733479356493,2016,2.25870807259184,0.96131070576369,-0.886482076924429,-1.23164265450407,-1.06864258414974,2.31048717284791,-1.72812255632668,1.58368519391911,-0.105072497116518,0.00729036076642775,-0.109758709823175,-0.0126375619051555,0.0011078040751713,-0.273152379282978,0.122311063142183,-0.0196341846527546,137
13057,1050772.95029855,1306025.57036865,2.19712470511046,1.24617251585021,1.58245141532892,-0.887427107112973,-1.2358917828881,0.916117769058696,-1.06965219949776,-1.68906152168854,2.21364084410003,2017,2.25870807259184,0.96131070576369,-0.886482076924429,-1.23164265450407,-1.06864258414974,2.31048717284791,-1.72812255632668,1.58368519391911,-0.0615833674813793,-0.0451929367049934,-0.00094503018854386,-0.00424912838403113,-0.00100961534802924,-0.0968463287478727,0.039061034638137,-0.00123377859018747,138
13057,1050772.95029855,1306025.57036865,2.34187512805798,1.2898126330381,1.60296564994634,-0.767402322088805,-1.22515505912008,0.949212827545126,-1.06833755412417,-1.88444982592953,2.57043576961948,2018,2.25870807259184,0.96131070576369,-0.886482076924429,-1.23164265450407,-1.06864258414974,2.31048717284791,-1.72812255632668,1.58368519391911,0.0831670554661401,-0.0120978782185635,0.119079754835624,0.00648759538399113,0.000305030025565145,0.259948596771571,-0.156327269602854,0.0192804560272282,139
13057,1050772.95029855,1306025.57036865,2.49182264566431,1.33048487394898,1.6216306937033,-0.630948275175967,-1.21563785469484,0.956968282492481,-1.06962094392782,-1.97428861764432,2.93280779440456,2019,2.25870807259184,0.96131070576369,-0.886482076924429,-1.23164265450407,-1.06864258414974,2.31048717284791,-1.72812255632668,1.58368519391911,0.23311457307247,-0.00434242327120904,0.255533801748463,0.0160047998092308,-0.000978359778081472,0.622320621556656,-0.246166061317647,0.0379454997841939,140
13059,1155655.10476331,1286442.86119475,1.75734894269561,0.411749383899501,2.07912567743126,-1.61365982139289,-0.102153755723569,1.23009170288403,-1.07273612452091,2.25440186861162,0.47135503351349,2015,1.9617288183558,1.23651137129642,-1.45679686030527,-0.0585230760675626,-1.0701817328089,0.872013844757208,1.78307875170025,2.09603994717153,-0.204379875660193,-0.0064196684123885,-0.156862961087615,-0.0436306796560066,-0.00255439171200811,-0.400658811243717,0.471323116911373,-0.0169142697402713,141
13059,1155655.10476331,1286442.86119475,1.84183027636645,0.419963652715045,2.08671962378787,-1.53260669526458,-0.0632711421753236,1.23878988109575,-1.06989952342066,2.04676619102398,0.698482401106759,2016,1.9617288183558,1.23651137129642,-1.45679686030527,-0.0585230760675626,-1.0701817328089,0.872013844757208,1.78307875170025,2.09603994717153,-0.119898541989355,0.00227850979933741,-0.0758098349593048,-0.004748066107761,0.000282209388237309,-0.173531443650449,0.26368743932373,-0.00932032338365429,142
13059,1155655.10476331,1286442.86119475,1.93929853405948,0.43097164369842,2.09678660398583,-1.46354378767288,-0.0573451892314262,1.30238003381777,-1.0668726783236,1.88822088582239,0.792595951214466,2017,1.9617288183558,1.23651137129642,-1.45679686030527,-0.0585230760675626,-1.0701817328089,0.872013844757208,1.78307875170025,2.09603994717153,-0.0224302842963253,0.0658686625213551,-0.00674692736760241,0.00117788683613635,0.00330905448530516,-0.0794178935427413,0.105142134122142,0.000746656814299751,143
13059,1155655.10476331,1286442.86119475,2.06393390961652,0.438576373131892,2.10366931669178,-1.37265077798635,-0.0445464404454629,1.18127335172252,-1.07102686708608,1.48533097681149,1.12345736514867,2018,1.9617288183558,1.23651137129642,-1.45679686030527,-0.0585230760675626,-1.0701817328089,0.872013844757208,1.78307875170025,2.09603994717153,0.102205091260719,-0.0552380195738909,0.0841460823189213,0.0139766356220997,-0.000845134277178694,0.251443520391467,-0.297747774888759,0.00762936952025672,144
13059,1155655.10476331,1286442.86119475,2.20623242904095,0.44999798012453,2.1138985139609,-1.30152321920967,-0.0252988527620311,1.230021886962,-1.07037347069326,1.24067383623176,1.27417847280265,2019,1.9617288183558,1.23651137129642,-1.45679686030527,-0.0585230760675626,-1.0701817328089,0.872013844757208,1.78307875170025,2.09603994717153,0.244503610685154,-0.00648948433441321,0.155273641095602,0.0332242233055315,-0.000191737884355669,0.40216462804544,-0.542404915468487,0.0178585667893691,145
13061,1038841.66258289,1010450.96265897,-1.27864155468669,-0.443064291665769,-1.38182438311641,0.828323278952123,1.85945797905161,-0.667520381693983,0.932454613759106,3.0604608841874,-1.40282917470548,2015,-1.22838037433816,-0.651654208371091,1.55578058738671,2.00317246356349,0.932454613759106,-1.54511491972017,2.8598750247969,-1.40171878757946,-0.0502611803485298,-0.0158661733228918,-0.72745730843459,-0.143714484511879,0,0.14228574501469,0.200585859390504,0.0198944044630414,146
13061,1038841.66258289,1010450.96265897,-1.33069788290679,-0.443325522829514,-1.39133047627617,1.82382001362242,1.93171119463497,-0.454717086648378,0.932454613759106,2.71537933876793,-1.51757799209607,2016,-1.22838037433816,-0.651654208371091,1.55578058738671,2.00317246356349,0.932454613759106,-1.54511491972017,2.8598750247969,-1.40171878757946,-0.102317508568631,0.196937121722713,0.26803942623571,-0.071461268928513,0,0.0275369276241071,-0.144495686028967,0.0103883113032801,147
13061,1038841.66258289,1010450.96265897,-1.2231635465911,-0.44364480536298,-1.4031016804114,1.30756868456193,2.04346208853008,-0.989196745851949,0.932454613759106,2.95248126787495,-1.32293722772516,2017,-1.22838037433816,-0.651654208371091,1.55578058738671,2.00317246356349,0.932454613759106,-1.54511491972017,2.8598750247969,-1.40171878757946,0.00521682774706078,-0.337542537480858,-0.248211902824785,0.0402896249665905,0,0.222177691995011,0.0926062430780505,-0.00138289283194704,148
13061,1038841.66258289,1010450.96265897,-1.2316189027404,-0.443811703050928,-1.40932315672348,1.54220988023722,2.24582881739017,-0.654149192507242,0.932454613759106,2.90382200243486,-1.56972387022982,2018,-1.22838037433816,-0.651654208371091,1.55578058738671,2.00317246356349,0.932454613759106,-1.54511491972017,2.8598750247969,-1.40171878757946,-0.00323852840224181,-0.00249498413615157,-0.013570707149495,0.242656353826683,0,-0.024608950509645,0.0439469776379613,-0.00760436914402685,149
13061,1038841.66258289,1010450.96265897,-1.07777998476582,-0.444174524111686,-1.4230142413698,2.27698107955987,1.93540223821061,-0.492687635153903,0.932454613759106,2.66723163071935,-1.91250633384434,2019,-1.22838037433816,-0.651654208371091,1.55578058738671,2.00317246356349,0.932454613759106,-1.54511491972017,2.8598750247969,-1.40171878757946,0.150600389572343,0.158966573217188,0.72120049217316,-0.0677702253528807,0,-0.367391414124163,-0.192643394077549,-0.021295453790348,150
13063,1071115.90302411,1229481.08721357,0.180321719583797,1.47357424389042,2.58198569209855,-1.94931760663042,2.18721187938573,2.35166895048141,-1.06470031370059,0.581851972100508,0.0225379701109551,2015,0.243149859867763,2.1365932277054,-1.80566486096118,2.27872141107694,-1.0646480787474,0.234216772738395,0.12795836235879,2.6044688092373,-0.0628281402839661,0.215075722776008,-0.143652745669243,-0.0915095316912042,-5.22349531859589e-05,-0.21167880262744,0.453893609741717,-0.0224831171387581,151
13063,1071115.90302411,1229481.08721357,0.234824891344824,1.49559748227839,2.59118813170455,-1.86577720219074,2.25962336926687,2.18008985300996,-1.0676915293696,0.463244501373945,0.156527779968003,2016,0.243149859867763,2.1365932277054,-1.80566486096118,2.27872141107694,-1.0646480787474,0.234216772738395,0.12795836235879,2.6044688092373,-0.00832496852293868,0.0434966253045568,-0.0601123412295554,-0.019098041810067,-0.00304345062220013,-0.0776889927703923,0.335286139015155,-0.0132806775327534,152
13063,1071115.90302411,1229481.08721357,0.241426970246225,1.52375965301436,2.60280631659815,-1.80979757002637,2.29660171951408,2.10971107337514,-1.06506352751574,0.112235328641649,0.198007455756215,2017,0.243149859867763,2.1365932277054,-1.80566486096118,2.27872141107694,-1.0646480787474,0.234216772738395,0.12795836235879,2.6044688092373,-0.0017228896215386,-0.0268821543302602,-0.00413270906518792,0.0178803084371486,-0.000415448768332993,-0.0362093169821803,-0.0157230337171407,-0.00166249263915175,153
13063,1071115.90302411,1229481.08721357,0.284503589173401,1.55652965122196,2.61612016316066,-1.7348987252178,2.32147634060904,2.0194989287623,-1.06250207716838,-0.152697278850185,0.297767818870385,2018,0.243149859867763,2.1365932277054,-1.80566486096118,2.27872141107694,-1.0646480787474,0.234216772738395,0.12795836235879,2.6044688092373,0.0413537293056379,-0.1170942989431,0.0707661357433791,0.0427549295321064,0.00214600157902844,0.0635510461319899,-0.280655641208976,0.0116513539233525,154
13063,1071115.90302411,1229481.08721357,0.274672128990569,1.59188293538214,2.63024374262461,-1.66853320074057,2.32869374660895,2.0219973328982,-1.06328294598271,-0.364842711471967,0.496242838986418,2019,0.243149859867763,2.1365932277054,-1.80566486096118,2.27872141107694,-1.0646480787474,0.234216772738395,0.12795836235879,2.6044688092373,0.0315222691228055,-0.114595894807205,0.137131660220607,0.0499723355320163,0.00136513276469041,0.262026066248023,-0.492801073830757,0.0257749333873112,155
13065,1262974.2324823,959478.484777048,-0.2487572470376,-0.41630986664553,-1.83022324260413,-0.335389639475349,-0.0975951823900755,-0.627050395707994,0.932454613759106,2.02174867426892,-0.92354720656438,2015,-0.47403274294309,-0.431401955638398,-0.228499026921916,-0.0562670332941566,0.932454613759106,-1.34643075838168,2.43006840108989,-1.83343978573902,0.22527549590549,-0.195648440069597,-0.106890612553433,-0.0413281490959189,0,0.4228835518173,-0.408319726820971,0.00321654313489339,156
13065,1262974.2324823,959478.484777048,-0.215869886354205,-0.416142968957581,-1.8274680608029,-0.233322900525763,-0.0885201584708797,-0.400808076175321,0.932454613759106,2.06173577041619,-1.23809560514659,2016,-0.47403274294309,-0.431401955638398,-0.228499026921916,-0.0562670332941566,0.932454613759106,-1.34643075838168,2.43006840108989,-1.83343978573902,0.258162856588885,0.0305938794630768,-0.00482387360384715,-0.0322531251767232,0,0.108335153235095,-0.368332630673701,0.00597172493612064,157
13065,1262974.2324823,959478.484777048,-0.446463921606911,-0.416331635909175,-1.83058330190259,-0.212796870259997,-0.0567103390896798,-0.408378076154442,0.932454613759106,2.67085041257403,-1.5143014462775,2017,-0.47403274294309,-0.431401955638398,-0.228499026921916,-0.0562670332941566,0.932454613759106,-1.34643075838168,2.43006840108989,-1.83343978573902,0.027568821336179,0.0230238794839559,0.0157021566619189,-0.000443305795523277,0,-0.167870687895822,0.24078201148414,0.00285648383643222,158
13065,1262974.2324823,959478.484777048,-0.556228836873687,-0.416658174863857,-1.83600337044129,-0.223772249067923,-0.0421103240359195,-0.387130272427011,0.932454613759106,2.62761930734669,-1.48997135073114,2018,-0.47403274294309,-0.431401955638398,-0.228499026921916,-0.0562670332941566,0.932454613759106,-1.34643075838168,2.43006840108989,-1.83343978573902,-0.0821960939305962,0.0442716832113864,0.00472677785399281,0.0141567092582371,0,-0.14354059234946,0.197550906256795,-0.00256358470227291,159
13065,1262974.2324823,959478.484777048,-0.902843822843049,-0.41707179087312,-1.84292095294419,-0.137213475280547,0.00360083751577172,-0.33364295772722,0.932454613759106,2.76838784084363,-1.56623818318879,2019,-0.47403274294309,-0.431401955638398,-0.228499026921916,-0.0562670332941566,0.932454613759106,-1.34643075838168,2.43006840108989,-1.83343978573902,-0.428811079899958,0.0977589979111778,0.0912855516413687,0.0598678708099283,0,-0.219807424807113,0.338319439753737,-0.00948116720517334,160
13067,1045712.17507121,1271355.64070228,3.28604552737688,4.75274373459313,2.67964426908904,-1.41247930684495,-0.104578755612381,2.50034015439872,-1.07068398861399,-1.25875462912663,2.24396632135696,2015,3.42864915268885,2.52177233749488,-1.20397990416848,-0.0734752564852016,-1.06963058936364,2.70106537716897,-1.49158062989126,2.69907096007533,-0.142603625311974,-0.0214321830961648,-0.208499402676476,-0.031103499127179,-0.00105339925035497,-0.457099055812014,0.23282600076463,-0.019426690986291,161
13067,1045712.17507121,1271355.64070228,3.35822179778173,4.8199019129393,2.69006451637798,-1.30112242400878,-0.0920159942716042,2.52032473381271,-1.0687674655064,-1.370748849321,2.42292149404325,2016,3.42864915268885,2.52177233749488,-1.20397990416848,-0.0734752564852016,-1.06963058936364,2.70106537716897,-1.49158062989126,2.69907096007533,-0.0704273549071237,-0.00144760368217467,-0.0971425198403069,-0.0185407377864026,0.000863123857233195,-0.278143883125728,0.120831780570268,-0.0090064436973516,162
13067,1045712.17507121,1271355.64070228,3.40896190132079,4.8974295172019,2.70193028398963,-1.19973469902294,-0.0694429380243324,2.55245659477379,-1.06956100910968,-1.4830048691656,2.65060657156308,2017,3.42864915268885,2.52177233749488,-1.20397990416848,-0.0734752564852016,-1.06963058936364,2.70106537716897,-1.49158062989126,2.69907096007533,-0.0196872513680613,0.030684257278903,0.00424520514553528,0.00403231846086918,6.95802539529833e-05,-0.0504588056058952,0.00857576072566402,0.00285932391429489,163
13067,1045712.17507121,1271355.64070228,3.50722758241911,4.94085919817454,2.70850255426945,-1.10359080347734,-0.0563439051697372,2.51485600593269,-1.06942775875176,-1.60689646218439,2.98118913053401,2018,3.42864915268885,2.52177233749488,-1.20397990416848,-0.0734752564852016,-1.06963058936364,2.70106537716897,-1.49158062989126,2.69907096007533,0.0785784297302623,-0.00691633156219584,0.100389100691141,0.0171313513154644,0.000202830611871319,0.280123753365031,-0.115315832293131,0.00943159419412032,164
13067,1045712.17507121,1271355.64070228,3.58278895454575,4.98556600928105,2.71521317665056,-1.00297228748837,-0.0449946893479536,2.52088419855651,-1.06971272483634,-1.73849833965869,3.20664336834758,2019,3.42864915268885,2.52177233749488,-1.20397990416848,-0.0734752564852016,-1.06963058936364,2.70106537716897,-1.49158062989126,2.69907096007533,0.154139801856896,-0.000888138938368588,0.201007616680107,0.028480567137248,-8.2135472702749e-05,0.505577991178606,-0.246917709767431,0.0161422165752265,165
13069,1239718.5777449,1027494.07518466,-0.420225521158219,-0.153540341602707,-0.0713197640311403,-0.959858271813997,-0.00610834571637479,0.170115149994337,0.932454613759106,0.634562950027393,-0.862826538309703,2015,-0.427272562713301,0.33471708635296,-0.754294547890334,-0.009227421696879,0.932454613759106,-0.64940489216175,0.307733441682261,-0.0710926213509579,0.00704704155508135,-0.164601936358623,-0.205563723923663,0.00311907598050421,0,-0.213421646147953,0.326829508345132,-0.000227142680182355,166
13069,1239718.5777449,1027494.07518466,-0.48272112542775,-0.153257341175316,-0.0705810785630963,-0.83367658449362,-0.0132454848338933,0.282443115632024,0.932454613759106,0.494310285542268,-0.777915201990305,2016,-0.427272562713301,0.33471708635296,-0.754294547890334,-0.009227421696879,0.932454613759106,-0.64940489216175,0.307733441682261,-0.0710926213509579,-0.0554485627144491,-0.0522739707209362,-0.079382036603286,-0.00401806313701427,0,-0.128510309828554,0.186576843860007,0.000511542787861641,167
13069,1239718.5777449,1027494.07518466,-0.350756956909682,-0.153213802648026,-0.0704674940552054,-0.741908241408414,-0.0184886112639074,0.42483159720803,0.932454613759106,0.402501689288375,-0.711896289433268,2017,-0.427272562713301,0.33471708635296,-0.754294547890334,-0.009227421696879,0.932454613759106,-0.64940489216175,0.307733441682261,-0.0710926213509579,0.0765156058036188,0.0901145108550697,0.01238630648192,-0.00926118956702841,0,-0.062491397271518,0.094768247606114,0.000625127295752509,168
13069,1239718.5777449,1027494.07518466,-0.43893122971172,-0.153845111293743,-0.0721160210378648,-0.65540115488674,-0.0165842952468827,0.341264553647314,0.932454613759106,0.172506976183445,-0.628030659226178,2018,-0.427272562713301,0.33471708635296,-0.754294547890334,-0.009227421696879,0.932454613759106,-0.64940489216175,0.307733441682261,-0.0710926213509579,-0.0116586669984191,0.00654746729435385,0.0988933930035937,-0.00735687355000367,0,0.0213742329355727,-0.135226465498816,-0.00102339968690691,169
13069,1239718.5777449,1027494.07518466,-0.443727980359132,-0.153409726020834,-0.0709787490674828,-0.580628486848899,0.00828962857666314,0.454931015283096,0.932454613759106,-0.165214692630176,-0.266355771849297,2019,-0.427272562713301,0.33471708635296,-0.754294547890334,-0.009227421696879,0.932454613759106,-0.64940489216175,0.307733441682261,-0.0710926213509579,-0.0164554176458319,0.120213928930136,0.173666061041435,0.0175170502735421,0,0.383049120312453,-0.472948134312437,0.000113872283475105,170
13071,1158670.33528513,976088.42141045,-0.498658711220179,-0.131618693111755,0.0487217902216682,-0.588257478024153,-0.298883742993132,1.41320607916336,0.932454613759106,0.826830471099481,-0.869519057428474,2015,-0.577567388125169,1.3501598743038,-0.417897734755724,-0.311164093297746,0.932454613759106,-0.564744525309306,0.633190900073855,0.044765409323931,0.0789086769049899,0.063046204859559,-0.17035974326843,0.0122803503046141,0,-0.304774532119168,0.193639571025626,0.00395638089773716,171
13071,1158670.33528513,976088.42141045,-0.570982734142831,-0.131778334378488,0.0483321778838405,-0.516800987907041,-0.346099358930036,1.36131715902089,0.932454613759106,0.566424536263248,-0.633956327195922,2016,-0.577567388125169,1.3501598743038,-0.417897734755724,-0.311164093297746,0.932454613759106,-0.564744525309306,0.633190900073855,0.044765409323931,0.00658465398233821,0.0111572847170935,-0.0989032531513178,-0.0349352656322895,0,-0.0692118018866166,-0.066766363810607,0.0035667685599095,172
13071,1158670.33528513,976088.42141045,-0.59848183150018,-0.132591053554584,0.0463458035669134,-0.444864161635321,-0.322064413563337,1.43732406791906,0.932454613759106,0.618557783812308,-0.587736117031914,2017,-0.577567388125169,1.3501598743038,-0.417897734755724,-0.311164093297746,0.932454613759106,-0.564744525309306,0.633190900073855,0.044765409323931,-0.0209144433750109,0.0871641936152618,-0.0269664268795969,-0.0109003202655908,0,-0.0229915917226089,-0.0146331162615471,0.00158039424298236,173
13071,1158670.33528513,976088.42141045,-0.611293554753127,-0.134651877179685,0.041287112194238,-0.334474115731623,-0.304301620335066,1.33328794468896,0.932454613759106,0.603790189901147,-0.411918062682552,2018,-0.577567388125169,1.3501598743038,-0.417897734755724,-0.311164093297746,0.932454613759106,-0.564744525309306,0.633190900073855,0.044765409323931,-0.0337261666279579,-0.0168719296148441,0.0834236190241005,0.00686247296267983,0,0.152826462626753,-0.0294007101727076,-0.00347829712969299,174
13071,1158670.33528513,976088.42141045,-0.608420109009528,-0.135522647725503,0.039140162752995,-0.20509193048048,-0.28447133066716,1.20566412072673,0.932454613759106,0.55035151929309,-0.320593062207665,2019,-0.577567388125169,1.3501598743038,-0.417897734755724,-0.311164093297746,0.932454613759106,-0.564744525309306,0.633190900073855,0.044765409323931,-0.0308527208843594,-0.14449575357707,0.212805804275244,0.0266927626305864,0,0.24415146310164,-0.0828393807807645,-0.00562524657093602,175
13073,1262458.93972816,1255436.76090136,2.1189503259612,0.522765372070002,1.41616022730489,-1.1377677647131,-0.667930459914055,0.437302732496807,-1.06647433281404,-1.71790772463895,1.66115944809738,2015,2.11350947617356,0.537093885810607,-0.917081568467269,-0.667311897160864,-1.06361179896673,2.01055077434168,-1.79329941213552,1.45853220593759,0.00544084978764303,-0.0997911533138004,-0.220686196245831,-0.000618562753190277,-0.00286253384730606,-0.349391326244304,0.0753916874965772,-0.0423719786326995,176
13073,1262458.93972816,1255436.76090136,2.12242593777099,0.549614130566037,1.43800106490234,-1.04920517726288,-0.667302693675538,0.533141346332511,-1.06227822947272,-1.68177587188088,1.8188519298334,2016,2.11350947617356,0.537093885810607,-0.917081568467269,-0.667311897160864,-1.06361179896673,2.01055077434168,-1.79329941213552,1.45853220593759,0.00891646159742443,-0.00395253947809615,-0.132123608795608,9.20348532618132e-06,0.00133356949400776,-0.191698844508278,0.111523540254645,-0.020531141035254,177
13073,1262458.93972816,1255436.76090136,2.02156790220652,0.577326403186675,1.4599467373523,-0.906277595462168,-0.673307193612619,0.541051011372213,-1.06299690298098,-1.81401232831307,1.98044838105538,2017,2.11350947617356,0.537093885810607,-0.917081568467269,-0.667311897160864,-1.06361179896673,2.01055077434168,-1.79329941213552,1.45853220593759,-0.0919415739670377,0.00395712556160577,0.0108039730051015,-0.0059952964517549,0.000614895985750818,-0.0301023932863025,-0.0207129161775477,0.0014145314147036,178
13073,1262458.93972816,1255436.76090136,2.10507706319047,0.603246339767172,1.47995152597978,-0.804110487626521,-0.66369010152021,0.621878987638102,-1.06285578781492,-1.77631455703015,2.15285046210454,2018,2.11350947617356,0.537093885810607,-0.917081568467269,-0.667311897160864,-1.06361179896673,2.01055077434168,-1.79329941213552,1.45853220593759,-0.00843241298308772,0.0847851018274949,0.112971080840748,0.00362179564065457,0.000756011151804348,0.142299687762854,0.0169848551053737,0.0214193200421893,179
13073,1262458.93972816,1255436.76090136,2.19952615173862,0.627990736110816,1.49860147414865,-0.68804681727168,-0.6643290370819,0.552095351213403,-1.06345374175099,-1.97648657881457,2.43944365061771,2019,2.11350947617356,0.537093885810607,-0.917081568467269,-0.667311897160864,-1.06361179896673,2.01055077434168,-1.79329941213552,1.45853220593759,0.0860166755650571,0.0150014654027957,0.22903475119559,0.00298286007896453,0.000158057215743579,0.428892876276029,-0.183187166679049,0.040069268211061,180
13075,1191050.13239119,976471.912243322,-0.412774183194728,-0.341989600560017,-0.0523244051957166,-0.421072860254274,-0.03725634623195,-0.345810151083974,0.932454613759106,0.587306239907962,-0.771013541649073,2015,-0.343168509637484,-0.44424838581521,-0.23754997247505,-0.0496582217908425,0.932454613759106,-0.714866094792223,0.525543774525093,-0.0473502259561759,-0.0696056735572442,0.0984382347312358,-0.183522887779225,0.0124018755588925,0,-0.0561474468568502,0.0617624653828686,-0.00497417923954074,181
13075,1191050.13239119,976471.912243322,-0.329399883715714,-0.341481651074957,-0.0489824041887535,-0.333252601362148,-0.0197622005179649,-0.460781625703481,0.932454613759106,0.745564312288004,-1.01215337114727,2016,-0.343168509637484,-0.44424838581521,-0.23754997247505,-0.0496582217908425,0.932454613759106,-0.714866094792223,0.525543774525093,-0.0473502259561759,0.0137686259217697,-0.016533239888271,-0.0957026288870985,0.0298960212728776,0,-0.297287276355044,0.22002053776291,-0.00163217823257763,182
13075,1191050.13239119,976471.912243322,-0.302103349873625,-0.340850342429239,-0.0448477874131587,-0.233257952010815,-0.0625614240476461,-0.465126952616651,0.932454613759106,0.445303340938331,-0.804197282279642,2017,-0.343168509637484,-0.44424838581521,-0.23754997247505,-0.0496582217908425,0.932454613759106,-0.714866094792223,0.525543774525093,-0.0473502259561759,0.0410651597638587,-0.0208785668014409,0.00429202046423444,-0.0129032022568037,0,-0.0893311874874199,-0.080240433586762,0.00250243854301721,183
13075,1191050.13239119,976471.912243322,-0.202118643174684,-0.34089388095653,-0.0451322608630869,-0.144567839944125,-0.0494439769501153,-0.466248019762741,0.932454613759106,0.425570325496285,-0.562081460409962,2018,-0.343168509637484,-0.44424838581521,-0.23754997247505,-0.0496582217908425,0.932454613759106,-0.714866094792223,0.525543774525093,-0.0473502259561759,0.1410498664628,-0.0219996339475306,0.0929821325309249,0.000214244840727192,0,0.152784634382261,-0.0999734490288079,0.00221796509308904,184
13075,1191050.13239119,976471.912243322,-0.469446488228668,-0.340944675905036,-0.0454642721201638,-0.0555986088038858,-0.0792671612065361,-0.483275179909203,0.932454613759106,0.423974653994885,-0.42488481847517,2019,-0.343168509637484,-0.44424838581521,-0.23754997247505,-0.0496582217908425,0.932454613759106,-0.714866094792223,0.525543774525093,-0.0473502259561759,-0.126277978591184,-0.0390267940939931,0.181951363671164,-0.0296089394156936,0,0.289981276317053,-0.101569120530209,0.00188595383601212,185
13077,1036454.74355599,1204097.00744884,1.292773820851,0.502534469722178,1.0969091898453,-0.985983101112433,-0.594949882006161,0.250485986560884,-1.06816497125629,-1.14629969197739,1.36738574427969,2015,1.39193276522016,0.281724935550801,-0.787751705746627,-0.605270153168388,-1.06938846121417,1.77837613191301,-1.36154483547378,1.12516093606365,-0.0991589443691547,-0.0312389489899165,-0.198231395365806,0.010320271162227,0.00122348995788735,-0.410990387633319,0.215245143496388,-0.0282517462183509,186
13077,1036454.74355599,1204097.00744884,1.29257800121698,0.518563904186433,1.11029077507078,-0.85846287037584,-0.609804699903397,0.242647011808928,-1.06831208288761,-1.32100528850773,1.51594572596823,2016,1.39193276522016,0.281724935550801,-0.787751705746627,-0.605270153168388,-1.06938846121417,1.77837613191301,-1.36154483547378,1.12516093606365,-0.0993547640031784,-0.0390779237418731,-0.0707111646292132,-0.00453454673500864,0.00107637832656082,-0.262430405944782,0.0405395469660528,-0.0148701609928681,187
13077,1036454.74355599,1204097.00744884,1.3947190024764,0.535906750890629,1.12452552756842,-0.781733425125105,-0.61439501062119,0.358840538887887,-1.06887068373773,-1.37573079402267,1.72006755909072,2017,1.39193276522016,0.281724935550801,-0.787751705746627,-0.605270153168388,-1.06938846121417,1.77837613191301,-1.36154483547378,1.12516093606365,0.00278623725624039,0.0771156033370862,0.00601828062152199,-0.00912485745280156,0.000517777476441772,-0.0583085728222865,-0.014185958548895,-0.000635408495234913,188
13077,1036454.74355599,1204097.00744884,1.46282980143861,0.554055060349706,1.13915984203998,-0.697515461191785,-0.611640829422272,0.322434750951536,-1.0695167476678,-1.45488631976405,1.92460767465814,2018,1.39193276522016,0.281724935550801,-0.787751705746627,-0.605270153168388,-1.06938846121417,1.77837613191301,-1.36154483547378,1.12516093606365,0.0708970362184516,0.0407098154007348,0.090236244554842,-0.00637067625388388,-0.000128286453630055,0.146231542745132,-0.0933414842902696,0.0139989059763312,189
13077,1036454.74355599,1204097.00744884,1.5167632001178,0.573966680164063,1.15491934579377,-0.615063670927972,-0.595560343888921,0.234216389544769,-1.07207782052143,-1.50980208309706,2.36387395556826,2019,1.39193276522016,0.281724935550801,-0.787751705746627,-0.605270153168388,-1.06938846121417,1.77837613191301,-1.36154483547378,1.12516093606365,0.124830434897641,-0.0475085460060314,0.172688034818655,0.00970980927946719,-0.00268935930726011,0.585497823655255,-0.148257247623276,0.0297584097301222,190
13079,1116746.08605076,1142118.25740227,-0.433110006970122,-0.374599957500878,-0.576034134327399,-0.080197950868417,-0.308118461734397,-0.738668046339501,-1.08024448449929,-0.562796474230366,-0.574978502461759,2015,-0.431844412245438,-0.741185109760285,0.210245778834647,-0.300878697665456,-1.06849391352888,-0.458235872083709,-0.332506355162319,-0.58413749297879,-0.00126559472468429,0.00251706342078384,-0.290443729703064,-0.00723976406894072,-0.0117505709704064,-0.11674263037805,-0.230290119068047,0.00810335865139089,191
13079,1116746.08605076,1142118.25740227,-0.333268728116795,-0.375006317088926,-0.579681567048614,0.117000457069833,-0.305000227693469,-0.722617218913257,-1.07141099672021,-0.29095757950152,-0.568007128379706,2016,-0.431844412245438,-0.741185109760285,0.210245778834647,-0.300878697665456,-1.06849391352888,-0.458235872083709,-0.332506355162319,-0.58413749297879,0.0985756841286434,0.0185678908470284,-0.0932453217648149,-0.00412153002801258,-0.00291708319132522,-0.109771256295998,0.0415487756607981,0.00445592593017563,192
13079,1116746.08605076,1142118.25740227,-0.215619289781374,-0.37571744636801,-0.586104124867951,0.200968379241417,-0.287766024906698,-0.591012984889103,-1.06877215870447,-0.438382557580845,-0.40759581075168,2017,-0.431844412245438,-0.741185109760285,0.210245778834647,-0.300878697665456,-1.06849391352888,-0.458235872083709,-0.332506355162319,-0.58413749297879,0.216225122464064,0.150172124871182,-0.00927739959323001,0.0131126727587585,-0.000278245175587388,0.0506400613320288,-0.105876202418526,-0.00196663188916124,193
13079,1116746.08605076,1142118.25740227,-0.571669528361757,-0.376014959637831,-0.588806205207952,0.372089996445421,-0.24051899389999,-0.813117570636681,-1.06540193726412,-0.205304460420957,-0.399299875594037,2018,-0.431844412245438,-0.741185109760285,0.210245778834647,-0.300878697665456,-1.06849391352888,-0.458235872083709,-0.332506355162319,-0.58413749297879,-0.139825116116319,-0.0719324608763958,0.161844217610774,0.0603597037654663,0.00309197626476077,0.0589359964896712,0.127201894741362,-0.00466871222916254,194
13079,1116746.08605076,1142118.25740227,-0.605554507997143,-0.376152831640919,-0.590061433442032,0.441368012284983,-0.362989780092728,-0.840509728022884,-1.05663999045633,-0.165090704077905,-0.341298043231361,2019,-0.431844412245438,-0.741185109760285,0.210245778834647,-0.300878697665456,-1.06849391352888,-0.458235872083709,-0.332506355162319,-0.58413749297879,-0.173710095751705,-0.0993246182625991,0.231122233450336,-0.0621110824272715,0.0118539230725578,0.116937828852347,0.167415651084413,-0.00592394046324285,195
13081,1148247.78235091,1057194.03805048,-0.302985980132442,-0.296412018907693,0.0516774541632451,-0.291284444933779,0.842183879839092,-0.571691403034893,0.932454613759106,1.70172337783107,-0.401461001559474,2015,-0.422470280810776,-0.484664728985168,0.111147021633461,0.874013259910692,0.932454613759106,-0.516879070861934,1.57245768418844,0.0401635758384216,0.119484300678334,-0.0870266740497247,-0.40243146656724,-0.0318293800716002,0,0.11541806930246,0.129265693642631,0.0115138783248235,196
13081,1148247.78235091,1057194.03805048,-0.329402636047945,-0.298247893475124,0.0427862319446924,-0.158253351524565,0.837548109421002,-0.452586420219795,0.932454613759106,1.71850771656143,-0.750866270551941,2016,-0.422470280810776,-0.484664728985168,0.111147021633461,0.874013259910692,0.932454613759106,-0.516879070861934,1.57245768418844,0.0401635758384216,0.0930676447628308,0.032078308765373,-0.269400373158026,-0.0364651504896903,0,-0.233987199690008,0.14605003237299,0.00262265610627088,197
13081,1148247.78235091,1057194.03805048,-0.525768220260286,-0.298654253063172,0.0408050320547434,0.175146612643097,0.842523396182176,-0.429295360463587,0.932454613759106,1.46184848898378,-0.744801175100556,2017,-0.422470280810776,-0.484664728985168,0.111147021633461,0.874013259910692,0.932454613759106,-0.516879070861934,1.57245768418844,0.0401635758384216,-0.10329793944951,0.055369368521581,0.0639995910096364,-0.0314898637285169,0,-0.227922104238622,-0.110609195204665,0.000641456216321855,198
13081,1148247.78235091,1057194.03805048,-0.505867646951301,-0.29980802403638,0.0351534425402256,0.339407136439779,0.870313861730997,-0.417935157578334,0.932454613759106,1.41575902109263,-0.489997452401539,2018,-0.422470280810776,-0.484664728985168,0.111147021633461,0.874013259910692,0.932454613759106,-0.516879070861934,1.57245768418844,0.0401635758384216,-0.0833973661405248,0.0667295714068343,0.228260114806318,-0.00369939817969556,0,0.0268816184603942,-0.156698663095812,-0.00501013329819594,199
13081,1148247.78235091,1057194.03805048,-0.448326920661907,-0.300773128057995,0.0303957184892013,0.490719155542774,0.977497052380195,-0.551815303629232,0.932454613759106,1.5644498164733,-0.197269454696158,2019,-0.422470280810776,-0.484664728985168,0.111147021633461,0.874013259910692,0.932454613759106,-0.516879070861934,1.57245768418844,0.0401635758384216,-0.0258566398511307,-0.0671505746440635,0.379572133909313,0.103483792469503,0,0.319609616165776,-0.00800786771514495,-0.00976785734922031,200
13083,949883.502556857,1363021.40100527,-0.399859625776509,-0.346256376234522,0.156937156024599,0.067616058843314,-1.54441211505287,-0.509067854246124,-1.0840316945877,-0.860695395953426,-0.0721332899233168,2015,-0.412633052644311,-0.552808462751975,0.352726891765864,-1.56708877279534,-1.07747006069031,-0.230759935786338,-0.795628828724728,0.149777940072123,0.0127734268678025,0.0437406085058513,-0.28511083292255,0.0226766577424722,-0.00656163389738684,0.158626645863021,-0.0650665672286981,0.00715921595247584,201
13083,949883.502556857,1363021.40100527,-0.370976489141259,-0.34690219772267,0.152515096892064,0.193382158283427,-1.57603055074579,-0.539565250497916,-1.08273465752112,-0.64939603327494,-0.141010465853995,2016,-0.412633052644311,-0.552808462751975,0.352726891765864,-1.56708877279534,-1.07747006069031,-0.230759935786338,-0.795628828724728,0.149777940072123,0.0416565635030526,0.0132432122540596,-0.159344733482436,-0.00894177795045392,-0.00526459683080582,0.0897494699323429,0.146232795449787,0.00273715681994127,202
13083,949883.502556857,1363021.40100527,-0.461711365652393,-0.347439172892591,0.148819968923601,0.374425109427826,-1.57307031208466,-0.563838152310975,-1.07645565062258,-0.515455384359088,-0.095696534320654,2017,-0.412633052644311,-0.552808462751975,0.352726891765864,-1.56708877279534,-1.07747006069031,-0.230759935786338,-0.795628828724728,0.149777940072123,-0.0490783130080819,-0.0110296895589993,0.0216982176619626,-0.00598153928932188,0.00101441006773428,0.135063401465684,0.280173444365639,-0.000957971148521641,203
13083,949883.502556857,1363021.40100527,-0.448272922374618,-0.347838276059424,0.146062694128396,0.466663772962807,-1.57644125646906,-0.572008754467204,-1.07127229609249,-0.874018298233069,-0.313551974384792,2018,-0.412633052644311,-0.552808462751975,0.352726891765864,-1.56708877279534,-1.07747006069031,-0.230759935786338,-0.795628828724728,0.149777940072123,-0.0356398697303069,-0.0192002917152289,0.113936881196944,-0.00935248367371977,0.00619776459782129,-0.0827920385984547,-0.0783894695083412,-0.00371524594372713,204
13083,949883.502556857,1363021.40100527,-0.382344860276777,-0.348055968695878,0.144554784391955,0.661547359311944,-1.56548962962431,-0.579562302237658,-1.07285600462767,-1.07857903180311,-0.531407414448931,2019,-0.412633052644311,-0.552808462751975,0.352726891765864,-1.56708877279534,-1.07747006069031,-0.230759935786338,-0.795628828724728,0.149777940072123,0.0302881923675338,-0.0267538394856828,0.30882046754608,0.00159914317102317,0.0046140560626371,-0.300647478662593,-0.282950203078387,-0.00522315568016832,205
13085,1075724.00511029,1331679.51207467,0.938226605384244,-0.3010633849066,0.249218310671987,0.267324808944238,-1.58093507110378,-0.177579532148453,-1.07567852380386,-1.00488483902937,0.893192879218483,2015,1.05860013492413,-0.289596571767524,0.632563112012564,-1.56199351225321,-1.08044130056301,1.25101956810207,-1.41531056450671,0.27743478394669,-0.120373529539886,0.112017039619071,-0.365238303068325,-0.0189415588505697,0.00476277675915027,-0.357826688883587,0.410425725477336,-0.0282164732747033,206
13085,1075724.00511029,1331679.51207467,1.00296178859142,-0.299133176863372,0.258722782811913,0.485433132697359,-1.57312008861705,-0.277296928652207,-1.08234922005758,-1.11142324345428,1.046423681542,2016,1.05860013492413,-0.289596571767524,0.632563112012564,-1.56199351225321,-1.08044130056301,1.25101956810207,-1.41531056450671,0.27743478394669,-0.0556383463327095,0.0122996431153173,-0.147129979315205,-0.0111265763638395,-0.00190791949456237,-0.204595886560075,0.303887321052429,-0.018712001134777,207
13085,1075724.00511029,1331679.51207467,1.2225674743525,-0.295809735946836,0.274832267167839,0.695860867355041,-1.54545252068015,-0.405682541515012,-1.08033705855675,-1.34511601065859,1.33929110672902,2017,1.05860013492413,-0.289596571767524,0.632563112012564,-1.56199351225321,-1.08044130056301,1.25101956810207,-1.41531056450671,0.27743478394669,0.163967339428367,-0.116085969747488,0.0632977553424775,0.0165409915730641,0.000104242006262689,0.0882715386269479,0.0701945538481195,-0.00260251677885065,208
13085,1075724.00511029,1331679.51207467,1.01081884744704,-0.292442756503008,0.2908343736605,0.79862639148278,-1.55772090003928,-0.385838678873172,-1.08044513824034,-1.80155680626956,1.39673522916513,2018,1.05860013492413,-0.289596571767524,0.632563112012564,-1.56199351225321,-1.08044130056301,1.25101956810207,-1.41531056450671,0.27743478394669,-0.0477812874770904,-0.0962421071056481,0.166063279470216,0.00427261221392716,-3.83767732792251e-06,0.14571566106306,-0.38624624176285,0.0133995897138107,209
13085,1075724.00511029,1331679.51207467,1.11842595884545,-0.287544672182786,0.31356618542121,0.9155703595834,-1.55273898082579,-0.201585177648776,-1.08339656215653,-1.81357192312174,1.57945494385572,2019,1.05860013492413,-0.289596571767524,0.632563112012564,-1.56199351225321,-1.08044130056301,1.25101956810207,-1.41531056450671,0.27743478394669,0.0598258239213185,0.0880113941187479,0.283007247570837,0.00925453142741817,-0.00295526159352222,0.328435375753654,-0.398261358615035,0.0361314014745203,210
13087,1086432.39930955,932295.115522945,-0.341449459863024,-0.266921923089344,-0.466541282150241,-0.238862638352053,0.754494445612147,-0.436234419455138,0.932454613759106,1.05909909996423,-0.832710202275237,2015,-0.423233726936188,-0.433893826453153,-0.126987439768727,0.76875413237204,0.932454613759106,-0.444767177357183,0.670057290631287,-0.476983525308638,0.0817842670731644,-0.00234059300198475,-0.111875198583326,-0.0142596867598926,0,-0.387943024918054,0.389041809332947,0.0104422431583968,211
13087,1086432.39930955,932295.115522945,-0.276715375242623,-0.26794507848068,-0.470748826448614,-0.147223734487297,0.772594494858005,-0.41040258546117,0.932454613759106,0.781595301515817,-0.555458655032012,2016,-0.423233726936188,-0.433893826453153,-0.126987439768727,0.76875413237204,0.932454613759106,-0.444767177357183,0.670057290631287,-0.476983525308638,0.146518351693566,0.0234912409919832,-0.0202362947185696,0.00384036248596498,0,-0.110691477674828,0.111538010884529,0.00623469886002315,212
13087,1086432.39930955,932295.115522945,-0.470922410523941,-0.269497952620721,-0.477176544127775,-0.125358596531327,0.782854165465131,-0.434832726760735,0.932454613759106,0.443103537838708,-0.437991001749428,2017,-0.423233726936188,-0.433893826453153,-0.126987439768727,0.76875413237204,0.932454613759106,-0.444767177357183,0.670057290631287,-0.476983525308638,-0.0476886835877526,-0.000938900307581814,0.00162884323739973,0.0141000330930907,0,0.00677617560775501,-0.22695375279258,-0.000193018819137469,213
13087,1086432.39930955,932295.115522945,-0.466274244763858,-0.270876672651598,-0.482926200183125,-0.0924376280559485,0.753823534876077,-0.446582360001787,0.932454613759106,0.593455904369695,-0.234287451071856,2018,-0.423233726936188,-0.433893826453153,-0.126987439768727,0.76875413237204,0.932454613759106,-0.444767177357183,0.670057290631287,-0.476983525308638,-0.0430405178276693,-0.0126885335486333,0.0345498117127784,-0.014930597495963,0,0.210479726285327,-0.0766013862615926,-0.00594267487448757,214
13087,1086432.39930955,932295.115522945,-0.560807144287496,-0.271972392255085,-0.487524773633433,-0.031054601417009,0.78000402104884,-0.441417040586937,0.932454613759106,0.473032609467983,-0.163388576657383,2019,-0.423233726936188,-0.433893826453153,-0.126987439768727,0.76875413237204,0.932454613759106,-0.444767177357183,0.670057290631287,-0.476983525308638,-0.137573417351308,-0.00752321413378354,0.0959328383517179,0.0112498886767998,0,0.2813786006998,-0.197024681163304,-0.0105412483247949,215
13089,1079966.94386989,1256425.9952897,2.97572881928987,4.7324112423483,2.87165327240554,-1.45593548132447,1.44272065111423,2.68924799325633,-1.06546267979643,-0.258876767772634,1.18940656396489,2015,3.09067671392252,2.65702549700985,-1.21162517784652,1.45840248309737,-1.06793404506889,1.71555010868555,-0.516553749526699,2.89113271567576,-0.114947894632653,0.0322224962464821,-0.244310303477949,-0.0156818319831395,0.00247136527245995,-0.526143544720661,0.257676981754066,-0.0194794432702214,216
13089,1079966.94386989,1256425.9952897,3.02298768142983,4.78734960736816,2.88022059354641,-1.36003360219797,1.474684899808,2.65674833319488,-1.06754309615265,-0.303719257633482,1.39750208031416,2016,3.09067671392252,2.65702549700985,-1.21162517784652,1.45840248309737,-1.06793404506889,1.71555010868555,-0.516553749526699,2.89113271567576,-0.0676890324926895,-0.000277163814974557,-0.148408424351457,0.0162824167106355,0.000390948916241696,-0.318048028371396,0.212834491893218,-0.0109121221293522,217
13089,1079966.94386989,1256425.9952897,3.04261136786447,4.87561671502918,2.89379946514086,-1.17835864926895,1.45747694463642,2.6617402154582,-1.06753636521026,-0.501149087011233,1.66569084125071,2017,3.09067671392252,2.65702549700985,-1.21162517784652,1.45840248309737,-1.06793404506889,1.71555010868555,-0.516553749526699,2.89113271567576,-0.0480653460580487,0.00471471844834825,0.033266528577566,-0.000925538460948561,0.000397679858635369,-0.049859267434839,0.0154046625154666,0.00266674946509626,218
13089,1079966.94386989,1256425.9952897,3.16169745750018,4.92728969050222,2.90164499788537,-1.08249762943121,1.45669597214377,2.68321043028878,-1.06974619732704,-0.653203976680084,2.00833387738359,2018,3.09067671392252,2.65702549700985,-1.21162517784652,1.45840248309737,-1.06793404506889,1.71555010868555,-0.516553749526699,2.89113271567576,0.0710207435776584,0.0261849332789255,0.129127548415304,-0.00170651095359564,-0.00181215225815379,0.292783768698038,-0.136650227153385,0.0105122822096124,219
13089,1079966.94386989,1256425.9952897,3.25035824352825,4.97181509107835,2.90834524940063,-0.981300527009982,1.46043394778442,2.59418051285107,-1.06938188685807,-0.865819658536065,2.31681718051441,2019,3.09067671392252,2.65702549700985,-1.21162517784652,1.45840248309737,-1.06793404506889,1.71555010868555,-0.516553749526699,2.89113271567576,0.159681529605733,-0.0628449841587804,0.230324650836535,0.00203146468704807,-0.001447841789183,0.601267071828858,-0.349265909009365,0.0172125337248645,220
13091,1200472.85239507,1092125.5163799,-0.282928345663418,-0.311897221780812,-0.50132202365823,-0.341593477016487,0.00686452454801808,-0.529247150990773,0.932454613759106,0.199570282552751,-0.400415295447166,2015,-0.316986063108857,-0.651636716543519,-0.0129299566755307,-0.00966696098587472,0.932454613759106,-0.44434889491226,0.199187784357789,-0.508398882730689,0.0340577174454383,0.122389565552746,-0.328663520340956,0.0165314855338928,0,0.0439335994650944,0.000382498194962083,0.00707685907245914,221
13091,1200472.85239507,1092125.5163799,-0.371414497350897,-0.313239659705613,-0.508470936135668,-0.262034077203388,-0.0276241984187547,-0.62566343603291,0.932454613759106,0.163524438997029,-0.365767566259365,2016,-0.316986063108857,-0.651636716543519,-0.0129299566755307,-0.00966696098587472,0.932454613759106,-0.44434889491226,0.199187784357789,-0.508398882730689,-0.0544284342420402,0.0259732805106091,-0.249104120527857,-0.01795723743288,0,0.078581328652895,-0.0356633453607597,-7.20534049788446e-05,222
13091,1200472.85239507,1092125.5163799,-0.241673550369704,-0.312746223062983,-0.505835932419918,0.0320337097007935,-0.0324709511990394,-0.701799811329065,0.932454613759106,0.165559479876693,-0.4688044751921,2017,-0.316986063108857,-0.651636716543519,-0.0129299566755307,-0.00966696098587472,0.932454613759106,-0.44434889491226,0.199187784357789,-0.508398882730689,0.0753125127391521,-0.0501630947855458,0.0449636663763242,-0.0228039902131647,0,-0.0244555802798399,-0.033628304481096,0.00256295031077114,223
13091,1200472.85239507,1092125.5163799,-0.337147772581459,-0.313791147717964,-0.511426058826874,0.187396111397297,-0.0172444223649519,-0.715714457816075,0.932454613759106,0.36378907084444,-0.574281365053553,2018,-0.316986063108857,-0.651636716543519,-0.0129299566755307,-0.00966696098587472,0.932454613759106,-0.44434889491226,0.199187784357789,-0.508398882730689,-0.0201617094726027,-0.0640777412725556,0.200326068072828,-0.00757746137907717,0,-0.129932470141293,0.164601286486651,-0.00302717609618419,224
13091,1200472.85239507,1092125.5163799,-0.351766149578804,-0.314444225627327,-0.514939462612757,0.319547949744131,0.0221402425053544,-0.685758726548772,0.932454613759106,0.103495649518031,-0.412475772609116,2019,-0.316986063108857,-0.651636716543519,-0.0129299566755307,-0.00966696098587472,0.932454613759106,-0.44434889491226,0.199187784357789,-0.508398882730689,-0.0347800864699475,-0.0341220100052533,0.332477906419661,0.0318072034912291,0,0.0318731223031437,-0.0956921348397577,-0.00654057988206713,225
13093,1142042.31320313,1082710.79264128,-0.799070663294982,-0.361872194689514,-0.629357686149162,-0.255695200529764,1.24116352540232,-0.0562066781895557,0.932454613759106,1.17634568103437,-1.17570180711222,2015,-0.719643088120495,-0.130402064336143,0.241514222324352,1.19828617284192,0.932454613759106,-0.523683131966017,0.57670118461682,-0.645423871026619,-0.0794275751744876,0.0741953861465876,-0.497209422854116,0.042877352560396,0,-0.6520186751462,0.599644496417553,0.0160661848774573,226
13093,1142042.31320313,1082710.79264128,-0.569566246998859,-0.363352504617403,-0.64107195556923,-0.12125000355813,1.17874370478686,-0.146977835846468,0.932454613759106,0.459535194471607,-0.514257834207082,2016,-0.719643088120495,-0.130402064336143,0.241514222324352,1.19828617284192,0.932454613759106,-0.523683131966017,0.57670118461682,-0.645423871026619,0.150076841121635,-0.0165757715103244,-0.362764225882482,-0.0195424680550562,0,0.00942529775893486,-0.117165990145213,0.00435191545738856,227
13093,1142042.31320313,1082710.79264128,-0.869506449930234,-0.363613735781148,-0.643156774473878,0.322554872487898,1.21462723990123,-0.175494497676913,0.932454613759106,0.304103475088736,-0.445729226980506,2017,-0.719643088120495,-0.130402064336143,0.241514222324352,1.19828617284192,0.932454613759106,-0.523683131966017,0.57670118461682,-0.645423871026619,-0.14986336180974,-0.0450924333407697,0.0810406501635461,0.016341067059306,0,0.0779539049855102,-0.272597709528083,0.00226709655274127,228
13093,1142042.31320313,1082710.79264128,-0.730209089116421,-0.36468768612099,-0.651784180334525,0.531769662300868,1.17846098568431,-0.146420553318607,0.932454613759106,0.504333164669666,-0.409547795494654,2018,-0.719643088120495,-0.130402064336143,0.241514222324352,1.19828617284192,0.932454613759106,-0.523683131966017,0.57670118461682,-0.645423871026619,-0.0105660009959269,-0.0160184889824639,0.290255439976516,-0.0198251871576138,0,0.114135336471362,-0.0723680199471537,-0.00636030930790565,229
13093,1142042.31320313,1082710.79264128,-0.629862991261976,-0.365914021306349,-0.6617487586063,0.730191780920887,1.17843540843489,-0.126910756649173,0.932454613759106,0.439188407819716,-0.0731789960356247,2019,-0.719643088120495,-0.130402064336143,0.241514222324352,1.19828617284192,0.932454613759106,-0.523683131966017,0.57670118461682,-0.645423871026619,0.089780096858519,0.00349130768697054,0.488677558596535,-0.0198507644070318,0,0.450504135930392,-0.137512776797103,-0.0163248875796812,230
13095,1111761.43522404,1008833.62735774,0.00268155900939063,0.211508440467581,1.03947070065925,-0.734929367251999,2.23983848966334,-0.537494833753844,-1.06030818467164,1.3923643204529,-0.11905063749553,2015,0.149467668156631,-0.533352547360252,-0.472149301878684,2.29378673727715,-1.06159992893704,0.0857543902870066,1.28122169196996,1.02416704982491,-0.146786109147241,-0.00414228639359182,-0.262780065373315,-0.0539482476138033,0.00129174426540457,-0.204805027782536,0.111142628482938,0.0153036508343483,231
13095,1111761.43522404,1008833.62735774,0.102528749964281,0.204368121991879,1.03083181906327,-0.62128349263885,2.28459259135393,-0.519353426919138,-1.06110601554932,1.36610593940842,0.0570462718171147,2016,0.149467668156631,-0.533352547360252,-0.472149301878684,2.29378673727715,-1.06159992893704,0.0857543902870066,1.28122169196996,1.02416704982491,-0.0469389181923498,0.0139991204411133,-0.149134190760166,-0.00919414592321433,0.000493913387727307,-0.0287081184698919,0.0848842474384599,0.00666476923835901,232
13095,1111761.43522404,1008833.62735774,0.204624430061387,0.198533959334902,1.02370459413172,-0.458535198842198,2.28682626968052,-0.476486800189072,-1.06320354561677,1.36979041385377,0.116790947700304,2017,0.149467668156631,-0.533352547360252,-0.472149301878684,2.29378673727715,-1.06159992893704,0.0857543902870066,1.28122169196996,1.02416704982491,0.0551567619047557,0.0568657471711801,0.0136141030364865,-0.00696046759662394,-0.0016036166797293,0.0310365574132974,0.08856872188381,-0.000462455693184927,233
13095,1111761.43522404,1008833.62735774,0.237912440727448,0.195101672100139,1.01948227674526,-0.350731039719649,2.31301739808998,-0.54789671188963,-1.06370818310194,1.21283566161817,0.170331100650467,2018,0.149467668156631,-0.533352547360252,-0.472149301878684,2.29378673727715,-1.06159992893704,0.0857543902870066,1.28122169196996,1.02416704982491,0.0884447725708167,-0.0145441645293788,0.121418262159036,0.019230660812831,-0.00210825416489313,0.0845767103634601,-0.0683860303517903,-0.00468477307964665,234
13095,1111761.43522404,1008833.62735774,0.199591161020649,0.185334529144554,1.00734585852503,-0.195267410940725,2.34465893759796,-0.585530964049575,-1.05967371574555,1.06501212451654,0.203654268762677,2019,0.149467668156631,-0.533352547360252,-0.472149301878684,2.29378673727715,-1.06159992893704,0.0857543902870066,1.28122169196996,1.02416704982491,0.050123492864018,-0.0521784166893229,0.276881890937959,0.0508722003208102,0.00192621319149033,0.117899878475671,-0.216209567453419,-0.0168211912998759,235
13097,1031439.14779678,1242682.12121955,1.14949142897437,0.525058401173987,1.76471893963513,-1.46448901618728,0.755410821481336,0.82024284547809,-1.06250077790532,-0.680175869479686,0.652331904683571,2015,1.23382286771273,0.883394660915316,-1.28417892590652,0.925803124327777,-1.06729637620701,1.10477408260877,-0.978997160873546,1.78523698376029,-0.0843314387383649,-0.0631518154372254,-0.18031009028076,-0.170392302846441,0.00479559830169096,-0.452442177925203,0.29882129139386,-0.020518044125158,236
13097,1031439.14779678,1242682.12121955,1.17469491966826,0.537851471776288,1.77517474183248,-1.35587093397297,0.859911026949944,0.855047070185536,-1.06757198573573,-0.852743461602254,0.933138852708643,2016,1.23382286771273,0.883394660915316,-1.28417892590652,0.925803124327777,-1.06729637620701,1.10477408260877,-0.978997160873546,1.78523698376029,-0.0591279480444789,-0.0283475907297793,-0.0716920080664472,-0.0658920973778327,-0.000275609528716636,-0.171635229900131,0.126253699271292,-0.0100622419278102,237
13097,1031439.14779678,1242682.12121955,1.24183948952929,0.551413723027393,1.78611462176375,-1.28189422062065,0.944656928090788,0.883758831079719,-1.06976971443532,-0.998245719159368,1.02850725015112,2017,1.23382286771273,0.883394660915316,-1.28417892590652,0.925803124327777,-1.06729637620701,1.10477408260877,-0.978997160873546,1.78523698376029,0.00801662181655649,0.000364170164403488,0.00228470528587854,0.0188538037630107,-0.00247333822830664,-0.0762668324576536,-0.0192485582858224,0.000877638003460746,238
13097,1031439.14779678,1242682.12121955,1.24012068428727,0.563662562038557,1.79587038831408,-1.20608055634688,1.01297908016006,0.89315472031932,-1.06902232969455,-1.16458516246087,1.35086358770522,2018,1.23382286771273,0.883394660915316,-1.28417892590652,0.925803124327777,-1.06729637620701,1.10477408260877,-0.978997160873546,1.78523698376029,0.00629781657453354,0.00976005940400437,0.0780983695596473,0.087175955832286,-0.00172595348753468,0.246089505096451,-0.185588001587326,0.0106334045537939,239
13097,1031439.14779678,1242682.12121955,1.36296781610449,0.574373039752111,1.804306227256,-1.11255990240484,1.05605776495675,0.964769837513912,-1.06761707326414,-1.19923559166555,1.55902881779531,2019,1.23382286771273,0.883394660915316,-1.28417892590652,0.925803124327777,-1.06729637620701,1.10477408260877,-0.978997160873546,1.78523698376029,0.129144948391754,0.0813751765985968,0.171619023501681,0.130254640628977,-0.000320697057132557,0.454254735186536,-0.220238430792005,0.019069243495714,240
13099,1049936.58220458,977742.350550898,-0.442802254819844,-0.388822543082561,-1.08815127898368,0.451024737694866,1.2517142327458,-0.843583951430337,0.932454613759106,1.00320113018679,-0.796807625752667,2015,-0.311256527038319,-0.687617473480788,0.555781587387481,1.29475600279593,0.932454613759106,-1.01357553146,1.17910326577181,-1.1001506187814,-0.131545727781525,-0.155966477949548,-0.104756849692614,-0.0430417700501302,0,0.216767905707338,-0.175902135585015,0.0119993397977194,241
13099,1049936.58220458,977742.350550898,-0.45619400720671,-0.389540928782861,-1.09581290954681,0.520176531296723,1.2576077160806,-0.71529368644214,0.932454613759106,1.47024245435675,-0.978342206849312,2016,-0.311256527038319,-0.687617473480788,0.555781587387481,1.29475600279593,0.932454613759106,-1.01357553146,1.17910326577181,-1.1001506187814,-0.144937480168391,-0.0276762129613517,-0.0356050560907579,-0.0371482867153308,0,0.035233324610693,0.291139188584942,0.00433770923458954,242
13099,1049936.58220458,977742.350550898,-0.00937726318034087,-0.390085160373997,-1.10166551446851,0.548959315520391,1.28540142644142,-0.47600557439613,0.932454613759106,0.926454030690496,-1.25301434568218,2017,-0.311256527038319,-0.687617473480788,0.555781587387481,1.29475600279593,0.932454613759106,-1.01357553146,1.17910326577181,-1.1001506187814,0.301879263857978,0.211611899084658,-0.00682227186708972,-0.00935457635450709,0,-0.239438814222173,-0.252649235081314,-0.00151489568710694,243
13099,1049936.58220458,977742.350550898,-0.232260922018055,-0.39049877638326,-1.1061417777146,0.588721168232638,1.3085088037725,-0.640376854380163,0.932454613759106,1.12546244592036,-1.0411542873286,2018,-0.311256527038319,-0.687617473480788,0.555781587387481,1.29475600279593,0.932454613759106,-1.01357553146,1.17910326577181,-1.1001506187814,0.0789956050202638,0.0472406191006256,0.0329395808451575,0.0137528009765759,0,-0.0275787558685994,-0.0536408198514464,-0.00599115893320068,244
13099,1049936.58220458,977742.350550898,-0.415648187966643,-0.390760007547005,-1.1089816131934,0.670026184192785,1.37054783493932,-0.762827300755172,0.932454613759106,1.37015626770464,-0.998559191687264,2019,-0.311256527038319,-0.687617473480788,0.555781587387481,1.29475600279593,0.932454613759106,-1.01357553146,1.17910326577181,-1.1001506187814,-0.104391660928325,-0.075209827274384,0.114244596805305,0.0757918321433917,0,0.015016339772741,0.191053001932833,-0.00883099441200108,245
13101,1248364.56684247,934460.566011796,-1.0336890703805,-0.436214230038672,-1.70406418573449,-1.00180851893675,-1.49733650410408,2.03166151152523,-1.08361567641479,1.14200599434844,-1.16315333376452,2015,-0.918235017973959,1.20459171688104,-0.679172086907183,-1.47240542126334,-1.08583682328504,-0.772212617991186,0.954560714565191,-1.71139804549418,-0.115454052406538,0.827069794644189,-0.322636432029566,-0.024931082840739,0.00222114687025354,-0.390940715773336,0.187445279783247,0.00733385975969014,246
13101,1248364.56684247,934460.566011796,-1.00894361444982,-0.43638112772662,-1.70870735606943,-1.17257377861965,-1.49667819895819,2.32140623884676,-1.08707809221368,1.32384775485243,-0.861711118456575,2016,-0.918235017973959,1.20459171688104,-0.679172086907183,-1.47240542126334,-1.08583682328504,-0.772212617991186,0.954560714565191,-1.71139804549418,-0.090708596475863,1.11681452196572,-0.493401691712471,-0.0242727776948461,-0.00124126892864007,-0.0894985004653891,0.369287040287243,0.00269068942474981,247
13101,1248364.56684247,934460.566011796,-1.05606445862657,-0.436482717623632,-1.71154664183061,-1.22784531744768,-1.45940893109959,0.740439777206523,-1.09008401625803,1.03282506255553,-0.7347623964224,2017,-0.918235017973959,1.20459171688104,-0.679172086907183,-1.47240542126334,-1.08583682328504,-0.772212617991186,0.954560714565191,-1.71139804549418,-0.13782944065261,-0.464151939674517,-0.548673230540495,0.0129964901637516,-0.00424719297299103,0.0374502215687856,0.0782643479903357,-0.000148596336430717,248
13101,1248364.56684247,934460.566011796,-0.765712674628227,-0.43660607678429,-1.71500769917957,0.011727967429884,-1.40892014192689,0.593849623416089,-1.0890495902249,0.835014089242538,-0.715242548992653,2018,-0.918235017973959,1.20459171688104,-0.679172086907183,-1.47240542126334,-1.08583682328504,-0.772212617991186,0.954560714565191,-1.71139804549418,0.152522343345731,-0.61074209346495,0.690900054337067,0.0634852793364553,-0.00321276693986405,0.0569700689985324,-0.119546625322653,-0.00360965368538491,249
13101,1248364.56684247,934460.566011796,-0.72676527178468,-0.436700410260087,-1.71766434465681,-0.00536078696171704,-1.49968333022796,0.335601433410598,-1.0793567413138,0.439110671827018,-0.386193692319779,2019,-0.918235017973959,1.20459171688104,-0.679172086907183,-1.47240542126334,-1.08583682328504,-0.772212617991186,0.954560714565191,-1.71139804549418,0.191469746189279,-0.868990283470442,0.673811299945466,-0.0272779089646222,0.00648008197124206,0.386018925671407,-0.515450042738173,-0.00626629916262478,250
13103,1366794.18900716,1138332.60745256,0.0598597218005083,-0.0691699321342187,0.304156036621071,-1.35462030380656,-0.841973926341451,-0.573462541045378,-1.06999423662259,-1.5185497825487,1.25117293833188,2015,0.307689741053974,-0.423112117316992,-1.2294075273751,-0.852100243397101,-1.06371202734166,1.50488912667409,-1.66475782177567,0.343182719560407,-0.247830019253466,-0.150350423728386,-0.125212776431464,0.0101263170556495,-0.00628220928093115,-0.253716188342216,0.146208039226973,-0.039026682939336,251
13103,1366794.18900716,1138332.60745256,0.217081226137848,-0.0603025854093118,0.322182807839815,-1.30061542065156,-0.867590259645038,-0.438613577402745,-1.06559733159454,-1.48679628284615,1.24308614439669,2016,0.307689741053974,-0.423112117316992,-1.2294075273751,-0.852100243397101,-1.06371202734166,1.50488912667409,-1.66475782177567,0.343182719560407,-0.0906085149161263,-0.0155014600857535,-0.0712078932764548,-0.0154900162479367,-0.00188530425287392,-0.261802982277397,0.177961538929519,-0.020999911720592,252
13103,1366794.18900716,1138332.60745256,0.342763228178117,-0.051340905208608,0.340004990417737,-1.20795896664538,-0.853720051609482,-0.387246328254977,-1.06065059602402,-1.67221953177914,1.48959393193807,2017,0.307689741053974,-0.423112117316992,-1.2294075273751,-0.852100243397101,-1.06371202734166,1.50488912667409,-1.66475782177567,0.343182719560407,0.0350734871241429,0.0358657890620148,0.0214485607297203,-0.00161980821238072,0.00306143131764292,-0.0152951947360229,-0.00746171000346374,-0.00317772914266989,253
13103,1366794.18900716,1138332.60745256,0.450600459884091,-0.0397161184219461,0.36255736353064,-1.17791117736829,-0.841680057761056,-0.387647781087275,-1.05798607424593,-1.81707920395612,1.71365389493523,2018,0.307689741053974,-0.423112117316992,-1.2294075273751,-0.852100243397101,-1.06371202734166,1.50488912667409,-1.66475782177567,0.343182719560407,0.142910718830117,0.0354643362297164,0.0514963500068095,0.010420185636045,0.00572595309573165,0.208764768261142,-0.152321382180444,0.0193746439702325,254
13103,1366794.18900716,1138332.60745256,0.468144069269306,-0.0267416372892672,0.387012399392772,-1.10593176840371,-0.855536921628478,-0.328590358794583,-1.06433189822123,-1.82914430774826,1.82693872376859,2019,0.307689741053974,-0.423112117316992,-1.2294075273751,-0.852100243397101,-1.06371202734166,1.50488912667409,-1.66475782177567,0.343182719560407,0.160454328215332,0.0945217585224085,0.123475758971389,-0.00343667823137694,-0.000619870879569273,0.322049597094494,-0.164386485972584,0.0438296798323654,255
13105,1201035.93071989,1311320.84320677,-0.790672878837947,-0.323819521837294,-0.325932578509259,0.528557944569634,0.112195300548407,-0.46383491327685,0.932454613759106,-0.297860869812228,-0.767527854608047,2015,-0.74991578612582,-0.488059310621097,0.746638651489088,0.113471626294892,0.932454613759106,-0.720289823828059,-0.0996044502833265,-0.335078819946913,-0.040757092712127,0.024224397344247,-0.218080706919454,-0.00127632574648441,0,-0.0472380307799872,-0.198256419528901,0.00914624143765391,256
13105,1201035.93071989,1311320.84320677,-0.692549497362227,-0.32485719007106,-0.33191894069383,0.647541206938465,0.113182851640377,-0.545342104747896,0.932454613759106,-0.193447705753813,-0.801827015091745,2016,-0.74991578612582,-0.488059310621097,0.746638651489088,0.113471626294892,0.932454613759106,-0.720289823828059,-0.0996044502833265,-0.335078819946913,0.0573662887635931,-0.0572827941267995,-0.0990974445506231,-0.00028877465451517,0,-0.0815371912636852,-0.0938432554704861,0.00315987925308253,257
13105,1201035.93071989,1311320.84320677,-0.793441016950231,-0.325626370719865,-0.336384939362265,0.738860693846691,0.124435925957816,-0.486932146667837,0.932454613759106,0.183292099758865,-0.723120201705373,2017,-0.74991578612582,-0.488059310621097,0.746638651489088,0.113471626294892,0.932454613759106,-0.720289823828059,-0.0996044502833265,-0.335078819946913,-0.0435252308244114,0.00112716395325979,-0.00777795764239764,0.010964299662924,0,-0.00283037787731322,0.282896550042192,-0.0013061194153518,258
13105,1201035.93071989,1311320.84320677,-0.824766776392643,-0.326177858732216,-0.339602109170604,0.845978515245574,0.130715123058685,-0.477551001942923,0.932454613759106,-0.224706238654234,-0.630052357709973,2018,-0.74991578612582,-0.488059310621097,0.746638651489088,0.113471626294892,0.932454613759106,-0.720289823828059,-0.0996044502833265,-0.335078819946913,-0.0748509902668228,0.0105083086781742,0.0993398637564853,0.0172434967637929,0,0.0902374661180867,-0.125101788370907,-0.00452328922369066,259
13105,1201035.93071989,1311320.84320677,-0.648148761086052,-0.326511654108113,-0.341555531998607,0.972254896845078,0.0868289302691744,-0.466636386469978,0.932454613759106,0.0347004630447762,-0.67892169002516,2019,-0.74991578612582,-0.488059310621097,0.746638651489088,0.113471626294892,0.932454613759106,-0.720289823828059,-0.0996044502833265,-0.335078819946913,0.101767025039768,0.0214229241511185,0.22561624535599,-0.0266426960257174,0,0.0413681338028992,0.134304913328103,-0.00647671205169392,260
13107,1274318.37438536,1149515.47741982,-0.746602844888471,-0.300642512476122,-0.701346484139331,-0.2026850277947,0.326197855499112,-0.825235769229297,0.932454613759106,1.37404697022458,-0.925568905048175,2015,-0.60065074862982,-0.675484657335746,-0.147833104870033,0.32668336414863,0.932454613759106,-0.810764316664936,0.95403589555664,-0.706151787417873,-0.145952096258652,-0.14975111189355,-0.0548519229246669,-0.000485508649518518,0,-0.114804588383239,0.420011074667935,0.00480530327854178,261
13107,1274318.37438536,1149515.47741982,-0.654200123017222,-0.300700563845843,-0.701633323298906,-0.115657555912283,0.322125098031386,-0.834191078720912,0.932454613759106,1.21876420636336,-0.989356977898955,2016,-0.60065074862982,-0.675484657335746,-0.147833104870033,0.32668336414863,0.932454613759106,-0.810764316664936,0.95403589555664,-0.706151787417873,-0.0535493743874024,-0.158706421385166,0.0321755489577497,-0.0045582661172448,0,-0.178592661234019,0.264728310806716,0.00451846411896673,262
13107,1274318.37438536,1149515.47741982,-0.532393215329152,-0.30230423293439,-0.709597441785153,-0.182913397904488,0.337082307977341,-0.604873335397084,0.932454613759106,1.17239928219817,-0.830618790050621,2017,-0.60065074862982,-0.675484657335746,-0.147833104870033,0.32668336414863,0.932454613759106,-0.810764316664936,0.95403589555664,-0.706151787417873,0.0682575333006672,0.0706113219386626,-0.0350802930344548,0.0103989438287108,0,-0.0198544733856854,0.218363386641533,-0.00344565436728017,263
13107,1274318.37438536,1149515.47741982,-0.56080711080052,-0.302326002198036,-0.709706089262798,-0.145906546659609,0.333297919304617,-0.619010456733114,0.932454613759106,0.855909189123205,-0.707504323761575,2018,-0.60065074862982,-0.675484657335746,-0.147833104870033,0.32668336414863,0.932454613759106,-0.810764316664936,0.95403589555664,-0.706151787417873,0.0398436378292993,0.0564742006026324,0.00192655821042392,0.00661455515598708,0,0.103259992903361,-0.0981267064334348,-0.00355430184492489,264
13107,1274318.37438536,1149515.47741982,-0.509250449113732,-0.302079283876721,-0.708475598603176,-0.092002996079085,0.314713639930696,-0.494112646598325,0.932454613759106,0.149059829873891,-0.600772586565352,2019,-0.60065074862982,-0.675484657335746,-0.147833104870033,0.32668336414863,0.932454613759106,-0.810764316664936,0.95403589555664,-0.706151787417873,0.0914002995160875,0.181372010737421,0.055830108790948,-0.0119697242179345,0,0.209991730099583,-0.804976065682749,-0.00232381118530323,265
13109,1319778.38951051,1107427.47816901,-0.23210786461614,-0.387117284097002,-0.242037770479313,-0.325004199801669,0.102955430875003,0.141310982079641,0.932454613759106,0.953768845038715,-0.269980886371965,2015,-0.258863065671366,-0.0404418014422615,-0.0863517176154939,0.0932029183482242,0.932454613759106,-0.178878969867704,0.827480554811334,-0.247366163330498,0.0267552010552259,0.181752783521902,-0.238652482186175,0.00975251252677904,0,-0.0911019165042611,0.126288290227381,0.00532839285118486,266
13109,1319778.38951051,1107427.47816901,-0.257221988674385,-0.387705054215429,-0.24816438859196,-0.0954315342399311,0.0634446524560027,-0.111118882083987,0.932454613759106,0.734651333036616,-0.0738761334438299,2016,-0.258863065671366,-0.0404418014422615,-0.0863517176154939,0.0932029183482242,0.932454613759106,-0.178878969867704,0.827480554811334,-0.247366163330498,0.00164107699698118,-0.0706770806417253,-0.00907981662443724,-0.0297582658922215,0,0.105002836423874,-0.092829221774718,-0.000798225261462643,267
13109,1319778.38951051,1107427.47816901,-0.270159873126101,-0.387530900106266,-0.246344287273414,-0.0447304288789119,0.105701351074408,-0.193829848147046,0.932454613759106,0.711576116613133,-0.146378423897175,2017,-0.258863065671366,-0.0404418014422615,-0.0863517176154939,0.0932029183482242,0.932454613759106,-0.178878969867704,0.827480554811334,-0.247366163330498,-0.0112968074547349,-0.153388046704784,0.041621288736582,0.0124984327261841,0,0.0325005459705284,-0.115904438198201,0.00102187605708406,268
13109,1319778.38951051,1107427.47816901,-0.256321023883741,-0.38774859274272,-0.248620049846542,-0.0386450012660283,0.116868742536176,-0.038271946290902,0.932454613759106,0.895915791500148,-0.164713137732973,2018,-0.258863065671366,-0.0404418014422615,-0.0863517176154939,0.0932029183482242,0.932454613759106,-0.178878969867704,0.827480554811334,-0.247366163330498,0.0025420417876254,0.00216985515135955,0.0477067163494656,0.0236658241879516,0,0.0141658321347305,0.068435236688814,-0.00125388651604383,269
13109,1319778.38951051,1107427.47816901,-0.278504578056464,-0.388038849591326,-0.25166432046126,0.0720525761090711,0.077044414799531,-0.000299312769013892,0.932454613759106,0.841490687868059,-0.239446267892575,2019,-0.258863065671366,-0.0404418014422615,-0.0863517176154939,0.0932029183482242,0.932454613759106,-0.178878969867704,0.827480554811334,-0.247366163330498,-0.0196415123850976,0.0401424886732476,0.158404293724565,-0.0161585035486932,0,-0.0605672980248715,0.0140101330567249,-0.00429815713076245,270
13111,1056473.55463234,1376603.90707122,-0.372687946071336,-0.293306270627611,-0.205194040422824,1.9618927901849,-1.59720946450635,-0.69191898233048,0.932454613759106,0.294808434665747,-0.865475660460883,2015,-0.0860212011364614,-0.641402141535582,2.4749891984443,-1.59840505218744,0.932454613759106,-0.450762559067748,-0.655645709006185,-0.17943432488862,-0.286666744934874,-0.0505168407948988,-0.513096408259403,0.00119558768108496,0,-0.414713101393135,0.950454143671933,-0.0257597155342037,271
13111,1056473.55463234,1376603.90707122,-0.170508844709972,-0.291310754793446,-0.195809720037464,2.19817174502466,-1.60141052261655,-0.630550068066494,0.932454613759106,-0.447282675784932,-0.74277947661676,2016,-0.0860212011364614,-0.641402141535582,2.4749891984443,-1.59840505218744,0.932454613759106,-0.450762559067748,-0.655645709006185,-0.17943432488862,-0.084487643573511,0.0108520734690879,-0.276817453419648,-0.00300547042910804,0,-0.292016917549012,0.208363033221253,-0.0163753951488439,272
13111,1056473.55463234,1376603.90707122,-0.101607169972317,-0.287951031770834,-0.180250068399721,2.550182582308,-1.60045943327082,-0.60506428248475,0.932454613759106,-0.769714665789468,-0.310205714825407,2017,-0.0860212011364614,-0.641402141535582,2.4749891984443,-1.59840505218744,0.932454613759106,-0.450762559067748,-0.655645709006185,-0.17943432488862,-0.0155859688358557,0.0363378590508313,0.0751933838636982,-0.0020543810833864,0,0.140556844242341,-0.114068956783283,-0.000815743511100975,273
13111,1056473.55463234,1376603.90707122,0.0878466377029155,-0.284721924330094,-0.165570225430194,2.7677130176391,-1.59451454765575,-0.56828031832379,0.932454613759106,-1.09749428491977,-0.211700199046006,2018,-0.0860212011364614,-0.641402141535582,2.4749891984443,-1.59840505218744,0.932454613759106,-0.450762559067748,-0.655645709006185,-0.17943432488862,0.173867838839377,0.0731218232117922,0.2927238191948,0.00389050453168882,0,0.239062360021742,-0.441848575913583,0.0138640994584266,274
13111,1056473.55463234,1376603.90707122,0.126851317368403,-0.281311406358976,-0.150347570152898,2.89698585706486,-1.59843129288772,-0.711197056472394,0.932454613759106,-1.25854535320251,-0.123651744389684,2019,-0.0860212011364614,-0.641402141535582,2.4749891984443,-1.59840505218744,0.932454613759106,-0.450762559067748,-0.655645709006185,-0.17943432488862,0.212872518504864,-0.0697949149368124,0.421996658620553,-2.62407002797893e-05,0,0.327110814678064,-0.60289964419632,0.0290867547357219,275
13113,1060346.56134951,1213768.30098083,3.01196855826583,0.322858224013978,1.58557635325394,-0.206562952566473,-0.427957797629482,1.0702883405228,-1.08142387962565,-1.8323705398429,2.4010313794256,2015,3.22533507541593,1.17100666016916,0.0956837287542685,-0.390222534886037,-1.08158702839729,2.90324916829666,-2.10007710818783,1.59869189934187,-0.213366517150103,-0.100718319646356,-0.302246681320741,-0.0377352627434444,0.000163148771645805,-0.502217788871057,0.267706568344929,-0.0131155460879322,276
13113,1060346.56134951,1213768.30098083,3.20090537841341,0.3289536178347,1.5918518306941,-0.0208686835002595,-0.422294603271686,1.04834169969651,-1.08274707199888,-2.02255306189693,2.69849991150678,2016,3.22533507541593,1.17100666016916,0.0956837287542685,-0.390222534886037,-1.08158702839729,2.90324916829666,-2.10007710818783,1.59869189934187,-0.0244296970025197,-0.122664960472646,-0.116552412254528,-0.0320720683856487,-0.00116004360158883,-0.20474925678988,0.0775240462908955,-0.00684006864777476,277
13113,1060346.56134951,1213768.30098083,3.29977530035507,0.334838575440182,1.59786514242891,0.0959837997746773,-0.4091336274361,1.22605534245586,-1.08118053172613,-2.14399670752493,3.00684378715596,2017,3.22533507541593,1.17100666016916,0.0956837287542685,-0.390222534886037,-1.08158702839729,2.90324916829666,-2.10007710818783,1.59869189934187,0.0744402249391336,0.0550486822866993,0.000300071020408785,-0.0189110925500631,0.000406496671166989,0.103594618859299,-0.0439195993371024,-0.000826756912966076,278
13113,1060346.56134951,1213768.30098083,3.33185820805126,0.342552151191881,1.60568034849679,0.238560056422214,-0.370831088276746,1.24687610561331,-1.0812361221064,-2.24634768385233,3.14696840620521,2018,3.22533507541593,1.17100666016916,0.0956837287542685,-0.390222534886037,-1.08158702839729,2.90324916829666,-2.10007710818783,1.59869189934187,0.106523132635322,0.0758694454441529,0.142876327667945,0.0193914466092908,0.00035090629089729,0.243719237908553,-0.1462705756645,0.00698844915491503,279
13113,1060346.56134951,1213768.30098083,3.2821679319941,0.349329648606826,1.61248582183563,0.371306423641183,-0.320895557816172,1.26347181255731,-1.08134753652941,-2.25511754782205,3.26290235718974,2019,3.22533507541593,1.17100666016916,0.0956837287542685,-0.390222534886037,-1.08158702839729,2.90324916829666,-2.10007710818783,1.59869189934187,0.0568328565781675,0.0924651523881501,0.275622694886915,0.0693269770698655,0.000239491867878971,0.359653188893085,-0.155040439634221,0.0137939224937578,280
13115,983522.809899508,1300254.35498196,0.139172996637158,0.23225454872168,0.707130601750142,-0.234533826075136,-0.77758929109615,0.431652840468476,-1.07018152903756,0.0296254630136289,0.0734290009099379,2015,0.215789980524388,0.487950506971079,-0.069059967550543,-0.794019782908217,-1.07266212274089,0.492868693930704,-0.255114019244897,0.710819691745547,-0.07661698388723,-0.0562976665026028,-0.165473858524593,0.0164304918120668,0.00248059370332654,-0.419439693020766,0.284739482258526,-0.00368908999540507,281
13115,983522.809899508,1300254.35498196,0.218165178579048,0.232472241358135,0.707384762794281,-0.145575961267175,-0.785948870357827,0.488111245890235,-1.07128488827486,-0.193429474199428,0.283197647038895,2016,0.215789980524388,0.487950506971079,-0.069059967550543,-0.794019782908217,-1.07266212274089,0.492868693930704,-0.255114019244897,0.710819691745547,0.0023751980546603,0.000160738919156633,-0.0765159937166317,0.00807091255038939,0.00137723446602878,-0.209671046891809,0.061684545045469,-0.00343492895126596,282
13115,983522.809899508,1300254.35498196,0.251042345001694,0.234445987928654,0.70968554575652,-0.0577534250367879,-0.788574201621953,0.461995678241076,-1.07498586163038,-0.426657668537678,0.606599690705308,2017,0.215789980524388,0.487950506971079,-0.069059967550543,-0.794019782908217,-1.07266212274089,0.492868693930704,-0.255114019244897,0.710819691745547,0.0352523644773064,-0.0259548287300027,0.011306542513755,0.00544558128626416,-0.00232373888949056,0.113730996774603,-0.171543649292781,-0.00113414598902684,283
13115,983522.809899508,1300254.35498196,0.222346895469419,0.2370075046176,0.712661834936411,0.00577040393379926,-0.798391655370075,0.509949199036916,-1.07248238664238,-0.293809877758928,0.71591083631189,2018,0.215789980524388,0.487950506971079,-0.069059967550543,-0.794019782908217,-1.07266212274089,0.492868693930704,-0.255114019244897,0.710819691745547,0.00655691494503133,0.0219986920658372,0.0748303714843422,-0.00437187246185844,0.000179736098506744,0.223042142381185,-0.0386958585140312,0.00184214319086429,284
13115,983522.809899508,1300254.35498196,0.24822248693462,0.240962254179854,0.71723571349038,0.0867929706925844,-0.819594896095079,0.54804357121869,-1.07437594811926,-0.391298538742079,0.785206294687491,2019,0.215789980524388,0.487950506971079,-0.069059967550543,-0.794019782908217,-1.07266212274089,0.492868693930704,-0.255114019244897,0.710819691745547,0.032432506410232,0.0600930642476116,0.155852938243127,-0.0255751131868621,-0.0017138253783715,0.292337600756787,-0.136184519497182,0.00641602174483336,285
13117,1082886.09396001,1307924.75917943,3.38452142071409,0.958382850457573,1.89196878692442,-1.29137962069806,-1.44729028053734,2.22681465404688,-1.06939664754796,-2.0529450557663,3.21640329206245,2015,3.81651047572559,2.55975616108951,-1.1629160842516,-1.43488869308714,-1.07206087251101,3.74364831388808,-2.148026368334,1.95348414856102,-0.431989055011494,-0.332941507042624,-0.128463536446456,-0.0124015874502037,0.00266422496305463,-0.527245021825625,0.0950813125677046,-0.061515361636596,286
13117,1082886.09396001,1307924.75917943,3.64802951762314,1.01356793379875,1.92295214654552,-1.1817185763373,-1.44558776329889,2.30610952736195,-1.07281432597183,-2.1279212873275,3.39438247237725,2016,3.81651047572559,2.55975616108951,-1.1629160842516,-1.43488869308714,-1.07206087251101,3.74364831388808,-2.148026368334,1.95348414856102,-0.168480958102449,-0.253646633727559,-0.0188024920856995,-0.0106990702117509,-0.000753453460814457,-0.349265841510827,0.0201050810065002,-0.0305320020154998,287
13117,1082886.09396001,1307924.75917943,3.84033587478071,1.06769357964251,1.95223762192006,-1.18319807352919,-1.44486020024246,2.57471228813506,-1.07357492384013,-2.11821056148583,3.68153337081699,2017,3.81651047572559,2.55975616108951,-1.1629160842516,-1.43488869308714,-1.07206087251101,3.74364831388808,-2.148026368334,1.95348414856102,0.0238253990551223,0.0149561270455512,-0.0202819892775898,-0.00997150715532436,-0.00151405132911364,-0.0621149430710872,0.0298158068481733,-0.00124652664096092,288
13117,1082886.09396001,1307924.75917943,4.03403682408209,1.12995367366846,1.98467207423614,-1.11411882963301,-1.42370226201742,2.75550179999304,-1.07260811793356,-2.20704738417318,4.00354113966699,2018,3.81651047572559,2.55975616108951,-1.1629160842516,-1.43488869308714,-1.07206087251101,3.74364831388808,-2.148026368334,1.95348414856102,0.217526348356508,0.195745638903536,0.0487972546185926,0.0111864310697207,-0.000547245422543918,0.259892825778915,-0.0590210158391811,0.0311879256751215,289
13117,1082886.09396001,1307924.75917943,4.1756287414279,1.19165502326083,2.01559011317895,-1.04416532106045,-1.41300295933958,2.9356425359106,-1.0719103472616,-2.2340075529172,4.4223812945167,2019,3.81651047572559,2.55975616108951,-1.1629160842516,-1.43488869308714,-1.07206087251101,3.74364831388808,-2.148026368334,1.95348414856102,0.359118265702312,0.375886374821097,0.118750763191152,0.021885733747558,0.000150525249416944,0.678732980628624,-0.0859811845831966,0.0621059646179354,290
13119,1161859.7815407,1335126.2204702,-0.568722077684299,-0.305148750050727,0.0516497232472915,0.556382920204226,-1.06620654482444,-0.366732133839589,0.932454613759106,0.40200990113276,-0.783004305070203,2015,-0.472659618782968,-0.319807453457262,0.69121254882779,-1.06997901477062,0.932454613759106,-0.375917886922833,0.486529079621289,0.0615388166804334,-0.0960624589013314,-0.046924680382327,-0.134829628623564,0.00377246994617986,0,-0.40708641814737,-0.0845191784885287,-0.00988909343314182,291
13119,1161859.7815407,1335126.2204702,-0.59050400900555,-0.304582749195946,0.0545193901592651,0.711494157860603,-1.0745350042329,-0.332139703435035,0.932454613759106,0.602635486989809,-0.578185334539503,2016,-0.472659618782968,-0.319807453457262,0.69121254882779,-1.06997901477062,0.932454613759106,-0.375917886922833,0.486529079621289,0.0615388166804334,-0.117844390222582,-0.0123322499777735,0.0202816090328134,-0.00455598946228486,0,-0.202267447616669,0.11610640736852,-0.00701942652116828,292
13119,1161859.7815407,1335126.2204702,-0.530988405901092,-0.303566850225825,0.0596448624651182,0.682242417237819,-1.05651292846627,-0.341794670966995,0.932454613759106,0.623078363911774,-0.376503482345726,2017,-0.472659618782968,-0.319807453457262,0.69121254882779,-1.06997901477062,0.932454613759106,-0.375917886922833,0.486529079621289,0.0615388166804334,-0.0583287871181242,-0.0219872175097333,-0.00897013158997106,0.0134660863043432,0,-0.000585595422892438,0.136549284290485,-0.00189395421531517,293
13119,1161859.7815407,1335126.2204702,-0.458101141521215,-0.302217155879808,0.0664049297416868,0.766306031272827,-1.06944247392909,-0.296019484486859,0.932454613759106,0.538256025822229,-0.184720981348464,2018,-0.472659618782968,-0.319807453457262,0.69121254882779,-1.06997901477062,0.932454613759106,-0.375917886922833,0.486529079621289,0.0615388166804334,0.0145584772617526,0.0237879689704024,0.0750934824450374,0.000536540841523214,0,0.19119690557437,0.0517269462009401,0.00486611306125341,294
13119,1161859.7815407,1335126.2204702,-0.214982459802682,-0.300388537733592,0.0754751777888052,0.739637217563474,-1.08319812240038,-0.26235127455783,0.932454613759106,0.266665620249873,0.0428246686897277,2019,-0.472659618782968,-0.319807453457262,0.69121254882779,-1.06997901477062,0.932454613759106,-0.375917886922833,0.486529079621289,0.0615388166804334,0.257677158980285,0.0574561788994314,0.0484246687356843,-0.0132191076297619,0,0.418742555612561,-0.219863459371416,0.0139363611083719,295
13121,1057693.37207609,1255756.84629862,3.89003376348963,6.67402637972701,2.57750635024274,-1.43571856876737,0.893325955146255,1.77030703175747,-1.07164829461638,-0.511838536313715,2.52282128463906,2015,4.06898183556258,1.8376217449561,-1.26515382615345,0.895439243366666,-1.07048003860224,3.05061007364308,-0.738718486628242,2.59857173532126,-0.178948072072953,-0.0673147131986296,-0.170564742613924,-0.00211328822041046,-0.00116825601414616,-0.527788789004025,0.226879950314527,-0.0210653850785252,296
13121,1057693.37207609,1255756.84629862,3.9599620551945,6.76730041802649,2.5880831679494,-1.34553559882706,0.893835174843382,1.79963257475045,-1.07016115484789,-0.59964880142576,2.73963101859089,2016,4.06898183556258,1.8376217449561,-1.26515382615345,0.895439243366666,-1.07048003860224,3.05061007364308,-0.738718486628242,2.59857173532126,-0.109019780368079,-0.0379891702056545,-0.0803817726736096,-0.00160406852328399,0.000318883754349297,-0.310979055052195,0.139069685202482,-0.0104885673718624,297
13121,1057693.37207609,1255756.84629862,3.98803462043175,6.86644490108901,2.59917715518932,-1.2571171554714,0.897485586632927,1.8437853795614,-1.07038372433193,-0.738597499562547,2.96376069532887,2017,4.06898183556258,1.8376217449561,-1.26515382615345,0.895439243366666,-1.07048003860224,3.05061007364308,-0.738718486628242,2.59857173532126,-0.0809472151308306,0.00616363460529623,0.00803667068204517,0.00204634326626085,9.6314270305653e-05,-0.0868493783142092,0.000120987065694744,0.000605419868060064,298
13121,1057693.37207609,1255756.84629862,4.15830064235018,6.9497631294813,2.60838483486754,-1.18038906915974,0.89767137441158,1.84720513118945,-1.07006902306068,-0.868586921610157,3.36322043023048,2018,4.06898183556258,1.8376217449561,-1.26515382615345,0.895439243366666,-1.07048003860224,3.05061007364308,-0.738718486628242,2.59857173532126,0.0893188067875998,0.00958338623335142,0.0847647569937058,0.00223213104491404,0.000411015541554871,0.312610356587395,-0.129868434981915,0.00981309954627729,299
13121,1057693.37207609,1255756.84629862,4.34857809634684,7.05351544001544,2.61970716835731,-1.10700873854167,0.894878125799185,1.92717860752174,-1.0701379961543,-0.97492067422903,3.66361693942612,2019,4.06898183556258,1.8376217449561,-1.26515382615345,0.895439243366666,-1.07048003860224,3.05061007364308,-0.738718486628242,2.59857173532126,0.279596260784262,0.0895568625656369,0.158145087611783,-0.000561117567480451,0.000342042447936786,0.613006865783034,-0.236202187600788,0.0211354330360507,300
13123,1046585.99538728,1355902.17024397,-0.228808369072243,-0.257524857615732,-0.128573900562429,1.0602055746627,-1.54450795211637,0.366477607544022,0.932454613759106,0.346541708371788,-0.523181193032109,2015,-0.0937926415978012,0.475666344576735,1.48655999295504,-1.5579565038113,0.932454613759106,-0.131069286412988,-0.307494361007897,-0.105154737468574,-0.135015727474442,-0.109188737032712,-0.426354418292331,0.0134485516949263,0,-0.392111906619121,0.654036069379686,-0.0234191630938551,301
13123,1046585.99538728,1355902.17024397,-0.18026318833933,-0.255471290411846,-0.120570594960879,1.29584291160974,-1.56383137015284,0.520400538575396,0.932454613759106,-0.238122391590924,-0.413730619943886,2016,-0.0937926415978012,0.475666344576735,1.48655999295504,-1.5579565038113,0.932454613759106,-0.131069286412988,-0.307494361007897,-0.105154737468574,-0.0864705467415289,0.0447341939986617,-0.190717081345298,-0.00587486634154177,0,-0.282661333530898,0.0693719694169735,-0.0154158574923054,302
13123,1046585.99538728,1355902.17024397,-0.167529961584313,-0.25069656525228,-0.102260546270826,1.50166383530582,-1.51306245607707,0.442204145157211,0.932454613759106,-0.331239193022997,-0.189391801983439,2017,-0.0937926415978012,0.475666344576735,1.48655999295504,-1.5579565038113,0.932454613759106,-0.131069286412988,-0.307494361007897,-0.105154737468574,-0.0737373199865116,-0.0334621994195234,0.0151038423507823,0.044894047734233,0,-0.0583225155704506,-0.0237448320150991,0.00289419119774752,303
13123,1046585.99538728,1355902.17024397,0.0568293877053764,-0.248461587518016,-0.0938292277642847,1.6983439821634,-1.58688117799389,0.513698978067065,0.932454613759106,-0.690767480229991,0.139169058503692,2018,-0.0937926415978012,0.475666344576735,1.48655999295504,-1.5579565038113,0.932454613759106,-0.131069286412988,-0.307494361007897,-0.105154737468574,0.150622029303178,0.03803263349033,0.211783989208365,-0.0289246741825888,0,0.27023834491668,-0.383273119222094,0.0113255097042892,304
13123,1046585.99538728,1355902.17024397,0.0508089233015034,-0.244891428280165,-0.0805394177844501,1.87674366103352,-1.58149956271633,0.535550453539979,0.932454613759106,-0.623884448567363,0.331788124390801,2019,-0.0937926415978012,0.475666344576735,1.48655999295504,-1.5579565038113,0.932454613759106,-0.131069286412988,-0.307494361007897,-0.105154737468574,0.144601564899305,0.0598841089632439,0.390183668078481,-0.0235430589050283,0,0.462857410803789,-0.316390087559466,0.0246153196841238,305
13125,1235744.87594585,1216082.66879847,-1.10608145924341,-0.443187650826426,-1.05380385750597,0.313696802809574,-1.21829227221536,-0.879716344415494,0.932454613759106,-0.702197625957575,-0.380198310609214,2015,-0.878861225008395,-0.955434633908535,0.19996575550702,-1.1361190359579,0.932454613759106,-0.211156431867606,-0.733280373618085,-1.06785495723558,-0.227220234235011,0.0757182894930406,0.113731047302554,-0.0821732362574614,0,-0.169041878741607,0.0310827476605099,0.0140510997296071,306
13125,1235744.87594585,1216082.66879847,-1.04491936118163,-0.443434369147741,-1.06282861503596,0.18246371983171,-1.22694126664014,-0.907634443690943,0.932454613759106,-0.855049160855519,-0.323033043136384,2016,-0.878861225008395,-0.955434633908535,0.19996575550702,-1.1361190359579,0.932454613759106,-0.211156431867606,-0.733280373618085,-1.06785495723558,-0.16605813617324,0.0478001902175916,-0.0175020356753099,-0.0908222306822422,0,-0.111876611268777,-0.121768787237434,0.00502634219961795,307
13125,1235744.87594585,1216082.66879847,-0.891743738820822,-0.443623036099335,-1.06979797624086,0.201036647729866,-1.11090148557529,-0.951576120395664,0.932454613759106,-1.38563123804071,-0.181235294307437,2017,-0.878861225008395,-0.955434633908535,0.19996575550702,-1.1361190359579,0.932454613759106,-0.211156431867606,-0.733280373618085,-1.06785495723558,-0.012882513812427,0.0038585135128707,0.00107089222284557,0.0252175503826111,0,0.029921137560169,-0.652350864422629,-0.00194301900528404,308
13125,1235744.87594585,1216082.66879847,-0.879222834338564,-0.443753651681207,-1.07465807527429,0.217084132350098,-1.09278038047864,-1.01160625947435,0.932454613759106,-0.401607480163869,-0.239027985447652,2018,-0.878861225008395,-0.955434633908535,0.19996575550702,-1.1361190359579,0.932454613759106,-0.211156431867606,-0.733280373618085,-1.06785495723558,-0.000361609330168822,-0.056171625565811,0.0171183768430781,0.0433386554792561,0,-0.0278715535800456,0.331672893454216,-0.00680311803871247,309
13125,1235744.87594585,1216082.66879847,-0.472338731457548,-0.443847985157004,-1.07818626212081,0.0855474748138527,-1.03167977488006,-1.02664000156623,0.932454613759106,-0.321916363072747,0.0677124741626549,2019,-0.878861225008395,-0.955434633908535,0.19996575550702,-1.1361190359579,0.932454613759106,-0.211156431867606,-0.733280373618085,-1.06785495723558,0.406522493550847,-0.0712053676576921,-0.114418280693168,0.104439261077836,0,0.278868906030261,0.411364010545337,-0.0103313048852289,310
13127,1372244.14526824,1009124.09637189,0.789494836089731,0.127573416272002,0.475959431383025,0.174789033568781,-0.153104909387571,0.200063195682112,-1.06983415847312,-0.350894511375876,0.522734060498217,2015,0.911342558960185,0.175846839358125,0.48601117829342,-0.140616762504245,-1.06922698598477,0.711086645447109,-0.360127658890052,0.490842682812904,-0.121847722870454,0.024216356323987,-0.311222144724639,-0.0124881468833268,-0.00060717248834985,-0.188352584948893,0.00923314751417648,-0.0148832514298793,311
13127,1372244.14526824,1009124.09637189,0.901822539019574,0.133959066941329,0.484685033248337,0.317607730705617,-0.166102253589418,0.194405569035657,-1.07066256584859,-0.345390443622206,0.533191121621296,2016,0.911342558960185,0.175846839358125,0.48601117829342,-0.140616762504245,-1.06922698598477,0.711086645447109,-0.360127658890052,0.490842682812904,-0.00952001994061069,0.018558729677532,-0.168403447587803,-0.025485491085173,-0.0014355798638146,-0.177895523825814,0.0147372152678464,-0.00615764956456721,312
13127,1372244.14526824,1009124.09637189,0.925837862090868,0.140083486446911,0.492966805004374,0.4758438323635,-0.142844653290358,0.209086273362483,-1.06684916708326,-0.271949196401983,0.592447801318741,2017,0.911342558960185,0.175846839358125,0.48601117829342,-0.140616762504245,-1.06922698598477,0.711086645447109,-0.360127658890052,0.490842682812904,0.0144953031306829,0.033239434004358,-0.0101673459299205,-0.0022278907861131,0.00237781890150912,-0.118638844128368,0.0881784624880696,0.00212412219146924,313
13127,1372244.14526824,1009124.09637189,0.971451604157711,0.14376249200299,0.497901587721423,0.630183227822065,-0.125508600375721,0.17508603755732,-1.06863425484831,-0.405355691127476,0.863703966851401,2018,0.911342558960185,0.175846839358125,0.48601117829342,-0.140616762504245,-1.06922698598477,0.711086645447109,-0.360127658890052,0.490842682812904,0.060109045197526,-0.000760801800804123,0.144172049528645,0.0151081621285232,0.000592731136465074,0.152617321404292,-0.0452280322374234,0.00705890490851846,314
13127,1372244.14526824,1009124.09637189,0.96810595344304,0.147361676925701,0.502700556707363,0.831632067007139,-0.115523395878155,0.100593121153052,-1.07015478367058,-0.427048451922722,1.04335627694589,2019,0.911342558960185,0.175846839358125,0.48601117829342,-0.140616762504245,-1.06922698598477,0.711086645447109,-0.360127658890052,0.490842682812904,0.0567633944828554,-0.075253718205073,0.345620888713719,0.0250933666260897,-0.000927797685809972,0.332269631498783,-0.0669207930326692,0.011857873894459,315
13129,1011124.4339326,1330497.70979881,-0.378870588038897,-0.0600340978243514,0.566549226345506,-0.783829733074171,-1.35519567158207,1.09107018579312,0.932454613759106,-0.105656881121458,-0.265728348181913,2015,-0.375397814316218,1.05548277067083,-0.577283457226691,-1.37907336963536,0.932454613759106,-0.0441920226024507,-0.220607729803174,0.57504588759938,-0.00347277372267879,0.0355874151222881,-0.20654627584748,0.02387769805329,0,-0.221536325579462,0.114950848681716,-0.00849666125387416,316
13129,1011124.4339326,1330497.70979881,-0.457402966513242,-0.0586553777934739,0.569314770867628,-0.639082759325311,-1.37564019532745,1.19079604098053,0.932454613759106,-0.0709715765548864,-0.20424082877821,2016,-0.375397814316218,1.05548277067083,-0.577283457226691,-1.37907336963536,0.932454613759106,-0.0441920226024507,-0.220607729803174,0.57504588759938,-0.0820051521970245,0.135313270309699,-0.0617993020986206,0.00343317430791101,0,-0.16004880617576,0.149636153248287,-0.00573111673175208,317
13129,1011124.4339326,1330497.70979881,-0.397978102483382,-0.056151912474249,0.574312548286421,-0.596735920005788,-1.38091881328704,1.0771716325871,0.932454613759106,-0.330042920193701,-0.0812657899708055,2017,-0.375397814316218,1.05548277067083,-0.577283457226691,-1.37907336963536,0.932454613759106,-0.0441920226024507,-0.220607729803174,0.57504588759938,-0.0225802881671644,0.0216888619162645,-0.0194524627790972,-0.00184544365167461,0,-0.0370737673683548,-0.109435190390527,-0.000733339312958381,318
13129,1011124.4339326,1330497.70979881,-0.318247690251968,-0.053496062309506,0.579581242832829,-0.465964974476346,-1.38671770799617,1.04533721784796,0.932454613759106,-0.153776565646597,0.0999899361625576,2018,-0.375397814316218,1.05548277067083,-0.577283457226691,-1.37907336963536,0.932454613759106,-0.0441920226024507,-0.220607729803174,0.57504588759938,0.0571501240642499,-0.0101455528228676,0.111318482750345,-0.00764433836081113,0,0.144181958765008,0.0668311641565764,0.00453535523344895,319
13129,1011124.4339326,1330497.70979881,-0.3244897242936,-0.0505064167688664,0.585471649664515,-0.400803899251838,-1.39689445998408,0.873038776145447,0.932454613759106,-0.442590705499226,0.230284917756118,2019,-0.375397814316218,1.05548277067083,-0.577283457226691,-1.37907336963536,0.932454613759106,-0.0441920226024507,-0.220607729803174,0.57504588759938,0.0509080900226176,-0.182443994525384,0.176479557974853,-0.0178210903487157,0,0.274476940358568,-0.221982975696052,0.0104257620651358,320
13131,1119109.05511276,935885.555639481,-0.419394276798845,-0.282414382383678,-0.285781665187757,-0.102560624431306,0.0217478777549837,0.262540923899402,0.932454613759106,1.38916869499654,-0.720192224590911,2015,-0.444938333143495,0.230292918646912,0.130768871182962,0.0338723065657504,0.932454613759106,-0.228654580813558,0.75581191097213,-0.292440657451523,0.0255440563446504,0.0322480052524903,-0.233329495614269,-0.0121244288107667,0,-0.491537643777353,0.633356784024411,0.00665899226376582,321
13131,1119109.05511276,935885.555639481,-0.504089383135214,-0.283125511662763,-0.288951379056855,0.0369235429970609,0.019070432307007,0.2422772324027,0.932454613759106,1.23706223704307,-0.587457262068632,2016,-0.444938333143495,0.230292918646912,0.130768871182962,0.0338723065657504,0.932454613759106,-0.228654580813558,0.75581191097213,-0.292440657451523,-0.059151049991719,0.0119843137557882,-0.0938453281859013,-0.0148018742587434,0,-0.358802681255074,0.481250326070935,0.00348927839466806,322
13131,1119109.05511276,935885.555639481,-0.425773432308212,-0.283829384520632,-0.292100937550593,0.0957863851874599,0.0228914138766297,0.269170808556934,0.932454613759106,0.620682835343938,-0.0786166678196256,2017,-0.444938333143495,0.230292918646912,0.130768871182962,0.0338723065657504,0.932454613759106,-0.228654580813558,0.75581191097213,-0.292440657451523,0.0191649008352833,0.0388778899100216,-0.0349824859955022,-0.0109808926891207,0,0.150037912993932,-0.135129075628192,0.00033971990093018,323
13131,1119109.05511276,935885.555639481,-0.417907986388559,-0.284714667908879,-0.296079600397713,0.242897486431634,0.0217696154490776,0.252778229356899,0.932454613759106,0.342801000421635,0.079563810102144,2018,-0.444938333143495,0.230292918646912,0.130768871182962,0.0338723065657504,0.932454613759106,-0.228654580813558,0.75581191097213,-0.292440657451523,0.0270303467549358,0.0224853107099871,0.112128615248672,-0.0121026911166728,0,0.308218390915702,-0.413010910550495,-0.00363894294618977,324
13131,1119109.05511276,935885.555639481,-0.457526587086645,-0.285425797187963,-0.299289705064698,0.380797565729962,0.0838821934410539,0.124697399018625,0.932454613759106,0.18934478705547,0.163429440309235,2019,-0.444938333143495,0.230292918646912,0.130768871182962,0.0338723065657504,0.932454613759106,-0.228654580813558,0.75581191097213,-0.292440657451523,-0.0125882539431504,-0.105595519628287,0.250028694547,0.0500098868753035,0,0.392084021122793,-0.566467123916659,-0.0068490476131744,325
13133,1179506.47397122,1247671.71864648,0.0129135059502533,-0.347083608253049,-0.538846021285414,2.03263081175546,0.454266956291161,0.0536033798672558,0.932454613759106,0.557012549231948,-0.0521254463078264,2015,0.07968542175683,0.0276321926146757,2.50734187790378,0.425227951535368,0.932454613759106,0.19340634886206,0.215843465186877,-0.516701443395345,-0.0667719158065767,0.02597118725258,-0.47471106614832,0.0290390047557931,0,-0.245531795169887,0.341169084045071,-0.0221445778900691,326
13133,1179506.47397122,1247671.71864648,-0.0115079372054542,-0.345603298325159,-0.528730006591935,2.31017113122656,0.447684717525421,0.0716372624668015,0.932454613759106,0.468151436253702,-0.00925149570320394,2016,0.07968542175683,0.0276321926146757,2.50734187790378,0.425227951535368,0.932454613759106,0.19340634886206,0.215843465186877,-0.516701443395345,-0.0911933589622842,0.0440050698521258,-0.197170746677218,0.0224567659900527,0,-0.202657844565264,0.252307971066824,-0.0120285631965903,327
13133,1179506.47397122,1247671.71864648,0.0879816062385815,-0.344173783345776,-0.519078875335916,2.56677056044544,0.429885943885363,0.0365295636931884,0.932454613759106,0.111063843489512,0.137007932538256,2017,0.07968542175683,0.0276321926146757,2.50734187790378,0.425227951535368,0.932454613759106,0.19340634886206,0.215843465186877,-0.516701443395345,0.00829618448175157,0.00889737107851264,0.0594286825416619,0.00465799234999498,0,-0.0563984163238041,-0.104779621697365,-0.00237743194057138,328
13133,1179506.47397122,1247671.71864648,0.121445861620161,-0.34240321656928,-0.50728151120989,2.73410795993589,0.406894854287176,0.0221545691415977,0.932454613759106,0.169620314396343,0.358837055829164,2018,0.07968542175683,0.0276321926146757,2.50734187790378,0.425227951535368,0.932454613759106,0.19340634886206,0.215843465186877,-0.516701443395345,0.0417604398633312,-0.00547762347307804,0.226766082032107,-0.0183330972481921,0,0.165430706967104,-0.0462231507905338,0.00941993218545478,329
13133,1179506.47397122,1247671.71864648,0.187594072180608,-0.339696571456031,-0.489570802553569,2.89302892615555,0.38740728568772,-0.0457638120954647,0.932454613759106,-0.226630817437119,0.532563697953911,2019,0.07968542175683,0.0276321926146757,2.50734187790378,0.425227951535368,0.932454613759106,0.19340634886206,0.215843465186877,-0.516701443395345,0.107908650423778,-0.0733960047101404,0.38568704825177,-0.0378206658476485,0,0.339157349091851,-0.442474282623997,0.0271306408417759,330
13135,1095790.60022703,1279833.18333136,2.07471415029458,5.76937560325613,2.63136485627595,-1.86983339080728,-0.169703579507773,4.56073042746623,-1.06929014990287,-1.06005183675789,1.51810685193366,2015,2.12620280148064,4.6684954692118,-1.69676509184306,-0.0976424070283487,-1.07015784807384,1.88098081565266,-1.2894058926546,2.65813852596606,-0.0514886511860615,-0.107765041745576,-0.173068298964217,-0.0720611724794247,0.000867698170964548,-0.362873963718993,0.229354055896711,-0.0267736696901086,331
13135,1095790.60022703,1279833.18333136,2.06311396671196,5.87827997285302,2.64547516112798,-1.76983597005245,-0.128984772586385,4.58345486192858,-1.06869802292687,-1.17028756266889,1.64965668086199,2016,2.12620280148064,4.6684954692118,-1.69676509184306,-0.0976424070283487,-1.07015784807384,1.88098081565266,-1.2894058926546,2.65813852596606,-0.0630888347686782,-0.0850406072832195,-0.0730708782093901,-0.031342365558036,0.00145982514697107,-0.231324134790664,0.119118329985709,-0.0126633648380747,332
13135,1095790.60022703,1279833.18333136,2.08429123607373,5.99229286298538,2.6599901490128,-1.70440852415707,-0.0949093530762097,4.65225934731981,-1.06990526894814,-1.29681063901018,1.84206660552664,2017,2.12620280148064,4.6684954692118,-1.69676509184306,-0.0976424070283487,-1.07015784807384,1.88098081565266,-1.2894058926546,2.65813852596606,-0.0419115654069135,-0.0162361218919935,-0.0076434323140091,0.00273305395213899,0.000252579125694208,-0.0389142101260167,-0.0074047463555742,0.00185162304674513,333
13135,1095790.60022703,1279833.18333136,2.16098048267606,6.08186612646512,2.67121509510965,-1.61463921949386,-0.0636093481340589,4.72134644193901,-1.07023231936431,-1.40977849348218,2.06626599600545,2018,2.12620280148064,4.6684954692118,-1.69676509184306,-0.0976424070283487,-1.07015784807384,1.88098081565266,-1.2894058926546,2.65813852596606,0.0347776811954139,0.0528509727272128,0.0821258723492029,0.0340330588942898,-7.44712904738876e-05,0.18528518035279,-0.120372600827578,0.0130765691435974,334
13135,1095790.60022703,1279833.18333136,2.24791417164688,6.17437098411579,2.6826473683039,-1.52510835470465,-0.0310049818373169,4.82468626740538,-1.07266347922699,-1.51010093135387,2.32880794393554,2019,2.12620280148064,4.6684954692118,-1.69676509184306,-0.0976424070283487,-1.07015784807384,1.88098081565266,-1.2894058926546,2.65813852596606,0.121711370166239,0.156190798193575,0.171656737138413,0.0666374251910319,-0.0025056311531555,0.447827128282884,-0.220695038699268,0.0245088423378417,335
13137,1130813.33658451,1359809.25715521,-0.0238389777133041,-0.149737976885971,0.566031204028708,0.225793701819933,-1.39368916131705,0.997184960802129,0.932454613759106,-0.473965113483665,-0.47410271949446,2015,0.0492903099336648,1.00661216843725,0.414726133570926,-1.42424223819616,0.932454613759106,-0.192236122608916,-0.651866313462541,0.57496832906561,-0.0731292876469689,-0.00942720763512128,-0.188932431750993,0.0305530768791138,0,-0.281866596885544,0.177901199978876,-0.00893712503690169,336
13137,1130813.33658451,1359809.25715521,-0.00915955330972445,-0.148308461906588,0.569710943814647,0.369895320640685,-1.42615177305519,0.95087973342289,0.932454613759106,-0.400443729271055,-0.37169323422911,2016,0.0492903099336648,1.00661216843725,0.414726133570926,-1.42424223819616,0.932454613759106,-0.192236122608916,-0.651866313462541,0.57496832906561,-0.0584498632433893,-0.0557324350143606,-0.0448308129302413,-0.00190953485903056,0,-0.179457111620194,0.251422584191486,-0.00525738525096264,337
13137,1130813.33658451,1359809.25715521,0.0846519728119749,-0.147190973039455,0.572575964119767,0.435042810798038,-1.43354576802456,1.03431110548771,0.932454613759106,-0.5586238349898,-0.240003977819139,2017,0.0492903099336648,1.00661216843725,0.414726133570926,-1.42424223819616,0.932454613759106,-0.192236122608916,-0.651866313462541,0.57496832906561,0.0353616628783101,0.0276989370504632,0.0203166772271115,-0.00930352982840121,0,-0.0477678552102232,0.093242478472741,-0.0023923649458425,338
13137,1130813.33658451,1359809.25715521,0.0352122701310851,-0.144208583920031,0.580173267366622,0.490769993690773,-1.43816023701265,1.04478261636286,0.932454613759106,-0.955888177394206,0.00727066087126032,2018,0.0492903099336648,1.00661216843725,0.414726133570926,-1.42424223819616,0.932454613759106,-0.192236122608916,-0.651866313462541,0.57496832906561,-0.0140780398025797,0.0381704479256131,0.0760438601198465,-0.0139179988164932,0,0.199506783480176,-0.304021863931664,0.00520493830101298,339
13137,1130813.33658451,1359809.25715521,0.159585837748293,-0.141763169970527,0.586350265998303,0.552128840905202,-1.42966425157135,1.00590242611066,0.932454613759106,-0.87041071217398,0.117348657626868,2019,0.0492903099336648,1.00661216843725,0.414726133570926,-1.42424223819616,0.932454613759106,-0.192236122608916,-0.651866313462541,0.57496832906561,0.110295527814628,-0.000709742326594265,0.137402707334276,-0.00542201337518899,0,0.309584780235784,-0.218544398711439,0.0113819369326936,340
13139,1109270.61154894,1321572.98981177,0.402179573287216,0.898009425947568,1.40679555356608,-0.73048192280524,-1.18336428023629,2.52568199062111,-1.06624054926405,-0.389461302870888,0.657281580281829,2015,0.439683357836864,2.66957856209618,-0.542923867234158,-1.19010164044137,-1.06936481029264,1.05109450217697,-0.717090766767705,1.42914163045816,-0.0375037845496478,-0.143896571475079,-0.187558055571082,0.00673736020508131,0.00312426102858843,-0.393812921895142,0.327629463896818,-0.0223460768920793,341
13139,1109270.61154894,1321572.98981177,0.340464492148959,0.91662940278563,1.41784740490234,-0.603753196643895,-1.18738421342538,2.71734085745498,-1.06876203753093,-0.489032594108299,0.776980073270669,2016,0.439683357836864,2.66957856209618,-0.542923867234158,-1.19010164044137,-1.06936481029264,1.05109450217697,-0.717090766767705,1.42914163045816,-0.0992188656879044,0.0477622953587931,-0.0608293294097373,0.00271742701599242,0.000602772761706172,-0.274114428906301,0.228058172659406,-0.0112942255558155,342
13139,1109270.61154894,1321572.98981177,0.447741653218752,0.93392145454132,1.42797854043011,-0.551399192239384,-1.18730010454018,2.69779572358767,-1.06944955081594,-0.728680742161689,0.987724711771114,2017,0.439683357836864,2.66957856209618,-0.542923867234158,-1.19010164044137,-1.06936481029264,1.05109450217697,-0.717090766767705,1.42914163045816,0.00805829538188818,0.0282171614914901,-0.0084753250052263,0.00280153590119525,-8.47405232997644e-05,-0.0633697904058566,-0.011589975393984,-0.00116309002805304,343
13139,1109270.61154894,1321572.98981177,0.479374812642723,0.956387334623408,1.44095557287031,-0.460036192503615,-1.19056491656867,2.74279556332864,-1.07080944061759,-0.940887200716689,1.25312492307485,2018,0.439683357836864,2.66957856209618,-0.542923867234158,-1.19010164044137,-1.06936481029264,1.05109450217697,-0.717090766767705,1.42914163045816,0.0396914548058598,0.073217001232456,0.082887674730543,-0.000463276127296686,-0.00144463032495157,0.202030420897879,-0.223796433948983,0.0118139424121517,344
13139,1109270.61154894,1321572.98981177,0.528656257886668,0.97602321043159,1.45213108052196,-0.368948831978656,-1.20189468743635,2.66427867548853,-1.07156247323468,-1.03739199398096,1.58036122248639,2019,0.439683357836864,2.66957856209618,-0.542923867234158,-1.19010164044137,-1.06936481029264,1.05109450217697,-0.717090766767705,1.42914163045816,0.0889729000498043,-0.00529988660765923,0.173975035255502,-0.0117930469949721,-0.00219766294204304,0.52926672030942,-0.320301227213256,0.0229894500637966,345
13141,1199351.806621,1215632.02318851,-1.06442632602825,-0.401143946305877,-1.16752442750564,0.549924627198044,2.55177759541803,-0.463637795163591,0.932454613759106,1.33795436289323,-1.87179350920515,2015,-1.05329932148481,-0.542261157622019,1.02189554197169,2.5417938445519,0.932454613759106,-1.40710959839186,0.942545889616602,-1.18731258591959,-0.0111270045434431,0.0786233624584284,-0.471970914773641,0.00998375086613246,0,-0.464683910813287,0.395408473276627,0.0197881584139428,346
13141,1199351.806621,1215632.02318851,-0.86365900504345,-0.402116306748707,-1.1799132685075,0.766674336888799,2.56160817338134,-0.449329256791204,0.932454613759106,1.48973637394707,-1.73083232526605,2016,-1.05329932148481,-0.542261157622019,1.02189554197169,2.5417938445519,0.932454613759106,-1.40710959839186,0.942545889616602,-1.18731258591959,0.189640316441361,0.0929319008308155,-0.255221205082886,0.0198143288294483,0,-0.323722726874186,0.547190484330464,0.00739931741208522,347
13141,1199351.806621,1215632.02318851,-1.1257665225786,-0.402696820445918,-1.18740039308977,1.04168473488753,2.53976870629642,-0.580611614601923,0.932454613759106,1.28726062099679,-1.5700027251931,2017,-1.05329932148481,-0.542261157622019,1.02189554197169,2.5417938445519,0.932454613759106,-1.40710959839186,0.942545889616602,-1.18731258591959,-0.0724672010937926,-0.0383504569799031,0.0197891929158405,-0.00202513825547168,0,-0.162893126801237,0.344714731380184,-8.78071701864158e-05,348
13141,1199351.806621,1215632.02318851,-1.11193204671569,-0.403654668046317,-1.19990655565772,1.28691396575398,2.50403790429342,-0.559876040856562,0.932454613759106,0.441148857301105,-0.852230049704984,2018,-1.05329932148481,-0.542261157622019,1.02189554197169,2.5417938445519,0.932454613759106,-1.40710959839186,0.942545889616602,-1.18731258591959,-0.0586327252308803,-0.017614883234543,0.265018423782297,-0.0377559402584708,0,0.554879548686881,-0.501397032315496,-0.0125939697381345,349
13141,1199351.806621,1215632.02318851,-1.10071270705806,-0.40379979647062,-1.20181828483729,1.46428004513007,2.55177684337026,-0.657851080696817,0.932454613759106,0.156629232944823,-1.01068938259004,2019,-1.05329932148481,-0.542261157622019,1.02189554197169,2.5417938445519,0.932454613759106,-1.40710959839186,0.942545889616602,-1.18731258591959,-0.0474133855732453,-0.115589923074798,0.442384503158389,0.00998299881836218,0,0.396420215801829,-0.785916656671779,-0.0145056989177068,350
13143,989762.360548784,1248225.72714828,-0.306358035300082,-0.258308551106967,0.21077653481226,-0.239947940211575,-1.3334104061354,-0.691275192250316,-1.06809191261852,-0.110528357056969,0.072243867315989,2015,-0.314545907849418,-0.763137741271575,-0.11819007573824,-1.34313979178098,-1.0746876810713,0.365822372659381,-0.47656613088588,0.218200303079022,0.00818787254933623,0.071862549021259,-0.121757864473335,0.00972938564558379,0.00659576845278198,-0.293578505343392,0.366037773828911,-0.00742376826676269,351
13143,989762.360548784,1248225.72714828,-0.36100227162908,-0.257568396143023,0.213681107613645,-0.0707321268595844,-1.34233899222082,-0.740331269467091,-1.07228761447585,-0.116565860723488,0.128433142417332,2016,-0.314545907849418,-0.763137741271575,-0.11819007573824,-1.34313979178098,-1.0746876810713,0.365822372659381,-0.47656613088588,0.218200303079022,-0.0464563637796612,0.0228064718044845,0.0474579488786556,0.000800799560167986,0.00240006659545422,-0.237389230242049,0.360000270162392,-0.00451919546537738,352
13143,989762.360548784,1248225.72714828,-0.273599502922292,-0.25716929297619,0.21524301300035,-0.0770290723659682,-1.36760709077355,-0.740143473955299,-1.07487114280289,-0.451022905074567,0.50990673218724,2017,-0.314545907849418,-0.763137741271575,-0.11819007573824,-1.34313979178098,-1.0746876810713,0.365822372659381,-0.47656613088588,0.218200303079022,0.0409464049271265,0.0229942673162767,0.0411610033722717,-0.0244672989925661,-0.000183461731585011,0.14408435952786,0.0255432258113132,-0.0029572900786719,353
13143,989762.360548784,1248225.72714828,-0.373266053204794,-0.255471290411846,0.221854948448962,-0.11916570474497,-1.34798185645834,-0.77107157478403,-1.07909117308115,-0.804429050111817,0.447024937967128,2018,-0.314545907849418,-0.763137741271575,-0.11819007573824,-1.34313979178098,-1.0746876810713,0.365822372659381,-0.47656613088588,0.218200303079022,-0.0587201453553751,-0.00793383351245514,-0.000975629006730386,-0.0048420646773526,-0.00440349200985235,0.0812025653077467,-0.327862919225938,0.00365464536993965,354
13143,989762.360548784,1248225.72714828,-0.258503676190845,-0.253504800262542,0.229445911519895,-0.0840755345091018,-1.32436061331682,-0.87286719590114,-1.0790965623781,-0.900284481462559,0.671503183409216,2019,-0.314545907849418,-0.763137741271575,-0.11819007573824,-1.34313979178098,-1.0746876810713,0.365822372659381,-0.47656613088588,0.218200303079022,0.0560422316585735,-0.109729454629565,0.0341145412291382,0.0187791784641664,-0.00440888130679862,0.305680810749835,-0.423718350576679,0.0112456084408723,355
13145,1031109.2140545,1134075.52893523,1.20361188198821,-0.227751761369993,-0.0951457147211343,-0.143925161538292,-0.685277934085514,-0.551713855932972,-1.07317165298963,-1.71629385430315,1.43033725224062,2015,1.24778139765002,-0.55516747064082,0.161772739591498,-0.698710918431391,-1.07749673120045,1.7495982997023,-1.95715015591402,-0.0815143388004187,-0.0441695156618138,0.00345361470784844,-0.30569790112979,0.0134329843458766,0.00432507821081884,-0.319261047461673,0.240856301610862,-0.0136313759207156,356
13145,1031109.2140545,1134075.52893523,1.07869805866543,-0.226184374387521,-0.089793158533076,0.000189750390904171,-0.715137001339341,-0.573003469357812,-1.07564694522963,-1.84342028498446,1.4964955922793,2016,1.24778139765002,-0.55516747064082,0.161772739591498,-0.698710918431391,-1.07749673120045,1.7495982997023,-1.95715015591402,-0.0815143388004187,-0.169083338984588,-0.0178359987169924,-0.161582989200594,-0.0164260829079503,0.00184978597081864,-0.253102707422995,0.113729870929561,-0.00827881973265723,357
13145,1031109.2140545,1134075.52893523,1.09735142329125,-0.224689551617202,-0.0847209535193374,0.184635362896495,-0.701518958275929,-0.56569821939042,-1.07826823520415,-2.00104943149697,1.66910681455092,2017,1.24778139765002,-0.55516747064082,0.161772739591498,-0.698710918431391,-1.07749673120045,1.7495982997023,-1.95715015591402,-0.0815143388004187,-0.150429974358769,-0.0105307487496,0.0228626233049972,-0.0028080398445377,-0.000771504003701962,-0.0804914851513774,-0.0438992755829528,-0.00320661471891862,358
13145,1031109.2140545,1134075.52893523,1.33265855742982,-0.221845034500865,-0.0751553324439436,0.310956184082355,-0.695389035799758,-0.534753051916211,-1.08008860211631,-2.06544948045465,1.95465429695179,2018,1.24778139765002,-0.55516747064082,0.161772739591498,-0.698710918431391,-1.07749673120045,1.7495982997023,-1.95715015591402,-0.0815143388004187,0.0848771597798041,0.0204144187246094,0.149183444490857,0.00332188263163347,-0.00259187091585833,0.20505599724949,-0.108299324540633,0.00635900635647513,359
13145,1031109.2140545,1134075.52893523,1.52658706687539,-0.218107977575065,-0.0627565347846024,0.457007562126028,-0.696231662656413,-0.550668756606685,-1.08030822046253,-2.15953772833085,2.19739754248885,2019,1.24778139765002,-0.55516747064082,0.161772739591498,-0.698710918431391,-1.07749673120045,1.7495982997023,-1.95715015591402,-0.0815143388004187,0.278805669225366,0.00449871403413482,0.29523482253453,0.00247925577497787,-0.00281148926207764,0.447799242786556,-0.202387572416837,0.0187578040158163,360
13147,1186190.24269158,1335680.91860755,-0.519029579162568,-0.280563994973816,0.197420593956042,0.893812702728011,-0.476589136746421,-0.551525695697297,0.932454613759106,0.122561127073164,-0.59519548729971,2015,-0.521243558888969,-0.51843545017489,1.09731585261315,-0.521943179845445,0.932454613759106,-0.321861852290599,-0.316919098762193,0.200380879251,0.00221397972640147,-0.0330902455224069,-0.203503149885141,0.0453540430990239,0,-0.273333635009112,0.439480225835358,-0.00296028529495732,361
13147,1186190.24269158,1335680.91860755,-0.58468569050257,-0.280418866549514,0.198059510555375,0.998721770449313,-0.528961673709946,-0.463403617291943,0.932454613759106,0.0192712048837083,-0.546814151170267,2016,-0.521243558888969,-0.51843545017489,1.09731585261315,-0.521943179845445,0.932454613759106,-0.321861852290599,-0.316919098762193,0.200380879251,-0.0634421316136005,0.0550318328829467,-0.0985940821638385,-0.00701849386450026,0,-0.224952298879668,0.336190303645902,-0.00232136869562455,362
13147,1186190.24269158,1335680.91860755,-0.635925102309176,-0.280295507388856,0.198602196067518,1.04059332897509,-0.531464816205284,-0.484350047195202,0.932454613759106,-0.326292238100411,-0.286015046760685,2017,-0.521243558888969,-0.51843545017489,1.09731585261315,-0.521943179845445,0.932454613759106,-0.321861852290599,-0.316919098762193,0.200380879251,-0.114681543420207,0.0340854029796877,-0.056722523638058,-0.00952163635983827,0,0.0358468055299136,-0.00937313933821771,-0.00177868318348112,363
13147,1186190.24269158,1335680.91860755,-0.486813527976572,-0.279598890952202,0.201660008440718,1.21214538984041,-0.563027586706884,-0.469581801224872,0.932454613759106,-0.53454280035949,-0.135224225365891,2018,-0.521243558888969,-0.51843545017489,1.09731585261315,-0.521943179845445,0.932454613759106,-0.321861852290599,-0.316919098762193,0.200380879251,0.0344300309123978,0.0488536489500174,0.114829537227256,-0.0410844068614387,0,0.186637626924708,-0.217623701597296,0.00127912918971829,364
13147,1186190.24269158,1335680.91860755,-0.379763894493961,-0.278568479139652,0.206162087235344,1.34130607107293,-0.509672685858692,-0.623316089465135,0.932454613759106,-0.865592787307939,-0.0460603508564408,2019,-0.521243558888969,-0.51843545017489,1.09731585261315,-0.521943179845445,0.932454613759106,-0.321861852290599,-0.316919098762193,0.200380879251,0.141479664395008,-0.104880639290245,0.243990218459781,0.0122704939867532,0,0.275801501434158,-0.548673688545745,0.00578120798434473,365
13149,1003662.62373659,1193919.21604382,-0.660130305320415,-0.381290377861241,-0.572375553414282,-0.303505592209099,-1.05347263859103,-1.01192935702755,-1.07351878130512,-0.0847834969223009,-0.47947067753764,2015,-0.748812905042428,-0.804485311816721,-0.0823274816097008,-1.06249279806424,-1.06841334221865,-0.101203919845475,-0.59499838850121,-0.57066198738846,0.0886825997220133,-0.207444045210832,-0.221178110599398,0.00902015947321178,-0.00510543908646865,-0.378266757692165,0.510214891578909,-0.00171356602582273,366
13149,1003662.62373659,1193919.21604382,-0.653591137806761,-0.381624173237138,-0.575608627579187,-0.18819947867426,-1.01537079504387,-0.909213602520361,-1.06993110778544,-0.5876495218877,-0.234636019775959,2016,-0.748812905042428,-0.804485311816721,-0.0823274816097008,-1.06249279806424,-1.06841334221865,-0.101203919845475,-0.59499838850121,-0.57066198738846,0.095221767235667,-0.10472829070364,-0.10587199706456,0.0471220030203687,-0.00151776556678218,-0.133432099930483,0.00734886661350909,-0.00494664019072744,367
13149,1003662.62373659,1193919.21604382,-0.667749462736446,-0.381362942073393,-0.57307730525669,-0.0476381766863955,-1.04319151884499,-0.834974413572047,-1.06476841599864,-0.530256927121138,-0.169174817145487,2017,-0.748812905042428,-0.804485311816721,-0.0823274816097008,-1.06249279806424,-1.06841334221865,-0.101203919845475,-0.59499838850121,-0.57066198738846,0.0810634423059818,-0.0304891017553266,0.0346893049233053,0.0193012792192493,0.00364492622001089,-0.0679708973000112,0.0647414613800715,-0.00241531786823068,368
13149,1003662.62373659,1193919.21604382,-0.823000126664799,-0.380854992588332,-0.568177686197815,0.00636211658686849,-1.08410632412869,-0.619417591091533,-1.06581542447648,-0.790957223180023,0.154087799039284,2018,-0.748812905042428,-0.804485311816721,-0.0823274816097008,-1.06249279806424,-1.06841334221865,-0.101203919845475,-0.59499838850121,-0.57066198738846,-0.074187221622371,0.185067720725188,0.0886895981965693,-0.0216135260644537,0.00259791774217888,0.25529171888476,-0.195958834678814,0.00248430119064513,369
13149,1003662.62373659,1193919.21604382,-0.939593492683719,-0.380426863736639,-0.564070764494324,0.121343722934382,-1.11632271371262,-0.646891594872109,-1.06803298152759,-0.981344773394885,0.223174116192424,2019,-0.748812905042428,-0.804485311816721,-0.0823274816097008,-1.06249279806424,-1.06841334221865,-0.101203919845475,-0.59499838850121,-0.57066198738846,-0.190780587641291,0.157593716944612,0.203671204544083,-0.0538299156483766,0.000380360691060622,0.3243780360379,-0.386346384893675,0.00659122289413583,370
13151,1090976.86616909,1221947.29551244,1.27034018179772,1.06923194094012,1.72611008817311,-1.45967179557331,0.61958627917178,0.639296294314279,-1.07564696149698,-1.18058388334058,1.076330876354,2015,1.34390296256593,0.684527477922509,-1.28792534233502,0.744338803051477,-1.0759467130468,1.45509957298007,-1.45314118057595,1.75041069773545,-0.0735627807682067,-0.0452311836082308,-0.171746453238292,-0.124752523879697,0.000299751549826865,-0.378768696626073,0.272557297235376,-0.024300609562341,371
13151,1090976.86616909,1221947.29551244,1.3033700691733,1.08852676495119,1.73629033333216,-1.35962571046931,0.676607808353801,0.6412460934263,-1.07429258484035,-1.30648319538341,1.20042133501453,2016,1.34390296256593,0.684527477922509,-1.28792534233502,0.744338803051477,-1.0759467130468,1.45509957298007,-1.45314118057595,1.75041069773545,-0.0405328933926357,-0.0432813844962093,-0.0717003681342854,-0.0677309946976766,0.00165412820645083,-0.254678237965539,0.14665798519254,-0.0141203644032881,372
13151,1090976.86616909,1221947.29551244,1.35345296288231,1.1127269297037,1.74888150446351,-1.29211595970974,0.74123290366238,0.69461438879769,-1.07605832484783,-1.40242661183603,1.38669645048697,2017,1.34390296256593,0.684527477922509,-1.28792534233502,0.744338803051477,-1.0759467130468,1.45509957298007,-1.45314118057595,1.75041069773545,0.00955000031638154,0.0100869108751803,-0.00419061737471749,-0.00310589938909711,-0.000111611801028255,-0.0684031224930985,0.0507145687399284,-0.00152919327194456,373
13151,1090976.86616909,1221947.29551244,1.38777983616989,1.14030858674247,1.76299874465811,-1.206995281063,0.798278246829219,0.693808022529258,-1.07767800532951,-1.55295709609316,1.6432430167065,2018,1.34390296256593,0.684527477922509,-1.28792534233502,0.744338803051477,-1.0759467130468,1.45509957298007,-1.45314118057595,1.75041069773545,0.0438768736039548,0.00928054460674876,0.0809300612720183,0.0539394437777418,-0.00173129228270552,0.188143443726431,-0.0998159155172043,0.0125880469226631,374
13151,1090976.86616909,1221947.29551244,1.40457176280644,1.16968983624259,1.77777281805036,-1.12121796485975,0.885988777240207,0.75367259054502,-1.07605768871935,-1.8232551162266,1.96880618633835,2019,1.34390296256593,0.684527477922509,-1.28792534233502,0.744338803051477,-1.0759467130468,1.45509957298007,-1.45314118057595,1.75041069773545,0.060668800240506,0.0691451126225112,0.166707377475276,0.14164997418873,-0.000110975672543701,0.513706613358279,-0.37011393565064,0.0273621203149108,375
13153,1150016.92900861,1117666.85279684,0.723018339448193,0.605241855601337,1.30940843813107,-1.12105040241894,0.0548632496553911,0.275045023782998,-1.06757165892114,-0.559310386663372,0.921636085473257,2015,0.994655930581955,0.224877044400946,-0.986939617156629,0.0966926650937324,-1.06554398635143,1.24314191538935,-0.695589172765906,1.32506921648776,-0.271637591133762,0.0501679793820523,-0.134110785262306,-0.0418294154383413,-0.0020276725697117,-0.321505829916094,0.136278786102535,-0.0156607783566864,376
13153,1150016.92900861,1117666.85279684,0.781388736057516,0.616612667645469,1.31801571552151,-1.01585682809771,0.0681555080499657,0.203524258375995,-1.06769288451243,-0.454628726530818,1.11613742236252,2016,0.994655930581955,0.224877044400946,-0.986939617156629,0.0966926650937324,-1.06554398635143,1.24314191538935,-0.695589172765906,1.32506921648776,-0.213267194524439,-0.0213527860249511,-0.0289172109410785,-0.0285371570437667,-0.00214889816100139,-0.127004493026831,0.240960446235088,-0.00705350096624913,377
13153,1150016.92900861,1117666.85279684,0.959807713934117,0.625349398788503,1.32456787500941,-1.00305733980694,0.0872657179016126,0.222567163826185,-1.06712659981088,-0.637672307061449,1.20244303349833,2017,0.994655930581955,0.224877044400946,-0.986939617156629,0.0966926650937324,-1.06554398635143,1.24314191538935,-0.695589172765906,1.32506921648776,-0.034848216647838,-0.00230988057476139,-0.0161177226503078,-0.00942694719211981,-0.00158261345944566,-0.0406988818910221,0.0579168657044575,-0.000501341478348794,378
13153,1150016.92900861,1117666.85279684,1.20292139789776,0.635080259638012,1.33180410184272,-0.924100640380297,0.12086725132424,0.166728945162578,-1.06492415269795,-0.787625042057205,1.39136727112195,2018,0.994655930581955,0.224877044400946,-0.986939617156629,0.0966926650937324,-1.06554398635143,1.24314191538935,-0.695589172765906,1.32506921648776,0.208265467315807,-0.0581480992383678,0.062838976776332,0.0241745862305077,0.00061983365347773,0.148225355732599,-0.0920358692912988,0.00673488535495537,379
13153,1150016.92900861,1117666.85279684,1.30614346557219,0.648323228355652,1.34154995193409,-0.870632875079268,0.152311598537453,0.256519830856974,-1.06040463581475,-1.03870940151669,1.5841257644907,2019,0.994655930581955,0.224877044400946,-0.986939617156629,0.0966926650937324,-1.06554398635143,1.24314191538935,-0.695589172765906,1.32506921648776,0.311487534990232,0.031642786456028,0.116306742077361,0.0556189334437202,0.00513935053668102,0.340983849101348,-0.343120228750781,0.0164807354463292,380
13155,1198907.22518824,1027866.06568573,-0.709861023439303,-0.397319812325496,-0.896071762363437,0.0449853481728468,0.00690939094836416,-0.877637602616068,0.932454613759106,0.711384809603465,-0.791509381450307,2015,-0.568351243527309,-0.861300054627468,0.418248917458396,0.0133698585695787,0.932454613759106,-0.846318324483403,0.589893497222384,-0.903061099160513,-0.141509779911994,-0.0163375479886003,-0.37326356928555,-0.00646046762121454,0,0.0548089430330962,0.12149131238108,0.00698933679707514,381
13155,1198907.22518824,1027866.06568573,-0.68737062270776,-0.397631838437747,-0.89980474605357,0.370965154565112,-0.0239130196891276,-0.930412931747694,0.932454613759106,0.551263653526991,-1.23481905932802,2016,-0.568351243527309,-0.861300054627468,0.418248917458396,0.0133698585695787,0.932454613759106,-0.846318324483403,0.589893497222384,-0.903061099160513,-0.11901937918045,-0.0691128771202265,-0.0472837628932843,-0.0372828782587063,0,-0.388500734844618,-0.0386298436953935,0.00325635310694272,382
13155,1198907.22518824,1027866.06568573,-0.6091314888593,-0.398263147083465,-0.907410235415142,0.483336850097791,-0.0157590767420674,-0.870204648088163,0.932454613759106,0.497756545464044,-0.746822873584351,2017,-0.568351243527309,-0.861300054627468,0.418248917458396,0.0133698585695787,0.932454613759106,-0.846318324483403,0.589893497222384,-0.903061099160513,-0.0407802453319904,-0.00890459346069539,0.0650879326393947,-0.0291289353116461,0,0.0994954508990523,-0.0921369517583399,-0.00434913625462974,383
13155,1198907.22518824,1027866.06568573,-0.412557824807768,-0.398335711295616,-0.908288995544566,0.591815784825623,0.0804626967650414,-0.835537324339871,0.932454613759106,0.785824302823879,-1.05586388664174,2018,-0.568351243527309,-0.861300054627468,0.418248917458396,0.0133698585695787,0.932454613759106,-0.846318324483403,0.589893497222384,-0.903061099160513,0.155793418719541,0.0257627302875965,0.173566867367226,0.0670928381954627,0,-0.209545562158332,0.195930805601495,-0.00522789638405308,384
13155,1198907.22518824,1027866.06568573,-0.422835257822416,-0.397958377392429,-0.903729756425848,0.600141449630609,0.019149301565683,-0.792707766345542,0.932454613759106,0.403238174693542,-0.402576421412602,2019,-0.568351243527309,-0.861300054627468,0.418248917458396,0.0133698585695787,0.932454613759106,-0.846318324483403,0.589893497222384,-0.903061099160513,0.145515985704894,0.0685922882819255,0.181892532172213,0.00577944299610425,0,0.443741903070801,-0.186655322528842,-0.000668657265335049,385
13157,1134889.68627057,1304288.24498397,0.337686512107093,-0.0198988320833857,0.67818740430699,-0.743764594203548,-1.2019787777354,-0.077882387904114,0.932454613759106,-1.07740109328676,0.577250205819867,2015,0.447841244401784,0.0827270893004271,-0.523603484772026,-1.21861716644719,0.932454613759106,0.996160074410397,-1.26103358083221,0.713814690516067,-0.110154732294691,-0.160609477204541,-0.220161109431522,0.0166383887117934,0,-0.41890986859053,0.183632487545454,-0.0356272862090765,386
13157,1134889.68627057,1304288.24498397,0.337359432070971,-0.0147395165994177,0.687566234817464,-0.63459335762728,-1.21573895008372,0.00932906840466271,0.932454613759106,-1.09692371030059,0.646615377936289,2016,0.447841244401784,0.0827270893004271,-0.523603484772026,-1.21861716644719,0.932454613759106,0.996160074410397,-1.26103358083221,0.713814690516067,-0.110481812330813,-0.0733980208957643,-0.110989872855254,0.00287821636347596,0,-0.349544696474109,0.164109870531625,-0.0262484556986029,387
13157,1134889.68627057,1304288.24498397,0.39885071171507,-0.00225847210936871,0.7098181549132,-0.433388181052174,-1.21769914568117,0.137115074618329,0.932454613759106,-1.24819731737625,0.93529997867408,2017,0.447841244401784,0.0827270893004271,-0.523603484772026,-1.21861716644719,0.932454613759106,0.996160074410397,-1.26103358083221,0.713814690516067,-0.0489905326867143,0.0543879853179021,0.0902153037198524,0.000918020766024652,0,-0.0608600957363177,0.0128362634559631,-0.00399653560286684,388
13157,1134889.68627057,1304288.24498397,0.492799572976407,0.0115577538842669,0.733761985981434,-0.402630064439281,-1.23259172226869,0.186159727723388,0.932454613759106,-1.46062449246864,1.30366738516973,2018,0.447841244401784,0.0827270893004271,-0.523603484772026,-1.21861716644719,0.932454613759106,0.996160074410397,-1.26103358083221,0.713814690516067,0.0449583285746236,0.103432638422961,0.120973420332745,-0.0139745558214945,0,0.307507310759333,-0.199590911636433,0.0199472954653672,389
13157,1134889.68627057,1304288.24498397,0.672509993139378,0.0270139310725253,0.759739672561245,-0.403641226537847,-1.22507723646699,0.15891396365987,0.932454613759106,-1.42202129072882,1.51796742445202,2019,0.447841244401784,0.0827270893004271,-0.523603484772026,-1.21861716644719,0.932454613759106,0.996160074410397,-1.26103358083221,0.713814690516067,0.224668748737595,0.0761868743594426,0.119962258234179,-0.00646007001979898,0,0.521807350041624,-0.16098770989661,0.0459249820451788,390
13159,1135635.94618058,1212275.91642216,-0.606485292350692,-0.366951689540115,-0.619893883930597,-0.417641331762832,-0.402987400720913,-0.313513139976906,-1.06734216238076,-0.054585368596935,-0.503661345602362,2015,-0.709169126781466,-0.454543350665105,-0.00972544132857537,-0.431288464783806,-1.07596432574555,-0.33881623405815,-0.345246386285374,-0.612398348808543,0.102683834430774,0.141030210688199,-0.407915890434256,0.0283010640628935,0.00862216336478627,-0.164845111544212,0.290661017688439,-0.00749553512205392,391
13159,1135635.94618058,1212275.91642216,-0.853300172052609,-0.367111330806848,-0.62121381001502,-0.195908789200872,-0.447961731029072,-0.465301630682582,-1.07252583793565,-0.14860347050267,-0.5938012124833,2016,-0.709169126781466,-0.454543350665105,-0.00972544132857537,-0.431288464783806,-1.07596432574555,-0.33881623405815,-0.345246386285374,-0.612398348808543,-0.144131045271143,-0.010758280017477,-0.186183347872296,-0.0166732662452659,0.0034384878098983,-0.25498497842515,0.196642915782703,-0.00881546120647625,392
13159,1135635.94618058,1212275.91642216,-0.8183507927747,-0.36594304699121,-0.611603418108862,0.0595201486638522,-0.428897870210178,-0.377532370569028,-1.07750879390319,-0.24273502834991,-0.56981968564104,2017,-0.709169126781466,-0.454543350665105,-0.00972544132857537,-0.431288464783806,-1.07596432574555,-0.33881623405815,-0.345246386285374,-0.612398348808543,-0.109181665993234,0.0770109800960772,0.0692455899924275,0.00239059457362806,-0.00154446815764464,-0.231003451582889,0.102511357935464,0.000794930699680951,393
13159,1135635.94618058,1212275.91642216,-0.855854205059007,-0.365565713088022,-0.608523500368329,0.172770903732022,-0.423873621728135,-0.608523584701901,-1.07742633186424,-0.470062483072962,-0.341716325676284,2018,-0.709169126781466,-0.454543350665105,-0.00972544132857537,-0.431288464783806,-1.07596432574555,-0.33881623405815,-0.345246386285374,-0.612398348808543,-0.146685078277541,-0.153980234036795,0.182496345060598,0.0074148430556708,-0.00146200611869118,-0.00290009161813382,-0.124816096787588,0.00387484844021391,394
13159,1135635.94618058,1212275.91642216,-0.411855171670323,-0.364607865487623,-0.600757131619908,0.332631861924952,-0.452721700230733,-0.50784602739511,-1.0850185026439,-0.810245580904391,0.314917399112234,2019,-0.709169126781466,-0.454543350665105,-0.00972544132857537,-0.431288464783806,-1.07596432574555,-0.33881623405815,-0.345246386285374,-0.612398348808543,0.297313955111143,-0.0533026767300042,0.342357303253527,-0.0214332354469264,-0.00905417689834875,0.653733633170384,-0.464999194619018,0.0116412171886354,395
13161,1255584.34655033,1058545.81044653,-0.890346831978712,-0.356814469102558,-0.452572973053998,-0.557689817598401,-0.687198239387182,0.273212563396603,0.932454613759106,0.176904797057997,-0.945507034922845,2015,-0.883852826869094,0.0259822679467498,-0.354469323836103,-0.672194929236216,0.932454613759106,-0.690159545045429,0.024424352549425,-0.452367693356259,-0.00649400510961762,0.247230295449853,-0.203220493762298,-0.0150033101509656,0,-0.255347489877416,0.152480444508572,-0.00020527969773898,396
13161,1255584.34655033,1058545.81044653,-0.815329999885642,-0.357082956687518,-0.454586823392321,-0.519866462290506,-0.675780571849406,0.131547078294344,0.932454613759106,-0.0500237702204366,-0.799177892940565,2016,-0.883852826869094,0.0259822679467498,-0.354469323836103,-0.672194929236216,0.932454613759106,-0.690159545045429,0.024424352549425,-0.452367693356259,0.0685228269834525,0.105564810347594,-0.165397138454403,-0.00358564261319017,0,-0.109018347895136,-0.0744481227698616,-0.00221913003606211,397
13161,1255584.34655033,1058545.81044653,-0.877530670818223,-0.356749161311621,-0.452083869187809,-0.271583673458718,-0.659316014513386,0.00164319929353447,0.932454613759106,-0.0663524071917494,-0.407804951974141,2017,-0.883852826869094,0.0259822679467498,-0.354469323836103,-0.672194929236216,0.932454613759106,-0.690159545045429,0.024424352549425,-0.452367693356259,0.00632215605087161,-0.0243390686532153,0.0828856503773852,0.0128789147228302,0,0.282354593071287,-0.0907767597411744,0.000283824168449576,398
13161,1255584.34655033,1058545.81044653,-0.945392813012986,-0.356807212681343,-0.452518613680438,-0.188261204309198,-0.677396383084326,-0.0130117760797088,0.932454613759106,-0.075898614624639,-0.598681174340737,2018,-0.883852826869094,0.0259822679467498,-0.354469323836103,-0.672194929236216,0.932454613759106,-0.690159545045429,0.024424352549425,-0.452367693356259,-0.0615399861438917,-0.0389940440264586,0.166208119526905,-0.00520145384810988,0,0.091478370704692,-0.100322967174064,-0.000150920324179293,399
13161,1255584.34655033,1058545.81044653,-0.890663818649909,-0.356480673726661,-0.450076187466728,-0.234945461523691,-0.66128343734678,-0.263479725171024,0.932454613759106,0.137491757725953,-0.699626671048856,2019,-0.883852826869094,0.0259822679467498,-0.354469323836103,-0.672194929236216,0.932454613759106,-0.690159545045429,0.024424352549425,-0.452367693356259,-0.00681099178081457,-0.289461993117774,0.119523862312411,0.0109114918894356,0,-0.00946712600342714,0.113067405176528,0.00229150588953081,400
13163,1256171.75617421,1199315.02314044,-0.810921651579517,-0.346771582140797,-0.752951139993663,0.0370041820102515,1.48734371197921,-0.573576863229474,0.932454613759106,1.41571361903686,-1.28368839164321,2015,-0.827992105404544,-0.54938603727527,0.225944749556647,1.46071719992117,0.932454613759106,-0.859605763483795,0.889124740821516,-0.772725852036514,0.0170704538250268,-0.0241908259542039,-0.188940567546395,0.0266265120580331,0,-0.424082628159413,0.526588878215342,0.0197747120428511,401
13163,1256171.75617421,1199315.02314044,-0.852989939251068,-0.348026943011017,-0.761606523576279,0.177830019888086,1.46252462801907,-0.599396753191507,0.932454613759106,1.13459271786616,-0.948713867000589,2016,-0.827992105404544,-0.54938603727527,0.225944749556647,1.46071719992117,0.932454613759106,-0.859605763483795,0.889124740821516,-0.772725852036514,-0.0249978338465235,-0.0500107159162372,-0.0481147296685602,0.00180742809789858,0,-0.0891081035167942,0.245467977044648,0.0111193284602357,402
13163,1256171.75617421,1199315.02314044,-0.814594682532513,-0.349819279051158,-0.774125751293892,0.180328652825459,1.47698114788166,-0.523664383102692,0.932454613759106,0.845192209321365,-0.852160335964163,2017,-0.827992105404544,-0.54938603727527,0.225944749556647,1.46071719992117,0.932454613759106,-0.859605763483795,0.889124740821516,-0.772725852036514,0.0133974228720312,0.0257216541725772,-0.0456160967311876,0.0162639479604851,0,0.00744542751963195,-0.043932531500152,-0.00139989925737749,403
13163,1256171.75617421,1199315.02314044,-0.787143925449763,-0.351139947712315,-0.783475100679751,0.302023282260841,1.45782387368665,-0.503042496034665,0.932454613759106,0.536723314709658,-0.409756936717116,2018,-0.827992105404544,-0.54938603727527,0.225944749556647,1.46071719992117,0.932454613759106,-0.859605763483795,0.889124740821516,-0.772725852036514,0.0408481799547813,0.0463435412406044,0.0760785327041946,-0.00289332623452343,0,0.449848826766679,-0.352401426111859,-0.0107492486432363,404
13163,1256171.75617421,1199315.02314044,-0.87431032820986,-0.352257436579447,-0.791470744638987,0.432537610798595,1.41891263803928,-0.54724969081801,0.932454613759106,0.513401843173538,-0.803709286093899,2019,-0.827992105404544,-0.54938603727527,0.225944749556647,1.46071719992117,0.932454613759106,-0.859605763483795,0.889124740821516,-0.772725852036514,-0.0463182228053157,0.00213634645725935,0.206592861241948,-0.0418045618818939,0,0.0558964773898963,-0.375722897647978,-0.0187448926024728,405
13165,1302224.60614839,1176477.25501298,-0.68507895042897,-0.400846433036056,-0.915844978671588,0.558948224201978,0.294638499430939,-0.118571591000072,0.932454613759106,1.84255290699797,-1.61406180939167,2015,-0.868940392068044,-0.125124864179765,0.27697310346881,0.344061190429932,0.932454613759106,-1.4530091253481,1.36711385924744,-0.917423861383559,0.183861441639075,0.00655327317969252,0.281975120733169,-0.0494226909989937,0,-0.161052684043575,0.47543904775054,0.00157888271197082,406
13165,1302224.60614839,1176477.25501298,-0.451584370690196,-0.399881329014442,-0.903787322267728,0.378441162417379,0.340109248742401,-0.57079197356744,0.932454613759106,1.04975544729857,-1.25698802890895,2016,-0.868940392068044,-0.125124864179765,0.27697310346881,0.344061190429932,0.932454613759106,-1.4530091253481,1.36711385924744,-0.917423861383559,0.417356021377849,-0.445667109387676,0.101468058948569,-0.0039519416875316,0,0.19602109643915,-0.317358411948866,0.0136365391158306,407
13165,1302224.60614839,1176477.25501298,-1.05974047158014,-0.40079563808755,-0.915205897430686,-0.112391400051666,0.421165513396808,-0.109086165429469,0.932454613759106,1.39832884914206,-1.54581205712838,2017,-0.868940392068044,-0.125124864179765,0.27697310346881,0.344061190429932,0.932454613759106,-1.4530091253481,1.36711385924744,-0.917423861383559,-0.190800079512098,0.0160386987502956,-0.389364503520475,0.077104322966876,0,-0.0928029317802819,0.0312149898946263,0.0022179639528731,408
13165,1302224.60614839,1176477.25501298,-0.957026207997506,-0.401535793051495,-0.924568150368417,0.161483077858406,0.291325790986103,0.0285251267891176,0.932454613759106,1.18573695743555,-1.2799238496389,2018,-0.868940392068044,-0.125124864179765,0.27697310346881,0.344061190429932,0.932454613759106,-1.4530091253481,1.36711385924744,-0.917423861383559,-0.0880858159294617,0.153649990968882,-0.115490025610404,-0.0527353994438288,0,0.173085275709198,-0.181376901811888,-0.00714428898485842,409
13165,1302224.60614839,1176477.25501298,-1.19127195964341,-0.40178251137281,-0.927712958179375,0.398384452917951,0.37306689959341,0.144300282309041,0.932454613759106,1.35919513536302,-1.56825988167259,2019,-0.868940392068044,-0.125124864179765,0.27697310346881,0.344061190429932,0.932454613759106,-1.4530091253481,1.36711385924744,-0.917423861383559,-0.322331567575364,0.269425146488805,0.121411349449141,0.0290057091634781,0,-0.115250756324491,-0.00791872388441206,-0.0102890967958162,410
13167,1239464.29197763,1157121.95884885,-0.841713171177421,-0.39451883373645,-0.726220935146471,-0.225872426234993,0.352458511948577,-0.842777537037437,0.932454613759106,0.296740928713134,-0.758186213338096,2015,-0.910781691643017,-0.883330825677717,0.147852729506294,0.306272142073488,0.932454613759106,-0.468051566791238,0.277277927352208,-0.730585201507318,0.0690685204655963,0.04055328864028,-0.373725155741287,0.0461863698750889,0,-0.290134646546858,0.0194630013609263,0.0043642663608473,411
13167,1239464.29197763,1157121.95884885,-0.945182132769603,-0.395244475857965,-0.734583838895193,-0.150392871910588,0.307022474189162,-0.90176150055372,0.932454613759106,0.591879093761376,-0.712035716914909,2016,-0.910781691643017,-0.883330825677717,0.147852729506294,0.306272142073488,0.932454613759106,-0.468051566791238,0.277277927352208,-0.730585201507318,-0.0344004411265864,-0.0184306748760035,-0.298245601416882,0.000750332115674657,0,-0.243984150123671,0.314601166409169,-0.00399863738787554,412
13167,1239464.29197763,1157121.95884885,-0.856700683253791,-0.394475295209159,-0.72572187979411,0.27749146997431,0.307731618441556,-0.919739053193783,0.932454613759106,0.0554045801114006,-0.453467452211585,2017,-0.910781691643017,-0.883330825677717,0.147852729506294,0.306272142073488,0.932454613759106,-0.468051566791238,0.277277927352208,-0.730585201507318,0.0540810083892257,-0.0364082275160665,0.129638740468016,0.00145947636806848,0,0.0145841145796537,-0.221873347240807,0.00486332171320802,413
13167,1239464.29197763,1157121.95884885,-0.892812606694907,-0.394983244694219,-0.731563296844658,0.369468030706469,0.290568407074761,-0.871852020523948,0.932454613759106,0.222279168020922,-0.271305447447555,2018,-0.910781691643017,-0.883330825677717,0.147852729506294,0.306272142073488,0.932454613759106,-0.468051566791238,0.277277927352208,-0.730585201507318,0.0179690849481102,0.0114788051537691,0.221615301200175,-0.0157037349987272,0,0.196746119343684,-0.0549987593312853,-0.000978095337339835,414
13167,1239464.29197763,1157121.95884885,-1.01749986431936,-0.39526624512161,-0.734836056856158,0.468569444996271,0.273579698713383,-0.880524017079695,0.932454613759106,0.220085866154205,-0.145263004044047,2019,-0.910781691643017,-0.883330825677717,0.147852729506294,0.306272142073488,0.932454613759106,-0.468051566791238,0.277277927352208,-0.730585201507318,-0.106718172676346,0.00280680859802118,0.320716715489977,-0.032692443360105,0,0.322788562747192,-0.0571920611980028,-0.00425085534883973,415
13169,1151584.09725885,1181572.86393168,0.333396881233673,-0.257053190236747,-0.0563690198754147,-0.318488092815125,-0.150489664701031,-0.847501946713163,-1.06994456775377,-0.627192582143534,0.417396598118405,2015,0.359076392021185,-0.826863120181658,-0.000680025052074407,-0.193323176313409,-1.07224274099797,0.507341266525045,-0.922190204486348,-0.0596910198156835,-0.0256795107875121,-0.0206388265315048,-0.317808067763051,0.042833511612378,0.00229817324420734,-0.0899446684066404,0.294997622342815,0.00332199994026876,416
13169,1151584.09725885,1181572.86393168,0.426589403962107,-0.257321677821708,-0.0574188413961532,-0.0833143428057538,-0.207257371322865,-0.820997918171428,-1.0688533250164,-1.07295869074093,0.526150033798423,2016,0.359076392021185,-0.826863120181658,-0.000680025052074407,-0.193323176313409,-1.07224274099797,0.507341266525045,-0.922190204486348,-0.0596910198156835,0.0675130119409222,0.00586520201022989,-0.0826343177536794,-0.0139341950094559,0.00338941598157727,0.0188087672733775,-0.150768486254584,0.00227217841953028,417
13169,1151584.09725885,1181572.86393168,0.424741774048878,-0.258489961637346,-0.0620027966171601,-0.0155319639764094,-0.196141592932929,-0.842850021269919,-1.07190407758429,-1.00352141325562,0.601789442588691,2017,0.359076392021185,-0.826863120181658,-0.000680025052074407,-0.193323176313409,-1.07224274099797,0.507341266525045,-0.922190204486348,-0.0596910198156835,0.0656653820276936,-0.015986901088261,-0.014851938924335,-0.00281841661952059,0.00033866341367883,0.0944481760636463,-0.0813312087692738,-0.00231177680147664,418
13169,1151584.09725885,1181572.86393168,0.314951844481293,-0.258431910267625,-0.0617744125940723,0.119121002504337,-0.201718031072027,-0.827724789677537,-1.07084535266469,-0.882474571225993,0.510534155854625,2018,0.359076392021185,-0.826863120181658,-0.000680025052074407,-0.193323176313409,-1.07224274099797,0.507341266525045,-0.922190204486348,-0.0596910198156835,-0.0441245475398919,-0.000861669495878625,0.119801027556411,-0.00839485475861879,0.0013973883332794,0.00319288932958006,0.0397156332603559,-0.00208339277838882,419
13169,1151584.09725885,1181572.86393168,0.295702056379973,-0.258206961209955,-0.0608900285956171,0.29481327183258,-0.211009221538191,-0.795240925076244,-1.07966638197072,-1.02480376506566,0.480836102265082,2019,0.359076392021185,-0.826863120181658,-0.000680025052074407,-0.193323176313409,-1.07224274099797,0.507341266525045,-0.922190204486348,-0.0596910198156835,-0.0633743356412119,0.0316221951054146,0.295493296884654,-0.0176860452247826,-0.00742364097274306,-0.0265051642599633,-0.102613560579312,-0.00119900877993358,420
13171,1097557.2605516,1180411.56422868,-0.136715077546488,-0.334145409226445,0.182836706111836,-0.116348663414879,0.124927802494113,-0.523034823391432,-1.07370580707238,0.143259974335204,-0.246278214492987,2015,-0.0717661859742736,-0.50817231640778,0.0138019455065428,0.0649143960606423,-1.07250376721125,-0.0690519425790497,-0.0454359771628679,0.193563968094402,-0.0649488915722148,-0.0148625069836517,-0.130150608921422,0.0600134064334706,-0.00120203986113654,-0.177226271913937,0.188695951498072,-0.0107272619825662,421
13171,1097557.2605516,1180411.56422868,-0.0670824677159856,-0.333557639108019,0.186472439335455,-0.0397709051772073,0.0624941739529841,-0.529174327458049,-1.07313051363965,0.157568076384186,-0.251506745054526,2016,-0.0717661859742736,-0.50817231640778,0.0138019455065428,0.0649143960606423,-1.07250376721125,-0.0690519425790497,-0.0454359771628679,0.193563968094402,0.00468371825828803,-0.0210020110502687,-0.0535728506837501,-0.00242022210765823,-0.000626746428398883,-0.182454802475476,0.203004053547054,-0.00709152875894747,422
13171,1097557.2605516,1180411.56422868,0.0211119760511779,-0.332926330462301,0.190359501806323,0.0168929644761205,0.033991958505978,-0.414372902859367,-1.0715696539302,-0.048750925531641,-0.1549532140181,2017,-0.0717661859742736,-0.50817231640778,0.0138019455065428,0.0649143960606423,-1.07250376721125,-0.0690519425790497,-0.0454359771628679,0.193563968094402,0.0928781620254515,0.0937994135484136,0.00309101896957773,-0.0309224375546643,0.00093411328105053,-0.08590127143905,-0.00331494836877307,-0.00320446628807974,423
13171,1097557.2605516,1180411.56422868,-0.0382937407210548,-0.331250097161603,0.200591240398384,0.0620278594902946,0.0438593731098689,-0.477852762575373,-1.07032449041581,-0.124570657393548,-0.0252856560919245,2018,-0.0717661859742736,-0.50817231640778,0.0138019455065428,0.0649143960606423,-1.07250376721125,-0.0690519425790497,-0.0454359771628679,0.193563968094402,0.0334724452532188,0.0303195538324073,0.0482259139837518,-0.0210550229507734,0.00217927679544005,0.0437662864871251,-0.0791346802306801,0.00702727230398129,424
13171,1097557.2605516,1180411.56422868,-0.137851619939017,-0.330096326188395,0.207559952820015,0.146208472158385,0.0592986722402676,-0.596426765754681,-1.0737883709982,-0.35468635360854,0.332764116762288,2019,-0.0717661859742736,-0.50817231640778,0.0138019455065428,0.0649143960606423,-1.07250376721125,-0.0690519425790497,-0.0454359771628679,0.193563968094402,-0.0660854339647434,-0.0882544493469007,0.132406526651842,-0.00561572382037474,-0.00128460378695494,0.401816059341338,-0.309250376445673,0.0139959847256121,425
13173,1227441.86105943,968355.083841192,-0.302746024634521,-0.390099673216427,-0.328084859896261,-1.04143647343104,-0.204838367112886,-0.565816674668825,-1.06832689266271,0.805542495641224,-0.529316002224315,2015,0.0193745060414759,-0.678790483748009,-0.817366266879492,-0.219332114314377,-1.06901965635637,-0.623889663021438,0.727082830804197,-0.329590743428236,-0.322120530675997,0.112973809079184,-0.224070206551543,0.0144937472014915,0.000692763693666443,0.0945736607971233,0.0784596648370279,0.00150588353197484,426
13173,1227441.86105943,968355.083841192,0.0121671268694299,-0.390252058061945,-0.329731466948716,-0.88209419535447,-0.18500959877853,-0.701078834276028,-1.07120243583633,1.0349042362409,-0.581183025394785,2016,0.0193745060414759,-0.678790483748009,-0.817366266879492,-0.219332114314377,-1.06901965635637,-0.623889663021438,0.727082830804197,-0.329590743428236,-0.00720737917204598,-0.0222883505280189,-0.0647279284749777,0.0343225155358473,-0.00218277947995738,0.0427066376266532,0.307821405436707,-0.000140723520480723,427
13173,1227441.86105943,968355.083841192,0.0381739470721561,-0.390208519534654,-0.329260668174498,-0.822742785700215,-0.244413372601724,-0.66614196683418,-1.07043541926315,1.10441052094427,-0.998559191687264,2017,0.0193745060414759,-0.678790483748009,-0.817366266879492,-0.219332114314377,-1.06901965635637,-0.623889663021438,0.727082830804197,-0.329590743428236,0.0187994410306802,0.012648516913829,-0.00537651882072276,-0.0250812582873465,-0.00141576290678258,-0.374669528665826,0.377327690140074,0.000330075253738016,428
13173,1227441.86105943,968355.083841192,0.154699200540358,-0.390368160801387,-0.330988261782839,-0.798332792648604,-0.237120714160911,-0.720338920546735,-1.06745079252391,0.395697638212351,-0.566124857377552,2018,0.0193745060414759,-0.678790483748009,-0.817366266879492,-0.219332114314377,-1.06901965635637,-0.623889663021438,0.727082830804197,-0.329590743428236,0.135324694498882,-0.0415484367987263,0.0190334742308884,-0.0177885998465339,0.00156886383246069,0.0577648056438864,-0.331385192591845,-0.00139751835460333,429
13173,1227441.86105943,968355.083841192,0.194578280359956,-0.390266570904375,-0.329888460338864,-0.542225087263137,-0.225278518917836,-0.740576022414276,-1.06768274149576,0.294859262982233,-0.444265238423275,2019,0.0193745060414759,-0.678790483748009,-0.817366266879492,-0.219332114314377,-1.06901965635637,-0.623889663021438,0.727082830804197,-0.329590743428236,0.17520377431848,-0.0617855386662675,0.275141179616355,-0.00594640460345844,0.00133691486061327,0.179624424598163,-0.432223567821964,-0.000297716910628854,430
13175,1218899.74664582,1127450.89562959,-0.273572492196414,-0.118107236809155,-0.233110517352857,-0.0437813917218572,0.442426833099145,-0.512019972638551,0.932454613759106,0.927104702849867,-0.653476174625669,2015,-0.251777939635976,-0.610665176112922,0.0924540149549783,0.481730514967674,0.932454613759106,-0.553199929829427,0.897392065023067,-0.2381298251091,-0.0217945525604387,0.0986452034743706,-0.136235406676836,-0.039303681868529,0,-0.100276244796242,0.0297126378267999,0.00501930775624282,431
13175,1218899.74664582,1127450.89562959,-0.302311493474996,-0.118716776191227,-0.234541197259692,0.0418774588475095,0.469475465073813,-0.561179452002497,0.932454613759106,0.965829612380116,-0.614366766025355,2016,-0.251777939635976,-0.610665176112922,0.0924540149549783,0.481730514967674,0.932454613759106,-0.553199929829427,0.897392065023067,-0.2381298251091,-0.0505335538390201,0.0494857241104248,-0.0505765561074688,-0.0122550498938615,0,-0.061166836195928,0.0684375473570488,0.0035886278494078,432
13175,1218899.74664582,1127450.89562959,-0.263616046408012,-0.121263780037743,-0.240546722229149,0.0335753607629156,0.483677826513024,-0.603671559555024,0.932454613759106,0.907727436748504,-0.662120678487414,2017,-0.251777939635976,-0.610665176112922,0.0924540149549783,0.481730514967674,0.932454613759106,-0.553199929829427,0.897392065023067,-0.2381298251091,-0.0118381067720359,0.00699361655789743,-0.0588786541920627,0.00194731154534938,0,-0.108920748657987,0.0103353717254367,-0.00241689712004908,433
13175,1218899.74664582,1127450.89562959,-0.265043194404059,-0.121503241937843,-0.241113627104778,0.167455025700531,0.503726708539352,-0.725092815044287,0.932454613759106,0.815726622949427,-0.454513158323893,2018,-0.251777939635976,-0.610665176112922,0.0924540149549783,0.481730514967674,0.932454613759106,-0.553199929829427,0.897392065023067,-0.2381298251091,-0.0132652547680833,-0.114427638931365,0.0750010107455526,0.0219961935716775,0,0.0986867715055342,-0.0816654420736405,-0.00298380199567785,434
13175,1218899.74664582,1127450.89562959,-0.154346471696398,-0.12159757541364,-0.241337061599024,0.263143621185793,0.509345741613038,-0.65136208132425,0.932454613759106,0.870571950187422,-0.381522871684804,2019,-0.251777939635976,-0.610665176112922,0.0924540149549783,0.481730514967674,0.932454613759106,-0.553199929829427,0.897392065023067,-0.2381298251091,0.097431467939578,-0.0406969052113275,0.170689606230814,0.0276152266453635,0,0.171677058144623,-0.0268201148356452,-0.00320723648992369,435
13177,1115399.69138521,1036899.50188537,0.83844918450625,-0.255543854623997,0.0219218387442516,-1.41983210618988,-0.480854080730045,-0.193196006124998,-1.07229289841878,-1.270126054056,1.28345040033178,2015,1.02884226845936,-0.212709322001552,-1.13848496113879,-0.475444691302861,-1.07268843104904,1.57138209266871,-1.24720295225658,0.0298386249182696,-0.190393083953107,0.0195133158765547,-0.281347145051085,-0.00540938942718366,0.00039553263026626,-0.28793169233693,-0.0229231017994238,-0.00791678617401807,436
13177,1115399.69138521,1036899.50188537,0.987277832310708,-0.25417964743555,0.0271972134890042,-1.28761419456209,-0.503968420883578,-0.160396430228732,-1.07153253954464,-1.331399132546,1.4346595041715,2016,1.02884226845936,-0.212709322001552,-1.13848496113879,-0.475444691302861,-1.07268843104904,1.57138209266871,-1.24720295225658,0.0298386249182696,-0.0415644361486481,0.0523128917728204,-0.149129233423296,-0.0285237295807168,0.00115589150440543,-0.136722588497212,-0.0841961802894193,-0.00264141142926544,437
13177,1115399.69138521,1036899.50188537,1.1051819991635,-0.253584620895908,0.0294875212007118,-1.14916092449979,-0.501434759517597,-0.261313047871506,-1.07395638789089,-1.37055600505208,1.67851816956169,2017,1.02884226845936,-0.212709322001552,-1.13848496113879,-0.475444691302861,-1.07268843104904,1.57138209266871,-1.24720295225658,0.0298386249182696,0.0763397307041416,-0.048603725869954,-0.0106759633609999,-0.0259900682147362,-0.00126795684184766,0.107136076892982,-0.123353052795497,-0.000351103717557852,438
13177,1115399.69138521,1036899.50188537,1.12263356046558,-0.252626773295509,0.0331608896558864,-0.987407400710118,-0.458374297294654,-0.225242937923873,-1.07335867663437,-1.05676936669175,1.7468376355658,2018,1.02884226845936,-0.212709322001552,-1.13848496113879,-0.475444691302861,-1.07268843104904,1.57138209266871,-1.24720295225658,0.0298386249182696,0.0937912920062225,-0.0125336159223206,0.151077560428674,0.0170703940082068,-0.000670245585323581,0.175455542897095,0.190433585564826,0.00332226473761675,439
13177,1115399.69138521,1036899.50188537,1.09066876585075,-0.251509284428377,0.0374256615014943,-0.848410179732085,-0.432591898088431,-0.223398187858653,-1.07230165275654,-1.20716420293707,1.71344475371277,2019,1.02884226845936,-0.212709322001552,-1.13848496113879,-0.475444691302861,-1.07268843104904,1.57138209266871,-1.24720295225658,0.0298386249182696,0.0618264973913905,-0.0106888658571005,0.290074781406707,0.0428527932144298,0.000386778292499335,0.142062661044064,0.0400387493195136,0.00758703658322462,440
13179,1365715.49274705,1075019.90992216,0.040036996814267,0.00192122651055468,0.258269576569028,-2.10410206677632,0.690393999879679,0.318028866205298,-1.04658797024023,-0.484129452538406,0.0143814624349538,2015,0.0255630677374284,0.276321404547406,-1.92042238391539,0.720042466090994,-1.04930920288543,0.192806810691004,-0.624338738063299,0.237160483254919,0.0144739290768386,0.041707461657892,-0.183679682860923,-0.0296484662113154,0.0027212326451922,-0.17842534825605,0.140209285524893,0.0211090933141086,441
13179,1365715.49274705,1075019.90992216,0.0517841301351445,-0.00154734283028453,0.252201282457502,-2.02837676357089,0.734998819087611,0.312252083976878,-1.05111042008639,-0.602719383844369,-0.000676705582279448,2016,0.0255630677374284,0.276321404547406,-1.92042238391539,0.720042466090994,-1.04930920288543,0.192806810691004,-0.624338738063299,0.237160483254919,0.0262210623977161,0.0359306794294725,-0.107954379655496,0.0149563529966168,-0.00180121720096271,-0.193483516273283,0.0216193542189295,0.0150407992025832,442
13179,1365715.49274705,1075019.90992216,0.10766104200591,-0.0148193372327843,0.228555350915811,-1.91917309292812,0.722545978829433,0.282049658844626,-1.04787109259103,-0.655849269640647,0.113235546918457,2017,0.0255630677374284,0.276321404547406,-1.92042238391539,0.720042466090994,-1.04930920288543,0.192806810691004,-0.624338738063299,0.237160483254919,0.0820979742684816,0.00572825429722007,0.00124929098727167,0.0025035127384393,0.00143811029439744,-0.0795712637725464,-0.0315105315773485,-0.00860513233910815,443
13179,1365715.49274705,1075019.90992216,-0.0308140768117019,-0.0149064142873661,0.228397922794954,-1.82429871247797,0.72272244060516,0.219489081387061,-1.04926549601048,-0.628466290565088,0.283337074520536,2018,0.0255630677374284,0.276321404547406,-1.92042238391539,0.720042466090994,-1.04930920288543,0.192806810691004,-0.624338738063299,0.237160483254919,-0.0563771445491303,-0.0568323231603442,0.0961236714374187,0.00267997451416546,4.37068749445935e-05,0.0905302638295328,-0.00412755250178898,-0.00876256045996512,444
13179,1365715.49274705,1075019.90992216,-0.0408527534564776,-0.020414037989661,0.2183782835373,-1.72616128382366,0.729551092053088,0.249787332323165,-1.051711035499,-0.750529293727983,0.55375667516335,2019,0.0255630677374284,0.276321404547406,-1.92042238391539,0.720042466090994,-1.04930920288543,0.192806810691004,-0.624338738063299,0.237160483254919,-0.066415821193906,-0.0265340722242404,0.194261100091728,0.00950862596209379,-0.00240183261357108,0.360949864472347,-0.126190555664685,-0.0187821997176186,445
13181,1241422.56842845,1280561.39617989,-0.495691251735597,-0.40956865133666,-0.777287824517723,0.891771053721299,0.239455578258312,-0.708356215590105,-1.08412941215508,0.572294547723648,-1.03334634835671,2015,-0.535140253652469,-0.770236162909719,1.28519347176285,0.203957633364654,-1.0764251540249,-0.535130128208747,0.234650114727322,-0.771941284447829,0.0394490019168721,0.0618799473196142,-0.393422418041554,0.0354979448936582,-0.00770425813017916,-0.498216220147959,0.337644432996325,-0.00534654006989455,446
13181,1241422.56842845,1280561.39617989,-0.387393132360891,-0.409626702706381,-0.778132691559756,1.03058746803493,0.22884030624925,-0.737579858113362,-1.0728160345298,0.620197799418478,-0.800781308979437,2016,-0.535140253652469,-0.770236162909719,1.28519347176285,0.203957633364654,-1.0764251540249,-0.535130128208747,0.234650114727322,-0.771941284447829,0.147747121291578,0.032656304796357,-0.254606003727926,0.0248826728845955,0.00360911949510512,-0.26565118077069,0.385547684691156,-0.00619140711192656,447
13181,1241422.56842845,1280561.39617989,-0.757785677035021,-0.409220343118333,-0.772236935274045,1.31626890185842,0.219958405304348,-0.775129870634538,-1.06984186803589,0.280778872805041,-0.648038502841668,2017,-0.535140253652469,-0.770236162909719,1.28519347176285,0.203957633364654,-1.0764251540249,-0.535130128208747,0.234650114727322,-0.771941284447829,-0.222645423382552,-0.00489370772481823,0.0310754300955702,0.0160007719396944,0.00658328598901403,-0.112908374632921,0.0461287580777192,-0.000295650826216298,448
13181,1241422.56842845,1280561.39617989,-0.602386285708701,-0.408995394060664,-0.768991463024726,1.51576693905775,0.182776826860529,-0.785027287692127,-1.07747797947676,-0.232035104286837,-0.0535894348650574,2018,-0.535140253652469,-0.770236162909719,1.28519347176285,0.203957633364654,-1.0764251540249,-0.535130128208747,0.234650114727322,-0.771941284447829,-0.0672460320562326,-0.0147911247824072,0.230573467294898,-0.0211808065041249,-0.00105282545185093,0.481540693343689,-0.46668521901416,0.00294982142310263,449
13181,1241422.56842845,1280561.39617989,-0.432444921422133,-0.408581778051401,-0.763057507862894,1.67157299614186,0.148757050150831,-0.845087582518465,-1.07786047592699,-0.0679855420237186,-0.139895046000866,2019,-0.535140253652469,-0.770236162909719,1.28519347176285,0.203957633364654,-1.0764251540249,-0.535130128208747,0.234650114727322,-0.771941284447829,0.102695332230336,-0.0748514196087458,0.386379524379012,-0.0552005832138232,-0.00143532190208928,0.39523508220788,-0.302635656751041,0.00888377658493467,450
13183,1339616.71427521,1064870.36687921,-0.171349705303113,-0.345218708000756,-0.521298315710917,-1.94588182490483,-0.282986678655787,0.629221959760983,-1.06127130315575,-0.457678718760187,0.316729956373568,2015,-0.0616854165425213,0.428197793466232,-1.79123558179547,-0.259177754388188,-1.06448953747232,0.738888485286334,-0.361176354602249,-0.468791018558608,-0.109664288760591,0.201024166294751,-0.154646243109359,-0.0238089242675996,0.00321823431656032,-0.422158528912767,-0.0965023641579378,-0.0525072971523087,451
13183,1339616.71427521,1064870.36687921,-0.14836011579131,-0.340465752104837,-0.489740909825232,-1.76658661772427,-0.311723431254036,0.406378208882057,-1.06089273416118,-0.710978178230143,0.346079441259008,2016,-0.0616854165425213,0.428197793466232,-1.79123558179547,-0.259177754388188,-1.06448953747232,0.738888485286334,-0.361176354602249,-0.468791018558608,-0.0866746992487884,-0.0218195845841745,0.0246489640711998,-0.0525456768658488,0.00359680331113155,-0.392809044027326,-0.349801823627893,-0.0209498912666237,452
13183,1339616.71427521,1064870.36687921,-0.136565173978831,-0.336010309478738,-0.461229012645044,-1.8675812050152,-0.240523999190259,0.505550889035343,-1.06625300797313,-0.159186284461,0.835051619374166,2017,-0.0616854165425213,0.428197793466232,-1.79123558179547,-0.259177754388188,-1.06448953747232,0.738888485286334,-0.361176354602249,-0.468791018558608,-0.0748797574363095,0.0773530955691115,-0.076345623219727,0.0186537551979289,-0.00176347050081604,0.0961631340878313,0.201990070141249,0.0075620059135636,453
13183,1339616.71427521,1064870.36687921,-0.0576778693662615,-0.333840639535409,-0.447697622249361,-1.71553355754373,-0.265938010185653,0.409442471632367,-1.06694366827741,-0.158839586322966,0.996160074410397,2018,-0.0616854165425213,0.428197793466232,-1.79123558179547,-0.259177754388188,-1.06448953747232,0.738888485286334,-0.361176354602249,-0.468791018558608,0.00400754717625986,-0.0187553218338647,0.075702024251743,-0.00676025579746581,-0.00245413080509693,0.257271589124063,0.202336768279283,0.0210933963092464,454
13183,1339616.71427521,1064870.36687921,0.205525781726908,-0.329951197764092,-0.423989232362485,-1.66059470378933,-0.194716652655202,0.190395438020409,-1.06708697379409,-0.319199005236951,1.20042133501453,2019,-0.0616854165425213,0.428197793466232,-1.79123558179547,-0.259177754388188,-1.06448953747232,0.738888485286334,-0.361176354602249,-0.468791018558608,0.267211198269429,-0.237802355445823,0.130640878006144,0.0644611017329852,-0.00259743632177867,0.461532849728199,0.0419773493652988,0.0448017861961225,455
13185,1211134.78637293,943240.131139018,0.386409982560051,0.355860427700456,0.85251239970598,-1.32854845393609,0.442101730530121,-0.135607418085184,-1.06678760540767,0.778686204440738,0.0461709282491129,2015,0.538333041171478,-0.133223878426284,-1.16769432569117,0.455104282748709,-1.06889903544074,0.312310105205546,0.595518536768407,0.859624048566222,-0.151923058611427,-0.00238353965889923,-0.160854128244912,-0.0130025522185876,0.00211143003307179,-0.266139176956434,0.183167667672331,-0.00711164886024174,456
13185,1211134.78637293,943240.131139018,0.451725105455927,0.360903640444982,0.857499954401103,-1.24582812695692,0.458025444415937,-0.0949559631252883,-1.07124668417166,0.564344531512583,0.215157035998064,2016,0.538333041171478,-0.133223878426284,-1.16769432569117,0.455104282748709,-1.06889903544074,0.312310105205546,0.595518536768407,0.859624048566222,-0.0866079357155506,0.038267915300996,-0.0781338012657489,0.00292116166722833,-0.00234764873091997,-0.0971530692074826,-0.0311740052558238,-0.00212409416511883,457
13185,1211134.78637293,943240.131139018,0.60169907942876,0.361215666557233,0.857807536426523,-1.18558293129202,0.454648571744889,-0.0688865469732888,-1.0676262124037,0.560383914108218,0.181206444218468,2017,0.538333041171478,-0.133223878426284,-1.16769432569117,0.455104282748709,-1.06889903544074,0.312310105205546,0.595518536768407,0.859624048566222,0.063366038257282,0.0643373314529956,-0.0178886056008456,-0.00045571100381997,0.00127282303704135,-0.131103660987078,-0.035134622660189,-0.00181651213969891,458
13185,1211134.78637293,943240.131139018,0.640516506622831,0.365867032556141,0.862378942587533,-1.08148136161505,0.458073548430063,-0.0967169962922898,-1.06859108477415,0.59374001662007,0.531378564359962,2018,0.538333041171478,-0.133223878426284,-1.16769432569117,0.455104282748709,-1.06889903544074,0.312310105205546,0.595518536768407,0.859624048566222,0.102183465451353,0.0365068821339946,0.0862129640761189,0.00296926568135458,0.000307950666595502,0.219068459154416,-0.0017785201483369,0.00275489402131124,459
13185,1211134.78637293,943240.131139018,0.61131453178982,0.371541553946384,0.86792140970997,-0.997030754655785,0.462672118622533,-0.269952467655371,-1.07024359044653,0.480438017160426,0.587637553202125,2019,0.538333041171478,-0.133223878426284,-1.16769432569117,0.455104282748709,-1.06889903544074,0.312310105205546,0.595518536768407,0.859624048566222,0.0729814906183422,-0.136728589229087,0.170663571035388,0.00756783587382454,-0.00134455500578823,0.275327447996579,-0.115080519607981,0.00829736114374824,460
13187,1089107.70777744,1347780.25065018,0.865173498082349,-0.241212422724086,0.272423067149642,-0.239805558230858,-1.48379309993581,-0.220336030480007,0.932454613759106,-0.325932626587844,0.239556845285247,2015,0.613858116455888,-0.22127532277425,0.000194322911174827,-1.49388332514747,0.932454613759106,0.35477971611341,-0.36636148300875,0.289667192768329,0.251315381626461,0.000939292294243027,-0.239999881142033,0.0100902252116659,0,-0.115222870828163,0.0404288564209055,-0.0172441256186873,461
13187,1089107.70777744,1347780.25065018,0.640494772064798,-0.239957061853866,0.276969502702234,-0.0941609654140467,-1.50371399108619,-0.26021322627746,0.932454613759106,0.0799653379212501,-0.0236125263122319,2016,0.613858116455888,-0.22127532277425,0.000194322911174827,-1.49388332514747,0.932454613759106,0.35477971611341,-0.36636148300875,0.289667192768329,0.0266366556089098,-0.0389379035032103,-0.0943552883252216,-0.00983066593871773,0,-0.378392242425642,0.44632682093,-0.0126976900660946,462
13187,1089107.70777744,1347780.25065018,0.55196104502906,-0.236524774619103,0.28927198151553,0.029037375214507,-1.4824643047757,-0.213607931760553,0.932454613759106,-0.148185507007315,0.274692570658791,2017,0.613858116455888,-0.22127532277425,0.000194322911174827,-1.49388332514747,0.932454613759106,0.35477971611341,-0.36636148300875,0.289667192768329,-0.0618970714268282,0.00766739101369657,0.0288430523033321,0.0114190203717737,0,-0.0800871454546183,0.218175976001435,-0.000395211252798899,463
13187,1089107.70777744,1347780.25065018,0.464363522547688,-0.233738308872487,0.299124794917103,0.136041931767725,-1.50485300600891,-0.24588254637195,0.932454613759106,-0.565121631634544,0.49526684661493,2018,0.613858116455888,-0.22127532277425,0.000194322911174827,-1.49388332514747,0.932454613759106,0.35477971611341,-0.36636148300875,0.289667192768329,-0.1494945939082,-0.0246072235976996,0.13584760885655,-0.0109696808614335,0,0.14048713050152,-0.198760148625794,0.00945760214877434,464
13187,1089107.70777744,1347780.25065018,0.547297744555544,-0.230465662904457,0.310546617557135,0.169858831218547,-1.49459222393076,-0.16633687898128,0.932454613759106,-0.872532987735297,0.787994844320312,2019,0.613858116455888,-0.22127532277425,0.000194322911174827,-1.49388332514747,0.932454613759106,0.35477971611341,-0.36636148300875,0.289667192768329,-0.0665603719003436,0.0549384437929703,0.169664508307373,-0.00070889878328817,0,0.433215128206902,-0.506171504726547,0.0208794247888066,465
13189,1243599.5479088,1245795.64011796,-0.318041616870057,-0.308980140452323,0.0321475778508557,-0.180545156735748,0.765391642273854,-0.63528358614878,-1.07744419830887,0.631841893290212,-0.222226973909906,2015,-0.335416448718976,-0.487149638607455,0.0383748543302219,0.701225225212053,-1.07342619306582,0.0615916077186128,0.607952645690322,0.0296574376124086,0.0173748318489184,-0.148133947541324,-0.21892001106597,0.0641664170618012,-0.00401800524305052,-0.283818581628518,0.02388924759989,0.00249014023844709,466
13189,1243599.5479088,1245795.64011796,-0.291138576442602,-0.309154294561487,0.0312409027208294,-0.0817738918586193,0.707891332267506,-0.431607573180029,-1.07827132816664,0.721144665666704,-0.160112030838819,2016,-0.335416448718976,-0.487149638607455,0.0383748543302219,0.701225225212053,-1.07342619306582,0.0615916077186128,0.607952645690322,0.0296574376124086,0.0442778722763735,0.0555420654274267,-0.120148746188841,0.00666610705545367,-0.00484513510082474,-0.221703638557431,0.113192019976381,0.00158346510842082,467
13189,1243599.5479088,1245795.64011796,-0.222385153517462,-0.309662244046547,0.0285906567740103,0.0384718106107942,0.689248642377136,-0.531504133465768,-1.06906745975759,0.710529266194975,0.179463600697955,2017,-0.335416448718976,-0.487149638607455,0.0383748543302219,0.701225225212053,-1.07342619306582,0.0615916077186128,0.607952645690322,0.0296574376124086,0.113031295201513,-0.0443544948583126,9.69562805723592e-05,-0.0119765828349164,0.00435873330822889,0.117871992979342,0.102576620504652,-0.00106678083839836,468
13189,1243599.5479088,1245795.64011796,-0.416716954882265,-0.309589679834396,0.028969791470769,0.141544490051395,0.686855235710094,-0.352385441186636,-1.07464257311405,0.560023485614602,0.276644555401766,2018,-0.335416448718976,-0.487149638607455,0.0383748543302219,0.701225225212053,-1.07342619306582,0.0615916077186128,0.607952645690322,0.0296574376124086,-0.0813005061632892,0.13476419742082,0.103169635721173,-0.0143699895019588,-0.00121638004823343,0.215052947683153,-0.0479291600757205,-0.000687646141639638,469
13189,1243599.5479088,1245795.64011796,-0.428799941882492,-0.309901705946647,0.0273382592455787,0.274177019583287,0.656739273431673,-0.484967459056065,-1.06770540598194,0.416223917685119,0.234188887242067,2019,-0.335416448718976,-0.487149638607455,0.0383748543302219,0.701225225212053,-1.07342619306582,0.0615916077186128,0.607952645690322,0.0296574376124086,-0.0933834931635161,0.00218217955139072,0.235802165253066,-0.0444859517803795,0.0057207870838798,0.172597279523454,-0.191728728005203,-0.00231917836682992,470
13191,1378711.4497416,1040587.18746832,-0.788726540011192,-0.363947531157045,-0.945533234081065,0.936170533847125,0.370865030298657,-0.630325504166874,-1.08131825318355,0.0290638455629586,-0.531407414448931,2015,-0.576423802494435,-0.619850775900623,1.55745527857009,0.377777829347204,-1.07844461933604,-0.193002973757942,-0.178940406660681,-0.942434779247691,-0.212302737516757,-0.0104747282662512,-0.621284744722963,-0.00691279904854775,-0.00287363384750283,-0.338404440690989,0.20800425222364,-0.00309845483337423,471
13191,1378711.4497416,1040587.18746832,-0.652395519872167,-0.364426454957245,-0.949381938564682,0.938315445085828,0.385558180751015,-0.580842748339072,-1.08125522059973,-0.138223781502348,-0.360399608216185,2016,-0.576423802494435,-0.619850775900623,1.55745527857009,0.377777829347204,-1.07844461933604,-0.193002973757942,-0.178940406660681,-0.942434779247691,-0.0759717173777321,0.0390080275615506,-0.61913983348426,0.00778035140381034,-0.00281060126368304,-0.167396634458243,0.0407166251583329,-0.00694715931699141,472
13191,1378711.4497416,1040587.18746832,-0.692793209285701,-0.363555684411427,-0.942397758771145,1.71456950449759,0.387515552040283,-0.670908423401443,-1.08151354895977,-0.121156883782039,-0.382289722833829,2017,-0.576423802494435,-0.619850775900623,1.55745527857009,0.377777829347204,-1.07844461933604,-0.193002973757942,-0.178940406660681,-0.942434779247691,-0.116369406791266,-0.05105764750082,0.157114225927498,0.00973772269307827,-0.0030689296237254,-0.189286749075888,0.0577835228786424,3.7020476545746e-05,473
13191,1378711.4497416,1040587.18746832,-0.522586910508205,-0.363127555559734,-0.938985697637881,1.95598738206107,0.336867516334838,-0.527092640132369,-1.07266755867623,-0.16562550626379,0.0691067489790654,2018,-0.576423802494435,-0.619850775900623,1.55745527857009,0.377777829347204,-1.07844461933604,-0.193002973757942,-0.178940406660681,-0.942434779247691,0.0538368919862294,0.0927581357682541,0.398532103490985,-0.040910313012366,0.00577706065981287,0.262109722737007,0.0133149003968916,0.00344908160980995,474
13191,1378711.4497416,1040587.18746832,-0.225616832794909,-0.362735708814116,-0.935875267183681,2.24223352735883,0.40808286731123,-0.690084563463356,-1.07546851526095,-0.498759707318188,0.23997512773017,2019,-0.576423802494435,-0.619850775900623,1.55745527857009,0.377777829347204,-1.07844461933604,-0.193002973757942,-0.178940406660681,-0.942434779247691,0.350806969699526,-0.0702337875627334,0.684778248788739,0.0303050379640252,0.00297610407509796,0.432978101488112,-0.319819300657507,0.00655951206401006,475
13193,1116533.36059427,1102059.2550332,-1.044989684643,-0.36367178715087,-0.661287745303936,-0.510997492520606,1.77097923755416,-0.339068040327813,0.932454613759106,1.23615021532408,-1.03020923001978,2015,-1.01235290365241,-0.491768721113896,-0.207022008832737,1.80025852695051,0.932454613759106,-1.12216165416205,1.10171469784266,-0.683477274978313,-0.0326367809905903,0.152700680786083,-0.303975483687869,-0.0292792893963547,0,0.0919524241422716,0.134435517481414,0.022189529674377,476
13193,1116533.36059427,1102059.2550332,-1.00993089848205,-0.365115814972683,-0.672916063786533,-0.406269917395636,1.75060404773388,-0.467168420168841,0.932454613759106,1.66360839677104,-1.13701068095683,2016,-1.01235290365241,-0.491768721113896,-0.207022008832737,1.80025852695051,0.932454613759106,-1.12216165416205,1.10171469784266,-0.683477274978313,0.00242200517036073,0.024600300945055,-0.199247908562899,-0.0496544792166294,0,-0.0148490267947716,0.56189369892838,0.0105612111917804,477
13193,1116533.36059427,1102059.2550332,-1.02272184845325,-0.366356663000473,-0.683042532996947,-0.182003611778502,1.76188384036258,-0.433096097299995,0.932454613759106,1.08664213670245,-1.13059701680134,2017,-1.01235290365241,-0.491768721113896,-0.207022008832737,1.80025852695051,0.932454613759106,-1.12216165416205,1.10171469784266,-0.683477274978313,-0.0103689448008457,0.0586726238139009,0.0250183970542351,-0.0383746865879322,0,-0.00843536263928346,-0.0150725611402105,0.000434741981366282,478
13193,1116533.36059427,1102059.2550332,-1.00303766034468,-0.367771665137426,-0.694745953970898,-0.0340661940936467,1.83474572020941,-0.63056670020144,0.932454613759106,0.887920227765842,-1.13164272291364,2018,-1.01235290365241,-0.491768721113896,-0.207022008832737,1.80025852695051,0.932454613759106,-1.12216165416205,1.10171469784266,-0.683477274978313,0.00931524330772837,-0.138797979087544,0.17295581473909,0.0344871932588964,0,-0.00948106875159138,-0.213794470076822,-0.0112686789925847,479
13193,1116533.36059427,1102059.2550332,-0.981084426339061,-0.369041538850077,-0.705394078833252,0.0982271716247063,1.88307978889253,-0.588944347571391,0.932454613759106,0.634252512649904,-1.18134862011868,2019,-1.01235290365241,-0.491768721113896,-0.207022008832737,1.80025852695051,0.932454613759106,-1.12216165416205,1.10171469784266,-0.683477274978313,0.0312684773133465,-0.0971756264574947,0.305249180457443,0.0828212619420199,0,-0.0591869659566251,-0.467462185192761,-0.0219168038549391,480
13195,1167400.4329226,1307939.37436125,-0.171160658574756,-0.260724939371611,0.194307813412021,-0.171507492961971,-1.10168266318611,-0.206906929109104,-1.06907128237459,-0.571665064582742,-0.258268977914117,2015,0.0108681806948385,-0.206488288788626,-0.0422892707934904,-1.09247821567614,-1.07055350813669,0.129827417233742,-0.581868851522336,0.206573160557872,-0.182028839269595,-0.000418640320478558,-0.129218222168481,-0.00920444750997218,0.0014822257621081,-0.388096395147859,0.0102037869395933,-0.0122653471458508,481
13195,1167400.4329226,1307939.37436125,-0.178938273268589,-0.259781604613642,0.198051455172483,-0.0564426790673902,-1.11765950571402,-0.181843100042983,-1.07361970457697,-0.723944107305672,-0.15097953079133,2016,0.0108681806948385,-0.206488288788626,-0.0422892707934904,-1.09247821567614,-1.07055350813669,0.129827417233742,-0.581868851522336,0.206573160557872,-0.189806453963427,0.0246451887456428,-0.0141534082738998,-0.0251812900378812,-0.00306619644027717,-0.280806948025072,-0.142075255783336,-0.00852170538538916,482
13195,1167400.4329226,1307939.37436125,0.0783240444124307,-0.258054576364437,0.204860948714747,-0.0259050490933938,-1.12157889105429,-0.130889393153905,-1.06911667268477,-0.508318395230598,0.0897420162619405,2017,0.0108681806948385,-0.206488288788626,-0.0422892707934904,-1.09247821567614,-1.07055350813669,0.129827417233742,-0.581868851522336,0.206573160557872,0.0674558637175921,0.0755988956347207,0.0163842217000966,-0.0291006753781495,0.00143683545192075,-0.0400854009718015,0.0735504562917378,-0.00171221184312512,483
13195,1167400.4329226,1307939.37436125,0.153417245513125,-0.255877649999894,0.213364060886301,-0.0811867225268069,-1.11388428483702,-0.144451511679729,-1.0674877240188,-0.529711193383856,0.446746083003845,2018,0.0108681806948385,-0.206488288788626,-0.0422892707934904,-1.09247821567614,-1.07055350813669,0.129827417233742,-0.581868851522336,0.206573160557872,0.142549064818286,0.0620367771088969,-0.0388974517333165,-0.0214060691608804,0.00306578411789804,0.316918665770103,0.0521576581384796,0.00679090032842916,484
13195,1167400.4329226,1307939.37436125,0.172698545391982,-0.253570108053478,0.222281524603808,0.12359558968211,-1.00758573358926,-0.368350509957408,-1.07347215702834,-0.575705497108811,0.521897495608371,2019,0.0108681806948385,-0.206488288788626,-0.0422892707934904,-1.09247821567614,-1.07055350813669,0.129827417233742,-0.581868851522336,0.206573160557872,0.161830364697143,-0.161862221168782,0.165884860475601,0.084892482086883,-0.00291864889164928,0.392070078374629,0.00616335441352522,0.0157083640459359,485
13197,1071808.95320263,1095946.1083909,-0.761523761871765,-0.402174358118428,-0.966709128802654,0.139436568135693,0.180993310508721,0.00812690899140471,-1.06633349271844,0.0261051791839616,-0.930588294387253,2015,-0.567474322149637,-0.221890228142196,0.588183467975919,0.260320524105258,-1.0713696592928,-0.445324887283747,0.054537582535243,-0.982518296592076,-0.194049439722128,0.230017137133601,-0.448746899840226,-0.0793272135965372,0.00503616657435635,-0.485263407103505,-0.0284324033512814,0.0158091677894222,486
13197,1071808.95320263,1095946.1083909,-0.76589779804437,-0.402849205291436,-0.975427451779664,0.301152705065389,0.44366169442,-0.513480796374621,-1.06556018974243,0.600721787125323,-0.913717569108686,2016,-0.567474322149637,-0.221890228142196,0.588183467975919,0.260320524105258,-1.0713696592928,-0.445324887283747,0.054537582535243,-0.982518296592076,-0.198423475894733,-0.291590568232425,-0.28703076291053,0.183341170314742,0.00580946955036765,-0.468392681824939,0.54618420459008,0.00709084481241218,487
13197,1071808.95320263,1095946.1083909,-0.550201110998224,-0.403487770358369,-0.983763833324239,0.450182889398667,0.420281125191243,-0.411912157326765,-1.07070913147024,0.2964035646566,-0.395256478626447,2017,-0.567474322149637,-0.221890228142196,0.588183467975919,0.260320524105258,-1.0713696592928,-0.445324887283747,0.054537582535243,-0.982518296592076,0.0172732111514127,-0.190021929184568,-0.138000578577252,0.159960601085985,0.000660527822556656,0.0500684086573006,0.241865982121357,-0.00124553673216288,488
13197,1071808.95320263,1095946.1083909,-0.462882872948527,-0.40402474552829,-0.990840592974471,0.985298346666983,0.114240648058865,0.126202591555101,-1.08173020246489,-0.0122402240870536,-0.00172241169458731,2018,-0.567474322149637,-0.221890228142196,0.588183467975919,0.260320524105258,-1.0713696592928,-0.445324887283747,0.054537582535243,-0.982518296592076,0.10459144920111,0.348092819697297,0.397114878691064,-0.146079876046393,-0.0103605431720972,0.44360247558916,-0.0667778066222966,-0.00832229638239479,489
13197,1071808.95320263,1095946.1083909,-0.296866066885299,-0.404402079431477,-0.995850476079353,1.06484683061286,0.142425842347462,-0.318387687556102,-1.07251528006798,-0.638302394202615,0.0146603173982359,2019,-0.567474322149637,-0.221890228142196,0.588183467975919,0.260320524105258,-1.0713696592928,-0.445324887283747,0.054537582535243,-0.982518296592076,0.270608255264338,-0.0964974594139054,0.476663362636943,-0.117894681757796,-0.00114562077518388,0.459985204681983,-0.692839976737858,-0.0133321794872767,490
13199,1047489.21005447,1170237.24901938,-0.861769097676783,-0.31104822049864,-0.500537630893663,0.380372599919669,0.566225407491642,-0.791410666577854,-1.07359727332258,0.232228289190713,-0.408362661900705,2015,-0.775514502122438,-0.829295354903952,0.642722147415443,0.608678925199738,-1.07307542130005,-0.305827691901878,0.233798760041736,-0.50531585392962,-0.0862545955543449,0.0378846883260977,-0.262349547495774,-0.0424535177080957,-0.00052185202253674,-0.102534969998827,-0.0015704708510236,0.00477822303595665,491
13199,1047489.21005447,1170237.24901938,-0.853132786575723,-0.311788375462584,-0.504449770916632,0.534469298835774,0.658549252566994,-0.919311202133353,-1.06632305211459,0.381048847342168,-0.309160008713099,2016,-0.775514502122438,-0.829295354903952,0.642722147415443,0.608678925199738,-1.07307542130005,-0.305827691901878,0.233798760041736,-0.50531585392962,-0.0776182844532852,-0.0900158472294013,-0.108252848579669,0.0498703273672563,0.00675236918545408,-0.00333231681122104,0.147250087300432,0.000866083012987962,492
13199,1047489.21005447,1170237.24901938,-0.764583331891318,-0.312100401574836,-0.506104650939855,0.668690481923807,0.572826222057598,-0.809005578233696,-1.07441141711443,0.232830005500297,-0.204031687555749,2017,-0.775514502122438,-0.829295354903952,0.642722147415443,0.608678925199738,-1.07307542130005,-0.305827691901878,0.233798760041736,-0.50531585392962,0.0109311702311197,0.0202897766702556,0.0259683345083644,-0.0358527031421397,-0.00133599581438681,0.10179600434613,-0.000968754541439548,-0.00078879701023471,493
13199,1047489.21005447,1170237.24901938,-0.634956354207586,-0.312383402002226,-0.507608500573953,0.753655635796015,0.58790702353613,-0.784772465346818,-1.07763844974199,0.0588543568438517,-0.335093520298334,2018,-0.775514502122438,-0.829295354903952,0.642722147415443,0.608678925199738,-1.07307542130005,-0.305827691901878,0.233798760041736,-0.50531585392962,0.140558147914851,0.0445228895571338,0.110933488380572,-0.0207719016636082,-0.00456302844193801,-0.0292658283964561,-0.174944403197884,-0.0022926466443326,494
13199,1047489.21005447,1170237.24901938,-0.763130940260779,-0.312434196950732,-0.507878716323997,0.876422720601949,0.657886720346325,-0.841976862228038,-1.07340691420664,0.264032301331652,-0.272490581041504,2019,-0.775514502122438,-0.829295354903952,0.642722147415443,0.608678925199738,-1.07307542130005,-0.305827691901878,0.233798760041736,-0.50531585392962,0.0123835618616592,-0.012681507324086,0.233700573186506,0.0492077951465875,-0.000331492906592512,0.0333371108603747,0.030233541289916,-0.00256286239437742,495
13201,1068318.86452934,962125.866260224,-0.438852557783486,-0.422514106784479,-1.07091246305468,0.762872980500129,0.154144496674168,-1.02250891003395,0.932454613759106,0.98499579961126,-0.751842262923429,2015,-0.465580761683184,-1.01023115992882,1.04951309239738,0.12585109284988,0.932454613759106,-0.356411982241251,0.452580660849909,-1.07994624723782,0.0267282038996979,-0.0122777501051279,-0.286640111897256,0.0282934038242883,0,-0.395430280682178,0.532415138761351,0.00903378418314604,496
13201,1068318.86452934,962125.866260224,-0.589250505602684,-0.422695517314857,-1.07435162655016,0.877447130255087,0.115434570752393,-1.03394250417028,0.932454613759106,0.588427525798287,-0.481980372207179,2016,-0.465580761683184,-1.01023115992882,1.04951309239738,0.12585109284988,0.932454613759106,-0.356411982241251,0.452580660849909,-1.07994624723782,-0.1236697439195,-0.0237113442414607,-0.172065962142298,-0.0104165220974868,0,-0.125568389965928,0.135846864948378,0.00559462068765959,497
13201,1068318.86452934,962125.866260224,-0.518468688809161,-0.422891440687666,-1.07808229912901,1.09438198354958,0.11563144314239,-1.02608087011632,0.932454613759106,0.327914096538167,-0.412684913831578,2017,-0.465580761683184,-1.01023115992882,1.04951309239738,0.12585109284988,0.932454613759106,-0.356411982241251,0.452580660849909,-1.07994624723782,-0.052887927125977,-0.0158497101874997,0.0448688911521904,-0.0102196497074897,0,-0.0562729315903272,-0.124666564311742,0.00186394810880786,498
13201,1068318.86452934,962125.866260224,-0.45569966374098,-0.423239748905993,-1.08475707383392,1.2190125881755,0.122049419667511,-1.0219161512734,0.932454613759106,0.276573379548211,-0.201661420367851,2018,-0.465580761683184,-1.01023115992882,1.04951309239738,0.12585109284988,0.932454613759106,-0.356411982241251,0.452580660849909,-1.07994624723782,0.00988109794220393,-0.011684991344574,0.169499495778111,-0.00380167318236871,0,0.1547505618734,-0.176007281301698,-0.00481082659609555,499
13201,1068318.86452934,962125.866260224,-0.325632392479609,-0.423595313545535,-1.09162777362134,1.29385077950664,0.121995534012937,-0.946707364050161,0.932454613759106,0.0849925027536185,0.0661090581237828,2019,-0.465580761683184,-1.01023115992882,1.04951309239738,0.12585109284988,0.932454613759106,-0.356411982241251,0.452580660849909,-1.07994624723782,0.139948369203575,0.0635237958786622,0.244337687109253,-0.00385555883694309,0,0.422521040365034,-0.36758815809629,-0.0116815263835177,500
13205,1118059.2068107,975062.8891237,-0.727360284422037,-0.298821150751121,-0.451949049721332,-0.415506201111886,1.08724323210011,-0.566664691627576,0.932454613759106,1.09896373640138,-1.1464220359676,2015,-0.763156249346129,-0.439408280548606,-0.207612880171202,1.06992491457097,0.932454613759106,-1.05854089428924,0.791118141979523,-0.465588482962794,0.035795964924092,-0.127256411078969,-0.207893320940684,0.0173183175291383,0,-0.0878811416783529,0.307845594421862,0.0136394332414627,501
13205,1118059.2068107,975062.8891237,-0.725970284748609,-0.30030146067901,-0.459214584504225,-0.30079182414203,1.09444456643613,-0.45609423358005,0.932454613759106,1.27258634830306,-1.28821978479654,2016,-0.763156249346129,-0.439408280548606,-0.207612880171202,1.06992491457097,0.932454613759106,-1.05854089428924,0.791118141979523,-0.465588482962794,0.03718596459752,-0.0166859530314436,-0.0931789439708278,0.0245196518651583,0,-0.229678890507299,0.481468206323538,0.00637389845856884,502
13205,1118059.2068107,975062.8891237,-0.706744543819428,-0.3017817706069,-0.466545483063788,-0.208967581448327,1.09673741579728,-0.4304483113835,0.932454613759106,0.865391610504948,-1.06639066150563,2017,-0.763156249346129,-0.439408280548606,-0.207612880171202,1.06992491457097,0.932454613759106,-1.05854089428924,0.791118141979523,-0.465588482962794,0.0564117055267008,0.00895996916510627,-0.00135470127712548,0.0268125012263083,0,-0.00784976721639108,0.0742734685254255,-0.000957000100993644,503
13205,1118059.2068107,975062.8891237,-0.783633346173627,-0.30281218241945,-0.471687576065301,-0.104679086339956,1.03960443235868,-0.3288369175231,0.932454613759106,0.424204471703338,-0.901029668279351,2018,-0.763156249346129,-0.439408280548606,-0.207612880171202,1.06992491457097,0.932454613759106,-1.05854089428924,0.791118141979523,-0.465588482962794,-0.0204770968274988,0.110571363025506,0.102933793831245,-0.0303204822122893,0,0.157511226009893,-0.366913670276185,-0.006099093102507,504
13205,1118059.2068107,975062.8891237,-0.872072787566943,-0.304176389607898,-0.478545721459325,-0.00811970781380963,1.03159492616266,-0.414997248628805,0.932454613759106,0.294444542984882,-0.890642320897092,2019,-0.763156249346129,-0.439408280548606,-0.207612880171202,1.06992491457097,0.932454613759106,-1.05854089428924,0.791118141979523,-0.465588482962794,-0.108916538220814,0.0244110319198009,0.199493172357392,-0.0383299884083157,0,0.167898573392151,-0.49667359899464,-0.012957238496531,505
13207,1118756.51469282,1176066.60052425,0.784996104922646,-0.270281646111956,-0.114692603953937,-0.0373894087353247,-0.238884712751585,-0.659523614456249,-1.06736864126814,-1.07929047117097,0.270021750023816,2015,1.00049842083211,-0.494038934997077,0.222947046352793,-0.268809969286813,-1.07131368189611,0.454735277701877,-1.08531598148151,-0.112524572504838,-0.215502315909461,-0.165484679459172,-0.260336455088117,0.0299252565352272,0.00394504062797285,-0.184713527678061,0.00602551031053222,-0.00216803144909886,506
13207,1118756.51469282,1176066.60052425,0.81694162391019,-0.269345567775203,-0.110796350477972,0.134002201426149,-0.253428118305255,-0.557648390490152,-1.0657747213332,-1.13711627034986,0.298743811241872,2016,1.00049842083211,-0.494038934997077,0.222947046352793,-0.268809969286813,-1.07131368189611,0.454735277701877,-1.08531598148151,-0.112524572504838,-0.183556796921918,-0.0636094554930752,-0.0889448449266443,0.0153818509815576,0.00553896056291703,-0.155991466460005,-0.0518002888683537,0.00172822202686648,507
13207,1118756.51469282,1176066.60052425,0.874902992560921,-0.271152416657774,-0.118333827762961,0.231770528548686,-0.273059487044407,-0.455083170292744,-1.07322302532587,-1.12656219039149,0.332903544243929,2017,1.00049842083211,-0.494038934997077,0.222947046352793,-0.268809969286813,-1.07131368189611,0.454735277701877,-1.08531598148151,-0.112524572504838,-0.125595428271186,0.0389557647043328,0.00882348219589288,-0.00424951775759475,-0.00190934342975901,-0.121831733457948,-0.0412462089099801,-0.00580925525812281,508
13207,1118756.51469282,1176066.60052425,1.28325993563534,-0.269592286096518,-0.111821463368093,0.331055524031961,-0.285616773889515,-0.421017479650514,-1.07451918723522,-1.04033029446158,0.615383622048694,2018,1.00049842083211,-0.494038934997077,0.222947046352793,-0.268809969286813,-1.07131368189611,0.454735277701877,-1.08531598148151,-0.112524572504838,0.282761514803231,0.073021455346563,0.108108477679169,-0.0168068046027026,-0.00320550533910247,0.160648344346816,0.0449856870199283,0.000703109136745178,509
13207,1118756.51469282,1176066.60052425,1.24239144713144,-0.268424002280879,-0.106978616961228,0.455296386492493,-0.2930607544433,-0.376922020095725,-1.07568283431814,-1.04328068103363,0.756623660951076,2019,1.00049842083211,-0.494038934997077,0.222947046352793,-0.268809969286813,-1.07131368189611,0.454735277701877,-1.08531598148151,-0.112524572504838,0.241893026299334,0.117116914901352,0.2323493401397,-0.0242507851564875,-0.00436915242202862,0.301888383249198,0.0420353004478731,0.00554595554361,510
13209,1259338.99300204,1100457.17040384,-0.473709441480101,-0.40051263766016,-0.614252070265197,-0.256660204264299,-0.110223494370131,-0.0521484033773788,0.932454613759106,0.617573594939285,-0.827272530491236,2015,-0.463379261419758,0.200906506286383,-0.085243767801778,-0.116158184083917,0.932454613759106,-0.43585776128032,0.041352995709703,-0.610831620267785,-0.0103301800603427,-0.253054909663761,-0.171416436462521,0.00593468971378552,0,-0.391414769210916,0.576220599229582,-0.00342044999741209,511
13209,1259338.99300204,1100457.17040384,-0.396839187620178,-0.400244150075199,-0.610896994586432,-0.138181037486326,-0.117027805463014,0.179359627108319,0.932454613759106,0.25133796512114,-0.580764742949862,2016,-0.463379261419758,0.200906506286383,-0.085243767801778,-0.116158184083917,0.932454613759106,-0.43585776128032,0.041352995709703,-0.610831620267785,0.0665400737995805,-0.0215468791780633,-0.0529372696845476,-0.000869621379096547,0,-0.144906981669542,0.209984969411437,-6.53743186472822e-05,512
13209,1259338.99300204,1100457.17040384,-0.403239242348731,-0.40055617618745,-0.614797440629587,-0.120678551669198,-0.124447645521279,0.332953860850873,0.932454613759106,-0.232229343092776,-0.438548711675992,2017,-0.463379261419758,0.200906506286383,-0.085243767801778,-0.116158184083917,0.932454613759106,-0.43585776128032,0.041352995709703,-0.610831620267785,0.0601400190710274,0.132047354564491,-0.03543478386742,-0.00828946143736196,0,-0.00269095039567219,-0.273582338802479,-0.00396582036180237,513
13209,1259338.99300204,1100457.17040384,-0.617687114687538,-0.40001920101753,-0.608096581668943,-0.01817127324369,-0.118382186804846,0.442772010785028,0.932454613759106,-0.0607721514395514,-0.225782374691752,2018,-0.463379261419758,0.200906506286383,-0.085243767801778,-0.116158184083917,0.932454613759106,-0.43585776128032,0.041352995709703,-0.610831620267785,-0.15430785326778,0.241865504498645,0.067072494558088,-0.00222400272092892,0,0.210075386588568,-0.102125147149254,0.00273503859884183,514
13209,1259338.99300204,1100457.17040384,-0.425421320962244,-0.399859559750797,-0.606115014188765,0.107472227654623,-0.110709788260315,0.101595436065072,0.932454613759106,-0.369145086979583,-0.106920446592758,2019,-0.463379261419758,0.200906506286383,-0.085243767801778,-0.116158184083917,0.932454613759106,-0.43585776128032,0.041352995709703,-0.610831620267785,0.0379579404575148,-0.099311070221311,0.192715995456401,0.00544839582360192,0,0.328937314687562,-0.410498082689286,0.00471660607902002,515
13211,1149566.07261983,1245014.08780873,0.4488841079756,-0.335698283366486,-0.353413614288035,0.280382661521786,-0.294336727881714,-0.571459916529938,-1.0841006608116,-0.983757169839084,0.231470051350066,2015,0.264238350337917,-0.608308017246345,0.542115294364351,-0.279504196844731,-1.08463840117236,0.652805958121151,-1.29768204592028,-0.343540142619549,0.184645757637684,0.0368481007164072,-0.261732632842565,-0.0148325310369828,0.000537740360758932,-0.421335906771085,0.313924876081197,-0.00987347166848573,516
13211,1149566.07261983,1245014.08780873,0.245025808032178,-0.335386257254235,-0.351458442737729,0.442064304674429,-0.268969869360689,-0.647647987221284,-1.08649834768266,-1.13387213614421,0.275041139362894,2016,0.264238350337917,-0.608308017246345,0.542115294364351,-0.279504196844731,-1.08463840117236,0.652805958121151,-1.29768204592028,-0.343540142619549,-0.0192125423057386,-0.039339969974939,-0.100050989689923,0.0105343274840421,-0.0018599465102922,-0.377764818758257,0.163809909776069,-0.00791830011818029,517
13211,1149566.07261983,1245014.08780873,0.322747869308241,-0.334878307769175,-0.348285605642526,0.53773592876613,-0.272928201988395,-0.706238669076509,-1.08765530422051,-1.12144979549475,0.580526751638431,2017,0.264238350337917,-0.608308017246345,0.542115294364351,-0.279504196844731,-1.08463840117236,0.652805958121151,-1.29768204592028,-0.343540142619549,0.0585095189703241,-0.097930651830164,-0.00437936559822127,0.00657599485633642,-0.00301690304814506,-0.0722792064827196,0.176232250425533,-0.00474546302297735,518
13211,1149566.07261983,1245014.08780873,0.184731269676814,-0.333267382259413,-0.33830412628646,0.655066041273267,-0.284558971651885,-0.510312621919558,-1.08640627117575,-1.52900973285893,0.850388642354681,2018,0.264238350337917,-0.608308017246345,0.542115294364351,-0.279504196844731,-1.08463840117236,0.652805958121151,-1.29768204592028,-0.343540142619549,-0.0795070806611026,0.0979953953267871,0.112950746908916,-0.00505477480715444,-0.00176787000338763,0.19758268423353,-0.231327686938652,0.00523601633308873,519
13211,1149566.07261983,1245014.08780873,0.11980269669675,-0.331293635688894,-0.326238924142994,0.795327535586145,-0.276727213340972,-0.605880891484436,-1.0785314219713,-1.72032139526443,1.32660320589968,2019,0.264238350337917,-0.608308017246345,0.542115294364351,-0.279504196844731,-1.08463840117236,0.652805958121151,-1.29768204592028,-0.343540142619549,-0.144435653641167,0.00242712576190851,0.253212241221794,0.00277698350375882,0.0061069792010664,0.673797247778531,-0.422639349344147,0.0173012184765546,520
13213,1018904.60119297,1363510.21333603,-0.772572682210514,-0.179677970819659,0.307914883339657,-0.933309588253593,-1.56043340402913,0.716035901205449,-1.07271577440932,-0.163077674095695,-0.367510409779878,2015,-0.82872593150973,0.66310387500329,-0.64031114282483,-1.55595951136546,-1.06757702599942,-0.123038263470464,-0.509018607713996,0.30988926227483,0.0561532492992163,0.0529320262021589,-0.292998445428764,-0.0044738926636736,-0.00513874840990747,-0.244472146309415,0.345940933618301,-0.00197437893517333,521
13213,1018904.60119297,1363510.21333603,-0.765246665081293,-0.17998999693191,0.307025090589358,-0.740480233869602,-1.55661955299434,0.677393339180002,-1.06506926535799,-0.327376315499322,-0.216998443348366,2016,-0.82872593150973,0.66310387500329,-0.64031114282483,-1.55595951136546,-1.06757702599942,-0.123038263470464,-0.509018607713996,0.30988926227483,0.0634792664284368,0.0142894641767123,-0.100169091044773,-0.000660041628879782,0.00250776064142855,-0.0939601798779026,0.181642292214674,-0.00286417168547226,522
13213,1018904.60119297,1363510.21333603,-0.897613109515067,-0.179365944707407,0.308803705550395,-0.645922858345044,-1.55775075038107,0.651630615176848,-1.06585320342633,-0.441618854642155,-0.151676668199535,2017,-0.82872593150973,0.66310387500329,-0.64031114282483,-1.55595951136546,-1.06757702599942,-0.123038263470464,-0.509018607713996,0.30988926227483,-0.0688871780053372,-0.0114732598264421,-0.00561171552021478,-0.00179123901561185,0.00172382257309067,-0.0286384047290714,0.0673997530718414,-0.00108555672443494,523
13213,1018904.60119297,1363510.21333603,-0.904450739432198,-0.178545969110096,0.31113483670466,-0.476819148439125,-1.55158137831344,0.695776938924881,-1.06834391676385,-0.821768579992836,-0.0144800262647433,2018,-0.82872593150973,0.66310387500329,-0.64031114282483,-1.55595951136546,-1.06757702599942,-0.123038263470464,-0.509018607713996,0.30988926227483,-0.0757248079224677,0.0326730639215912,0.163491994385705,0.00437813305201895,-0.000766890764436923,0.10855823720572,-0.31274997227884,0.00124557442982937,524
13213,1018904.60119297,1363510.21333603,-0.803746461309579,-0.177334146767167,0.314567795190081,-0.405023885216783,-1.55341247110931,0.57468258052927,-1.06590297003959,-0.791251614339972,0.135474230240204,2019,-0.82872593150973,0.66310387500329,-0.64031114282483,-1.55595951136546,-1.06757702599942,-0.123038263470464,-0.509018607713996,0.30988926227483,0.0249794702001516,-0.0884212944740204,0.235287257608046,0.00254704025614583,0.00167405595982517,0.258512493710668,-0.282233006625976,0.00467853291525122,525
13215,1037006.287268,1109382.68660813,0.748278743665097,0.987764099957694,1.99977779618819,-1.0371205291575,0.933450666569963,0.185070632137986,-1.06145577368624,-0.0906767126164974,0.39550648350076,2015,0.887653144323245,0.184581664628176,-0.898499981421938,0.974765063796153,-1.06300156394318,0.548486316357319,-0.0170955290464183,1.9917438746201,-0.139374400658148,0.000488967509810062,-0.13862054773556,-0.0413143972261899,0.00154579025693447,-0.152979832856559,-0.0735811835700791,0.00803392156808513,526
13215,1037006.287268,1109382.68660813,0.854327180610525,0.987894715539567,1.99985102721564,-0.96832290159663,0.950058659945956,0.199425420512659,-1.06101347052186,-0.0251766940741312,0.367272418468448,2016,0.887653144323245,0.184581664628176,-0.898499981421938,0.974765063796153,-1.06300156394318,0.548486316357319,-0.0170955290464183,1.9917438746201,-0.0333259637127207,0.0148437558844829,-0.0698229201746924,-0.0247064038501972,0.00198809342131367,-0.181213897888871,-0.00808116502771283,0.00810715259553785,527
13215,1037006.287268,1109382.68660813,0.965469333803376,0.975878082007287,1.99308607217193,-0.917647253178957,0.981069552193272,0.235054315244529,-1.0629475790517,0.0826972936026224,0.487389193902211,2017,0.887653144323245,0.184581664628176,-0.898499981421938,0.974765063796153,-1.06300156394318,0.548486316357319,-0.0170955290464183,1.9917438746201,0.0778161894801307,0.0504726506163533,-0.0191472717570192,0.00630448839711906,5.39848914784535e-05,-0.0610971224551075,0.0997928226490408,0.00134219755183063,528
13215,1037006.287268,1109382.68660813,0.966149604347237,0.961532137264946,1.98493555143729,-0.835685176818384,0.990022591715764,0.141775677625049,-1.0646183311053,0.00877272316532591,0.738010092151996,2018,0.887653144323245,0.184581664628176,-0.898499981421938,0.974765063796153,-1.06300156394318,0.548486316357319,-0.0170955290464183,1.9917438746201,0.0784964600239914,-0.0428059870031265,0.0628148046035545,0.0152575279196109,-0.00161676716212389,0.189523775794677,0.0258682522117442,-0.00680832318281865,529
13215,1037006.287268,1109382.68660813,0.904040859189992,0.954776409113646,1.98106892608747,-0.733724046358221,1.01922384855581,0.161582277620656,-1.06497266535078,-0.0610942553094114,0.754253393763178,2019,0.887653144323245,0.184581664628176,-0.898499981421938,0.974765063796153,-1.06300156394318,0.548486316357319,-0.0170955290464183,1.9917438746201,0.0163877148667468,-0.0229993870075198,0.164775935063717,0.0444587847596571,-0.00197110140760226,0.205767077405859,-0.0439987262629931,-0.010674948532635,530
13217,1117369.197621,1236784.94710225,0.339017224858568,0.279247132510958,1.26460344299858,-1.11443304077903,0.760872453315945,0.261926829171154,-1.07739199402086,-0.573868592119733,0.193754917566163,2015,0.259892092816619,0.299255177866617,-0.961103872392417,0.854056196290983,-1.0712984764123,0.606041980778743,-0.611304512601987,1.28475891888923,0.0791251320419484,-0.0373283486954633,-0.153329168386613,-0.0931837429750385,-0.00609351760856458,-0.412287063212581,0.0374359204822535,-0.0201554758906477,531
13217,1117369.197621,1236784.94710225,0.289120196658243,0.28836119755718,1.27451401591913,-1.01927200524908,0.833169349388147,0.322401332364229,-1.07406913147308,-0.587162398596572,0.456854575422821,2016,0.259892092816619,0.299255177866617,-0.961103872392417,0.854056196290983,-1.0712984764123,0.606041980778743,-0.611304512601987,1.28475891888923,0.0292281038416236,0.0231461544976115,-0.0581681328566602,-0.020886846902836,-0.00277065506078245,-0.149187405355922,0.0241421140054148,-0.0102449029701057,532
13217,1117369.197621,1236784.94710225,0.266071655248321,0.29664077416366,1.28341386604057,-0.965500953032421,0.847263411897084,0.292646377043738,-1.07095396504669,-0.630256020671863,0.721906218022455,2017,0.259892092816619,0.299255177866617,-0.961103872392417,0.854056196290983,-1.0712984764123,0.606041980778743,-0.611304512601987,1.28475891888923,0.00617956243170215,-0.00660880082287923,-0.00439708064000399,-0.00679278439389897,0.00034451136560909,0.115864237243711,-0.0189515080698762,-0.00134505284866715,533
13217,1117369.197621,1236784.94710225,0.185382561296074,0.307198867031696,1.29462371994763,-0.89379705961141,0.890341453365759,0.304628179320906,-1.06969762895031,-0.460416023144139,0.729644443253533,2018,0.259892092816619,0.299255177866617,-0.961103872392417,0.854056196290983,-1.0712984764123,0.606041980778743,-0.611304512601987,1.28475891888923,-0.0745095315205452,0.00537300145428871,0.0673068127810069,0.036285257074776,0.00160084746199041,0.12360246247479,0.150888489457848,0.0098648010584006,534
13217,1117369.197621,1236784.94710225,0.21986882602189,0.318678525394055,1.30663954954025,-0.812516303290147,0.93863431348798,0.31467317143306,-1.06437966257055,-0.804819528477627,0.928049749628745,2019,0.259892092816619,0.299255177866617,-0.961103872392417,0.854056196290983,-1.0712984764123,0.606041980778743,-0.611304512601987,1.28475891888923,-0.040023266794729,0.0154179935664424,0.14858756910227,0.0845781171969974,0.00691881384174731,0.322007768850002,-0.19351501587564,0.0218806306510202,535
13219,1151031.42548888,1272722.36016217,3.16472703736512,-0.215967333316598,0.703119253529483,-0.741103903495993,-1.277099360004,0.179884419289931,-1.07707222296314,-2.0013290385238,2.09233893507232,2015,3.48826975736879,0.323383450646551,-0.495647377317219,-1.29599394844005,-1.07216315000694,2.75077127437401,-2.08931967375317,0.742285410537906,-0.323542720003672,-0.143499031356619,-0.245456526178774,0.0188945884360574,-0.00490907295620002,-0.658432339301688,0.0879906352293687,-0.0391661570084236,536
13219,1151031.42548888,1272722.36016217,3.28338944195976,-0.211098274681235,0.718861004330955,-0.618594753344769,-1.27913889471172,0.38587013998287,-1.07376682618889,-2.02315429520597,2.3442843943977,2016,3.48826975736879,0.323383450646551,-0.495647377317219,-1.29599394844005,-1.07216315000694,2.75077127437401,-2.08931967375317,0.742285410537906,-0.204880315409029,0.0624866893363193,-0.12294737602755,0.0168550537283312,-0.00160367618195911,-0.406486879976313,0.0661653785472014,-0.023424406206951,537
13219,1151031.42548888,1272722.36016217,3.42093136545626,-0.20456023916639,0.73953133109916,-0.462945193579368,-1.3039319056076,0.2926425608171,-1.07248619526629,-2.05308104715975,2.56046670468214,2017,3.48826975736879,0.323383450646551,-0.495647377317219,-1.29599394844005,-1.07216315000694,2.75077127437401,-2.08931967375317,0.742285410537906,-0.0673383919125294,-0.0307408898294512,0.0327021837378508,-0.00793795716754842,-0.000323045259350119,-0.190304569691867,0.0362386265934211,-0.00275407943874673,538
13219,1151031.42548888,1272722.36016217,3.74083649580812,-0.196977278996564,0.76286640127897,-0.38803039014176,-1.30450132792085,0.315559797159797,-1.06747100960448,-2.2047430777274,3.25014474261959,2018,3.48826975736879,0.323383450646551,-0.495647377317219,-1.29599394844005,-1.07216315000694,2.75077127437401,-2.08931967375317,0.742285410537906,0.252566738439329,-0.00782365348675373,0.107616987175459,-0.0085073794808006,0.00469214040246002,0.49937346824558,-0.115423403974228,0.0205809907410638,539
13219,1151031.42548888,1272722.36016217,3.8314644462547,-0.188886369341677,0.787049062450964,-0.267562646024206,-1.31529825395609,0.442960335983056,-1.07001949601189,-2.16429091014894,3.5066215950983,2019,3.48826975736879,0.323383450646551,-0.495647377317219,-1.29599394844005,-1.07216315000694,2.75077127437401,-2.08931967375317,0.742285410537906,0.343194688885903,0.119576885336505,0.228084731293014,-0.0193043055160391,0.00214365399504945,0.755850320724288,-0.074971236395764,0.0447636519130578,540
13221,1182778.10323973,1282155.37503887,0.190464395766873,-0.359005908309531,-0.694126924336584,0.167310801843752,-0.691403963092962,-0.678073861021901,-1.06261419417254,-0.748127595748566,0.0393389816487015,2015,-0.00483669963621373,-0.649352565952118,0.384821158017464,-0.632226933290578,-1.06722519207127,-0.093702721333187,-0.757815861872212,-0.690159546773835,0.195301095403086,-0.0287212950697832,-0.217510356173712,-0.0591770298023836,0.00461099789873654,0.133041702981889,0.00968826612364604,-0.00396737756274945,541
13221,1182778.10323973,1282155.37503887,0.0682467763255898,-0.358606805142698,-0.691081283171101,0.276788110192101,-0.662051576794354,-0.52627543707192,-1.06878341585521,-0.461214848911828,-0.237982279335344,2016,-0.00483669963621373,-0.649352565952118,0.384821158017464,-0.632226933290578,-1.06722519207127,-0.093702721333187,-0.757815861872212,-0.690159546773835,0.0730834759618036,0.123077128880198,-0.108033047825363,-0.0298246435037761,-0.00155822378393533,-0.144279558002157,0.296601012960384,-0.000921736397266892,542
13221,1182778.10323973,1282155.37503887,-0.139486916938098,-0.359252626630846,-0.69601539375432,0.379976405405622,-0.591079238270738,-0.552634488389873,-1.07056304288926,-0.512726118787343,-0.185348405015848,2017,-0.00483669963621373,-0.649352565952118,0.384821158017464,-0.632226933290578,-1.06722519207127,-0.093702721333187,-0.757815861872212,-0.690159546773835,-0.134650217301884,0.0967180775622454,-0.00484475261184147,0.0411476950198398,-0.00333785081798643,-0.0916456836826612,0.245089743084869,-0.00585584698048591,543
13221,1182778.10323973,1282155.37503887,-0.0459045766646165,-0.358309291872878,-0.688818278922565,0.454518848555025,-0.603523361277483,-0.649668918612311,-1.06912932932231,-0.864795149935008,-0.074154988407112,2018,-0.00483669963621373,-0.649352565952118,0.384821158017464,-0.632226933290578,-1.06722519207127,-0.093702721333187,-0.757815861872212,-0.690159546773835,-0.0410678770284027,-0.000316352660192587,0.0696976905375611,0.0287035720130954,-0.00190413725103444,0.019547732926075,-0.106979288062796,0.00134126785126965,544
13221,1182778.10323973,1282155.37503887,-0.0975031766708165,-0.357242597954251,-0.680755853684602,0.64551162409082,-0.613076527017354,-0.840110124664586,-1.06503597811705,-1.20221559597832,-0.0103669155563323,2019,-0.00483669963621373,-0.649352565952118,0.384821158017464,-0.632226933290578,-1.06722519207127,-0.093702721333187,-0.757815861872212,-0.690159546773835,-0.0926664770346028,-0.190757558712468,0.260690466073356,0.0191504062732246,0.00218921395421967,0.0833358057768547,-0.444399734106103,0.00940369308923239,545
13223,1019504.38771748,1265875.85721874,0.888302317257048,0.604008263994762,1.46287356360909,-1.72059340620197,-0.614671282828204,0.0334039443520809,-1.07636941714582,-1.23180985182266,0.963603757447212,2015,0.880930871960168,0.138678906863963,-1.51282473821731,-0.560943787061544,-1.07282661527197,1.21939741526588,-1.58912256739476,1.49323785987365,0.00737144529687983,-0.105274962511882,-0.207768667984657,-0.0537274957666598,-0.00354280187385325,-0.255793657818668,0.3573127155721,-0.0303642962645632,546
13223,1019504.38771748,1265875.85721874,0.968378663563076,0.621641367547564,1.47619784714592,-1.5864090588481,-0.571072643488526,0.123380402218008,-1.07414917410274,-1.50078816753055,0.996926925559423,2016,0.880930871960168,0.138678906863963,-1.51282473821731,-0.560943787061544,-1.07282661527197,1.21939741526588,-1.58912256739476,1.49323785987365,0.0874477916029085,-0.0152985046459553,-0.0735843206307876,-0.010128856426982,-0.00132255883077348,-0.222470489706457,0.0883343998642161,-0.0170400127277324,547
13223,1019504.38771748,1265875.85721874,0.924654882207458,0.640283113649271,1.49005133051298,-1.51086243086785,-0.557543442218381,0.168007678478874,-1.07253918812508,-1.64843842456858,1.12415450255688,2017,0.880930871960168,0.138678906863963,-1.51282473821731,-0.560943787061544,-1.07282661527197,1.21939741526588,-1.58912256739476,1.49323785987365,0.0437240102472907,0.0293287716149103,0.00196230734945879,0.00340034484316343,0.000287427146886232,-0.0952429127090002,-0.059315857173815,-0.00318652936067498,548
13223,1019504.38771748,1265875.85721874,0.898982263551482,0.665252459050584,1.50824564448587,-1.41058067019858,-0.537885519991318,0.183854467701082,-1.07199942329819,-1.69062723274745,1.42852469497929,2018,0.880930871960168,0.138678906863963,-1.51282473821731,-0.560943787061544,-1.07282661527197,1.21939741526588,-1.58912256739476,1.49323785987365,0.0180513915913147,0.0451755608371184,0.102244068018728,0.0230582670702263,0.000827191973778341,0.209127279713409,-0.101504665352692,0.0150077846122227,549
13223,1019504.38771748,1265875.85721874,0.724336233221774,0.694169297592936,1.5288209136144,-1.33567812497005,-0.523546046781292,0.184748041569772,-1.06907587368801,-1.87394916030457,1.5837771957866,2019,0.880930871960168,0.138678906863963,-1.51282473821731,-0.560943787061544,-1.07282661527197,1.21939741526588,-1.58912256739476,1.49323785987365,-0.156594638738394,0.046069134705809,0.177146613247257,0.0373977402802523,0.00375074158396216,0.364379780520716,-0.284826592909809,0.0355830537407473,550
13225,1133559.18847321,1127883.67560396,0.0305144579324547,-0.269040798084167,0.678213780584594,-0.849046335968357,0.986827810770864,0.299946014577014,-1.07674595136556,0.122949670991039,0.251408181224736,2015,0.0204973054283044,0.202251018112025,-0.47232883478008,0.946028929523908,-1.08058108649066,0.284717406588783,-0.00158580221489318,0.676408763488598,0.0100171525041503,0.097694996464989,-0.376717501188277,0.0407988812469559,0.0038351351250927,-0.0333092253640465,0.124535473205932,0.00180501709599556,551
13225,1133559.18847321,1127883.67560396,0.034178909056348,-0.270339697481677,0.672810746331033,-0.716936924942485,0.961636480058707,0.16227540625854,-1.08009245306219,-0.0101387956250888,0.116512092737022,2016,0.0204973054283044,0.202251018112025,-0.47232883478008,0.946028929523908,-1.08058108649066,0.284717406588783,-0.00158580221489318,0.676408763488598,0.0136816036280436,-0.0399756118534849,-0.244608090162404,0.0156075505347988,0.000488633428466834,-0.168205313851761,-0.00855299341019558,-0.00359801715756536,552
13225,1133559.18847321,1127883.67560396,0.0398655544171385,-0.26946892693586,0.676436847270797,-0.409119111192138,0.917381069425954,0.137444698599954,-1.0809820359923,-0.345139304275537,0.251268753743095,2017,0.0204973054283044,0.202251018112025,-0.47232883478008,0.946028929523908,-1.08058108649066,0.284717406588783,-0.00158580221489318,0.676408763488598,0.0193682489888341,-0.0648063195120706,0.0632097235879419,-0.0286478600979542,-0.000400949501648373,-0.0334486528456875,-0.343553502060644,2.80837821988733e-05,553
13225,1133559.18847321,1127883.67560396,-0.0780787828396692,-0.269911568629984,0.674595595750031,-0.242135795599803,0.928165609976867,0.216297018808707,-1.08561181878184,0.0617436862466538,0.248619631591915,2018,0.0204973054283044,0.202251018112025,-0.47232883478008,0.946028929523908,-1.08058108649066,0.284717406588783,-0.00158580221489318,0.676408763488598,-0.0985760882679736,0.014046000696682,0.230193039180277,-0.0178633195470415,-0.00503073229118134,-0.0360977749968675,0.063329488461547,-0.00181316773856688,554
13225,1133559.18847321,1127883.67560396,0.0760063885752501,-0.268612669232473,0.679986847506536,-0.144406006197618,0.936133677387149,0.195291952315909,-1.07947317325139,0.162655731588467,0.555778373647145,2019,0.0204973054283044,0.202251018112025,-0.47232883478008,0.946028929523908,-1.08058108649066,0.284717406588783,-0.00158580221489318,0.676408763488598,0.0555090831469457,-0.00695906579611558,0.327922828582462,-0.00989525213675924,0.00110791323927018,0.271060967058363,0.16424153380336,0.00357808401793791,555
13227,1048753.06320729,1330608.17747061,0.596528125132866,-0.249782256179172,0.403554571968976,0.80422470961292,-1.53031195873807,-0.291445369453115,-1.07861478546603,-1.37633441472265,0.687397916316295,2015,0.458310136771587,-0.431871248395671,1.03107002522563,-1.55010193046634,-1.07995423849117,1.11761535366791,-1.56499520132422,0.422862473143671,0.138217988361279,0.140425878942556,-0.226845315612711,0.0197899717282728,0.00133945302514737,-0.43021743735162,0.188660786601567,-0.0193079011746953,556
13227,1048753.06320729,1330608.17747061,0.490695848684302,-0.247953638032956,0.410430267206338,0.974686057389414,-1.54446595151578,-0.375474613530761,-1.08287221289969,-1.56845036073371,0.766592725888411,2016,0.458310136771587,-0.431871248395671,1.03107002522563,-1.55010193046634,-1.07995423849117,1.11761535366791,-1.56499520132422,0.422862473143671,0.0323857119127152,0.0563966348649095,-0.0563839678362171,0.00563597895056422,-0.00291797440851238,-0.351022627779504,-0.00345515940948848,-0.012432205937333,557
13227,1048753.06320729,1330608.17747061,0.536950822400872,-0.24540663418644,0.419911466081645,1.04342765294273,-1.58480062693319,-0.389375067732422,-1.07906671270576,-1.63043174744987,1.13816696446181,2017,0.458310136771587,-0.431871248395671,1.03107002522563,-1.55010193046634,-1.07995423849117,1.11761535366791,-1.56499520132422,0.422862473143671,0.0786406856292853,0.0424961806632488,0.0123576277170965,-0.034698696466849,0.00088752578541107,0.0205516107938906,-0.0654365461256508,-0.00295100706202622,558
13227,1048753.06320729,1330608.17747061,0.416654444814771,-0.241858244212234,0.432939074276,1.1008652852446,-1.53709784078799,-0.564989586089545,-1.07911634900145,-1.67028892138182,1.4516696569317,2018,0.458310136771587,-0.431871248395671,1.03107002522563,-1.55010193046634,-1.07995423849117,1.11761535366791,-1.56499520132422,0.422862473143671,-0.0416556919568157,-0.133118337693874,0.0697952600189731,0.013004089678351,0.00083788948972563,0.334054303263788,-0.1052937200576,0.0100766011323281,559
13227,1048753.06320729,1330608.17747061,0.250721442825123,-0.237830930437829,0.447476986185398,1.23214642093849,-1.55383327435668,-0.538071605172511,-1.08010113238295,-1.57947056233305,1.54424950474136,2019,0.458310136771587,-0.431871248395671,1.03107002522563,-1.55010193046634,-1.07995423849117,1.11761535366791,-1.56499520132422,0.422862473143671,-0.207588693946464,-0.10620035677684,0.201076395712858,-0.00373134389033858,-0.000146893891771471,0.426634151073444,-0.0144753610088286,0.0246145130417265,560
13229,1302367.02738106,1015015.05186741,-0.390065085993837,-0.328195143830027,-0.281047185261887,-0.270315784197476,-1.16769908138794,-0.477476988313066,0.932454613759106,0.384378342927088,-0.322614760691461,2015,-0.590848670056466,-0.495476850329741,-0.0241937376132048,-1.11296904286364,0.932454613759106,-0.250084584741787,0.0876087759101408,-0.273785531466687,0.200783584062629,0.0179998620166748,-0.246122046584271,-0.054730038524305,0,-0.0725301759496735,0.296769567016948,-0.00726165379520005,561
13229,1302367.02738106,1015015.05186741,-0.56971013134413,-0.327498527393373,-0.276926013157341,-0.136287439606521,-1.14274781106619,-0.498385452888173,0.932454613759106,-0.167080263317417,-0.207447660855954,2016,-0.590848670056466,-0.495476850329741,-0.0241937376132048,-1.11296904286364,0.932454613759106,-0.250084584741787,0.0876087759101408,-0.273785531466687,0.0211385387123362,-0.00290860255843245,-0.112093701993316,-0.0297787682025501,0,0.0426369238858327,-0.254689039227558,-0.00314048169065445,562
13229,1302367.02738106,1015015.05186741,-0.663359529581999,-0.326693064638492,-0.272186745653501,0.0314589444296491,-1.10447003880699,-0.526657708312878,0.932454613759106,-0.00799748706974874,-0.239097699188473,2017,-0.590848670056466,-0.495476850329741,-0.0241937376132048,-1.11296904286364,0.932454613759106,-0.250084584741787,0.0876087759101408,-0.273785531466687,-0.0725108595255337,-0.0311808579831374,0.0556526820428538,0.00849900405664905,0,0.0109868855533146,-0.0956062629798896,0.0015987858131864,563
13229,1302367.02738106,1015015.05186741,-0.731940658223261,-0.326526166950543,-0.271208173216463,0.102841313181384,-1.06887505201404,-0.458240705934433,0.932454613759106,0.0839420765438991,-0.265519206959451,2018,-0.590848670056466,-0.495476850329741,-0.0241937376132048,-1.11296904286364,0.932454613759106,-0.250084584741787,0.0876087759101408,-0.273785531466687,-0.141091988166795,0.0372361443953073,0.127035050794589,0.0440939908495943,0,-0.0154346222176641,-0.00366669936624169,0.00257735825022398,564
13229,1302367.02738106,1015015.05186741,-0.599167945139102,-0.325902114726041,-0.267559540044243,0.15133427812694,-1.08105323104303,-0.516623396200153,0.932454613759106,0.144801210466882,-0.215743596013597,2019,-0.590848670056466,-0.495476850329741,-0.0241937376132048,-1.11296904286364,0.932454613759106,-0.250084584741787,0.0876087759101408,-0.273785531466687,-0.0083192750826363,-0.0211465458704123,0.175528015740144,0.0319158118206115,0,0.0343409887281902,0.0571924345567413,0.00622599142244401,565
13231,1074344.29155878,1179301.76743224,-0.00127186243177907,-0.336336848433419,0.0338155608985324,-0.475961804002943,-0.971414520800037,-0.811160034285689,-1.07494426269719,-1.29058122171149,0.0936459857478899,2015,0.0452311369651825,-0.753754543362163,-0.294959434415197,-1.03204239823761,-1.07931287152054,0.543913094959492,-1.34095677367228,0.0421722061520642,-0.0465029993969616,-0.057405490923526,-0.181002369587745,0.0606278774375701,0.00436860882335388,-0.450267109211602,0.0503755519607874,-0.00835664525353179,566
13231,1074344.29155878,1179301.76743224,-0.0653542540752368,-0.33611189937575,0.0352325350242123,-0.379069719710432,-1.01587578962676,-0.849949044558768,-1.07918192202771,-1.29972868496833,0.0698038863872706,2016,0.0452311369651825,-0.753754543362163,-0.294959434415197,-1.03204239823761,-1.07931287152054,0.543913094959492,-1.34095677367228,0.0421722061520642,-0.110585391040419,-0.096194501196605,-0.0841102852952351,0.0161666086108472,0.000130949492830323,-0.474109208572222,0.0412280887039544,-0.00693967112785191,567
13231,1074344.29155878,1179301.76743224,0.142399829971298,-0.335560411363399,0.0386960175811073,-0.265105028878952,-1.02665827984619,-0.742597110805741,-1.07969995253708,-1.28076813387929,0.458876273906617,2017,0.0452311369651825,-0.753754543362163,-0.294959434415197,-1.03204239823761,-1.07931287152054,0.543913094959492,-1.34095677367228,0.0421722061520642,0.0971686930061156,0.011157432556422,0.0298544055362451,0.00538411839141495,-0.000387081016543611,-0.0850368210528755,0.0601886397929965,-0.00347618857095691,568
13231,1074344.29155878,1179301.76743224,0.0242187257098056,-0.33437761470533,0.046075001522828,-0.203349351247454,-1.0429478331172,-0.70883936929241,-1.07949824567547,-1.15803074176211,0.862867401961555,2018,0.0452311369651825,-0.753754543362163,-0.294959434415197,-1.03204239823761,-1.07931287152054,0.543913094959492,-1.34095677367228,0.0421722061520642,-0.021012411255377,0.0449151740697536,0.0916100831677434,-0.0109054348795892,-0.000185374154927143,0.318954307002063,0.182926031910168,0.00390279537076376,569
13231,1074344.29155878,1179301.76743224,0.126163245651825,-0.33259979150762,0.0570419157336411,-0.151311268236205,-1.10331556779785,-0.656227157868208,-1.08323997466525,-1.67567508604019,1.23437192679413,2019,0.0452311369651825,-0.753754543362163,-0.294959434415197,-1.03204239823761,-1.07931287152054,0.543913094959492,-1.34095677367228,0.0421722061520642,0.0809321086866423,0.0975273854939551,0.143648166178992,-0.0712731695602429,-0.00392710314471345,0.690458831834637,-0.334718312367906,0.0148697095815768,570
13233,989217.414741205,1271512.02524131,-0.484234366579918,-0.166514822735386,0.430166190888048,-0.383770845810564,-0.850026423299642,0.691692954986698,0.932454613759106,0.0598490619115746,-0.283853920795249,2015,-0.534399544514221,0.540876176163859,-0.264670648088185,-0.900359577411876,0.932454613759106,-0.0193878736185082,-0.248303032155824,0.435573997355566,0.0501651779343029,0.15081677882284,-0.11910019772238,0.0503331541122342,0,-0.264466047176741,0.308152094067398,-0.0054078064675176,571
13233,989217.414741205,1271512.02524131,-0.526767861331754,-0.166166514517059,0.431114661158664,-0.292130167400805,-0.913899913879605,0.551974723146619,0.932454613759106,-0.136686406477694,-0.212885332639955,2016,-0.534399544514221,0.540876176163859,-0.264670648088185,-0.900359577411876,0.932454613759106,-0.0193878736185082,-0.248303032155824,0.435573997355566,0.00763168318246765,0.0110985469827607,-0.0274595193126208,-0.013540336467729,0,-0.193497459021447,0.11161662567813,-0.00445933619690148,572
13233,989217.414741205,1271512.02524131,-0.565124513128566,-0.164853102277118,0.434681287047145,-0.228071767227303,-0.891701883365999,0.526229232293614,0.932454613759106,-0.305808449433178,-0.0028378315477157,2017,-0.534399544514221,0.540876176163859,-0.264670648088185,-0.900359577411876,0.932454613759106,-0.0193878736185082,-0.248303032155824,0.435573997355566,-0.030724968614345,-0.0146469438702443,0.0365988808608817,0.00865769404587713,0,0.0165500420707925,-0.0575054172773543,-0.000892710308420641,573
13233,989217.414741205,1271512.02524131,-0.620413945373906,-0.163568715722037,0.438154060170863,-0.248843971230856,-0.916903123894635,0.430140678638773,0.932454613759106,-0.462351014649296,0.0794940963613235,2018,-0.534399544514221,0.540876176163859,-0.264670648088185,-0.900359577411876,0.932454613759106,-0.0193878736185082,-0.248303032155824,0.435573997355566,-0.086014400859685,-0.110735497525086,0.0158266768573286,-0.0165435464827586,0,0.0988819699798316,-0.214047982493473,0.00258006281529727,574
13233,989217.414741205,1271512.02524131,-0.475457036156962,-0.161486122833291,0.443753787513108,-0.170536488771394,-0.9292665426195,0.504343291753588,0.932454613759106,-0.396518352130525,0.323143620529056,2019,-0.534399544514221,0.540876176163859,-0.264670648088185,-0.900359577411876,0.932454613759106,-0.0193878736185082,-0.248303032155824,0.435573997355566,0.0589425083572597,-0.0365328844102704,0.0941341593167902,-0.0289069652076236,0,0.342531494147564,-0.148215319974701,0.00817979015754239,575
13235,1170985.83980181,1094938.49888641,-0.494273545823179,-0.38148630123405,-0.426658661913419,-0.0198698396435269,0.296740630075563,-0.543293297708724,-1.07067120043842,-0.27599892495391,-0.0996702175474239,2015,-0.498918991784892,-0.648062813719323,0.521885243145522,0.375715576591772,-0.676990930738789,-0.0712967250334706,0.212798852537135,-0.440795754711119,0.00464544596171329,0.1047695160106,-0.541755082789049,-0.0789749465162093,-0.393680269699634,-0.0283734925139534,-0.488797777491045,0.0141370927976999,576
13235,1170985.83980181,1094938.49888641,-0.615515944604518,-0.382429635992019,-0.435850398815639,0.498194027455553,0.309466495145701,-0.718641063622248,-1.0737601787394,0.386950450433103,-0.0178262858241284,2016,-0.498918991784892,-0.648062813719323,0.521885243145522,0.375715576591772,-0.676990930738789,-0.0712967250334706,0.212798852537135,-0.440795754711119,-0.116596952819626,-0.0705782499029245,-0.0236912156899696,-0.0662490814460712,-0.396769248000613,0.0534704392093421,0.174151597895968,0.0049453558954799,577
13235,1170985.83980181,1094938.49888641,-0.477944049076035,-0.382894046949788,-0.440413934377719,0.590247148284892,0.363178344196489,-0.668689150703377,-1.08965189605079,0.10411594849649,-0.174124492743744,2017,-0.498918991784892,-0.648062813719323,0.521885243145522,0.375715576591772,-0.676990930738789,-0.0712967250334706,0.212798852537135,-0.440795754711119,0.0209749427088569,-0.0206263369840531,0.0683619051393696,-0.0125372323952836,-0.412660965311996,-0.102827767710273,-0.108682904040645,0.000381820333400285,578
13235,1170985.83980181,1094938.49888641,-0.458394981708194,-0.383626945492518,-0.447668161748316,0.660562049190077,0.365740018989255,-0.618755203027252,-1.08332599222444,0.693002783615745,-0.236657718259754,2018,-0.498918991784892,-0.648062813719323,0.521885243145522,0.375715576591772,-0.676990930738789,-0.0712967250334706,0.212798852537135,-0.440795754711119,0.0405240100766978,0.0293076106920719,0.138676806044555,-0.00997555760251734,-0.406335061485652,-0.165360993226284,0.48020393107861,-0.00687240703719638,579
13235,1170985.83980181,1094938.49888641,-0.448466437712534,-0.384200202768514,-0.453387616700503,0.880292830440617,0.543452394551854,-0.690935353535017,0.932454613759106,0.155924005094246,0.171795089207698,2019,-0.498918991784892,-0.648062813719323,0.521885243145522,0.375715576591772,-0.676990930738789,-0.0712967250334706,0.212798852537135,-0.440795754711119,0.050452554072358,-0.0428725398156938,0.358407587295094,0.167736817960081,1.60944554449789,0.243091814241168,-0.0568748474428886,-0.0125918619893838,580
13237,1164464.33047936,1216685.82751745,-0.0854506182992639,-0.311411041559397,-0.227552575664204,1.05545210458947,-0.10022309306253,0.517174142132534,0.932454613759106,-0.677262234887682,0.265629784352123,2015,0.00888899545818628,0.142753617934668,1.40219855241335,-0.119568065738385,0.932454613759106,0.315879448735557,-0.66643640880145,-0.220740358292202,-0.0943396137574502,0.374420524197866,-0.346746447823878,0.0193449726758553,0,-0.0502496643834339,-0.0108258260862318,-0.00681221737200188,581
13237,1164464.33047936,1216685.82751745,-0.0713269545554615,-0.311323964504815,-0.227092476359244,1.21728735253084,-0.124083087602991,0.246899195754171,0.932454613759106,-0.483191267301681,0.244227665920222,2016,0.00888899545818628,0.142753617934668,1.40219855241335,-0.119568065738385,0.932454613759106,0.315879448735557,-0.66643640880145,-0.220740358292202,-0.0802159500136477,0.104145577819503,-0.184911199882516,-0.00451502186460578,0,-0.0716517828153349,0.183245141499769,-0.00635211806704261,582
13237,1164464.33047936,1216685.82751745,0.0100197393493163,-0.310083116477025,-0.220564132681754,1.39211504202504,-0.129856418860385,0.350415604119904,0.932454613759106,-0.709792857431366,0.276644555401766,2017,0.00888899545818628,0.142753617934668,1.40219855241335,-0.119568065738385,0.932454613759106,0.315879448735557,-0.66643640880145,-0.220740358292202,0.00113074389113003,0.207661986185236,-0.0100835103883079,-0.0102883531219996,0,-0.0392348933337911,-0.0433564486299159,0.000176225610447445,583
13237,1164464.33047936,1216685.82751745,-0.00196520617985032,-0.30955339772832,-0.217793030120706,1.61039732871652,-0.122723862506778,-0.210365416335362,0.932454613759106,-0.73922285707396,0.320564212118696,2018,0.00888899545818628,0.142753617934668,1.40219855241335,-0.119568065738385,0.932454613759106,0.315879448735557,-0.66643640880145,-0.220740358292202,-0.0108542016380366,-0.35311903427003,0.208198776303171,-0.003155796768393,0,0.00468476338313922,-0.0727864482725096,0.0029473281714954,584
13237,1164464.33047936,1216685.82751745,0.193168016976191,-0.308189190539873,-0.2106995766351,1.73574093420488,-0.120953866659242,-0.190355435997906,0.932454613759106,-0.722712827312562,0.472331025884978,2019,0.00888899545818628,0.142753617934668,1.40219855241335,-0.119568065738385,0.932454613759106,0.315879448735557,-0.66643640880145,-0.220740358292202,0.184279021518004,-0.333109053932574,0.333542381791532,-0.0013858009208569,0,0.156451577149421,-0.0562764185111119,0.0100407816571016,585
13239,1032107.76186028,1036697.25064114,-1.36672214465792,-0.448709787371151,-1.37062162178635,2.37172944187244,1.18700685902386,-0.900154624348863,0.932454613759106,0.420999289922601,-1.37828993793666,2015,-1.19896859066652,-0.224091329444929,2.57614410293957,1.2671052829303,0.932454613759106,-1.4498998925075,0.292050164974171,-1.40740606563101,-0.167753553991407,-0.676063294903933,-0.204414661067134,-0.0800984239064397,0,0.0716099545708426,0.12894912494843,0.0367844438446574,586
13239,1032107.76186028,1036697.25064114,-1.10994209178146,-0.45038602067185,-1.45585461048923,2.19891046586382,1.1699384089114,-0.686814397372848,0.932454613759106,0.666209199643991,-1.36497461343994,2016,-1.19896859066652,-0.224091329444929,2.57614410293957,1.2671052829303,0.932454613759106,-1.4498998925075,0.292050164974171,-1.40740606563101,0.0890264988850518,-0.462723067927919,-0.377233637075753,-0.0971668740188993,0,0.0849252790675628,0.37415903466982,-0.0484485448582204,587
13239,1032107.76186028,1036697.25064114,-1.33254725941891,-0.450059481717168,-1.43853667959575,3.76275733076932,1.27353768124665,-0.0975395546899082,0.932454613759106,0.248977079091312,-1.71507701984061,2017,-1.19896859066652,-0.224091329444929,2.57614410293957,1.2671052829303,0.932454613759106,-1.4498998925075,0.292050164974171,-1.40740606563101,-0.133578668752399,0.126551774755021,1.18661322782975,0.0064323983163459,0,-0.26517712733311,-0.0430730858828584,-0.0311306139647376,588
13239,1032107.76186028,1036697.25064114,-1.04657130234002,-0.449072608431908,-1.38832927617999,2.48637235099009,1.36594873342093,0.155889195225144,0.932454613759106,0.236147565981093,-1.22854482265417,2018,-1.19896859066652,-0.224091329444929,2.57614410293957,1.2671052829303,0.932454613759106,-1.4498998925075,0.292050164974171,-1.40740606563101,0.152397288326494,0.379980524670073,-0.0897717519494852,0.0988434504906242,0,0.221355069853329,-0.0559025989930775,0.0190767894510218,589
13239,1032107.76186028,1036697.25064114,-1.13906015513426,-0.448978274956112,-1.38368814010373,2.06095092520219,1.33909473204867,0.408162733961829,0.932454613759106,-0.112082309768143,-1.56261306866613,2019,-1.19896859066652,-0.224091329444929,2.57614410293957,1.2671052829303,0.932454613759106,-1.4498998925075,0.292050164974171,-1.40740606563101,0.0599084355322603,0.632254063406758,-0.515193177737381,0.0719894491183686,0,-0.112713176158624,-0.404132474742314,0.0237179255272788,590
13241,1138728.5138904,1389151.37727842,0.360297103283687,-0.347555275632033,-0.48103288140979,1.96782809401822,-1.50520287875567,0.505502187004631,0.932454613759106,0.0779512368897195,-0.862129400901498,2015,0.209943991795135,0.259185315882234,2.33934526728884,-1.48649821261979,0.932454613759106,-0.437740032282474,-0.124417652502303,-0.474036994239703,0.150353111488552,0.246316871122397,-0.371517173270624,-0.0187046661358794,0,-0.424389368619024,0.202368889392023,-0.00699588717008681,591
13241,1138728.5138904,1389151.37727842,0.363872461201907,-0.347221480256136,-0.478731681974148,2.19342889525148,-1.49190837464449,0.254917137639093,0.932454613759106,0.098801825794806,-0.431019627667376,2016,0.209943991795135,0.259185315882234,2.33934526728884,-1.48649821261979,0.932454613759106,-0.437740032282474,-0.124417652502303,-0.474036994239703,0.153928469406771,-0.00426817824314119,-0.145916372037361,-0.00541016202469913,0,0.00672040461509854,0.223219478297109,-0.00469468773444498,592
13241,1138728.5138904,1389151.37727842,0.170068265173407,-0.3469167105651,-0.476636247283699,2.34174786272937,-1.49952094176587,0.216668906832071,0.932454613759106,-0.112506479113164,-0.37308750904552,2017,0.209943991795135,0.259185315882234,2.33934526728884,-1.48649821261979,0.932454613759106,-0.437740032282474,-0.124417652502303,-0.474036994239703,-0.0398757266217287,-0.0425164090501627,0.00240259544052757,-0.0130227291460774,0,0.0646525232369542,0.0119111733891388,-0.00259925304399566,593
13241,1138728.5138904,1389151.37727842,0.175635620593117,-0.34616929917994,-0.471520138833703,2.53167768821959,-1.47672925353517,0.151853599967014,0.932454613759106,-0.250214964338931,-0.291034436099763,2018,0.209943991795135,0.259185315882234,2.33934526728884,-1.48649821261979,0.932454613759106,-0.437740032282474,-0.124417652502303,-0.474036994239703,-0.0343083712020183,-0.10733171591522,0.192332420930752,0.00976895908462128,0,0.146705596182711,-0.125797311836628,0.00251685540600055,594
13241,1138728.5138904,1389151.37727842,-0.0201534912764403,-0.344805091991493,-0.462264021697176,2.66204379622554,-1.45912961439775,0.16698474796836,0.932454613759106,-0.436119881743946,-0.231429187698215,2019,0.209943991795135,0.259185315882234,2.33934526728884,-1.48649821261979,0.932454613759106,-0.437740032282474,-0.124417652502303,-0.474036994239703,-0.230097483071576,-0.0922005679138738,0.322698528936704,0.0273685982220349,0,0.20631084458426,-0.311702229241643,0.011772972542527,595
13243,1058239.46286871,1028023.41106765,-0.25482255911007,-0.412507501928794,-1.24133275731522,0.287304511212801,1.90701799500525,-0.439519063436619,0.932454613759106,1.31851397392939,-1.28982320083541,2015,-0.698390953831167,-0.695570525832242,0.975964987511553,1.8991158957462,0.932454613759106,-1.30559244900902,1.69353442281458,-1.25878371855218,0.443568394721096,0.256051462395623,-0.688660476298752,0.0079020992590455,0,0.0157692481736027,-0.375020448885193,0.0174509612369587,596
13243,1058239.46286871,1028023.41106765,-0.523911295853882,-0.413167836259372,-1.25153353034747,0.507631832061396,1.94426823600233,-0.510699389323529,0.932454613759106,1.09853503850898,-1.28313068171664,2016,-0.698390953831167,-0.695570525832242,0.975964987511553,1.8991158957462,0.932454613759106,-1.30559244900902,1.69353442281458,-1.25878371855218,0.174479657977284,0.184871136508714,-0.468333155450157,0.0451523402561349,0,0.022461767292373,-0.594999384305602,0.00725018820470646,597
13243,1058239.46286871,1028023.41106765,-0.813476269711038,-0.413298451841245,-1.25356648156168,1.6294805596674,1.78504914350479,-0.594824290398747,0.932454613759106,2.03271301173922,-1.30446308640772,2017,-0.698390953831167,-0.695570525832242,0.975964987511553,1.8991158957462,0.932454613759106,-1.30559244900902,1.69353442281458,-1.25878371855218,-0.115085315879872,0.100746235433495,0.653515572155843,-0.114066752241412,0,0.00112936260129248,0.339178588924635,0.00521723699050081,598
13243,1058239.46286871,1028023.41106765,-0.974474053449055,-0.414161965965847,-1.26713567895684,1.18037215616495,1.92314871061348,-0.944421423806208,0.932454613759106,2.30663472005045,-1.36678717070127,2018,-0.698390953831167,-0.695570525832242,0.975964987511553,1.8991158957462,0.932454613759106,-1.30559244900902,1.69353442281458,-1.25878371855218,-0.276083099617888,-0.248850897973966,0.204407168653398,0.0240328148672835,0,-0.0611947216922561,0.613100297235867,-0.00835196040466113,599
13243,1058239.46286871,1028023.41106765,-0.925270591031787,-0.414989197984373,-1.28035014457969,1.27503587845122,1.93609539360515,-0.988388462196108,0.932454613759106,1.71127536984487,-1.28375810538403,2019,-0.698390953831167,-0.695570525832242,0.975964987511553,1.8991158957462,0.932454613759106,-1.30559244900902,1.69353442281458,-1.25878371855218,-0.22687963720062,-0.292817936363866,0.299070890939667,0.0369794978589484,0,0.0218343436249882,0.0177409470302921,-0.021566426027505,600
13245,1282849.75986333,1237605.30456992,0.299971703176237,0.99506405970013,1.68065990295936,-0.9021324423438,1.50573715901405,-0.231009859621506,-1.0667675721867,0.592238956380127,-0.125673442873479,2015,0.380925938847478,-0.227742555317996,-0.760272102637161,1.56741461852036,-1.06538946877294,0.0498936420089289,0.45273295830226,1.68157959480247,-0.0809542356712412,-0.00326730430351022,-0.141860339706639,-0.0616774595063134,-0.00137810341376099,-0.175567084882408,0.139505998077867,-0.000919691843112691,601
13245,1282849.75986333,1237605.30456992,0.367072060502338,0.995985625194453,1.68117386726331,-0.837619873027638,1.55851939927654,-0.25871750511041,-1.06630206592973,0.595711553991184,-0.112079263413477,2016,0.380925938847478,-0.227742555317996,-0.760272102637161,1.56741461852036,-1.06538946877294,0.0498936420089289,0.45273295830226,1.68157959480247,-0.0138538783451396,-0.0309749497924141,-0.0773477703904769,-0.00889521924382097,-0.000912597156795147,-0.161972905422406,0.142978595688924,-0.000405727539164902,602
13245,1282849.75986333,1237605.30456992,0.370694611966262,0.997074088376725,1.68178049446128,-0.777143510908729,1.57274965537289,-0.224447911543243,-1.06486494264322,0.457358592216842,-0.0371369920314137,2017,0.380925938847478,-0.227742555317996,-0.760272102637161,1.56741461852036,-1.06538946877294,0.0498936420089289,0.45273295830226,1.68157959480247,-0.0102313268812164,0.00329464377475294,-0.0168714082715682,0.00533503685252645,0.000524526129712433,-0.0870306340403425,0.00462563391458204,0.000200899658809206,603
13245,1282849.75986333,1237605.30456992,0.427341462832513,0.996312164149135,1.68135590284533,-0.685716377301181,1.60221542775897,-0.222881413417634,-1.06466831519349,0.338306123368223,0.20672167335878,2018,0.380925938847478,-0.227742555317996,-0.760272102637161,1.56741461852036,-1.06538946877294,0.0498936420089289,0.45273295830226,1.68157959480247,0.0464155239850352,0.00486114190036149,0.0745557253359797,0.0348008092386101,0.000721153579451572,0.156828031349851,-0.114426834934037,-0.000223691957147221,604
13245,1282849.75986333,1237605.30456992,0.43954985576004,0.999134912001826,1.68292780648309,-0.598748309604456,1.59785145117936,-0.201656086897186,-1.06434444791154,0.280049565554923,0.317636235004234,2019,0.380925938847478,-0.227742555317996,-0.760272102637161,1.56741461852036,-1.06538946877294,0.0498936420089289,0.45273295830226,1.68157959480247,0.0586239169125619,0.0260864684208099,0.161523793032705,0.0304368326589974,0.00104502086139235,0.267742592995306,-0.172683392747337,0.00134821168061605,605
13247,1099834.8395981,1245717.15968783,1.05000509275698,0.165002036899718,1.73875567676769,-0.945463765714252,1.19060577867167,1.23421295788144,-1.06955657913601,-0.668148139971461,0.352702246636958,2015,1.06611572927111,1.2268999270049,-0.728842963953965,1.34161088758503,-1.07107602610882,0.758729015923856,-0.787581950700517,1.75204925170936,-0.0161106365141364,0.00731303087654434,-0.216620801760287,-0.151005108913357,0.00151944697281214,-0.406026769286898,0.119433810729056,-0.0132935749416707,606
13247,1099834.8395981,1245717.15968783,1.09087637261705,0.169849326271435,1.74499558756214,-0.834406019516705,1.26443108349122,1.13492088675089,-1.06847469965418,-0.56907121871773,0.455669441828873,2016,1.06611572927111,1.2268999270049,-0.728842963953965,1.34161088758503,-1.07107602610882,0.758729015923856,-0.787581950700517,1.75204925170936,0.0247606433459366,-0.0919790402540073,-0.10556305556274,-0.0771798040938121,0.0026013264546394,-0.303059574094983,0.218510731982787,-0.00705366414721587,607
13247,1099834.8395981,1245717.15968783,1.07602188291781,0.176474438840862,1.7534475339229,-0.737751343401963,1.3353985835838,1.29409623499669,-1.07098974861685,-0.69891287363899,0.739195225745945,2017,1.06611572927111,1.2268999270049,-0.728842963953965,1.34161088758503,-1.07107602610882,0.758729015923856,-0.787581950700517,1.75204925170936,0.009906153646694,0.0671963079917914,-0.0089083794479976,-0.00621230400123562,8.62774919763165e-05,-0.0195337901779109,0.0886690770615268,0.00139828221353766,608
13247,1099834.8395981,1245717.15968783,1.07885153478569,0.180313085663674,1.75830484911136,-0.632149922530628,1.41684784775885,1.26243602827689,-1.07174514224183,-0.849981293523396,0.955656390993673,2018,1.06611572927111,1.2268999270049,-0.728842963953965,1.34161088758503,-1.07107602610882,0.758729015923856,-0.787581950700517,1.75204925170936,0.0127358055145799,0.0355361012719968,0.096693041423337,0.075236960173821,-0.000669116133003911,0.196927375069817,-0.062399342822879,0.00625559740199644,609
13247,1099834.8395981,1245717.15968783,1.03482376327804,0.185436119041566,1.76474261118271,-0.494443768606278,1.50077114441962,1.20883352711857,-1.07461396089525,-1.15179622765101,1.29042177441383,2019,1.06611572927111,1.2268999270049,-0.728842963953965,1.34161088758503,-1.07107602610882,0.758729015923856,-0.787581950700517,1.75204925170936,-0.0312919659930739,-0.0180663998863255,0.234399195347687,0.159160256834584,-0.00353793478642439,0.531692758489975,-0.364214276950491,0.0126933594733529,610
13249,1092570.69718597,1088197.86778989,-0.366424481665728,-0.428769141871933,-0.771064418584935,-0.333867336148504,-0.250725997051043,-0.679379276376284,0.932454613759106,0.33456203711516,-0.131320255879942,2015,-0.361823864380731,-0.749968606215615,-0.0738168462957425,-0.085678573956657,0.932454613759106,-0.0200850110267134,0.0157440392648545,-0.75859521378753,-0.00460061728499706,0.0705893298393311,-0.260050489852761,-0.165047423094386,0,-0.111235244853229,0.318817997850306,-0.0124692047974055,611
13249,1092570.69718597,1088197.86778989,-0.295795581646011,-0.428660295553706,-0.768659002524463,-0.191783428659385,-0.0804051858122197,-0.689459525050849,0.932454613759106,0.113639224815247,0.120067493518869,2016,-0.361823864380731,-0.749968606215615,-0.0738168462957425,-0.085678573956657,0.932454613759106,-0.0200850110267134,0.0157440392648545,-0.75859521378753,0.0660282827347202,0.060509081164766,-0.117966582363642,0.0052733881444374,0,0.140152504545582,0.0978951855503924,-0.0100637887369336,612
13249,1092570.69718597,1088197.86778989,-0.409295841086206,-0.42808703827771,-0.756106339187156,0.071310720579771,-0.019091495505437,-0.730398754934305,0.932454613759106,0.163380201850391,-0.146517851378816,2017,-0.361823864380731,-0.749968606215615,-0.0738168462957425,-0.085678573956657,0.932454613759106,-0.0200850110267134,0.0157440392648545,-0.75859521378753,-0.047471976705475,0.0195698512813096,0.145127566875514,0.06658707845122,0,-0.126432840352103,0.147636162585537,0.00248887460037384,613
13249,1092570.69718597,1088197.86778989,-0.40975940065438,-0.427775012165459,-0.749354283958811,0.107069293714687,0.087810112954049,-0.864449100863845,0.932454613759106,0.0338006559332275,-0.045432927189056,2018,-0.361823864380731,-0.749968606215615,-0.0738168462957425,-0.085678573956657,0.932454613759106,-0.0200850110267134,0.0157440392648545,-0.75859521378753,-0.0479355362736495,-0.11448049464823,0.18088614001043,0.173488686910706,0,-0.0253479161623426,0.018056616668373,0.0092409298287186,614
13249,1092570.69718597,1088197.86778989,-0.327844016851329,-0.427702447953307,-0.747792024682283,-0.0218134809652825,-0.165980304368635,-0.786156373852792,0.932454613759106,-0.566661923389753,0.102778485795379,2019,-0.361823864380731,-0.749968606215615,-0.0738168462957425,-0.085678573956657,0.932454613759106,-0.0200850110267134,0.0157440392648545,-0.75859521378753,0.0339798475294014,-0.0361877676371771,0.05200336533046,-0.0803017304119778,0,0.122863496822092,-0.582405962654608,0.0108031891052469,615
13251,1335307.17013322,1176728.83651262,-0.40761842731271,-0.362503503335231,-1.04283683629357,0.0254207864249075,0.775839891672555,-0.862764097245889,0.932454613759106,0.599326337803815,-0.612066212578277,2015,-0.271932300998166,-0.760820919548372,0.248539048168278,0.764212727860523,0.932454613759106,-0.445534028506209,0.354512892577293,-1.0508518791682,-0.135686126314544,-0.101943177697517,-0.223118261743371,0.0116271638120314,0,-0.166532184072068,0.244813445226522,0.00801504287462995,616
13251,1335307.17013322,1176728.83651262,-0.264213137367658,-0.363171094087025,-1.04813123524241,0.140100185515399,0.757158173752413,-0.825932791061672,0.932454613759106,0.56728220183554,-0.64699279672936,2016,-0.271932300998166,-0.760820919548372,0.248539048168278,0.764212727860523,0.932454613759106,-0.445534028506209,0.354512892577293,-1.0508518791682,0.00771916363050751,-0.0651118715132999,-0.108438862652879,-0.0070545541081104,0,-0.201458768223151,0.212769309258247,0.00272064392578941,617
13251,1335307.17013322,1176728.83651262,-0.232501456076902,-0.363729838520591,-1.05258901429362,0.213491831615586,0.760028366581799,-0.774276139158561,0.932454613759106,0.225525793288479,-0.174821630151949,2017,-0.271932300998166,-0.760820919548372,0.248539048168278,0.764212727860523,0.932454613759106,-0.445534028506209,0.354512892577293,-1.0508518791682,0.039430844921264,-0.0134552196101896,-0.0350472165526924,-0.00418436127872457,0,0.27071239835426,-0.128987099288814,-0.00173713512541362,618
13251,1335307.17013322,1176728.83651262,-0.29885413466735,-0.364070890317703,-1.05532203051271,0.36287534535018,0.772877264314915,-0.664055773221865,0.932454613759106,0.182736359924524,-0.49940880741231,2018,-0.271932300998166,-0.760820919548372,0.248539048168278,0.764212727860523,0.932454613759106,-0.445534028506209,0.354512892577293,-1.0508518791682,-0.0269218336691843,0.0967651463265072,0.114336297181902,0.00866453645439147,0,-0.0538747789061012,-0.171776532652769,-0.00447015134451201,619
13251,1335307.17013322,1176728.83651262,-0.15647434956621,-0.364078146738918,-1.0553802794987,0.500807091935319,0.755159942980935,-0.677075797053872,0.932454613759106,0.197693770034108,-0.294380695659148,2019,-0.271932300998166,-0.760820919548372,0.248539048168278,0.764212727860523,0.932454613759106,-0.445534028506209,0.354512892577293,-1.0508518791682,0.115457951431956,0.0837451224944998,0.252268043767041,-0.00905278487958772,0,0.151153332847061,-0.156819122543185,-0.00452840033049395,620
13253,1058212.96092593,935697.423192718,-0.352660957012016,-0.401956665481973,-0.671113667299883,1.09799024422149,0.292244499451996,-0.7370656812586,0.932454613759106,-0.386559194772897,-1.19598850569099,2015,-0.387029447244936,-0.798467102719912,1.32406941803203,0.294509737087273,0.932454613759106,-0.979206657235486,0.163994829980042,-0.691453643695278,0.0343684902329199,0.0614014214613113,-0.226079173810538,-0.00226523763527664,0,-0.216781848455502,-0.550554024752939,0.0203399763953956,621
13253,1058212.96092593,935697.423192718,-0.36768103751308,-0.402486384230679,-0.677925709924787,1.2145932043635,0.336356179833409,-0.742250379508197,0.932454613759106,-0.29110733825891,-1.02024016508245,2016,-0.387029447244936,-0.798467102719912,1.32406941803203,0.294509737087273,0.932454613759106,-0.979206657235486,0.163994829980042,-0.691453643695278,0.0193484097318558,0.056216723211714,-0.109476213668526,0.0418464427461366,0,-0.0410335078469606,-0.455102168238951,0.0135279337704913,622
13253,1058212.96092593,935697.423192718,-0.412427666003407,-0.403553078149305,-0.691818363706291,1.32529771274853,0.302013224497658,-0.768863083439963,0.932454613759106,0.632823227138844,-0.953733256339667,2017,-0.387029447244936,-0.798467102719912,1.32406941803203,0.294509737087273,0.932454613759106,-0.979206657235486,0.163994829980042,-0.691453643695278,-0.0253982187584712,0.029604019279948,0.0012282947165021,0.00750348741038498,0,0.0254734008958195,0.468828397158802,-0.000364720011012953,623
13253,1058212.96092593,935697.423192718,-0.531301823660486,-0.404365797325402,-0.70256453488794,1.4070648370006,0.268110640622218,-0.851574692563563,0.932454613759106,0.48096878565779,-0.85306661459483,2018,-0.387029447244936,-0.798467102719912,1.32406941803203,0.294509737087273,0.932454613759106,-0.979206657235486,0.163994829980042,-0.691453643695278,-0.14427237641555,-0.0531075898436514,0.0829954189685758,-0.0263990964650544,0,0.126140042640657,0.316973955677749,-0.011110891192662,624
13253,1058212.96092593,935697.423192718,-0.27107575203569,-0.405207542186358,-0.71384594265749,1.57540109182601,0.273824141031082,-0.892581676829234,0.932454613759106,0.38384867013538,-0.8730047444695,2019,-0.387029447244936,-0.798467102719912,1.32406941803203,0.294509737087273,0.932454613759106,-0.979206657235486,0.163994829980042,-0.691453643695278,0.115953695209246,-0.0941145741093222,0.251331673793986,-0.0206855960561906,0,0.106201912765987,0.219853840155339,-0.0223922989622121,625
13255,1081703.43149756,1199177.1964023,-0.232966725961978,-0.00209883084263553,1.1515592622391,-0.18309909693912,0.258323274077787,-0.321957827081872,-1.06692674089931,0.240634825869726,-0.00932120944402446,2015,-0.193516349112446,-0.331528951201526,0.116529251539779,0.284869128920491,-1.06774169976157,0.155468131107531,0.059944905016414,1.1584705705608,-0.0394503768495323,0.00957112411965377,-0.299628348478899,-0.0265458548427046,0.000814958862261017,-0.164789340551555,0.180689920853312,-0.00691130832170583,626
13255,1081703.43149756,1199177.1964023,-0.298865629140944,-0.00113372682102127,1.1532542755911,0.0247517594758513,0.262343652824509,-0.270371256882453,-1.0649574143909,0.360461645130219,0.0469377793981386,2016,-0.193516349112446,-0.331528951201526,0.116529251539779,0.284869128920491,-1.06774169976157,0.155468131107531,0.059944905016414,1.1584705705608,-0.105349280028498,0.0611576943190734,-0.091777492063928,-0.0225254760959821,0.00278428537066921,-0.108530351709392,0.300516740113805,-0.0052162949697061,627
13255,1081703.43149756,1199177.1964023,-0.185661314437186,0.000215967524995655,1.15561884766733,0.158193368139132,0.28357827763759,-0.322056723993645,-1.06823282801252,0.0801999940249003,0.182461291553238,2017,-0.193516349112446,-0.331528951201526,0.116529251539779,0.284869128920491,-1.06774169976157,0.155468131107531,0.059944905016414,1.1584705705608,0.00785503467525991,0.00947222720788127,0.041664116599353,-0.00129085128290174,-0.000491128250942996,0.026993160445707,0.0202550890084863,-0.00285172289347835,628
13255,1081703.43149756,1199177.1964023,-0.179791501776968,0.00404010150537695,1.16228144573856,0.223669922406787,0.294061202441147,-0.396435583411561,-1.06863572554305,0.0748274464061694,0.190548085488419,2018,-0.193516349112446,-0.331528951201526,0.116529251539779,0.284869128920491,-1.06774169976157,0.155468131107531,0.059944905016414,1.1584705705608,0.0137248473354776,-0.0649066322100347,0.107140670867008,0.00919207352065526,-0.000894025781481123,0.0350799543808878,0.0148825413897554,0.0038108751777528,629
13255,1081703.43149756,1199177.1964023,-0.0702965742451531,0.00829962075866694,1.16963902156794,0.359130304616245,0.326039237621425,-0.3468233646381,-1.06995578996208,-0.456399386348944,0.366714708541884,2019,-0.193516349112446,-0.331528951201526,0.116529251539779,0.284869128920491,-1.06774169976157,0.155468131107531,0.059944905016414,1.1584705705608,0.123219774867293,-0.0152944134365737,0.242601053076466,0.0411701087009331,-0.00221409020050656,0.211246577434353,-0.516344291365358,0.011168451007137,630
13257,1153390.37565867,1354128.12022639,-0.169220145374642,-0.279678711585569,0.472551957854962,0.381210845596645,-0.91885403768681,-0.513857787716455,0.932454613759106,-0.317289994900725,-0.235333157184164,2015,0.0821622237606453,-0.553116279479029,0.606542782860277,-0.933849960993975,0.932454613759106,-0.185139263793387,-0.550841901843949,0.473535305365206,-0.251382369135288,0.0392584917625738,-0.225331937263631,0.0149959233071644,0,-0.0501938933907775,0.233551906943224,-0.000983347510243981,631
13257,1153390.37565867,1354128.12022639,-0.070967211041391,-0.279939942749314,0.471406130355581,0.511891381714957,-0.893648122260234,-0.577304263500823,0.932454613759106,-0.15130503589927,-0.319686783576999,2016,0.0821622237606453,-0.553116279479029,0.606542782860277,-0.933849960993975,0.932454613759106,-0.185139263793387,-0.550841901843949,0.473535305365206,-0.153129434802036,-0.024187984021794,-0.0946514011453199,0.0402018387337406,0,-0.134547519783612,0.399536865944679,-0.00212917500962451,632
13257,1153390.37565867,1354128.12022639,0.23838904879569,-0.279642429479493,0.472710973210924,0.604891567851973,-0.945399794584919,-0.545127472488574,0.932454613759106,-0.434783118118467,-0.292149855952892,2017,0.0821622237606453,-0.553116279479029,0.606542782860277,-0.933849960993975,0.932454613759106,-0.185139263793387,-0.550841901843949,0.473535305365206,0.156226825035045,0.0079888069904549,-0.00165121500830367,-0.011549833590944,0,-0.107010592159505,0.116058783725482,-0.000824332154281793,633
13257,1153390.37565867,1354128.12022639,0.305452969488369,-0.279272351997521,0.474331159847909,0.687618066936687,-0.975519322280796,-0.578134811499227,0.932454613759106,-0.713777287293532,-0.187509530981285,2018,0.0821622237606453,-0.553116279479029,0.606542782860277,-0.933849960993975,0.932454613759106,-0.185139263793387,-0.550841901843949,0.473535305365206,0.223290745727724,-0.0250185320201974,0.0810752840764105,-0.0416693612868212,0,-0.00237026718789782,-0.162935385449583,0.000795854482703306,634
13257,1153390.37565867,1354128.12022639,0.107156456935201,-0.2787353768276,0.476676305556653,0.847102052201121,-0.935828528157114,-0.551157062190067,0.932454613759106,-1.13705407300775,0.108983008728405,2019,0.0821622237606453,-0.553116279479029,0.606542782860277,-0.933849960993975,0.932454613759106,-0.185139263793387,-0.550841901843949,0.473535305365206,0.0249942331745557,0.00195921728896253,0.240559269340845,-0.00197856716313971,0,0.294122272521792,-0.586212171163802,0.00314100019144703,635
13259,1046526.26256703,1062068.20391925,-0.579880005633079,-0.423007543427108,-1.48061859116929,-0.228778896452112,1.15639078768138,4.83748959490387,0.932454613759106,2.51364117742364,-1.65721461495958,2015,-0.513633314763156,5.83049717822293,-0.236250145445163,1.27032259368794,0.527166047320197,-1.40366573959533,2.53381662715821,-1.46761604639074,-0.0662466908699235,-0.993007583319052,0.00747124899305079,-0.113931806006561,0.405288566438909,-0.253548875364247,-0.0201754497345741,-0.0130025447785507,636
13259,1046526.26256703,1062068.20391925,-0.611352088768805,-0.423566287860675,-1.49138216005868,-0.209862238680804,1.08910941259587,5.58959903112453,0.932454613759106,2.94810554015016,-1.55752396558623,2016,-0.513633314763156,5.83049717822293,-0.236250145445163,1.27032259368794,0.527166047320197,-1.40366573959533,2.53381662715821,-1.46761604639074,-0.0977187740056499,-0.240898147098395,0.0263879067643589,-0.181213181092076,0.405288566438909,-0.153858225990897,0.41428891299195,-0.023766113667941,637
13259,1046526.26256703,1062068.20391925,-0.28927549422509,-0.423268774590854,-1.48563321738869,-0.210846690337502,1.24661970928507,5.94974603454925,0.932454613759106,2.9575488851327,-1.61420123687331,2017,-0.513633314763156,5.83049717822293,-0.236250145445163,1.27032259368794,0.527166047320197,-1.40366573959533,2.53381662715821,-1.46761604639074,0.224357820538065,0.119248856326328,0.0254034551076606,-0.0237028844028746,0.405288566438909,-0.210535497277983,0.423732257974489,-0.0180171709979517,638
13259,1046526.26256703,1062068.20391925,-0.583703885705382,-0.421744926135673,-1.45680697103203,-0.241840074490681,1.46445055509486,6.28775785611649,0.932454613759106,2.30627045906255,-1.1678241543995,2018,-0.513633314763156,5.83049717822293,-0.236250145445163,1.27032259368794,0.527166047320197,-1.40366573959533,2.53381662715821,-1.46761604639074,-0.0700705709422264,0.457260677893567,-0.0055899290455183,0.194127961406916,0.405288566438909,0.235841585195834,-0.227546168095663,0.0108090753587109,639
13259,1046526.26256703,1062068.20391925,-0.503955099483421,-0.419923564410672,-1.42363929230501,-0.289922827264715,1.39504250378254,6.48789337442048,-1.09398821843544,1.94351707402201,-1.02156472615804,2019,-0.513633314763156,5.83049717822293,-0.236250145445163,1.27032259368794,0.527166047320197,-1.40366573959533,2.53381662715821,-1.46761604639074,0.00967821527973434,0.657396196197555,-0.053672681819552,0.124719910094596,-1.62115426575563,0.382101013437294,-0.590299553136202,0.0439767540857328,640
13261,1106577.29903132,1065043.5397884,-0.118616316795956,-0.237526160746793,-0.162592616019824,-0.401716868730697,1.32556418565062,-0.384861196049426,0.932454613759106,1.75456302634824,-0.430810486444914,2015,-0.146549408919373,-0.249243192948965,-0.150270176823833,1.35588542437474,0.932454613759106,-0.241105454924104,1.44147217890038,-0.181277916324314,0.0279330921234171,-0.13561800310046,-0.251446691906864,-0.0303212387241116,0,-0.189705031520811,0.313090847447863,0.0186853003044899,641
13261,1106577.29903132,1065043.5397884,-0.0272310387883214,-0.24013121596303,-0.171954143447173,-0.293086451936497,1.34523539453085,-0.341844925694772,0.932454613759106,1.81799021983291,-0.140801324631533,2016,-0.146549408919373,-0.249243192948965,-0.150270176823833,1.35588542437474,0.932454613759106,-0.241105454924104,1.44147217890038,-0.181277916324314,0.119318370131051,-0.0926017327458066,-0.142816275112664,-0.0106500298438872,0,0.10030413029257,0.376518040932528,0.00932377287714053,642
13261,1106577.29903132,1065043.5397884,-0.323942190883926,-0.24291042528843,-0.18206152611548,-0.143135450590478,1.36843679864083,-0.290537500135236,0.932454613759106,1.78982916845121,-0.301700638445303,2017,-0.146549408919373,-0.249243192948965,-0.150270176823833,1.35588542437474,0.932454613759106,-0.241105454924104,1.44147217890038,-0.181277916324314,-0.177392781964553,-0.041294307186271,0.00713472623335504,0.0125513742660921,0,-0.0605951835211997,0.348356989550835,-0.000783609791166096,643
13261,1106577.29903132,1065043.5397884,-0.120124957937666,-0.245341326395504,-0.191006154770993,-0.0433612976977436,1.38054003790384,-0.192621865560576,0.932454613759106,0.973316020833417,-0.293544130769302,2018,-0.146549408919373,-0.249243192948965,-0.150270176823833,1.35588542437474,0.932454613759106,-0.241105454924104,1.44147217890038,-0.181277916324314,0.0264244509817064,0.0566213273883894,0.106908879126089,0.0246546135291044,0,-0.0524386758451984,-0.468156158066961,-0.00972823844667878,644
13261,1106577.29903132,1065043.5397884,-0.142832540190995,-0.247431175705465,-0.198775141268099,0.12994918483625,1.35965070514754,-0.0363504773048171,0.932454613759106,0.871662459036112,-0.0386706943294652,2019,-0.146549408919373,-0.249243192948965,-0.150270176823833,1.35588542437474,0.932454613759106,-0.241105454924104,1.44147217890038,-0.181277916324314,0.00371686872837779,0.212892715644148,0.280219361660083,0.00376528077280258,0,0.202434760594638,-0.569809719864265,-0.0174972249437856,645
13263,1066380.76234019,1134174.41746112,-0.263486273558296,-0.418494049431288,-1.2675171232467,0.602497748109994,1.65952241679448,-0.860228487036671,0.932454613759106,-0.160850311097787,-1.0567701652724,2015,-0.450668090783936,-0.825915403699962,1.22906149761055,1.6507938640582,0.52889720733392,-0.870871504000392,-0.288603716381959,-1.27931039258426,0.187181817225639,-0.0343130833367086,-0.626563749500552,0.00872855273627926,0.403557406425185,-0.18589866127201,0.127753405284172,0.0117932693375569,646
13263,1066380.76234019,1134174.41746112,-0.423292168666257,-0.41934305071346,-1.28234148918963,0.819385459732096,1.64284886735316,-0.835133263847934,0.932454613759106,-0.0580684765968326,-0.890014897229708,2016,-0.450668090783936,-0.825915403699962,1.22906149761055,1.6507938640582,0.52889720733392,-0.870871504000392,-0.288603716381959,-1.27931039258426,0.0273759221176782,-0.0092178601479721,-0.40967603787845,-0.00794499670503668,0.403557406425185,-0.019143393229316,0.230535239785126,-0.0030310966053726,647
13263,1066380.76234019,1134174.41746112,-0.559731378027191,-0.418980229652703,-1.27597326211603,1.4890744789408,1.60599662955928,-0.78712932059798,0.932454613759106,-0.61379102328889,-0.826714820564672,2017,-0.450668090783936,-0.825915403699962,1.22906149761055,1.6507938640582,0.52889720733392,-0.870871504000392,-0.288603716381959,-1.27931039258426,-0.109063287243255,0.038786083101982,0.260012981330258,-0.0447972344989183,0.403557406425185,0.04415668343572,-0.325187306906932,0.00333713046822148,648
13263,1066380.76234019,1134174.41746112,-0.506374247333111,-0.419306768607385,-1.28170242226875,1.5115671993313,1.67507221485897,-0.820997918171428,0.932454613759106,-0.295414342572124,-0.894128007938119,2018,-0.450668090783936,-0.825915403699962,1.22906149761055,1.6507938640582,0.52889720733392,-0.870871504000392,-0.288603716381959,-1.27931039258426,-0.055706156549175,0.00491748552853388,0.282505701720755,0.0242783508007789,0.403557406425185,-0.0232565039377269,-0.00681062619016548,-0.00239202968449659,649
13263,1066380.76234019,1134174.41746112,-0.500456386334823,-0.419720384616648,-1.28901766610016,1.72278260193854,1.67052919172509,-0.826088028845797,-1.08533241836682,-0.314894428354159,-0.686729628997059,2019,-0.450668090783936,-0.825915403699962,1.22906149761055,1.6507938640582,0.52889720733392,-0.870871504000392,-0.288603716381959,-1.27931039258426,-0.0497882955508874,-0.000172625145834937,0.49372110432799,0.0197353276668968,-1.61422962570074,0.184141875003333,-0.0262907119722006,-0.00970727351590961,650
13265,1205989.76554515,1249883.69734383,-0.898481389266233,-0.453099922206314,-1.77587934418826,1.82139640495075,1.73495962839274,-0.725663177213536,0.932454613759106,1.29109903776289,-1.83184753571499,2015,-1.01455056268745,-0.430193819415955,1.7246639309063,1.93559120917434,0.932454613759106,-1.32624165904006,1.04786327474841,-1.76431591760685,0.116069173421221,-0.295469357797581,0.0967324740444504,-0.200631580781596,0,-0.505605876674935,0.243235763014479,-0.011563426581408,651
13265,1205989.76554515,1249883.69734383,-1.01278129680173,-0.451771997123942,-1.6935351509651,1.45509654200954,2.02852743986519,-0.278185531161883,0.932454613759106,1.49234247244494,-1.45622990017401,2016,-1.01455056268745,-0.430193819415955,1.7246639309063,1.93559120917434,0.932454613759106,-1.32624165904006,1.04786327474841,-1.76431591760685,0.00176926588572823,0.152008288254072,-0.269567388896754,0.0929362306908463,0,-0.12998824113395,0.444479197696527,0.070780766641757,652
13265,1205989.76554515,1249883.69734383,-1.18118600304456,-0.452207382396851,-1.71962726867834,1.20543271840571,1.90335499840877,-0.48793288637408,0.932454613759106,1.44503005657904,-1.35117129275748,2017,-1.01455056268745,-0.430193819415955,1.7246639309063,1.93559120917434,0.932454613759106,-1.32624165904006,1.04786327474841,-1.76431591760685,-0.166635440357102,-0.0577390669581243,-0.51923121250059,-0.0322362107655676,0,-0.0249296337174196,0.397166781830624,0.0446886489285128,653
13265,1205989.76554515,1249883.69734383,-1.01075843120293,-0.453506281794362,-1.80283570325681,2.00999435234096,2.09347746447929,-0.52266715836916,0.932454613759106,1.0082852529595,-1.19292110109489,2018,-1.01455056268745,-0.430193819415955,1.7246639309063,1.93559120917434,0.932454613759106,-1.32624165904006,1.04786327474841,-1.76431591760685,0.00379213148452684,-0.0924733389532044,0.28533042143466,0.157886255304947,0,0.133320557945171,-0.0395780217889132,-0.0385197856499573,654
13265,1205989.76554515,1249883.69734383,-0.969545693121828,-0.45389812853998,-1.82970212094576,2.13139963682453,1.91763651472571,-0.136520343961118,0.932454613759106,0.00255955399569588,-0.799038465458924,2019,-1.01455056268745,-0.430193819415955,1.7246639309063,1.93559120917434,0.932454613759106,-1.32624165904006,1.04786327474841,-1.76431591760685,0.0450048695656261,0.293673475454837,0.406735705918233,-0.01795469444863,0,0.527203193581133,-1.04530372075272,-0.0653862033389041,655
13267,1305691.91262373,1092814.39008138,-0.57134667575971,-0.281986253531985,-0.332144186098512,-0.963052652116427,0.0361433117909421,-0.0814006225114409,0.932454613759106,1.17821060502053,-0.827481671713697,2015,-0.447448196116935,-0.0529726895448104,-0.743504182363924,0.0473204503484855,0.932454613759106,-0.523139364787617,0.60582847327675,-0.330929440163473,-0.123898479642775,-0.0284279329666305,-0.219548469752502,-0.0111771385575434,0,-0.304342306926081,0.572382131743779,-0.00121474593503929,656
13267,1305691.91262373,1092814.39008138,-0.552478146198754,-0.282291023223021,-0.333497958647522,-0.930472623509986,0.0456388827108796,-0.239654791845964,0.932454613759106,0.956970811648938,-0.68812390381347,2016,-0.447448196116935,-0.0529726895448104,-0.743504182363924,0.0473204503484855,0.932454613759106,-0.523139364787617,0.60582847327675,-0.330929440163473,-0.10502995008182,-0.186682102301153,-0.186968441146062,-0.00168156763760594,0,-0.164984539025853,0.351142338372188,-0.00256851848404882,657
13267,1305691.91262373,1092814.39008138,-0.441915187775838,-0.28126061141047,-0.328929941677627,-0.688543095189918,0.0509219720719623,-0.0313492080341802,0.932454613759106,0.383634243240982,-0.564172872634577,2017,-0.447448196116935,-0.0529726895448104,-0.743504182363924,0.0473204503484855,0.932454613759106,-0.523139364787617,0.60582847327675,-0.330929440163473,0.00553300834109677,0.0216234815106302,0.0549610871740062,0.00360152172347682,0,-0.0410335078469606,-0.222194230035768,0.00199949848584585,658
13267,1305691.91262373,1092814.39008138,-0.307534629281782,-0.281616176050012,-0.330503337310302,-0.605687609636793,0.0480803970412248,-0.00596819112047701,0.932454613759106,0.207746015362313,-0.361584741810134,2018,-0.447448196116935,-0.0529726895448104,-0.743504182363924,0.0473204503484855,0.932454613759106,-0.523139364787617,0.60582847327675,-0.330929440163473,0.139913566835153,0.0470044984243334,0.137816572727131,0.000759946692739266,0,0.161554622977483,-0.398082457914437,0.000426102853171129,659
13267,1305691.91262373,1092814.39008138,-0.363966341568591,-0.281405739834773,-0.329571777083402,-0.529764931366497,0.0558176881274188,0.0935093657880097,0.932454613759106,0.302580691110987,-0.174333633966205,2019,-0.447448196116935,-0.0529726895448104,-0.743504182363924,0.0473204503484855,0.932454613759106,-0.523139364787617,0.60582847327675,-0.330929440163473,0.0834818545483442,0.14648205533282,0.213739250997427,0.0084972377789333,0,0.348805730821411,-0.303247782165763,0.00135766308007113,660
13269,1094504.41624783,1121442.1853469,-0.762471999740124,-0.404627028489147,-1.0255056383407,0.311345510862208,0.619386717863703,-0.812671374608372,0.932454613759106,1.10354307097345,-1.56128850759054,2015,-0.662148122049043,-0.763463105993737,0.53124864607332,0.606204470204267,0.932454613759106,-1.33294812090699,0.927933512596608,-1.03875113797699,-0.100323877691081,-0.0492082686146346,-0.219903135211112,0.0131822476594361,0,-0.228340386683545,0.175609558376844,0.013245499636289,661
13269,1094504.41624783,1121442.1853469,-0.729782154653783,-0.404968080286259,-1.03007731095676,0.444013107869963,0.606074557367774,-0.778522045674862,0.932454613759106,1.05960754382514,-1.6226365995126,2016,-0.662148122049043,-0.763463105993737,0.53124864607332,0.606204470204267,0.932454613759106,-1.33294812090699,0.927933512596608,-1.03875113797699,-0.0676340326047401,-0.0150589396811243,-0.087235538203357,-0.000129912836492663,0,-0.289688478605607,0.131674031228535,0.00867382702022668,662
13269,1094504.41624783,1121442.1853469,-0.657011402313814,-0.405599388931976,-1.03860804941018,0.505570459913331,0.68514504355782,-0.792149859492891,0.932454613759106,1.03465851345473,-1.33938967055881,2017,-0.662148122049043,-0.763463105993737,0.53124864607332,0.606204470204267,0.932454613759106,-1.33294812090699,0.927933512596608,-1.03875113797699,0.00513671973522922,-0.0286867534991534,-0.0256781861599882,0.0789405733535532,0,-0.00644154965181643,0.106725000858124,0.00014308856680989,663
13269,1094504.41624783,1121442.1853469,-0.665702948319542,-0.406136364101897,-1.04593503558938,0.607382122682935,0.574010780890186,-0.750768892655253,0.932454613759106,0.754236289306657,-1.16573274217488,2018,-0.662148122049043,-0.763463105993737,0.53124864607332,0.606204470204267,0.932454613759106,-1.33294812090699,0.927933512596608,-1.03875113797699,-0.00355482627049863,0.0126942133384847,0.0761334766096158,-0.0321936893140805,0,0.16721537873211,-0.173697223289951,-0.00718389761238858,664
13269,1094504.41624783,1121442.1853469,-0.495772105217953,-0.406695108535463,-1.05362965558793,0.787932029038161,0.546405251341851,-0.68320335753731,0.932454613759106,0.687622145423057,-0.975693084698132,2019,-0.662148122049043,-0.763463105993737,0.53124864607332,0.606204470204267,0.932454613759106,-1.33294812090699,0.927933512596608,-1.03875113797699,0.16637601683109,0.0802597484564272,0.256683382964842,-0.0597992188624159,0,0.357255036208859,-0.240311367173551,-0.0148785176109369,665
13271,1225494.72167073,1068307.37343758,-0.776888501266516,-0.346466812449761,-0.607116559269065,-0.267424009629508,0.682953441246714,1.7462856377039,0.932454613759106,1.07349804886786,-1.61350409946511,2015,-0.847299357541988,1.78925483851124,0.00539606502775794,0.738057195985143,0.932454613759106,-1.31815486510488,1.05854961146896,-0.61483512468768,0.0704108562754725,-0.0429692008073455,-0.272820074657266,-0.0551037547384283,0,-0.295349234360233,0.0149484373988995,0.00771856541861526,666
13271,1225494.72167073,1068307.37343758,-0.809242943648699,-0.346546633083128,-0.60766277153652,-0.217832301399769,0.683452623457622,1.81909679509218,0.932454613759106,1.10386527342625,-1.57788037790582,2016,-0.847299357541988,1.78925483851124,0.00539606502775794,0.738057195985143,0.932454613759106,-1.31815486510488,1.05854961146896,-0.61483512468768,0.0380564138932891,0.0298419565809345,-0.223228366427527,-0.0546045725275212,0,-0.259725512800945,0.0453156619572879,0.00717235315115938,667
13271,1225494.72167073,1068307.37343758,-0.870175254941572,-0.347025556883327,-0.6109477562245,0.00495569442966777,0.82951856335659,1.82652566656842,0.932454613759106,0.956185436059711,-1.46578068266642,2017,-0.847299357541988,1.78925483851124,0.00539606502775794,0.738057195985143,0.932454613759106,-1.31815486510488,1.05854961146896,-0.61483512468768,-0.0228758973995841,0.0372708280571796,-0.000440370598090161,0.091461367371447,0,-0.147625817561542,-0.102364175409251,0.00388736846317983,668
13271,1225494.72167073,1068307.37343758,-0.873769905248779,-0.34865099523552,-0.622196583299897,0.177128075030774,0.76076714301885,1.85103411814441,0.932454613759106,1.02510029912929,-1.16398989865437,2018,-0.847299357541988,1.78925483851124,0.00539606502775794,0.738057195985143,0.932454613759106,-1.31815486510488,1.05854961146896,-0.61483512468768,-0.0264705477067908,0.0617792796331622,0.171732010003016,0.0227099470337071,0,0.154164966450507,-0.0334493123396717,-0.00736145861221726,669
13271,1225494.72167073,1068307.37343758,-0.906420182604375,-0.349231508932731,-0.626251953108417,0.330152866707626,0.733594208845938,1.70333197504731,0.932454613759106,1.1340989998617,-0.769619266832662,2019,-0.847299357541988,1.78925483851124,0.00539606502775794,0.738057195985143,0.932454613759106,-1.31815486510488,1.05854961146896,-0.61483512468768,-0.0591208250623869,-0.0859228634639309,0.324756801679868,-0.00446298713920446,0,0.548535598272213,0.075549388392735,-0.0114168284207372,670
13273,1087759.18555905,1033180.88556882,-0.79663065466609,-0.398734814462449,-0.854808572367224,0.174494867564139,1.90170531479216,-0.90851051715788,-1.06184878163612,2.19387793408305,-0.788232835631742,2015,-0.812855055334854,-0.776978767764395,0.402289343004129,1.86136557658023,-1.06904268361652,-0.585644704807299,1.88543584371756,-0.8754899943319,0.0162244006687644,-0.131531749393484,-0.227794475439991,0.0403397382119333,0.00719390198039238,-0.202588130824443,0.308442090365498,0.0206814219646757,671
13273,1087759.18555905,1033180.88556882,-0.778322283621682,-0.399322584580876,-0.862004564544927,0.338184447727914,1.93536741724726,-0.922183500580735,-1.06399973217126,1.97755802620569,-1.01152594747988,2016,-0.812855055334854,-0.776978767764395,0.402289343004129,1.86136557658023,-1.06904268361652,-0.585644704807299,1.88543584371756,-0.8754899943319,0.0345327717131726,-0.14520473281634,-0.064104895276215,0.0740018406670342,0.00504295144525169,-0.425881242672583,0.0921221824881338,0.0134854297869728,672
13273,1087759.18555905,1033180.88556882,-0.905174037763288,-0.400440073448008,-0.87586360927483,0.36708226894625,1.91260941453396,-0.907162466185183,-1.07273142415404,2.05489368462138,-0.642670544798488,2017,-0.812855055334854,-0.776978767764395,0.402289343004129,1.86136557658023,-1.06904268361652,-0.585644704807299,1.88543584371756,-0.8754899943319,-0.0923189824284334,-0.130183698420788,-0.0352070740578792,0.0512438379537306,-0.00368874053752744,-0.0570258399911888,0.169457840903826,-0.000373614942929978,673
13273,1087759.18555905,1033180.88556882,-0.751550342368298,-0.40130358757261,-0.886736678425736,0.512984438428475,1.77186760450857,-0.56260814286363,-1.07381013505367,1.5649743860083,-0.333629531741103,2018,-0.812855055334854,-0.776978767764395,0.402289343004129,1.86136557658023,-1.06904268361652,-0.585644704807299,1.88543584371756,-0.8754899943319,0.0613047129665564,0.214370624900765,0.110695095424346,-0.0894979720716564,-0.00476745143715229,0.252015173066195,-0.32046145770926,-0.0112466840938362,674
13273,1087759.18555905,1033180.88556882,-0.832597958254914,-0.402188870960858,-0.898036547046782,0.618700692353869,1.78527813181919,-0.584429212034549,-1.07282334506748,1.63587518766936,-0.152164664385279,2019,-0.812855055334854,-0.776978767764395,0.402289343004129,1.86136557658023,-1.06904268361652,-0.585644704807299,1.88543584371756,-0.8754899943319,-0.0197429029200601,0.192549555729846,0.216411349349739,-0.0760874447610418,-0.00378066145096478,0.43348004042202,-0.249560656048198,-0.0225465527148822,675
13275,1149078.76855087,938435.884971864,0.155562767963037,-0.140326398569928,0.0336912109378815,-0.00134211379521626,0.461891590981018,-0.458495906051966,0.932454613759106,0.360054811414052,-0.442382967421121,2015,0.435135531466109,-0.469431115448385,0.162284157163884,0.44809456779933,0.932454613759106,-0.10159431679407,-0.0300717963650675,0.0335062871586053,-0.279572763503072,0.0109352093964184,-0.1636262709591,0.0137970231816885,0,-0.340788650627051,0.390126607779119,0.000184923779276168,676
13275,1149078.76855087,938435.884971864,0.146444355197372,-0.139216166124011,0.0364679254858481,0.0886271490397943,0.435741730724009,-0.419441920921169,0.932454613759106,0.0313128680167029,-0.293195562065199,2016,0.435135531466109,-0.469431115448385,0.162284157163884,0.44809456779933,0.932454613759106,-0.10159431679407,-0.0300717963650675,0.0335062871586053,-0.288691176268737,0.0499891945272157,-0.0736570081240895,-0.0123528370753202,0,-0.191601245271129,0.0613846643817704,0.00296163832724276,677
13275,1149078.76855087,938435.884971864,0.495964143190112,-0.139709602766641,0.0352349981016986,0.13527556553703,0.425799634204617,-0.459628898201559,0.932454613759106,-0.229590243933636,-0.121978614609992,2017,0.435135531466109,-0.469431115448385,0.162284157163884,0.44809456779933,0.932454613759106,-0.10159431679407,-0.0300717963650675,0.0335062871586053,0.060828611724003,0.00980221724682545,-0.0270085916268543,-0.0222949335947129,0,-0.0203842978159213,-0.199518447568569,0.0017287109430933,678
13275,1149078.76855087,938435.884971864,0.575984168060105,-0.141008502164152,0.0319805514050651,0.243880802665351,0.460148131969875,-0.531200805370762,0.932454613759106,-0.0361426600572579,0.0103380654673634,2018,0.435135531466109,-0.469431115448385,0.162284157163884,0.44809456779933,0.932454613759106,-0.10159431679407,-0.0300717963650675,0.0335062871586053,0.140848636593996,-0.0617696899223772,0.0815966455014668,0.0120535641705458,0,0.111932382261434,-0.00607086369219036,-0.00152573575354022,679
13275,1149078.76855087,938435.884971864,0.801722222919919,-0.141734144285666,0.0301567498625333,0.344979382372461,0.456891751117128,-0.478388046696467,0.932454613759106,-0.275993757265198,0.339247494658597,2019,0.435135531466109,-0.469431115448385,0.162284157163884,0.44809456779933,0.932454613759106,-0.10159431679407,-0.0300717963650675,0.0335062871586053,0.36658669145381,-0.00895693124808233,0.182695225208577,0.00879718331779872,0,0.440841811452667,-0.245921960900131,-0.00334953729607199,680
13277,1177573.24279778,1008748.9610512,-0.191732956219578,-0.169620571015468,0.543505744144113,-0.593884133267553,0.079218663762187,0.309513217834419,0.932454613759106,1.1834276525807,0.165729993756312,2015,-0.123450889743075,0.286842318086869,-0.498888404448885,0.0741946556162234,0.932454613759106,0.0975778407301675,0.786801193255229,0.539999031406562,-0.0682820664765038,0.0226708997475508,-0.0949957288186682,0.00502400814596357,0,0.0681521530261446,0.396626459325468,0.00350671273755032,681
13277,1177573.24279778,1008748.9610512,-0.122071366614666,-0.170317187452122,0.541585521302422,-0.577120498394659,0.058052515583962,0.407499129195458,0.932454613759106,0.926839775754361,0.0251173785213145,2016,-0.123450889743075,0.286842318086869,-0.498888404448885,0.0741946556162234,0.932454613759106,0.0975778407301675,0.786801193255229,0.539999031406562,0.0013795231284089,0.120656811108589,-0.0782320939457744,-0.0161421400322614,0,-0.0724604622088529,0.140038582499133,0.00158648989585974,682
13277,1177573.24279778,1008748.9610512,-0.182137390541161,-0.171478214846545,0.538375060124526,-0.493776591139851,0.0617007203850201,0.429605863798697,0.932454613759106,0.973390211965935,-0.141847030743841,2017,-0.123450889743075,0.286842318086869,-0.498888404448885,0.0741946556162234,0.932454613759106,0.0975778407301675,0.786801193255229,0.539999031406562,-0.0586865007980861,0.142763545711828,0.00511181330903332,-0.0124939352312032,0,-0.239424871474009,0.186589018710706,-0.00162397128203651,683
13277,1177573.24279778,1008748.9610512,-0.147022619735848,-0.171630599692063,0.537952746521463,-0.437006450061308,0.100192590585754,0.139188912097552,0.932454613759106,0.523874979173175,0.199262303090984,2018,-0.123450889743075,0.286842318086869,-0.498888404448885,0.0741946556162234,0.932454613759106,0.0975778407301675,0.786801193255229,0.539999031406562,-0.0235717299927735,-0.147653405989316,0.0618819543875764,0.0259979349695302,0,0.101684462360817,-0.262926214082054,-0.00204628488509928,684
13277,1177573.24279778,1008748.9610512,0.0257098843958799,-0.171405650634394,0.538576084940288,-0.392654349381052,0.0718087877641942,0.148404467508217,0.932454613759106,0.326473346801975,0.239626559026068,2019,-0.123450889743075,0.286842318086869,-0.498888404448885,0.0741946556162234,0.932454613759106,0.0975778407301675,0.786801193255229,0.539999031406562,0.149160774138954,-0.138437850578652,0.106234055067833,-0.00238586785202916,0,0.1420487182959,-0.460327846453253,-0.00142294646627406,685
13279,1279068.71415028,1097479.04716962,-0.282524410566624,-0.268141001853489,-0.0489339380140785,-0.376603103814922,-0.151363298489413,0.199008399680445,0.932454613759106,0.541250965565332,-0.261057527546938,2015,-0.30613286287941,0.312674614045885,-0.159686130254823,-0.156147592792633,0.932454613759106,-0.18127712255193,0.502843574023465,-0.0519384198148397,0.0236084523127859,-0.11366621436544,-0.216916973560098,0.00478429430321992,0,-0.079780404995008,0.0384073915418675,0.00300448180076119,686
13279,1279068.71415028,1097479.04716962,-0.16488027863497,-0.268503822914246,-0.0504326954515598,-0.265720258150175,-0.176103840883046,0.348332876259501,0.932454613759106,0.793816794345046,-0.24537193586232,2016,-0.30613286287941,0.312674614045885,-0.159686130254823,-0.156147592792633,0.932454613759106,-0.18127712255193,0.502843574023465,-0.0519384198148397,0.14125258424444,0.0356582622136158,-0.106034127895352,-0.0199562480904132,0,-0.06409481331039,0.290973220321581,0.00150572436327984,687
13279,1279068.71415028,1097479.04716962,-0.294408920142896,-0.268503822914246,-0.0504326954515598,-0.18186231812732,-0.161027544004014,0.437380174455134,0.932454613759106,0.475432582247845,-0.212397336454212,2017,-0.30613286287941,0.312674614045885,-0.159686130254823,-0.156147592792633,0.932454613759106,-0.18127712255193,0.502843574023465,-0.0519384198148397,0.0117239427365139,0.124705560409249,-0.0221761878724963,-0.00487995121138074,0,-0.031120213902282,-0.0274109917756195,0.00150572436327984,688
13279,1279068.71415028,1097479.04716962,-0.329513825433207,-0.269316542090342,-0.0537999489580343,0.0188339978292803,-0.147447778549711,0.344873462295847,0.932454613759106,0.38175851649853,-0.12441859553871,2018,-0.30613286287941,0.312674614045885,-0.159686130254823,-0.156147592792633,0.932454613759106,-0.18127712255193,0.502843574023465,-0.0519384198148397,-0.0233809625537973,0.0321988482499626,0.178520128084104,0.00869981424292171,0,0.0568585270132196,-0.121085057524935,-0.00186152914319459,689
13279,1279068.71415028,1097479.04716962,-0.459336879619352,-0.269868030102693,-0.056092821198966,0.00692103098901904,-0.144795502036981,0.233778157538498,0.932454613759106,0.321959011460572,-0.0631402173574692,2019,-0.30613286287941,0.312674614045885,-0.159686130254823,-0.156147592792633,0.932454613759106,-0.18127712255193,0.502843574023465,-0.0519384198148397,-0.153204016739942,-0.0788964565073869,0.166607161243843,0.0113520907556523,0,0.11813690519446,-0.180884562562893,-0.00415440138412628,690
13281,1108109.5911026,1389068.35920448,-0.209512147680272,-0.387218873994014,-0.17544099514799,3.68633891654358,-1.56304094760851,-0.294447360691373,0.932454613759106,-0.354633134122737,-0.988311271786647,2015,-0.0874759588281177,-0.401233724946074,4.05523574702364,-1.54431202488572,0.932454613759106,-0.535185899201403,-0.749463975548776,-0.146333737477576,-0.122036188852155,0.1067863642547,-0.368896830480056,-0.0187289227227871,0,-0.453125372585244,0.39483084142604,-0.0291072576704134,691
13281,1108109.5911026,1389068.35920448,-0.162844828554131,-0.385941743860149,-0.16226860533868,3.99008784116983,-1.54155460516484,-0.42724354607369,0.932454613759106,-0.872733446096133,-0.804615564724566,2016,-0.0874759588281177,-0.401233724946074,4.05523574702364,-1.54431202488572,0.932454613759106,-0.535185899201403,-0.749463975548776,-0.146333737477576,-0.0753688697260135,-0.0260098211276169,-0.0651479058538098,0.00275741972087862,0,-0.269429665523162,-0.123269470547356,-0.015934867861104,692
13281,1108109.5911026,1389068.35920448,-0.178515838271083,-0.384512228880765,-0.147772741096122,4.10726432335978,-1.54382421336486,-0.458769982720481,0.932454613759106,-0.932060881471367,-0.546883864911087,2017,-0.0874759588281177,-0.401233724946074,4.05523574702364,-1.54431202488572,0.932454613759106,-0.535185899201403,-0.749463975548776,-0.146333737477576,-0.0910398794429655,-0.0575362577744078,0.0520285763361423,0.000487811520855308,0,-0.011697965709684,-0.18259690592259,-0.00143900361854532,693
13281,1108109.5911026,1389068.35920448,-0.105454348611947,-0.38274166210427,-0.13016875394025,4.20181683684153,-1.54529278029751,-0.367638078425761,0.932454613759106,-0.761651579636012,-0.279113386419453,2018,-0.0874759588281177,-0.401233724946074,4.05523574702364,-1.54431202488572,0.932454613759106,-0.535185899201403,-0.749463975548776,-0.146333737477576,-0.0179783897838294,0.0335956465203124,0.146581089817891,-0.000980755411788214,0,0.25607251278195,-0.012187604087236,0.0161649835373265,694
13281,1108109.5911026,1389068.35920448,0.218947368976845,-0.381290377861241,-0.11601759186484,4.29067081720347,-1.52784757799288,-0.458069656819062,0.932454613759106,-0.826240836417633,-0.0570054081652631,2019,-0.0874759588281177,-0.401233724946074,4.05523574702364,-1.54431202488572,0.932454613759106,-0.535185899201403,-0.749463975548776,-0.146333737477576,0.306423327804963,-0.0568359318729881,0.235435070179831,0.0164644468928414,0,0.47818049103614,-0.0767768608688569,0.0303161456127362,695
13283,1252699.3109279,1125478.64588851,-0.176408749147412,-0.416520302860769,-0.689894613841949,0.564865512056773,0.0434683595796979,-0.790541333889378,0.932454613759106,-0.211803876368312,-0.545141021390574,2015,-0.46042094112228,-0.419276110952379,0.664881084680103,0.018917026282419,0.932454613759106,-0.818460713651522,0.0738547586595992,-0.690215106291422,0.284012191974868,-0.371265222936999,-0.10001557262333,0.0245513332972789,0,0.273319692260948,-0.285658635027911,0.000320492449472853,696
13283,1252699.3109279,1125478.64588851,-0.187517640065579,-0.416890380342741,-0.696063808845089,0.276043408988156,0.154355212510629,-0.774916286979834,0.932454613759106,-0.350315999625474,-0.574141937571912,2016,-0.46042094112228,-0.419276110952379,0.664881084680103,0.018917026282419,0.932454613759106,-0.818460713651522,0.0738547586595992,-0.690215106291422,0.272903301056701,-0.355640176027456,-0.388837675691947,0.13543818622821,0,0.244318776079609,-0.424170758285073,-0.00584870255366687,697
13283,1252699.3109279,1125478.64588851,-0.474612463620314,-0.41659286707292,-0.691100584446913,0.689545087180045,0.0779278416120726,-0.249476640723694,0.932454613759106,-0.00776442651131535,-0.837938732836776,2017,-0.46042094112228,-0.419276110952379,0.664881084680103,0.018917026282419,0.932454613759106,-0.818460713651522,0.0738547586595992,-0.690215106291422,-0.0141915224980335,0.169799470228684,0.024664002499942,0.0590108153296536,0,-0.0194780191852545,-0.0816191851709145,-0.000885478155491004,698
13283,1252699.3109279,1125478.64588851,-0.631035617451171,-0.416411456542542,-0.688088997793969,0.714611257102108,-0.0684510527352514,-0.016785441436273,0.932454613759106,0.0107880181051267,-0.847280374106726,2018,-0.46042094112228,-0.419276110952379,0.664881084680103,0.018917026282419,0.932454613759106,-0.818460713651522,0.0738547586595992,-0.690215106291422,-0.170614676328891,0.402490669516106,0.0497301724220046,-0.0873680790176704,0,-0.0288196604552048,-0.0630667405544724,0.00212610849745243,699
13283,1252699.3109279,1125478.64588851,-0.832530235326925,-0.416280840960669,-0.685927526529189,1.07934015807343,-0.112715229555053,-0.264660851732714,0.932454613759106,0.92837007769797,-1.28780150235162,2019,-0.46042094112228,-0.419276110952379,0.664881084680103,0.018917026282419,0.932454613759106,-0.818460713651522,0.0738547586595992,-0.690215106291422,-0.372109294204645,0.154615259219665,0.41445907339333,-0.131632255837472,0,-0.469340788700098,0.854515319038371,0.00428757976223249,700
13285,1016233.88326279,1165756.27954712,0.108221950372899,0.0341397367057975,0.55777184650834,-0.654396351122778,0.344632715265327,-0.0926612590926328,0.932454613759106,0.0522878537135719,0.103475623203584,2015,0.0717481877918102,-0.124019568675029,-0.525044117429608,0.392226983587258,0.932454613759106,0.298074559329995,0.0126571613183035,0.564763403234452,0.0364737625810891,0.0313583095823959,-0.12935223369317,-0.0475942683219309,0,-0.194598936126411,0.0396306923952683,-0.00699155672611207,701
13285,1016233.88326279,1165756.27954712,0.12273990678774,0.0373833569889672,0.563043917676884,-0.597017852722641,0.358923007274245,-0.135748187985397,0.932454613759106,0.0333438307972173,0.16008318074985,2016,0.0717481877918102,-0.124019568675029,-0.525044117429608,0.392226983587258,0.932454613759106,0.298074559329995,0.0126571613183035,0.564763403234452,0.05099171899593,-0.0117286193103682,-0.0719737352930329,-0.0333039763130129,0,-0.137991378580146,0.0206866694789138,-0.00171948555756751,702
13285,1016233.88326279,1165756.27954712,0.0275474249243113,0.0382468711135694,0.564441714418774,-0.528762169646176,0.391911278318691,-0.155400744984981,0.932454613759106,0.035859316925552,0.256915566749558,2017,0.0717481877918102,-0.124019568675029,-0.525044117429608,0.392226983587258,0.932454613759106,0.298074559329995,0.0126571613183035,0.564763403234452,-0.0442007628674989,-0.0313811763099524,-0.00371805221656785,-0.00031570526856739,0,-0.0411589925804375,0.0232021556072485,-0.000321688815678289,703
13285,1016233.88326279,1165756.27954712,0.0231814399152181,0.0407213107479338,0.568433936853782,-0.456849827931386,0.419771640521912,-0.151305483345406,0.932454613759106,-0.0868013734631172,0.383376292597989,2018,0.0717481877918102,-0.124019568675029,-0.525044117429608,0.392226983587258,0.932454613759106,0.298074559329995,0.0126571613183035,0.564763403234452,-0.048566747876592,-0.0272859146703773,0.0681942894982219,0.0275446569346536,0,0.0853017332679935,-0.0994585347814207,0.0036705336193299,704
13285,1016233.88326279,1165756.27954712,0.0770502169588819,0.0417734918241298,0.57012560071448,-0.388194385725059,0.445896276556116,-0.0849821679667266,0.932454613759106,0.0285961786182936,0.586522133348997,2019,0.0717481877918102,-0.124019568675029,-0.525044117429608,0.392226983587258,0.932454613759106,0.298074559329995,0.0126571613183035,0.564763403234452,0.00530202916707177,0.0390374007083021,0.136849731704549,0.0536692929688576,0,0.288447574019001,0.0159390172999901,0.00536219748002786,705
13287,1164674.51559089,1036132.63107066,-0.971108123214917,-0.405084183025701,-0.811977647110678,0.328224043825234,0.718099248759399,-0.0856732100011465,0.932454613759106,0.623866748296776,-0.996188924499366,2015,-0.717696757467296,-0.358221554687291,0.546792745101097,0.755499900243553,0.932454613759106,-0.555165857320566,1.28553538199494,-0.837116546732953,-0.253411365747621,0.272548344686145,-0.218568701275863,-0.0374006514841547,0,-0.441023067178801,-0.661668633698165,0.0251388996222747,706
13287,1164674.51559089,1036132.63107066,-0.819817607953006,-0.406441133792933,-0.830461243053113,0.523435960041726,0.690633204487567,-0.0745835078810571,0.932454613759106,0.951461467804489,-0.775614648543227,2016,-0.717696757467296,-0.358221554687291,0.546792745101097,0.755499900243553,0.932454613759106,-0.555165857320566,1.28553538199494,-0.837116546732953,-0.102120850485711,0.283638046806234,-0.0233567850593706,-0.0648666957559862,0,-0.220448791222662,-0.334073914190452,0.00665530367983924,707
13287,1164674.51559089,1036132.63107066,-0.607191253629491,-0.407275622232675,-0.842039930693666,0.646466406074871,0.828333280503563,-0.435305008173905,0.932454613759106,0.985289761554813,-0.133063099400455,2017,-0.717696757467296,-0.358221554687291,0.546792745101097,0.755499900243553,0.932454613759106,-0.555165857320566,1.28553538199494,-0.837116546732953,0.110505503837805,-0.0770834534866138,0.0996736609737745,0.0728333802600094,0,0.42210275792011,-0.300245620440128,-0.00492338396071323,708
13287,1164674.51559089,1036132.63107066,-0.623246476049533,-0.407812597402595,-0.849578513023794,0.448790729464496,0.832447780151757,-0.830716311645294,0.932454613759106,2.05521196150023,-0.536008521343085,2018,-0.717696757467296,-0.358221554687291,0.546792745101097,0.755499900243553,0.932454613759106,-0.555165857320566,1.28553538199494,-0.837116546732953,0.0944502814177623,-0.472494756958003,-0.098002015636601,0.0769478799082033,0,0.0191573359774801,0.769676579505292,-0.0124619662908414,709
13287,1164674.51559089,1036132.63107066,-0.567120326489531,-0.407950469405683,-0.851525399783512,0.787046586099157,0.707985987315481,-0.364829735735054,0.932454613759106,1.81184697081839,-0.334954092816693,2019,-0.717696757467296,-0.358221554687291,0.546792745101097,0.755499900243553,0.932454613759106,-0.555165857320566,1.28553538199494,-0.837116546732953,0.150576430977764,-0.00660818104776234,0.24025384099806,-0.0475139129280719,0,0.220211764503872,0.526311588823453,-0.0144088530505591,710
13289,1169132.32274271,1143606.19274418,-0.863917758039141,-0.403843334997911,-0.977625487362594,0.629107166270265,0.777531833600439,-1.02224374861607,-1.05365713656959,0.959611457363342,-1.30864591085696,2015,-0.756249657625229,-0.815741817961082,1.00202317124253,0.804511318954277,-1.07145619915927,-1.22918618906972,0.732228638865145,-0.993868746505719,-0.107668100413912,-0.206501930654984,-0.372916004972264,-0.0269794853538381,0.0177990625896796,-0.0794597217872337,0.227382818498197,0.0162432591431257,711
13289,1169132.32274271,1143606.19274418,-0.6540859795115,-0.404902772495322,-0.991728688087076,0.798837719858905,0.812457019737771,-0.811560723455164,-1.07330234969282,1.33899160187335,-1.15130199782503,2016,-0.756249657625229,-0.815741817961082,1.00202317124253,0.804511318954277,-1.07145619915927,-1.22918618906972,0.732228638865145,-0.993868746505719,0.102163678113729,0.00418109450591819,-0.203185451383624,0.00794570078349455,-0.00184615053355475,0.0778841912446897,0.606762963008207,0.00214005841864351,712
13289,1169132.32274271,1143606.19274418,-0.865632252348368,-0.405193029343928,-0.995635559715906,1.03809900594131,0.811128737502364,-0.774743088781328,-1.07271273317162,0.898650967746418,-1.36783287681358,2017,-0.756249657625229,-0.815741817961082,1.00202317124253,0.804511318954277,-1.07145619915927,-1.22918618906972,0.732228638865145,-0.993868746505719,-0.109382594723139,0.0409987291797541,0.0360758346987824,0.00661741854808695,-0.00125653401235004,-0.138646687743859,0.166422328881273,-0.00176681321018701,713
13289,1169132.32274271,1143606.19274418,-0.846353004255785,-0.405476029771319,-0.999462879737036,1.18835864732072,0.797137893853706,-0.759642490081335,-1.07652472302831,0.721828154722489,-1.16092249405827,2018,-0.756249657625229,-0.815741817961082,1.00202317124253,0.804511318954277,-1.07145619915927,-1.22918618906972,0.732228638865145,-0.993868746505719,-0.0901033466305562,0.0560993278797471,0.186335476078191,-0.00737342510057093,-0.00506852386904155,0.0682636950114572,-0.0104004841426564,-0.00559413323131697,714
13289,1169132.32274271,1143606.19274418,-0.551259293971352,-0.405875132938152,-1.00489111762598,1.35571331682144,0.824301110077104,-0.710519038871518,-1.081084053334,-0.257938987379875,-1.15722766579478,2019,-0.756249657625229,-0.815741817961082,1.00202317124253,0.804511318954277,-1.07145619915927,-1.22918618906972,0.732228638865145,-0.993868746505719,0.204990363653878,0.105222779089564,0.353690145578914,0.0197897911228274,-0.00962785417473344,0.0719585232749451,-0.99016762624502,-0.0110223711202655,715
13291,1086493.71019278,1376966.48454542,-0.103388094537795,-0.307942472218558,-0.134506269247691,3.35801558491022,-1.58610038632136,-0.51833377251376,0.932454613759106,-1.10439620706502,-0.530710277040726,2015,-0.0338173353211982,-0.4746343747438,3.62318411662256,-1.57457672995746,0.932454613759106,-0.173120614875928,-1.07935308635617,-0.109217547835469,-0.0695707592165967,-0.0436993977699597,-0.265168531712343,-0.011523656363903,0,-0.357589662164797,-0.0250431207088495,-0.0252887214122225,716
13291,1086493.71019278,1376966.48454542,-0.0714869963618408,-0.305707494484293,-0.123034748831923,3.54268654145065,-1.57562902857407,-0.567287229127306,0.932454613759106,-1.15617592351632,-0.312227413309203,2016,-0.0338173353211982,-0.4746343747438,3.62318411662256,-1.57457672995746,0.932454613759106,-0.173120614875928,-1.07935308635617,-0.109217547835469,-0.0376696610406427,-0.0926528543835063,-0.0804975751719135,-0.00105229861660971,0,-0.139106798433274,-0.0768228371601487,-0.0138172009964539,717
13291,1086493.71019278,1376966.48454542,-0.138729580164967,-0.304045774026025,-0.114609064134532,3.62972631763142,-1.56527927535024,-0.478035176961785,0.932454613759106,-1.19889378574821,-0.240003977819139,2017,-0.0338173353211982,-0.4746343747438,3.62318411662256,-1.57457672995746,0.932454613759106,-0.173120614875928,-1.07935308635617,-0.109217547835469,-0.104912244843769,-0.00340080221798561,0.00654220100886072,0.00929745460721443,0,-0.066883362943211,-0.11954069939204,-0.00539151629906352,718
13291,1086493.71019278,1376966.48454542,0.065936551260496,-0.300323229942656,-0.0960443933206048,3.74104925896407,-1.57558302633387,-0.404922650978564,0.932454613759106,-0.970457166342459,-0.0622339387268024,2018,-0.0338173353211982,-0.4746343747438,3.62318411662256,-1.57457672995746,0.932454613759106,-0.173120614875928,-1.07935308635617,-0.109217547835469,0.0997538865816942,0.0697117237652363,0.117865142341507,-0.00100629637641192,0,0.110886676149126,0.108895920013714,0.0131731545148638,719
13291,1086493.71019278,1376966.48454542,0.078581443198116,-0.296600685859286,-0.0778932636425925,3.84444288015645,-1.57029193320775,-0.404593044137584,0.932454613759106,-0.966842349108847,0.279572532516228,2019,-0.0338173353211982,-0.4746343747438,3.62318411662256,-1.57457672995746,0.932454613759106,-0.173120614875928,-1.07935308635617,-0.109217547835469,0.112398778519314,0.0700413306062154,0.221258763533888,0.00428479674970994,0,0.452693147392156,0.112510737247325,0.0313242841928762,720
13293,1085516.6510438,1156954.65278472,-0.728269825760765,-0.273089881122217,0.0318559568253266,0.253621653443248,0.00282520333872272,-0.77929564638233,0.932454613759106,0.379447345045535,-0.539075925939189,2015,-0.605805657209942,-0.685494234532053,0.366729202765554,-0.00903704508712954,0.932454613759106,-0.572677949014681,0.208358166643698,0.025525866423504,-0.122464168550823,-0.0938014118502769,-0.113107549322305,0.0118622484258523,0,0.0336020230754926,0.171089178401837,0.00633009040182254,721
13293,1085516.6510438,1156954.65278472,-0.581579298391703,-0.274062241565047,0.027729379043516,0.336402900585458,-0.00815055783287068,-0.751087323930084,0.932454613759106,0.269369739438538,-0.546744437429446,2016,-0.605805657209942,-0.685494234532053,0.366729202765554,-0.00903704508712954,0.932454613759106,-0.572677949014681,0.208358166643698,0.025525866423504,0.0242263588182391,-0.0655930893980315,-0.0303263021800958,0.000886487254258852,0,0.0259335115852349,0.0610115727948398,0.00220351262001196,722
13293,1085516.6510438,1156954.65278472,-0.581739603358031,-0.275172474010964,0.0229919950945577,0.376545251945766,0.0064053779599324,-0.57801368034955,0.932454613759106,0.240824934115654,-0.698441537454907,2017,-0.605805657209942,-0.685494234532053,0.366729202765554,-0.00903704508712954,0.932454613759106,-0.572677949014681,0.208358166643698,0.025525866423504,0.0240660538519106,0.107480554182503,0.00981604918021284,0.0154424230470619,0,-0.125763588440226,0.0324667674719564,-0.00253387132894633,723
13293,1085516.6510438,1156954.65278472,-0.516867289496144,-0.275353884541342,0.0222152882196533,0.429775207903429,-0.0139609976620453,-0.708974908332167,0.932454613759106,0.172182660796843,-0.529316002224315,2018,-0.605805657209942,-0.685494234532053,0.366729202765554,-0.00903704508712954,0.932454613759106,-0.572677949014681,0.208358166643698,0.025525866423504,0.0889383677137979,-0.0234806738001144,0.0630460051378751,-0.00492395257491581,0,0.0433619467903661,-0.0361755058468552,-0.00331057820385071,724
13293,1085516.6510438,1156954.65278472,-0.620572269043067,-0.27520875611704,0.0228367129344666,0.437300999949867,-0.0323042512393868,-0.610099613666133,0.932454613759106,-0.0200338461780802,-0.549811842025549,2019,-0.605805657209942,-0.685494234532053,0.366729202765554,-0.00903704508712954,0.932454613759106,-0.572677949014681,0.208358166643698,0.025525866423504,-0.0147666118331247,0.0753946208659195,0.0705717971843132,-0.0232672061522572,0,0.0228661069891319,-0.228392012821778,-0.00268915348903745,725
13295,969727.530062004,1351865.80321176,-0.196709592521983,0.0299164995585832,0.548894803581261,-0.00670079843498933,-1.35185794692456,-0.793137263448988,-1.07011207733033,-0.481739152780713,-0.432483616224607,2015,-0.108719526620747,-0.764526402056311,0.285497655896845,-1.3688959445243,-1.06935874757744,-0.272253554322714,-0.528839343279105,0.552398070087907,-0.0879900659012362,-0.0286108613926774,-0.292198454331834,0.0170379975997388,-0.000753329752882337,-0.160230061901893,0.0471001904983928,-0.00350326650664556,726
13295,969727.530062004,1351865.80321176,-0.13510996686967,0.0288860877460327,0.547198492316275,0.104546592452989,-1.36642071689804,-0.793591686840631,-1.06916855407024,-0.383689826854458,-0.387099970950446,2016,-0.108719526620747,-0.764526402056311,0.285497655896845,-1.3688959445243,-1.06935874757744,-0.272253554322714,-0.528839343279105,0.552398070087907,-0.0263904402489228,-0.0290652847843198,-0.180951063443856,0.00247522762625696,0.000190193507209058,-0.114846416627732,0.145149516424647,-0.00519957777163227,727
13295,969727.530062004,1351865.80321176,-0.128420553721309,0.0322675800322901,0.552752090682795,0.356356343945219,-1.36784371094913,-0.769109630867627,-1.06638695793235,-0.567970281124353,-0.270399168816888,2017,-0.108719526620747,-0.764526402056311,0.285497655896845,-1.3688959445243,-1.06935874757744,-0.272253554322714,-0.528839343279105,0.552398070087907,-0.0197010271005618,-0.00458322881131656,0.0708586880483744,0.00105223357517326,0.00297178964509892,0.00185438550582595,-0.0391309378452476,0.000354020594887761,728
13295,969727.530062004,1351865.80321176,-0.0716395309567251,0.0338277105935463,0.555301668929178,0.460776093691356,-1.37976353688495,-0.740835869783247,-1.07086372119422,-0.492968002442073,-0.229198347991958,2018,-0.108719526620747,-0.764526402056311,0.285497655896845,-1.3688959445243,-1.06935874757744,-0.272253554322714,-0.528839343279105,0.552398070087907,0.0370799956640219,0.0236905322730637,0.175278437794511,-0.0108675923606523,-0.00150497361677049,0.0430552063307558,0.0358713408370323,0.00290359884127112,729
13295,969727.530062004,1351865.80321176,-0.0117179890340481,0.0353878411548024,0.557843294930026,0.512510047829648,-1.37859381096482,-0.725957559341061,-1.0702624273601,-0.71782945319393,-0.0420866676296709,2019,-0.108719526620747,-0.764526402056311,0.285497655896845,-1.3688959445243,-1.06935874757744,-0.272253554322714,-0.528839343279105,0.552398070087907,0.0970015375866989,0.0385688427152501,0.227012391932804,-0.00969786644051629,-0.000903679782654709,0.230166886693043,-0.188990109914825,0.00544522484211873,730
13297,1124753.64969612,1263254.53063931,0.113579620248948,0.159922542049117,0.986107095094655,-0.60615294793693,-0.703469862274935,-0.117464041833303,-1.07370337552066,-1.04852586053147,0.775028088527694,2015,0.219054812128227,-0.0450151216431714,-0.380049130920354,-0.657397865689471,-1.07181334351521,0.986943917873924,-1.17593488527407,1.00996068802807,-0.105475191879278,-0.0724489201901314,-0.226103817016575,-0.0460719965854633,-0.00189003200544668,-0.21191582934623,0.127409024742604,-0.023853592933417,731
13297,1124753.64969612,1263254.53063931,0.149736887625858,0.168884222249821,0.997698940083123,-0.45932855359205,-0.661153524049104,-0.175358220788966,-1.07154152208146,-1.14344266736316,0.770287554151899,2016,0.219054812128227,-0.0450151216431714,-0.380049130920354,-0.657397865689471,-1.07181334351521,0.986943917873924,-1.17593488527407,1.00996068802807,-0.0693179245023689,-0.130343099145795,-0.0792794226716955,-0.00375565835963232,0.000271821433746933,-0.216656363722025,0.0324922179109086,-0.0122617479449492,732
13297,1124753.64969612,1263254.53063931,0.161666336621695,0.178020056559688,1.00934872436686,-0.343211666978798,-0.670490386661479,-0.0721144563628605,-1.07186929121423,-1.19967361248499,0.82766196284719,2017,0.219054812128227,-0.0450151216431714,-0.380049130920354,-0.657397865689471,-1.07181334351521,0.986943917873924,-1.17593488527407,1.00996068802807,-0.0573884755065314,-0.0270993347196891,0.0368374639415569,-0.0130925209720079,-5.59476990220631e-05,-0.159281955026734,-0.0237387272109189,-0.000611963661212966,733
13297,1124753.64969612,1263254.53063931,0.217629819637166,0.188447533845851,1.02244517417434,-0.264460145178588,-0.645442763541703,0.105329586321312,-1.06946591567094,-1.18228005938768,1.1479966019175,2018,0.219054812128227,-0.0450151216431714,-0.380049130920354,-0.657397865689471,-1.07181334351521,0.986943917873924,-1.17593488527407,1.00996068802807,-0.00142499249106068,0.150344707964484,0.115588985741767,0.011955102147768,0.002347427844271,0.161052684043575,-0.00634517411360425,0.0124844861462658,734
13297,1124753.64969612,1263254.53063931,0.452661396507466,0.197953445637691,1.03420350642139,-0.227092340915407,-0.606432791920136,0.03453152444796,-1.07248661308876,-1.30575222660306,1.41374538192534,2019,0.219054812128227,-0.0450151216431714,-0.380049130920354,-0.657397865689471,-1.07181334351521,0.986943917873924,-1.17593488527407,1.00996068802807,0.233606584379239,0.0795466460911314,0.152956790004947,0.0509650737693357,-0.00067326957354874,0.426801464051414,-0.12981734132899,0.0242428183933132,735
13299,1287458.18020442,978499.995909488,-0.568624774924249,-0.206367088048961,-0.556469910541256,-0.0894489651423696,0.0719590308639512,-0.252979367592905,0.932454613759106,1.17067037002766,-0.735738388793888,2015,-0.42974542140355,-0.442861957565985,0.0457606617876164,0.0766647260770901,0.932454613759106,-0.453272253737287,0.733179768362414,-0.558027931692207,-0.138879353520699,0.189882589973081,-0.135209626929986,-0.00470569521313893,0,-0.2824661350566,0.437490601665245,0.00155802115095072,736
13299,1287458.18020442,978499.995909488,-0.565603467995582,-0.206744421952149,-0.557656942093578,-0.0471985533720029,0.0477894216943267,-0.284428314256663,0.932454613759106,1.01298608901903,-0.66288752963644,2016,-0.42974542140355,-0.442861957565985,0.0457606617876164,0.0766647260770901,0.932454613759106,-0.453272253737287,0.733179768362414,-0.558027931692207,-0.135858046592032,0.158433643309322,-0.0929592151596192,-0.0288753043827634,0,-0.209615275899152,0.279806320656618,0.000370989598628801,737
13299,1287458.18020442,978499.995909488,-0.462577722032817,-0.206621062791491,-0.557268683808686,0.0819486214044116,0.0760014029754824,-0.432480707939584,0.932454613759106,0.543611438016106,-0.43157733759394,2017,-0.42974542140355,-0.442861957565985,0.0457606617876164,0.0766647260770901,0.932454613759106,-0.453272253737287,0.733179768362414,-0.558027931692207,-0.0328323006292677,0.010381249626401,0.0361879596167952,-0.000663323101607702,0,0.0216949161433471,-0.189568330346308,0.000759247883520664,738
13299,1287458.18020442,978499.995909488,-0.343864760501905,-0.207266884279639,-0.559303384118856,0.102172032111051,0.0842167469926496,-0.476424747003229,0.932454613759106,0.385815187245388,-0.187091248536361,2018,-0.42974542140355,-0.442861957565985,0.0457606617876164,0.0766647260770901,0.932454613759106,-0.453272253737287,0.733179768362414,-0.558027931692207,0.085880660901645,-0.0335627894372439,0.0564113703234347,0.00755202091555951,0,0.266181005200926,-0.347364581117026,-0.00127545242664917,739
13299,1287458.18020442,978499.995909488,-0.208056381563195,-0.20731042280693,-0.559440737898658,0.181330173936992,0.103357027859041,-0.767996651037545,0.932454613759106,0.552815757503886,-0.249066764125807,2019,-0.42974542140355,-0.442861957565985,0.0457606617876164,0.0766647260770901,0.932454613759106,-0.453272253737287,0.733179768362414,-0.558027931692207,0.221689039840355,-0.32513469347156,0.135569512149375,0.0266923017819505,0,0.20420548961148,-0.180364010858529,-0.00141280620645112,740
13301,1226892.3910161,1235089.59485279,-0.440083937205031,-0.425235264740158,-1.13273327742094,0.909175471396812,1.73264092365328,-0.601679551194516,0.932454613759106,0.869791420980832,-1.33095430791952,2015,-0.325543926137521,-0.617952940331773,1.07176662460883,1.81760041777828,0.932454613759106,-1.05813655459248,0.810502095299217,-1.153251542068,-0.11454001106751,0.0162733891372567,-0.162591153212016,-0.0849594941249958,0,-0.27281775332704,0.0592893256816153,0.020518264647057,741
13301,1226892.3910161,1235089.59485279,-0.385119850331145,-0.425648880749421,-1.14112880198295,1.02178988971122,1.79621550670869,-0.605253941211777,0.932454613759106,0.767967279144958,-1.19494279957868,2016,-0.325543926137521,-0.617952940331773,1.07176662460883,1.81760041777828,0.932454613759106,-1.05813655459248,0.810502095299217,-1.153251542068,-0.0595759241936249,0.0126989991199963,-0.0499767348976106,-0.0213849110695838,0,-0.136806244986197,-0.0425348161542586,0.012122740085047,742
13301,1226892.3910161,1235089.59485279,-0.102959636585779,-0.426330984343645,-1.15516583109714,1.0185237359571,1.83336774519722,-0.420271115631474,0.932454613759106,0.822535144939829,-1.03285835217096,2017,-0.325543926137521,-0.617952940331773,1.07176662460883,1.81760041777828,0.932454613759106,-1.05813655459248,0.810502095299217,-1.153251542068,0.222584289551742,0.197681824700299,-0.0532428886517247,0.0157673274189436,0,0.0252782024215221,0.0120330496406124,-0.00191428902914126,743
13301,1226892.3910161,1235089.59485279,-0.262326300374008,-0.426795395301414,-1.16486322112743,1.12874703917088,1.86291878022561,-0.72420499381778,0.932454613759106,0.758113687809781,-1.02965152009322,2018,-0.325543926137521,-0.617952940331773,1.07176662460883,1.81760041777828,0.932454613759106,-1.05813655459248,0.810502095299217,-1.153251542068,0.0632176257635121,-0.106252053486007,0.0569804145620532,0.0453183624473361,0,0.0284850344992662,-0.0523884074894359,-0.0116116790594301,744
13301,1226892.3910161,1235089.59485279,-0.437229906191639,-0.427150959940956,-1.17236657871153,1.28059698680813,1.86285913310658,-0.738355099803318,0.932454613759106,0.834102943620684,-0.702275793200036,2019,-0.325543926137521,-0.617952940331773,1.07176662460883,1.81760041777828,0.932454613759106,-1.05813655459248,0.810502095299217,-1.153251542068,-0.111685980054119,-0.120402159471545,0.208830362199298,0.0452587153282997,0,0.355860761392448,0.0236008483214669,-0.0191150366435331,745
13303,1222784.94813927,1184975.12723347,-0.368867212679502,-0.314763508160794,-0.767368254679512,-0.208354904527533,1.37945402866963,-0.697047629708094,0.932454613759106,0.703285665774277,-0.429764780332606,2015,-0.445749744258181,-0.646113136118937,0.051647694717715,1.39881316552671,0.932454613759106,-0.435202452116607,0.664214928186579,-0.77571631940507,0.0768825315786792,-0.0509344935891562,-0.260002599245248,-0.019359136857076,0,0.0054376717840009,0.0390707375876983,0.00834806472555849,746
13303,1222784.94813927,1184975.12723347,-0.474018151964043,-0.315525432388384,-0.771495203804482,-0.0584825050374014,1.39932058111615,-0.67536007644909,0.932454613759106,0.770464882756667,-0.505334475382055,2016,-0.445749744258181,-0.646113136118937,0.051647694717715,1.39881316552671,0.932454613759106,-0.435202452116607,0.664214928186579,-0.77571631940507,-0.0282684077058624,-0.0292469403301522,-0.110130199755116,0.000507415589445115,0,-0.0701320232654475,0.106249954570088,0.00422111560058869,747
13303,1222784.94813927,1184975.12723347,-0.411212131970816,-0.316788049679819,-0.778380502326606,0.0120783031445924,1.40490877487828,-0.606473746677132,0.932454613759106,0.868639781938054,-0.526178883887392,2017,-0.445749744258181,-0.646113136118937,0.051647694717715,1.39881316552671,0.932454613759106,-0.435202452116607,0.664214928186579,-0.77571631940507,0.0345376122873652,0.039639389441805,-0.0395693915731226,0.00609560935157449,0,-0.0909764317707842,0.204424853751475,-0.00266418292153536,748
13303,1222784.94813927,1184975.12723347,-0.344145994005764,-0.317114588634501,-0.780170692150373,0.143220403660212,1.40181685332863,-0.636705762430325,0.932454613759106,0.804106440952754,-0.341298043231361,2018,-0.445749744258181,-0.646113136118937,0.051647694717715,1.39881316552671,0.932454613759106,-0.435202452116607,0.664214928186579,-0.77571631940507,0.101603750252417,0.00940737368861211,0.0915727089424967,0.0030036878019164,0,0.0939044088852462,0.139891512766176,-0.00445437274530225,749
13303,1222784.94813927,1184975.12723347,-0.63050523067078,-0.317295999164879,-0.78116694406438,0.369777176348706,1.40856558964085,-0.614978465330046,0.932454613759106,0.174577869511142,-0.373436077749623,2019,-0.445749744258181,-0.646113136118937,0.051647694717715,1.39881316552671,0.932454613759106,-0.435202452116607,0.664214928186579,-0.77571631940507,-0.184755486412599,0.0311346707888915,0.318129481630991,0.00975242411413957,0,0.0617663743669845,-0.489637058675437,-0.00545062465930946,750
13305,1326972.43252853,1040322.18250486,-0.367275256745735,-0.247561791287338,-0.423607610363097,-0.474911558732802,-0.4240492524827,-0.353918326369889,0.932454613759106,-0.112836949146537,-0.399997013002243,2015,-0.417565372041711,-0.411986775967988,-0.309312675895234,-0.453331076937499,0.932454613759106,-0.182043973700955,-0.240483886589725,-0.427910082899461,0.0502901152959765,0.0580684495980994,-0.165598882837568,0.0292818244547996,0,-0.217953039301287,0.127646937443188,0.00430247253636407,751
13305,1326972.43252853,1040322.18250486,-0.395422932797833,-0.247852048135944,-0.424693168625344,-0.379725581995824,-0.445966953480871,-0.413812155598813,0.932454613759106,-0.0732487952815569,-0.235612012147446,2016,-0.417565372041711,-0.411986775967988,-0.309312675895234,-0.453331076937499,0.932454613759106,-0.182043973700955,-0.240483886589725,-0.427910082899461,0.0221424392438779,-0.00182537963082463,-0.07041290610059,0.00736412345662812,0,-0.0535680384464909,0.167235091308169,0.00321691427411663,752
13305,1326972.43252853,1040322.18250486,-0.446181994323959,-0.249107409006164,-0.429404932775046,-0.323768084709645,-0.475231441311157,-0.385608158795528,0.932454613759106,0.0372494684284823,-0.122118042091633,2017,-0.417565372041711,-0.411986775967988,-0.309312675895234,-0.453331076937499,0.932454613759106,-0.182043973700955,-0.240483886589725,-0.427910082899461,-0.0286166222822479,0.0263786171724604,-0.0144554088144111,-0.0219003643736573,0,0.0599259316093227,0.277733355018208,-0.00149484987558524,753
13305,1326972.43252853,1040322.18250486,-0.416691258161499,-0.249586332806363,-0.431209688428098,-0.252987462082482,-0.478632461970945,-0.398682721759692,0.932454613759106,-0.215088688690415,-0.132575103214711,2018,-0.417565372041711,-0.411986775967988,-0.309312675895234,-0.453331076937499,0.932454613759106,-0.182043973700955,-0.240483886589725,-0.427910082899461,0.000874113880212024,0.0133040542082959,0.0563252138127517,-0.0253013850334456,0,0.049468870486244,0.0253951978993101,-0.00329960552863717,754
13305,1326972.43252853,1040322.18250486,-0.46225541817953,-0.249433947960845,-0.430635014305719,-0.115170691955417,-0.442775275441824,-0.507912517316019,0.932454613759106,-0.8384944682586,-0.0199176980487442,2019,-0.417565372041711,-0.411986775967988,-0.309312675895234,-0.453331076937499,0.932454613759106,-0.182043973700955,-0.240483886589725,-0.427910082899461,-0.0446900461378185,-0.0959257413480311,0.194141983939817,0.0105558014956752,0,0.162126275652211,-0.598010581668875,-0.00272493140625818,755
13307,1073461.93498474,1061714.8543515,-0.973715893913327,-0.445850757412384,-1.46284899792797,0.150365651653948,1.56346248044047,-1.01516063852322,0.932454613759106,0.197956252704341,-0.937141386024382,2015,-0.708594158745459,-0.642054020988081,0.643423906935417,1.01938207643739,0.932454613759106,-0.76981446530696,0.192228555733936,-1.48468901913712,-0.265121735167868,-0.373106617535134,-0.493058255281469,0.544080404003084,0,-0.167326920717422,0.00572769697040443,0.021840021209153,756
13307,1073461.93498474,1061714.8543515,-0.777086488632199,-0.446199065630711,-1.47735752698741,0.326529355175014,1.20334785806468,-0.997329148899605,0.932454613759106,0.192509217260275,-0.753933675148044,2016,-0.708594158745459,-0.642054020988081,0.643423906935417,1.01938207643739,0.932454613759106,-0.76981446530696,0.192228555733936,-1.48468901913712,-0.0684923298867404,-0.355275127911524,-0.316894551760403,0.18396578162729,0,0.0158807901589154,0.000280661526338682,0.00733149214970918,757
13307,1073461.93498474,1061714.8543515,-0.75074700919435,-0.446525604585393,-1.49119795727175,0.691931828992261,1.16498865778218,-0.883396411105711,0.932454613759106,-0.233203081929034,-0.783283160033485,2017,-0.708594158745459,-0.642054020988081,0.643423906935417,1.01938207643739,0.932454613759106,-0.76981446530696,0.192228555733936,-1.48468901913712,-0.0421528504488912,-0.241342390117629,0.0485079220568434,0.145606581344791,0,-0.0134686947265253,-0.42543163766297,-0.00650893813463393,758
13307,1073461.93498474,1061714.8543515,-0.814001547409935,-0.446627194482405,-1.49555225719228,1.12927651289281,0.661870486146235,-0.183919380166938,0.932454613759106,0.61204102365027,-0.777566633286202,2018,-0.708594158745459,-0.642054020988081,0.643423906935417,1.01938207643739,0.932454613759106,-0.76981446530696,0.192228555733936,-1.48468901913712,-0.105407388664476,0.458134640821144,0.48585260595739,-0.357511590291153,0,-0.00775216797924239,0.419812467916334,-0.0108632380551608,759
13307,1073461.93498474,1061714.8543515,-0.227419854577483,-0.44664896374605,-1.49648835630619,0.919016185963056,0.503240899753376,-0.130464526244937,0.932454613759106,0.191839366983829,-0.597147472042685,2019,-0.708594158745459,-0.642054020988081,0.643423906935417,1.01938207643739,0.932454613759106,-0.76981446530696,0.192228555733936,-1.48468901913712,0.481174304167976,0.511589494743144,0.275592279027639,-0.516141176684011,0,0.172666993264274,-0.000389188750107322,-0.0117993371690679,760
13309,1242584.94299192,1091751.79766771,-1.231255171583,-0.407856135929886,-0.878601872073972,-0.976425351388194,0.756376196069975,-0.701494282287501,0.932454613759106,0.893239929670355,-1.17103098647724,2015,-0.784250039975654,-0.814704943039141,-0.668931946501424,0.797143676000096,0.932454613759106,-0.955978038794088,0.897904310788652,-0.880099389869608,-0.447005131607345,0.11321066075164,-0.30749340488677,-0.0407674799301204,0,-0.215052947683153,-0.00466438111829737,0.00149751779563623,761
13309,1242584.94299192,1091751.79766771,-1.32310129742112,-0.40803029003905,-0.881063729502511,-0.742949891443781,0.777166558707034,-0.709047764041815,0.932454613759106,0.916807431633865,-0.917342683631353,2016,-0.784250039975654,-0.814704943039141,-0.668931946501424,0.797143676000096,0.932454613759106,-0.955978038794088,0.897904310788652,-0.880099389869608,-0.538851257445464,0.105657178997326,-0.0740179449423567,-0.0199771172930621,0,0.0386353551627345,0.0189031208452126,-0.000964339632902544,762
13309,1242584.94299192,1091751.79766771,-0.919987953054635,-0.407885161614747,-0.879011665489218,-0.617730003625814,0.789035739544926,-0.793131380826243,0.932454613759106,1.18434108256297,-0.773802091281894,2017,-0.784250039975654,-0.814704943039141,-0.668931946501424,0.797143676000096,0.932454613759106,-0.955978038794088,0.897904310788652,-0.880099389869608,-0.13573791307898,0.0215735622128984,0.0512019428756102,-0.00810793645517005,0,0.182175947512194,0.286436771774321,0.0010877243803904,763
13309,1242584.94299192,1091751.79766771,-0.267669610365614,-0.407979495090544,-0.880344919132254,-0.529729741507853,0.808011666212988,-0.86167387455038,0.932454613759106,0.823816711710168,-1.25559375409254,2018,-0.784250039975654,-0.814704943039141,-0.668931946501424,0.797143676000096,0.932454613759106,-0.955978038794088,0.897904310788652,-0.880099389869608,0.51658042961004,-0.0469689315112395,0.139202204993571,0.0108679902128923,0,-0.299615715298449,-0.0740875990784842,-0.000245529262645205,764
13309,1242584.94299192,1091751.79766771,-0.179236167453905,-0.40805931572391,-0.881474763150088,-0.477824744541479,0.855128219465556,-1.00817741348977,0.932454613759106,0.6713163983659,-0.662120678487414,2019,-0.784250039975654,-0.814704943039141,-0.668931946501424,0.797143676000096,0.932454613759106,-0.955978038794088,0.897904310788652,-0.880099389869608,0.605013872521749,-0.193472470450625,0.191107201959945,0.0579845434654603,0,0.293857360306674,-0.226587912422752,-0.0013753732804791,765
13311,1111112.86167631,1358963.33093287,0.221061340548279,-0.263925021127489,0.315732276444933,0.832966340539206,-1.4574237673108,-0.495541781865724,0.932454613759106,-0.303453478226647,-0.571492815420732,2015,0.170271849880962,-0.473337087897868,1.09115784264662,-1.49706341858911,0.932454613759106,-0.0572284921358887,-0.720727725074874,0.338123432787167,0.0507894906673168,-0.0222046939678563,-0.258191502107413,0.039639651278315,0,-0.514264323284844,0.417274246848227,-0.0223911563422347,766
13311,1111112.86167631,1358963.33093287,0.242301797690229,-0.261392530123404,0.325901763242287,0.898338228773226,-1.47207990545068,-0.428722451930994,0.932454613759106,-0.261334262745138,-0.275139703192684,2016,0.170271849880962,-0.473337087897868,1.09115784264662,-1.49706341858911,0.932454613759106,-0.0572284921358887,-0.720727725074874,0.338123432787167,0.0720299478092667,0.0446146359668743,-0.192819613873392,0.0249835131384266,0,-0.217911211056795,0.459393462329735,-0.01222166954488,767
13311,1111112.86167631,1358963.33093287,0.107806281386066,-0.258714910695016,0.336517761002422,1.07243531003286,-1.49564176973082,-0.472069747440808,0.932454613759106,-0.485542080010546,-0.225642947210111,2017,0.170271849880962,-0.473337087897868,1.09115784264662,-1.49706341858911,0.932454613759106,-0.0572284921358887,-0.720727725074874,0.338123432787167,-0.0624655684948963,0.00126734045706045,-0.0187225326137572,0.00142164885828677,0,-0.168414455074223,0.235185645064328,-0.00160567178474541,768
13311,1111112.86167631,1358963.33093287,0.116019406098121,-0.25567447020587,0.348406903610438,1.25855449508098,-1.53055958708024,-0.431642476452344,0.932454613759106,-1.0642378854411,0.220873562745347,2018,0.170271849880962,-0.473337087897868,1.09115784264662,-1.49706341858911,0.932454613759106,-0.0572284921358887,-0.720727725074874,0.338123432787167,-0.0542524437828415,0.0416946114455242,0.16739665243436,-0.0334961684911252,0,0.278102054881235,-0.343510160366224,0.0102834708232704,769
13311,1111112.86167631,1358963.33093287,0.164170423682117,-0.251603617904174,0.364058459635757,1.39349483880682,-1.52961206337301,-0.538708981799471,0.932454613759106,-1.48907091895094,0.565259442398737,2019,0.170271849880962,-0.473337087897868,1.09115784264662,-1.49706341858911,0.932454613759106,-0.0572284921358887,-0.720727725074874,0.338123432787167,-0.00610142619884574,-0.0653718939016026,0.302336996160203,-0.0325486447839027,0,0.622487934534625,-0.768343193876065,0.0259350268485896,770
13313,998927.766357708,1363094.14951363,-0.444459875625619,0.28513209011644,1.2371265451056,-0.88867192704866,-1.38611298461577,3.1115600703938,-1.06918022208073,-0.330065129501147,-0.129437984877788,2015,-0.392159480614401,3.16744602447908,-0.71878902193828,-1.39008355666509,-1.06706241659408,0.115912554565965,-0.409142765147192,1.24007693011516,-0.0523003950112185,-0.0558859540852814,-0.16988290511038,0.00397057204932127,-0.00211780548664509,-0.245350539443753,0.0790776356460453,-0.00295038500955802,771
13313,998927.766357708,1363094.14951363,-0.509227390704202,0.286561605095824,1.23867674585646,-0.801981987086694,-1.3950476879629,3.12014635115841,-1.06870057111888,-0.212077818391308,-0.00472010254986986,2016,-0.392159480614401,3.16744602447908,-0.71878902193828,-1.39008355666509,-1.06706241659408,0.115912554565965,-0.409142765147192,1.24007693011516,-0.117067910089801,-0.047299673320671,-0.0831929651484142,-0.00496413129781192,-0.00163815452479366,-0.120632657115835,0.197064946755884,-0.00140018425869304,772
13313,998927.766357708,1363094.14951363,-0.41620958887415,0.288811095672519,1.24111019208732,-0.71421535580041,-1.3880924607355,3.22993267224715,-1.06620413864522,-0.27352467421613,0.0999202224217371,2017,-0.392159480614401,3.16744602447908,-0.71878902193828,-1.39008355666509,-1.06706241659408,0.115912554565965,-0.409142765147192,1.24007693011516,-0.0240501082597498,0.0624866477680674,0.00457366613787002,0.00199109592959257,0.000858277948862618,-0.0159923321442283,0.135618090931062,0.00103326197216735,773
13313,998927.766357708,1363094.14951363,-0.267303302643588,0.287983863653992,1.2402161564506,-0.622664418219805,-1.38746273095394,3.17421954781394,-1.06630956846668,-0.47946146981907,0.250362475112428,2018,-0.392159480614401,3.16744602447908,-0.71878902193828,-1.39008355666509,-1.06706241659408,0.115912554565965,-0.409142765147192,1.24007693011516,0.124856177970813,0.00677352333485981,0.096124603718475,0.00262082571115729,0.000752848127405725,0.134449920546463,-0.0703187046718781,0.00013922633544472,774
13313,998927.766357708,1363094.14951363,-0.323597245224444,0.290799355085468,1.2432550110758,-0.566411421535831,-1.39370191905735,3.2013714807821,-1.06491758265891,-0.750584733808306,0.363438162723319,2019,-0.392159480614401,3.16744602447908,-0.71878902193828,-1.39008355666509,-1.06706241659408,0.115912554565965,-0.409142765147192,1.24007693011516,0.0685622353899567,0.0339254563030242,0.152377600402449,-0.00361836239225943,0.00214483393517062,0.247525608157354,-0.341441968661113,0.00317808096063898,775
13315,1178852.17414809,1066823.10660419,-0.960545659702214,-0.400483611975299,-0.977107216765205,-0.195424370678368,0.531220713242466,-0.551034798135562,0.932454613759106,0.286671537638744,-1.00051117643024,2015,-0.826279294759376,-0.45768335939617,0.00178397234353721,0.431757708876116,0.932454613759106,-0.830813988524919,0.190689989732721,-0.98511582664719,-0.134266364942838,-0.0933514387393914,-0.197208343021906,0.0994630043663504,0,-0.16969718790532,0.0959815479060225,0.00800860988198493,776
13315,1178852.17414809,1066823.10660419,-0.81805088579652,-0.401122177042232,-0.98513919584302,-0.0144940345503706,0.422504678733276,-0.512634814903346,0.932454613759106,-0.0316875874289301,-0.864708809311857,2016,-0.826279294759376,-0.45768335939617,0.00178397234353721,0.431757708876116,0.932454613759106,-0.830813988524919,0.190689989732721,-0.98511582664719,0.00822840896285593,-0.0549514555071752,-0.0162780068939078,-0.00925303014284018,0,-0.033894820786939,-0.222377577161652,-2.33691958297921e-05,777
13315,1178852.17414809,1066823.10660419,-0.814947655302922,-0.40103509998765,-0.984039253013632,0.0384855677925208,0.405055919530599,-0.559535272388263,0.932454613759106,0.110078562951893,-0.792833942525897,2017,-0.826279294759376,-0.45768335939617,0.00178397234353721,0.431757708876116,0.932454613759106,-0.830813988524919,0.190689989732721,-0.98511582664719,0.0113316394564537,-0.101851912992093,0.0367015954489836,-0.0267017893455163,0,0.0379800459990216,-0.0806114267808286,0.00107657363355762,778
13315,1178852.17414809,1066823.10660419,-0.824903279904095,-0.401397921048407,-0.988632175718635,0.0601027409623797,0.394601240355177,-0.420021293025582,0.932454613759106,0.133082350950197,-0.781610030253792,2018,-0.826279294759376,-0.45768335939617,0.00178397234353721,0.431757708876116,0.932454613759106,-0.830813988524919,0.190689989732721,-0.98511582664719,0.00137601485528149,0.0376620663705885,0.0583187686188424,-0.0371564685209385,0,0.049203958271126,-0.0576076387825246,-0.00351634907144516,779
13315,1178852.17414809,1066823.10660419,-0.71294899309113,-0.40155756231514,-0.990661291895457,0.120249958191525,0.40540599251906,-0.2451906185281,0.932454613759106,0.455305084551704,-0.714405984102807,2019,-0.826279294759376,-0.45768335939617,0.00178397234353721,0.431757708876116,0.932454613759106,-0.830813988524919,0.190689989732721,-0.98511582664719,0.113330301668247,0.212492740868071,0.118465985847987,-0.0263517163570554,0,0.116408004422111,0.264615094818982,-0.00554546524826738,780
13317,1215017.44455796,1275488.62831647,-0.383070466823883,-0.393089318757066,-1.0651848032696,1.10931158714101,0.796414889024125,-0.317189241845048,0.932454613759106,1.07776325385184,-0.7639724538262,2015,-0.716936349859595,-0.21891159372106,1.37973652590241,0.808638465180184,0.932454613759106,-0.564089216145593,0.693470231789995,-1.07186083678808,0.333865883035713,-0.0982776481239878,-0.270424938761403,-0.0122235761560585,0,-0.199883237680607,0.384293022061846,0.00667603351848012,781
13317,1215017.44455796,1275488.62831647,-0.701205376839841,-0.393575498978481,-1.07066778360111,1.23226966994156,0.8321627582673,-0.24322085456486,0.932454613759106,0.820353303890377,-0.655567586850285,2016,-0.716936349859595,-0.21891159372106,1.37973652590241,0.808638465180184,0.932454613759106,-0.564089216145593,0.693470231789995,-1.07186083678808,0.0157309730197543,-0.0243092608437998,-0.14746685596085,0.023524293087116,0,-0.091478370704692,0.126883072100381,0.00119305318696172,782
13317,1215017.44455796,1275488.62831647,-0.749706345099639,-0.393713370981569,-1.07222939682722,1.41257493637958,0.801828117549291,-0.101145517149545,0.932454613759106,0.790411194632067,-0.664978941861055,2017,-0.716936349859595,-0.21891159372106,1.37973652590241,0.808638465180184,0.932454613759106,-0.564089216145593,0.693470231789995,-1.07186083678808,-0.0327699952400439,0.117766076571515,0.0328384104771713,-0.00681034763089283,0,-0.100889725715463,0.0969409628420719,-0.000368560039139876,783
13317,1215017.44455796,1275488.62831647,-0.944616490751147,-0.393865755827087,-1.07395887930673,1.56377928297401,0.802930093367254,-0.115273278911622,0.932454613759106,0.406816369904985,-0.474869570643486,2018,-0.716936349859595,-0.21891159372106,1.37973652590241,0.808638465180184,0.932454613759106,-0.564089216145593,0.693470231789995,-1.07186083678808,-0.227680140891552,0.103638314809438,0.1840427570716,-0.00570837181293016,0,0.089219645502107,-0.28665386188501,-0.0020980425186512,784
13317,1215017.44455796,1275488.62831647,-0.806083069783466,-0.394156012675693,-1.07726332093573,1.58074715307589,0.80985646769295,-0.317729076134225,0.932454613759106,0.372007036670707,-0.261057527546938,2019,-0.716936349859595,-0.21891159372106,1.37973652590241,0.808638465180184,0.932454613759106,-0.564089216145593,0.693470231789995,-1.07186083678808,-0.0891467199238712,-0.0988174824131648,0.201010627173482,0.0012180025127656,0,0.303031688598655,-0.321463195119288,-0.00540248414765077,785
13319,1190750.36754935,1161734.1485159,-1.09909410206163,-0.397479453592229,-1.07710664959003,0.276609265351258,0.537850926063074,-0.731363958569481,0.932454613759106,-0.493391245729207,-0.61638846450915,2015,-0.91029762729788,-0.735340409203619,0.430281307486983,0.576871228767193,0.932454613759106,-0.522567712112888,0.139127103434121,-1.0947010946549,-0.188796474763745,0.00397645063413798,-0.153672042135726,-0.0390203027041187,0,-0.0938207523962616,-0.632518349163328,0.017594445064864,786
13319,1190750.36754935,1161734.1485159,-0.950502329533279,-0.39801642876215,-1.08355664475751,0.387060493178939,0.56410045727501,-0.880687852610415,0.932454613759106,-0.0427379746250506,-0.477867261498768,2016,-0.91029762729788,-0.735340409203619,0.430281307486983,0.576871228767193,0.932454613759106,-0.522567712112888,0.139127103434121,-1.0947010946549,-0.040204702235399,-0.145347443406796,-0.0432208143080443,-0.0127707714921838,0,0.0447004506141201,-0.181865078059171,0.0111444498973892,787
13319,1190750.36754935,1161734.1485159,-0.98889574040989,-0.399213738262649,-1.09812491198409,0.38276095661288,0.557976736084356,-0.745302404356293,0.932454613759106,0.327826403953007,-0.479122108833538,2017,-0.91029762729788,-0.735340409203619,0.430281307486983,0.576871228767193,0.932454613759106,-0.522567712112888,0.139127103434121,-1.0947010946549,-0.0785981131120101,-0.00996199515267393,-0.047520350874103,-0.0188944926828374,0,0.0434456032793507,0.188699300518886,-0.00342381732919206,788
13319,1190750.36754935,1161734.1485159,-0.785127157285062,-0.399714431326494,-1.10429518223846,0.492041955417482,0.622086267731254,-0.68261186972849,0.932454613759106,0.56997572408929,-0.57121396045745,2018,-0.91029762729788,-0.735340409203619,0.430281307486983,0.576871228767193,0.932454613759106,-0.522567712112888,0.139127103434121,-1.0947010946549,0.125170470012818,0.0527285394751292,0.0617606479304987,0.0452150389640608,0,-0.0486462483445619,0.430848620655169,-0.00959408758356495,789
13319,1190750.36754935,1161734.1485159,-0.727868807199544,-0.400207867969124,-1.11042208470439,0.612933866874358,0.602341756682272,-0.636735960753416,0.932454613759106,0.333962609482565,-0.468246765265536,2019,-0.91029762729788,-0.735340409203619,0.430281307486983,0.576871228767193,0.932454613759106,-0.522567712112888,0.139127103434121,-1.0947010946549,0.182428820098336,0.0986044484502032,0.182652559387374,0.0254705279150789,0,0.0543209468473525,0.194835506048444,-0.0157209900494957,790
13321,1145803.55166733,1015156.7104632,-0.798049640968539,-0.312071375889975,-0.610728859795487,0.031897763166376,0.0756373145360336,-0.621397401290258,-1.08572154937657,0.0160572833541295,-0.64971163262136,2015,-0.768004977881266,-0.705706101396721,0.332327144179125,0.0199860508683672,-1.08016005403271,-0.271110248973257,-0.129790013608653,-0.623802666583566,-0.0300446630872729,0.0843087001064632,-0.300429381012749,0.0556512636676665,-0.00556149534386785,-0.378601383648103,0.145847296962783,0.0130738067880795,791
13321,1145803.55166733,1015156.7104632,-0.757876922013884,-0.313290454654119,-0.617225613255645,0.182164337326804,0.0585308664185879,-0.679875053499954,-1.08574680452705,-0.383855316802544,-0.522484055623904,2016,-0.768004977881266,-0.705706101396721,0.332327144179125,0.0199860508683672,-1.08016005403271,-0.271110248973257,-0.129790013608653,-0.623802666583566,0.0101280558673821,0.0258310478967674,-0.150162806852321,0.0385448155502207,-0.00558675049434676,-0.251373806650647,-0.25406530319389,0.00657705332792125,792
13321,1145803.55166733,1015156.7104632,-0.723209929580929,-0.31458935405163,-0.624205222873004,0.359601705128246,-0.00826481106825734,-0.772022288351587,-1.0859626116276,0.0646587064064843,-0.211281916601083,2017,-0.768004977881266,-0.705706101396721,0.332327144179125,0.0199860508683672,-1.08016005403271,-0.271110248973257,-0.129790013608653,-0.623802666583566,0.0447950483003364,-0.0663161869548659,0.0272745609491214,-0.0282508619366245,-0.00580255759489146,0.0598283323721739,0.194448720015138,-0.000402556289437306,793
13321,1145803.55166733,1015156.7104632,-0.804266734019342,-0.315699586497547,-0.630218791750406,0.469879419394012,-0.00656889397458435,-0.761074021337881,-1.06970603474681,-0.0428299834114942,0.0213528365170062,2018,-0.768004977881266,-0.705706101396721,0.332327144179125,0.0199860508683672,-1.08016005403271,-0.271110248973257,-0.129790013608653,-0.623802666583566,-0.0362617561380758,-0.0553679199411595,0.137552275214887,-0.0265549448429515,0.010454019285892,0.292463085490263,0.0869600301971592,-0.0064161251668402,794
13321,1145803.55166733,1015156.7104632,-0.756621662823635,-0.316875126734401,-0.63663484524329,0.618092495880185,-0.019404221569944,-0.694161742503926,-1.07366326988549,-0.302980757589843,0.00657352346305508,2019,-0.768004977881266,-0.705706101396721,0.332327144179125,0.0199860508683672,-1.08016005403271,-0.271110248973257,-0.129790013608653,-0.623802666583566,0.0113833150576305,0.0115443588927947,0.28576535170106,-0.0393902724383112,0.00649678414721433,0.277683772436312,-0.17319074398119,-0.0128321786597234,795
