"i","j","id","sc","bx1","bx2","bx3","year","eventid","x1","x2","x3","x4","error","y","ratio"
1,1,1,1.01685340540722,1.01466369628906,1.03333333333333,1.5,2,901,0.441927931303549,-0.0351030788584735,0.227604700507917,0.101902272109624,-0.262773581973471,1.50762192097838,1.48263448099937
1,2,2,2.06817317241739,1.02838134765625,1.05,1.5,2,902,-0.124578123478664,1.0849641915974,-0.257780872711165,-0.105137231647379,0.877006341568691,3.56960678758513,1.72597093666619
1,3,3,3.15512754226943,1.04115295410156,1.06666666666667,1.5,2,903,-0.531098041476894,0.11474530620841,0.12897283304523,0.0748428129447249,-0.098309747778009,2.81971774254701,0.893693742890292
1,4,4,4.27892435387168,1.052978515625,1.08333333333333,1.5,2,904,0.695893046055957,-0.651575154225163,0.144342755928073,0.705001507308195,-0.0856082402816622,4.43671759040796,1.03687684648912
1,5,5,5.44081238596938,1.06385803222656,1.1,1.5,2,905,0.155748799127902,0.0425183300322907,0.471181302837181,0.472732054922051,-0.421085405003889,5.93896370921864,1.09155826150776
1,6,6,6.6420827448051,1.07379150390625,1.11666666666667,1.5,2,906,1.26062360844844,-0.162016983207557,-0.100697974506862,-0.275363130856188,-1.00689007457074,6.65687366426787,1.00222684962399
1,7,7,7.88407029881404,1.08277893066406,1.13333333333333,1.5,2,907,0.0144609647817811,-0.208044535695796,-0.0511334875072634,1.37914852299837,-0.39536287051126,7.19188141790277,0.912204121135831
1,8,8,9.16815516194857,1.0908203125,1.15,1.5,2,908,0.926516794871913,0.177914865648669,0.410536249758982,0.877946568368126,0.668573262424048,11.6677982342257,1.2726440628592
1,9,9,10.4957642272801,1.09791564941406,1.16666666666667,1.5,2,909,0.781000027001489,0.517369126938457,0.257794504558464,0.474428647098901,0.0607774196502774,12.4043028703673,1.18183894014375
1,10,10,11.8683727525827,1.10406494140625,1.18333333333333,1.5,2,910,0.931118693739158,0.0766021923066459,0.672184877255,0.372658293094848,0.492577962383156,14.4878894644566,1.22071405798271
1,11,11,13.2875059996601,1.10926818847656,1.2,1.5,2,911,0.98461260061811,0.510977185938768,-0.0267084255928255,-0.035524642584505,0.29672898907885,15.2495444093151,1.14766039689504
1,12,12,14.7547409292381,1.113525390625,1.21666666666667,1.5,2,912,0.693224804894391,1.12956160172153,0.212728071333534,0.619118002061749,0.324692694394004,17.5447491010546,1.18909231854338
1,13,13,16.2717079533052,1.11683654785156,1.23333333333333,1.5,2,913,1.34378277690237,1.16226054654354,0.838037847100755,0.460293758092532,-0.0463679115320485,20.4166372041127,1.25473227903931
1,14,14,17.8400927468495,1.11920166015625,1.25,1.5,2,914,0.847380331421248,0.649299918232886,1.27661109751987,0.202904561326912,0.290625989788402,21.8056497544192,1.2222834300158
1,15,15,19.4616381210038,1.12062072753906,1.26666666666667,1.5,2,915,0.0764833436717793,0.707028412615738,1.26955328164464,1.16189883693142,-0.330462454678445,22.016783731669,1.13129139462868
1,16,16,21.1381459596826,1.12109375,1.28333333333333,1.5,2,916,0.60180491584775,1.74130341059922,1.21962133745762,1.08667102668332,-0.552457454458698,25.3244729515555,1.19804608218042
1,17,17,22.8714792218598,1.12062072753906,1.3,1.5,2,917,1.14075158989273,0.488008356224273,1.84550265839317,1.6595644298769,0.67244516829921,28.2249391174472,1.23406705983716
1,18,18,24.6635640117153,1.11920166015625,1.31666666666667,1.5,2,918,1.63147284739144,1.18265607133592,1.56569321414222,1.62332852514969,0.0457978648111143,30.441012644299,1.23425035529494
1,19,19,26.5163917189489,1.11683654785156,1.33333333333333,1.5,2,919,1.04677031805477,1.82392138276601,1.50043485246625,2.07268149778669,0.682736923920856,33.0507474470002,1.24642703265625
1,20,20,28.4320212316403,1.113525390625,1.35,1.5,2,920,2.19952347796146,2.41325714826276,1.88464394446344,1.37436945017331,-0.844933357572172,36.1211761809039,1.27043996930851
1,21,21,30.4125812241143,1.10926818847656,1.36666666666667,1.5,2,921,1.24965726886662,1.00831007687015,1.2340948031853,1.45316094676897,0.542806949809373,35.5707592052764,1.16960671450906
1,22,22,32.4602725223537,1.10406494140625,1.38333333333333,1.5,2,922,1.5309423425663,1.19859939415901,1.85776944780302,1.23149775451277,-0.141955634223882,38.4532933228294,1.18462632426603
1,23,23,34.5773705495876,1.09791564941406,1.4,1.5,2,923,1.6763379860854,1.561110590976,1.26531051406866,1.38950916707921,-0.997416150936478,39.503952705751,1.14247995373443
1,24,24,36.766227854774,1.0908203125,1.41666666666667,1.5,2,924,0.960509256937663,1.4164533768187,2.5805334663758,2.69718580103194,-0.288439191938821,43.4029741540373,1.18051202656629
1,25,25,39.0292767267848,1.08277893066406,1.43333333333333,1.5,2,925,2.19978481121676,1.58066360836033,1.85675394279858,1.37179313101616,0.974989317002181,47.4368954422149,1.21541825574391
1,26,26,41.369031897199,1.07379150390625,1.45,1.5,2,926,2.34701658446504,1.71725187372477,1.43816688060123,1.3579624899077,0.504708686879895,49.0412125898073,1.18545710017274
1,27,27,43.7880933347085,1.06385803222656,1.46666666666667,1.5,2,927,1.86923796096077,2.90337957509184,2.35023279298715,2.01223521219114,0.10410043436401,53.6644368209322,1.22554860771696
1,28,28,46.2891491342386,1.052978515625,1.48333333333333,1.5,2,928,2.03449603248608,2.16063629126612,1.90531357950729,2.53483844443077,0.136501703608138,54.6308456514846,1.18020846512117
1,29,29,48.8749785039976,1.04115295410156,1.5,1.5,2,929,2.53644994499468,1.70086211453006,2.35648998878135,2.76856426548901,0.171311790890606,57.7731508030173,1.18205987135712
1,30,30,51.5484548537714,1.02838134765625,1.51666666666667,1.5,2,930,3.00639329438138,3.20599254912065,2.38305973063412,2.07872294018908,0.289543216520711,63.3667284867369,1.22926533232646
2,1,31,1.01685340540722,1.02838134765625,1.05,1.5,2,931,-0.254276625472932,0.559915184177717,-0.460721503649474,0.040086648588762,-0.196594476606739,0.455594277931539,0.448043223840201
2,2,32,2.06817317241739,1.054931640625,1.06666666666667,1.5,2,932,0.163789638557864,0.219282454937161,0.26612092555565,0.235124355704658,-0.180425771391625,2.69361694674677,1.3024136386018
2,3,33,3.15512754226943,1.07965087890625,1.08333333333333,1.5,2,933,-0.181930363296906,-0.675246637827208,0.760225145406665,0.0974275994745089,0.197148973290864,3.56467576605758,1.12980401530569
2,4,34,4.27892435387168,1.1025390625,1.1,1.5,2,934,0.349236552683634,0.195020108057049,0.126403079359943,0.0364365128279247,-0.0698990588539964,4.9981989743069,1.16809706387644
2,5,35,5.44081238596938,1.12359619140625,1.11666666666667,1.5,2,935,0.622736026295865,0.475511779092951,0.33012908879274,0.0406297180832179,0.108840593370428,7.27553859324687,1.33721548862976
2,6,36,6.6420827448051,1.142822265625,1.13333333333333,1.5,2,936,0.396070460151598,-0.617272314969715,-0.208178318321567,-0.0925533495667182,-0.794429703489168,5.28844841415215,0.796203332198527
2,7,37,7.88407029881404,1.16021728515625,1.15,1.5,2,937,0.337326153949196,0.787040549841726,-0.207461560770672,0.537938828213907,-1.05570659649627,7.81363962802688,0.99106671197519
2,8,38,9.16815516194857,1.17578125,1.16666666666667,1.5,2,938,0.564246029189793,0.348398820105496,-0.358038298249045,0.271724615505385,-0.0514662476794776,9.64952665852691,1.05250472838595
2,9,39,10.4957642272801,1.18951416015625,1.18333333333333,1.5,2,939,0.469193923715031,0.675560504524843,1.16134494282206,0.0946990659480935,-0.373595699265941,13.2217120220533,1.25971884807473
2,10,40,11.8683727525827,1.201416015625,1.2,1.5,2,940,0.181633123765305,0.170593952690359,0.093550720482008,1.07491855335361,0.148771166674182,12.5803996870679,1.05999364439664
2,11,41,13.2875059996601,1.21148681640625,1.21666666666667,1.5,2,941,-0.539373536735785,0.690124506055456,0.235442086988065,0.0902583726325485,0.348483488746231,14.1753601723821,1.06681872224514
2,12,42,14.7547409292381,1.2197265625,1.23333333333333,1.5,2,942,0.306986058583946,1.46553637148524,0.577617678974019,0.633146102339914,0.128576657179511,17.9316780130158,1.2153163582481
2,13,43,16.2717079533052,1.22613525390625,1.25,1.5,2,943,0.832779984503256,1.08492762002652,0.782175613479894,0.801283381796308,0.208163338784565,20.0303951350897,1.23099524601663
2,14,44,17.8400927468495,1.230712890625,1.26666666666667,1.5,2,944,1.67519861050892,0.820829094704254,1.30610322800592,1.3666329274328,-0.688011160863688,22.2126418055971,1.24509676719701
2,15,45,19.4616381210038,1.23345947265625,1.28333333333333,1.5,2,945,1.0290857377614,0.654018936340916,1.25371708849242,0.562438706253412,-0.758533873859625,22.6923397329376,1.1660035805746
2,16,46,21.1381459596826,1.234375,1.3,1.5,2,946,1.05961794940043,1.82113425877018,0.72162137416771,1.79659480275624,0.481211708318483,26.377230171945,1.24784975097887
2,17,47,22.8714792218598,1.23345947265625,1.31666666666667,1.5,2,947,1.52593107819574,0.71853594979626,1.18567144861449,2.1111870397379,-0.63874838745814,26.8394844842429,1.17349141364633
2,18,48,24.6635640117153,1.230712890625,1.33333333333333,1.5,2,948,0.14406110366726,1.84106384685331,1.48233985089292,0.795643389953432,-0.775876802380877,28.7432466387991,1.16541334517371
2,19,49,26.5163917189489,1.22613525390625,1.35,1.5,2,949,1.66830704549593,1.13117076305395,1.9022152451065,1.70553790317399,-0.477372318495108,32.4649928810591,1.2243367508355
2,20,50,28.4320212316403,1.2197265625,1.36666666666667,1.5,2,950,2.53306389466875,1.52920128172622,0.751908049088672,1.51477404199408,-0.301358335925562,34.4380787045441,1.21124271904454
2,21,51,30.4125812241143,1.21148681640625,1.38333333333333,1.5,2,951,1.66603429123388,1.6303337143551,1.46173267215972,1.58002494480252,-0.953464817017022,35.925388966372,1.18126734135564
2,22,52,32.4602725223537,1.201416015625,1.4,1.5,2,952,1.33396667135417,1.53036689979237,1.75273028968837,1.89117398949803,-0.671533900033307,38.1629966398371,1.17568318668786
2,23,53,34.5773705495876,1.18951416015625,1.41666666666667,1.5,2,953,1.1143546581962,1.72300209375853,2.20157574402469,2.5637760215827,-0.39914315343722,41.2470512903725,1.19289149622352
2,24,54,36.766227854774,1.17578125,1.43333333333333,1.5,2,954,1.27059107872818,1.17537464445393,1.42206256526903,2.58514127507545,-0.175683122891565,41.9022794036225,1.13969481909147
2,25,55,39.0292767267848,1.16021728515625,1.45,1.5,2,955,1.83591367661897,1.61573680767743,1.21089725966836,1.66408147858012,-0.606143318254086,44.7123564508336,1.14561068512317
2,26,56,41.369031897199,1.142822265625,1.46666666666667,1.5,2,956,1.54105555410679,1.26925384557665,1.31939895799818,2.20526064901369,0.325300928714714,47.2961561695551,1.14327442534998
2,27,57,43.7880933347085,1.12359619140625,1.48333333333333,1.5,2,957,1.5870923485526,2.18158830718564,2.67508035411996,1.65957138545303,0.244395690849511,53.0643831306403,1.21184502656979
2,28,58,46.2891491342386,1.1025390625,1.5,1.5,2,958,3.22541871612508,1.32611118850359,2.15315668162068,2.97374588596577,-0.299844763374607,54.7643563034969,1.18309274047531
2,29,59,48.8749785039976,1.07965087890625,1.51666666666667,1.5,2,959,2.53896687876027,1.97050865473913,2.05649247879764,2.74995616036677,1.07347159446885,58.7629914318514,1.20231237394907
2,30,60,51.5484548537714,1.054931640625,1.53333333333333,1.5,2,960,3.29578414981785,1.95211450078464,2.45245122505939,2.5982274572273,-0.088605570191254,61.6085953360189,1.19515891428337
3,1,61,1.01685340540722,1.04115295410156,1.06666666666667,1.5,2,961,0.878816831539776,-0.0439055757579719,0.224882458706517,-0.859587692782429,0.876424341349044,3.09875156094602,3.04739261772453
3,2,62,2.06817317241739,1.07965087890625,1.08333333333333,1.5,2,962,0.296789573107857,1.17682132974435,-0.259682542634955,-0.387271371196762,0.459457041291788,3.73342529710257,1.80518021744704
3,3,63,3.15512754226943,1.11549377441406,1.1,1.5,2,963,0.0438611786018575,-0.0228965961057388,0.08048286873115,0.895150077476819,0.0774823718739349,3.37707483319261,1.07034495054471
3,4,64,4.27892435387168,1.148681640625,1.11666666666667,1.5,2,964,-0.0917263305274219,0.668624724095432,1.3115835560037,-0.185154779137333,0.721873852457635,7.60944013040267,1.77835350688485
3,5,65,5.44081238596938,1.17921447753906,1.13333333333333,1.5,2,965,-0.0834752174777598,0.447848396090148,-0.566073841476061,0.260275921857508,-0.577489868686582,4.42333808567204,0.812992209964605
3,6,66,6.6420827448051,1.20709228515625,1.15,1.5,2,966,0.722596494176062,-0.593219452786671,0.189123254244616,0.597327213132521,0.22342919734659,7.33923510621482,1.10495990311999
3,7,67,7.88407029881404,1.23231506347656,1.16666666666667,1.5,2,967,1.07978716782118,0.06785864693014,0.679378570527494,1.05843674894176,-0.803165063412972,9.50977950486555,1.2062017643724
3,8,68,9.16815516194857,1.2548828125,1.18333333333333,1.5,2,968,0.468394987213844,0.978211608107585,0.513868547864077,-0.895138291102987,0.0416152540496542,11.7259044596375,1.27898189466781
3,9,69,10.4957642272801,1.27479553222656,1.2,1.5,2,969,0.373917265088597,1.12972851235322,0.686938572633663,0.612143126677202,-0.697649325562583,12.6608650344492,1.20628329298229
3,10,70,11.8683727525827,1.29205322265625,1.21666666666667,1.5,2,970,1.87216134393941,0.0195650847053371,0.760259072470923,-0.282625811031574,0.0575959480816357,15.5090935935316,1.30675821503471
3,11,71,13.2875059996601,1.30665588378906,1.23333333333333,1.5,2,971,0.881012341308481,-0.194529710946784,0.89352185759941,0.967444853349571,-0.654517874700792,14.8845308939856,1.12018996600011
3,12,72,14.7547409292381,1.318603515625,1.25,1.5,2,972,1.24696502435759,1.12548492320558,0.543922618024427,0.105341648515982,-0.132127469520932,18.4896060057401,1.2531298309075
3,13,73,16.2717079533052,1.32789611816406,1.26666666666667,1.5,2,973,-0.0309868900735111,0.197764859397631,1.07957536667848,-0.0754987751723097,-0.153631797855556,17.9467939896618,1.10294469647338
3,14,74,17.8400927468495,1.33453369140625,1.28333333333333,1.5,2,974,-0.0376325305840354,1.69772935453432,1.99216427328529,1.46646845492606,-0.278937066935088,22.6779328815374,1.27117796994314
3,15,75,19.4616381210038,1.33851623535156,1.3,1.5,2,975,1.56201911189398,1.23092399877857,0.705054404370641,1.31838654849747,-0.332185627256973,23.8780232399145,1.22692771756681
3,16,76,21.1381459596826,1.33984375,1.31666666666667,1.5,2,976,0.652101642795786,1.11905082017527,1.65099273790924,1.05554155654473,-0.118334663233884,25.843431627008,1.22259689550351
3,17,77,22.8714792218598,1.33851623535156,1.33333333333333,1.5,2,977,0.478181699016785,2.39218361895598,1.51241480801057,0.455949290268991,-0.141651244972362,28.8280823150932,1.26043803443812
3,18,78,24.6635640117153,1.33453369140625,1.35,1.5,2,978,1.78301978225062,1.31541377726806,-0.123939850469664,1.51281688203865,-0.36501796112243,28.2679448460575,1.14614192955366
3,19,79,26.5163917189489,1.32789611816406,1.36666666666667,1.5,2,979,1.62315011841342,1.74886263962796,1.36266765368414,1.66343249263036,0.489354927532153,33.5952351426042,1.26696103673098
3,20,80,28.4320212316403,1.318603515625,1.38333333333333,1.5,2,980,1.80632308102254,1.22415654177221,1.3815001046764,0.264032880479793,-0.0405101575136539,34.5390017455837,1.21479234501792
3,21,81,30.4125812241143,1.30665588378906,1.4,1.5,2,981,1.68234904264415,1.55421712810937,0.556278051790202,1.51377938933135,-0.0887020935026862,35.5324514628079,1.16834711269539
3,22,82,32.4602725223537,1.29205322265625,1.41666666666667,1.5,2,982,1.6344122098178,1.50419936595671,0.563758533967519,2.47198312367665,0.284164475561666,37.8327714634824,1.16550997646212
3,23,83,34.5773705495876,1.27479553222656,1.43333333333333,1.5,2,983,2.55770903529996,1.70782580396074,1.04857474214996,2.20445631358553,0.0172895494296931,41.8759619155219,1.21107999972026
3,24,84,36.766227854774,1.2548828125,1.45,1.5,2,984,2.18182067473399,2.7401713487805,2.39073094961656,1.26174866731813,0.626970447739674,47.6904724473511,1.29712715255227
3,25,85,39.0292767267848,1.23231506347656,1.46666666666667,1.5,2,985,2.4083473372684,3.11988396374356,1.82411752717421,2.44222613125612,-0.532530456474204,48.7765950763619,1.24974376076223
3,26,86,41.369031897199,1.20709228515625,1.48333333333333,1.5,2,986,2.24623828476406,2.07657511205437,1.03567409837688,2.15099469822713,-0.67334590928973,48.0408671225166,1.1612760782485
3,27,87,43.7880933347085,1.17921447753906,1.5,1.5,2,987,1.90614125939422,2.17523179978788,2.63751453365921,1.4616936725969,-0.199190593514805,53.0557716106765,1.21164836306362
3,28,88,46.2891491342386,1.148681640625,1.51666666666667,1.5,2,988,2.01025640247381,2.33804757518231,2.63211515440278,2.19393110514412,-1.0041800053392,55.088325305334,1.19009155138233
3,29,89,48.8749785039976,1.11549377441406,1.53333333333333,1.5,2,989,2.02309183087857,1.43883154217484,3.25103942627909,2.29215164532057,-0.245990963932973,57.9685013865644,1.18605681600091
3,30,90,51.5484548537714,1.07965087890625,1.55,1.5,2,990,2.0798252620838,1.53026278604831,3.11387931318992,2.35540998538029,-0.265912945971164,60.5707533681401,1.17502558592615
4,1,91,1.01685340540722,1.052978515625,1.08333333333333,1.5,2,991,-0.602670373065697,-0.117832081203775,-0.236472454206987,-0.173463234219944,0.808179743552246,0.708074091503017,0.696338417846427
4,2,92,2.06817317241739,1.1025390625,1.1,1.5,2,992,0.156377111191399,0.114791938529545,-0.450322726164623,0.237863716523099,-1.16664845323723,0.524723635885146,0.253713587857742
4,3,93,3.15512754226943,1.148681640625,1.11666666666667,1.5,2,993,0.582940360810486,0.0402345976731829,-0.0576348496003563,0.507073862707102,0.159570584381497,3.9427873763611,1.24964437207033
4,4,94,4.27892435387168,1.19140625,1.13333333333333,1.5,2,994,0.974227975911863,-0.715059206339567,0.687323730303394,0.479077834035438,0.208101417450483,5.86831223235199,1.37144565947799
4,5,95,5.44081238596938,1.230712890625,1.15,1.5,2,995,0.977355771414012,-0.205549114080129,1.03876497801014,0.245445238196036,0.631457258478968,8.59687997687737,1.58007285806193
4,6,96,6.6420827448051,1.2666015625,1.16666666666667,1.5,2,996,-0.0630284491903935,0.324707754011898,-1.07440617068164,-0.300093488810751,1.13132532196235,6.46079259153237,0.97270582733789
4,7,97,7.88407029881404,1.299072265625,1.18333333333333,1.5,2,997,0.220864742788457,0.501138031016364,0.508072880275635,1.49985720375856,0.434097399412829,9.9602096171539,1.26333343560523
4,8,98,9.16815516194857,1.328125,1.2,1.5,2,998,0.597639566507957,0.246712931505608,0.756556129614094,0.0849259661017273,0.553894464234199,11.946679387679,1.30306252202869
4,9,99,10.4957642272801,1.353759765625,1.21666666666667,1.5,2,999,0.316141692473669,1.66420375034291,0.466239892427989,0.816600615852418,-0.385083201027533,13.2628019979859,1.26363375841788
4,10,100,11.8683727525827,1.3759765625,1.23333333333333,1.5,2,1000,0.0474405667575829,1.01076938853878,0.767297220773496,1.06675064094794,-0.087572084602573,14.2436391863083,1.20013412817766
4,11,101,13.2875059996601,1.394775390625,1.25,1.5,2,1001,1.18075288015055,0.289869191694276,0.815073895729374,0.398815130126318,-0.146920268921313,16.3724181235943,1.23216637674618
4,12,102,14.7547409292381,1.41015625,1.26666666666667,1.5,2,1002,0.0148916009219809,0.963833295052657,0.860966847426214,0.615224478212216,-0.243501210312431,17.0445449812443,1.15519107133008
4,13,103,16.2717079533052,1.422119140625,1.28333333333333,1.5,2,1003,0.805548546985033,0.18476208214819,0.301879233987426,0.431673399021249,-0.551773914097854,17.5554502363154,1.07889413248407
4,14,104,17.8400927468495,1.4306640625,1.3,1.5,2,1004,0.629853422198419,0.628340461491245,0.774097701498484,0.468152720705057,-0.00162855877688734,20.7175619960408,1.16129228082065
4,15,105,19.4616381210038,1.435791015625,1.31666666666667,1.5,2,1005,1.47603620562623,0.857498916456608,0.483277447359093,1.24278417914752,-0.036392069030402,23.3984819857886,1.2022873840479
4,16,106,21.1381459596826,1.4375,1.33333333333333,1.5,2,1006,0.555201935374606,1.18924491340157,0.913651250723106,1.19030527734014,-0.418474922452269,24.4739105799514,1.15780781467926
4,17,107,22.8714792218598,1.435791015625,1.35,1.5,2,1007,1.26451397399859,1.06289230016346,0.312380995090648,0.317983511326799,0.491964700836117,27.082497823552,1.18411658296537
4,18,108,24.6635640117153,1.4306640625,1.36666666666667,1.5,2,1008,0.728675033863641,1.62995447407487,0.939886786045878,0.4275797893134,-0.353310473245472,28.9901773496306,1.17542530900482
4,19,109,26.5163917189489,1.422119140625,1.38333333333333,1.5,2,1009,1.35787813695205,1.4407212126189,1.63549041493674,1.29401162254077,-0.410923630675132,32.4827658773307,1.22500701534433
4,20,110,28.4320212316403,1.41015625,1.4,1.5,2,1010,2.01455826856063,1.45518564875696,1.00869402857765,0.775741013248568,0.709172050838626,35.5323361670051,1.24972951720588
4,21,111,30.4125812241143,1.394775390625,1.41666666666667,1.5,2,1011,0.893078205381866,2.18950022730008,1.340494706494,0.860942983766647,-0.220730723112841,36.5500280521877,1.20180617958225
4,22,112,32.4602725223537,1.3759765625,1.43333333333333,1.5,2,1012,1.51131694332094,1.77631290915346,1.65664512452767,1.37873177239303,0.150920242145192,39.7217456469291,1.22370339372767
4,23,113,34.5773705495876,1.353759765625,1.45,1.5,2,1013,1.81636013937266,1.69898579410704,1.7236522603857,1.84881131201065,0.179164661223428,42.2644582794125,1.22231556673174
4,24,114,36.766227854774,1.328125,1.46666666666667,1.5,2,1014,2.33635111487137,0.656630182215535,1.15437212106179,1.54818891377465,-0.540141493771736,42.0236684676163,1.14299646495172
4,25,115,39.0292767267848,1.299072265625,1.48333333333333,1.5,2,1015,2.08217531020564,2.3901949498141,2.03891207699254,1.29420130988547,0.117382361586636,48.4553792437417,1.24151363559571
4,26,116,41.369031897199,1.2666015625,1.5,1.5,2,1016,2.74198603321404,1.92352158867156,2.11460145988333,1.72922418958365,0.0750473333527656,50.9742675974062,1.23218420300663
4,27,117,43.7880933347085,1.230712890625,1.51666666666667,1.5,2,1017,2.21161171572646,2.81200676171577,2.54382457085861,1.74789836723232,1.04356800046504,55.6341341609989,1.27053109473713
4,28,118,46.2891491342386,1.19140625,1.53333333333333,1.5,2,1018,1.81994099965134,2.9301221884867,2.15795911781561,2.84225458174091,-0.304267572049312,55.8829633428749,1.2072583831864
4,29,119,48.8749785039976,1.148681640625,1.55,1.5,2,1019,2.50569551170707,2.93147957872731,2.38760261710313,2.4949592267519,-0.533694273594923,59.3447279343791,1.21421491632012
4,30,120,51.5484548537714,1.1025390625,1.56666666666667,1.5,2,1020,3.46513473603281,2.67460458454581,3.46441587864555,2.77997537373478,0.19658113176618,64.9523200559294,1.26002457765574
5,1,121,1.01685340540722,1.06385803222656,1.1,1.5,2,1021,-0.475639886060303,-0.422114993536849,0.317078794912075,-0.0632424021014435,-0.0767224407403806,0.44540935091184,0.438027102572829
5,2,122,2.06817317241739,1.12359619140625,1.11666666666667,1.5,2,1022,-0.239816562405726,0.852838232902203,-0.177636915756249,0.123046679312195,0.452656234915898,2.9372530842845,1.42021621953991
5,3,123,3.15512754226943,1.17921447753906,1.13333333333333,1.5,2,1023,0.170651583708928,0.611895898374166,0.861887235086043,0.391526341458173,0.401886006158085,5.74456123733851,1.82070650405674
5,4,124,4.27892435387168,1.230712890625,1.15,1.5,2,1024,0.537321880142592,0.954753148298545,0.0578995333494556,0.147197697199071,-0.631430736966675,5.49359800177887,1.28387359706608
5,5,125,5.44081238596938,1.27809143066406,1.16666666666667,1.5,2,1025,0.383040248125972,0.577827709944893,0.47683820467619,0.297263977429144,0.360283175318775,7.68004565530072,1.41156230181835
5,6,126,6.6420827448051,1.32135009765625,1.18333333333333,1.5,2,1026,0.776613500032149,-0.339598677540987,0.246424261052483,0.673506015490928,-0.434156353392511,7.20188267200978,1.08428078190422
5,7,127,7.88407029881404,1.36048889160156,1.2,1.5,2,1027,0.870984360227127,-0.279331932986333,0.485177157971235,1.21196199719348,0.166622909781567,9.62822517281656,1.22122518038238
5,8,128,9.16815516194857,1.3955078125,1.21666666666667,1.5,2,1028,0.638728274523483,0.0962467627032937,0.020815888493975,1.06489650422526,-0.33157135394395,9.87625816586342,1.07723505889754
5,9,129,10.4957642272801,1.42640686035156,1.23333333333333,1.5,2,1029,0.748490636800393,0.0556676076565892,0.798326319443414,0.649044439507157,-0.812228007431251,12.0173345943647,1.14496994541187
5,10,130,11.8683727525827,1.45318603515625,1.25,1.5,2,1030,1.94800477232061,0.966935671525203,1.07825501590712,0.181171363699672,-0.511532271383307,17.0137059260206,1.43353316252375
5,11,131,13.2875059996601,1.47584533691406,1.26666666666667,1.5,2,1031,0.530976931819619,0.555207764821915,0.800512143494379,1.23379863015882,0.661260532126742,16.6364377446378,1.25203614170058
5,12,132,14.7547409292381,1.494384765625,1.28333333333333,1.5,2,1032,1.25166617489542,1.56054916477479,0.650716820402095,0.679918207902369,-0.799715143780112,18.804276640934,1.27445657847311
5,13,133,16.2717079533052,1.50880432128906,1.3,1.5,2,1033,-0.574592450475854,1.62050813027772,-0.160829121481963,-0.00684570952456931,0.00445450752540438,17.2746317757107,1.06163605106996
5,14,134,17.8400927468495,1.51910400390625,1.31666666666667,1.5,2,1034,0.643715208429363,1.17275808580857,1.0875958051469,0.719670408867954,0.39978505459135,22.3932733393095,1.25522180052927
5,15,135,19.4616381210038,1.52528381347656,1.33333333333333,1.5,2,1035,1.41853222502891,0.0793673936672271,1.71011521698657,1.41971035652109,0.104777217300512,24.401075597072,1.25380378801399
5,16,136,21.1381459596826,1.52734375,1.35,1.5,2,1036,0.863264060263816,0.443057430708393,0.712441955222688,0.128898202193039,0.639724133157548,24.7631615241741,1.17149165169952
5,17,137,22.8714792218598,1.52528381347656,1.36666666666667,1.5,2,1037,1.68939537954362,1.33749290501409,1.05460962047628,1.61080827865975,0.792485323021745,29.6505933727618,1.29640033708108
5,18,138,24.6635640117153,1.51910400390625,1.38333333333333,1.5,2,1038,2.41896104776468,1.08497455709686,1.97432318249178,0.112053752066993,-0.537827747837156,32.262755921219,1.308114103294
5,19,139,26.5163917189489,1.50880432128906,1.4,1.5,2,1039,1.37225106514552,1.4688675238234,1.1963819878122,0.596533084916788,-0.195280535685542,32.2425570353195,1.2159481341603
5,20,140,28.4320212316403,1.494384765625,1.41666666666667,1.5,2,1040,1.83189786460604,2.57133079787572,1.62445693056447,1.66934077877011,-0.200665556459994,37.0483199623992,1.3030491100355
5,21,141,30.4125812241143,1.47584533691406,1.43333333333333,1.5,2,1041,1.87888210114629,1.39299729463026,2.33589698358046,0.952130067015027,-0.101454079335503,38.5845414633742,1.26870327707601
5,22,142,32.4602725223537,1.45318603515625,1.45,1.5,2,1042,1.54059524144428,1.13478309932264,0.433165721383367,2.16921430438298,0.14180377847773,37.1360318676193,1.14404559733889
5,23,143,34.5773705495876,1.42640686035156,1.46666666666667,1.5,2,1043,2.12792739235008,1.81700407114665,2.39409975412999,1.65882121528746,0.0862576333641288,43.9550073492733,1.27120734314476
5,24,144,36.766227854774,1.3955078125,1.48333333333333,1.5,2,1044,1.02526912461191,1.92358533943225,2.88764799096283,2.40971504635608,-0.081030168527063,45.3007589994933,1.23212963751491
5,25,145,39.0292767267848,1.36048889160156,1.5,1.5,2,1045,2.30669917099255,2.24033280091392,2.2119808622911,1.50696888180792,0.804568994600864,49.6505548145951,1.27213617516312
5,26,146,41.369031897199,1.32135009765625,1.51666666666667,1.5,2,1046,2.71035561486769,1.48270068912125,1.91244198015885,1.37577170743367,0.0631918717388087,50.1309781073986,1.2117996435588
5,27,147,43.7880933347085,1.27809143066406,1.53333333333333,1.5,2,1047,2.28846529694807,1.62002103622938,2.699980742056,1.89440194427186,0.474558315275548,53.7215229040212,1.22685229734447
5,28,148,46.2891491342386,1.230712890625,1.55,1.5,2,1048,3.39381448349789,2.81750589349734,2.9163018329564,2.20461828539642,0.626962221250977,59.8345094730758,1.29262495837967
5,29,149,48.8749785039976,1.17921447753906,1.56666666666667,1.5,2,1049,2.3619936725743,2.55973117613682,2.7525639413754,3.19988266820283,-0.503080707111249,59.2962863527858,1.21322378377999
5,30,150,51.5484548537714,1.12359619140625,1.58333333333333,1.5,2,1050,2.16285654901605,2.99887806377363,3.1326575898267,1.7448365556914,-0.271535067494377,63.1543071530244,1.22514452338437
6,1,151,1.01685340540722,1.07379150390625,1.11666666666667,1.5,2,1051,-0.156339231193427,0.710819339226173,-0.0548219624616229,-0.0406603330671822,0.267412122310279,1.82790510797822,1.79760927018403
6,2,152,2.06817317241739,1.142822265625,1.13333333333333,1.5,2,1052,0.868125427877062,-0.512447624862162,0.611447180374887,1.15699028401154,0.142751975811263,3.53943501228034,1.71138232498358
6,3,153,3.15512754226943,1.20709228515625,1.15,1.5,2,1053,-0.366180601417333,0.00579529522807415,-0.803980881265171,-0.521942624861089,-0.861693576720901,0.652113454218321,0.206683706278722
6,4,154,4.27892435387168,1.2666015625,1.16666666666667,1.5,2,1054,0.327924157770701,-0.447633461251662,0.943473632944401,-0.806962484620481,-0.537062785485181,5.05018223029003,1.18024573762808
6,5,155,5.44081238596938,1.32135009765625,1.18333333333333,1.5,2,1055,-0.105596780187407,0.130616831014594,0.81603401416963,0.524762040045782,-0.16923870364004,6.5106576378049,1.19663336574413
6,6,156,6.6420827448051,1.371337890625,1.2,1.5,2,1056,1.03891951524754,-0.216884299650399,0.204922494546831,0.0756824293189604,0.723716806807708,8.83763183042129,1.33055129994178
6,7,157,7.88407029881404,1.41656494140625,1.21666666666667,1.5,2,1057,0.996394709788633,-0.171520556313079,0.422201389128508,0.453140551288907,-0.0798832299669604,9.64026362271483,1.22275211373559
6,8,158,9.16815516194857,1.45703125,1.23333333333333,1.5,2,1058,0.741781308784514,0.823527649676586,0.565070970012137,0.154079819375298,-0.404251395022515,11.707992870777,1.27702822039594
6,9,159,10.4957642272801,1.49273681640625,1.25,1.5,2,1059,1.20369193906927,1.2737249223966,0.325048919490982,0.899238315939876,-0.423207279141453,13.949081753431,1.329020112435
6,10,160,11.8683727525827,1.523681640625,1.26666666666667,1.5,2,1060,0.493338517503907,0.617918396423517,0.311678734770122,0.228348470695333,-0.458688221841428,13.4115901101001,1.13002771228108
6,11,161,13.2875059996601,1.54986572265625,1.28333333333333,1.5,2,1061,1.05697928342673,0.332488702358887,0.0434729684797363,0.890717174210603,0.331402568361423,15.7489878163759,1.18524784235497
6,12,162,14.7547409292381,1.5712890625,1.3,1.5,2,1062,1.63347012166784,0.687678781171623,1.84639307264706,0.56206378018818,-0.0837819410627821,20.9011847487662,1.41657416073964
6,13,163,16.2717079533052,1.58795166015625,1.31666666666667,1.5,2,1063,0.640213783814601,1.12995716533982,1.12599644409531,1.95161139177838,0.152288087893958,20.6173961825696,1.26707019581073
6,14,164,17.8400927468495,1.599853515625,1.33333333333333,1.5,2,1064,1.08081227501883,1.4014899524325,0.88228396300662,1.08995759076772,-0.0182237293577263,22.7430895498312,1.27483023056859
6,15,165,19.4616381210038,1.60699462890625,1.35,1.5,2,1065,0.793279798793646,0.896023760703471,0.522918404897842,1.29073822728181,0.0880885577490027,22.8185327389305,1.17248777297445
6,16,166,21.1381459596826,1.609375,1.36666666666667,1.5,2,1066,1.34111364302326,0.132037347694332,1.54266216842493,2.17467142519648,-0.504481662480013,25.2864633609295,1.19624793059709
6,17,167,22.8714792218598,1.60699462890625,1.38333333333333,1.5,2,1067,2.00985756995462,0.869458103924013,1.15757819260433,1.34724885715438,-0.511291996764799,28.52913521088,1.247367296804
6,18,168,24.6635640117153,1.599853515625,1.4,1.5,2,1068,0.640758014628207,0.939292579527797,0.936607816303191,1.4202483407582,0.352199692156454,28.7608040020333,1.16612521971163
6,19,169,26.5163917189489,1.58795166015625,1.41666666666667,1.5,2,1069,1.40411949504966,1.01236021332028,1.29077302875922,1.72074234045635,0.116267489964075,32.232669604144,1.21557525419683
6,20,170,28.4320212316403,1.5712890625,1.43333333333333,1.5,2,1070,1.36050517663466,1.67286287559486,1.07405903587815,1.91928174907621,-0.445896823938588,34.1327299867255,1.20050311262223
6,21,171,30.4125812241143,1.54986572265625,1.45,1.5,2,1071,1.30077120170902,2.59547531661163,2.26201717357768,1.44793829027284,-0.267154563302408,39.3179123288125,1.29281733895172
6,22,172,32.4602725223537,1.523681640625,1.46666666666667,1.5,2,1072,1.71972792345419,2.10024547763066,1.07553777244518,1.34359559737997,-1.29318072599135,38.4810763527257,1.18548223297342
6,23,173,34.5773705495876,1.49273681640625,1.48333333333333,1.5,2,1073,1.28411832098692,0.912154410190507,1.8105755025179,0.735204861368117,0.832358454077089,41.3954719935831,1.19718391929825
6,24,174,36.766227854774,1.45703125,1.5,1.5,2,1074,2.69865220418785,1.00804822358177,1.07948900567968,2.38098369936771,-0.427968792051239,43.401585500998,1.1804742567672
6,25,175,39.0292767267848,1.41656494140625,1.51666666666667,1.5,2,1075,1.73660654908767,1.88448075514133,1.25119061813996,2.03531867208507,-0.4549328583886,45.7692748953579,1.1726908293934
6,26,176,41.369031897199,1.371337890625,1.53333333333333,1.5,2,1076,1.72443779993524,1.58624189613995,1.33077659731713,0.978188205500024,-0.568982846839112,47.5932384154941,1.15045569675795
6,27,177,43.7880933347085,1.32135009765625,1.55,1.5,2,1077,2.51818333912453,1.76431517484737,2.84117601553575,2.29254653901136,-0.648035424772903,53.4639122553212,1.22096917640721
6,28,178,46.2891491342386,1.2666015625,1.56666666666667,1.5,2,1078,1.93714752403497,2.61405467984643,1.7887367850747,1.27189379499604,0.0389201802077527,55.5601209045535,1.20028390980852
6,29,179,48.8749785039976,1.20709228515625,1.58333333333333,1.5,2,1079,2.12627895170331,2.67373674963046,3.46433044819668,3.04191237143222,0.510276539025616,61.3817821542577,1.2558937933699
6,30,180,51.5484548537714,1.142822265625,1.6,1.5,2,1080,2.99108119586339,2.68445849661363,3.38522220922491,2.07916022867803,-0.194994596702237,64.1447013544132,1.24435740191193
7,1,181,1.01685340540722,1.08277893066406,1.13333333333333,1.5,2,1081,0.161233501400787,0.549629215427107,0.598324835061487,-0.892331668601435,0.244556293821412,2.95639030087222,2.90739086396457
7,2,182,2.06817317241739,1.16021728515625,1.15,1.5,2,1082,0.119798430517244,0.618199040005177,0.11878079937088,0.334467622628453,-0.740032328179413,2.35623314912095,1.13928232922916
7,3,183,3.15512754226943,1.23231506347656,1.16666666666667,1.5,2,1083,0.706499879766088,-0.0925819410736587,0.883283283736039,0.665837291270565,0.562273529995144,5.80494417746283,1.83984453867352
7,4,184,4.27892435387168,1.299072265625,1.18333333333333,1.5,2,1084,0.0565390790241359,0.291375313404307,-0.228891494031607,0.139453519270158,0.79609499028426,5.14992457345453,1.20355588170068
7,5,185,5.44081238596938,1.36048889160156,1.2,1.5,2,1085,0.189715628864363,0.0396165017598453,0.229522722820413,0.526271960275806,0.159268562686407,6.25001084063139,1.14872750561088
7,6,186,6.6420827448051,1.41656494140625,1.21666666666667,1.5,2,1086,-0.0326306019117624,0.86577665364106,0.195165833280688,0.865070288034598,-0.0840120924515626,7.85795763085267,1.18305626905936
7,7,187,7.88407029881404,1.46730041503906,1.23333333333333,1.5,2,1087,0.490145988023409,0.96308096155757,0.426813823684997,-0.000980085424277577,0.321229775148282,10.752512073734,1.36382752388083
7,8,188,9.16815516194857,1.5126953125,1.25,1.5,2,1088,-0.1547176937607,-0.0208509007165739,0.615339113908359,0.216727209675267,-0.202320126121011,9.62873935068175,1.05023739024889
7,9,189,10.4957642272801,1.55274963378906,1.26666666666667,1.5,2,1089,0.501571886669349,1.2217388483907,-0.037491180571339,0.765811385687269,-0.258396890959,12.507482003437,1.1916694899575
7,10,190,11.8683727525827,1.58746337890625,1.28333333333333,1.5,2,1090,0.95839543684314,0.243781263189183,-0.0223944507986673,0.29984306254876,-0.254567185296009,13.4144841706808,1.13027155873257
7,11,191,13.2875059996601,1.61683654785156,1.3,1.5,2,1091,0.432598192548699,1.05753916665585,0.597610328733446,1.47137453260063,-0.413126933917516,15.8450360437426,1.19247630399173
7,12,192,14.7547409292381,1.640869140625,1.31666666666667,1.5,2,1092,2.16706574022867,0.628398602058631,1.06226811464865,1.0535675863726,-0.518210085595183,20.2131958071733,1.36994582989381
7,13,193,16.2717079533052,1.65956115722656,1.33333333333333,1.5,2,1093,0.489886284260409,1.44451035418611,0.182616917866767,0.927450518885408,-0.351189800985755,18.9334535835177,1.16358120720031
7,14,194,17.8400927468495,1.67291259765625,1.35,1.5,2,1094,0.262840537911935,-0.0958797893379004,0.661790048816858,1.30905574379828,-0.664744031161899,18.4783053203543,1.03577406141106
7,15,195,19.4616381210038,1.68092346191406,1.36666666666667,1.5,2,1095,0.21071300652307,1.3281593186043,1.03110743500277,0.962548241217415,0.0685057060065927,23.2461484846689,1.19446001102963
7,16,196,21.1381459596826,1.68359375,1.38333333333333,1.5,2,1096,1.46402866460549,1.87855561531368,1.12198511455419,0.770978401910929,0.14002802205978,28.0246497643082,1.32578561136632
7,17,197,22.8714792218598,1.68092346191406,1.4,1.5,2,1097,0.893501039063446,2.29254560919262,0.744992421315954,0.814770097041394,-0.0554192890649567,28.6450192774447,1.25243404676978
7,18,198,24.6635640117153,1.67291259765625,1.41666666666667,1.5,2,1098,1.25030612705318,0.394914640311176,0.495829630972203,1.42157562860822,-0.397639404518724,27.6607843316364,1.12152421760689
7,19,199,26.5163917189489,1.65956115722656,1.43333333333333,1.5,2,1099,0.375719553170378,0.738808019578162,0.927407803506118,1.55205006917716,0.708590257380466,30.298581419436,1.14263591142321
7,20,200,28.4320212316403,1.640869140625,1.45,1.5,2,1100,1.37404138205869,1.82562433250117,1.97521273502328,2.16116532115432,-0.114943579145025,36.1816741389187,1.27256777997388
7,21,201,30.4125812241143,1.61683654785156,1.46666666666667,1.5,2,1101,2.24782750166991,1.30835504595586,0.945541365383834,1.64917304831788,0.882478103619929,38.2666617678443,1.25825103386826
7,22,202,32.4602725223537,1.58746337890625,1.48333333333333,1.5,2,1102,1.68360743173118,0.6739890620956,1.2469109119854,1.56050400018337,-0.50467298166524,37.4983814931027,1.15520846189075
7,23,203,34.5773705495876,1.55274963378906,1.5,1.5,2,1103,1.63934728117308,1.28907188181974,1.80182140399649,2.40677070434183,0.0600770656283853,41.8192834344349,1.20944082125799
7,24,204,36.766227854774,1.5126953125,1.51666666666667,1.5,2,1104,1.35345969007553,2.06785085846937,2.15417215336092,2.0721905140037,-0.0741677461051487,45.1069309362238,1.22685773243846
7,25,205,39.0292767267848,1.46730041503906,1.53333333333333,1.5,2,1105,2.03079377054473,1.85252650797239,1.89354960281447,1.85851537418676,-0.483754138459194,47.206172180484,1.2095067123826
7,26,206,41.369031897199,1.41656494140625,1.55,1.5,2,1106,2.21120232558971,1.38021276914141,2.0231231720387,2.40967407561032,-0.403301442776144,49.2720566974365,1.19103721885192
7,27,207,43.7880933347085,1.36048889160156,1.56666666666667,1.5,2,1107,2.94329821697678,1.66938606480065,2.48316073598951,2.45662689081126,-0.660682951214086,53.4718475178673,1.22115039604803
7,28,208,46.2891491342386,1.299072265625,1.58333333333333,1.5,2,1108,2.79848793868303,2.88144339640273,2.97913819056064,1.66450321971206,0.0374311024155003,58.993010966962,1.27444578417033
7,29,209,48.8749785039976,1.23231506347656,1.6,1.5,2,1109,3.07281897075681,2.43875626431371,1.82370358277389,2.62367548343153,-0.403035127668076,58.8961898783925,1.20503766305647
7,30,210,51.5484548537714,1.16021728515625,1.61666666666667,1.5,2,1110,2.33175170363473,2.73145972796622,1.87227378169766,2.90199028032379,-0.348507614438227,61.1295564366746,1.18586593157995
8,1,211,1.01685340540722,1.0908203125,1.15,1.5,2,1111,0.295537121977356,-0.417567563192443,-0.214170567489818,0.143319168613174,0.517613228991853,1.05538598124373,1.03789393400426
8,2,212,2.06817317241739,1.17578125,1.16666666666667,1.5,2,1112,-0.713831717553072,-0.0143169634145027,0.409445713189252,0.0312609922073963,0.12955630448929,1.95588497355278,0.94570657797801
8,3,213,3.15512754226943,1.2548828125,1.18333333333333,1.5,2,1113,-0.243406587204186,1.07355473943086,-0.0103169931483304,0.982333005011193,-0.500842052422347,3.60373636571929,1.14218405355721
8,4,214,4.27892435387168,1.328125,1.2,1.5,2,1114,0.629559441002723,0.399914266956127,1.10012232749251,0.918638985273891,-0.164760221401486,7.08037837663805,1.65470987357641
8,5,215,5.44081238596938,1.3955078125,1.21666666666667,1.5,2,1115,0.447918202963741,-0.142172993338481,0.861980813765466,0.305417728464605,0.024545311787642,7.21042512810693,1.32524788884487
8,6,216,6.6420827448051,1.45703125,1.23333333333333,1.5,2,1116,0.143500849659766,-0.766035123828819,0.388264501845255,0.614437623594154,-0.534358804769089,5.95442926243751,0.896470202376594
8,7,217,7.88407029881404,1.5126953125,1.25,1.5,2,1117,-0.380889565668326,0.949653789685822,0.656009005566166,0.0530734061741924,0.0682928725633608,9.54727405626729,1.2109574996691
8,8,218,9.16815516194857,1.5625,1.26666666666667,1.5,2,1118,0.186093530387718,0.312389260488221,1.03415212576376,0.550711252966277,0.148342383615764,11.5541899387259,1.26025244279027
8,9,219,10.4957642272801,1.6064453125,1.28333333333333,1.5,2,1119,0.574548229710843,0.547459242652318,-0.626520412171283,0.747536968563521,0.566244454108108,11.7477810682926,1.11928782067706
8,10,220,11.8683727525827,1.64453125,1.3,1.5,2,1120,0.398951293077552,0.603205020833764,0.902829952851857,0.657403283723677,0.169645815077279,14.8325178927156,1.2497516046998
8,11,221,13.2875059996601,1.6767578125,1.31666666666667,1.5,2,1121,-0.0991656885342169,0.373071643568594,0.740550926517199,0.683990834616225,-0.0687772315363155,14.6544893122832,1.10287734302119
8,12,222,14.7547409292381,1.703125,1.33333333333333,1.5,2,1122,0.0656939661140914,0.89374059292436,0.794870479318862,0.176473027545865,0.432238390357598,17.6828241985112,1.19845033425635
8,13,223,16.2717079533052,1.7236328125,1.35,1.5,2,1123,1.11403392852691,0.438338611627777,0.486240684580205,1.25429075283799,-0.573815560121912,18.9391959791984,1.16393411395706
8,14,224,17.8400927468495,1.73828125,1.36666666666667,1.5,2,1124,1.44959544765736,0.170835175837698,1.19823529775428,0.469008405891196,-0.29946186012168,22.0912631604189,1.23829306685192
8,15,225,19.4616381210038,1.7470703125,1.38333333333333,1.5,2,1125,1.45302086009184,2.62207308923107,0.760140151570821,0.449814367674056,0.0264617658978365,26.7940408291372,1.37676184617881
8,16,226,21.1381459596826,1.75,1.4,1.5,2,1126,0.851546316440335,1.76254771201537,1.31737673690078,0.819158902524783,-0.275426706224531,26.7965572094013,1.26768720683977
8,17,227,22.8714792218598,1.7470703125,1.41666666666667,1.5,2,1127,0.622462366495991,0.644403952457809,1.6600282835301,1.8583277042832,0.729639222952585,28.0915519905764,1.22823503097812
8,18,228,24.6635640117153,1.73828125,1.43333333333333,1.5,2,1128,1.42316010062785,1.6141480429128,0.876601526480141,1.06834925843199,1.1203835383732,31.8863145533199,1.29285104691981
8,19,229,26.5163917189489,1.7236328125,1.45,1.5,2,1129,0.835642140384701,0.928309940184658,1.76832402677515,1.06842825108917,-0.65995284870388,31.2953145363503,1.18022523079512
8,20,230,28.4320212316403,1.703125,1.46666666666667,1.5,2,1130,1.39557794731215,1.30308185441452,1.07747204656975,1.0252517542863,0.598662335672976,34.9349220484918,1.22871750002827
8,21,231,30.4125812241143,1.6767578125,1.48333333333333,1.5,2,1131,1.61783306645882,1.22563529305407,1.88247450056958,0.775664450911153,-0.104441861682934,37.6625910314883,1.23838850618919
8,22,232,32.4602725223537,1.64453125,1.5,1.5,2,1132,2.95918330966518,1.82847969088258,1.85844768054668,1.01805476313626,-0.317291409812974,42.5398415969074,1.31052016176428
8,23,233,34.5773705495876,1.6064453125,1.51666666666667,1.5,2,1133,0.83118783973483,1.33313528043939,1.6294236304644,1.60034700070908,-0.222343470080473,40.1563421761525,1.16134748067566
8,24,234,36.766227854774,1.5625,1.53333333333333,1.5,2,1134,2.21722637631553,1.75035229916352,0.743469955522315,1.40263840534224,0.313656967668354,44.3433794941029,1.20608999294838
8,25,235,39.0292767267848,1.5126953125,1.55,1.5,2,1135,1.51507856284133,1.03914198420196,2.52402354631603,2.01395066060466,-0.452316107667474,46.2655182541837,1.18540547338488
8,26,236,41.369031897199,1.45703125,1.56666666666667,1.5,2,1136,2.09047346009852,2.0948485471982,1.55634845813229,2.43086746492127,-0.149613889771546,49.8817552438956,1.20577526125945
8,27,237,43.7880933347085,1.3955078125,1.58333333333333,1.5,2,1137,1.86681358031835,1.33374681650721,2.3250019848453,2.16369163409327,0.462520444865592,52.4550354854605,1.19792919697378
8,28,238,46.2891491342386,1.328125,1.6,1.5,2,1138,2.10037886017653,2.12284220020418,2.78838001114751,1.63356558210766,0.870257095608332,57.5280894405669,1.24279859354803
8,29,239,48.8749785039976,1.2548828125,1.61666666666667,1.5,2,1139,2.53157935402375,2.92396059133051,2.28550474470092,3.23272721125549,0.35578244253258,60.5629231060768,1.23913963667776
8,30,240,51.5484548537714,1.17578125,1.63333333333333,1.5,2,1140,2.91046932746582,3.53384311381253,2.71181212763543,2.0042261835706,-0.426717526737505,64.3834745349819,1.24898941622246
9,1,241,1.01685340540722,1.09791564941406,1.16666666666667,1.5,2,1141,0.46383540644035,0.100730888105737,0.111589200748257,0.106984932510093,-0.0137553929194567,1.79725333455004,1.7674655215717
9,2,242,2.06817317241739,1.18951416015625,1.18333333333333,1.5,2,1142,0.550683093254502,-0.151463984594533,-0.448390945829072,0.778420558169439,0.578301270298783,2.44970097938724,1.18447575476666
9,3,243,3.15512754226943,1.27479553222656,1.2,1.5,2,1143,0.999159793967726,0.435776034359754,0.00287587651412111,-0.512801551702021,-0.493084492456515,4.46301254714627,1.41452682573209
9,4,244,4.27892435387168,1.353759765625,1.21666666666667,1.5,2,1144,0.661909577478338,0.181614326791222,-0.195466558526605,-0.320978868920299,-0.710500791417358,4.39225437673242,1.02648563365188
9,5,245,5.44081238596938,1.42640686035156,1.23333333333333,1.5,2,1145,-0.321215151928732,-0.154457199900108,0.153408852784499,1.0323786041818,0.0560008013592143,5.07824575693519,0.933361674082135
9,6,246,6.6420827448051,1.49273681640625,1.25,1.5,2,1146,-0.203792064454057,-0.047118121505024,0.0768429400668617,1.04878475177015,0.683068535548597,7.0773101210707,1.0655257383847
9,7,247,7.88407029881404,1.55274963378906,1.26666666666667,1.5,2,1147,0.980280307372113,0.871302907114869,0.687269589438964,0.239072538667086,-0.495400816903215,11.0453541033641,1.40097103206013
9,8,248,9.16815516194857,1.6064453125,1.28333333333333,1.5,2,1148,0.753196756255716,-0.0401024532827264,0.981479719628356,0.944375403940272,-0.464863044241944,11.3340162805802,1.23623739785958
9,9,249,10.4957642272801,1.65382385253906,1.3,1.5,2,1149,0.640537496310329,1.01096167019261,1.32844644461421,0.505288048354675,0.0619501294278299,14.9239703847233,1.4219041188
9,10,250,11.8683727525827,1.69488525390625,1.31666666666667,1.5,2,1150,0.881005377874067,0.402876708275315,1.25493373791277,0.46595792707517,-0.376379875422622,15.3980508401626,1.29740202478994
9,11,251,13.2875059996601,1.72962951660156,1.33333333333333,1.5,2,1151,0.932924769825858,0.439469842003272,0.328367597697629,1.07338328809783,-0.0088352096542675,15.9707961945495,1.20194084540455
9,12,252,14.7547409292381,1.758056640625,1.35,1.5,2,1152,0.946254399636126,-0.110706829899421,0.387381833902882,1.29750300113354,-0.51470103409859,16.3352272566305,1.107117185925
9,13,253,16.2717079533052,1.78016662597656,1.36666666666667,1.5,2,1153,0.795536836548522,1.15632754541998,1.17838310375884,0.32032426785122,0.261417071339695,21.2972021185158,1.30884859657217
9,14,254,17.8400927468495,1.79595947265625,1.38333333333333,1.5,2,1154,1.14396592524736,0.999014114247267,1.11255920973852,1.37882447402357,0.71841328256398,23.6638308085739,1.32644101935809
9,15,255,19.4616381210038,1.80543518066406,1.4,1.5,2,1155,0.689222505725915,1.0514434712906,1.02542437944517,1.02074286391564,-0.837417595820008,22.8787245133014,1.17558061510813
9,16,256,21.1381459596826,1.80859375,1.41666666666667,1.5,2,1156,1.06608323937343,1.39788363095635,1.28275573332349,1.18543874018763,0.902693258988379,27.8734194462216,1.31863123186799
9,17,257,22.8714792218598,1.80543518066406,1.43333333333333,1.5,2,1157,0.574811586515299,1.22706305777588,0.32602257518324,1.11665264138741,-0.12679928390015,26.0302892440946,1.1381113128536
9,18,258,24.6635640117153,1.79595947265625,1.45,1.5,2,1158,1.4629466666277,0.91141670299974,1.36609518149323,1.02519925159491,0.781216405195314,31.4428703324209,1.27487131695506
9,19,259,26.5163917189489,1.78016662597656,1.46666666666667,1.5,2,1159,1.56675779263445,0.717674359030839,2.19803570291987,0.844888621101733,0.150367513010268,33.8054917796874,1.27489034473456
9,20,260,28.4320212316403,1.758056640625,1.48333333333333,1.5,2,1160,1.18878286807068,1.94450832049964,0.622714859449252,1.56076393100983,0.101077901810822,34.441473046839,1.21136210353245
9,21,261,30.4125812241143,1.72962951660156,1.5,1.5,2,1161,2.01850444953209,0.842984500338542,0.691750762126126,1.27636128559178,0.508707618062063,36.7146566111757,1.20721935243249
9,22,262,32.4602725223537,1.69488525390625,1.51666666666667,1.5,2,1162,1.44592133021611,1.14390712415735,1.09066829522713,2.12396366250185,1.02725138402377,39.3091228950819,1.21099177057161
9,23,263,34.5773705495876,1.65382385253906,1.53333333333333,1.5,2,1163,2.06876098779373,1.78566865393348,2.03828976682967,2.33134736062154,0.43544377792548,44.2296405139378,1.27914991252755
9,24,264,36.766227854774,1.6064453125,1.55,1.5,2,1164,2.32693113874757,2.20774743365674,2.53311331664967,1.92809660428295,0.0695695296563677,47.7955635019242,1.29998551090734
9,25,265,39.0292767267848,1.55274963378906,1.56666666666667,1.5,2,1165,1.5561850650782,1.14555191155543,1.45092554162425,2.02983660541294,0.0651449867128746,45.4818738106124,1.16532709865462
9,26,266,41.369031897199,1.49273681640625,1.58333333333333,1.5,2,1166,2.12039871080575,2.0721869281038,2.1791143614584,2.0363608057672,0.674196083349073,51.7580593799802,1.25113054394402
9,27,267,43.7880933347085,1.42640686035156,1.6,1.5,2,1167,2.42922611612032,2.22749883065736,1.94629686725812,2.29042818575594,-0.0680044287560974,53.6685971332706,1.22564361784463
9,28,268,46.2891491342386,1.353759765625,1.61666666666667,1.5,2,1168,1.9903235152916,1.7186006216773,2.41447758426205,2.01708491588043,0.497006367086958,55.880696111676,1.20720940343107
9,29,269,48.8749785039976,1.27479553222656,1.63333333333333,1.5,2,1169,3.4175802280102,2.51187430625466,3.02022488370815,1.51672652182102,0.181622164230833,62.0463820330332,1.26949175083439
9,30,270,51.5484548537714,1.18951416015625,1.65,1.5,2,1170,2.13546919434005,2.66531361904323,2.09292268473394,1.91407496553933,-0.501546690558196,61.1242305069804,1.18576261267913
10,1,271,1.01685340540722,1.10406494140625,1.18333333333333,1.5,2,1171,-0.731914827889614,0.304544757132003,-0.489033924771919,-0.744407288572032,-0.78645068532981,-0.950851706042574,-0.935092217802804
10,2,272,2.06817317241739,1.201416015625,1.2,1.5,2,1172,0.193396912760006,-0.562874930438903,-0.187258034789327,0.485909621332339,0.328171563602108,1.67235791567113,0.80861599888001
10,3,273,3.15512754226943,1.29205322265625,1.21666666666667,1.5,2,1173,-0.693942555908641,0.383521915344087,-0.054316085293886,0.575881672561708,0.269729335274748,2.91339036423858,0.923382755596317
10,4,274,4.27892435387168,1.3759765625,1.23333333333333,1.5,2,1174,0.0637905969784994,0.586470072261546,-0.182963708252342,0.0527883852291682,0.2918789668108,5.10744521377684,1.19362830267273
10,5,275,5.44081238596938,1.45318603515625,1.25,1.5,2,1175,-0.198632704656075,0.60973153898716,-0.442306726145016,-0.0447654090243879,-0.485339314631509,4.76552713332277,0.875885216261451
10,6,276,6.6420827448051,1.523681640625,1.26666666666667,1.5,2,1176,-0.270463115888793,1.57625049942336,0.225683925702065,1.56718214388462,-0.771548813091979,7.79354410205649,1.17335847828032
10,7,277,7.88407029881404,1.58746337890625,1.28333333333333,1.5,2,1177,0.955622003488386,-0.775655331781965,1.51892842971196,0.0602105754005544,-1.01829232268851,9.66576121285478,1.22598617801629
10,8,278,9.16815516194857,1.64453125,1.3,1.5,2,1178,0.0910917906576972,-0.0198910354039611,1.09914884713969,-0.27761577433825,1.09149806483513,12.0323214478231,1.31240377538133
10,9,279,10.4957642272801,1.69488525390625,1.31666666666667,1.5,2,1179,0.705451757118303,0.210888560469537,1.24962921931808,1.09064582076139,-0.0228695335029492,13.8206682411879,1.31678531852553
10,10,280,11.8683727525827,1.738525390625,1.33333333333333,1.5,2,1180,0.772219167773632,0.131895357130713,0.820586420510194,0.685039817879013,0.224264670188296,14.8419001600123,1.25054213154727
10,11,281,13.2875059996601,1.77545166015625,1.35,1.5,2,1181,0.874486917585111,1.54681743661892,0.573569588939518,0.618890908475304,0.490163405083291,18.2788365771996,1.37564088984548
10,12,282,14.7547409292381,1.8056640625,1.36666666666667,1.5,2,1182,0.307129454576899,0.186140608261738,0.800007818347914,0.563358476969386,0.361598638019926,17.125316078069,1.16066531836783
10,13,283,16.2717079533052,1.82916259765625,1.38333333333333,1.5,2,1183,0.595169817487115,0.916066404955754,0.382505220402809,0.368339395390946,-0.329746497745625,18.8716068490873,1.15978033180309
10,14,284,17.8400927468495,1.845947265625,1.4,1.5,2,1184,0.858823260356263,0.998431675003637,1.79719924925754,0.942090123397403,0.641800198728526,24.1608386135792,1.35430005641904
10,15,285,19.4616381210038,1.85601806640625,1.41666666666667,1.5,2,1185,1.38532513042707,0.782266123939327,0.913598297035244,1.37743254059716,-0.280561458759552,24.2308729199638,1.24505824069418
10,16,286,21.1381459596826,1.859375,1.43333333333333,1.5,2,1186,1.15973278768252,0.982146709326528,1.69738275813417,0.903467993757127,-0.0968469119283542,27.151494953754,1.28447854440692
10,17,287,22.8714792218598,1.85601806640625,1.45,1.5,2,1187,1.07247327886064,0.994423602329787,0.443517262547686,1.23367389333178,0.608503473951397,27.5777025943142,1.20576821143935
10,18,288,24.6635640117153,1.845947265625,1.46666666666667,1.5,2,1188,1.04319495435255,1.34148883580282,1.55329561486736,1.00393783260444,0.230816766579567,31.1175240332742,1.26167994287011
10,19,289,26.5163917189489,1.82916259765625,1.48333333333333,1.5,2,1189,1.49612848978538,0.855746282390175,0.622173567664235,1.17290915755547,-1.60383572673434,29.8518356040597,1.12578800013454
10,20,290,28.4320212316403,1.8056640625,1.5,1.5,2,1190,0.189614945996606,1.32491951265179,0.261199798435395,2.58812710217812,0.0728678012172246,31.2264488931872,1.09828452359332
10,21,291,30.4125812241143,1.77545166015625,1.51666666666667,1.5,2,1191,1.46572138666841,1.80155236421906,2.17923960876758,1.84966022402176,-1.0803377684252,37.935774757193,1.24737109545682
10,22,292,32.4602725223537,1.738525390625,1.53333333333333,1.5,2,1192,1.21311307430259,1.97333703835903,1.9088917632893,1.31036894978057,-0.926204466313918,39.5322170411651,1.21786460708059
10,23,293,34.5773705495876,1.69488525390625,1.55,1.5,2,1193,1.96037351241418,2.0828809496656,1.58155274091089,1.64091022290283,0.784317054259622,44.2850903455344,1.28075355764907
10,24,294,36.766227854774,1.64453125,1.56666666666667,1.5,2,1194,1.92728551325454,2.98613869282366,2.09979183321587,2.64583007736187,-0.570314949021291,47.1933658618863,1.28360641315447
10,25,295,39.0292767267848,1.58746337890625,1.58333333333333,1.5,2,1195,1.05729940408486,1.42073729683804,1.75888856042269,2.68967986022046,0.333589892718465,45.9291242646549,1.17678645664307
10,26,296,41.369031897199,1.523681640625,1.6,1.5,2,1196,1.73303745382713,3.33253496320819,1.87356013656278,1.50953413949966,0.498658811376809,52.650684205465,1.27270767022783
10,27,297,43.7880933347085,1.45318603515625,1.61666666666667,1.5,2,1197,3.09781773830797,2.72978264544749,1.08045376586714,2.4605068073229,0.011308232936203,54.334936303354,1.24086097761844
10,28,298,46.2891491342386,1.3759765625,1.63333333333333,1.5,2,1198,2.19425390279927,2.91830665619539,2.9035712098076,2.47804186046381,-0.502263832939697,57.9280515968888,1.25143911003629
10,29,299,48.8749785039976,1.29205322265625,1.65,1.5,2,1199,2.45444118307357,3.20260106577325,2.40380801090888,2.20557153381841,-0.0834654485005476,60.8527854707967,1.24507032705537
10,30,300,51.5484548537714,1.201416015625,1.66666666666667,1.5,2,1200,2.1148021781239,3.17934526313603,1.9657564205464,1.64325851237735,0.787745334344679,63.1245007975057,1.22456630323008
11,1,301,1.01685340540722,1.10926818847656,1.2,1.5,2,1201,0.429042127613755,0.26824690025297,-0.348044039210039,1.09140339321674,-0.105139919638064,1.18746649093591,1.16778533131858
11,2,302,2.06817317241739,1.21148681640625,1.21666666666667,1.5,2,1202,0.240025993355413,0.0365652388694814,-0.142833971879064,-0.0791195160717522,0.284321843748546,2.47352009218344,1.1959927365716
11,3,303,3.15512754226943,1.30665588378906,1.23333333333333,1.5,2,1203,-0.107289635839929,0.408093732918758,0.596335065798975,0.415756443994359,-0.419612841623333,3.99314226933787,1.26560407331923
11,4,304,4.27892435387168,1.394775390625,1.25,1.5,2,1204,0.941325361754977,0.384674130544826,0.416883641624899,1.77801514235186,0.126346992376451,6.82437692101353,1.59488141332498
11,5,305,5.44081238596938,1.47584533691406,1.26666666666667,1.5,2,1205,0.163739617545796,0.0889609960209431,-0.0723709659685358,0.34401785173453,-0.545988376985321,5.1406058393475,0.944823212909153
11,6,306,6.6420827448051,1.54986572265625,1.28333333333333,1.5,2,1206,-0.861389837547061,0.328644561563555,0.200741159185293,0.462687008751248,-0.134862072310708,5.89505434888693,0.88753100125071
11,7,307,7.88407029881404,1.61683654785156,1.3,1.5,2,1207,0.542152316884425,0.091738966580101,1.59401726532173,0.879277505847865,0.398833014098318,11.6697615478902,1.4801696465905
11,8,308,9.16815516194857,1.6767578125,1.31666666666667,1.5,2,1208,-0.0992187243034093,0.439858368766791,0.918108594087119,0.593921689185197,0.10405385843941,11.0621529926062,1.20658439971855
11,9,309,10.4957642272801,1.72962951660156,1.33333333333333,1.5,2,1209,-0.0729439870235289,0.604914655632016,0.974344256344743,0.170822383600759,-0.326130689190592,12.3115367237681,1.17300050355253
11,10,310,11.8683727525827,1.77545166015625,1.35,1.5,2,1210,0.995258099772496,1.10237838377586,0.551497771141434,0.979641067843696,-0.341784713317644,15.6090781595996,1.31518266951996
11,11,311,13.2875059996601,1.81422424316406,1.36666666666667,1.5,2,1211,0.797087823118941,1.44460069813224,0.776638606294215,0.600616554515476,-0.60455351998343,17.268294062532,1.29958880643017
11,12,312,14.7547409292381,1.845947265625,1.38333333333333,1.5,2,1212,0.388133903787539,1.4764632471574,0.507174383028214,1.202750992554,-0.179141088313753,18.095276959094,1.22640424836171
11,13,313,16.2717079533052,1.87062072753906,1.4,1.5,2,1213,1.74014058166896,0.94575902654272,-0.455227538411243,1.23816915202995,0.330208795050103,20.4982811188001,1.2597498171442
11,14,314,17.8400927468495,1.88824462890625,1.41666666666667,1.5,2,1214,1.9763575951108,1.44001587172613,0.861607453797854,1.02541345679886,-0.886666861136189,24.0177061651215,1.34627697882137
11,15,315,19.4616381210038,1.89881896972656,1.43333333333333,1.5,2,1215,1.07497705363914,-0.352759524497417,1.11527500850503,1.01740041116028,-0.992544001959777,21.6775714681594,1.11386160473121
11,16,316,21.1381459596826,1.90234375,1.45,1.5,2,1216,1.46887842611978,1.80415633160754,0.666888884739828,1.17206075940444,0.164560816904968,27.713378477967,1.31106003955246
11,17,317,22.8714792218598,1.89881896972656,1.46666666666667,1.5,2,1217,0.86265201414007,1.28931962306397,0.604995042293988,2.24907071456231,-1.19982236079622,26.1081715470537,1.14151652780291
11,18,318,24.6635640117153,1.88824462890625,1.48333333333333,1.5,2,1218,1.27161828188198,1.18152365296268,0.653340620988382,0.805405003301179,0.180643660538555,29.9779384130803,1.21547471398865
11,19,319,26.5163917189489,1.87062072753906,1.5,1.5,2,1219,1.77240226458138,2.04857000294429,2.10327372609517,1.49310096961033,0.39789594389032,36.4575456700615,1.37490598481424
11,20,320,28.4320212316403,1.845947265625,1.51666666666667,1.5,2,1220,1.03127968386237,2.00158411779705,0.65839525570931,1.46857782516062,0.344598632788083,34.7036365725049,1.22058281716128
11,21,321,30.4125812241143,1.81422424316406,1.53333333333333,1.5,2,1221,1.62336575162351,2.28828752755071,1.82076184531631,1.74753805194789,0.0837472670420639,39.6813283034929,1.30476686641874
11,22,322,32.4602725223537,1.77545166015625,1.55,1.5,2,1222,2.29305020075407,2.15573237707083,1.06173884146274,1.65658448550538,0.0282117842446757,41.4936775390027,1.27829110215967
11,23,323,34.5773705495876,1.72962951660156,1.56666666666667,1.5,2,1223,1.59333511743578,1.27359962678463,0.911692251905761,1.50621448313389,-0.370609634172205,40.3254848241914,1.16623919584517
11,24,324,36.766227854774,1.6767578125,1.58333333333333,1.5,2,1224,1.72817184169351,2.13477490437632,2.44300942836146,1.75226797768214,0.644335582185014,47.3528634816658,1.28794456882302
11,25,325,39.0292767267848,1.61683654785156,1.6,1.5,2,1225,2.84430367165505,2.38664747003184,1.39618314177287,1.73621777267112,-0.558983765322557,48.9819777556927,1.25500603299875
11,26,326,41.369031897199,1.54986572265625,1.61666666666667,1.5,2,1226,2.91045876746876,1.84300704473052,2.18518964329626,1.765369292339,-0.31689329556595,51.8202714031293,1.2526343747154
11,27,327,43.7880933347085,1.47584533691406,1.63333333333333,1.5,2,1227,1.69731722312375,2.10273820879892,1.66974593678174,2.43992040996336,0.817717817401467,53.0498801739986,1.21151381880217
11,28,328,46.2891491342386,1.394775390625,1.65,1.5,2,1228,2.60047413799471,2.19495915206743,2.22860336220262,2.0697596970251,0.0978222409875464,56.9786363510732,1.23092857433683
11,29,329,48.8749785039976,1.30665588378906,1.66666666666667,1.5,2,1229,1.76359467015424,2.51880994176349,2.17690091438505,2.4456266009825,-0.148758078330487,58.4939997192266,1.196808704774
11,30,330,51.5484548537714,1.21148681640625,1.68333333333333,1.5,2,1230,3.20850164790152,3.24843272882233,2.10205183712139,2.09916352907222,0.415790157533398,64.4725753073549,1.2507179020253
12,1,331,1.01685340540722,1.113525390625,1.21666666666667,1.5,2,1231,0.178197176386183,-0.35999082915257,0.778286765424362,0.0878238983842642,-0.32625976581685,1.61846202603499,1.59163751375434
12,2,332,2.06817317241739,1.2197265625,1.23333333333333,1.5,2,1232,-0.301378934715677,1.01163669624926,0.0910027500340785,-0.0990985816660713,0.467141085794278,3.55190374991955,1.71741119036366
12,3,333,3.15512754226943,1.318603515625,1.25,1.5,2,1233,0.0126133056499762,-0.479031672100715,1.26837055315859,0.998151762163121,0.67701998435992,5.15254571541506,1.63307050075982
12,4,334,4.27892435387168,1.41015625,1.26666666666667,1.5,2,1234,0.294517007374218,0.598309460867644,-0.722743792735189,-0.240831378404177,0.241730148975396,4.60971246285669,1.07730636992582
12,5,335,5.44081238596938,1.494384765625,1.28333333333333,1.5,2,1235,-1.12376309349334,0.301872931624873,0.994514003824985,1.04502542664352,-0.57711570621106,5.06353683399298,0.930658231673397
12,6,336,6.6420827448051,1.5712890625,1.3,1.5,2,1236,0.666976806600436,0.38713993183434,-0.103827172965161,0.521254088264976,0.224323099864022,8.26196035775846,1.24388097456634
12,7,337,7.88407029881404,1.640869140625,1.31666666666667,1.5,2,1237,0.803840910629004,0.815600003997476,1.41724006395047,0.134230444428726,-0.821161392120007,11.5816400854395,1.46899249327871
12,8,338,9.16815516194857,1.703125,1.33333333333333,1.5,2,1238,0.682577199375594,1.30119803569904,-0.312465196212134,1.36912602008842,0.648315275535814,12.2452176501181,1.33562504493168
12,9,339,10.4957642272801,1.758056640625,1.35,1.5,2,1239,0.960768596507431,-0.259259031508504,1.26618308454729,0.658584895120649,0.152219186497104,13.8863439592555,1.32304267307785
12,10,340,11.8683727525827,1.8056640625,1.36666666666667,1.5,2,1240,1.55186163251343,0.415458122180007,0.964903431027873,1.01121184598857,-0.26881239767181,16.4168490482341,1.38324346483486
12,11,341,13.2875059996601,1.845947265625,1.38333333333333,1.5,2,1241,1.05079807488687,1.49875749407026,-0.607912005680033,0.152659446487208,0.242962732376875,16.6315997567089,1.25167204117419
12,12,342,14.7547409292381,1.87890625,1.4,1.5,2,1242,0.776097829791042,0.699884514897963,0.39042734831786,0.569310178923107,0.385077885319374,18.1635132208972,1.23102894913623
12,13,343,16.2717079533052,1.904541015625,1.41666666666667,1.5,2,1243,0.901469799615463,1.46690645018521,0.880445269604197,0.717675467487066,0.21197780044662,21.5993573369688,1.32741795753416
12,14,344,17.8400927468495,1.9228515625,1.43333333333333,1.5,2,1244,0.741142107290452,0.254634003699115,0.701511966146208,0.257809247292568,-0.889912983303269,19.7925293771056,1.10944094618571
12,15,345,19.4616381210038,1.933837890625,1.45,1.5,2,1245,0.381198665504809,1.14269571677281,1.04852674417611,1.5741013487006,-0.00477514788177082,23.4237383019157,1.20358513277645
12,16,346,21.1381459596826,1.9375,1.46666666666667,1.5,2,1246,0.68764230797989,2.13611183578143,0.786386958853502,0.399543466365864,0.25837845385062,27.0413758493373,1.27926904757466
12,17,347,22.8714792218598,1.933837890625,1.48333333333333,1.5,2,1247,1.19413306598939,2.0062388848153,1.11476992048902,1.37392982338136,0.663990258408759,30.4928051429366,1.33322400563373
12,18,348,24.6635640117153,1.9228515625,1.5,1.5,2,1248,0.321466092307321,1.26795432419536,1.40424821978182,1.68579494182257,0.251532153384784,29.5415315589497,1.19778031856699
12,19,349,26.5163917189489,1.904541015625,1.51666666666667,1.5,2,1249,2.04210269735786,1.01398697927046,0.989320184671019,2.51615925114213,0.232405943466277,33.6599265365517,1.26940071233365
12,20,350,28.4320212316403,1.87890625,1.53333333333333,1.5,2,1250,1.54585394487285,1.64366839538911,1.56706716570837,1.02315757448381,0.300733502149851,36.5081616605581,1.28405087218809
12,21,351,30.4125812241143,1.845947265625,1.55,1.5,2,1251,1.64587880438795,1.21331357238553,1.09579004246057,0.449857123476981,-0.663657744315738,36.3114500591971,1.19396146586879
12,22,352,32.4602725223537,1.8056640625,1.56666666666667,1.5,2,1252,1.64667174077203,2.15968848150318,1.38450075601537,1.34842854984858,-0.0111417314618966,40.8827298643162,1.25946970519617
12,23,353,34.5773705495876,1.758056640625,1.58333333333333,1.5,2,1253,0.937489139533508,1.70608395089151,1.93420012624531,1.98815958160892,-0.390643619696054,41.4374857154418,1.19839898340494
12,24,354,36.766227854774,1.703125,1.6,1.5,2,1254,1.61723144724432,1.94642367508098,3.02672006163749,1.2813484869063,-0.0603996771280887,47.1145334588197,1.28146226055393
12,25,355,39.0292767267848,1.640869140625,1.61666666666667,1.5,2,1255,2.51497708133568,1.86932964210667,2.35217995793133,1.34000091206096,-0.376156826250462,49.3302210409799,1.26392864992873
12,26,356,41.369031897199,1.5712890625,1.63333333333333,1.5,2,1256,1.77649762381348,2.26050650984527,1.49389814098301,2.46950775703779,-0.633651949522003,49.4597790777542,1.19557497020139
12,27,357,43.7880933347085,1.494384765625,1.65,1.5,2,1257,2.68504271799829,2.83216572099456,2.71553415265669,2.14108334264887,-0.256451811107887,56.2905031250557,1.28552076234014
12,28,358,46.2891491342386,1.41015625,1.66666666666667,1.5,2,1258,2.78735637483675,2.47210857817731,2.16752720652923,1.69665361571352,0.128512440734009,57.7197413613487,1.24693891421424
12,29,359,48.8749785039976,1.318603515625,1.68333333333333,1.5,2,1259,2.83166091535339,2.49353552378201,1.89268086202457,2.35305069133148,-0.0345797503969143,59.6107095497135,1.21965699779976
12,30,360,51.5484548537714,1.2197265625,1.7,1.5,2,1260,3.14707306790264,2.7670369245278,2.67880154600632,1.44640220985525,-0.80696214197507,63.3022264175522,1.22801404226612
13,1,361,1.01685340540722,1.11683654785156,1.23333333333333,1.5,2,1261,0.13580863696556,-0.219668172553091,-0.564900213184127,-0.561186246293835,-0.439282603915568,-0.389027548489639,-0.382579776417077
13,2,362,2.06817317241739,1.22613525390625,1.25,1.5,2,1262,-0.716592564752245,-0.311874095087075,0.0164907456369317,-0.253847573911081,-1.12525556285386,-0.300828297169738,-0.145456048449808
13,3,363,3.15512754226943,1.32789611816406,1.26666666666667,1.5,2,1263,0.274478239046186,0.419429182133633,-0.0146367383166089,1.11092322244572,0.554132444787588,4.58306043176798,1.4525753302738
13,4,364,4.27892435387168,1.422119140625,1.28333333333333,1.5,2,1264,-0.63714882946986,1.15551885201599,-0.274156581439503,-0.543311842574549,1.13761931910669,5.5821231150904,1.30456223420719
13,5,365,5.44081238596938,1.50880432128906,1.3,1.5,2,1265,0.308004346134609,0.82189028900921,0.43173494532016,0.433842292651617,0.175014253491986,7.79660472157728,1.4329854015336
13,6,366,6.6420827448051,1.58795166015625,1.31666666666667,1.5,2,1266,0.67038421030161,0.490839599977935,-0.474698989802245,0.346904747576204,0.61595197789654,8.2567960976602,1.24310346842909
13,7,367,7.88407029881404,1.65956115722656,1.33333333333333,1.5,2,1267,0.317448600905521,0.493114319938013,0.277618149954785,0.721665545514501,0.337278616112155,9.82208726725445,1.24581426788291
13,8,368,9.16815516194857,1.7236328125,1.35,1.5,2,1268,0.301806326912988,0.0355828651036465,-0.286880595805854,0.61841468877727,-0.0117708938936924,9.29430353032334,1.01375940591607
13,9,369,10.4957642272801,1.78016662597656,1.36666666666667,1.5,2,1269,0.330023364596909,1.02315834013096,0.0692557677028736,0.643274300364658,0.31024298650673,12.895703842968,1.22865791987306
13,10,370,11.8683727525827,1.82916259765625,1.38333333333333,1.5,2,1270,1.33119106288951,0.870932966343468,-0.104641063937774,1.06190519157508,-0.852488252479703,14.4986784102099,1.22162310810931
13,11,371,13.2875059996601,1.87062072753906,1.4,1.5,2,1271,0.429753432789734,0.852100748044162,0.692999408024555,1.48892676689114,0.988908903750194,17.3127607418165,1.30293530947488
13,12,372,14.7547409292381,1.904541015625,1.41666666666667,1.5,2,1272,2.31923794285731,1.21521056699001,0.095592383890441,0.773480358130536,0.027494682413564,21.0642562778887,1.42762630526081
13,13,373,16.2717079533052,1.93092346191406,1.43333333333333,1.5,2,1273,1.4525497125071,0.441041739719976,0.186109510916337,1.27885300398145,0.13972383292606,20.1275181990143,1.23696407634491
13,14,374,17.8400927468495,1.94976806640625,1.45,1.5,2,1274,0.809636650994671,1.52222955609453,0.743971217856533,1.30217049329653,-0.737818132452936,22.0040679850199,1.23340547032222
13,15,375,19.4616381210038,1.96107482910156,1.46666666666667,1.5,2,1275,1.55572670762859,0.889561728621269,0.972185066667699,0.578794866304858,-0.781649917678873,24.4938528259292,1.2585709729899
13,16,376,21.1381459596826,1.96484375,1.48333333333333,1.5,2,1276,0.672639858893169,0.210656234281743,1.29246372237154,0.678503988954985,0.751221283287191,25.4621684634588,1.20456015925065
13,17,377,22.8714792218598,1.96107482910156,1.5,1.5,2,1277,1.11516538490064,1.38394122917275,1.96918261723168,0.649811531965599,-0.0494161599799,30.0386715981005,1.31336811697735
13,18,378,24.6635640117153,1.94976806640625,1.51666666666667,1.5,2,1278,1.13218674162146,0.556678580507594,1.25686390758641,1.71358232140877,-0.389128103875221,29.2115291703449,1.18440016035271
13,19,379,26.5163917189489,1.93092346191406,1.53333333333333,1.5,2,1279,0.614272540279065,1.74507474935504,1.6886374983472,2.15732737182308,-0.311972594883042,32.5992699139654,1.22940067636238
13,20,380,28.4320212316403,1.904541015625,1.55,1.5,2,1280,1.47576025066703,0.906374319822499,1.13004913560103,1.48744797797312,0.461883844191851,34.8045049015829,1.22413051882682
13,21,381,30.4125812241143,1.87062072753906,1.56666666666667,1.5,2,1281,0.658177964298083,1.63651518396514,2.03434710515635,1.30261559329822,-0.14947979437039,37.1096972181159,1.22020873350571
13,22,382,32.4602725223537,1.82916259765625,1.58333333333333,1.5,2,1282,1.34212255344077,1.49836608609345,1.62913759135196,2.25382955958333,-1.08646773774439,38.6448845175099,1.19052865286012
13,23,383,34.5773705495876,1.78016662597656,1.6,1.5,2,1283,1.67297944676191,1.99509328161448,1.65682924530015,2.20610177334835,0.277334555811199,43.5102804010025,1.2583455511345
13,24,384,36.766227854774,1.7236328125,1.61666666666667,1.5,2,1284,1.84038950419557,1.74750064158679,1.63693345269508,2.48276236222483,-0.941221379352767,44.277688428908,1.20430326994121
13,25,385,39.0292767267848,1.65956115722656,1.63333333333333,1.5,2,1285,2.49227643369191,0.842490269000316,2.11901024071543,2.32425697177039,-1.50328704329112,46.2166576463602,1.18415357706701
13,26,386,41.369031897199,1.58795166015625,1.65,1.5,2,1286,2.29603072310409,2.65774964056553,1.63423228737696,1.0269218780063,0.216174837437481,52.067827871158,1.2586184757851
13,27,387,43.7880933347085,1.50880432128906,1.66666666666667,1.5,2,1287,1.94395352267872,1.71447674572534,2.70796076128115,2.51398191515618,-0.193326924799558,53.447214270109,1.22058784020505
13,28,388,46.2891491342386,1.422119140625,1.68333333333333,1.5,2,1288,1.87004502676913,3.05225354308221,1.74504180737159,1.96204324799814,0.063629339569983,56.76772814212,1.22637225362457
13,29,389,48.8749785039976,1.32789611816406,1.7,1.5,2,1289,2.62998108444108,2.26858631704198,1.93690640776306,3.03987716193407,-0.151358794902659,58.9779177325852,1.20670984495187
13,30,390,51.5484548537714,1.22613525390625,1.71666666666667,1.5,2,1290,3.12213188644511,3.72323692187668,1.67801430989405,2.61084031568958,-0.0136754631902291,64.2715135446257,1.24681745994029
14,1,391,1.01685340540722,1.11920166015625,1.25,1.5,2,1291,0.624401351915142,-0.29940776177886,0.168283647514673,-0.635256169214505,-0.674088976086704,0.919761228036187,0.904517035735202
14,2,392,2.06817317241739,1.230712890625,1.26666666666667,1.5,2,1292,0.473210240458303,0.130894501078846,0.112930657924315,0.75343158220215,0.438082792761574,3.42383759633976,1.65548883526895
14,3,393,3.15512754226943,1.33453369140625,1.28333333333333,1.5,2,1293,-0.963136924826703,0.684667557539428,0.112947369857646,-1.19972779159449,0.335514477820584,3.25338109810011,1.03114091411975
14,4,394,4.27892435387168,1.4306640625,1.3,1.5,2,1294,-0.127921671005379,0.716588647923354,-0.137897821208298,-0.434445846284018,-0.394551769667819,4.42607815716943,1.03439037270304
14,5,395,5.44081238596938,1.51910400390625,1.31666666666667,1.5,2,1295,-0.174330852160626,0.432636128402632,0.522080301800034,0.674986386550204,-0.487975104111656,6.04076860809964,1.11026960306101
14,6,396,6.6420827448051,1.599853515625,1.33333333333333,1.5,2,1296,0.226267944795709,0.720154282281837,-0.291053904585984,0.0455030852714144,-0.338805302198495,7.1888978623914,1.08232585148295
14,7,397,7.88407029881404,1.67291259765625,1.35,1.5,2,1297,0.617177686290478,1.39708766984468,0.347967796670397,0.38133406959192,0.609222453098903,11.9337971275965,1.51365940120951
14,8,398,9.16815516194857,1.73828125,1.36666666666667,1.5,2,1298,1.12455705358696,-0.170669449273338,-0.155351913342661,0.151479399250625,0.288260563562387,10.9449360489622,1.19379917285737
14,9,399,10.4957642272801,1.79595947265625,1.38333333333333,1.5,2,1299,0.551254730298086,0.495639876870227,0.687487638425601,0.4084810225726,0.041093597230453,13.2437555998782,1.2618190836886
14,10,400,11.8683727525827,1.845947265625,1.4,1.5,2,1300,0.691376211000357,1.47762371878373,0.127552093820275,-0.240524637602906,0.540248702341931,15.9448668281665,1.34347539975072
14,11,401,13.2875059996601,1.88824462890625,1.41666666666667,1.5,2,1301,0.225443205968302,0.450996727286525,0.116655917918246,0.725099893726354,-0.735901020878751,13.7911928087744,1.03790679824544
14,12,402,14.7547409292381,1.9228515625,1.43333333333333,1.5,2,1302,1.32343306404175,1.31914721138287,1.1497253993123,-0.0161508455636253,-0.365770934506413,20.5491010984058,1.39271175257883
14,13,403,16.2717079533052,1.94976806640625,1.45,1.5,2,1303,0.58037996695217,1.12574052523124,1.64799395118412,-0.319915771835874,-0.212786287846989,21.294842679765,1.30870359404646
14,14,404,17.8400927468495,1.968994140625,1.46666666666667,1.5,2,1304,1.39671502630479,0.638505648304151,0.704620858238735,1.23326346728298,0.0218498017274075,22.6054724896981,1.26711630990204
14,15,405,19.4616381210038,1.98052978515625,1.48333333333333,1.5,2,1305,1.76189078977051,1.35098495565155,0.863606355707253,2.41025484639434,0.124917393418348,26.3754032528658,1.35525093462715
14,16,406,21.1381459596826,1.984375,1.5,1.5,2,1306,0.67624383155746,1.15321663401417,0.859209460406233,1.10459722802715,-0.819061776732823,24.6796446778272,1.16754065020174
14,17,407,22.8714792218598,1.98052978515625,1.51666666666667,1.5,2,1307,2.55368937649515,0.790022785820644,1.14273949288356,0.246435562349433,-0.369035574773686,30.4724119837585,1.33233236417144
14,18,408,24.6635640117153,1.968994140625,1.53333333333333,1.5,2,1308,1.33718692006247,1.34493863503929,0.46369013373541,1.51192612042023,0.131404858243093,30.1856565214785,1.22389677773821
14,19,409,26.5163917189489,1.94976806640625,1.55,1.5,2,1309,1.73084134868339,1.1084302571763,1.27386797517737,1.52854525573719,0.0227829066773437,33.5427826766939,1.26498292196837
14,20,410,28.4320212316403,1.9228515625,1.56666666666667,1.5,2,1310,0.921705594722126,1.29562942685198,1.52137952169213,0.173619629711176,0.876003346405847,35.3922163389622,1.24480127707475
14,21,411,30.4125812241143,1.88824462890625,1.58333333333333,1.5,2,1311,2.05995345123351,1.79836703290777,1.66867319495552,1.77658920117951,0.026366415327505,39.6790679407343,1.30469254313976
14,22,412,32.4602725223537,1.845947265625,1.6,1.5,2,1312,1.84125231853824,2.15032054303135,1.66455441701901,1.41697363975754,-0.212430138677933,41.5840415607858,1.28107493651352
14,23,413,34.5773705495876,1.79595947265625,1.61666666666667,1.5,2,1313,1.51794259451284,1.12946282848655,1.68454981066452,1.68618010646674,0.513058587897853,42.1693821410993,1.21956590309908
14,24,414,36.766227854774,1.73828125,1.63333333333333,1.5,2,1314,1.67915586289447,2.57524232385248,2.19243766341291,1.47872963236399,0.622852234328202,47.8028108654777,1.30018263103569
14,25,415,39.0292767267848,1.67291259765625,1.65,1.5,2,1315,1.66442561782901,1.54831757483202,2.10088994040173,2.09962389247139,0.738024127687361,48.2577983474755,1.23645125902006
14,26,416,41.369031897199,1.599853515625,1.66666666666667,1.5,2,1316,2.88799980134621,1.12743943648487,2.38156812343127,1.77672640702875,0.257437597407004,51.6982640425358,1.24968513092123
14,27,417,43.7880933347085,1.51910400390625,1.68333333333333,1.5,2,1317,2.28517182880201,1.58027468552547,2.510803141785,1.93046185798045,0.44357768323785,54.1294184593386,1.23616751351978
14,28,418,46.2891491342386,1.4306640625,1.7,1.5,2,1318,2.65878571858702,2.62227280212461,1.83567362213284,0.878670074331711,-0.851218994443261,56.4531335140771,1.21957596045594
14,29,419,48.8749785039976,1.33453369140625,1.71666666666667,1.5,2,1319,2.2294077040259,2.36654373422292,2.2452003489519,2.19665297069679,-0.816508301642311,58.4640571624357,1.19619606907149
14,30,420,51.5484548537714,1.230712890625,1.73333333333333,1.5,2,1320,2.68809931644169,2.72847343935322,2.56709606683709,2.83446687468561,0.376944909677645,63.8136763052753,1.23793577297898
15,1,421,1.01685340540722,1.12062072753906,1.26666666666667,1.5,2,1321,0.112363087339984,0.172736764824094,-0.524160436359197,-0.148714883984714,-0.292249503740865,0.283079553921548,0.27838777194062
15,2,422,2.06817317241739,1.23345947265625,1.28333333333333,1.5,2,1322,0.302953659569482,-0.10729779825604,0.314772081253465,0.268918939674134,0.770219611112583,3.54653312548677,1.71481439406807
15,3,423,3.15512754226943,1.33851623535156,1.3,1.5,2,1323,-0.210839740915731,0.623901286046975,0.211106771187477,-0.0151968315825093,0.448043149692466,4.44869010433116,1.40998740771389
15,4,424,4.27892435387168,1.435791015625,1.31666666666667,1.5,2,1324,-0.104221527386325,0.461186649293743,0.18362481197655,-0.414130140133365,-0.643182674050464,4.3687676533668,1.0209967019898
15,5,425,5.44081238596938,1.52528381347656,1.33333333333333,1.5,2,1325,-0.725291347879877,-0.323109197704788,0.305510572083762,0.768703690170653,-0.0999687067758347,4.26202212073702,0.783342967628844
15,6,426,6.6420827448051,1.60699462890625,1.35,1.5,2,1326,-0.142753252889822,0.111387702575881,1.2798796845134,1.41967503783317,-0.432457642376785,8.05041431702301,1.21203162115368
15,7,427,7.88407029881404,1.68092346191406,1.36666666666667,1.5,2,1327,0.626540693661147,1.07549477820095,-0.341167877189025,0.631757692347669,-0.325745147711567,9.56958315067917,1.21378714141079
15,8,428,9.16815516194857,1.7470703125,1.38333333333333,1.5,2,1328,0.38197631610983,0.687266696388584,0.840501240512761,0.484828301313315,1.71829024450728,13.7652556791828,1.50142045330057
15,9,429,10.4957642272801,1.80543518066406,1.4,1.5,2,1329,0.510405485094515,-0.550713549382179,0.31384706090584,1.36072006953978,-0.279515696066602,10.8375241726307,1.03256170183991
15,10,430,11.8683727525827,1.85601806640625,1.41666666666667,1.5,2,1330,0.698874586554401,0.489018956934718,0.403676220850896,-0.060373578442568,-0.16616534275253,14.2976224555612,1.20468262613759
15,11,431,13.2875059996601,1.89881896972656,1.43333333333333,1.5,2,1331,0.490635254432169,1.02110025734448,0.263398786976889,0.869083127503757,-0.0802495018003303,15.9975592421846,1.203954996716
15,12,432,14.7547409292381,1.933837890625,1.45,1.5,2,1332,0.468034235151324,1.06013349835547,1.34196662699019,1.49545459077364,0.229937721252599,19.4399245016367,1.31753750166595
15,13,433,16.2717079533052,1.96107482910156,1.46666666666667,1.5,2,1333,1.04520486370876,1.2647938037868,0.558253808274135,1.41832117062424,-0.192342080021376,20.8215024473895,1.27961382462989
15,14,434,17.8400927468495,1.98052978515625,1.48333333333333,1.5,2,1334,0.257368733349466,0.470033684172008,0.37274513139818,1.10417689434279,-0.474209281541495,19.1319442360936,1.07241282360891
15,15,435,19.4616381210038,1.99220275878906,1.5,1.5,2,1335,1.3455716249256,0.548608888895868,1.30544089433795,-0.14525892732554,0.183177046809836,25.1065413459895,1.29005283059361
15,16,436,21.1381459596826,1.99609375,1.51666666666667,1.5,2,1336,1.56224989474672,1.70421175620833,0.885588610296574,1.02219684544538,0.182448610911554,28.3520959004637,1.34127638036659
15,17,437,22.8714792218598,1.99220275878906,1.53333333333333,1.5,2,1337,0.93724639875583,1.55881748186525,0.684618072543874,1.31057613045902,0.122379496925072,28.2781574943938,1.23639390439454
15,18,438,24.6635640117153,1.98052978515625,1.55,1.5,2,1338,1.84555214099612,1.87983902820098,1.17923300098365,1.42369690851185,-0.0638121197134379,32.9375228724905,1.33547296152515
15,19,439,26.5163917189489,1.96107482910156,1.56666666666667,1.5,2,1339,1.63096483757754,1.6055175183955,0.843234454824293,2.3639790474193,-0.640506150598785,32.8544921195292,1.23902574934624
15,20,440,28.4320212316403,1.933837890625,1.58333333333333,1.5,2,1340,1.47246458515436,1.20889544806253,1.18157523167144,0.865762978029306,-0.154607814146791,34.8113685318079,1.22437192376138
15,21,441,30.4125812241143,1.89881896972656,1.6,1.5,2,1341,0.87015574040129,1.53950493054713,2.38429638359751,0.901452475855539,-0.789550805297107,37.3149511095793,1.22695771314511
15,22,442,32.4602725223537,1.85601806640625,1.61666666666667,1.5,2,1342,1.18797381975746,1.4158020726984,2.00769252580858,1.94016095454708,-0.430704403438688,39.5348877970444,1.21794688475948
15,23,443,34.5773705495876,1.80543518066406,1.63333333333333,1.5,2,1343,1.9715317679435,2.11189343388334,1.1565887084779,1.63763638650137,0.0398916367002328,43.3610440046562,1.25402953768482
15,24,444,36.766227854774,1.7470703125,1.65,1.5,2,1344,2.18199747380164,1.45626177485643,1.96994617593203,1.79370734441231,-0.313748418086697,45.6223336375273,1.24087610558621
15,25,445,39.0292767267848,1.68092346191406,1.66666666666667,1.5,2,1345,2.28592274365079,2.26994311972163,1.02592986029592,2.58943399585531,0.19003832793749,48.3839095499611,1.23968245398605
15,26,446,41.369031897199,1.60699462890625,1.68333333333333,1.5,2,1346,1.62219243926247,1.34685231435136,2.05519198274504,2.21418508736594,-0.206991304884337,49.1188844992042,1.18733463768897
15,27,447,43.7880933347085,1.52528381347656,1.7,1.5,2,1347,1.96955139935962,2.13868541860326,1.83827401317114,3.20930288577743,-0.746407547138992,52.4389868882051,1.19756269101216
15,28,448,46.2891491342386,1.435791015625,1.71666666666667,1.5,2,1348,2.27305649294973,1.88831399822093,2.88091366827316,2.51055714817792,0.347379554262998,57.4631389784426,1.2413954469502
15,29,449,48.8749785039976,1.33851623535156,1.73333333333333,1.5,2,1349,3.02384222846815,3.20474083376447,2.24999897382876,1.70666148228318,-0.0469220580308025,61.8054009345147,1.26456118910537
15,30,450,51.5484548537714,1.23345947265625,1.75,1.5,2,1350,3.16141687827604,2.09251079432892,2.36449856760023,1.53921561760857,0.75733200546126,63.4139081962335,1.23018058205859
16,1,451,1.01685340540722,1.12109375,1.28333333333333,1.5,2,1351,-0.692236561043934,0.73257499764435,-0.373072326836354,0.0499269713879825,0.515037632347294,1.13635837903572,1.11752428913845
16,2,452,2.06817317241739,1.234375,1.3,1.5,2,1352,0.166746856106067,0.519263242978232,-0.195506974917726,0.449945918516344,-0.0183368382216979,2.63744623819673,1.27525406158999
16,3,453,3.15512754226943,1.33984375,1.31666666666667,1.5,2,1353,0.771483419349989,0.449664870615823,-0.0803241506946127,-0.0847687771192817,-0.622136338679852,4.0382309615032,1.27989468172135
16,4,454,4.27892435387168,1.4375,1.33333333333333,1.5,2,1354,-0.224943397683337,0.161106740660349,0.866587707776431,0.45971976809243,-0.266393279347173,5.20386548956649,1.21616206766027
16,5,455,5.44081238596938,1.52734375,1.35,1.5,2,1355,-0.137055292977784,0.598809214379536,1.10570126742699,0.38955725148762,0.380136246359439,8.07856242774763,1.48480812324652
16,6,456,6.6420827448051,1.609375,1.36666666666667,1.5,2,1356,-0.474588104578592,1.26347926404261,0.610251918711252,-0.255977832226114,-0.0312802076953725,8.489145178562,1.27808482741374
16,7,457,7.88407029881404,1.68359375,1.38333333333333,1.5,2,1357,-0.157699316225497,0.717594886874275,0.526179427724739,0.478519968874922,-0.672650083127575,8.7278607009398,1.10702471821601
16,8,458,9.16815516194857,1.75,1.4,1.5,2,1358,-0.0434205018824803,-0.020478051247574,0.57598691317851,-0.585146171932733,0.0445941440294204,9.97207452570481,1.08768605565194
16,9,459,10.4957642272801,1.80859375,1.41666666666667,1.5,2,1359,1.2663468768101,0.559978470463899,0.557246047071662,0.993732211211263,-0.282622274385065,14.1326209033905,1.34650708584494
16,10,460,11.8683727525827,1.859375,1.43333333333333,1.5,2,1360,0.204720616833663,1.27594859343921,0.0552988907363571,1.25852060870323,-0.114148954973882,14.0466841812346,1.18353918216614
16,11,461,13.2875059996601,1.90234375,1.45,1.5,2,1361,0.934592767170464,-0.157457865944765,0.751724814076445,0.359141032761165,0.226066169373651,16.1907621939505,1.2184951934821
16,12,462,14.7547409292381,1.9375,1.46666666666667,1.5,2,1362,0.000261263295134428,1.06141609926285,1.30873739943382,0.550264571937339,-0.356909399631102,17.9181874386442,1.21440203691665
16,13,463,16.2717079533052,1.96484375,1.48333333333333,1.5,2,1363,0.819046649658471,0.230597228348701,0.892048632130516,0.844468396282371,0.560744532019644,20.1218766794444,1.2366173690671
16,14,464,17.8400927468495,1.984375,1.5,1.5,2,1364,1.90316215481152,1.011891396264,0.0757550548138829,0.924170592689132,0.036837175587839,23.2849870000082,1.30520549026408
16,15,465,19.4616381210038,1.99609375,1.51666666666667,1.5,2,1365,1.15373983186428,1.27411480593383,1.09549677438175,0.929927240510833,-0.186280541384934,25.1539830643682,1.29249053486515
16,16,466,21.1381459596826,2,1.53333333333333,1.5,2,1366,0.604590218152291,1.2576989806857,1.23964795398304,0.441034114414118,0.698394720227698,26.8336648175742,1.26944268758267
16,17,467,22.8714792218598,1.99609375,1.55,1.5,2,1367,2.28017864636166,0.34449303007153,0.971229995658633,1.42257313946213,0.115406926617731,29.5291456834623,1.29109033119464
16,18,468,24.6635640117153,1.984375,1.56666666666667,1.5,2,1368,1.2898617082163,1.22503903111887,1.6031123819424,1.17604779415404,-0.0230504490008647,31.5239792782893,1.27815993111601
16,19,469,26.5163917189489,1.96484375,1.58333333333333,1.5,2,1369,1.89778681716405,1.60839750553385,1.71487025014064,1.1682808176407,0.994360078035284,36.3585411224942,1.37117227365864
16,20,470,28.4320212316403,1.9375,1.6,1.5,2,1370,1.542814998949,1.71851056508234,2.01543495752436,1.08306470829703,-0.111887327221445,37.0821073053008,1.3042374653278
16,21,471,30.4125812241143,1.90234375,1.61666666666667,1.5,2,1371,0.859251815705296,1.92948757938177,0.874409838388459,1.5319887011111,0.270182393277886,36.7483089495919,1.20832587930596
16,22,472,32.4602725223537,1.859375,1.63333333333333,1.5,2,1372,1.80463028434963,1.61372874489066,2.30329606263725,2.17084990744429,0.852838182046127,42.7592961833063,1.31728087476346
16,23,473,34.5773705495876,1.80859375,1.65,1.5,2,1373,2.66995780271735,2.493361222013,1.64338252194657,2.23319085454708,-0.449721097218629,45.5356382463686,1.31692021465501
16,24,474,36.766227854774,1.75,1.66666666666667,1.5,2,1374,1.39179290738053,1.85532384530241,2.45226015426578,1.91054549553192,-0.699745086888461,45.2727169960375,1.23136692659535
16,25,475,39.0292767267848,1.68359375,1.68333333333333,1.5,2,1375,1.27829027537996,2.61146644565205,2.31664196940965,1.46996496131284,0.581179145853733,49.633508861916,1.2716994273136
16,26,476,41.369031897199,1.609375,1.7,1.5,2,1376,1.93388034475704,1.59769219173967,1.89691465295842,1.6270318138786,0.403412889351164,50.4462321717886,1.21942017635671
16,27,477,43.7880933347085,1.52734375,1.71666666666667,1.5,2,1377,2.41858570169024,2.93131185760523,2.42583514693597,2.21161161802004,-0.0743388720449638,56.0786042939391,1.28068157399054
16,28,478,46.2891491342386,1.4375,1.73333333333333,1.5,2,1378,2.64912513277946,2.08572373869018,2.26190899782833,2.62821853595799,0.00948973944291118,57.1148742291908,1.23387176687041
16,29,479,48.8749785039976,1.33984375,1.75,1.5,2,1379,1.49604024764084,2.33731065065354,2.60695521373578,2.10675799888096,-0.830106355847001,58.050058782948,1.18772551026698
16,30,480,51.5484548537714,1.234375,1.76666666666667,1.5,2,1380,2.54941506588613,2.30459869088143,3.08495050289721,3.43487675501786,0.556292030592133,63.9505645478864,1.24059129860044
17,1,481,1.01685340540722,1.12062072753906,1.3,1.5,2,1381,0.662631910368854,-0.148170312515452,-0.29313336493826,0.0862456927798692,-0.417590504364692,0.709500500853197,0.697741185779932
17,2,482,2.06817317241739,1.23345947265625,1.31666666666667,1.5,2,1382,0.25484715761476,0.842359394309233,0.170773395170355,0.215573115760626,0.694047266172306,4.44183070782517,2.14770734243367
17,3,483,3.15512754226943,1.33851623535156,1.33333333333333,1.5,2,1383,0.667217214256764,-0.530418368743879,0.594542700065996,-0.29411040136936,-0.131642158644768,4.10115601585387,1.29983842520166
17,4,484,4.27892435387168,1.435791015625,1.35,1.5,2,1384,0.519309579404956,0.234949476575404,0.25304648812622,0.477828363391823,-0.111622911256129,5.60967299661931,1.31100074053507
17,5,485,5.44081238596938,1.52528381347656,1.36666666666667,1.5,2,1385,1.24326725252884,0.301033532574174,-0.446438855285874,0.652669799830486,0.438935397352344,7.51783741101866,1.38174906203446
17,6,486,6.6420827448051,1.60699462890625,1.38333333333333,1.5,2,1386,0.705363828681736,-0.0471405707722836,0.520025488087913,1.1146444253288,0.870418896231511,9.36084463438312,1.40932370071788
17,7,487,7.88407029881404,1.68092346191406,1.4,1.5,2,1387,-0.194688367277987,0.721723993041417,0.51419556242684,0.509637134556909,-0.0536769952821084,9.28484399311087,1.1776713856176
17,8,488,9.16815516194857,1.7470703125,1.41666666666667,1.5,2,1388,0.537354664262593,0.348986371133614,0.136709307423599,0.516728517827303,-0.778976308643576,10.0274365547629,1.09372456918931
17,9,489,10.4957642272801,1.80543518066406,1.43333333333333,1.5,2,1389,1.02653207893535,0.241801395845182,0.499734877009723,0.0777473853044757,-0.0295180815911325,13.4157675913051,1.27820778942761
17,10,490,11.8683727525827,1.85601806640625,1.45,1.5,2,1390,0.451763362185254,0.41687357180649,0.330143996399238,0.775653168752823,-0.254374258720093,13.5521621295371,1.14187196611162
17,11,491,13.2875059996601,1.89881896972656,1.46666666666667,1.5,2,1391,0.611666994523409,1.38162199581136,0.644190079144845,0.781065175269236,0.696958547422468,18.1385734853465,1.36508487641025
17,12,492,14.7547409292381,1.933837890625,1.48333333333333,1.5,2,1392,0.896913655065274,1.46547088535978,0.827560095457719,0.742670687791128,0.690887865630921,20.5952363621235,1.3958385620524
17,13,493,16.2717079533052,1.96107482910156,1.5,1.5,2,1393,1.40443737184513,0.696930601679586,0.491473305243272,1.00127415560176,0.705519742860023,21.5140403355246,1.32217468487409
17,14,494,17.8400927468495,1.98052978515625,1.51666666666667,1.5,2,1394,0.893217194876156,1.21910162477426,1.35718708578478,0.896867644861839,0.0354396932060065,23.5293271253729,1.31890161442844
17,15,495,19.4616381210038,1.99220275878906,1.53333333333333,1.5,2,1395,1.53939162684297,0.727831723301605,0.737813764705128,1.15254247528373,-0.16540354039077,24.5857441159199,1.26329263564848
17,16,496,21.1381459596826,1.99609375,1.55,1.5,2,1396,1.06317754637787,0.903137300038257,0.583550452901265,0.324446294265209,-0.144037389031488,25.3914991205275,1.20121694537248
17,17,497,22.8714792218598,1.99220275878906,1.56666666666667,1.5,2,1397,2.21155689218108,0.867196514975648,1.03040614994954,2.0706445085475,-0.0315143677330167,30.150051694335,1.3182379417558
17,18,498,24.6635640117153,1.98052978515625,1.58333333333333,1.5,2,1398,1.52082276905621,1.37767625514368,1.16423243018944,1.23983207353209,0.531921087810996,32.1351892741809,1.30294183188271
17,19,499,26.5163917189489,1.96107482910156,1.6,1.5,2,1399,1.05210977476393,1.60020080583571,1.76495408288805,1.49576875089292,-0.0555848838076845,33.7318252455517,1.27211219396214
17,20,500,28.4320212316403,1.933837890625,1.61666666666667,1.5,2,1400,1.18359296437204,2.21973650825158,1.11335357503251,1.43570817731442,0.0561122946947589,36.035614832137,1.26743063880507
17,21,501,30.4125812241143,1.89881896972656,1.63333333333333,1.5,2,1401,1.6808324975104,0.64094481126108,1.86068713875108,1.01593356406987,-0.0467946806605773,37.3952904078457,1.22959935995813
17,22,502,32.4602725223537,1.85601806640625,1.65,1.5,2,1402,2.11395369105311,1.67431393245864,2.03849599318383,1.87772582133636,0.406288023494741,42.6104587663216,1.31269565703671
17,23,503,34.5773705495876,1.80543518066406,1.66666666666667,1.5,2,1403,1.90259715997981,2.27464709047488,2.69834961079725,1.60850948489491,0.110342390603382,45.9613316877708,1.32923154529224
17,24,504,36.766227854774,1.7470703125,1.68333333333333,1.5,2,1404,1.56905129306684,2.00411766235496,1.25963242209658,1.39428223462654,-0.0397386106551021,44.7307788751348,1.21662681991257
17,25,505,39.0292767267848,1.68092346191406,1.7,1.5,2,1405,2.48489586801009,1.55854555450417,2.70602842818529,2.83443409717245,0.0303527238652432,49.9451193005365,1.27968344507549
17,26,506,41.369031897199,1.60699462890625,1.71666666666667,1.5,2,1406,2.32088755982825,2.50563142954698,3.08863703008499,1.75262521336095,-0.224668516183649,53.8083067231379,1.30069049855578
17,27,507,43.7880933347085,1.52528381347656,1.73333333333333,1.5,2,1407,1.98139815643443,1.46801052338406,1.46647356007847,1.77341826343043,0.720616784451391,52.275166569205,1.19382148406469
17,28,508,46.2891491342386,1.435791015625,1.75,1.5,2,1408,1.68026994865712,2.58299274497097,1.69197147273313,2.43000778996396,-0.791414982487525,54.9684451606566,1.18750174044565
17,29,509,48.8749785039976,1.33851623535156,1.76666666666667,1.5,2,1409,2.52157750305497,3.36791923262811,3.53831541829543,2.67818246794608,-0.466334627647528,63.0412800746393,1.28984772994801
17,30,510,51.5484548537714,1.23345947265625,1.78333333333333,1.5,2,1410,2.52897847197637,2.91786578831762,2.74685904585368,2.52533399247154,-0.08378616275406,63.9078770347005,1.23976319398883
18,1,511,1.01685340540722,1.11920166015625,1.31666666666667,1.5,2,1411,0.91834658880839,-1.26517534527194,-0.261799903364452,0.341258061724521,-0.267014387314735,-0.28086001476906,-0.27620501959826
18,2,512,2.06817317241739,1.230712890625,1.33333333333333,1.5,2,1412,1.00781961710625,0.415261644001407,-0.065998939970171,-0.677208451859228,0.0801518035367198,3.84334535219815,1.85832859813467
18,3,513,3.15512754226943,1.33453369140625,1.35,1.5,2,1413,0.328828197752702,0.698034107862606,0.816851858321923,-0.274310014210182,-0.381413012770657,5.38017067118155,1.70521495537124
18,4,514,4.27892435387168,1.4306640625,1.36666666666667,1.5,2,1414,0.0931498358244525,0.332624904686187,0.360573937968834,-0.870889999945708,0.316459019870257,5.7240977729748,1.33774222201322
18,5,515,5.44081238596938,1.51910400390625,1.38333333333333,1.5,2,1415,-0.118616996483155,0.295269157728054,1.1463626715583,-0.898833086470672,0.268047491480621,7.65666799868902,1.40726558012436
18,6,516,6.6420827448051,1.599853515625,1.4,1.5,2,1416,0.660034366994553,0.276961001238356,1.39219606849168,0.662919756564855,-0.2310338208986,9.94304673084727,1.4969772453714
18,7,517,7.88407029881404,1.67291259765625,1.41666666666667,1.5,2,1417,0.615307699577446,-0.107451742231227,0.675691772347733,-0.021228869125606,-0.363265533894138,9.41147512400526,1.19373302967897
18,8,518,9.16815516194857,1.73828125,1.43333333333333,1.5,2,1418,0.487086274705136,0.776002942184399,0.799320162182464,0.799444610286915,-0.00445083372460217,12.3216483937476,1.34396159053757
18,9,519,10.4957642272801,1.79595947265625,1.45,1.5,2,1419,0.881131183887518,1.24832866789733,0.138989708126441,0.782721788577818,-0.836828928180363,13.2599723260961,1.26336415709791
18,10,520,11.8683727525827,1.845947265625,1.46666666666667,1.5,2,1420,0.304594511076936,0.753159144341023,-0.0618778321702922,0.870643465841729,0.431028670506692,13.873483491381,1.16894571653573
18,11,521,13.2875059996601,1.88824462890625,1.48333333333333,1.5,2,1421,0.491964979568921,0.8756679143188,0.200143879972139,0.181080119338478,-0.154476577517463,15.6611028786214,1.17863373901935
18,12,522,14.7547409292381,1.9228515625,1.5,1.5,2,1422,0.462601756585147,0.642776107006596,1.04427034986693,1.4058139294015,0.235233059620351,18.4100581846337,1.24773849116878
18,13,523,16.2717079533052,1.94976806640625,1.51666666666667,1.5,2,1423,0.83926741011381,1.17126881094177,0.881507264445903,1.07522613591709,0.00426001596812991,21.0110300246193,1.29126150032402
18,14,524,17.8400927468495,1.968994140625,1.53333333333333,1.5,2,1424,0.0253133782889092,0.999794765917961,0.647712175618358,1.16762726576995,-0.222141282380261,20.1723802625012,1.13073292548121
18,15,525,19.4616381210038,1.98052978515625,1.55,1.5,2,1425,1.62021308148986,0.751619496606674,1.66457574839343,0.973944798119769,0.132589162855391,26.4649813923802,1.35985374036002
18,16,526,21.1381459596826,1.984375,1.56666666666667,1.5,2,1426,0.77879270769657,0.57202015141925,1.05624875056668,1.46990619715829,0.120916357695937,25.2850171264541,1.19617951236977
18,17,527,22.8714792218598,1.98052978515625,1.58333333333333,1.5,2,1427,0.741401147510589,1.01902188628215,2.36892732216056,1.31163288225087,0.906266489045265,30.4129550694863,1.32973275468859
18,18,528,24.6635640117153,1.968994140625,1.6,1.5,2,1428,1.28162280333622,0.978436828747455,0.849627670992728,1.41962676145312,0.330309534208758,30.3573217686695,1.23085705513808
18,19,529,26.5163917189489,1.94976806640625,1.61666666666667,1.5,2,1429,1.08660576625803,2.20676207798201,1.94653939502967,1.16660106049818,0.107777258700969,35.2302059867547,1.32861991028662
18,20,530,28.4320212316403,1.9228515625,1.63333333333333,1.5,2,1430,0.777558888752767,1.09029082561456,1.84729030425062,1.07180376018408,0.487705953682785,34.9666013143768,1.2298317108551
18,21,531,30.4125812241143,1.88824462890625,1.65,1.5,2,1431,2.07299058218069,1.99122348863497,1.18890395910157,0.99528762052486,-0.383364558678797,39.0124046929115,1.28277190303
18,22,532,32.4602725223537,1.845947265625,1.66666666666667,1.5,2,1432,0.861437489910795,0.715685521220395,2.38169757956831,1.71498552833458,-0.274312626710093,38.5414836460377,1.18734319373001
18,23,533,34.5773705495876,1.79595947265625,1.68333333333333,1.5,2,1433,2.02011906553305,1.97973348665246,1.27538882413319,1.95503160587654,0.442778050023737,43.893835176647,1.26943820420638
18,24,534,36.766227854774,1.73828125,1.7,1.5,2,1434,2.08060292772706,1.99816241071756,1.83273200731617,1.61714504790438,0.0906152785719208,46.6194903005031,1.2679976440512
18,25,535,39.0292767267848,1.67291259765625,1.71666666666667,1.5,2,1435,2.05094712174423,1.92594072708158,2.52173843372419,1.68986248861154,0.2436645240703,49.7928024266908,1.27578081385555
18,26,536,41.369031897199,1.599853515625,1.73333333333333,1.5,2,1436,2.27548969575534,2.88833927161276,2.2873164153665,1.57872700129495,-0.570379229037579,52.876532218196,1.27816701994847
18,27,537,43.7880933347085,1.51910400390625,1.75,1.5,2,1437,1.95172230643244,1.69660040566005,1.4857994494338,2.04286430154514,1.24987151437483,53.2005839033538,1.21495547880329
18,28,538,46.2891491342386,1.4306640625,1.76666666666667,1.5,2,1438,2.52709957643091,3.03940836189484,2.48697791316536,1.50423162917889,-0.0154350012952536,58.9892329883977,1.27436416723342
18,29,539,48.8749785039976,1.33453369140625,1.78333333333333,1.5,2,1439,2.14965990144772,2.83044805290022,2.39617634078345,1.6157160218302,-0.351956384642655,60.0337125550826,1.228311794555
18,30,540,51.5484548537714,1.230712890625,1.8,1.5,2,1440,2.85231454028462,2.56422692002205,2.70402031470976,2.72968315265915,0.26614415280261,63.9966182075237,1.24148470383961
19,1,541,1.01685340540722,1.11683654785156,1.33333333333333,1.5,2,1441,1.00064490944201,0.220698423653681,-0.137284444503795,0.201211533488558,-0.223115262305613,1.99963284750395,1.96649078113983
19,2,542,2.06817317241739,1.22613525390625,1.35,1.5,2,1442,-0.256504840789631,0.363396695354106,-0.066373020828338,0.287004075345658,-0.13334750699062,2.01134204482253,0.97252109815909
19,3,543,3.15512754226943,1.32789611816406,1.36666666666667,1.5,2,1443,0.809357744006065,0.340389550536224,0.032071052540367,0.75643286174104,-0.432900533049127,4.31027564690204,1.36611772080749
19,4,544,4.27892435387168,1.422119140625,1.38333333333333,1.5,2,1444,0.487573364098526,0.170939873235424,0.403320295995419,-0.328684323519798,0.432514368576343,6.24627340462692,1.45977654383517
19,5,545,5.44081238596938,1.50880432128906,1.4,1.5,2,1445,0.257145199835987,1.30554550443213,0.150471368094362,0.112225909805894,-0.570737964531178,7.311526968496,1.34383001100181
19,6,546,6.6420827448051,1.58795166015625,1.41666666666667,1.5,2,1446,0.0536824321446951,-0.278651677561947,1.02084670353451,0.591614041998934,-1.06482707894655,6.79901428519295,1.02362685717979
19,7,547,7.88407029881404,1.65956115722656,1.43333333333333,1.5,2,1447,-0.257325644201674,-0.30501690154786,0.173220872929721,0.453559796028932,0.149972007534315,7.42963507964894,0.942360328873087
19,8,548,9.16815516194857,1.7236328125,1.45,1.5,2,1448,0.440263558786572,0.615728110935496,-0.376420912538977,0.538170576886728,0.0204631489260288,10.2756454189952,1.12079750369443
19,9,549,10.4957642272801,1.78016662597656,1.46666666666667,1.5,2,1449,0.73753988797376,0.459310551805954,0.749538067003167,-0.160944635780203,-0.0703999667469894,13.5362707309173,1.28968891047823
19,10,550,11.8683727525827,1.82916259765625,1.48333333333333,1.5,2,1450,0.490416573252121,0.0933923158737323,-0.183824229283673,0.371033788291768,-0.689479120673955,11.9387408762595,1.00592904563614
19,11,551,13.2875059996601,1.87062072753906,1.5,1.5,2,1451,0.381562390146674,0.193457832229525,0.909313980099202,0.777199906519542,0.654541131487731,16.3099633654986,1.22746611485375
19,12,552,14.7547409292381,1.904541015625,1.51666666666667,1.5,2,1452,1.85139226164805,0.227267708411501,-0.325117822851176,0.59560484267608,-0.177483329731087,17.9603227213071,1.21725774837001
19,13,553,16.2717079533052,1.93092346191406,1.53333333333333,1.5,2,1453,0.858922496221779,0.670322838383134,0.385699939949459,1.42706857269291,-0.150070606905776,19.3865292084316,1.19142558753297
19,14,554,17.8400927468495,1.94976806640625,1.55,1.5,2,1454,1.2218332655296,1.25775246624402,2.26551405591738,1.0676616976061,-0.156353447860523,25.4138181891457,1.42453397242757
19,15,555,19.4616381210038,1.96107482910156,1.56666666666667,1.5,2,1455,0.802144698529184,1.29279505700086,1.38449133845929,1.02594150790749,-0.62313206117506,24.5136877677352,1.25959015450395
19,16,556,21.1381459596826,1.96484375,1.58333333333333,1.5,2,1456,0.750143060184745,0.830868796429905,0.420256487182742,0.422236258853526,0.378200212263921,24.9361870671445,1.17967711618162
19,17,557,22.8714792218598,1.96107482910156,1.6,1.5,2,1457,0.664096335306509,1.0662728762204,1.82177658599086,1.4639364404307,-0.278826743482682,28.3336965665842,1.23882221572726
19,18,558,24.6635640117153,1.94976806640625,1.61666666666667,1.5,2,1458,0.825225761379658,2.10174318771725,0.798574206812434,0.493805438908768,-0.186103899282138,30.6821384132418,1.24402695403907
19,19,559,26.5163917189489,1.93092346191406,1.63333333333333,1.5,2,1459,1.41609493638973,1.10006568370233,0.491548525458203,1.73608927252943,-0.852256551050805,30.9326028431052,1.16654645816687
19,20,560,28.4320212316403,1.904541015625,1.65,1.5,2,1460,1.57955535744978,0.907597454429517,0.156238482253052,1.51096006821829,0.567752125227195,33.7399948447691,1.18668998485489
19,21,561,30.4125812241143,1.87062072753906,1.66666666666667,1.5,2,1461,2.23350743911645,1.50958882359206,2.19835174139112,1.50582394858518,-0.291796634128965,40.1123388854494,1.31893898087296
19,22,562,32.4602725223537,1.82916259765625,1.68333333333333,1.5,2,1462,1.65855631012977,1.99766043736549,0.512789297062213,1.83681639279392,-0.50653174760146,39.1194222918402,1.20514768521739
19,23,563,34.5773705495876,1.78016662597656,1.7,1.5,2,1463,1.22160432210227,1.44868130890649,1.52094770323912,1.48820715853682,0.317296980661689,41.8135065546042,1.20927375014359
19,24,564,36.766227854774,1.7236328125,1.71666666666667,1.5,2,1464,2.22669133818375,1.06758022697509,1.76124410121794,1.57830573478916,0.337251246373726,45.4160228964183,1.23526468572764
19,25,565,39.0292767267848,1.65956115722656,1.73333333333333,1.5,2,1465,1.62420970516601,2.73668946558575,1.79564432632431,2.15106716962107,0.667684838386406,49.8294984662235,1.27672103213808
19,26,566,41.369031897199,1.58795166015625,1.75,1.5,2,1466,1.5552997862745,2.27106523821797,1.86221484602335,1.47168348208732,-0.155514413914035,50.4509447968567,1.21953409309229
19,27,567,43.7880933347085,1.50880432128906,1.76666666666667,1.5,2,1467,1.53195577453012,2.30521655584081,1.79752770089586,1.78588129563703,0.47819214882854,53.3465477761677,1.21828889347604
19,28,568,46.2891491342386,1.422119140625,1.78333333333333,1.5,2,1468,2.667692899631,2.79313835761615,3.36465421856594,2.04609123125323,-0.319564302424308,59.7914400312867,1.29169451479636
19,29,569,48.8749785039976,1.32789611816406,1.8,1.5,2,1469,2.59966133616821,2.92776236700294,3.19239520610772,2.4179290522475,-0.332424850226092,62.0531989203774,1.26963122685163
19,30,570,51.5484548537714,1.22613525390625,1.81666666666667,1.5,2,1470,3.02959702579521,1.90265442144092,2.24882699262156,3.25138510188063,-0.144006632936474,61.9488732938419,1.20176004246051
20,1,571,1.01685340540722,1.113525390625,1.35,1.5,2,1471,0.346039548212628,0.537834001843077,0.0697848700260422,-0.37435661836613,0.15498589382288,2.38791632985249,2.34833882362442
20,2,572,2.06817317241739,1.2197265625,1.36666666666667,1.5,2,1472,0.34740336868313,-0.0506804551301275,-0.436939349091687,-0.542779760520835,-0.501110841367288,1.26612713541952,0.612195899407982
20,3,573,3.15512754226943,1.318603515625,1.38333333333333,1.5,2,1473,0.130577367052691,1.05715859095258,0.720479682393418,-0.633581574561617,1.07084937046084,6.94127892906152,2.19999947262632
20,4,574,4.27892435387168,1.41015625,1.4,1.5,2,1474,0.380429058807699,0.70176137111626,0.381858794646088,0.754908732906952,0.0402654391404685,6.41090831950334,1.49825231514144
20,5,575,5.44081238596938,1.494384765625,1.41666666666667,1.5,2,1475,0.117324102778259,-0.577616767728899,0.623780572852743,-0.515461015939959,-0.0296620398671151,5.70385813626455,1.04834677831816
20,6,576,6.6420827448051,1.5712890625,1.43333333333333,1.5,2,1476,-0.172789226200767,0.133820182674928,0.202751771543521,1.2363918778297,-0.184354378001735,6.68216313137227,1.00603431003604
20,7,577,7.88407029881404,1.640869140625,1.45,1.5,2,1477,0.782999671114582,0.557759077138893,0.340994173999286,-0.224509763981152,0.309419080995583,10.7985313001114,1.36966451221722
20,8,578,9.16815516194857,1.703125,1.46666666666667,1.5,2,1478,-0.218184262106908,0.421165989519665,0.681828544111379,-0.0357222657264381,0.300039118131202,10.7370521428082,1.17112461047465
20,9,579,10.4957642272801,1.758056640625,1.48333333333333,1.5,2,1479,0.5331268138383,-0.108486709040634,0.96085515330741,0.0443368899191146,0.139573420274168,12.8529655611354,1.22458596466264
20,10,580,11.8683727525827,1.8056640625,1.5,1.5,2,1480,0.279357993341105,0.341804744620361,0.695259550975407,1.1666841260384,-0.133455665606851,13.7949402195176,1.16232785294982
20,11,581,13.2875059996601,1.845947265625,1.51666666666667,1.5,2,1481,0.427938990497924,0.127867787806817,1.14704143433858,0.769383340792425,-0.936771072692281,15.0551826993467,1.1330329935303
20,12,582,14.7547409292381,1.87890625,1.53333333333333,1.5,2,1482,1.6436909925193,0.681548402075789,0.794059509230945,0.993637928069443,0.203259929360129,20.2824722845408,1.37464103109726
20,13,583,16.2717079533052,1.904541015625,1.55,1.5,2,1483,0.187650424062479,0.787384464120171,1.6066982354691,0.627144433088485,-0.418814316692449,19.8407748384291,1.21934187212344
20,14,584,17.8400927468495,1.9228515625,1.56666666666667,1.5,2,1484,1.43132340709803,1.27827369450775,0.965992741159056,0.326417537636564,0.284142392933076,24.3280754893645,1.36367427202198
20,15,585,19.4616381210038,1.933837890625,1.58333333333333,1.5,2,1485,1.13042102394275,0.938414426419251,1.02574689462555,0.0724788906759336,-0.357111118149647,24.3150211950826,1.24938204296589
20,16,586,21.1381459596826,1.9375,1.6,1.5,2,1486,1.30204082143788,0.0800890357878662,1.36786609003593,1.65880950646556,0.0486725568101183,25.8894642003431,1.22477459705893
20,17,587,22.8714792218598,1.933837890625,1.61666666666667,1.5,2,1487,2.25442710803315,1.70767995788282,0.971494930501313,1.54158023097671,-0.310527071308666,31.1386403747136,1.36146158596303
20,18,588,24.6635640117153,1.9228515625,1.63333333333333,1.5,2,1488,-0.696614963698312,0.712004311084358,1.5147059807752,1.39412985164299,0.566219271879094,27.3252954581201,1.10792160634775
20,19,589,26.5163917189489,1.904541015625,1.65,1.5,2,1489,1.49702183665993,0.891775011753694,1.22143929152884,0.863344996038813,0.677425495780997,33.3485444106218,1.25765770713029
20,20,590,28.4320212316403,1.87890625,1.66666666666667,1.5,2,1490,1.27294358305176,1.19069262314669,0.530515558820793,0.408525963412913,0.454043730840141,34.0580676600494,1.19787711828761
20,21,591,30.4125812241143,1.845947265625,1.68333333333333,1.5,2,1491,1.7280042019047,1.15828169437169,2.77286480773964,2.49024341517661,-0.982869142921443,38.7285881098225,1.27343969340933
20,22,592,32.4602725223537,1.8056640625,1.7,1.5,2,1492,1.0229082875342,1.02621106316055,0.970717847973502,1.89998850565461,1.01926809397599,38.5272049296968,1.18690331090613
20,23,593,34.5773705495876,1.758056640625,1.71666666666667,1.5,2,1493,1.27903021591628,2.53080523974511,0.885408995630695,2.33698649414468,1.05855484709195,43.557195449673,1.25970236479397
20,24,594,36.766227854774,1.703125,1.73333333333333,1.5,2,1494,1.90812178069619,1.45116282421026,2.29819762810557,2.29806698136028,0.54314318074242,46.5217862807208,1.26534020472486
20,25,595,39.0292767267848,1.640869140625,1.75,1.5,2,1495,1.45519227010404,2.08326957257826,2.33275681201607,1.99131807670946,0.358872109249747,48.9207858957603,1.25343818790747
20,26,596,41.369031897199,1.5712890625,1.76666666666667,1.5,2,1496,1.88040253720211,2.0460905367019,1.44149204206947,2.63551640744226,-0.905637478089924,49.1950483701896,1.18917572188873
20,27,597,43.7880933347085,1.494384765625,1.78333333333333,1.5,2,1497,2.11190740890176,2.65221867405025,1.9801631757975,2.07514146390234,0.18343585807666,54.8275661834777,1.2521112934602
20,28,598,46.2891491342386,1.41015625,1.8,1.5,2,1498,2.07054862953817,2.00123224698112,2.32651120614933,1.90337741606369,-0.74323808432141,55.5576929945794,1.20023145885577
20,29,599,48.8749785039976,1.318603515625,1.81666666666667,1.5,2,1499,2.0057759434303,1.97530803558868,2.05698581378385,3.05660843534025,0.503958379227313,58.6977150791167,1.20097679581211
20,30,600,51.5484548537714,1.2197265625,1.83333333333333,1.5,2,1500,3.10303301643222,2.09140219568765,2.7571212237003,2.39268359949598,-0.455474285538542,62.8477515570008,1.21919758284283
21,1,601,1.01685340540722,1.10926818847656,1.36666666666667,1.5,2,1501,-0.263939791513329,-0.220417316656002,0.103087614461817,-0.211460596394744,0.480929671261518,1.05839748453272,1.0408555244095
21,2,602,2.06817317241739,1.21148681640625,1.38333333333333,1.5,2,1502,-0.178620558237593,-0.0771497657192417,-0.280869180663422,0.17342527941354,0.265729550310342,1.58947865771035,0.768542343991669
21,3,603,3.15512754226943,1.30665588378906,1.4,1.5,2,1503,-1.00244762438018,-0.0366380179613032,-0.13778388766121,-0.138048930171113,0.0495388487380502,1.63684324778312,0.518788298049518
21,4,604,4.27892435387168,1.394775390625,1.41666666666667,1.5,2,1504,1.39061636204847,0.678469710431645,-0.268007225548591,0.735788237080917,-0.224982488582849,6.55269392966312,1.53138812181479
21,5,605,5.44081238596938,1.47584533691406,1.43333333333333,1.5,2,1505,-0.090968426817902,-0.483126393952402,-0.111725861538876,0.413386454403634,-0.262700090129862,4.18378701034048,0.768963660855045
21,6,606,6.6420827448051,1.54986572265625,1.45,1.5,2,1506,-0.142013440187731,0.542394521926408,0.0758966766682795,0.00731130189852042,-0.360610683046066,6.96168737045128,1.04811813371283
21,7,607,7.88407029881404,1.61683654785156,1.46666666666667,1.5,2,1507,0.362078186602936,0.994809153471915,0.750653609106597,1.25371156476676,-0.172046805672393,10.8824785771731,1.38031222004833
21,8,608,9.16815516194857,1.6767578125,1.48333333333333,1.5,2,1508,1.29900706742479,0.495727980052256,-0.142036489240674,1.16972022973937,-0.589122724205657,11.2794277897566,1.23028325661096
21,9,609,10.4957642272801,1.72962951660156,1.5,1.5,2,1509,-0.267884244714116,-0.0598707353960415,0.966862145393005,0.701959788964352,-0.705300907986775,10.6876099375987,1.01827839366094
21,10,610,11.8683727525827,1.77545166015625,1.51666666666667,1.5,2,1510,0.981214814727235,0.808940988953265,0.711806164393253,-0.755796963869104,0.261565667584477,16.1666409717802,1.36216154554652
21,11,611,13.2875059996601,1.81422424316406,1.53333333333333,1.5,2,1511,1.43817810837096,-0.334687936109533,1.18391540842246,1.01768823934304,0.266211342082499,17.4255798758694,1.31142592720675
21,12,612,14.7547409292381,1.845947265625,1.55,1.5,2,1512,1.15810616426163,0.131648381775337,1.48382367729496,1.06544640480521,-0.907389471550778,18.4149448726038,1.24806968559594
21,13,613,16.2717079533052,1.87062072753906,1.56666666666667,1.5,2,1513,0.270784779515791,-0.157498603389728,1.07340863737845,0.70782914825433,0.516077530287424,18.6576862489474,1.14663354962424
21,14,614,17.8400927468495,1.88824462890625,1.58333333333333,1.5,2,1514,1.64847947345728,1.35438727654602,0.882322502190414,1.36739368314112,-0.45665047332608,23.9641050596248,1.34327244816913
21,15,615,19.4616381210038,1.89881896972656,1.6,1.5,2,1515,0.350822669620446,0.0407368175854872,0.69512362141528,0.923998179712715,0.137637521278189,21.3732887226272,1.09822660300934
21,16,616,21.1381459596826,1.90234375,1.61666666666667,1.5,2,1516,1.474500583453,0.968485259277792,0.435229978062816,0.574045128210228,-0.404321948895069,25.7573937830173,1.21852663105578
21,17,617,22.8714792218598,1.89881896972656,1.63333333333333,1.5,2,1517,0.944288302859311,0.964402350867708,1.19532240065814,0.228705111907898,-0.913676828078838,27.1190090435456,1.18571294757473
21,18,618,24.6635640117153,1.88824462890625,1.65,1.5,2,1518,1.08582704399991,0.946811827066626,0.679633353448548,2.43370254659959,-0.481777981532908,28.8137826587691,1.1682732732821
21,19,619,26.5163917189489,1.87062072753906,1.66666666666667,1.5,2,1519,1.61468219637123,2.58425402430744,0.95244718081182,1.73620969850864,0.101550309591107,35.3741608251904,1.33404881026523
21,20,620,28.4320212316403,1.845947265625,1.68333333333333,1.5,2,1520,0.982690363716673,1.71879108915933,0.798821516580503,1.73638744286746,0.0393067332324437,34.3768531630205,1.20908931809479
21,21,621,30.4125812241143,1.81422424316406,1.7,1.5,2,1521,1.68835485136336,0.72166361252743,1.62278255932821,1.1645244916728,0.336645937319175,37.4732834441295,1.23216385902873
21,22,622,32.4602725223537,1.77545166015625,1.71666666666667,1.5,2,1522,1.19734406250619,1.82790242743582,2.31625476887654,1.77083244935435,0.337947925932531,41.536328272254,1.27960503854828
21,23,623,34.5773705495876,1.72962951660156,1.73333333333333,1.5,2,1523,2.09006492165464,1.35531013390181,1.31950267502443,1.74756643179605,-0.0465763656146074,42.4742904087135,1.22838404811034
21,24,624,36.766227854774,1.6767578125,1.75,1.5,2,1524,2.60623191091216,2.24371569188842,1.66838991097214,2.47081268786611,-0.520685056112089,47.0446498437337,1.27956150491041
21,25,625,39.0292767267848,1.61683654785156,1.76666666666667,1.5,2,1525,2.09526633785988,2.55267615076401,1.91535333320659,2.445635506332,-0.494637952145524,49.3050998333338,1.2632849995782
21,26,626,41.369031897199,1.54986572265625,1.78333333333333,1.5,2,1526,1.83782402733455,1.91564968366796,1.72970655245217,2.12858013000058,0.0345231625187641,50.2627372885105,1.21498461490257
21,27,627,43.7880933347085,1.47584533691406,1.8,1.5,2,1527,2.14679957266393,3.00408265970385,1.66000570592517,2.20437388790334,0.348107499083079,55.2019023187514,1.26066010449
21,28,628,46.2891491342386,1.394775390625,1.81666666666667,1.5,2,1528,1.58996978320233,2.14371550920283,2.14802567060487,2.17547278823231,0.204499747873991,55.827754621853,1.20606569068601
21,29,629,48.8749785039976,1.30665588378906,1.83333333333333,1.5,2,1529,2.85983668038697,3.53356009880621,1.7624281797585,2.39518976912249,0.252737136242836,61.9863738494597,1.26826396137217
21,30,630,51.5484548537714,1.21148681640625,1.85,1.5,2,1530,2.38581265726428,1.70953082724957,3.26201815519003,2.8282498684753,-0.430980831438934,62.06351386622,1.20398398055338
22,1,631,1.01685340540722,1.10406494140625,1.38333333333333,1.5,2,1531,0.127319946814178,-0.336625629239223,0.552561238542893,-0.463099296374001,0.332521347914134,1.85312064697401,1.82240688492545
22,2,632,2.06817317241739,1.201416015625,1.4,1.5,2,1532,0.15974441812597,0.0411936030938128,0.324594673531483,0.783887243786963,-0.691559161386096,2.11309656800309,1.02172129306425
22,3,633,3.15512754226943,1.29205322265625,1.41666666666667,1.5,2,1533,-1.3979774587543,0.790984736212983,-0.103175541597412,0.632469021983699,-0.450013455239162,1.86465120348492,0.590990753465297
22,4,634,4.27892435387168,1.3759765625,1.43333333333333,1.5,2,1534,0.516284374628748,-0.774863091619335,0.0695170063561038,-0.0887138869165828,0.56030980129106,4.54326776578331,1.06177800541682
22,5,635,5.44081238596938,1.45318603515625,1.45,1.5,2,1535,1.11061934307303,0.304673741247487,0.0098174979654399,0.165195908414296,-0.0284451067304023,7.48280697072413,1.37531060435397
22,6,636,6.6420827448051,1.523681640625,1.46666666666667,1.5,2,1536,0.446254761742428,1.44430344731766,0.428309853613302,-0.0598950642350948,0.0412607758636712,10.1240702113297,1.52423126906209
22,7,637,7.88407029881404,1.58746337890625,1.48333333333333,1.5,2,1537,-0.418304040442677,-0.0019367534602458,-0.284817024568857,-0.610578114397583,-0.24055713076699,6.54937243477647,0.830709542983356
22,8,638,9.16815516194857,1.64453125,1.5,1.5,2,1538,0.816285123364864,0.100993676666894,0.168432653351602,0.479896597391002,-0.663129708056008,10.2515713432039,1.11817166726758
22,9,639,10.4957642272801,1.69488525390625,1.51666666666667,1.5,2,1539,0.0704097488283069,0.630245177478558,0.904613096368894,0.465679724687545,-0.507275751199374,12.4206164181635,1.1833932383771
22,10,640,11.8683727525827,1.738525390625,1.53333333333333,1.5,2,1540,1.52401121983922,1.00790679843348,-0.0880883829580665,0.0407233563794083,0.27284724095867,16.2040767113235,1.36531578920937
22,11,641,13.2875059996601,1.77545166015625,1.55,1.5,2,1541,1.14365531906542,0.653826018201434,0.391263813886415,0.355501331869356,0.310590097402475,17.2289268809857,1.29662608479171
22,12,642,14.7547409292381,1.8056640625,1.56666666666667,1.5,2,1542,1.2932128574996,0.674693932352634,0.854237097382982,0.593075734232717,-0.0947090857483886,19.3335159655333,1.31032568164053
22,13,643,16.2717079533052,1.82916259765625,1.58333333333333,1.5,2,1543,0.632538999919164,0.449161683859411,0.332546027419418,0.0089400706333681,0.535708255962019,19.1744245967181,1.17839040939911
22,14,644,17.8400927468495,1.845947265625,1.6,1.5,2,1544,0.190650910910636,1.15895389129705,1.3415399848762,0.920454809560892,0.0887563281895878,22.1474168061131,1.2414406763678
22,15,645,19.4616381210038,1.85601806640625,1.61666666666667,1.5,2,1545,1.19522712891819,1.08266026602625,0.781144648351403,0.175295005303243,0.880170806876186,25.4821898085473,1.30935482666517
22,16,646,21.1381459596826,1.859375,1.63333333333333,1.5,2,1546,1.25397909889698,1.17862111352046,1.34565456124342,0.78991748872316,0.277431646139748,27.6907579867825,1.30998991300362
22,17,647,22.8714792218598,1.85601806640625,1.65,1.5,2,1547,1.70216745128686,1.31338335848161,2.12366098421888,1.58981199440986,-0.324020176001949,31.0592866053179,1.35799203470987
22,18,648,24.6635640117153,1.845947265625,1.66666666666667,1.5,2,1548,1.68991088307249,0.707456308529885,0.797576140234077,1.42897176079206,0.148516649747975,30.3070250931217,1.22881774421271
22,19,649,26.5163917189489,1.82916259765625,1.68333333333333,1.5,2,1549,1.78726862292051,2.47389533089955,1.20799591659187,1.39026767011802,-0.0455158197506099,35.7164651647778,1.34695797012436
22,20,650,28.4320212316403,1.8056640625,1.7,1.5,2,1550,0.582201011486479,1.21155139440483,0.7683836690873,1.32664097100928,-0.228785805636537,32.4667077437152,1.14190642582895
22,21,651,30.4125812241143,1.77545166015625,1.71666666666667,1.5,2,1551,2.24443113278835,1.12054558843058,1.20177259763236,1.64650673895685,0.315356886491349,38.4390792480088,1.26392031523882
22,22,652,32.4602725223537,1.738525390625,1.73333333333333,1.5,2,1552,1.66882709930122,1.46516920801779,2.36867275155342,1.37235099374944,-0.668382556910662,40.7858240047022,1.25648433717293
22,23,653,34.5773705495876,1.69488525390625,1.75,1.5,2,1553,2.48281837088299,1.50498095266219,1.84143830770473,1.3426815027238,-0.328420227523297,43.8529166957174,1.26825481517826
22,24,654,36.766227854774,1.64453125,1.76666666666667,1.5,2,1554,2.45786760154172,2.06189920639319,1.05620955203403,2.57818379694028,-0.427976008196956,45.6072948516873,1.24046706754458
22,25,655,39.0292767267848,1.58746337890625,1.78333333333333,1.5,2,1555,1.99578847072968,3.01800113407334,1.471810314224,1.81274661690913,-0.561695999950052,49.2256393299282,1.2612490791085
22,26,656,41.369031897199,1.523681640625,1.8,1.5,2,1556,2.40067742917706,1.76305261659717,1.41003456577751,1.49214703396082,-0.257543064279951,50.0579035153602,1.21003323548283
22,27,657,43.7880933347085,1.45318603515625,1.81666666666667,1.5,2,1557,2.15506740282435,2.67728273956391,2.22339403759461,2.79701757579775,0.0545162569093936,55.1731448128224,1.26000336189769
22,28,658,46.2891491342386,1.3759765625,1.83333333333333,1.5,2,1558,2.00294552810914,2.65130154884095,2.16204157718382,1.79555061906481,-0.310081255939655,56.8388558529255,1.22790884939563
22,29,659,48.8749785039976,1.29205322265625,1.85,1.5,2,1559,1.80026633205451,2.20744316947654,3.1690470379882,2.70984562310219,-0.496392864497536,59.5419659759846,1.21825047904859
22,30,660,51.5484548537714,1.201416015625,1.86666666666667,1.5,2,1560,2.29041256218003,2.54550678201778,2.6488238800156,3.6585458623034,-0.224125360570535,62.8009163075825,1.21828901536877
23,1,661,1.01685340540722,1.09791564941406,1.4,1.5,2,1561,0.301220574664384,0.0183875934954194,-0.290269917569255,0.0514644248055069,-0.441680915671977,0.496225027124475,0.488000555916661
23,2,662,2.06817317241739,1.18951416015625,1.41666666666667,1.5,2,1562,0.377251852008727,-0.541811119984446,-0.0681704167982224,-0.545718791945245,0.511120653359533,2.15821886717784,1.04353875969448
23,3,663,3.15512754226943,1.27479553222656,1.43333333333333,1.5,2,1563,0.0740756098416387,0.240807289228496,0.580706585502851,0.341486469410913,0.302034860132196,4.76781065168983,1.5111308775367
23,4,664,4.27892435387168,1.353759765625,1.45,1.5,2,1564,0.237986000666842,1.70143651329298,1.10712708672975,-0.52634603182536,0.110073777734178,8.83894757846008,2.06569381635886
23,5,665,5.44081238596938,1.42640686035156,1.46666666666667,1.5,2,1565,1.9698855852634,0.685611131145237,0.817280063847195,-0.102494786135568,-0.264818812281863,10.217334974732,1.87790613789224
23,6,666,6.6420827448051,1.49273681640625,1.48333333333333,1.5,2,1566,0.643747800389414,0.690341887562581,0.392758192238924,0.435698813092467,-0.358975053041182,8.85719815546195,1.33349711163857
23,7,667,7.88407029881404,1.55274963378906,1.5,1.5,2,1567,0.271807963082009,1.29635348656559,0.0382657937892582,0.645307275180617,0.15451014458957,10.4625590790724,1.32705045522568
23,8,668,9.16815516194857,1.6064453125,1.51666666666667,1.5,2,1568,0.322980274953993,1.01058532779698,0.752020122878484,0.114479216258471,-0.365258704772278,11.9824978707159,1.30696935850824
23,9,669,10.4957642272801,1.65382385253906,1.53333333333333,1.5,2,1569,0.67881186194381,0.667793772975102,0.719733872733073,0.859638160048159,-0.00367725675807997,13.7182734801859,1.30702950096097
23,10,670,11.8683727525827,1.69488525390625,1.55,1.5,2,1570,0.044301105996261,1.01619311288814,0.912841414825597,1.19271175174322,-0.932501018450806,13.9553184726317,1.175840931487
23,11,671,13.2875059996601,1.72962951660156,1.56666666666667,1.5,2,1571,1.19297779812627,0.53725675259595,1.55650147990167,0.660897214445242,-0.0869080304817712,18.440462047054,1.38780460739026
23,12,672,14.7547409292381,1.758056640625,1.58333333333333,1.5,2,1572,0.399330213217878,0.358956908233888,1.67765635122439,0.265886722212763,-0.153176715972946,18.3884423112886,1.24627347911273
23,13,673,16.2717079533052,1.78016662597656,1.6,1.5,2,1573,1.1730301891745,2.06625819823972,1.13877090084045,0.339960945512091,0.734039583169286,24.1081061989502,1.48159653971992
23,14,674,17.8400927468495,1.79595947265625,1.61666666666667,1.5,2,1574,0.247468425752493,0.455719775612347,1.76767148816708,0.923387115908112,-0.00476971835997528,21.6680204947269,1.21456882552101
23,15,675,19.4616381210038,1.80543518066406,1.63333333333333,1.5,2,1575,1.40140830731867,1.18347698509834,1.52248249650662,0.744430090482481,-0.42010997271923,25.7884161625465,1.32508969708539
23,16,676,21.1381459596826,1.80859375,1.65,1.5,2,1576,1.28522221726334,0.643037669234263,1.71247704275737,1.2364110882033,0.387141989676669,27.4794605372355,1.29999388733751
23,17,677,22.8714792218598,1.80543518066406,1.66666666666667,1.5,2,1577,-0.0486201015670227,1.9549269331775,1.33661963120124,0.459571762527538,-0.139104460307458,27.9077353217934,1.22019809261485
23,18,678,24.6635640117153,1.79595947265625,1.68333333333333,1.5,2,1578,0.860162696600606,1.12920174859802,1.2640563589801,2.01530376460995,-0.83416198640039,29.1711268502438,1.18276202240631
23,19,679,26.5163917189489,1.78016662597656,1.7,1.5,2,1579,1.20603270489877,0.328582476491037,1.95291413569534,0.865213922108604,-0.289112939732709,31.862179363891,1.20160313294519
23,20,680,28.4320212316403,1.758056640625,1.71666666666667,1.5,2,1580,1.72911773962179,1.13773392740001,1.74561562077315,1.53230022742629,-0.189766611242984,35.8536748848249,1.26103151769335
23,21,681,30.4125812241143,1.72962951660156,1.73333333333333,1.5,2,1581,2.05961880242695,1.61701085026258,2.1063308361139,1.55601244203346,-0.532545891466921,39.4047278675653,1.29567193186223
23,22,682,32.4602725223537,1.69488525390625,1.75,1.5,2,1582,1.38495355836375,1.9919992823652,1.25549078382834,1.33353237523182,-0.164396355857275,40.0124484497937,1.23265904259551
23,23,683,34.5773705495876,1.65382385253906,1.76666666666667,1.5,2,1583,0.990698141617533,1.15952576757184,2.49060512429168,1.33029963409606,-0.00283511077578057,41.9973788652328,1.21459145671601
23,24,684,36.766227854774,1.6064453125,1.78333333333333,1.5,2,1584,1.57944470641126,3.15467646152487,2.25074945698149,2.39223912428349,-0.118095561956803,48.1873877129761,1.31064268826586
23,25,685,39.0292767267848,1.55274963378906,1.8,1.5,2,1585,2.11800143490903,2.86698015883676,2.1985989035225,1.99473621739525,0.89074576351885,51.6672110839132,1.32380652210384
23,26,686,41.369031897199,1.49273681640625,1.81666666666667,1.5,2,1586,1.91527910260208,1.72407758154781,1.95503183499874,2.23085688841861,0.315674065254256,50.6083356182442,1.22333864964509
23,27,687,43.7880933347085,1.42640686035156,1.83333333333333,1.5,2,1587,2.58590044720225,2.27630627176286,2.4568182949289,2.34881285815788,0.222470153941595,55.5575652340175,1.26878247037032
23,28,688,46.2891491342386,1.353759765625,1.85,1.5,2,1588,1.91155575778775,2.17538436334037,2.70982079206774,2.89231260605999,-0.804122806737948,56.1620058624238,1.21328663224191
23,29,689,48.8749785039976,1.27479553222656,1.86666666666667,1.5,2,1589,2.14076741744864,1.71744307887631,2.24075547553022,2.7103522601518,-0.417301647778598,57.7537445560499,1.181662812421
23,30,690,51.5484548537714,1.18951416015625,1.88333333333333,1.5,2,1590,3.23921492521402,1.85790255596622,2.15776285544468,1.96557884695343,-0.231119101672878,61.9061218703334,1.20093069803826
24,1,691,1.01685340540722,1.0908203125,1.41666666666667,1.5,2,1591,-0.134610907821501,0.334523081489352,-0.648597443546904,-0.241250805442143,-0.448356101739703,-0.0773274754120119,-0.0760458439739839
24,2,692,2.06817317241739,1.17578125,1.43333333333333,1.5,2,1592,0.044632639800559,0.58419743278131,-0.750673653948011,0.399866247720237,0.388870630836424,2.22086119700051,1.07382748534768
24,3,693,3.15512754226943,1.2548828125,1.45,1.5,2,1593,-0.0381364204471653,0.609433201169257,-0.449352197196699,0.216078198082456,0.216229742471595,3.53315039209198,1.11981222462742
24,4,694,4.27892435387168,1.328125,1.46666666666667,1.5,2,1594,0.184875773077037,0.590944195800759,-0.495311843780758,0.213582971333603,0.123115079720054,4.77132795787965,1.11507649196052
24,5,695,5.44081238596938,1.3955078125,1.48333333333333,1.5,2,1595,0.830257161203733,0.084721574744068,1.31621450638458,0.435597588018005,0.402055718376417,9.10149055463691,1.67281830524199
24,6,696,6.6420827448051,1.45703125,1.5,1.5,2,1596,0.012196890425809,0.484198004260393,0.302571674239601,0.426885007928644,0.399699078926448,8.23970759198476,1.24053070528656
24,7,697,7.88407029881404,1.5126953125,1.51666666666667,1.5,2,1597,0.854280851771324,0.45717299704273,0.0440655166400657,0.395973205826664,0.214443819226568,10.1502580785485,1.28743880937685
24,8,698,9.16815516194857,1.5625,1.53333333333333,1.5,2,1598,1.21584374551481,1.42877487066375,1.33457996297295,1.55012625808349,0.243094171387857,15.5036632651805,1.69103412751202
24,9,699,10.4957642272801,1.6064453125,1.55,1.5,2,1599,0.853809325403242,0.873873321363694,0.4965204868281,0.893488899345273,-0.0508091350688072,13.91583745913,1.32585271141673
24,10,700,11.8683727525827,1.64453125,1.56666666666667,1.5,2,1600,1.01029102378455,0.790368970690134,0.404755920958263,0.989103695177746,-0.814040096701314,14.5611664182748,1.22688819451733
24,11,701,13.2875059996601,1.6767578125,1.58333333333333,1.5,2,1601,1.15561190678586,0.281292479263807,1.24583330773367,0.735688770623937,-0.982938590961403,16.5563784220548,1.24601098373753
24,12,702,14.7547409292381,1.703125,1.6,1.5,2,1602,0.683601620640644,0.52206265941755,0.234983420808114,0.687088599937852,0.318680510619424,17.4254558362914,1.18100723827424
24,13,703,16.2717079533052,1.7236328125,1.61666666666667,1.5,2,1603,0.217963945381642,0.955564214049473,1.32977705088726,0.615014188390527,0.375203240254926,20.5620953908061,1.26367161024602
24,14,704,17.8400927468495,1.73828125,1.63333333333333,1.5,2,1604,0.896674865970306,0.34453730380825,1.25181067020777,0.134513358121209,0.0911212939397478,21.9303474158501,1.22927317290562
24,15,705,19.4616381210038,1.7470703125,1.65,1.5,2,1605,0.651069048451959,0.326751913061066,0.678608096796841,1.44602341834456,-0.403705881255957,21.752448447432,1.11770901874677
24,16,706,21.1381459596826,1.75,1.66666666666667,1.5,2,1606,0.621004642362468,1.54407216065272,0.849835967821858,1.73190497260193,0.0976736829031541,26.1707853195407,1.23808329119579
24,17,707,22.8714792218598,1.7470703125,1.68333333333333,1.5,2,1607,0.90666038061256,0.716485088363806,0.251963629276838,0.487543986762091,0.34942110126312,26.3889284336054,1.15379194225373
24,18,708,24.6635640117153,1.73828125,1.7,1.5,2,1608,1.23139536603848,1.5997848643764,1.80470877708703,1.73074698927668,0.122599878266466,32.3533728011737,1.31178822273236
24,19,709,26.5163917189489,1.7236328125,1.71666666666667,1.5,2,1609,1.26375879248938,1.17855415298483,2.10757048064934,2.20830573512837,0.155429811795147,34.0346180028287,1.28353127241318
24,20,710,28.4320212316403,1.703125,1.73333333333333,1.5,2,1610,1.47948755767761,2.59722821267668,2.35406585205038,1.57240521648253,0.39388428763994,39.3786187793317,1.38500947430039
24,21,711,30.4125812241143,1.6767578125,1.75,1.5,2,1611,1.58192866328268,0.906740686376573,1.27392068697647,1.82158035170723,-0.00780440248280252,36.5549652982321,1.20196852180529
24,22,712,32.4602725223537,1.64453125,1.76666666666667,1.5,2,1612,2.45764893730522,1.35035043547362,2.1176589740394,1.32989345482642,-0.616596027475058,41.4474645375355,1.27686742337092
24,23,713,34.5773705495876,1.6064453125,1.78333333333333,1.5,2,1613,1.75289562772079,2.26180602582422,1.54583232571732,1.45964869265579,0.254983546447724,44.0005876284517,1.27252555440415
24,24,714,36.766227854774,1.5625,1.8,1.5,2,1614,1.00984353157232,1.62967167110768,2.39166874392176,2.17196909398351,-0.491497158268039,44.3735233384642,1.20690987157396
24,25,715,39.0292767267848,1.5126953125,1.81666666666667,1.5,2,1615,2.26053816402301,1.98297879444762,2.72589954631406,2.33786866485332,0.0732252382944895,50.2132682455751,1.28655390150018
24,26,716,41.369031897199,1.45703125,1.83333333333333,1.5,2,1616,2.23278747467328,2.69997493621168,2.24436511610594,1.70006241604685,0.105878212531648,53.0446529588185,1.28223094730941
24,27,717,43.7880933347085,1.3955078125,1.85,1.5,2,1617,2.39165432761295,3.17904081960769,2.79567159967307,2.0295202149757,-0.674040440846786,56.5263581086289,1.29090704353239
24,28,718,46.2891491342386,1.328125,1.86666666666667,1.5,2,1618,1.27077595662916,2.05214880724269,2.61113959476577,2.7506874092959,-0.168837267648361,55.5554483496567,1.20018296703933
24,29,719,48.8749785039976,1.2548828125,1.88333333333333,1.5,2,1619,1.95495202810867,1.32599461584028,3.35164658650246,2.05342868568853,-0.031063122660655,58.8219108202588,1.20351788626255
24,30,720,51.5484548537714,1.17578125,1.9,1.5,2,1620,2.73614895971551,2.09923885394178,3.42992389270853,2.71498116327204,-0.096823817148449,63.8021833422156,1.23771281841919
25,1,721,1.01685340540722,1.08277893066406,1.43333333333333,1.5,2,1621,-0.127634271728325,-0.530674963382344,-0.104730986094524,-0.395858423696333,-0.399916394917426,-0.438993283091432,-0.431717375146742
25,2,722,2.06817317241739,1.16021728515625,1.45,1.5,2,1622,-0.221126322470753,-0.0589729951150484,0.538924707134937,0.443494528918502,0.039034266966955,2.57352907563633,1.24434893071756
25,3,723,3.15512754226943,1.23231506347656,1.46666666666667,1.5,2,1623,0.573162896423537,0.934876343229324,0.97951029548118,-0.0185244784240914,0.495914953721384,7.19777718037084,2.28129515651643
25,4,724,4.27892435387168,1.299072265625,1.48333333333333,1.5,2,1624,-0.875758877928918,0.773846497316759,0.543249466158573,0.615082128464719,-0.191790682922789,4.91220610484762,1.14800022122451
25,5,725,5.44081238596938,1.36048889160156,1.5,1.5,2,1625,0.289454380093868,0.36908125014955,-0.223790795008837,0.8446627490706,-0.00510887849248611,6.04743865893108,1.11149553227126
25,6,726,6.6420827448051,1.41656494140625,1.51666666666667,1.5,2,1626,-0.17674178501033,-0.476486598536601,0.908744207021295,0.249838683945701,0.495696595671919,7.52785809356792,1.13335807197759
25,7,727,7.88407029881404,1.46730041503906,1.53333333333333,1.5,2,1627,1.0504528654733,-0.0359839488108442,1.1622681809992,0.593859867921982,0.751248200714454,11.8648753083386,1.50491749295074
25,8,728,9.16815516194857,1.5126953125,1.55,1.5,2,1628,-0.237326637899532,0.389104040331923,0.642032170318923,1.38712682313028,1.42966565654124,11.8049774438007,1.28760663789766
25,9,729,10.4957642272801,1.55274963378906,1.56666666666667,1.5,2,1629,1.23549569717058,0.888844366057435,-0.227824377122711,0.872835755564369,0.350341362010289,13.8153073550925,1.31627455189823
25,10,730,11.8683727525827,1.58746337890625,1.58333333333333,1.5,2,1630,0.957348960429075,0.912907088665492,0.884780573637392,1.04355108821821,0.266442335447591,16.4271785877219,1.38411380651548
25,11,731,13.2875059996601,1.61683654785156,1.6,1.5,2,1631,0.296414319257155,0.883385791952792,-0.142076076199907,-0.0551969046093218,-0.242646414875849,14.7244162422904,1.1081399506173
25,12,732,14.7547409292381,1.640869140625,1.61666666666667,1.5,2,1632,0.373229550653734,-0.098586959380682,0.598018309537017,0.552777808112662,0.0575411655035448,16.1623481600855,1.09540033522771
25,13,733,16.2717079533052,1.65956115722656,1.63333333333333,1.5,2,1633,0.5146794285366,0.742573726946328,0.771023306120938,0.469061735161852,0.462083210217854,19.9573385314064,1.22650545281895
25,14,734,17.8400927468495,1.67291259765625,1.65,1.5,2,1634,0.306561739620024,0.864177475577112,0.419929948626768,0.905652245130695,-0.202121972388479,20.2066095282731,1.13265159632321
25,15,735,19.4616381210038,1.68092346191406,1.66666666666667,1.5,2,1635,0.356901600155034,0.388344741742881,0.551597080671675,0.363177272890435,-0.205242663597231,21.3309565879475,1.09605144517235
25,16,736,21.1381459596826,1.68359375,1.68333333333333,1.5,2,1636,1.0595634138076,-0.574725036627404,1.10971234162347,1.09879598675645,-1.02024247983751,22.5988925218393,1.06910476278018
25,17,737,22.8714792218598,1.68092346191406,1.7,1.5,2,1637,1.93915087175566,2.04888900500327,1.62461041874444,0.997773205894116,-0.0146300958171147,32.03644025919,1.40071571009586
25,18,738,24.6635640117153,1.67291259765625,1.71666666666667,1.5,2,1638,1.00271049843388,1.06559828641034,1.41125058260243,1.28906572637611,-0.862612778824905,29.424551189764,1.1930372745718
25,19,739,26.5163917189489,1.65956115722656,1.73333333333333,1.5,2,1639,0.729859362796684,1.21650592139369,1.77264098690797,1.43210751018935,0.514154644476774,33.0093643562722,1.2448663719462
25,20,740,28.4320212316403,1.640869140625,1.75,1.5,2,1640,1.6772832890583,1.60764760303847,1.17263482069603,1.17805405696063,0.0363492654985705,35.792908422602,1.25889426330233
25,21,741,30.4125812241143,1.61683654785156,1.76666666666667,1.5,2,1641,2.6959265557528,2.08019275275606,1.56961219719877,1.43219665375336,0.331007055055115,41.131886357168,1.35246285259583
25,22,742,32.4602725223537,1.58746337890625,1.78333333333333,1.5,2,1642,2.21415828561955,0.868999810105577,1.33744635504176,2.0765495439869,-0.0801936969003514,39.4508598795604,1.21535824606502
25,23,743,34.5773705495876,1.55274963378906,1.8,1.5,2,1643,1.37455798946124,2.01221364367895,1.71043944454193,1.5758089128388,-0.117811596923658,42.7815470928567,1.23727011085194
25,24,744,36.766227854774,1.5126953125,1.81666666666667,1.5,2,1644,2.07937925467904,2.59167579830065,2.39808450891865,1.75629515975178,-0.174152446168336,48.0428804570259,1.30671225361477
25,25,745,39.0292767267848,1.46730041503906,1.83333333333333,1.5,2,1645,2.438471182925,1.42275213075119,2.31051061601344,2.62101648601307,-0.25369794599915,48.4276933899496,1.24080427441575
25,26,746,41.369031897199,1.41656494140625,1.85,1.5,2,1646,1.46926658463764,1.93153058397286,3.23661243569843,2.34037429193894,0.957727994492812,52.8363216589667,1.2771950233272
25,27,747,43.7880933347085,1.36048889160156,1.86666666666667,1.5,2,1647,2.64495410780749,2.03680126369597,2.1716675305264,2.23327656096635,0.535703280804019,54.9817576193359,1.25563260311576
25,28,748,46.2891491342386,1.299072265625,1.88333333333333,1.5,2,1648,1.88345842025497,1.93032364665113,2.13510607416154,3.49924909671473,0.778676426055156,56.3526761366068,1.2174057460677
25,29,749,48.8749785039976,1.23231506347656,1.9,1.5,2,1649,2.25454652397467,1.07013073015926,2.58547106561934,1.65042377753048,-0.129342866632233,57.4354022658997,1.17514941231538
25,30,750,51.5484548537714,1.16021728515625,1.91666666666667,1.5,2,1650,2.7659814330103,2.30358841440397,1.65825516843636,1.96632171265016,0.11812482901624,61.7783130320495,1.19845130581115
26,1,751,1.01685340540722,1.07379150390625,1.45,1.5,2,1651,1.17585348342967,-0.45057965721855,-0.681227962477065,0.331078565473376,0.194424491618463,0.798716930688542,0.785478935745587
26,2,752,2.06817317241739,1.142822265625,1.46666666666667,1.5,2,1652,0.561769176682356,1.4313471828274,0.94499537962813,0.226900246696759,0.456101946309885,6.68307971290408,3.23139271025962
26,3,753,3.15512754226943,1.20709228515625,1.48333333333333,1.5,2,1653,-0.442463414873156,-0.205932757366026,-0.101342713426242,0.627520210848704,0.4069551241646,2.57050749831112,0.814707952015847
26,4,754,4.27892435387168,1.2666015625,1.5,1.5,2,1654,0.212203082612955,-0.138270351767911,0.289097770983787,-0.318526104563934,-1.35454747495577,3.41939476374461,0.799124845628704
26,5,755,5.44081238596938,1.32135009765625,1.51666666666667,1.5,2,1655,-0.26492796059141,-0.304335898155264,0.761649446528328,0.492991612586942,0.522324293235058,6.29397215019544,1.15680742207288
26,6,756,6.6420827448051,1.371337890625,1.53333333333333,1.5,2,1656,0.957234968830078,0.0963699119069603,0.291331546253554,0.528656957142013,-0.216134523371097,8.3234053220596,1.25313183256705
26,7,757,7.88407029881404,1.41656494140625,1.55,1.5,2,1657,0.255244860389603,0.29041235404425,-0.264891192501345,1.6389768366955,-0.164368475095713,8.13407510443694,1.03171011877716
26,8,758,9.16815516194857,1.45703125,1.56666666666667,1.5,2,1658,0.0877389645116117,1.48436366837438,0.954834273340338,0.609187893982389,0.839015426920133,13.8927634924685,1.51532813822009
26,9,759,10.4957642272801,1.49273681640625,1.58333333333333,1.5,2,1659,0.464990315343501,0.921691326747443,1.00092717617426,0.40271897646354,-0.255569385221672,13.8950383699889,1.32387104636683
26,10,760,11.8683727525827,1.523681640625,1.6,1.5,2,1660,1.21732363627126,-0.0653626698276583,0.950323172362113,0.0409797328233358,-0.52659618506183,14.5174947296252,1.22320852506642
26,11,761,13.2875059996601,1.54986572265625,1.61666666666667,1.5,2,1661,0.868900037800568,0.691413917996671,0.702184248482976,0.638511478682578,0.0839790398475148,16.8892256313285,1.27106062129045
26,12,762,14.7547409292381,1.5712890625,1.63333333333333,1.5,2,1662,1.00662124211554,0.915000618943886,1.99887815929532,0.601339038989605,-0.690312154403908,20.1389399725352,1.36491315361747
26,13,763,16.2717079533052,1.58795166015625,1.65,1.5,2,1663,1.92835797151196,1.50573023474576,0.554732836013252,1.01299566588489,0.465198576364635,23.1155999132582,1.4206007125738
26,14,764,17.8400927468495,1.599853515625,1.66666666666667,1.5,2,1664,0.165587309263318,-0.256384195509382,0.927915468070097,0.142417782658645,-0.107959358418082,18.9616150368887,1.06286527239256
26,15,765,19.4616381210038,1.60699462890625,1.68333333333333,1.5,2,1665,1.13400035349785,1.12643850789012,0.194920219658821,0.287001679918407,0.304602883684282,23.7771252997069,1.22174326497447
26,16,766,21.1381459596826,1.609375,1.7,1.5,2,1666,0.648467754823258,0.848715960052023,1.16159899186494,0.66401800238208,-0.124480247727162,25.24250912476,1.19416855068111
26,17,767,22.8714792218598,1.60699462890625,1.71666666666667,1.5,2,1667,1.30251267367008,0.761290812873225,0.999372299902227,1.26795051606284,0.11159625257514,27.8821473570574,1.21907932086914
26,18,768,24.6635640117153,1.599853515625,1.73333333333333,1.5,2,1668,1.16721490835989,1.70547791761566,1.54711612886505,0.759643040355116,-0.0597983581731587,31.7479744453363,1.28724195863404
26,19,769,26.5163917189489,1.58795166015625,1.75,1.5,2,1669,1.51422699375399,0.426779206971082,1.89656357711143,1.12797914507107,0.303729784687289,32.8163497500878,1.23758730440827
26,20,770,28.4320212316403,1.5712890625,1.76666666666667,1.5,2,1670,1.73258048122847,1.52955102334637,1.27318720083136,1.64522866212118,-0.128074441573391,35.6383191592811,1.25345710981748
26,21,771,30.4125812241143,1.54986572265625,1.78333333333333,1.5,2,1671,0.8714643052707,0.678074063676233,1.61769916517997,1.39949690609505,-0.198928514105143,35.2000861932592,1.15741856746276
26,22,772,32.4602725223537,1.523681640625,1.8,1.5,2,1672,1.09929043956309,1.22774007085082,1.81354449885787,1.38103238349379,0.84866928107256,39.9141593397214,1.22963106092947
26,23,773,34.5773705495876,1.49273681640625,1.81666666666667,1.5,2,1673,2.52363579330529,2.77141140212617,1.9858121954037,1.34654793755237,-0.460912402726431,45.8970312136967,1.32737193384545
26,24,774,36.766227854774,1.45703125,1.83333333333333,1.5,2,1674,0.867869471470604,1.94386040036566,1.8267896268598,1.18078367716788,0.0956999338901323,44.4303692371446,1.20845601601132
26,25,775,39.0292767267848,1.41656494140625,1.85,1.5,2,1675,1.78951620906474,1.84074065761585,1.73091979925809,2.01197655886653,0.421988368306834,47.9879809344074,1.229538053455
26,26,776,41.369031897199,1.371337890625,1.86666666666667,1.5,2,1676,2.36947964419598,2.22218183508931,2.14405717568565,2.61463188140964,-0.745092735550027,51.2374549011615,1.2385461431267
26,27,777,43.7880933347085,1.32135009765625,1.88333333333333,1.5,2,1677,1.97450954181872,1.60093458339995,1.63601946909443,2.86932495860946,0.830691997043497,52.6969263767022,1.20345332174882
26,28,778,46.2891491342386,1.2666015625,1.9,1.5,2,1678,2.62444710781987,1.87429808097433,2.52639393161245,2.79373882027143,0.351109516986308,57.3151447099581,1.23819827717602
26,29,779,48.8749785039976,1.20709228515625,1.91666666666667,1.5,2,1679,2.5842525441893,3.42254969989682,3.12699540499683,2.22223996085259,0.744494126317717,63.9892839715991,1.30924423764944
26,30,780,51.5484548537714,1.142822265625,1.93333333333333,1.5,2,1680,2.12496416052592,2.33846573088038,2.80614345225955,2.97753267905843,0.0688601775734013,62.776020312407,1.21780605239255
27,1,781,1.01685340540722,1.06385803222656,1.46666666666667,1.5,2,1681,-0.247871128391688,1.01033830142678,0.355465185853532,0.409338373140308,0.0271874290279288,2.79536843107817,2.74903778284412
27,2,782,2.06817317241739,1.12359619140625,1.48333333333333,1.5,2,1682,-0.593948806313639,0.229015741723634,-0.193108802509039,-0.0234497360926299,-0.157520959549312,1.29333707599695,0.625352409191746
27,3,783,3.15512754226943,1.17921447753906,1.5,1.5,2,1683,-0.190876436331978,0.0328426859234075,-0.0843051476397991,0.0934502475568167,0.672232411605247,3.52508200415636,1.11725499426905
27,4,784,4.27892435387168,1.230712890625,1.51666666666667,1.5,2,1684,-0.171321858837357,0.484378016192003,-0.318280824170377,-0.780171440963919,-0.116537849115383,4.2087572396083,0.983601693215284
27,5,785,5.44081238596938,1.27809143066406,1.53333333333333,1.5,2,1685,0.917049987495779,0.937859793116803,0.319818731566861,-0.30501326274392,1.55275515485434,10.083421051462,1.85329328345614
27,6,786,6.6420827448051,1.32135009765625,1.55,1.5,2,1686,0.134600259779592,0.171160922032797,0.00639438207308085,0.482756716168625,0.21189102481511,7.30671883828498,1.10006441036883
27,7,787,7.88407029881404,1.36048889160156,1.56666666666667,1.5,2,1687,0.288187958658333,1.23250489968138,0.256689492369896,-0.123281501854924,0.387798175381261,10.9799035720323,1.39266941514765
27,8,788,9.16815516194857,1.3955078125,1.58333333333333,1.5,2,1688,0.0995210191490503,0.549404967320897,1.50857801145564,0.184969371930836,0.502851750331747,12.9426474874523,1.41169594742128
27,9,789,10.4957642272801,1.42640686035156,1.6,1.5,2,1689,0.166541463262911,1.23531968457581,1.22824309352547,0.596333443728742,0.181364962450907,14.7335612110717,1.40376259336856
27,10,790,11.8683727525827,1.45318603515625,1.61666666666667,1.5,2,1690,0.898203064516386,0.720254810710297,0.0673587976960629,0.956185619766946,0.498813172876443,14.9378922160746,1.25863018692466
27,11,791,13.2875059996601,1.47584533691406,1.63333333333333,1.5,2,1691,0.59126780832443,0.965606356411968,0.275846309978916,0.880456779129705,-0.767044548653199,15.3840078025645,1.15777993273967
27,12,792,14.7547409292381,1.494384765625,1.65,1.5,2,1692,1.1572461063218,0.870301120435897,0.86609656384351,0.731697050483738,0.342121035375265,19.561374610464,1.32576876166636
27,13,793,16.2717079533052,1.50880432128906,1.66666666666667,1.5,2,1693,0.253052267134552,0.403804784232296,0.545087268424082,0.971905593179065,1.19594460905399,19.3400977928804,1.18857208157746
27,14,794,17.8400927468495,1.51910400390625,1.68333333333333,1.5,2,1694,0.810478413532209,0.292240517756036,0.553695273493982,1.39504754407288,0.309628147919932,20.7034030129761,1.16049861997675
27,15,795,19.4616381210038,1.52528381347656,1.7,1.5,2,1695,0.319893195115268,1.21171432631339,0.277814875758472,1.74437511349393,-1.23094488019829,21.1952578217266,1.08907881700111
27,16,796,21.1381459596826,1.52734375,1.71666666666667,1.5,2,1696,1.05334970235388,2.1624697870609,1.14722317674748,0.995830449389664,-0.182629837473318,27.9974177729063,1.32449732470892
27,17,797,22.8714792218598,1.52528381347656,1.73333333333333,1.5,2,1697,1.72675227374141,0.688719877820053,-0.0129123861649172,1.51033238071413,0.458659704283917,27.1383387614727,1.18655809264557
27,18,798,24.6635640117153,1.51910400390625,1.75,1.5,2,1698,0.827713412310427,1.26057832649984,2.50991096573419,2.81781918653132,-0.348386727235096,31.5434385631839,1.27894892028584
27,19,799,26.5163917189489,1.50880432128906,1.76666666666667,1.5,2,1699,0.860754719672103,1.34399045500481,1.04705374366259,1.03127213874443,-0.886101782790033,30.8739641294391,1.16433504440109
27,20,800,28.4320212316403,1.494384765625,1.78333333333333,1.5,2,1700,1.34965900202896,1.47387451750115,1.66041964748092,2.53987004325578,0.0365456017756354,35.6045157122684,1.25226818811764
27,21,801,30.4125812241143,1.47584533691406,1.8,1.5,2,1701,2.47419516749593,2.9192583155652,1.41049825786786,2.24011348070742,0.0153519717372975,41.4498749512349,1.3629186765104
27,22,802,32.4602725223537,1.45318603515625,1.81666666666667,1.5,2,1702,1.74389490010699,2.0390357934769,2.85242843367643,1.45652666374476,0.272409859481641,43.2497771061153,1.33239106592009
27,23,803,34.5773705495876,1.42640686035156,1.83333333333333,1.5,2,1703,2.24421598175205,1.15668414589386,2.32234857219426,3.05849397071933,-0.140951704944018,43.2416943762221,1.25057786896227
27,24,804,36.766227854774,1.3955078125,1.85,1.5,2,1704,1.22921565828683,2.45572731238971,1.41530466952326,2.08164785316424,-0.238010964996882,44.9096494763696,1.22149189886332
27,25,805,39.0292767267848,1.36048889160156,1.86666666666667,1.5,2,1705,1.66313803024749,1.11107342325307,2.31511390258627,1.8568183890671,0.522958544511432,47.3615906639331,1.21348881239785
27,26,806,41.369031897199,1.32135009765625,1.88333333333333,1.5,2,1706,2.59465300562913,1.2915140306237,1.75756601492511,2.56162852644329,-0.255363728703794,49.6108136175963,1.19922587845125
27,27,807,43.7880933347085,1.27809143066406,1.9,1.5,2,1707,1.82539879625457,2.16586434585401,3.00267407488551,2.63319239591359,-0.079197645488373,54.6610756177085,1.24830910539742
27,28,808,46.2891491342386,1.230712890625,1.91666666666667,1.5,2,1708,2.04951485587527,2.54292679318196,2.11277578444319,2.16137340621692,-0.997466103915893,55.8571540799061,1.20670081702993
27,29,809,48.8749785039976,1.17921447753906,1.93333333333333,1.5,2,1709,2.09572189620457,2.72703181510879,2.75196502603129,1.87519783978537,-0.134730600080997,60.611762553074,1.24013890969008
27,30,810,51.5484548537714,1.12359619140625,1.95,1.5,2,1710,3.33607308597457,2.07290357825105,2.77707151051741,2.79313177308608,0.0734726009734756,63.5780957117644,1.23336569237852
28,1,811,1.01685340540722,1.052978515625,1.48333333333333,1.5,2,1711,0.889259400094471,-1.13381918758897,0.0109161291269539,-0.334892513458929,0.799312941987218,1.08707978927829,1.06906244646242
28,2,812,2.06817317241739,1.1025390625,1.5,1.5,2,1712,0.862716883999557,-0.0289785108097459,0.158626715321313,-0.172661802322543,1.26128762899041,4.47511217266295,2.16379954654967
28,3,813,3.15512754226943,1.148681640625,1.51666666666667,1.5,2,1713,0.139137617772144,-0.826844074401523,0.0344768234564643,0.785815322133468,0.103981394829512,2.21660215316316,0.702539635392613
28,4,814,4.27892435387168,1.19140625,1.53333333333333,1.5,2,1714,-0.281706238262564,0.235030783976771,-0.112390183869084,-0.687855285642996,-0.0782780953219856,4.05681494524711,0.948092232940832
28,5,815,5.44081238596938,1.230712890625,1.55,1.5,2,1715,-0.290544857883448,0.113152536785002,1.18660864842262,0.188365384601085,0.397950934367839,7.43648542308593,1.36679688538111
28,6,816,6.6420827448051,1.2666015625,1.56666666666667,1.5,2,1716,0.699352655648347,-0.111427835390531,-0.187908886790234,0.853350864445439,-0.672068835649086,6.39938146990821,0.963460064527696
28,7,817,7.88407029881404,1.299072265625,1.58333333333333,1.5,2,1717,0.516843340130542,1.140256201146,-0.0490590148238987,0.798480836855326,0.195268075443137,10.4825723526724,1.32958889956235
28,8,818,9.16815516194857,1.328125,1.6,1.5,2,1718,0.209404700945605,0.829574457958998,0.713006297847956,-0.248580779938574,0.0306030495229925,11.8737024094213,1.2951026896558
28,9,819,10.4957642272801,1.353759765625,1.61666666666667,1.5,2,1719,0.308419549232241,-0.0614395818600066,-0.259487118467439,1.30283896087671,-0.13879357939905,10.2859386228557,0.980008544410797
28,10,820,11.8683727525827,1.3759765625,1.63333333333333,1.5,2,1720,0.16486821191802,0.292224149150545,0.0274454630897158,1.14810250284052,-0.12505572022351,12.4886394661068,1.0522621530731
28,11,821,13.2875059996601,1.394775390625,1.65,1.5,2,1721,0.923690385636446,0.536907176334998,0.34197728984597,1.24122754153399,0.526914733577417,16.5016241274019,1.24189024846529
28,12,822,14.7547409292381,1.41015625,1.66666666666667,1.5,2,1722,1.90150571389841,0.79022445454251,0.49196600446369,1.0160404199716,-0.63931721231238,18.8518336480567,1.27767974635866
28,13,823,16.2717079533052,1.422119140625,1.68333333333333,1.5,2,1723,0.752567031120923,0.0136781434445803,1.62314965258665,1.37005079583013,0.665175516735029,20.464872803279,1.25769666355903
28,14,824,17.8400927468495,1.4306640625,1.7,1.5,2,1724,1.34508693072048,0.330509195132784,1.17972827016192,0.919109814764623,-0.54573013700041,21.5501881795379,1.20796390945578
28,15,825,19.4616381210038,1.435791015625,1.71666666666667,1.5,2,1725,0.864799497880641,0.566183879920735,1.04968613725181,1.17680433399616,-0.194354352390363,23.0554333177292,1.18466046765337
28,16,826,21.1381459596826,1.4375,1.73333333333333,1.5,2,1726,0.0915211900401843,0.854649484363585,0.870691762893502,0.74505887421456,0.216107681875803,24.273245436145,1.1483147804184
28,17,827,22.8714792218598,1.435791015625,1.75,1.5,2,1727,1.56929786713907,1.80214067621836,0.0938329720581774,1.32140209495354,0.115055781338087,28.534214423145,1.24758937305083
28,18,828,24.6635640117153,1.4306640625,1.76666666666667,1.5,2,1728,1.18576060566839,1.93388312783525,0.0359001174558238,0.64800183646954,0.207655855156574,30.0380219874892,1.21791084099691
28,19,829,26.5163917189489,1.422119140625,1.78333333333333,1.5,2,1729,1.17395576195434,1.44712983914551,2.11058190377329,0.836922343011222,-0.095084040354979,33.8374003733856,1.2760936982691
28,20,830,28.4320212316403,1.41015625,1.8,1.5,2,1730,2.12550232864104,1.40683799293672,2.66131069447291,0.785339256739585,-0.0767368452084157,37.87684920855,1.33218981865416
28,21,831,30.4125812241143,1.394775390625,1.81666666666667,1.5,2,1731,1.27921771957778,1.24121702038136,0.785855204250874,0.840203055917998,-0.294462386531603,35.3360006255037,1.16188758741351
28,22,832,32.4602725223537,1.3759765625,1.83333333333333,1.5,2,1732,2.00406853443062,1.98819754636767,1.72778529132635,1.6455575296032,-0.310353746952634,41.1441768804182,1.26752407429988
28,23,833,34.5773705495876,1.353759765625,1.85,1.5,2,1733,2.28683409750868,2.9573252837826,1.42354739377073,1.7361859412858,0.0215584415619043,45.30112584867,1.31013796389472
28,24,834,36.766227854774,1.328125,1.86666666666667,1.5,2,1734,1.86622194574038,1.0708825182213,1.79392611904188,1.41179393235638,0.738706305854533,44.6733800615576,1.21506563681258
28,25,835,39.0292767267848,1.299072265625,1.88333333333333,1.5,2,1735,0.811851759990278,1.89079698296511,1.43721764828698,2.56907538365459,-0.297170845167313,45.5035874438344,1.16588344084292
28,26,836,41.369031897199,1.2666015625,1.9,1.5,2,1736,2.06540764800827,2.59089012603543,1.88070155508887,2.77323622649818,-1.00861805514145,50.7202059683249,1.22604285481863
28,27,837,43.7880933347085,1.230712890625,1.91666666666667,1.5,2,1737,2.66594625807786,2.38564256774097,2.18730349847984,1.98846344680304,1.01685013315289,55.9393947292812,1.2775024091981
28,28,838,46.2891491342386,1.19140625,1.93333333333333,1.5,2,1738,1.82767723948758,1.98345779553472,2.30624600731938,2.39734678754055,-0.1379695831632,55.6227397195299,1.20163668505169
28,29,839,48.8749785039976,1.148681640625,1.95,1.5,2,1739,2.16971815679816,1.90405550934542,2.46000127439195,1.92922792387052,-0.41489030960564,58.3553137612482,1.19397113916838
28,30,840,51.5484548537714,1.1025390625,1.96666666666667,1.5,2,1740,2.81421274082922,2.25014391625741,2.2319412768913,2.36792336325633,-0.202213922136186,62.2222153592278,1.20706266629591
29,1,841,1.01685340540722,1.04115295410156,1.5,1.5,2,1741,-0.0182761001258287,-0.0247262375971386,0.178900635088012,0.755912402850475,-0.104455412930721,1.12463137307735,1.10599164746561
29,2,842,2.06817317241739,1.07965087890625,1.51666666666667,1.5,2,1742,0.460043363217683,0.591196780967786,0.0100962037102012,0.425858867982104,0.454127171547229,3.93077932209736,1.90060454052929
29,3,843,3.15512754226943,1.11549377441406,1.53333333333333,1.5,2,1743,-0.148298292154356,-0.122125625521836,0.359665740286467,-0.0675810122518058,0.69027699447274,4.03221803305064,1.27798891773178
29,4,844,4.27892435387168,1.148681640625,1.55,1.5,2,1744,-0.479721120909461,-0.0739243702138969,0.211083691912222,1.43229430444151,-0.358640388207511,3.57127988549222,0.834620944457883
29,5,845,5.44081238596938,1.17921447753906,1.56666666666667,1.5,2,1745,0.0390740213756308,0.308165137953663,1.20203016988827,0.043048116493852,0.21787907183514,7.99060541379947,1.46864196868935
29,6,846,6.6420827448051,1.20709228515625,1.58333333333333,1.5,2,1746,0.327428901064844,1.00512984617953,0.404678814531276,0.544697406442232,0.00319348197873886,9.23898693877756,1.39097739274681
29,7,847,7.88407029881404,1.23231506347656,1.6,1.5,2,1747,-0.420821563147238,0.0441645766561723,-0.23972193509653,0.311108905861514,0.218606578053938,7.29517254557096,0.925305365005223
29,8,848,9.16815516194857,1.2548828125,1.61666666666667,1.5,2,1748,0.788751031410897,0.471171710439041,0.631848270664064,0.22263899084107,0.493514967516682,12.3609602466636,1.34824946004039
29,9,849,10.4957642272801,1.27479553222656,1.63333333333333,1.5,2,1749,1.39790491825626,0.167555155413538,0.0651699191037177,1.04986036636175,-0.422256146914919,12.2269793238001,1.16494416785967
29,10,850,11.8683727525827,1.29205322265625,1.65,1.5,2,1750,0.47769032001692,0.355015363335016,0.572641482731339,0.686435323641534,-0.0268807661372506,13.9034308774548,1.17146900988842
29,11,851,13.2875059996601,1.30665588378906,1.66666666666667,1.5,2,1751,0.917573952769537,0.261156784261239,1.05244687021444,0.682269388931781,0.583994643905274,17.084385660187,1.28574810507134
29,12,852,14.7547409292381,1.318603515625,1.68333333333333,1.5,2,1752,0.496059079671982,0.408059998008951,1.2213266586932,0.478481290758907,0.410488161870938,18.3382253222104,1.24287003141284
29,13,853,16.2717079533052,1.32789611816406,1.7,1.5,2,1753,0.439570008143014,1.22663715657534,0.688881086246385,1.33496135682857,0.0201506900662593,19.9941667463936,1.22876878098911
29,14,854,17.8400927468495,1.33453369140625,1.71666666666667,1.5,2,1754,-0.06409213537399,0.589468523305752,1.14312109722789,1.33151788686099,-0.150391878437098,20.3307703652516,1.13961124831271
29,15,855,19.4616381210038,1.33851623535156,1.73333333333333,1.5,2,1755,0.405101966232867,0.984397899910549,0.754343300612337,-0.179768434300884,-0.151714621876394,22.6899637019998,1.16588149265358
29,16,856,21.1381459596826,1.33984375,1.75,1.5,2,1756,0.717964654551381,0.891540019839208,1.26961833130637,1.09903067898849,0.238669929989387,25.8033988764717,1.22070303259743
29,17,857,22.8714792218598,1.33851623535156,1.76666666666667,1.5,2,1757,1.77255675199587,1.24836629261547,1.24301995724152,1.43534610128156,-0.107723624070537,29.206328641234,1.27697593836955
29,18,858,24.6635640117153,1.33453369140625,1.78333333333333,1.5,2,1758,-0.0360558150726,1.54914159153331,1.23149916517685,0.468153714333212,0.0896555357196097,29.3149864334491,1.1885949013502
29,19,859,26.5163917189489,1.32789611816406,1.8,1.5,2,1759,0.492519619494073,1.37434538512144,1.23792633603983,1.22165080455688,-0.134755743844793,31.3663620632282,1.18290461219931
29,20,860,28.4320212316403,1.318603515625,1.81666666666667,1.5,2,1760,1.52250542950012,0.948370400659198,2.21932779564672,1.80946567291708,-0.208115946013676,35.2833508855246,1.2409723036595
29,21,861,30.4125812241143,1.30665588378906,1.83333333333333,1.5,2,1761,0.920495321852319,1.938368711877,2.20966120485076,1.24732224749024,-0.0765595995177479,38.4069600319458,1.26286419915889
29,22,862,32.4602725223537,1.29205322265625,1.85,1.5,2,1762,2.38388519303119,1.91055176789552,1.29955686049564,1.34209372323892,-0.46970164688558,40.5545334829167,1.24935899583064
29,23,863,34.5773705495876,1.27479553222656,1.86666666666667,1.5,2,1763,2.23862066306999,2.22989027257502,1.69328157449643,1.32541536800383,-0.210787298364926,43.9227510747391,1.27027447074812
29,24,864,36.766227854774,1.2548828125,1.88333333333333,1.5,2,1764,2.17801269434013,1.89770697248493,0.747617160728266,2.22771170584253,-0.740084119092985,43.4547349704876,1.18191986249264
29,25,865,39.0292767267848,1.23231506347656,1.9,1.5,2,1765,1.53464552936017,1.66933881551226,0.25557233474579,1.42868361600797,0.280665861859229,44.7562116431635,1.1467343337277
29,26,866,41.369031897199,1.20709228515625,1.91666666666667,1.5,2,1766,1.99806908439375,1.69275028806841,2.57279924226412,2.36563555146423,-0.295767454024925,50.5887551356823,1.22286533708098
29,27,867,43.7880933347085,1.17921447753906,1.93333333333333,1.5,2,1767,1.93542950801141,1.74946310868529,2.27045183304499,1.8037326449104,0.515520181651248,53.3738731054888,1.21891292908116
29,28,868,46.2891491342386,1.148681640625,1.95,1.5,2,1768,2.29787214193529,2.17482909527569,2.79318331081877,1.00676389764578,-0.321230347124493,57.0381340310746,1.23221392265526
29,29,869,48.8749785039976,1.11549377441406,1.96666666666667,1.5,2,1769,2.4439642166175,2.20332239342186,2.34486830723198,3.04839563867927,0.812293514770439,60.2640020552066,1.23302360225647
29,30,870,51.5484548537714,1.07965087890625,1.98333333333333,1.5,2,1770,2.95110829991263,1.7705150764792,2.52067836311697,1.87029636410087,-0.159016594267863,61.8681440422776,1.20019395766139
30,1,871,1.01685340540722,1.02838134765625,1.51666666666667,1.5,2,1771,0.238428901279151,0.0818799931701032,0.256931603636395,0.0298748689197928,-0.378062458504771,1.39356884348269,1.37047172785403
30,2,872,2.06817317241739,1.054931640625,1.53333333333333,1.5,2,1772,0.265120478903938,0.17096321473291,0.0902319081390853,0.078857103864714,-1.38289253830086,1.36245607402237,0.658772723770448
30,3,873,3.15512754226943,1.07965087890625,1.55,1.5,2,1773,0.217688592567012,0.118198216402187,-0.407787009685609,0.138297182436,-0.689843004489456,2.27183893896779,0.720046625225709
30,4,874,4.27892435387168,1.1025390625,1.56666666666667,1.5,2,1774,-0.277777952831172,0.163967928217823,-0.0474768162114511,-0.956938022180244,-0.30877680641122,3.84955436698689,0.89965469090467
30,5,875,5.44081238596938,1.12359619140625,1.58333333333333,1.5,2,1775,-0.341282988524234,-0.135317101293667,0.829488020992552,0.484575442347202,-0.51690207791821,5.57042599639412,1.02382247378332
30,6,876,6.6420827448051,1.142822265625,1.6,1.5,2,1776,1.32173089353138,0.76732968698718,2.0242359374861,0.313726476502526,0.398181715815951,12.8148493603218,1.92934202307921
30,7,877,7.88407029881404,1.16021728515625,1.61666666666667,1.5,2,1777,-0.375037486630556,0.142373897340668,0.562422379934627,0.1224772412068,-0.135606842421341,8.3871431857584,1.06380877743062
30,8,878,9.16815516194857,1.17578125,1.63333333333333,1.5,2,1778,-0.0945293535450255,-0.173684806643409,0.0408417704196914,0.341549778782842,0.942379455920305,9.77696624784131,1.06640497189877
30,9,879,10.4957642272801,1.18951416015625,1.65,1.5,2,1779,0.0385143197706411,1.02107702486584,0.552882675756202,1.2758775316883,0.715049762643008,13.770728423322,1.31202722594795
30,10,880,11.8683727525827,1.201416015625,1.66666666666667,1.5,2,1780,0.901996052123867,0.743463988823738,0.682764969628411,0.386459741708509,-0.560688718431226,14.6546106396858,1.23476157559146
30,11,881,13.2875059996601,1.21148681640625,1.68333333333333,1.5,2,1781,0.603321217148458,0.199131271773567,-0.387350674963933,1.1976778719268,-0.56941251349722,13.203187481836,0.993654300677174
30,12,882,14.7547409292381,1.2197265625,1.7,1.5,2,1782,0.744083343172563,1.15249769012219,-0.00705719498707214,0.471849138942605,0.196996002776839,17.8079754311234,1.2069324372775
30,13,883,16.2717079533052,1.22613525390625,1.71666666666667,1.5,2,1783,0.938525770756353,0.669113928728421,0.382373080528311,1.29372016256131,-0.335003995529366,18.8096686904427,1.15597383780612
30,14,884,17.8400927468495,1.230712890625,1.73333333333333,1.5,2,1784,1.02252982577068,0.453747823021997,0.43703104953983,0.481182030545553,-0.0998860227858224,20.4406901625694,1.14577263989724
30,15,885,19.4616381210038,1.23345947265625,1.75,1.5,2,1785,0.802119680470206,0.819654476033319,0.35099095700872,1.26175848216976,-0.125232499560728,22.2866695080945,1.14515897220603
30,16,886,21.1381459596826,1.234375,1.76666666666667,1.5,2,1786,1.07834660399439,2.21573248808055,0.857900359210742,1.24876762093186,0.158496034243195,27.8290373509898,1.3165316108645
30,17,887,22.8714792218598,1.23345947265625,1.78333333333333,1.5,2,1787,0.512475405075876,1.08248168568824,0.896929626795435,1.72169484229922,-0.381624601443839,26.397792376314,1.15417949666692
30,18,888,24.6635640117153,1.230712890625,1.8,1.5,2,1788,1.30800386184479,1.02982304162124,1.24092101447613,1.40480122616173,0.00865903598453305,29.9970632580919,1.21625014307921
30,19,889,26.5163917189489,1.22613525390625,1.81666666666667,1.5,2,1789,1.27439020490788,2.53117537273588,1.42101938578801,0.428067984883584,-0.235494479194091,34.573303003044,1.30384644221173
30,20,890,28.4320212316403,1.2197265625,1.83333333333333,1.5,2,1790,1.55685144394711,1.36401464378162,1.46028878718537,0.660390717277723,0.184934682439504,35.2070156685062,1.23828747107597
30,21,891,30.4125812241143,1.21148681640625,1.85,1.5,2,1791,1.52678547673584,1.87358071484917,0.957615859046942,1.09970815293457,-0.595836582370775,36.5689732293309,1.2024291183918
30,22,892,32.4602725223537,1.201416015625,1.86666666666667,1.5,2,1792,1.68559236365551,2.69067207290721,0.959006554037951,1.58322754033774,1.00892568902089,41.9553935733692,1.29251513660203
30,23,893,34.5773705495876,1.18951416015625,1.88333333333333,1.5,2,1793,1.43994024460241,2.12153142583051,1.89374118139859,1.59451066301224,0.524748255858595,43.6511107402583,1.26241845595685
30,24,894,36.766227854774,1.17578125,1.9,1.5,2,1794,2.35679263873089,0.914439240063588,1.79418821804964,2.95898861222677,0.581200318350208,44.5472176510773,1.21163416130254
30,25,895,39.0292767267848,1.16021728515625,1.91666666666667,1.5,2,1795,2.99238998858967,1.57967430396149,1.77331689428123,1.51752598777327,-0.480249837119788,47.7085339023699,1.22237811979818
30,26,896,41.369031897199,1.142822265625,1.93333333333333,1.5,2,1796,2.1701601780085,1.33280530146607,1.91718387115857,2.85829093318185,-0.860007072475796,48.4416649190297,1.17096443154401
30,27,897,43.7880933347085,1.12359619140625,1.95,1.5,2,1797,2.38145272457596,0.394908298815283,2.156383694594,2.63729392120206,-0.197294597640837,50.271236672996,1.14805721931603
30,28,898,46.2891491342386,1.1025390625,1.96666666666667,1.5,2,1798,1.31911357013637,2.78228078969815,2.59012537232552,3.32690091179276,-0.109149663421705,56.9913806546608,1.23120389379778
30,29,899,48.8749785039976,1.07965087890625,1.98333333333333,1.5,2,1799,2.52358743989983,2.77767616032314,1.83352872786199,2.14903015792822,-0.024317938465908,59.8346047727836,1.22423797624565
30,30,900,51.5484548537714,1.054931640625,2,1.5,2,1800,2.67190527043636,2.06612362100197,3.17126001884168,2.17866478657244,-0.170567016193985,63.0857025183798,1.22381364673949
