"i","j","id","sc","bx1","bx2","bx3","year","eventid","x1","x2","x3","x4","error","y","ratio","y_mean","x1_mean","x2_mean","x3_mean","x4_mean","y_within","x1_within","x2_within","x3_within","x4_within"
1,1,1,1.01685340540722,1.01466369628906,1.03333333333333,1.5,1,1,0.00854963458484926,0.0479058023617097,0.547282433454054,0.262104138934731,0.210060712541939,2.10601543440046,2.07111017497852,2.1103698176105,0.463711062389533,0.289478056459458,0.288387155769361,-0.0726216820035746,-0.00435438321004122,-0.455161427804684,-0.241572254097748,0.258895277684694,0.334725820938306
1,1,1,1.01685340540722,1.01466369628906,1.03333333333333,1.5,2,901,0.441927931303549,-0.0351030788584735,0.227604700507917,0.101902272109624,-0.262773581973471,1.50762192097838,1.48263448099937,2.1103698176105,0.463711062389533,0.289478056459458,0.288387155769361,-0.0726216820035746,-0.602747896632126,-0.0217831310859839,-0.324581135317931,-0.0607824552614435,0.174523954113199
1,1,1,1.01685340540722,1.01466369628906,1.03333333333333,1.5,3,1801,0.940655621280201,0.855631445875137,0.0902743333461103,-0.581871457055079,-0.273394411667947,2.71747209745267,2.6724325089558,2.1103698176105,0.463711062389533,0.289478056459458,0.288387155769361,-0.0726216820035746,0.607102279842167,0.476944558890668,0.56615338941568,-0.19811282242325,-0.509249775051504
1,2,2,2.06817317241739,1.02838134765625,1.05,1.5,1,2,0.523608721419608,-0.0358247489177147,0.29363204582739,-0.305540382061053,-0.457848541714547,2.55162615565839,1.23375846359902,2.89052450039494,0.309776806743834,0.402300630493946,0.0193957892708062,-0.0904732493392533,-0.338898344736553,0.213831914675774,-0.438125379411661,0.274236256556584,-0.2150671327218
1,2,2,2.06817317241739,1.02838134765625,1.05,1.5,2,902,-0.124578123478664,1.0849641915974,-0.257780872711165,-0.105137231647379,0.877006341568691,3.56960678758513,1.72597093666619,2.89052450039494,0.309776806743834,0.402300630493946,0.0193957892708062,-0.0904732493392533,0.67908228719019,-0.434354930222498,0.682663561103458,-0.277176661981971,-0.0146639823081252
1,2,2,2.06817317241739,1.02838134765625,1.05,1.5,3,1802,0.530299822290559,0.157762448802149,0.0223361946961939,0.139257865690671,-0.262337923671666,2.55034055794131,1.23313685331308,2.89052450039494,0.309776806743834,0.402300630493946,0.0193957892708062,-0.0904732493392533,-0.340183942453637,0.220523015546725,-0.244538181691797,0.00294040542538769,0.229731115029925
1,3,3,3.15512754226943,1.04115295410156,1.06666666666667,1.5,1,3,-0.073985008980524,0.124042653882715,0.213697190724052,-0.0874633809014927,0.00259685889414864,3.53355264073192,1.11993971508052,3.21001890496206,-0.111739330142611,0.0328268397353192,0.0949168426107627,0.16473369947613,0.323533735769861,0.0377543211620866,0.0912158141473963,0.118780348113289,-0.252197080377623
1,3,3,3.15512754226943,1.04115295410156,1.06666666666667,1.5,2,903,-0.531098041476894,0.11474530620841,0.12897283304523,0.0748428129447249,-0.098309747778009,2.81971774254701,0.893693742890292,3.21001890496206,-0.111739330142611,0.0328268397353192,0.0949168426107627,0.16473369947613,-0.390301162415042,-0.419358711334284,0.0819184664730908,0.034055990434467,-0.089890886531405
1,3,3,3.15512754226943,1.04115295410156,1.06666666666667,1.5,3,1803,0.269865060029586,-0.140307440885168,-0.0579194959369936,0.506821666385157,0.0772284990622094,3.27678633160724,1.03855907176744,3.21001890496206,-0.111739330142611,0.0328268397353192,0.0949168426107627,0.16473369947613,0.0667674266451805,0.381604390172197,-0.173134280620487,-0.152836338547756,0.342087966909028
1,4,4,4.27892435387168,1.052978515625,1.08333333333333,1.5,1,4,-0.0614712845466056,0.62224695890305,0.752309476520644,0.23660113556885,-0.549369763666049,5.46739173517612,1.27774909837541,4.45834096522174,0.12396085002016,0.0931661422727975,0.0970135308503925,0.355903794347065,1.00905076995439,-0.185432134566766,0.529080816630253,0.655295945670252,-0.119302658778215
1,4,4,4.27892435387168,1.052978515625,1.08333333333333,1.5,2,904,0.695893046055957,-0.651575154225163,0.144342755928073,0.705001507308195,-0.0856082402816622,4.43671759040796,1.03687684648912,4.45834096522174,0.12396085002016,0.0931661422727975,0.0970135308503925,0.355903794347065,-0.021623374813772,0.571932196035797,-0.74474129649796,0.0473292250776808,0.349097712961129
1,4,4,4.27892435387168,1.052978515625,1.08333333333333,1.5,3,1804,-0.262539211448871,0.308826622140505,-0.60561163989754,0.126108740164151,0.0422926512349967,3.47091357008112,0.811164975828692,4.45834096522174,0.12396085002016,0.0931661422727975,0.0970135308503925,0.355903794347065,-0.987427395140613,-0.386500061469031,0.215660479867707,-0.702625170747933,-0.229795054182914
1,5,5,5.44081238596938,1.06385803222656,1.1,1.5,1,5,0.640060835351115,0.296926031153835,-0.227174955596891,-0.229924986381625,-0.234343445640581,5.8732590020046,1.07948199374608,6.55534007509716,0.221972122437698,0.313843356120353,0.436116859917352,-0.151904765908577,-0.68208107309256,0.418088712913418,-0.0169173249665179,-0.663291815514244,-0.0780202204730481
1,5,5,5.44081238596938,1.06385803222656,1.1,1.5,2,905,0.155748799127902,0.0425183300322907,0.471181302837181,0.472732054922051,-0.421085405003889,5.93896370921864,1.09155826150776,6.55534007509716,0.221972122437698,0.313843356120353,0.436116859917352,-0.151904765908577,-0.616376365878524,-0.0662233233097956,-0.271325026088062,0.0350644429198287,0.624636820830628
1,5,5,5.44081238596938,1.06385803222656,1.1,1.5,3,1805,-0.129893267165924,0.602085707174932,1.06434423251177,-0.698521366266157,0.292362497045412,7.85379751406825,1.44349721271798,6.55534007509716,0.221972122437698,0.313843356120353,0.436116859917352,-0.151904765908577,1.29845743897108,-0.351865389603622,0.28824235105458,0.628227372594415,-0.54661660035758
1,6,6,6.6420827448051,1.07379150390625,1.11666666666667,1.5,1,6,0.278163436486846,0.543371729871626,0.307299556004706,0.282483527851718,0.542081863743071,8.55056857570882,1.28733243836753,7.55939936077727,0.311302701206948,0.237718256902933,0.354655936148166,0.201474017433962,0.99116921493155,-0.0331392647201019,0.305653472968693,-0.0473563801434604,0.0810095104177561
1,6,6,6.6420827448051,1.07379150390625,1.11666666666667,1.5,2,906,1.26062360844844,-0.162016983207557,-0.100697974506862,-0.275363130856188,-1.00689007457074,6.65687366426787,1.00222684962399,7.55939936077727,0.311302701206948,0.237718256902933,0.354655936148166,0.201474017433962,-0.902525696509398,0.949320907241495,-0.399735240110491,-0.455353910655028,-0.47683714829015
1,6,6,6.6420827448051,1.07379150390625,1.11666666666667,1.5,3,1806,-0.604878941314445,0.331800024044731,0.857366226946655,0.597301655306356,-0.178372401644654,7.47075584235512,1.12476103195163,7.55939936077727,0.311302701206948,0.237718256902933,0.354655936148166,0.201474017433962,-0.0886435184221517,-0.916181642521393,0.0940817671417978,0.502710290798489,0.395827637872394
1,7,7,7.88407029881404,1.08277893066406,1.13333333333333,1.5,1,7,0.309058940029817,1.35820342276255,0.614809922356117,0.819788675953152,-0.29373760714084,10.3864872962693,1.31740165962645,8.49525129580607,0.220400003429711,0.32856170704801,0.306009538514466,1.19254751394354,1.89123600046318,0.0886589366001062,1.02964171571454,0.308800383841652,-0.372758837990389
1,7,7,7.88407029881404,1.08277893066406,1.13333333333333,1.5,2,907,0.0144609647817811,-0.208044535695796,-0.0511334875072634,1.37914852299837,-0.39536287051126,7.19188141790277,0.912204121135831,8.49525129580607,0.220400003429711,0.32856170704801,0.306009538514466,1.19254751394354,-1.3033698779033,-0.20593903864793,-0.536606242743805,-0.357143026021729,0.186601009054829
1,7,7,7.88407029881404,1.08277893066406,1.13333333333333,1.5,3,1807,0.337680105477534,-0.164473765922724,0.354352180694543,1.3787053428791,-0.687442698746074,7.90738517324619,1.00295721290507,8.49525129580607,0.220400003429711,0.32856170704801,0.306009538514466,1.19254751394354,-0.587866122559883,0.117280102047823,-0.493035472970733,0.0483426421800773,0.18615782893556
1,8,8,9.16815516194857,1.0908203125,1.15,1.5,1,8,-0.0857580978373432,0.219274000688573,0.658093062300822,0.897058568291186,-0.181142189584494,10.1327709915248,1.10521373302884,11.3007555550932,0.729572037009915,0.334101788382855,0.457411706232864,0.852103814278551,-1.1679845635684,-0.815330134847258,-0.114827787694282,0.200681356067958,0.0449547540126354
1,8,8,9.16815516194857,1.0908203125,1.15,1.5,2,908,0.926516794871913,0.177914865648669,0.410536249758982,0.877946568368126,0.668573262424048,11.6677982342257,1.2726440628592,11.3007555550932,0.729572037009915,0.334101788382855,0.457411706232864,0.852103814278551,0.367042679132503,0.196944757861998,-0.156186922734186,-0.0468754564738825,0.0258427540895746
1,8,8,9.16815516194857,1.0908203125,1.15,1.5,3,1808,1.34795741399517,0.605116498811323,0.303605806638789,0.781306306176341,0.311870266418449,12.1016974395291,1.31997083663635,11.3007555550932,0.729572037009915,0.334101788382855,0.457411706232864,0.852103814278551,0.800941884435899,0.61838537698526,0.271014710428469,-0.153805899594075,-0.07079750810221
1,9,9,10.4957642272801,1.09791564941406,1.16666666666667,1.5,1,9,-0.980737626519986,0.564145448966227,0.163365305691138,-0.067620644160254,-0.207968171503554,10.1142465166483,0.963650316225652,11.6278176729403,0.475082025495257,0.346397960045707,0.317019568734474,0.443207696351608,-1.51357115629191,-1.45581965201524,0.217747488920519,-0.153654263043336,-0.510828340511862
1,9,9,10.4957642272801,1.09791564941406,1.16666666666667,1.5,2,909,0.781000027001489,0.517369126938457,0.257794504558464,0.474428647098901,0.0607774196502774,12.4043028703673,1.18183894014375,11.6278176729403,0.475082025495257,0.346397960045707,0.317019568734474,0.443207696351608,0.77648519742708,0.305918001506232,0.17097116689275,-0.0592250641760098,0.0312209507472926
1,9,9,10.4957642272801,1.09791564941406,1.16666666666667,1.5,3,1809,1.62498367600427,-0.042320695767562,0.529898895953819,0.922815086116178,-0.660429802271051,12.3649036318051,1.17808511739115,11.6278176729403,0.475082025495257,0.346397960045707,0.317019568734474,0.443207696351608,0.737085958864833,1.14990165050901,-0.388718655813269,0.212879327219346,0.47960738976457
1,10,10,11.8683727525827,1.10406494140625,1.18333333333333,1.5,1,10,0.29683147122851,0.682187581387292,1.29706016919337,0.201071322039177,0.854560978555616,15.8035005104594,1.33156422029468,14.5241457262342,0.638487000978299,0.394121661399603,0.647134614536126,0.411169683243286,1.27935478422527,-0.341655529749789,0.288065919987689,0.649925554657247,-0.210098361204109
1,10,10,11.8683727525827,1.10406494140625,1.18333333333333,1.5,2,910,0.931118693739158,0.0766021923066459,0.672184877255,0.372658293094848,0.492577962383156,14.4878894644566,1.22071405798271,14.5241457262342,0.638487000978299,0.394121661399603,0.647134614536126,0.411169683243286,-0.0362562617775666,0.292631692760859,-0.317519469092957,0.0250502627188736,-0.0385113901484378
1,10,10,11.8683727525827,1.10406494140625,1.18333333333333,1.5,3,1810,0.687510837967229,0.423575210504871,-0.0278412028399949,0.659779434595833,0.194148976663221,13.2810472037865,1.11902848694202,14.5241457262342,0.638487000978299,0.394121661399603,0.647134614536126,0.411169683243286,-1.2430985224477,0.0490238369889295,0.0294535491052678,-0.674975817376121,0.248609751352547
1,11,11,13.2875059996601,1.10926818847656,1.2,1.5,1,11,0.28447840183197,0.862455561359944,1.75674602859662,0.60374323591113,1.09423865807421,18.367373215722,1.38230403931271,17.1040858201368,0.866306356863037,0.842566229588695,0.920983110261524,0.480481766295155,1.26328739558527,-0.581827955031067,0.0198893317712491,0.835762918335094,0.123261469615975
1,11,11,13.2875059996601,1.10926818847656,1.2,1.5,2,911,0.98461260061811,0.510977185938768,-0.0267084255928255,-0.035524642584505,0.29672898907885,15.2495444093151,1.14766039689504,17.1040858201368,0.866306356863037,0.842566229588695,0.920983110261524,0.480481766295155,-1.85454141082167,0.118306243755073,-0.331589043649927,-0.94769153585435,-0.51600640887966
1,11,11,13.2875059996601,1.10926818847656,1.2,1.5,3,1811,1.32982806813903,1.15426594146737,1.03291172778078,0.87322670555884,-0.00178885784883013,17.6953398353732,1.33172770238642,17.1040858201368,0.866306356863037,0.842566229588695,0.920983110261524,0.480481766295155,0.591254015236402,0.463521711275995,0.311699711878678,0.111928617519255,0.392744939263685
1,12,12,14.7547409292381,1.113525390625,1.21666666666667,1.5,1,12,0.883761978292252,1.24320587818519,0.509552274054631,1.41396447236339,0.535037176032291,18.5507650702417,1.25727487586593,17.9634468926795,0.653230342592933,1.18259148816364,0.458277609717108,0.995579684765618,0.587318177562214,0.230531635699319,0.0606143900215537,0.0512746643375221,0.418384787597772
1,12,12,14.7547409292381,1.113525390625,1.21666666666667,1.5,2,912,0.693224804894391,1.12956160172153,0.212728071333534,0.619118002061749,0.324692694394004,17.5447491010546,1.18909231854338,17.9634468926795,0.653230342592933,1.18259148816364,0.458277609717108,0.995579684765618,-0.41869779162494,0.0399944623014581,-0.0530298864421062,-0.245549538383575,-0.376461682703869
1,12,12,14.7547409292381,1.113525390625,1.21666666666667,1.5,3,1812,0.382704244592156,1.17500698458419,0.652552483763161,0.953656579871715,0.205514127161972,17.7948265067423,1.20604127121472,17.9634468926795,0.653230342592933,1.18259148816364,0.458277609717108,0.995579684765618,-0.16862038593727,-0.270526098000777,-0.00758450357944729,0.194274874046053,-0.041923104893903
1,13,13,16.2717079533052,1.11683654785156,1.23333333333333,1.5,1,13,1.02428469495481,0.905195222937577,1.05936990713608,0.780163550293547,1.07207651627378,21.1932053546367,1.30245733364036,20.1868032963326,0.920327150303514,0.845729953121222,0.877842284560778,0.794179023258401,1.00640205830406,0.103957544651292,0.0594652698163547,0.1815276225753,-0.0140154729648547
1,13,13,16.2717079533052,1.11683654785156,1.23333333333333,1.5,2,913,1.34378277690237,1.16226054654354,0.838037847100755,0.460293758092532,-0.0463679115320485,20.4166372041127,1.25473227903931,20.1868032963326,0.920327150303514,0.845729953121222,0.877842284560778,0.794179023258401,0.229833907780115,0.423455626598852,0.316530593422317,-0.0398044374600228,-0.333885265165869
1,13,13,16.2717079533052,1.11683654785156,1.23333333333333,1.5,3,1813,0.39291397905337,0.46973408988255,0.736119099445501,1.14207976138912,0.556521324951198,18.9505673302484,1.16463295584156,20.1868032963326,0.920327150303514,0.845729953121222,0.877842284560778,0.794179023258401,-1.23623596608418,-0.527413171250144,-0.375995863238672,-0.141723185115277,0.347900738130724
1,14,14,17.8400927468495,1.11920166015625,1.25,1.5,1,14,0.244760096842027,1.00085565351148,1.00802638572597,0.372769367100455,1.25098306400421,22.1281208630576,1.24035907083305,22.1046853494,0.65003982970437,0.768817649547604,1.24834374169238,0.416528956221858,0.0234355136575815,-0.405279732862342,0.232038003963875,-0.240317355966417,-0.043759589121403
1,14,14,17.8400927468495,1.11920166015625,1.25,1.5,2,914,0.847380331421248,0.649299918232886,1.27661109751987,0.202904561326912,0.290625989788402,21.8056497544192,1.2222834300158,22.1046853494,0.65003982970437,0.768817649547604,1.24834374169238,0.416528956221858,-0.299035594980793,0.197340501716878,-0.119517731314718,0.0282673558274869,-0.213624394894946
1,14,14,17.8400927468495,1.11920166015625,1.25,1.5,3,1814,0.857979060849834,0.656297376898446,1.46039374183131,0.673912940238207,0.568978760721279,22.3802854307232,1.25449378253235,22.1046853494,0.65003982970437,0.768817649547604,1.24834374169238,0.416528956221858,0.275600081323212,0.207939231145464,-0.112520272649157,0.21205000013893,0.257383984016349
1,15,15,19.4616381210038,1.12062072753906,1.26666666666667,1.5,1,15,1.00772445048192,1.37854341323201,0.3166325339143,0.517089930483369,-0.317387969625739,22.4946308492014,1.15584467809646,22.4496153838363,0.588442134572806,1.11706491963174,0.833172856258748,1.07217674306797,0.0450154653651254,0.419282315909111,0.261478493600272,-0.516540322344448,-0.555086812584601
1,15,15,19.4616381210038,1.12062072753906,1.26666666666667,1.5,2,915,0.0764833436717793,0.707028412615738,1.26955328164464,1.16189883693142,-0.330462454678445,22.016783731669,1.13129139462868,22.4496153838363,0.588442134572806,1.11706491963174,0.833172856258748,1.07217674306797,-0.432831652167213,-0.511958790901026,-0.410036507016004,0.436380425385892,0.0897220938634524
1,15,15,19.4616381210038,1.12062072753906,1.26666666666667,1.5,3,1815,0.681118609564721,1.26562293304747,0.913332753217304,1.53754146178912,-0.360603693842397,22.8374315706383,1.17345885421594,22.4496153838363,0.588442134572806,1.11706491963174,0.833172856258748,1.07217674306797,0.387816186802088,0.0926764749919153,0.148558013415731,0.0801598969585561,0.465364718721149
1,16,16,21.1381459596826,1.12109375,1.28333333333333,1.5,1,16,0.650388059348107,0.331327778250236,1.26102822140224,0.582459437441568,0.124319754363905,24.3083580166474,1.14997588071402,23.9350912289989,0.622558600930941,0.769022727561018,0.948632286511397,0.827234804428147,0.373266787648571,0.0278294584171656,-0.437694949310782,0.312395934890839,-0.244775366986579
1,16,16,21.1381459596826,1.12109375,1.28333333333333,1.5,2,916,0.60180491584775,1.74130341059922,1.21962133745762,1.08667102668332,-0.552457454458698,25.3244729515555,1.19804608218042,23.9350912289989,0.622558600930941,0.769022727561018,0.948632286511397,0.827234804428147,1.38938172255663,-0.0207536850831915,0.972280683038199,0.270989050946221,0.259436222255174
1,16,16,21.1381459596826,1.12109375,1.28333333333333,1.5,3,1816,0.615482827596967,0.234436993833601,0.365247300674337,0.812573949159552,-0.504448951904834,22.1724427187937,1.04893034427351,23.9350912289989,0.622558600930941,0.769022727561018,0.948632286511397,0.827234804428147,-1.7626485102052,-0.00707577333397413,-0.534585733727417,-0.58338498583706,-0.0146608552685952
1,17,17,22.8714792218598,1.12062072753906,1.3,1.5,1,17,1.89900049727191,1.49458359388061,0.883700729231574,0.830146174882636,-0.277918396737094,27.9901299098647,1.22380059629518,26.9072937418627,1.11506929165563,0.837928579042455,1.00014435186821,1.10733711672071,1.08283616800196,0.783931205616282,0.656655014838152,-0.11644362263664,-0.277190941838076
1,17,17,22.8714792218598,1.12062072753906,1.3,1.5,2,917,1.14075158989273,0.488008356224273,1.84550265839317,1.6595644298769,0.67244516829921,28.2249391174472,1.23406705983716,26.9072937418627,1.11506929165563,0.837928579042455,1.00014435186821,1.10733711672071,1.31764537558447,0.0256822982371019,-0.349920222818182,0.84535830652496,0.552227313156189
1,17,17,22.8714792218598,1.12062072753906,1.3,1.5,3,1817,0.305455787802246,0.531193787022485,0.271229667979894,0.8323007454026,0.19563646415951,24.5068121982763,1.07150097116821,26.9072937418627,1.11506929165563,0.837928579042455,1.00014435186821,1.10733711672071,-2.40048154358644,-0.809613503853384,-0.30673479201997,-0.72891468388832,-0.275036371318113
1,18,18,24.6635640117153,1.11920166015625,1.31666666666667,1.5,1,18,1.09737376060581,0.709574880923034,1.37137138024511,1.50537914216836,0.218753557104551,29.1018307670847,1.17995236833011,29.4220184338863,1.17182772059817,1.27314948152526,1.0167407430795,1.35536594044075,-0.320187666801594,-0.0744539599923524,-0.563574600602224,0.354630637165604,0.150013201727605
1,18,18,24.6635640117153,1.11920166015625,1.31666666666667,1.5,2,918,1.63147284739144,1.18265607133592,1.56569321414222,1.62332852514969,0.0457978648111143,30.441012644299,1.23425035529494,29.4220184338863,1.17182772059817,1.27314948152526,1.0167407430795,1.35536594044075,1.01899421041268,0.459645126793269,-0.0904934101893382,0.548952471062716,0.267962584708934
1,18,18,24.6635640117153,1.11920166015625,1.31666666666667,1.5,3,1818,0.786636553797251,1.92721749231682,0.113157634851185,0.937390154004216,0.472003457783255,28.7232118902753,1.16460102346245,29.4220184338863,1.17182772059817,1.27314948152526,1.0167407430795,1.35536594044075,-0.698806543611084,-0.385191166800916,0.654068010791562,-0.90358310822832,-0.417975786436539
1,19,19,26.5163917189489,1.11683654785156,1.33333333333333,1.5,1,19,2.10494655025813,0.925591302781593,1.64950307979969,1.01103119001136,0.71102015187007,33.286669466163,1.25532424694028,32.6114454118782,1.60286133549794,1.23926258148027,1.45737397492367,1.45247789215127,0.67522405428479,0.502085214760183,-0.313671278698679,0.192129104876018,-0.441446702139908
1,19,19,26.5163917189489,1.11683654785156,1.33333333333333,1.5,2,919,1.04677031805477,1.82392138276601,1.50043485246625,2.07268149778669,0.682736923920856,33.0507474470002,1.24642703265625,32.6114454118782,1.60286133549794,1.23926258148027,1.45737397492367,1.45247789215127,0.439302035122061,-0.556091017443179,0.58465880128574,0.0430608775425783,0.620203605635426
1,19,19,26.5163917189489,1.11683654785156,1.33333333333333,1.5,3,1819,1.65686713818094,0.968275058893211,1.22218399250508,1.27372098865575,0.00576842805249851,31.4969193224713,1.18782825568093,32.6114454118782,1.60286133549794,1.23926258148027,1.45737397492367,1.45247789215127,-1.11452608940686,0.0540058026829962,-0.270987522587061,-0.235189982418596,-0.178756903495518
1,20,20,28.4320212316403,1.113525390625,1.35,1.5,1,20,1.30292612652974,1.60862440661662,1.76824899703751,1.50143383457553,0.162779629477487,34.869658629606,1.22642208042535,34.772291812775,1.50058257367911,1.56074812812548,1.8114078067154,1.58125585301823,0.0973668168309914,-0.197656447149371,0.0478762784911422,-0.0431588096778859,-0.079822018442701
1,20,20,28.4320212316403,1.113525390625,1.35,1.5,2,920,2.19952347796146,2.41325714826276,1.88464394446344,1.37436945017331,-0.844933357572172,36.1211761809039,1.27043996930851,34.772291812775,1.50058257367911,1.56074812812548,1.8114078067154,1.58125585301823,1.34888436812886,0.698940904282347,0.852509020137286,0.0732361377480439,-0.206886402844924
1,20,20,28.4320212316403,1.113525390625,1.35,1.5,3,1820,0.999298116546139,0.660362829497049,1.78133047864524,1.86796427430586,0.217790032808154,33.3260406278152,1.17213054802902,34.772291812775,1.50058257367911,1.56074812812548,1.8114078067154,1.58125585301823,-1.44625118495986,-0.501284457132975,-0.900385298628428,-0.0300773280701583,0.286708421287625
1,21,21,30.4125812241143,1.10926818847656,1.36666666666667,1.5,1,21,2.16219050233218,1.30490266730942,2.8094901562343,1.70601266557658,-0.448075603000515,38.3605569757847,1.26133841429311,36.5223797408288,1.52614580039976,1.24221359700143,1.74969554242763,1.40209613875663,1.83817723495585,0.636044701932418,0.0626890703079939,1.05979461380667,0.30391652681995
1,21,21,30.4125812241143,1.10926818847656,1.36666666666667,1.5,2,921,1.24965726886662,1.00831007687015,1.2340948031853,1.45316094676897,0.542806949809373,35.5707592052764,1.16960671450906,36.5223797408288,1.52614580039976,1.24221359700143,1.74969554242763,1.40209613875663,-0.951620535552436,-0.276488531533149,-0.23390352013128,-0.515600739242331,0.0510648080123379
1,21,21,30.4125812241143,1.10926818847656,1.36666666666667,1.5,3,1821,1.1665896300005,1.41342804682472,1.2055016678633,1.04711480392435,0.189243552622867,35.6358230414254,1.17174608688491,36.5223797408288,1.52614580039976,1.24221359700143,1.74969554242763,1.40209613875663,-0.886556699403421,-0.359556170399269,0.171214449823286,-0.544193874564334,-0.354981334832288
1,22,22,32.4602725223537,1.10406494140625,1.38333333333333,1.5,1,22,1.61826880820672,2.41918854967198,1.81361712047445,2.47846322396644,0.0570240210202028,40.3709402413774,1.24370305928812,38.7339504305655,1.24103400247366,1.6810065266956,1.63241710243538,2.12962399069757,1.63698981081189,0.37723480573306,0.738182022976373,0.181200018039071,0.348839233268868
1,22,22,32.4602725223537,1.10406494140625,1.38333333333333,1.5,2,922,1.5309423425663,1.19859939415901,1.85776944780302,1.23149775451277,-0.141955634223882,38.4532933228294,1.18462632426603,38.7339504305655,1.24103400247366,1.6810065266956,1.63241710243538,2.12962399069757,-0.280657107736111,0.289908340092649,-0.482407132536599,0.225352345367643,-0.898126236184803
1,22,22,32.4602725223537,1.10406494140625,1.38333333333333,1.5,3,1822,0.573890856647948,1.42523163625583,1.22586473902866,2.67891099361351,0.473364891420595,37.3776177274897,1.15148810601481,38.7339504305655,1.24103400247366,1.6810065266956,1.63241710243538,2.12962399069757,-1.35633270307578,-0.667143145825708,-0.255774890439773,-0.406552363406715,0.549287002915935
1,23,23,34.5773705495876,1.09791564941406,1.4,1.5,1,23,1.52882713664976,1.83834091025804,1.26770949791349,0.857978188691196,0.131521138050895,40.8626564474467,1.18177454786058,40.3091914461667,1.55711721485289,1.75897648990054,1.36428443619393,1.08999714275028,0.553465001279925,-0.028290078203131,0.0793644203574977,-0.0965749382804357,-0.232018954059089
1,23,23,34.5773705495876,1.09791564941406,1.4,1.5,2,923,1.6763379860854,1.561110590976,1.26531051406866,1.38950916707921,-0.997416150936478,39.503952705751,1.14247995373443,40.3091914461667,1.55711721485289,1.75897648990054,1.36428443619393,1.08999714275028,-0.805238740415795,0.119220771232501,-0.197865898924539,-0.0989739221252643,0.299512024328924
1,23,23,34.5773705495876,1.09791564941406,1.4,1.5,3,1823,1.46618652182352,1.87747796846758,1.55983329659963,1.02250407248045,-0.594373592309079,40.5609651853026,1.17304944073564,40.3091914461667,1.55711721485289,1.75897648990054,1.36428443619393,1.08999714275028,0.251773739135864,-0.0909306930293705,0.118501478567041,0.1955488604057,-0.0674930702698342
1,24,24,36.766227854774,1.0908203125,1.41666666666667,1.5,1,24,1.84930420464931,0.99136132298088,2.29839594744325,2.22875474011883,0.974788286360172,44.6102971936118,1.21334985383384,44.4241667014101,1.58240367009377,1.55386481266772,2.33060610224223,2.11580540105301,0.186130492201706,0.266900534555533,-0.562503489686842,-0.0322101547989759,0.112949339065817
1,24,24,36.766227854774,1.0908203125,1.41666666666667,1.5,2,924,0.960509256937663,1.4164533768187,2.5805334663758,2.69718580103194,-0.288439191938821,43.4029741540373,1.18051202656629,44.4241667014101,1.58240367009377,1.55386481266772,2.33060610224223,2.11580540105301,-1.0211925473728,-0.621894413156111,-0.137411435849027,0.249927364133572,0.581380399978928
1,24,24,36.766227854774,1.0908203125,1.41666666666667,1.5,3,1824,1.93739754869435,2.25377973820359,2.11288889290763,1.42147566200827,0.0174603338204297,45.2592287565812,1.23100006166949,44.4241667014101,1.58240367009377,1.55386481266772,2.33060610224223,2.11580540105301,0.8350620551711,0.354993878600578,0.699914925535869,-0.217717209334596,-0.694329739044744
1,25,25,39.0292767267848,1.08277893066406,1.43333333333333,1.5,1,25,2.82284752693813,2.228305941846,2.06998623116845,1.47540263051928,0.757702729814064,49.1423838133098,1.25911592360062,47.1287419979349,2.17663120371089,1.69156122323152,1.89653529933425,1.43136107544673,2.0136418153749,0.646216323227244,0.53674471861448,0.173450931834195,0.0440415550725537
1,25,25,39.0292767267848,1.08277893066406,1.43333333333333,1.5,2,925,2.19978481121676,1.58066360836033,1.85675394279858,1.37179313101616,0.974989317002181,47.4368954422149,1.21541825574391,47.1287419979349,2.17663120371089,1.69156122323152,1.89653529933425,1.43136107544673,0.308153444279995,0.0231536075058667,-0.110897614871189,-0.0397813565356675,-0.0595679444305728
1,25,25,39.0292767267848,1.08277893066406,1.43333333333333,1.5,3,1825,1.50726127297778,1.26571411948823,1.76286572403572,1.44688746480475,-0.312849561877658,44.80694673828,1.14803425776861,47.1287419979349,2.17663120371089,1.69156122323152,1.89653529933425,1.43136107544673,-2.3217952596549,-0.66936993073311,-0.425847103743291,-0.133669575298528,0.0155263893580193
1,26,26,41.369031897199,1.07379150390625,1.45,1.5,1,26,1.51486451520694,3.2074142962103,2.48779435315995,2.47148338091647,0.123725316392319,51.5018481188345,1.24493723340723,49.803019806196,2.1276799457944,2.05428741588006,2.10118973141564,1.99668402659241,1.69882831263851,-0.612815430587461,1.15312688033024,0.386604621744304,0.474799354324066
1,26,26,41.369031897199,1.07379150390625,1.45,1.5,2,926,2.34701658446504,1.71725187372477,1.43816688060123,1.3579624899077,0.504708686879895,49.0412125898073,1.18545710017274,49.803019806196,2.1276799457944,2.05428741588006,2.10118973141564,1.99668402659241,-0.76180721638864,0.219336638670639,-0.337035542155287,-0.663022850814407,-0.638721536684711
1,26,26,41.369031897199,1.07379150390625,1.45,1.5,3,1826,2.52115873771122,1.2381960777051,2.37760796048574,2.16060620895305,-0.572028273207274,48.8659987099461,1.18122171269023,49.803019806196,2.1276799457944,2.05428741588006,2.10118973141564,1.99668402659241,-0.937021096249872,0.393478791916823,-0.816091338174956,0.276418229070103,0.163922182360645
1,27,27,43.7880933347085,1.06385803222656,1.46666666666667,1.5,1,27,1.65915992549052,1.92479613306735,2.2534811500386,1.82492812342641,-0.318441270459097,51.4380187312876,1.17470332261568,52.3543490165259,1.80868443473633,2.47126256145002,2.17974813660854,2.12506962086606,-0.916330285238352,-0.149524509245814,-0.546466428382669,0.0737330134300564,-0.300141497439655
1,27,27,43.7880933347085,1.06385803222656,1.46666666666667,1.5,2,927,1.86923796096077,2.90337957509184,2.35023279298715,2.01223521219114,0.10410043436401,53.6644368209322,1.22554860771696,52.3543490165259,1.80868443473633,2.47126256145002,2.17974813660854,2.12506962086606,1.31008780440623,0.0605535262244381,0.432117013641817,0.170484656378608,-0.11283440867492
1,27,27,43.7880933347085,1.06385803222656,1.46666666666667,1.5,3,1827,1.89765541775771,2.58561197619087,1.93553046679987,2.53804552698064,-0.541864394543312,51.9605914973581,1.18663745187945,52.3543490165259,1.80868443473633,2.47126256145002,2.17974813660854,2.12506962086606,-0.39375751916787,0.0889709830213763,0.114349414740851,-0.244217669808664,0.412975906114574
1,28,28,46.2891491342386,1.052978515625,1.48333333333333,1.5,1,28,3.29003811639074,2.73769574308759,2.94841448588953,2.26198318262915,0.130921250728847,58.3679469181952,1.26094231606911,56.5009943143202,2.95450195487962,2.39070941097541,2.20340612937803,2.38723345958475,1.86695260387491,0.335536161511117,0.346986332112179,0.74500835651149,-0.125250276955606
1,28,28,46.2891491342386,1.052978515625,1.48333333333333,1.5,2,928,2.03449603248608,2.16063629126612,1.90531357950729,2.53483844443077,0.136501703608138,54.6308456514846,1.18020846512117,56.5009943143202,2.95450195487962,2.39070941097541,2.20340612937803,2.38723345958475,-1.87014866283565,-0.920005922393549,-0.230073119709293,-0.298092549870744,0.147604984846017
1,28,28,46.2891491342386,1.052978515625,1.48333333333333,1.5,3,1828,3.53897171576206,2.27379619857253,1.75649032273729,2.36487875169434,0.481046876285169,56.504190373281,1.2206789588942,56.5009943143202,2.95450195487962,2.39070941097541,2.20340612937803,2.38723345958475,0.00319605896073227,0.584469760882432,-0.116913212402887,-0.446915806640746,-0.0223547078904112
1,29,29,48.8749785039976,1.04115295410156,1.5,1.5,1,29,2.74510229650343,1.4663062118215,2.90819030082629,2.73084549593048,0.361310411604605,58.6561050498895,1.20012543934095,57.6856162434714,2.6101490314296,1.50857343958634,2.59702505507774,2.77207578263345,0.970488806418082,0.134953265073839,-0.0422672277648368,0.311165245748558,-0.0412302867029748
1,29,29,48.8749785039976,1.04115295410156,1.5,1.5,2,929,2.53644994499468,1.70086211453006,2.35648998878135,2.76856426548901,0.171311790890606,57.7731508030173,1.18205987135712,57.6856162434714,2.6101490314296,1.50857343958634,2.59702505507774,2.77207578263345,0.0875345595459223,-0.0736990864349178,0.19228867494372,-0.240535066296385,-0.00351151714444375
1,29,29,48.8749785039976,1.04115295410156,1.5,1.5,3,1829,2.54889485279067,1.35855199240746,2.52639487562556,2.81681758648087,-0.728595334217048,56.6275928775074,1.15862133571835,57.6856162434714,2.6101490314296,1.50857343958634,2.59702505507774,2.77207578263345,-1.058023365964,-0.0612541786389209,-0.150021447178884,-0.0706301794521735,0.044741803847419
1,30,30,51.5484548537714,1.02838134765625,1.51666666666667,1.5,1,30,1.56711800227088,2.7064311243468,2.84262647639621,1.27478902538634,0.136223744189347,61.6649671075927,1.19625248288274,62.0844207180148,2.48682377354797,2.5790139795874,2.61910248117809,1.95988618582414,-0.419453610422117,-0.919705771277096,0.127417144759392,0.223523995218127,-0.685097160437799
1,30,30,51.5484548537714,1.02838134765625,1.51666666666667,1.5,2,930,3.00639329438138,3.20599254912065,2.38305973063412,2.07872294018908,0.289543216520711,63.3667284867369,1.22926533232646,62.0844207180148,2.48682377354797,2.5790139795874,2.61910248117809,1.95988618582414,1.28230776872207,0.519569520833401,0.626978569533249,-0.236042750543966,0.118836754364949
1,30,30,51.5484548537714,1.02838134765625,1.51666666666667,1.5,3,1830,2.88696002399167,1.82461826529476,2.63162123650393,2.52614659189699,-0.0105536912783996,61.2215665597148,1.1876508565268,62.0844207180148,2.48682377354797,2.5790139795874,2.61910248117809,1.95988618582414,-0.86285415829996,0.400136250443694,-0.754395714292642,0.0125187553258392,0.56626040607285
2,1,31,1.01685340540722,1.02838134765625,1.05,1.5,1,31,0.804180441708132,0.47497872081413,0.0178595367950003,-0.651764013230467,-0.324386246095501,2.04498828776167,2.01109449689329,0.774488785400474,-0.144994068650681,0.140755397580983,-0.122329467415911,-0.340242803013757,1.27049950236119,0.949174510358813,0.334223323233146,0.140189004210912,-0.311521210216709
2,1,31,1.01685340540722,1.02838134765625,1.05,1.5,2,931,-0.254276625472932,0.559915184177717,-0.460721503649474,0.040086648588762,-0.196594476606739,0.455594277931539,0.448043223840201,0.774488785400474,-0.144994068650681,0.140755397580983,-0.122329467415911,-0.340242803013757,-0.318894507468935,-0.109282556822251,0.419159786596733,-0.338392036233563,0.380329451602519
2,1,31,1.01685340540722,1.02838134765625,1.05,1.5,3,1831,-0.984886022187244,-0.612627712248896,0.0758735646067396,-0.409051044399568,0.348317550836946,-0.177116209491783,-0.174180672012258,0.774488785400474,-0.144994068650681,0.140755397580983,-0.122329467415911,-0.340242803013757,-0.951604994892257,-0.839891953536563,-0.753383109829879,0.198203032022651,-0.0688082413858102
2,2,32,2.06817317241739,1.054931640625,1.06666666666667,1.5,1,32,0.58526420320566,0.455247212708062,0.560921413708127,-0.810423236058518,0.14331682865213,4.15588287460714,2.00944627366456,3.14667626792536,0.445590092579947,0.076149373118148,0.204162836505294,-0.0943564772878767,1.00920660668179,0.139674110625713,0.379097839589914,0.356758577202833,-0.716066758770641
2,2,32,2.06817317241739,1.054931640625,1.06666666666667,1.5,2,932,0.163789638557864,0.219282454937161,0.26612092555565,0.235124355704658,-0.180425771391625,2.69361694674677,1.3024136386018,3.14667626792536,0.445590092579947,0.076149373118148,0.204162836505294,-0.0943564772878767,-0.453059321178586,-0.281800454022083,0.143133081819013,0.0619580890503561,0.329480832992534
2,2,32,2.06817317241739,1.054931640625,1.06666666666667,1.5,3,1832,0.587716435976316,-0.446081548290779,-0.214553829747895,0.29222944849023,0.700006208776665,2.59052898242216,1.25256870022843,3.14667626792536,0.445590092579947,0.076149373118148,0.204162836505294,-0.0943564772878767,-0.5561472855032,0.142126343396369,-0.522230921408927,-0.418716666253189,0.386585925778107
2,3,33,3.15512754226943,1.07965087890625,1.08333333333333,1.5,1,33,-0.619189328991991,0.438493555319302,0.468577342242559,1.12226383098365,0.570242209514386,4.23476214682132,1.34218413997151,3.50066331302674,-0.326423078172397,-0.0538399893038438,0.376800641757339,0.243094416001491,0.73409883379458,-0.292766250819594,0.492333544623145,0.0917767004852202,0.879169414982161
2,3,33,3.15512754226943,1.07965087890625,1.08333333333333,1.5,2,933,-0.181930363296906,-0.675246637827208,0.760225145406665,0.0974275994745089,0.197148973290864,3.56467576605758,1.12980401530569,3.50066331302674,-0.326423078172397,-0.0538399893038438,0.376800641757339,0.243094416001491,0.0640124530308359,0.144492714875491,-0.621406648523364,0.383424503649327,-0.145666816526982
2,3,33,3.15512754226943,1.07965087890625,1.08333333333333,1.5,3,1833,-0.178149542228295,0.0752331145963748,-0.098400562377208,-0.490408182453687,-0.194137903471506,2.70255202620133,0.85655872543822,3.50066331302674,-0.326423078172397,-0.0538399893038438,0.376800641757339,0.243094416001491,-0.798111286825416,0.148273535944103,0.129073103900219,-0.475201204134547,-0.733502598455179
2,4,34,4.27892435387168,1.1025390625,1.1,1.5,1,34,-0.172874971668274,0.471268819796901,-0.614851391723911,-0.027001853110953,0.681319362418456,4.36576092128801,1.02029401789675,5.62662854544429,0.294014173821553,0.369003518197225,0.174486436230576,-0.034777785752092,-1.26086762415628,-0.466889145489827,0.102265301599676,-0.789337827954487,0.00777593264113893
2,4,34,4.27892435387168,1.1025390625,1.1,1.5,2,934,0.349236552683634,0.195020108057049,0.126403079359943,0.0364365128279247,-0.0698990588539964,4.9981989743069,1.16809706387644,5.62662854544429,0.294014173821553,0.369003518197225,0.174486436230576,-0.034777785752092,-0.628429571137387,0.055222378862081,-0.173983410140175,-0.0480833568706322,0.0712142985800167
2,4,34,4.27892435387168,1.1025390625,1.1,1.5,3,1834,0.705680940449298,0.440721626737725,1.0119076210557,-0.113768016973248,0.456305363364144,7.51592574073795,1.75649885792848,5.62662854544429,0.294014173821553,0.369003518197225,0.174486436230576,-0.034777785752092,1.88929719529367,0.411666766627746,0.0717181085404997,0.837421184825119,-0.0789902312211556
2,5,35,5.44081238596938,1.12359619140625,1.11666666666667,1.5,1,35,0.902429597061346,0.417525874295856,0.140811255124184,0.354814272735903,0.595810546896658,7.72804350011975,1.42038411764549,7.55577094583121,0.722833547808862,0.25015321501186,0.448088079645036,0.0399592377331149,0.17227255428854,0.179596049252484,0.167372659283996,-0.307276824520852,0.314855035002788
2,5,35,5.44081238596938,1.12359619140625,1.11666666666667,1.5,2,935,0.622736026295865,0.475511779092951,0.33012908879274,0.0406297180832179,0.108840593370428,7.27553859324687,1.33721548862976,7.55577094583121,0.722833547808862,0.25015321501186,0.448088079645036,0.0399592377331149,-0.280232352584342,-0.100097521512997,0.22535856408109,-0.117958990852296,0.000670480350102982
2,5,35,5.44081238596938,1.12359619140625,1.11666666666667,1.5,3,1835,0.643335020069375,-0.142578008353226,0.873323895018185,-0.275566277619776,0.349295846609919,7.66373074412702,1.40856368506476,7.55577094583121,0.722833547808862,0.25015321501186,0.448088079645036,0.0399592377331149,0.107959798295802,-0.0794985277394872,-0.392731223365086,0.425235815373149,-0.315525515352891
2,6,36,6.6420827448051,1.142822265625,1.13333333333333,1.5,1,36,0.546332026680784,0.923666953738678,-0.102340751586422,0.696664521984991,0.336804947754207,8.496559517265,1.27920109455281,7.22411885495828,0.539845736228786,0.341940510286041,-0.168309455666621,0.528375608867534,1.27244066230673,0.006486290451998,0.581726443452636,0.0659687040801996,0.168288913117457
2,6,36,6.6420827448051,1.142822265625,1.13333333333333,1.5,2,936,0.396070460151598,-0.617272314969715,-0.208178318321567,-0.0925533495667182,-0.794429703489168,5.28844841415215,0.796203332198527,7.22411885495828,0.539845736228786,0.341940510286041,-0.168309455666621,0.528375608867534,-1.93567044080612,-0.143775276077188,-0.959212825255756,-0.0398688626549456,-0.620928958434252
2,6,36,6.6420827448051,1.142822265625,1.13333333333333,1.5,3,1836,0.677134721853976,0.719426892089162,-0.194409297091875,0.981015654184329,-0.0523152803731733,7.88734863345768,1.18748123690969,7.22411885495828,0.539845736228786,0.341940510286041,-0.168309455666621,0.528375608867534,0.663229778499398,0.13728898562519,0.37748638180312,-0.026099841425254,0.452640045316795
2,7,37,7.88407029881404,1.16021728515625,1.15,1.5,1,37,0.816495283418803,0.547988809181595,0.139352171635401,1.28313059818825,0.424852231541127,10.0954498594382,1.28048704245531,8.9679916190149,0.613401418645612,0.361952510889113,0.116057858857562,0.400283216380754,1.12745824042325,0.203093864773191,0.186036298292481,0.0232943127778391,0.882847381807498
2,7,37,7.88407029881404,1.16021728515625,1.15,1.5,2,937,0.337326153949196,0.787040549841726,-0.207461560770672,0.537938828213907,-1.05570659649627,7.81363962802688,0.99106671197519,8.9679916190149,0.613401418645612,0.361952510889113,0.116057858857562,0.400283216380754,-1.15435199098801,-0.276075264696417,0.425088038952612,-0.323519419628235,0.137655611833153
2,7,37,7.88407029881404,1.16021728515625,1.15,1.5,3,1837,0.686382818568838,-0.24917182635598,0.416282965707958,-0.620219777259897,-0.0234149878247774,8.99488536957966,1.14089360300766,8.9679916190149,0.613401418645612,0.361952510889113,0.116057858857562,0.400283216380754,0.0268937505647582,0.0729813999232258,-0.611124337245094,0.300225106850395,-1.02050299364065
2,8,38,9.16815516194857,1.17578125,1.16666666666667,1.5,1,38,0.108832482036451,0.279872815217912,0.00513783986323213,0.361651122500823,0.65498466934037,10.2853280672741,1.12185362110387,9.49945624786632,0.0782653543095015,0.299070658741189,-0.187448122604374,0.253159590199369,0.785871819407779,0.0305671277269493,-0.0191978435232777,0.192585962467606,0.108491532301455
2,8,38,9.16815516194857,1.17578125,1.16666666666667,1.5,2,938,0.564246029189793,0.348398820105496,-0.358038298249045,0.271724615505385,-0.0514662476794776,9.64952665852691,1.05250472838595,9.49945624786632,0.0782653543095015,0.299070658741189,-0.187448122604374,0.253159590199369,0.150070410660586,0.485980674880291,0.0493281613643069,-0.170590175644671,0.0185650253060162
2,8,38,9.16815516194857,1.17578125,1.16666666666667,1.5,3,1838,-0.438282448297739,0.26894034090016,-0.209443909427309,0.126103032591898,-0.0889147261472514,8.56351401779796,0.934049856981031,9.49945624786632,0.0782653543095015,0.299070658741189,-0.187448122604374,0.253159590199369,-0.935942230068363,-0.516547802607241,-0.0301303178410292,-0.0219957868229353,-0.127056557607471
2,9,39,10.4957642272801,1.18951416015625,1.18333333333333,1.5,1,39,0.492357073072072,0.608107759589434,0.759186468337854,0.583336818994366,-0.606361523545613,12.3334422986944,1.17508759072902,11.9646384227373,0.514500054431645,0.322810759294263,0.592012543343961,0.491284166065748,0.368803875957136,-0.0221429813595733,0.285297000295171,0.167173924993893,0.0920526529286186
2,9,39,10.4957642272801,1.18951416015625,1.18333333333333,1.5,2,939,0.469193923715031,0.675560504524843,1.16134494282206,0.0946990659480935,-0.373595699265941,13.2217120220533,1.25971884807473,11.9646384227373,0.514500054431645,0.322810759294263,0.592012543343961,0.491284166065748,1.25707359931601,-0.0453061307166135,0.35274974523058,0.5693323994781,-0.396585100117654
2,9,39,10.4957642272801,1.18951416015625,1.18333333333333,1.5,3,1839,0.581949166507832,-0.315235986231488,-0.144493781128032,0.795816613254783,-0.259470131802185,10.3387609474641,0.985041272229812,11.9646384227373,0.514500054431645,0.322810759294263,0.592012543343961,0.491284166065748,-1.62587747527314,0.067449112076187,-0.638046745525751,-0.736506324471993,0.304532447189035
2,10,40,11.8683727525827,1.201416015625,1.2,1.5,1,40,0.828910460340913,0.838159571961222,0.0429753339546715,0.172925762836266,0.0926966943231726,14.027190236764,1.18189667018265,13.3577600742799,0.581945072733623,0.741721560180377,-0.126376219893307,0.498504461847857,0.669430162484103,0.24696538760729,0.0964380117808447,0.169351553847978,-0.325578699011591
2,10,40,11.8683727525827,1.201416015625,1.2,1.5,2,940,0.181633123765305,0.170593952690359,0.093550720482008,1.07491855335361,0.148771166674182,12.5803996870679,1.05999364439664,13.3577600742799,0.581945072733623,0.741721560180377,-0.126376219893307,0.498504461847857,-0.777360387211946,-0.400311948968317,-0.571127607490018,0.219926940375315,0.576414091505754
2,10,40,11.8683727525827,1.201416015625,1.2,1.5,3,1840,0.73529163409465,1.21641115588955,-0.5156547141166,0.247669069353693,0.0277150851761017,13.4656902990077,1.13458606160457,13.3577600742799,0.581945072733623,0.741721560180377,-0.126376219893307,0.498504461847857,0.107930224727845,0.153346561361027,0.474689595709174,-0.389278494223293,-0.250835392494163
2,11,41,13.2875059996601,1.21148681640625,1.21666666666667,1.5,1,41,0.846125610825386,0.850977163583285,0.916189761867146,0.720586573760258,0.0512674161550721,16.7734836301809,1.26235003247486,15.3958036089307,0.127021371109482,0.636081971610364,0.570421350100125,0.207057458734397,1.37768002125019,0.719104239715904,0.21489519197292,0.345768411767021,0.513529115025861
2,11,41,13.2875059996601,1.21148681640625,1.21666666666667,1.5,2,941,-0.539373536735785,0.690124506055456,0.235442086988065,0.0902583726325485,0.348483488746231,14.1753601723821,1.06681872224514,15.3958036089307,0.127021371109482,0.636081971610364,0.570421350100125,0.207057458734397,-1.22044343654859,-0.666394907845267,0.0540425344450919,-0.33497926311206,-0.116799086101848
2,11,41,13.2875059996601,1.21148681640625,1.21666666666667,1.5,3,1841,0.0743120392388449,0.367144245192352,0.559632201445163,-0.189672570189615,0.574892501579082,15.2385670242291,1.14683425351747,15.3958036089307,0.127021371109482,0.636081971610364,0.570421350100125,0.207057458734397,-0.157236584701597,-0.0527093318706371,-0.268937726418012,-0.0107891486549615,-0.396730028924012
2,12,42,14.7547409292381,1.2197265625,1.23333333333333,1.5,1,42,0.430459091874317,0.467535573018897,0.731602479461136,0.496519428001956,-1.15998552182632,15.7938287217555,1.07042399439616,16.931274815943,0.152818811689282,0.908971952141826,0.720437470142235,0.725488136228605,-1.13744609418749,0.277640280185035,-0.441436379122929,0.0111650093189016,-0.228968708226648
2,12,42,14.7547409292381,1.2197265625,1.23333333333333,1.5,2,942,0.306986058583946,1.46553637148524,0.577617678974019,0.633146102339914,0.128576657179511,17.9316780130158,1.2153163582481,16.931274815943,0.152818811689282,0.908971952141826,0.720437470142235,0.725488136228605,1.00040319707279,0.154167246894664,0.556564419343419,-0.142819791168216,-0.0923420338886908
2,12,42,14.7547409292381,1.2197265625,1.23333333333333,1.5,3,1842,-0.278988715390418,0.793843911921337,0.852092251991549,1.04679887834394,0.396654194595413,17.0683177130577,1.15680226409364,16.931274815943,0.152818811689282,0.908971952141826,0.720437470142235,0.725488136228605,0.1370428971147,-0.4318075270797,-0.115128040220489,0.131654781849314,0.321310742115339
2,13,43,16.2717079533052,1.22613525390625,1.25,1.5,1,43,0.928060042886742,1.17720782241756,0.525829437866328,-0.233561358560197,-0.311454004395715,19.3584350200561,1.18969902087776,19.6992957147799,0.859990435956385,1.03148939546845,0.679159829694623,0.285029076135404,-0.340860694723791,0.0680696069303562,0.145718426949111,-0.153330391828295,-0.5185904346956
2,13,43,16.2717079533052,1.22613525390625,1.25,1.5,2,943,0.832779984503256,1.08492762002652,0.782175613479894,0.801283381796308,0.208163338784565,20.0303951350897,1.23099524601663,19.6992957147799,0.859990435956385,1.03148939546845,0.679159829694623,0.285029076135404,0.331099420309805,-0.0272104514531289,0.053438224558072,0.103015783785271,0.516254305660905
2,13,43,16.2717079533052,1.22613525390625,1.25,1.5,3,1843,0.819131280479158,0.832332743961268,0.729474437737647,0.287365205170099,0.298355708757759,19.7090569891939,1.21124697209124,19.6992957147799,0.859990435956385,1.03148939546845,0.679159829694623,0.285029076135404,0.00976127441398233,-0.0408591554772272,-0.199156651507183,0.0503146080430238,0.00233612903469554
2,14,44,17.8400927468495,1.230712890625,1.26666666666667,1.5,1,44,0.760976220470527,0.78738094098702,0.879781760025779,1.63511263559512,0.0071807992825103,21.1008386220797,1.18277628493866,21.4536634446346,0.953733313227442,0.923291877021516,0.9824211809184,1.18331904060957,-0.352824822554879,-0.192757092756916,-0.135910936034497,-0.10263942089262,0.451793594985554
2,14,44,17.8400927468495,1.230712890625,1.26666666666667,1.5,2,944,1.67519861050892,0.820829094704254,1.30610322800592,1.3666329274328,-0.688011160863688,22.2126418055971,1.24509676719701,21.4536634446346,0.953733313227442,0.923291877021516,0.9824211809184,1.18331904060957,0.758978360962544,0.721465297281478,-0.102462782317263,0.32368204708752,0.183313886823229
2,14,44,17.8400927468495,1.230712890625,1.26666666666667,1.5,3,1844,0.42502510870288,1.16166559537328,0.7613785547235,0.548211558800787,0.0708223596994586,21.0475099062269,1.17978702268484,21.4536634446346,0.953733313227442,0.923291877021516,0.9824211809184,1.18331904060957,-0.406153538407665,-0.528708204524563,0.238373718351759,-0.221042626194899,-0.635107481808783
2,15,45,19.4616381210038,1.23345947265625,1.28333333333333,1.5,1,45,1.2793599013962,1.42955132190551,0.977091886831903,0.411637502275772,0.116603107697451,24.4565085113749,1.25665210499318,24.2745378010913,1.10062089596811,1.15174028748936,1.43138188594592,0.620723829190929,0.181970710283615,0.178739005428098,0.277811034416153,-0.454289999114016,-0.209086326915157
2,15,45,19.4616381210038,1.23345947265625,1.28333333333333,1.5,2,945,1.0290857377614,0.654018936340916,1.25371708849242,0.562438706253412,-0.758533873859625,22.6923397329376,1.1660035805746,24.2745378010913,1.10062089596811,1.15174028748936,1.43138188594592,0.620723829190929,-1.58219806815372,-0.0715351582067076,-0.497721351148444,-0.177664797453495,-0.0582851229375173
2,15,45,19.4616381210038,1.23345947265625,1.28333333333333,1.5,3,1845,0.993417048746717,1.37165060422165,2.06333668251343,0.888095279043604,0.132497403028134,25.6747651589614,1.31924995210203,24.2745378010913,1.10062089596811,1.15174028748936,1.43138188594592,0.620723829190929,1.4002273578701,-0.10720384722139,0.219910316732291,0.631954796567511,0.267371449852674
2,16,46,21.1381459596826,1.234375,1.3,1.5,1,46,0.0781010516717756,0.999275200763714,1.34524667557122,0.812823650091075,0.523433811986415,25.074913531676,1.18623996539252,25.8164434858493,0.698661880385019,1.51132819453178,1.12285641121508,1.40339349312842,-0.741529954173238,-0.620560828713244,-0.51205299376807,0.222390264356146,-0.590569843037341
2,16,46,21.1381459596826,1.234375,1.3,1.5,2,946,1.05961794940043,1.82113425877018,0.72162137416771,1.79659480275624,0.481211708318483,26.377230171945,1.24784975097887,25.8164434858493,0.698661880385019,1.51132819453178,1.12285641121508,1.40339349312842,0.560786686095778,0.360956069015414,0.309806064238398,-0.401235037047368,0.393201309627821
2,16,46,21.1381459596826,1.234375,1.3,1.5,3,1846,0.958266640082849,1.71357512406146,1.3017011839063,1.60076202653794,-0.504019026747487,25.9971867539267,1.22987071825088,25.8164434858493,0.698661880385019,1.51132819453178,1.12285641121508,1.40339349312842,0.180743268077457,0.25960475969783,0.202246929529673,0.178844772691222,0.197368533409519
2,17,47,22.8714792218598,1.23345947265625,1.31666666666667,1.5,1,47,0.811820225360669,1.38135628431572,0.888797467814438,0.926331839447746,0.652827665866896,27.6776362108624,1.21013756663404,27.2711660915465,0.877718781855916,1.10765099327824,1.05512493287406,1.26490451028264,0.406470119315927,-0.0658985564952472,0.273705291037486,-0.166327465059618,-0.338572670834898
2,17,47,22.8714792218598,1.23345947265625,1.31666666666667,1.5,2,947,1.52593107819574,0.71853594979626,1.18567144861449,2.1111870397379,-0.63874838745814,26.8394844842429,1.17349141364633,27.2711660915465,0.877718781855916,1.10765099327824,1.05512493287406,1.26490451028264,-0.431681607303613,0.648212296339821,-0.389115043481978,0.130546515740434,0.846282529455252
2,17,47,22.8714792218598,1.23345947265625,1.31666666666667,1.5,3,1847,0.295405042011342,1.22306074572273,1.09090588219324,0.757194651662291,0.813806071843635,27.2963775795342,1.19346795695861,27.2711660915465,0.877718781855916,1.10765099327824,1.05512493287406,1.26490451028264,0.0252114879876864,-0.582313739844573,0.115409752444492,0.0357809493191836,-0.507709858620353
2,18,48,24.6635640117153,1.230712890625,1.33333333333333,1.5,1,48,1.37507195830435,1.84372816113648,0.873939521015369,1.02015071930031,-0.0879282244836471,30.0371680682254,1.21787621829342,29.2029517904292,1.13581908448574,1.43630480524778,1.12572893456334,0.857443620324797,0.834216277796255,0.239252873818609,0.407423355888704,-0.251789413547973,0.16270709897551
2,18,48,24.6635640117153,1.230712890625,1.33333333333333,1.5,2,948,0.14406110366726,1.84106384685331,1.48233985089292,0.795643389953432,-0.775876802380877,28.7432466387991,1.16541334517371,29.2029517904292,1.13581908448574,1.43630480524778,1.12572893456334,0.857443620324797,-0.459705151630054,-0.991757980818483,0.404759041605528,0.356610916329573,-0.0618002303713653
2,18,48,24.6635640117153,1.230712890625,1.33333333333333,1.5,3,1848,1.88832419148562,0.62412240775355,1.02090743178174,0.756536751720652,-0.522632629603341,28.828440664263,1.16886759150338,29.2029517904292,1.13581908448574,1.43630480524778,1.12572893456334,0.857443620324797,-0.374511126166205,0.752505106999875,-0.812182397494231,-0.104821502781601,-0.100906868604145
2,19,49,26.5163917189489,1.22613525390625,1.35,1.5,1,49,1.4601785676719,1.62064883185097,0.479460869440588,1.14646706920943,0.513961181940978,31.7277965468704,1.1965352180326,31.4271211992405,1.12003140898655,1.3629986171292,1.17144465155048,1.63292190751297,0.300675347629941,0.340147158685353,0.257650214721772,-0.691983782109894,-0.486454838303547
2,19,49,26.5163917189489,1.22613525390625,1.35,1.5,2,949,1.66830704549593,1.13117076305395,1.9022152451065,1.70553790317399,-0.477372318495108,32.4649928810591,1.2243367508355,31.4271211992405,1.12003140898655,1.3629986171292,1.17144465155048,1.63292190751297,1.03787168181865,0.548275636509379,-0.231827854075245,0.730770593556022,0.0726159956610206
2,19,49,26.5163917189489,1.22613525390625,1.35,1.5,3,1849,0.231608613791815,1.33717625648267,1.13265784010435,2.0467607501555,-0.215975742043657,30.0885741697919,1.13471600844885,31.4271211992405,1.12003140898655,1.3629986171292,1.17144465155048,1.63292190751297,-1.33854702944859,-0.888422795194732,-0.0258223606465271,-0.0387868114461276,0.413838842642526
2,20,50,28.4320212316403,1.2197265625,1.36666666666667,1.5,1,50,1.10154869133783,1.06370942248187,0.833429076248413,0.821910439419451,0.176306421534522,32.6557956769845,1.14855695312452,33.6834392559253,1.60114358850268,1.47034188517032,0.931196212476057,1.29201918489702,-1.02764357894077,-0.499594897164854,-0.406632462688452,-0.0977671362276438,-0.47010874547757
2,20,50,28.4320212316403,1.2197265625,1.36666666666667,1.5,2,950,2.53306389466875,1.52920128172622,0.751908049088672,1.51477404199408,-0.301358335925562,34.4380787045441,1.21124271904454,33.6834392559253,1.60114358850268,1.47034188517032,0.931196212476057,1.29201918489702,0.754639448618803,0.931920306166069,0.0588593965559023,-0.179288163387385,0.22275485709706
2,20,50,28.4320212316403,1.2197265625,1.36666666666667,1.5,3,1850,1.16881817950147,1.81811495130287,1.20825151209109,1.53937307327753,-0.198350793914427,33.9564433862472,1.19430282882805,33.6834392559253,1.60114358850268,1.47034188517032,0.931196212476057,1.29201918489702,0.273004130321965,-0.432325409001215,0.34777306613255,0.277055299615029,0.247353888380511
2,21,51,30.4125812241143,1.21148681640625,1.38333333333333,1.5,1,51,2.06060469446365,1.83329922272954,1.18469914255468,1.30478704923894,-0.70417916459847,36.5179101192913,1.20075010569428,37.1083481576666,2.05390726375603,1.64132623153324,1.62610761894503,1.8365224302254,-0.590438038375318,0.00669743070761708,0.1919729911963,-0.441408476390349,-0.531735380986459
2,21,51,30.4125812241143,1.21148681640625,1.38333333333333,1.5,2,951,1.66603429123388,1.6303337143551,1.46173267215972,1.58002494480252,-0.953464817017022,35.925388966372,1.18126734135564,37.1083481576666,2.05390726375603,1.64132623153324,1.62610761894503,1.8365224302254,-1.18295919129459,-0.387872972522151,-0.0109925171781433,-0.164374946785311,-0.256497485422878
2,21,51,30.4125812241143,1.21148681640625,1.38333333333333,1.5,3,1851,2.43508280557057,1.46034575751508,2.23189104212069,2.62475529663474,0.151111919672321,38.8817453873365,1.27847567757606,37.1083481576666,2.05390726375603,1.64132623153324,1.62610761894503,1.8365224302254,1.7733972296699,0.381175541814534,-0.180980474018156,0.60578342317566,0.788232866409337
2,22,52,32.4602725223537,1.201416015625,1.4,1.5,1,52,1.44044045570827,1.77520443904634,1.83378875222605,0.725401076210192,-1.02733002141178,38.3994800769879,1.18296850559539,38.6881259114604,1.53372471032933,1.51316652460955,1.92855355924398,1.5837937967672,-0.288645834472433,-0.0932842546210666,0.262037914436791,-0.0947648070179254,-0.858392720557005
2,22,52,32.4602725223537,1.201416015625,1.4,1.5,2,952,1.33396667135417,1.53036689979237,1.75273028968837,1.89117398949803,-0.671533900033307,38.1629966398371,1.17568318668786,38.6881259114604,1.53372471032933,1.51316652460955,1.92855355924398,1.5837937967672,-0.525129271623264,-0.199758038975165,0.0172003751828251,-0.175823269555606,0.307380192730832
2,22,52,32.4602725223537,1.201416015625,1.4,1.5,3,1852,1.82676700392557,1.23392823498993,2.19914163581751,2.13480632459337,-0.179290622841228,39.5019010175561,1.21693066471802,38.6881259114604,1.53372471032933,1.51316652460955,1.92855355924398,1.5837937967672,0.813775106095704,0.293042293596232,-0.279238289619616,0.270588076573531,0.551012527826173
2,23,53,34.5773705495876,1.18951416015625,1.41666666666667,1.5,1,53,2.02355122223011,1.18608504258468,2.55118806713885,1.96549673411823,0.424600988033241,42.916083614635,1.24116099438761,42.2709932788626,1.91554305694835,1.69581388545544,2.22894314436135,2.25150567917506,0.645090335772316,0.108008165281763,-0.509728842870763,0.322244922777495,-0.286008945056833
2,23,53,34.5773705495876,1.18951416015625,1.41666666666667,1.5,2,953,1.1143546581962,1.72300209375853,2.20157574402469,2.5637760215827,-0.39914315343722,41.2470512903725,1.19289149622352,42.2709932788626,1.91554305694835,1.69581388545544,2.22894314436135,2.25150567917506,-1.02394198849017,-0.801188398752142,0.0271882083030908,-0.0273674003366611,0.312270342407643
2,23,53,34.5773705495876,1.18951416015625,1.41666666666667,1.5,3,1853,2.60872329041872,2.17835452002311,1.93406562192052,2.22524428182425,-1.01773958146979,42.6498449315805,1.23346119886173,42.2709932788626,1.91554305694835,1.69581388545544,2.22894314436135,2.25150567917506,0.378851652717856,0.693180233470379,0.482540634567673,-0.294877522440834,-0.0262613973508103
2,24,54,36.766227854774,1.17578125,1.43333333333333,1.5,1,54,1.79026341922296,1.52981938494668,1.9290290064246,1.92901345854588,-0.109513209716445,43.8479574340013,1.19261507074373,43.4410532644853,1.7699638023067,1.78464255774158,1.54777120783653,2.3081773570043,0.406904169516068,0.0202996169162617,-0.254823172794898,0.381257798588078,-0.379163898458422
2,24,54,36.766227854774,1.17578125,1.43333333333333,1.5,2,954,1.27059107872818,1.17537464445393,1.42206256526903,2.58514127507545,-0.175683122891565,41.9022794036225,1.13969481909147,43.4410532644853,1.7699638023067,1.78464255774158,1.54777120783653,2.3081773570043,-1.53877386086274,-0.499372723578522,-0.609267913287653,-0.125708642567495,0.276963918071148
2,24,54,36.766227854774,1.17578125,1.43333333333333,1.5,3,1854,2.24903690896896,2.64873364382413,1.29222205181594,2.41037733739157,-0.572531627604286,44.5729229558319,1.21233331664848,43.4410532644853,1.7699638023067,1.78464255774158,1.54777120783653,2.3081773570043,1.13186969134667,0.479073106662261,0.864091086082551,-0.255549156020583,0.102199980387273
2,25,55,39.0292767267848,1.16021728515625,1.45,1.5,1,55,2.43721771397826,2.23912243433019,1.37303979838291,1.01148343145799,-0.22344893843772,46.9398171351467,1.20268221888245,45.944398673819,1.93666445951548,1.70915670342787,1.45743692317309,1.54501671746515,0.995418461327745,0.50055325446278,0.529965730902321,-0.0843971247901811,-0.533533286007162
2,25,55,39.0292767267848,1.16021728515625,1.45,1.5,2,955,1.83591367661897,1.61573680767743,1.21089725966836,1.66408147858012,-0.606143318254086,44.7123564508336,1.14561068512317,45.944398673819,1.93666445951548,1.70915670342787,1.45743692317309,1.54501671746515,-1.23204222298543,-0.100750782896507,-0.0934198957504395,-0.246539663504729,0.119064761114965
2,25,55,39.0292767267848,1.16021728515625,1.45,1.5,3,1855,1.5368619879492,1.27261086827598,1.788373711468,1.95948524235735,0.840805539171503,46.1810224354767,1.18324053911519,45.944398673819,1.93666445951548,1.70915670342787,1.45743692317309,1.54501671746515,0.23662376165769,-0.399802471566273,-0.436545835151881,0.330936788294911,0.414468524892197
2,26,56,41.369031897199,1.142822265625,1.46666666666667,1.5,1,56,2.35768606721841,3.16868275157337,2.53315370037937,1.93230893618187,-0.273433601050831,52.2371463486626,1.2627113556457,49.913660228696,2.00905630175732,2.06800216791254,2.14193763146139,1.95861071110533,2.32348611996653,0.348629765461085,1.10068058366083,0.391216068917981,-0.026301774923464
2,26,56,41.369031897199,1.142822265625,1.46666666666667,1.5,2,956,1.54105555410679,1.26925384557665,1.31939895799818,2.20526064901369,0.325300928714714,47.2961561695551,1.14327442534998,49.913660228696,2.00905630175732,2.06800216791254,2.14193763146139,1.95861071110533,-2.61750405914096,-0.46800074765053,-0.798748322335888,-0.822538673463211,0.246649937908362
2,26,56,41.369031897199,1.142822265625,1.46666666666667,1.5,3,1856,2.12842728394677,1.7660699065876,2.57326023600662,1.73826254812043,-0.0438940371917559,50.2076781678705,1.21365368889065,49.913660228696,2.00905630175732,2.06800216791254,2.14193763146139,1.95861071110533,0.294017939174424,0.119370982189445,-0.301932261324943,0.43132260454523,-0.220348162984898
2,27,57,43.7880933347085,1.12359619140625,1.48333333333333,1.5,1,57,1.80081791501689,2.00853381285597,2.50197224455713,3.02245776910786,-0.055528884770262,52.4882401232394,1.19868749986505,52.9523766341576,1.81283618630257,2.16562481091127,2.37224193276111,2.24917022800452,-0.464136510918237,-0.0120182712856869,-0.1570909980553,0.129730311796021,0.77328754110334
2,27,57,43.7880933347085,1.12359619140625,1.48333333333333,1.5,2,957,1.5870923485526,2.18158830718564,2.67508035411996,1.65957138545303,0.244395690849511,53.0643831306403,1.21184502656979,52.9523766341576,1.81283618630257,2.16562481091127,2.37224193276111,2.24917022800452,0.112006496482707,-0.225743837749971,0.015963496274372,0.302838421358848,-0.589598842551487
2,27,57,43.7880933347085,1.12359619140625,1.48333333333333,1.5,3,1857,2.05059829533823,2.3067523126922,1.93967319960624,2.06548152945267,0.881176482569019,53.3045066485932,1.21732878938443,52.9523766341576,1.81283618630257,2.16562481091127,2.37224193276111,2.24917022800452,0.352130014435524,0.237762109035658,0.141127501780927,-0.432568733154868,-0.183688698551853
2,28,58,46.2891491342386,1.1025390625,1.5,1.5,1,58,2.0140363989125,2.12133980863698,2.51305729305081,1.49088714284387,0.188436585254421,55.6497351751226,1.2022198769249,55.5759676280848,2.6384832249553,1.82341256840079,2.47256780185748,2.46560090407143,0.073767547037825,-0.624446826042798,0.297927240236188,0.04048949119333,-0.974713761227562
2,28,58,46.2891491342386,1.1025390625,1.5,1.5,2,958,3.22541871612508,1.32611118850359,2.15315668162068,2.97374588596577,-0.299844763374607,54.7643563034969,1.18309274047531,55.5759676280848,2.6384832249553,1.82341256840079,2.47256780185748,2.46560090407143,-0.811611324587872,0.58693549116978,-0.497301379897205,-0.319411120236803,0.508144981894338
2,28,58,46.2891491342386,1.1025390625,1.5,1.5,3,1858,2.67599455982831,2.02278670806181,2.75148943090096,2.93216968340466,-0.0871404702961579,56.3138114056348,1.21656613826114,55.5759676280848,2.6384832249553,1.82341256840079,2.47256780185748,2.46560090407143,0.73784377755004,0.0375113348730167,0.199374139661017,0.278921629043473,0.466568779333223
2,29,59,48.8749785039976,1.07965087890625,1.51666666666667,1.5,1,59,1.69408922061178,1.28189273317302,3.15595335385382,2.54204831655257,0.835043990254859,58.2171814196581,1.19114490075727,58.1472400836956,2.25032450384804,1.72642546761183,2.51355176272175,2.46962220963746,0.0699413359624899,-0.556235283236252,-0.444532734438811,0.642401591132065,0.0724261069151111
2,29,59,48.8749785039976,1.07965087890625,1.51666666666667,1.5,2,959,2.53896687876027,1.97050865473913,2.05649247879764,2.74995616036677,1.07347159446885,58.7629914318514,1.20231237394907,58.1472400836956,2.25032450384804,1.72642546761183,2.51355176272175,2.46962220963746,0.615751348155754,0.288642374912234,0.244083187127302,-0.457059283924114,0.280333950729304
2,29,59,48.8749785039976,1.07965087890625,1.51666666666667,1.5,3,1859,2.51791741217205,1.92687501492334,2.3282094555138,2.11686215199305,-0.546644140722951,57.4615473995774,1.17568435134713,58.1472400836956,2.25032450384804,1.72642546761183,2.51355176272175,2.46962220963746,-0.685692684118237,0.267592908324018,0.200449547311509,-0.185342307207951,-0.352760057644415
2,30,60,51.5484548537714,1.054931640625,1.53333333333333,1.5,1,60,2.95450445498915,2.01030889247889,2.52064322294167,2.92840751811472,0.867361820119821,62.3960553753735,1.2104350276332,61.8556957021531,2.80853842284315,2.14202753237775,2.45811928658803,2.63169889925028,0.540359673220493,0.145966032146006,-0.131718639898863,0.0625239363536365,0.296708618864439
2,30,60,51.5484548537714,1.054931640625,1.53333333333333,1.5,2,960,3.29578414981785,1.95211450078464,2.45245122505939,2.5982274572273,-0.088605570191254,61.6085953360189,1.19515891428337,61.8556957021531,2.80853842284315,2.14202753237775,2.45811928658803,2.63169889925028,-0.247100366134205,0.487245726974709,-0.189913031593111,-0.00566806152864174,-0.0334714420229858
2,30,60,51.5484548537714,1.054931640625,1.53333333333333,1.5,3,1860,2.17532666372243,2.46365920386972,2.40126341176304,2.36846172240883,0.339654718127946,61.5624363950668,1.19426346666844,61.8556957021531,2.80853842284315,2.14202753237775,2.45811928658803,2.63169889925028,-0.293259307086281,-0.633211759120715,0.321631671491974,-0.0568558748249952,-0.263237176841454
3,1,61,1.01685340540722,1.04115295410156,1.06666666666667,1.5,1,61,0.329489832833233,-0.845648742407445,-0.442023138909517,-0.358705184634577,-0.376873711750023,-0.582031027140933,-0.572384400785721,1.62154294105362,0.448453082835687,-0.282418957332525,0.0671569002946624,-0.564464267927764,-2.20357396819456,-0.118963250002454,-0.56322978507492,-0.509180039204179,0.205759083293188
3,1,61,1.01685340540722,1.04115295410156,1.06666666666667,1.5,2,961,0.878816831539776,-0.0439055757579719,0.224882458706517,-0.859587692782429,0.876424341349044,3.09875156094602,3.04739261772453,1.62154294105362,0.448453082835687,-0.282418957332525,0.0671569002946624,-0.564464267927764,1.47720861989239,0.430363748704089,0.238513381574553,0.157725558411854,-0.295123424854664
3,1,61,1.01685340540722,1.04115295410156,1.06666666666667,1.5,3,1861,0.137052584134052,0.0422974461678422,0.418611381086987,-0.475099926366288,0.515327833567298,2.34790828935579,2.30899387942307,1.62154294105362,0.448453082835687,-0.282418957332525,0.0671569002946624,-0.564464267927764,0.726365348302163,-0.311400498701635,0.324716403500367,0.351454480792325,0.0893643415614762
3,2,62,2.06817317241739,1.07965087890625,1.08333333333333,1.5,1,62,0.150847231507593,0.0997274444767518,-0.56260062664229,-0.473330001658731,-1.0277763358764,0.467396307505121,0.225994763755108,2.45737822895364,0.315135077619808,0.382099919152965,-0.124624037347519,-0.227263701811524,-1.98998192144852,-0.164287846112215,-0.282372474676214,-0.437976589294771,-0.246066299847207
3,2,62,2.06817317241739,1.07965087890625,1.08333333333333,1.5,2,962,0.296789573107857,1.17682132974435,-0.259682542634955,-0.387271371196762,0.459457041291788,3.73342529710257,1.80518021744704,2.45737822895364,0.315135077619808,0.382099919152965,-0.124624037347519,-0.227263701811524,1.27604706814892,-0.0183455045119508,0.794721410591384,-0.135058505287437,-0.160007669385237
3,2,62,2.06817317241739,1.07965087890625,1.08333333333333,1.5,3,1862,0.497768428243973,-0.130249016762205,0.448411057234689,0.178810267420919,0.034210304430822,3.17131308225325,1.53338855979185,2.45737822895364,0.315135077619808,0.382099919152965,-0.124624037347519,-0.227263701811524,0.713934853299602,0.182633350624166,-0.51234893591517,0.573035094582207,0.406073969232444
3,3,63,3.15512754226943,1.11549377441406,1.1,1.5,1,63,-0.732964331215745,0.0297565262530535,-0.124210345753498,0.20137095654406,0.104623584844192,2.288550639023,0.725343304941926,2.8848179302934,-0.308294248237564,0.0393736761848265,0.0366699932416894,0.624796582883542,-0.596267291270391,-0.424670082978181,-0.009617149931773,-0.160880338995187,-0.423425626339482
3,3,63,3.15512754226943,1.11549377441406,1.1,1.5,2,963,0.0438611786018575,-0.0228965961057388,0.08048286873115,0.895150077476819,0.0774823718739349,3.37707483319261,1.07034495054471,2.8848179302934,-0.308294248237564,0.0393736761848265,0.0366699932416894,0.624796582883542,0.492256902899219,0.352155426839421,-0.0622702722905653,0.0438128754894606,0.270353494593277
3,3,63,3.15512754226943,1.11549377441406,1.1,1.5,3,1863,-0.235779592098804,0.111261098407165,0.153737456747416,0.777868714629746,-0.256281949853768,2.98882831866457,0.947292392660219,2.8848179302934,-0.308294248237564,0.0393736761848265,0.0366699932416894,0.624796582883542,0.104010388371171,0.0725146561387602,0.0718874222223383,0.117067463505727,0.153072131746205
3,4,64,4.27892435387168,1.148681640625,1.11666666666667,1.5,1,64,-0.340449988984446,-0.508205940879358,0.696826677501056,0.0462543082293957,0.0734870633982021,4.4390861476421,1.03743038682736,6.34763958171327,-0.0810232595443622,0.355830291137355,1.07674708154685,-0.0983465675135806,-1.90855343407117,-0.259426729440083,-0.864036232016713,-0.37992040404579,0.144600875742976
3,4,64,4.27892435387168,1.148681640625,1.11666666666667,1.5,2,964,-0.0917263305274219,0.668624724095432,1.3115835560037,-0.185154779137333,0.721873852457635,7.60944013040267,1.77835350688485,6.34763958171327,-0.0810232595443622,0.355830291137355,1.07674708154685,-0.0983465675135806,1.2618005486894,-0.0107030709830597,0.312794432958077,0.234836474456849,-0.0868082116237529
3,4,64,4.27892435387168,1.148681640625,1.11666666666667,1.5,3,1864,0.189106540878781,0.907072090195992,1.22183101113579,-0.156139231632804,-0.347398782495412,6.99439246709503,1.63461465748193,6.34763958171327,-0.0810232595443622,0.355830291137355,1.07674708154685,-0.0983465675135806,0.646752885381764,0.270129800423143,0.551241799058637,0.145083929588941,-0.0577926641192234
3,5,65,5.44081238596938,1.17921447753906,1.13333333333333,1.5,1,65,0.138316728190095,0.0519844853159881,0.59621977811464,0.316340172870594,-0.587034864539037,5.97012802699468,1.09728614101642,5.53053372011658,-0.195058707438835,0.338646289511038,0.28031408127666,-0.0314996649614038,0.439594306878099,0.333375435628931,-0.28666180419505,0.315905696837981,0.347839837831998
3,5,65,5.44081238596938,1.17921447753906,1.13333333333333,1.5,2,965,-0.0834752174777598,0.447848396090148,-0.566073841476061,0.260275921857508,-0.577489868686582,4.42333808567204,0.812992209964605,5.53053372011658,-0.195058707438835,0.338646289511038,0.28031408127666,-0.0314996649614038,-1.10719563444454,0.111583489961076,0.10920210657911,-0.846387922752721,0.291775586818912
3,5,65,5.44081238596938,1.17921447753906,1.13333333333333,1.5,3,1865,-0.640017633028842,0.516105987126977,0.8107963071914,-0.671115089612314,-0.289073859069463,6.19813504768303,1.13919293811097,5.53053372011658,-0.195058707438835,0.338646289511038,0.28031408127666,-0.0314996649614038,0.667601327566444,-0.444958925590007,0.177459697615939,0.53048222591474,-0.63961542465091
3,6,66,6.6420827448051,1.20709228515625,1.15,1.5,1,66,-0.206222404951078,1.01230993298043,0.75644352693647,0.462963973904452,0.102255475923157,8.79423046001764,1.32401699856807,7.97819772167883,0.427290373165988,0.0604474324322037,0.457677317205944,0.244581569791486,0.816032738338808,-0.633512778117067,0.951862500548225,0.298766209730526,0.218382404112966
3,6,66,6.6420827448051,1.20709228515625,1.15,1.5,2,966,0.722596494176062,-0.593219452786671,0.189123254244616,0.597327213132521,0.22342919734659,7.33923510621482,1.10495990311999,7.97819772167883,0.427290373165988,0.0604474324322037,0.457677317205944,0.244581569791486,-0.638962615464011,0.295306121010074,-0.653666885218875,-0.268554062961328,0.352745643341035
3,6,66,6.6420827448051,1.20709228515625,1.15,1.5,3,1866,0.765497030272981,-0.237748182897146,0.427465170436747,-0.326546477662515,-0.132768050877006,7.80112759880403,1.17450021304017,7.97819772167883,0.427290373165988,0.0604474324322037,0.457677317205944,0.244581569791486,-0.177070122874798,0.338206657106993,-0.29819561532935,-0.0302121467691974,-0.571128047454001
3,7,67,7.88407029881404,1.23231506347656,1.16666666666667,1.5,1,67,0.148627657334362,0.831607652354098,0.385932993839796,0.611001893509162,-0.333730612844958,9.28260420545759,1.17738729534844,10.1766266172196,0.691078490715039,0.71963309263335,0.702674925690896,0.599577628331806,-0.894022411761961,-0.542450833380677,0.111974559720748,-0.316741931851101,0.0114242651773565
3,7,67,7.88407029881404,1.23231506347656,1.16666666666667,1.5,2,967,1.07978716782118,0.06785864693014,0.679378570527494,1.05843674894176,-0.803165063412972,9.50977950486555,1.2062017643724,10.1766266172196,0.691078490715039,0.71963309263335,0.702674925690896,0.599577628331806,-0.666847112354006,0.388708677106145,-0.65177444570321,-0.0232963551634027,0.458859120609952
3,7,67,7.88407029881404,1.23231506347656,1.16666666666667,1.5,3,1867,0.84482064698957,1.25943297861581,1.0427132127054,0.129294242544497,-0.221067660809661,11.7374961413355,1.48876096945776,10.1766266172196,0.691078490715039,0.71963309263335,0.702674925690896,0.599577628331806,1.56086952411597,0.153742156274531,0.539799885982461,0.340038287014503,-0.470283385787309
3,8,68,9.16815516194857,1.2548828125,1.18333333333333,1.5,1,68,1.27800675252473,1.08175841929292,0.00767277814851747,0.489342749354249,0.798397795998504,12.8618916293354,1.40288764774807,12.4339028843337,0.683557960167255,1.11149817679789,0.591464974347856,0.138068547057057,0.427988745001612,0.594448792357476,-0.0297397575049743,-0.583792196199339,0.351274202297192
3,8,68,9.16815516194857,1.2548828125,1.18333333333333,1.5,2,968,0.468394987213844,0.978211608107585,0.513868547864077,-0.895138291102987,0.0416152540496542,11.7259044596375,1.27898189466781,12.4339028843337,0.683557960167255,1.11149817679789,0.591464974347856,0.138068547057057,-0.707998424696289,-0.215162972953411,-0.133286568690305,-0.077596426483779,-1.03320683816004
3,8,68,9.16815516194857,1.2548828125,1.18333333333333,1.5,3,1868,0.304272140763189,1.27452450299317,1.25285359703097,0.820001182919909,-0.223536201774833,12.7139125640284,1.38674709791084,12.4339028843337,0.683557960167255,1.11149817679789,0.591464974347856,0.138068547057057,0.280009679694675,-0.379285819404065,0.163026326195279,0.661388622683118,0.681932635862852
3,9,69,10.4957642272801,1.27479553222656,1.2,1.5,1,69,0.723176717797089,0.895925476437426,0.660538107771018,1.03950555623621,-0.090862433482715,13.3927219760368,1.27601208316276,13.0999400161699,0.687377800716944,1.04721867937807,0.516325339064914,0.496679043066146,0.292781959866925,0.0357989170801445,-0.151293202940646,0.144212768706104,0.542826513170064
3,9,69,10.4957642272801,1.27479553222656,1.2,1.5,2,969,0.373917265088597,1.12972851235322,0.686938572633663,0.612143126677202,-0.697649325562583,12.6608650344492,1.20628329298229,13.0999400161699,0.687377800716944,1.04721867937807,0.516325339064914,0.496679043066146,-0.439074981720703,-0.313460535628347,0.0825098329751477,0.17061323356875,0.115464083611056
3,9,69,10.4957642272801,1.27479553222656,1.2,1.5,3,1869,0.965039419265146,1.11600204934357,0.20149933679006,-0.161611553714975,-0.121210593755526,13.2462330380237,1.26205512539951,13.0999400161699,0.687377800716944,1.04721867937807,0.516325339064914,0.496679043066146,0.146293021853776,0.277661618548202,0.0687833699654976,-0.314826002274854,-0.658290596781121
3,10,70,11.8683727525827,1.29205322265625,1.21666666666667,1.5,1,70,-0.2056180588878,0.590587328376265,0.443495922644808,0.918454152725051,0.800915256816876,13.7874103339356,1.16169340324564,13.9035823286738,0.596250551060119,0.473641335249822,0.286987248382424,0.436033069684159,-0.116171994738215,-0.80186860994792,0.116945993126443,0.156508674262385,0.482421083040892
3,10,70,11.8683727525827,1.29205322265625,1.21666666666667,1.5,2,970,1.87216134393941,0.0195650847053371,0.760259072470923,-0.282625811031574,0.0575959480816357,15.5090935935316,1.30675821503471,13.9035823286738,0.596250551060119,0.473641335249822,0.286987248382424,0.436033069684159,1.60551126485776,1.27591079287929,-0.454076250544485,0.4732718240885,-0.718658880715733
3,10,70,11.8683727525827,1.29205322265625,1.21666666666667,1.5,3,1870,0.122208368128749,0.810771592667864,-0.342793249968461,0.672270867359001,-0.084278306031286,12.4142430585543,1.04599369411049,13.9035823286738,0.596250551060119,0.473641335249822,0.286987248382424,0.436033069684159,-1.48933927011955,-0.47404218293137,0.337130257418042,-0.629780498350884,0.236237797674842
3,11,71,13.2875059996601,1.30665588378906,1.23333333333333,1.5,1,71,-0.0694697875889113,0.743804927784465,0.440631213991112,1.39847683084519,0.186508494736418,14.9615476196187,1.12598614217005,14.6639440890428,0.288311523265484,0.589656206261475,0.395190879273484,1.19982025146328,0.297603530575959,-0.357781310854396,0.154148721522989,0.0454403347176281,0.198656579381914
3,11,71,13.2875059996601,1.30665588378906,1.23333333333333,1.5,2,971,0.881012341308481,-0.194529710946784,0.89352185759941,0.967444853349571,-0.654517874700792,14.8845308939856,1.12018996600011,14.6639440890428,0.288311523265484,0.589656206261475,0.395190879273484,1.19982025146328,0.220586804942787,0.592700818042997,-0.78418591720826,0.498330978325926,-0.232375398113709
3,11,71,13.2875059996601,1.30665588378906,1.23333333333333,1.5,3,1871,0.0533920160768829,1.21969340194675,-0.148580433770071,1.23353907019507,-0.492935116502837,14.145753753524,1.06459058260338,14.6639440890428,0.288311523265484,0.589656206261475,0.395190879273484,1.19982025146328,-0.518190335518746,-0.234919507188601,0.63003719568527,-0.543771313043554,0.0337188187317943
3,12,72,14.7547409292381,1.318603515625,1.25,1.5,1,72,1.25780599020034,-0.00483470530239682,0.838598116992896,1.31624467309028,0.596786451684679,18.2619285754365,1.23769903267149,19.1022572028627,1.45100427560158,0.756965490450907,0.87901438727085,0.89179228385337,-0.840328627426231,-0.193198285401238,-0.761800195753303,-0.0404162702779546,0.424452389236915
3,12,72,14.7547409292381,1.318603515625,1.25,1.5,2,972,1.24696502435759,1.12548492320558,0.543922618024427,0.105341648515982,-0.132127469520932,18.4896060057401,1.2531298309075,19.1022572028627,1.45100427560158,0.756965490450907,0.87901438727085,0.89179228385337,-0.612651197122599,-0.204039251243988,0.36851943275467,-0.335091769246423,-0.786450635337387
3,12,72,14.7547409292381,1.318603515625,1.25,1.5,3,1872,1.8482418122468,1.15024625344954,1.25452242679523,1.25379052995384,0.0438064898149197,20.5552370274116,1.39312761409989,19.1022572028627,1.45100427560158,0.756965490450907,0.87901438727085,0.89179228385337,1.45297982454883,0.397237536645225,0.393280762998633,0.375508039524378,0.361998246100473
3,13,73,16.2717079533052,1.32789611816406,1.26666666666667,1.5,1,73,1.20500089323184,1.12449984846181,1.37520021201141,0.56518855167012,-0.261566251975182,21.0974245025723,1.29657099077216,19.657565691215,0.936645249309033,0.602301652651597,0.881486010325861,0.554287598734311,1.43985881135723,0.268355643922805,0.522198195810218,0.493714201685549,0.0109009529358099
3,13,73,16.2717079533052,1.32789611816406,1.26666666666667,1.5,2,973,-0.0309868900735111,0.197764859397631,1.07957536667848,-0.0754987751723097,-0.153631797855556,17.9467939896618,1.10294469647338,19.657565691215,0.936645249309033,0.602301652651597,0.881486010325861,0.554287598734311,-1.71077170155322,-0.967632139382545,-0.404536793253966,0.198089356352615,-0.62978637390662
3,13,73,16.2717079533052,1.32789611816406,1.26666666666667,1.5,3,1873,1.63592174476877,0.484640250095344,0.189682452287697,1.17317301970512,0.586035165054824,19.928478581411,1.22473182523922,19.657565691215,0.936645249309033,0.602301652651597,0.881486010325861,0.554287598734311,0.270912890195987,0.69927649545974,-0.117661402556253,-0.691803558038164,0.61888542097081
3,14,74,17.8400927468495,1.33453369140625,1.28333333333333,1.5,1,74,0.653456427072111,0.489801564133593,0.555110076564714,0.760629286551059,0.0583460589862583,20.2317422124479,1.13406037174447,22.1074604171659,0.535263174637051,1.05446617765514,1.3704213819224,1.26983125117115,-1.87571820471796,0.11819325243506,-0.56466461352155,-0.81531130535769,-0.509201964620089
3,14,74,17.8400927468495,1.33453369140625,1.28333333333333,1.5,2,974,-0.0376325305840354,1.69772935453432,1.99216427328529,1.46646845492606,-0.278937066935088,22.6779328815374,1.27117796994314,22.1074604171659,0.535263174637051,1.05446617765514,1.3704213819224,1.26983125117115,0.570472464371544,-0.572895705221086,0.64326317687918,0.621742891362889,0.196637203754909
3,14,74,17.8400927468495,1.33453369140625,1.28333333333333,1.5,3,1874,0.989965627423076,0.975867614297514,1.5639897959172,1.58239601203633,0.65312279530833,23.4127061575123,1.3123645986452,22.1074604171659,0.535263174637051,1.05446617765514,1.3704213819224,1.26983125117115,1.30524574034642,0.454702452786026,-0.0785985633576294,0.193568413994801,0.31256476086518
3,15,75,19.4616381210038,1.33851623535156,1.3,1.5,1,75,1.02009422576785,0.64406247850857,1.69637644088526,1.33800936197926,0.0533711313583685,24.2622678185299,1.24667140903956,24.0534136347008,1.44440726700689,1.03476214594347,0.763668055788073,1.52460041505516,0.208854183829107,-0.424313041239037,-0.390699667434902,0.932708385097185,-0.1865910530759
3,15,75,19.4616381210038,1.33851623535156,1.3,1.5,2,975,1.56201911189398,1.23092399877857,0.705054404370641,1.31838654849747,-0.332185627256973,23.8780232399145,1.22692771756681,24.0534136347008,1.44440726700689,1.03476214594347,0.763668055788073,1.52460041505516,-0.175390394786298,0.117611844887086,0.196161852835094,-0.0586136514174317,-0.20621386655769
3,15,75,19.4616381210038,1.33851623535156,1.3,1.5,3,1875,1.75110846335884,1.22929996054328,-0.11042667789168,1.91740533468875,0.781974684718055,24.019949845658,1.23422035166375,24.0534136347008,1.44440726700689,1.03476214594347,0.763668055788073,1.52460041505516,-0.0334637890428056,0.306701196351952,0.194537814599808,-0.874094733679753,0.39280491963359
3,16,76,21.1381459596826,1.33984375,1.31666666666667,1.5,1,76,1.35639697555805,1.49288169203828,0.894913622693935,1.29102082088653,-0.0501685974360615,26.2133353676915,1.24009624201143,25.7956713130819,0.798651138559345,1.18699148489917,1.4134357270086,1.28728385000281,0.41766405460967,0.557745836998708,0.305890207139111,-0.518522104314663,0.00373697088372049
3,16,76,21.1381459596826,1.33984375,1.31666666666667,1.5,2,976,0.652101642795786,1.11905082017527,1.65099273790924,1.05554155654473,-0.118334663233884,25.843431627008,1.22259689550351,25.7956713130819,0.798651138559345,1.18699148489917,1.4134357270086,1.28728385000281,0.047760313926144,-0.146549495763558,-0.0679406647239047,0.237557010900641,-0.231742293458073
3,16,76,21.1381459596826,1.33984375,1.31666666666667,1.5,3,1876,0.387454797324195,0.949041942483966,1.69440082042262,1.51528917257716,-0.118201025310039,25.330246944546,1.19831923730961,25.7956713130819,0.798651138559345,1.18699148489917,1.4134357270086,1.28728385000281,-0.465424368535814,-0.41119634123515,-0.237949542415206,0.280965093414022,0.228005322574353
3,17,77,22.8714792218598,1.33851623535156,1.33333333333333,1.5,1,77,-0.305075023283774,0.948311559328207,1.54059477906817,1.3517467235921,-0.241903902770416,25.7965350284636,1.12789097627792,28.0312298304501,0.401745096821435,1.52636162132494,1.48512329038978,1.17697425792821,-2.23469480198645,-0.706820120105209,-0.57805006199673,0.0554714886783865,0.174772465663887
3,17,77,22.8714792218598,1.33851623535156,1.33333333333333,1.5,2,977,0.478181699016785,2.39218361895598,1.51241480801057,0.455949290268991,-0.141651244972362,28.8280823150932,1.26043803443812,28.0312298304501,0.401745096821435,1.52636162132494,1.48512329038978,1.17697425792821,0.796852484643111,0.0764366021953506,0.865821997631043,0.0272915176207824,-0.721024967659222
3,17,77,22.8714792218598,1.33851623535156,1.33333333333333,1.5,3,1877,1.03212861473129,1.23858968569062,1.40236028409062,1.72322675992355,1.46107867775482,29.4690721477934,1.28846376143559,28.0312298304501,0.401745096821435,1.52636162132494,1.48512329038978,1.17697425792821,1.43784231734335,0.630383517909858,-0.287771935634313,-0.0827630062991687,0.546252501995335
3,18,78,24.6635640117153,1.33453369140625,1.35,1.5,1,78,1.52502654665199,1.08477337690707,1.69798626534056,1.18727348857885,0.146134707818523,30.8563214831652,1.2510893181743,30.4819504817958,1.4898187968923,1.43477994865193,1.21742498896778,1.26508674578678,0.374371001369333,0.035207749759695,-0.350006571744863,0.480561276372781,-0.0778132572079335
3,18,78,24.6635640117153,1.33453369140625,1.35,1.5,2,978,1.78301978225062,1.31541377726806,-0.123939850469664,1.51281688203865,-0.36501796112243,28.2679448460575,1.14614192955366,30.4819504817958,1.4898187968923,1.43477994865193,1.21742498896778,1.26508674578678,-2.21400563573834,0.293200985358326,-0.119366171383878,-1.34136483943744,0.24773013625187
3,18,78,24.6635640117153,1.33453369140625,1.35,1.5,3,1878,1.16141006177427,1.90415269178068,2.07822855203244,1.09516986674285,0.420131285521032,32.3215851161649,1.31049937068349,30.4819504817958,1.4898187968923,1.43477994865193,1.21742498896778,1.26508674578678,1.83963463436901,-0.328408735118021,0.469372743128742,0.860803563064661,-0.169916879043937
3,19,79,26.5163917189489,1.32789611816406,1.36666666666667,1.5,1,79,2.51386127012882,1.22245338148469,0.811101198373766,1.58421854567703,0.442623195827728,33.1844996225734,1.25147116448953,33.1367705056298,1.75805183453158,1.44629501134591,1.31327563571264,1.52322967248224,0.0477291169435645,0.755809435597239,-0.223841629861223,-0.50217443733887,0.0609888731947834
3,19,79,26.5163917189489,1.32789611816406,1.36666666666667,1.5,2,979,1.62315011841342,1.74886263962796,1.36266765368414,1.66343249263036,0.489354927532153,33.5952351426042,1.26696103673098,33.1367705056298,1.75805183453158,1.44629501134591,1.31327563571264,1.52322967248224,0.458464636974377,-0.13490171611816,0.302567628282056,0.0493920179715006,0.140202820148113
3,19,79,26.5163917189489,1.32789611816406,1.36666666666667,1.5,3,1879,1.1371441150525,1.36756901292508,1.76605805508001,1.32203797913935,0.0860777096407181,32.6305767517119,1.23058133616248,33.1367705056298,1.75805183453158,1.44629501134591,1.31327563571264,1.52322967248224,-0.506193753917934,-0.620907719479079,-0.078725998420833,0.452782419367369,-0.201191693342896
3,20,80,28.4320212316403,1.318603515625,1.38333333333333,1.5,1,80,1.09847003121836,0.904772274801462,1.55554415421823,1.26354078058367,-0.0638609754176057,33.4015245793319,1.17478544023319,34.6784668579407,1.40062516699036,1.21374847574969,1.64903455558721,1.16172686485885,-1.27694227860873,-0.302155135772005,-0.308976200948223,-0.0934904013689748,0.101813915724829
3,20,80,28.4320212316403,1.318603515625,1.38333333333333,1.5,2,980,1.80632308102254,1.22415654177221,1.3815001046764,0.264032880479793,-0.0405101575136539,34.5390017455837,1.21479234501792,34.6784668579407,1.40062516699036,1.21374847574969,1.64903455558721,1.16172686485885,-0.139465112357001,0.405697914032177,0.0104080660225216,-0.267534450910814,-0.897693984379052
3,20,80,28.4320212316403,1.318603515625,1.38333333333333,1.5,3,1880,1.29708238873019,1.51231661067539,2.010059407867,1.95760693351307,0.845388529529772,36.0948742489064,1.26951488797914,34.6784668579407,1.40062516699036,1.21374847574969,1.64903455558721,1.16172686485885,1.41640739096573,-0.103542778260172,0.298568134925701,0.361024852279788,0.795880068654223
3,21,81,30.4125812241143,1.30665588378906,1.4,1.5,1,81,1.64216355055662,1.4509126362997,1.89902132586822,1.01379209435692,-0.127417489240081,37.3107160799749,1.22681846059127,36.612523716432,1.67780854482603,1.2967431302223,1.42635238823892,1.49931218962713,0.698192363542923,-0.0356449942694033,0.154169506077407,0.472668937629294,-0.485520095270215
3,21,81,30.4125812241143,1.30665588378906,1.4,1.5,2,981,1.68234904264415,1.55421712810937,0.556278051790202,1.51377938933135,-0.0887020935026862,35.5324514628079,1.16834711269539,36.612523716432,1.67780854482603,1.2967431302223,1.42635238823892,1.49931218962713,-1.08007225362406,0.00454049781812049,0.25747399788707,-0.870074336448721,0.0144671997042185
3,21,81,30.4125812241143,1.30665588378906,1.4,1.5,3,1881,1.70891304127731,0.885099626257822,1.82375778705835,1.97036508519313,0.374084944781459,36.9944036065131,1.21641774941418,36.612523716432,1.67780854482603,1.2967431302223,1.42635238823892,1.49931218962713,0.381879890081137,0.0311044964512828,-0.411643503964476,0.397405398819428,0.471052895565996
3,22,82,32.4602725223537,1.29205322265625,1.41666666666667,1.5,1,82,1.22826702131419,1.58036146789847,2.89782366307118,0.952560596857777,0.739388989673425,41.3722287826614,1.27454964385067,39.7403085521718,1.28006123217663,1.6621745369212,1.91131709821215,1.64209428748373,1.6319202304896,-0.0517942108624367,-0.0818130690227339,0.986506564859037,-0.689533690625951
3,22,82,32.4602725223537,1.29205322265625,1.41666666666667,1.5,2,982,1.6344122098178,1.50419936595671,0.563758533967519,2.47198312367665,0.284164475561666,37.8327714634824,1.16550997646212,39.7403085521718,1.28006123217663,1.6621745369212,1.91131709821215,1.64209428748373,-1.90753708868937,0.354350977641177,-0.157975170964486,-1.34755856424463,0.829888836192926
3,22,82,32.4602725223537,1.29205322265625,1.41666666666667,1.5,3,1882,0.977504465397886,1.90196277690842,2.27236909759774,1.50173914191675,0.189664179656175,40.0159254103716,1.23276615693275,39.7403085521718,1.28006123217663,1.6621745369212,1.91131709821215,1.64209428748373,0.275616858199768,-0.30255676677874,0.23978823998722,0.36105199938559,-0.140355145566975
3,23,83,34.5773705495876,1.27479553222656,1.43333333333333,1.5,1,83,1.18201881148536,1.80290591449469,1.91146535846946,1.27034510307962,0.303304257594444,41.8388702888846,1.21000728580223,42.1517083769047,2.02953819292885,1.8322188571586,1.57635435952491,2.06132607512371,-0.312838088020115,-0.847519381443486,-0.0293129426639083,0.335110998944546,-0.790980972044092
3,23,83,34.5773705495876,1.27479553222656,1.43333333333333,1.5,2,983,2.55770903529996,1.70782580396074,1.04857474214996,2.20445631358553,0.0172895494296931,41.8759619155219,1.21107999972026,42.1517083769047,2.02953819292885,1.8322188571586,1.57635435952491,2.06132607512371,-0.27574646138283,0.528170842371113,-0.124393053197855,-0.527779617374952,0.143130238461824
3,23,83,34.5773705495876,1.27479553222656,1.43333333333333,1.5,3,1883,2.34888673200122,1.98592485302036,1.76902297795532,2.70917680870598,-0.331454691203525,42.7402929263077,1.23607701357781,42.1517083769047,2.02953819292885,1.8322188571586,1.57635435952491,2.06132607512371,0.588584549402945,0.319348539072373,0.153705995861763,0.192668618430405,0.647850733582267
3,24,84,36.766227854774,1.2548828125,1.45,1.5,1,84,2.8606150752139,1.39148905911204,1.74013119998833,1.70099124820596,0.378004258519083,45.3618247400524,1.23379055689996,45.6045970893087,2.1909041945412,2.00756111163448,1.83074394767928,1.51234078776959,-0.242772349256342,0.6697108806727,-0.616072052522445,-0.0906127476909446,0.188650460436377
3,24,84,36.766227854774,1.2548828125,1.45,1.5,2,984,2.18182067473399,2.7401713487805,2.39073094961656,1.26174866731813,0.626970447739674,47.6904724473511,1.29712715255227,45.6045970893087,2.1909041945412,2.00756111163448,1.83074394767928,1.51234078776959,2.08587535804237,-0.00908351980721367,0.73261023714602,0.559987001937278,-0.250592120451457
3,24,84,36.766227854774,1.2548828125,1.45,1.5,3,1884,1.53027683367572,1.89102292701091,1.36136969343295,1.57428244778467,0.290910344486853,43.7614940805227,1.1902633648842,45.6045970893087,2.1909041945412,2.00756111163448,1.83074394767928,1.51234078776959,-1.84310300878604,-0.660627360865487,-0.116538184623574,-0.469374254246334,0.0619416600150806
3,25,85,39.0292767267848,1.23231506347656,1.46666666666667,1.5,1,85,1.11079700118899,1.93949851353895,1.40766876084003,2.28043993165461,0.623008272600509,45.9772378375322,1.17801921258713,47.6699357385023,1.92445576561737,2.39257316569574,1.88095666421089,2.16235265310048,-1.69269790097013,-0.813658764428377,-0.45307465215679,-0.473287903370857,0.118087278554128
3,25,85,39.0292767267848,1.23231506347656,1.46666666666667,1.5,2,985,2.4083473372684,3.11988396374356,1.82411752717421,2.44222613125612,-0.532530456474204,48.7765950763619,1.24974376076223,47.6699357385023,1.92445576561737,2.39257316569574,1.88095666421089,2.16235265310048,1.10665933785958,0.483891571651034,0.727310798047819,-0.0568391370366788,0.279873478155633
3,25,85,39.0292767267848,1.23231506347656,1.46666666666667,1.5,3,1885,2.25422295839471,2.11833701980471,2.41108370461842,1.76439189639072,-0.27473518587757,48.2559743016129,1.23640452369685,47.6699357385023,1.92445576561737,2.39257316569574,1.88095666421089,2.16235265310048,0.586038563110549,0.329767192777343,-0.274236145891028,0.530127040407536,-0.397960756709761
3,26,86,41.369031897199,1.20709228515625,1.48333333333333,1.5,1,86,2.6760931605047,2.14538398794021,2.31039728997303,1.54383457979122,-1.72848791839099,49.5187509042835,1.19700047676572,49.4607507055564,2.33446037161755,2.11777218615394,1.95506802189741,1.90001091388222,0.0580001987271714,0.341632788887153,0.0276118017862643,0.355329268075621,-0.356176334091
3,26,86,41.369031897199,1.20709228515625,1.48333333333333,1.5,2,986,2.24623828476406,2.07657511205437,1.03567409837688,2.15099469822713,-0.67334590928973,48.0408671225166,1.1612760782485,49.4607507055564,2.33446037161755,2.11777218615394,1.95506802189741,1.90001091388222,-1.41988358303978,-0.0882220868534866,-0.0411970740995726,-0.919393923520528,0.250983784344913
3,26,86,41.369031897199,1.20709228515625,1.48333333333333,1.5,3,1886,2.08104966958389,2.13135745846725,2.51913267734231,2.00520346362831,0.00137061208169909,50.822634089869,1.22851881610771,49.4607507055564,2.33446037161755,2.11777218615394,1.95506802189741,1.90001091388222,1.36188338431261,-0.253410702033666,0.0135852723133083,0.564064655444907,0.105192549746087
3,27,87,43.7880933347085,1.17921447753906,1.5,1.5,1,87,2.14154290833998,2.29258318718597,1.83195711450024,2.27610099206362,-0.734927205126679,51.7653149838967,1.18217787169247,52.6516773312221,2.22431310810594,2.08785637804749,2.2666340310992,2.13287701369289,-0.886362347325381,-0.082770199765954,0.204726809138478,-0.434676916598956,0.143223978370732
3,27,87,43.7880933347085,1.17921447753906,1.5,1.5,2,987,1.90614125939422,2.17523179978788,2.63751453365921,1.4616936725969,-0.199190593514805,53.0557716106765,1.21164836306362,52.6516773312221,2.22431310810594,2.08785637804749,2.2666340310992,2.13287701369289,0.404094279454405,-0.318171848711712,0.0873754217403873,0.370880502560011,-0.67118334109599
3,27,87,43.7880933347085,1.17921447753906,1.5,1.5,3,1887,2.6252551565836,1.79575414716863,2.33043044513814,2.66083637641815,0.060836288047001,53.1339453990931,1.21343363806564,52.6516773312221,2.22431310810594,2.08785637804749,2.2666340310992,2.13287701369289,0.482268067870983,0.400942048477666,-0.292102230878865,0.0637964140389453,0.527959362725257
3,28,88,46.2891491342386,1.148681640625,1.51666666666667,1.5,1,88,1.83876022387993,2.22592616591933,1.83371012980564,2.39176888778192,0.0122030259151423,54.5400554838556,1.17824709470657,55.4572482602548,1.91332445276852,2.49913493818644,2.36713016202276,2.32345007663423,-0.91719277639919,-0.0745642288885824,-0.273208772267105,-0.533420032217114,0.0683188111476851
3,28,88,46.2891491342386,1.148681640625,1.51666666666667,1.5,2,988,2.01025640247381,2.33804757518231,2.63211515440278,2.19393110514412,-1.0041800053392,55.088325305334,1.19009155138233,55.4572482602548,1.91332445276852,2.49913493818644,2.36713016202276,2.32345007663423,-0.368922954920841,0.0969319497052903,-0.161087363004128,0.264984992380026,-0.129518971490116
3,28,88,46.2891491342386,1.148681640625,1.51666666666667,1.5,3,1888,1.89095673195181,2.93343107345767,2.63556520185984,2.38465023697666,-0.120277354740315,56.7433639915748,1.22584590671604,55.4572482602548,1.91332445276852,2.49913493818644,2.36713016202276,2.32345007663423,1.28611573132003,-0.0223677208167077,0.434296135271233,0.268435039837088,0.0612001603424313
3,29,89,48.8749785039976,1.11549377441406,1.53333333333333,1.5,1,89,2.7443816710169,2.4846700783422,1.86199698931993,3.23529429933342,-0.705963655176217,57.8331784548948,1.18328805914798,58.7812416724673,2.8180080491589,2.16835912724256,2.49920548708318,2.59947113738808,-0.94806321757256,-0.0736263781419981,0.316310951099636,-0.63720849776325,0.635823161945347
3,29,89,48.8749785039976,1.11549377441406,1.53333333333333,1.5,2,989,2.02309183087857,1.43883154217484,3.25103942627909,2.29215164532057,-0.245990963932973,57.9685013865644,1.18605681600091,58.7812416724673,2.8180080491589,2.16835912724256,2.49920548708318,2.59947113738808,-0.812740285902962,-0.79491621828033,-0.729527585067728,0.751833939195911,-0.307319492067504
3,29,89,48.8749785039976,1.11549377441406,1.53333333333333,1.5,3,1889,3.68655064558123,2.58157576121066,2.38458004565052,2.27096746751023,0.0194561420717621,60.5420451759429,1.23871246656387,58.7812416724673,2.8180080491589,2.16835912724256,2.49920548708318,2.59947113738808,1.76080350347552,0.868542596422327,0.413216633968091,-0.114625441432661,-0.328503669877843
3,30,90,51.5484548537714,1.07965087890625,1.55,1.5,1,90,1.07015912373232,2.89836356467067,2.6797724108592,2.66874142791801,-0.0766475301134198,61.1393277036934,1.18605548657334,61.773921771543,1.87255878622854,2.52753070883366,2.85683511509406,2.18583713735999,-0.634594067849633,-0.802399662496211,0.370832855837014,-0.17706270423486,0.48290429055802
3,30,90,51.5484548537714,1.07965087890625,1.55,1.5,2,990,2.0798252620838,1.53026278604831,3.11387931318992,2.35540998538029,-0.265912945971164,60.5707533681401,1.17502558592615,61.773921771543,1.87255878622854,2.52753070883366,2.85683511509406,2.18583713735999,-1.20316840340292,0.20726647585526,-0.997267922785349,0.257044198095862,0.169572848020299
3,30,90,51.5484548537714,1.07965087890625,1.55,1.5,3,1890,2.46769197286949,3.15396577578199,2.77685362123305,1.53335999878167,0.345056197334146,63.6116842427956,1.23401728380112,61.773921771543,1.87255878622854,2.52753070883366,2.85683511509406,2.18583713735999,1.83776247125255,0.595133186640951,0.626435066948334,-0.0799814938610028,-0.652477138578319
4,1,91,1.01685340540722,1.052978515625,1.08333333333333,1.5,1,91,0.435584971919624,-0.17428692831691,0.21776551614759,0.951618409083697,0.462929347120814,2.07628180489992,2.0418693529068,1.26968561431389,-0.257030848054641,0.204760488632507,-0.113951229427596,0.654217184067287,0.806596190586034,0.692615819974265,-0.379047416949417,0.331716745575186,0.297401225016409
4,1,91,1.01685340540722,1.052978515625,1.08333333333333,1.5,2,991,-0.602670373065697,-0.117832081203775,-0.236472454206987,-0.173463234219944,0.808179743552246,0.708074091503017,0.696338417846427,1.26968561431389,-0.257030848054641,0.204760488632507,-0.113951229427596,0.654217184067287,-0.56161152281087,-0.345639525011057,-0.322592569836282,-0.122521224779391,-0.827680418287231
4,1,91,1.01685340540722,1.052978515625,1.08333333333333,1.5,3,1891,-0.604007143017849,0.906400475418205,-0.323146750223391,1.18449637733811,0.146640362978694,1.02470094653872,1.00771747539003,1.26968561431389,-0.257030848054641,0.204760488632507,-0.113951229427596,0.654217184067287,-0.244984667775165,-0.346976294963208,0.701639986785698,-0.209195520795795,0.530279193270821
4,2,92,2.06817317241739,1.1025390625,1.1,1.5,1,92,0.887879657943885,0.739202633550629,-0.933014286899077,0.487425808475254,0.381401776911076,2.84209842156781,1.37420717929815,1.56634824411953,0.580824101720813,0.129944664793633,-0.494441104955316,0.250679169968801,1.27575017744829,0.307055556223072,0.609257968756996,-0.438573181943761,0.236746638506453
4,2,92,2.06817317241739,1.1025390625,1.1,1.5,2,992,0.156377111191399,0.114791938529545,-0.450322726164623,0.237863716523099,-1.16664845323723,0.524723635885146,0.253713587857742,1.56634824411953,0.580824101720813,0.129944664793633,-0.494441104955316,0.250679169968801,-1.04162460823438,-0.424446990529414,-0.0151527262640885,0.044118378790693,-0.012815453445702
4,2,92,2.06817317241739,1.1025390625,1.1,1.5,3,1892,0.698215536027154,-0.464160577699274,-0.0999863018022479,0.0267479849080498,-0.845204311853517,1.33222267490561,0.644154315834414,1.56634824411953,0.580824101720813,0.129944664793633,-0.494441104955316,0.250679169968801,-0.23412556921391,0.117391434306341,-0.594105242492907,0.394454803153068,-0.223931185060751
4,3,93,3.15512754226943,1.148681640625,1.11666666666667,1.5,1,93,-0.0936020107778672,0.43456206597576,0.604761736084446,-0.563025490269971,0.285521943519095,4.72553415228201,1.49773157787562,4.27852841661923,-0.067321035561574,0.344550628558525,0.28125764193098,-0.039994673002485,0.447005735662779,-0.0262809752162933,0.0900114374172349,0.323504094153466,-0.523030817267486
4,3,93,3.15512754226943,1.148681640625,1.11666666666667,1.5,2,993,0.582940360810486,0.0402345976731829,-0.0576348496003563,0.507073862707102,0.159570584381497,3.9427873763611,1.24964437207033,4.27852841661923,-0.067321035561574,0.344550628558525,0.28125764193098,-0.039994673002485,-0.335741040258129,0.65026139637206,-0.304316030885342,-0.338892491531336,0.547068535709587
4,3,93,3.15512754226943,1.148681640625,1.11666666666667,1.5,3,1893,-0.69130145671734,0.558855222026632,0.296646039308849,-0.0640323914445867,0.737197413520663,4.16726372121458,1.32079089209089,4.27852841661923,-0.067321035561574,0.344550628558525,0.28125764193098,-0.039994673002485,-0.111264695404649,-0.623980421155766,0.214304593468107,0.0153883973778697,-0.0240377184421017
4,4,94,4.27892435387168,1.19140625,1.13333333333333,1.5,1,94,-0.0949978924921145,-0.057873022677329,-0.736718882518055,0.402967312491469,0.213283895216525,3.20835941675822,0.749805126574676,5.17970342438879,0.31554672155103,-0.245561537638641,0.363719203839909,0.337184663774408,-1.97134400763058,-0.410544614043144,0.187688514961312,-1.10043808635796,0.065782648717061
4,4,94,4.27892435387168,1.19140625,1.13333333333333,1.5,2,994,0.974227975911863,-0.715059206339567,0.687323730303394,0.479077834035438,0.208101417450483,5.86831223235199,1.37144565947799,5.17970342438879,0.31554672155103,-0.245561537638641,0.363719203839909,0.337184663774408,0.688608807963195,0.658681254360833,-0.469497668700926,0.323604526463485,0.14189317026103
4,4,94,4.27892435387168,1.19140625,1.13333333333333,1.5,3,1894,0.0674100812333408,0.0362476161009719,1.14055276373439,0.129508844796317,0.351291700907399,6.46243862405617,1.51029513251591,5.17970342438879,0.31554672155103,-0.245561537638641,0.363719203839909,0.337184663774408,1.28273519966738,-0.248136640317689,0.281809153739613,0.77683355989448,-0.207675818978091
4,5,95,5.44081238596938,1.230712890625,1.15,1.5,1,95,-0.403675370756009,1.37681476632154,0.510217506880524,0.61502848991368,0.087400721019184,7.38006786616187,1.35642755945663,7.64251973605317,0.350189082705666,0.414760216815956,0.732495273667702,0.600483284718426,-0.262451869891302,-0.753864453461675,0.96205454950558,-0.222277766787178,0.0145452051952536
4,5,95,5.44081238596938,1.230712890625,1.15,1.5,2,995,0.977355771414012,-0.205549114080129,1.03876497801014,0.245445238196036,0.631457258478968,8.59687997687737,1.58007285806193,7.64251973605317,0.350189082705666,0.414760216815956,0.732495273667702,0.600483284718426,0.954360240824205,0.627166688708346,-0.620309330896086,0.306269704342439,-0.35503804652239
4,5,95,5.44081238596938,1.230712890625,1.15,1.5,3,1895,0.476886847458995,0.0730149982064618,0.648503336112441,0.940976126045563,-0.133834063492508,6.95061136512026,1.27749513713142,7.64251973605317,0.350189082705666,0.414760216815956,0.732495273667702,0.600483284718426,-0.691908370932905,0.126697764753329,-0.341745218609494,-0.0839919375552615,0.340492841327137
4,6,96,6.6420827448051,1.2666015625,1.16666666666667,1.5,1,96,0.716648091317822,0.765875848659181,-0.938141535788678,0.761124923654645,0.0697389556609457,7.10583881244453,1.06982088080763,7.56686107528291,0.494979696730609,0.364583102846209,-0.515730191776292,-0.11769547228488,-0.461022262838376,0.221668394587213,0.401292745812972,-0.422411344012386,0.878820395939525
4,6,96,6.6420827448051,1.2666015625,1.16666666666667,1.5,2,996,-0.0630284491903935,0.324707754011898,-1.07440617068164,-0.300093488810751,1.13132532196235,6.46079259153237,0.97270582733789,7.56686107528291,0.494979696730609,0.364583102846209,-0.515730191776292,-0.11769547228488,-1.10606848375054,-0.558008145921003,-0.0398753488343108,-0.558675978905348,-0.182398016525872
4,6,96,6.6420827448051,1.2666015625,1.16666666666667,1.5,3,1896,0.831319448064399,0.00316570586754861,0.465357131141442,-0.814117851698533,0.73718954498742,9.13395182187182,1.37516381123311,7.56686107528291,0.494979696730609,0.364583102846209,-0.515730191776292,-0.11769547228488,1.56709074658892,0.33633975133379,-0.361417396978661,0.981087322917734,-0.696422379413653
4,7,97,7.88407029881404,1.299072265625,1.18333333333333,1.5,1,97,0.558938073644583,-0.576345467969668,1.05242043187981,0.647266532542277,-0.372669753057754,9.13412333948543,1.15855427378158,9.98451261975924,0.353583564188537,0.249186045879128,0.772607688626198,1.01944643273576,-0.850389280273808,0.205354509456046,-0.825531513848796,0.279812743253609,-0.37217990019348
4,7,97,7.88407029881404,1.299072265625,1.18333333333333,1.5,2,997,0.220864742788457,0.501138031016364,0.508072880275635,1.49985720375856,0.434097399412829,9.9602096171539,1.26333343560523,9.98451261975924,0.353583564188537,0.249186045879128,0.772607688626198,1.01944643273576,-0.0243030026053361,-0.13271882140008,0.251951985137236,-0.264534808350563,0.480410771022805
4,7,97,7.88407029881404,1.299072265625,1.18333333333333,1.5,3,1897,0.28094787613257,0.822765574590688,0.757329753723151,0.911215561906432,0.500562449337228,10.8592049026384,1.37736023285737,9.98451261975924,0.353583564188537,0.249186045879128,0.772607688626198,1.01944643273576,0.874692282879144,-0.0726356880559665,0.57357952871156,-0.0152779349030461,-0.108230870829325
4,8,98,9.16815516194857,1.328125,1.2,1.5,1,98,0.436334929617625,-0.472890042935304,0.812005456637382,0.965184397444395,0.396087144426089,10.7942897682068,1.17736770130236,11.0380975658903,0.346920001423207,0.110283290302536,0.663116499390842,0.406770488869133,-0.243807797683507,0.0894149281944179,-0.583173333237841,0.14888895724654,0.558413908575262
4,8,98,9.16815516194857,1.328125,1.2,1.5,2,998,0.597639566507957,0.246712931505608,0.756556129614094,0.0849259661017273,0.553894464234199,11.946679387679,1.30306252202869,11.0380975658903,0.346920001423207,0.110283290302536,0.663116499390842,0.406770488869133,0.90858182178874,0.250719565084751,0.136429641203071,0.0934396302232526,-0.321844522767405
4,8,98,9.16815516194857,1.328125,1.2,1.5,3,1898,0.00678550814403828,0.557026982337305,0.420787911921048,0.170201103061275,-0.103457869853658,10.373323541785,1.13145156888688,11.0380975658903,0.346920001423207,0.110283290302536,0.663116499390842,0.406770488869133,-0.664774024105231,-0.340134493279169,0.446743692034769,-0.242328587469793,-0.236569385807857
4,9,99,10.4957642272801,1.353759765625,1.21666666666667,1.5,1,99,0.20616957087575,0.554357245908451,0.603975947695971,1.50844769786385,1.41032437687318,13.7656245781669,1.31154094928962,12.7307452800493,0.290892285068433,1.01203603306027,0.412964420223899,0.538557533311823,1.03487929811764,-0.0847227141926833,-0.457678787151816,0.191011527472072,0.96989016455203
4,9,99,10.4957642272801,1.353759765625,1.21666666666667,1.5,2,999,0.316141692473669,1.66420375034291,0.466239892427989,0.816600615852418,-0.385083201027533,13.2628019979859,1.26363375841788,12.7307452800493,0.290892285068433,1.01203603306027,0.412964420223899,0.538557533311823,0.532056717936561,0.0252494074052363,0.652167717282644,0.0532754722040902,0.278043082540596
4,9,99,10.4957642272801,1.353759765625,1.21666666666667,1.5,3,1899,0.35036559185588,0.817547102929439,0.168677420547737,-0.709375713780803,-1.05396424418462,11.1638092639951,1.06364901328277,12.7307452800493,0.290892285068433,1.01203603306027,0.412964420223899,0.538557533311823,-1.5669360160542,0.059473306787447,-0.194488930130828,-0.244286999676163,-1.24793324709263
4,10,100,11.8683727525827,1.3759765625,1.23333333333333,1.5,1,100,0.558777268456641,-0.182964698968581,0.642647765113361,0.943102959956537,-0.166633194845387,13.2089191684002,1.11295115545859,14.535867056954,0.660180751393563,0.555288790508798,0.829340682196201,0.753767401623072,-1.32694788855385,-0.101403482936922,-0.73825348947738,-0.18669291708284,0.189335558333465
4,10,100,11.8683727525827,1.3759765625,1.23333333333333,1.5,2,1000,0.0474405667575829,1.01076938853878,0.767297220773496,1.06675064094794,-0.087572084602573,14.2436391863083,1.20013412817766,14.535867056954,0.660180751393563,0.555288790508798,0.829340682196201,0.753767401623072,-0.292227870645711,-0.612740184635981,0.455480598029981,-0.0620434614227044,0.312983239324865
4,10,100,11.8683727525827,1.3759765625,1.23333333333333,1.5,3,1900,1.37432441896647,0.838061681956196,1.07807706070175,0.251448603964742,-0.255093124996962,16.1550428161536,1.36118431337928,14.535867056954,0.660180751393563,0.555288790508798,0.829340682196201,0.753767401623072,1.61917575919956,0.714143667572903,0.282772891447398,0.248736378505545,-0.50231879765833
4,11,101,13.2875059996601,1.394775390625,1.25,1.5,1,101,0.812800938965483,0.611139222497166,1.0335644241941,1.09751214675773,-0.232271994871351,16.5031794163473,1.24200729743937,16.4173708295876,0.970544783326482,0.448539585705486,0.82974993936713,0.818219857153353,0.0858085867596827,-0.157743844360999,0.16259963679168,0.203814484826966,0.27929228960438
4,11,101,13.2875059996601,1.394775390625,1.25,1.5,2,1001,1.18075288015055,0.289869191694276,0.815073895729374,0.398815130126318,-0.146920268921313,16.3724181235943,1.23216637674618,16.4173708295876,0.970544783326482,0.448539585705486,0.82974993936713,0.818219857153353,-0.0449527059933494,0.210208096824063,-0.158670394011209,-0.0146760436377563,-0.419404727027035
4,11,101,13.2875059996601,1.394775390625,1.25,1.5,3,1901,0.918080530863417,0.444610342925015,0.640611498177921,0.958332294576008,0.291812642177801,16.3765149488213,1.232474698355,16.4173708295876,0.970544783326482,0.448539585705486,0.82974993936713,0.818219857153353,-0.0408558807663333,-0.0524642524630646,-0.00392924278047063,-0.189138441189209,0.140112437422655
4,12,102,14.7547409292381,1.41015625,1.26666666666667,1.5,1,102,-0.212549749034411,1.06261775929978,-0.0399601379506296,0.256624867751447,0.398104058139165,16.1391589185276,1.09382868841472,17.4962366511107,0.2813984686347,1.07329574001651,0.60396127996107,0.412591548419902,-1.35707773258316,-0.493948217669111,-0.010677980716733,-0.643921417911699,-0.155966680668455
4,12,102,14.7547409292381,1.41015625,1.26666666666667,1.5,2,1002,0.0148916009219809,0.963833295052657,0.860966847426214,0.615224478212216,-0.243501210312431,17.0445449812443,1.15519107133008,17.4962366511107,0.2813984686347,1.07329574001651,0.60396127996107,0.412591548419902,-0.451691669866403,-0.266506867712719,-0.109462444963855,0.257005567465144,0.202632929792314
4,12,102,14.7547409292381,1.41015625,1.26666666666667,1.5,3,1902,1.04185355401653,1.1934361656971,0.990877130407625,0.365925299296043,0.0830873180466479,19.3050060535603,1.30839342731565,17.4962366511107,0.2813984686347,1.07329574001651,0.60396127996107,0.412591548419902,1.80876940244957,0.76045508538183,0.120140425680588,0.386915850446555,-0.046666249123859
4,13,103,16.2717079533052,1.422119140625,1.28333333333333,1.5,1,103,-0.0100974200050138,0.578218370718602,-0.856684613200158,0.386054057347795,0.646296477159497,16.3606646854933,1.00546695727599,18.7722264628289,0.966688037273876,0.348537536126785,0.43020661228063,0.4181325636985,-2.41156177733555,-0.976785457278889,0.229680834591817,-1.28689122548079,-0.0320785063507054
4,13,103,16.2717079533052,1.422119140625,1.28333333333333,1.5,2,1003,0.805548546985033,0.18476208214819,0.301879233987426,0.431673399021249,-0.551773914097854,17.5554502363154,1.07889413248407,18.7722264628289,0.966688037273876,0.348537536126785,0.43020661228063,0.4181325636985,-1.21677622651342,-0.161139490288843,-0.163775453978594,-0.128327378293204,0.0135408353227484
4,13,103,16.2717079533052,1.422119140625,1.28333333333333,1.5,3,1903,2.10461298484161,0.282632155513562,1.84542521605462,0.436670234726457,0.00499701369709204,22.4005644666778,1.37665723419819,18.7722264628289,0.966688037273876,0.348537536126785,0.43020661228063,0.4181325636985,3.62833800384898,1.13792494756773,-0.0659053806132224,1.41521860377399,0.0185376710279571
4,14,104,17.8400927468495,1.4306640625,1.3,1.5,1,104,0.00280192310624616,0.518832452867985,1.62642822748314,0.478666156772357,0.764178067743644,21.7224039552402,1.21761720992602,21.2033490288385,0.408553528981727,0.813849363595822,1.02689654386088,0.354979539351867,0.519054926401708,-0.405751605875481,-0.295016910727837,0.599531683622254,0.12368661742049
4,14,104,17.8400927468495,1.4306640625,1.3,1.5,2,1004,0.629853422198419,0.628340461491245,0.774097701498484,0.468152720705057,-0.00162855877688734,20.7175619960408,1.16129228082065,21.2033490288385,0.408553528981727,0.813849363595822,1.02689654386088,0.354979539351867,-0.485787032797639,0.221299893216693,-0.185508902104577,-0.252798842362399,0.11317318135319
4,14,104,17.8400927468495,1.4306640625,1.3,1.5,3,1904,0.593005241640515,1.29437517642824,0.680163702601028,0.118119740578187,-0.221336182962522,21.1700811352344,1.18665757155175,21.2033490288385,0.408553528981727,0.813849363595822,1.02689654386088,0.354979539351867,-0.0332678936040693,0.184451712658788,0.480525812832414,-0.346732841259855,-0.23685979877368
4,15,105,19.4616381210038,1.435791015625,1.31666666666667,1.5,1,105,0.990553608549521,1.49623415894418,0.703796695862996,1.80518505016756,1.20390102724129,25.1135038062998,1.29041058363922,24.2542891305916,1.10987694015817,1.35436345217662,0.578050879684888,1.35572230933576,0.859214675708238,-0.119323331608649,0.141870706767566,0.125745816178108,0.449462740831797
4,15,105,19.4616381210038,1.435791015625,1.31666666666667,1.5,2,1005,1.47603620562623,0.857498916456608,0.483277447359093,1.24278417914752,-0.036392069030402,23.3984819857886,1.2022873840479,24.2542891305916,1.10987694015817,1.35436345217662,0.578050879684888,1.35572230933576,-0.855807144802927,0.366159265468058,-0.49686453572001,-0.0947734323257948,-0.11293813018824
4,15,105,19.4616381210038,1.435791015625,1.31666666666667,1.5,3,1905,0.863041006298761,1.70935728112906,0.547078495832574,1.0191976986922,0.478825458487231,24.2508815996863,1.24608634940723,24.2542891305916,1.10987694015817,1.35436345217662,0.578050879684888,1.35572230933576,-0.00340753090530654,-0.246835933859409,0.354993828952444,-0.0309723838523136,-0.336524610643557
4,16,106,21.1381459596826,1.4375,1.33333333333333,1.5,1,106,0.809634077919529,1.19173140977479,0.452965662014503,0.994357679493476,-0.167933997775414,24.4024846549713,1.15442880853954,24.0658960197699,0.675551590081432,0.790793503994693,0.805146923726123,1.15455107192272,0.336588635201451,0.134082487838097,0.400937905780101,-0.35218126171162,-0.160193392429242
4,16,106,21.1381459596826,1.4375,1.33333333333333,1.5,2,1006,0.555201935374606,1.18924491340157,0.913651250723106,1.19030527734014,-0.418474922452269,24.4739105799514,1.15780781467926,24.0658960197699,0.675551590081432,0.790793503994693,0.805146923726123,1.15455107192272,0.408014560181542,-0.120349654706826,0.398451409406878,0.108504326996983,0.0357542054174267
4,16,106,21.1381459596826,1.4375,1.33333333333333,1.5,3,1906,0.66181875695016,-0.00859581119228547,1.04882385844076,1.27899025893453,-0.329992304483002,23.3212928243869,1.10327995978778,24.0658960197699,0.675551590081432,0.790793503994693,0.805146923726123,1.15455107192272,-0.744603195382997,-0.0137328331312716,-0.799389315186979,0.243676934714637,0.124439187011815
4,17,107,22.8714792218598,1.435791015625,1.35,1.5,1,107,1.44734642448359,0.874278909005537,1.07532992771587,1.43580246320344,0.133308363691397,27.8761459970529,1.21881692594723,27.9067580349089,1.55491564004635,0.87277257102011,0.937794915494025,1.33301716585339,-0.0306120378559953,-0.107569215562759,0.0015063379854271,0.13753501222185,0.102785297350048
4,17,107,22.8714792218598,1.435791015625,1.35,1.5,2,1007,1.26451397399859,1.06289230016346,0.312380995090648,0.317983511326799,0.491964700836117,27.082497823552,1.18411658296537,27.9067580349089,1.55491564004635,0.87277257102011,0.937794915494025,1.33301716585339,-0.824260211356993,-0.290401666047761,0.190119729143346,-0.625413920403377,-1.01503365452659
4,17,107,22.8714792218598,1.435791015625,1.35,1.5,3,1907,1.95288652165687,0.681146503891337,1.42567382367555,2.24526552302993,0.0281556241654484,28.7616302841219,1.25753258043024,27.9067580349089,1.55491564004635,0.87277257102011,0.937794915494025,1.33301716585339,0.854872249212988,0.39797088161052,-0.191626067128773,0.487878908181528,0.912248357176542
4,18,108,24.6635640117153,1.4306640625,1.36666666666667,1.5,1,108,1.05099577703469,1.53481380709772,0.244329892137537,1.33545126914518,-0.280173422193567,28.351086185471,1.14951294841265,29.2146454994155,1.41038195205004,1.33984231144304,0.56592025643309,0.914494057789852,-0.86355931394446,-0.359386175015358,0.194971495654678,-0.321590364295553,0.420957211355333
4,18,108,24.6635640117153,1.4306640625,1.36666666666667,1.5,2,1008,0.728675033863641,1.62995447407487,0.939886786045878,0.4275797893134,-0.353310473245472,28.9901773496306,1.17542530900482,29.2146454994155,1.41038195205004,1.33984231144304,0.56592025643309,0.914494057789852,-0.224468149784855,-0.681706918186403,0.290112162631828,0.373966529612789,-0.486914268476451
4,18,108,24.6635640117153,1.4306640625,1.36666666666667,1.5,3,1908,2.4514750452518,0.854758653156535,0.513544091115853,0.98045111491097,0.193385408084484,30.3026729631448,1.22864128431523,29.2146454994155,1.41038195205004,1.33984231144304,0.56592025643309,0.914494057789852,1.08802746372931,1.04109309320176,-0.485083658286507,-0.0523761653172363,0.0659570571211188
4,19,109,26.5163917189489,1.422119140625,1.38333333333333,1.5,1,109,1.40978675744515,0.932916875568896,1.02308986840335,1.53423657813116,-0.202950700416798,31.1434955643032,1.17449975450648,32.5088371085573,1.40661396023902,1.27534161808108,1.41346726347971,1.53368153386852,-1.36534154425419,0.00317279720613262,-0.342424742512181,-0.390377395076358,0.000555044262635418
4,19,109,26.5163917189489,1.422119140625,1.38333333333333,1.5,2,1009,1.35787813695205,1.4407212126189,1.63549041493674,1.29401162254077,-0.410923630675132,32.4827658773307,1.22500701534433,32.5088371085573,1.40661396023902,1.27534161808108,1.41346726347971,1.53368153386852,-0.0260712312266236,-0.0487358232869699,0.16537959453782,0.222023151457029,-0.23966991132775
4,19,109,26.5163917189489,1.422119140625,1.38333333333333,1.5,3,1909,1.45217698631986,1.45238676605544,1.58182150709904,1.77279640093364,0.936822190243435,33.9002498840382,1.27846391180791,32.5088371085573,1.40661396023902,1.27534161808108,1.41346726347971,1.53368153386852,1.39141277548082,0.0455630260808371,0.177045147974361,0.16835424361933,0.239114867065115
4,20,110,28.4320212316403,1.41015625,1.4,1.5,1,110,1.70491239494699,1.80882256688405,1.78691790818426,0.450331747000575,0.145454318327854,36.1943968753192,1.27301525911357,34.7096254522672,1.67047631737351,1.42865914985273,1.29410924179885,1.12814415735515,1.48477142305199,0.0344360775734842,0.380163417031326,0.492808666385409,-0.677812410354575
4,20,110,28.4320212316403,1.41015625,1.4,1.5,2,1010,2.01455826856063,1.45518564875696,1.00869402857765,0.775741013248568,0.709172050838626,35.5323361670051,1.24972951720588,34.7096254522672,1.67047631737351,1.42865914985273,1.29410924179885,1.12814415735515,0.822710714737894,0.344081951187121,0.0265264989042338,-0.285415213221201,-0.352403144106583
4,20,110,28.4320212316403,1.41015625,1.4,1.5,3,1910,1.2919582886129,1.02196923391717,1.08671578863464,2.15835971181631,-0.91257158302578,32.4021433144773,1.13963559081825,34.7096254522672,1.67047631737351,1.42865914985273,1.29410924179885,1.12814415735515,-2.30748213778989,-0.378518028760605,-0.406689915935559,-0.207393453164207,1.03021555446116
4,21,111,30.4125812241143,1.394775390625,1.41666666666667,1.5,1,111,1.4427887744749,1.27777849926977,1.34060082344363,0.815526164771492,0.145560193195212,36.3915951362814,1.19659672647011,37.1497198911395,1.07971610793012,1.90786263095104,1.55115463140703,1.06301383822885,-0.758124754858144,0.363072666544778,-0.630084131681266,-0.210553807963393,-0.247487673457354
4,21,111,30.4125812241143,1.394775390625,1.41666666666667,1.5,2,1011,0.893078205381866,2.18950022730008,1.340494706494,0.860942983766647,-0.220730723112841,36.5500280521877,1.20180617958225,37.1497198911395,1.07971610793012,1.90786263095104,1.55115463140703,1.06301383822885,-0.599691838951784,-0.186637902548253,0.281637596349046,-0.210659924913024,-0.2020708544622
4,21,111,30.4125812241143,1.394775390625,1.41666666666667,1.5,3,1911,0.903281343933594,2.25630916628326,1.97236836428344,1.5125723661484,0.680090139512799,38.5075364849495,1.26617126646313,37.1497198911395,1.07971610793012,1.90786263095104,1.55115463140703,1.06301383822885,1.35781659380993,-0.176434763996525,0.34844653533222,0.421213732876417,0.449558527919554
4,22,112,32.4602725223537,1.3759765625,1.43333333333333,1.5,1,112,1.2040215825979,1.96836813477337,1.82476977738222,1.78289374857709,-0.0220269253299953,39.6534334013377,1.22159890598671,40.1805005429224,1.54413908306606,1.8079744828053,1.87444105244213,1.47271649026802,-0.527067141584695,-0.34011750046816,0.160393651968078,-0.0496712750599084,0.310177258309068
4,22,112,32.4602725223537,1.3759765625,1.43333333333333,1.5,2,1012,1.51131694332094,1.77631290915346,1.65664512452767,1.37873177239303,0.150920242145192,39.7217456469291,1.22370339372767,40.1805005429224,1.54413908306606,1.8079744828053,1.87444105244213,1.47271649026802,-0.45875489599333,-0.0328221397451229,-0.0316615736518329,-0.217795927914464,-0.0939847178749902
4,22,112,32.4602725223537,1.3759765625,1.43333333333333,1.5,3,1912,1.91707872327934,1.67924240448905,2.14190825541651,1.25652394983395,0.448418170221233,41.1663225805004,1.26820631441561,40.1805005429224,1.54413908306606,1.8079744828053,1.87444105244213,1.47271649026802,0.985822037578025,0.372939640213283,-0.128732078316246,0.267467202974373,-0.216192540434078
4,23,113,34.5773705495876,1.353759765625,1.45,1.5,1,113,2.00237576232703,1.55963617518161,2.43242073849341,1.8767352174599,0.338112925450967,43.5363227794931,1.2590987136242,42.8687646704877,1.99653120889389,1.72972150797832,1.97715180860968,1.75893336611059,0.667558109005356,0.00584455343314483,-0.170085332796706,0.455268929883733,0.117801851349308
4,23,113,34.5773705495876,1.353759765625,1.45,1.5,2,1013,1.81636013937266,1.69898579410704,1.7236522603857,1.84881131201065,0.179164661223428,42.2644582794125,1.22231556673174,42.8687646704877,1.99653120889389,1.72972150797832,1.97715180860968,1.75893336611059,-0.604306391075163,-0.180171069521224,-0.0307357138712745,-0.253499548223975,0.0898779459000645
4,23,113,34.5773705495876,1.353759765625,1.45,1.5,3,1913,2.17085772498197,1.9305425546463,1.77538242694992,1.55125356886122,-0.173037786668918,42.8055129525575,1.2379632190704,42.8687646704877,1.99653120889389,1.72972150797832,1.97715180860968,1.75893336611059,-0.0632517179301857,0.174326516088079,0.20082104666798,-0.201769381659758,-0.207679797249372
4,24,114,36.766227854774,1.328125,1.46666666666667,1.5,1,114,1.29429206419555,0.694328270394385,0.797086694915456,2.57231568453308,0.651330362810317,41.350518037629,1.1246875312029,42.2467788442416,1.58308505648457,0.879764197489345,1.3694969451638,1.96306269965801,-0.896260806612574,-0.288792992289018,-0.18543592709496,-0.572410250248347,0.609252984875069
4,24,114,36.766227854774,1.328125,1.46666666666667,1.5,2,1014,2.33635111487137,0.656630182215535,1.15437212106179,1.54818891377465,-0.540141493771736,42.0236684676163,1.14299646495172,42.2467788442416,1.58308505648457,0.879764197489345,1.3694969451638,1.96306269965801,-0.223110376625279,0.753266058386799,-0.22313401527381,-0.215124824102011,-0.414873785883356
4,24,114,36.766227854774,1.328125,1.46666666666667,1.5,3,1914,1.11861199038679,1.28833413985812,2.15703201951416,1.7686835006663,-0.0108391447568619,43.3661500274794,1.17951045178676,42.2467788442416,1.58308505648457,0.879764197489345,1.3694969451638,1.96306269965801,1.11937118323785,-0.464473066097781,0.40856994236877,0.787535074350357,-0.194379198991713
4,25,115,39.0292767267848,1.299072265625,1.48333333333333,1.5,1,115,2.67736741536594,2.29839955712407,2.05630289888113,2.02733457490455,1.04057073567307,50.0416882413702,1.28215771436594,49.2120093089322,2.46284353110971,2.15831155871787,2.24816582592802,1.79434549957944,0.829678932437972,0.214523884256224,0.140087998406202,-0.191862927046894,0.232989075325111
4,25,115,39.0292767267848,1.299072265625,1.48333333333333,1.5,2,1015,2.08217531020564,2.3901949498141,2.03891207699254,1.29420130988547,0.117382361586636,48.4553792437417,1.24151363559571,49.2120093089322,2.46284353110971,2.15831155871787,2.24816582592802,1.79434549957944,-0.756630065190492,-0.380668220904071,0.231883391096232,-0.209253748935486,-0.500144189693967
4,25,115,39.0292767267848,1.299072265625,1.48333333333333,1.5,3,1915,2.62898786775756,1.78634016921544,2.6492825019104,2.0615006139483,0.070776818696365,49.1389604416847,1.2590282106858,49.2120093089322,2.46284353110971,2.15831155871787,2.24816582592802,1.79434549957944,-0.0730488672474863,0.166144336647847,-0.371971389502435,0.401116675982381,0.267155114368856
4,26,116,41.369031897199,1.2666015625,1.5,1.5,1,116,2.76193936314564,1.57866516379759,2.73657632125234,2.49427667513817,-1.04936937281094,50.2908014648535,1.2156630010058,49.8052097051846,2.46350511587971,1.82458488491084,2.0868659371215,2.45604703105673,0.485591759668878,0.298434247265928,-0.245919721113249,0.649710384130844,0.0382296440814378
4,26,116,41.369031897199,1.2666015625,1.5,1.5,2,1016,2.74198603321404,1.92352158867156,2.11460145988333,1.72922418958365,0.0750473333527656,50.9742675974062,1.23218420300663,49.8052097051846,2.46350511587971,1.82458488491084,2.0868659371215,2.45604703105673,1.16905789222159,0.27848091733433,0.0989367037607265,0.0277355227618381,-0.726822841473079
4,26,116,41.369031897199,1.2666015625,1.5,1.5,3,1916,1.88658995127945,1.97156790226336,1.40942003022881,3.14464022844838,-0.679511522730487,48.1505600532942,1.16392764938148,49.8052097051846,2.46350511587971,1.82458488491084,2.0868659371215,2.45604703105673,-1.65464965189047,-0.576915164600257,0.146983017352522,-0.677445906892682,0.688593197391642
4,27,117,43.7880933347085,1.230712890625,1.51666666666667,1.5,1,117,2.31944867501086,2.63164126261397,2.04527061676183,3.13049207668523,0.112059592684235,53.8139568176456,1.22896323450992,54.3257310241438,2.34812726579009,2.55751369610788,2.21646779688203,2.36853499141958,-0.51177420649821,-0.0286785907792257,0.0741275665060868,-0.171197180120207,0.761957085265646
4,27,117,43.7880933347085,1.230712890625,1.51666666666667,1.5,2,1017,2.21161171572646,2.81200676171577,2.54382457085861,1.74789836723232,1.04356800046504,55.6341341609989,1.27053109473713,54.3257310241438,2.34812726579009,2.55751369610788,2.21646779688203,2.36853499141958,1.30840313685506,-0.136515550063625,0.254493065607883,0.327356773976579,-0.620636624187263
4,27,117,43.7880933347085,1.230712890625,1.51666666666667,1.5,3,1917,2.51332140663294,2.22889306399391,2.06030820302566,2.2272145303412,0.176881587388955,53.529102093787,1.22245793358984,54.3257310241438,2.34812726579009,2.55751369610788,2.21646779688203,2.36853499141958,-0.796628930356846,0.165194140842851,-0.32862063211397,-0.156159593856373,-0.141320461078383
4,28,118,46.2891491342386,1.19140625,1.53333333333333,1.5,1,118,3.03627042795508,2.608843403887,2.68004791665404,2.36351183843529,-0.647053368933034,57.2798257574692,1.23743527001021,57.4498030117847,2.54487454007483,2.7976025489711,2.65505654541987,2.39054537057625,-0.169977254315498,0.491395887880247,-0.188759145084099,0.0249913712341741,-0.0270335321409649
4,28,118,46.2891491342386,1.19140625,1.53333333333333,1.5,2,1018,1.81994099965134,2.9301221884867,2.15795911781561,2.84225458174091,-0.304267572049312,55.8829633428749,1.2072583831864,57.4498030117847,2.54487454007483,2.7976025489711,2.65505654541987,2.39054537057625,-1.56683966890989,-0.724933540423498,0.132519639515608,-0.497097427604258,0.451709211164654
4,28,118,46.2891491342386,1.19140625,1.53333333333333,1.5,3,1918,2.77841219261808,2.85384205453959,3.12716260178995,1.96586969155257,0.520618096431133,59.1866199350101,1.27862838358443,57.4498030117847,2.54487454007483,2.7976025489711,2.65505654541987,2.39054537057625,1.73681692322538,0.233537652543251,0.0562395055684917,0.472106056370084,-0.424675679023689
4,29,119,48.8749785039976,1.148681640625,1.55,1.5,1,119,1.84812828415597,2.3986250819225,1.67715338880138,2.52801169562172,-0.31547254209476,56.9160159516146,1.16452257768173,58.368210923318,2.16885234575326,2.39160113138578,2.20208438375609,2.38094343508508,-1.45219497170338,-0.320724061597288,0.00702395053671134,-0.524930994954713,0.14706826053664
4,29,119,48.8749785039976,1.148681640625,1.55,1.5,2,1019,2.50569551170707,2.93147957872731,2.38760261710313,2.4949592267519,-0.533694273594923,59.3447279343791,1.21421491632012,58.368210923318,2.16885234575326,2.39160113138578,2.20208438375609,2.38094343508508,0.976517011061176,0.336843165953812,0.539878447341531,0.185518233347037,0.11401579166682
4,29,119,48.8749785039976,1.148681640625,1.55,1.5,3,1919,2.15273324139674,1.84469873350754,2.54149714536377,2.11985938288162,0.824576473424594,58.8438888839601,1.20396756551304,58.368210923318,2.16885234575326,2.39160113138578,2.20208438375609,2.38094343508508,0.475677960642194,-0.0161191043565245,-0.546902397878242,0.339412761607677,-0.261084052203459
4,30,120,51.5484548537714,1.1025390625,1.56666666666667,1.5,1,120,2.42822806453244,2.58852982175026,2.71926708294076,2.94738854450127,-0.504177506422875,61.8557576529741,1.19995367132617,63.85518510965,2.74042690564977,2.80795060140376,3.32941468497268,2.92802986213513,-1.9994274566759,-0.312198841117332,-0.219420779653496,-0.610147602031927,0.0193586823661414
4,30,120,51.5484548537714,1.1025390625,1.56666666666667,1.5,2,1020,3.46513473603281,2.67460458454581,3.46441587864555,2.77997537373478,0.19658113176618,64.9523200559294,1.26002457765574,63.85518510965,2.74042690564977,2.80795060140376,3.32941468497268,2.92802986213513,1.09713494627938,0.724707830383043,-0.133346016857953,0.135001193672866,-0.148054488400357
4,30,120,51.5484548537714,1.1025390625,1.56666666666667,1.5,3,1920,2.32791791638406,3.16071739791521,3.80456109333174,3.05672566816935,-0.0162299008966013,64.7574776200466,1.25624478568263,63.85518510965,2.74042690564977,2.80795060140376,3.32941468497268,2.92802986213513,0.902292510396521,-0.412508989265711,0.352766796511449,0.47514640835906,0.128695806034216
5,1,121,1.01685340540722,1.06385803222656,1.1,1.5,1,121,-0.521362050397908,0.18076650014619,-0.618613235199326,-0.0152492029025977,0.671526179002674,0.404647676757793,0.397941015495485,0.626244094171581,-0.257689304731585,-0.284948922380573,-0.222263796878116,0.0608318303367527,-0.221596417413788,-0.263672745666322,0.465715422526763,-0.396349438321211,-0.0760810332393505
5,1,121,1.01685340540722,1.06385803222656,1.1,1.5,2,1021,-0.475639886060303,-0.422114993536849,0.317078794912075,-0.0632424021014435,-0.0767224407403806,0.44540935091184,0.438027102572829,0.626244094171581,-0.257689304731585,-0.284948922380573,-0.222263796878116,0.0608318303367527,-0.18083474325974,-0.217950581328718,-0.137166071156276,0.539342591790191,-0.124074232438196
5,1,121,1.01685340540722,1.06385803222656,1.1,1.5,3,1921,0.223934022263455,-0.61349827375106,-0.365256950347095,0.260987096014299,0.996321367810917,1.02867525484511,1.01162591320934,0.626244094171581,-0.257689304731585,-0.284948922380573,-0.222263796878116,0.0608318303367527,0.402431160673529,0.48162332699504,-0.328549351370487,-0.14299315346898,0.200155265677547
5,2,122,2.06817317241739,1.12359619140625,1.11666666666667,1.5,1,122,-0.757359000492355,-0.309124104453937,-0.872274249827221,-1.29183184766045,0.47312673375453,0.0367342596437381,0.0177616942979688,2.23899141823435,-0.260128076522461,0.281829646106153,-0.195817385353123,-0.473666606079984,-2.20225715859061,-0.497230923969895,-0.59095375056009,-0.676456864474099,-0.818165241580467
5,2,122,2.06817317241739,1.12359619140625,1.11666666666667,1.5,2,1022,-0.239816562405726,0.852838232902203,-0.177636915756249,0.123046679312195,0.452656234915898,2.9372530842845,1.42021621953991,2.23899141823435,-0.260128076522461,0.281829646106153,-0.195817385353123,-0.473666606079984,0.69826166605015,0.0203115141167349,0.57100858679605,0.018180469596874,0.596713285392179
5,2,122,2.06817317241739,1.12359619140625,1.11666666666667,1.5,3,1922,0.216791333330699,0.301774809870193,0.462459009524102,-0.252214649891696,0.400557436589291,3.74298691077481,1.80980343459334,2.23899141823435,-0.260128076522461,0.281829646106153,-0.195817385353123,-0.473666606079984,1.50399549254046,0.47691940985316,0.0199451637640396,0.658276394877225,0.221451956188288
5,3,123,3.15512754226943,1.17921447753906,1.13333333333333,1.5,1,123,-0.0270863865886404,-0.366219772764937,-0.0749056456481361,0.432410960761363,-0.0160712543458911,2.57970808444153,0.817624026249661,4.50603576460217,-0.0614757247077551,0.437505733756472,0.465339762045646,0.1042911698885,-1.92632768016064,0.0343893381191147,-0.803725506521409,-0.540245407693782,0.328119790872863
5,3,123,3.15512754226943,1.17921447753906,1.13333333333333,1.5,2,1023,0.170651583708928,0.611895898374166,0.861887235086043,0.391526341458173,0.401886006158085,5.74456123733851,1.82070650405674,4.50603576460217,-0.0614757247077551,0.437505733756472,0.465339762045646,0.1042911698885,1.23852547273634,0.232127308416684,0.174390164617694,0.396547473040397,0.287235171569674
5,3,123,3.15512754226943,1.17921447753906,1.13333333333333,1.5,3,1923,-0.327992371243553,1.06684107566019,0.609037696699031,-0.511063792554037,0.302840684986371,5.19383797202646,1.64615785018016,4.50603576460217,-0.0614757247077551,0.437505733756472,0.465339762045646,0.1042911698885,0.687802207424296,-0.266516646535798,0.629335341903715,0.143697934653385,-0.615354962442537
5,4,124,4.27892435387168,1.230712890625,1.15,1.5,1,124,1.12498397320689,0.553720256279499,0.7138250759914,0.228222907373462,0.0305485865951688,7.40152112674762,1.72976208846752,5.59317064194303,0.640323467650823,0.50265208504738,0.134541519882523,0.0214850773271692,1.80835048480459,0.484660505556063,0.0510681712321189,0.579283556108876,0.206737830046293
5,4,124,4.27892435387168,1.230712890625,1.15,1.5,2,1024,0.537321880142592,0.954753148298545,0.0578995333494556,0.147197697199071,-0.631430736966675,5.49359800177887,1.28387359706608,5.59317064194303,0.640323467650823,0.50265208504738,0.134541519882523,0.0214850773271692,-0.0995726401641601,-0.103001587508231,0.452101063251166,-0.0766419865330677,0.125712619871902
5,4,124,4.27892435387168,1.230712890625,1.15,1.5,3,1924,0.258664549602991,-0.000517149435904807,-0.368100049693285,-0.310965372591025,-0.160128555721979,3.88439279730259,0.907796557279143,5.59317064194303,0.640323467650823,0.50265208504738,0.134541519882523,0.0214850773271692,-1.70877784464043,-0.381658918047832,-0.503169234483285,-0.502641569575809,-0.332450449918195
5,5,125,5.44081238596938,1.27809143066406,1.16666666666667,1.5,1,125,0.510835521159727,0.873506508907509,1.04851318848085,-0.0911397447229624,-0.589021885719689,8.09654571210278,1.48811338045435,7.78791224816493,0.622831114837602,0.500362856420456,0.684917834934618,0.0389936767423369,0.308633463937855,-0.111995593677874,0.373143652487053,0.363595353546235,-0.130133421465299
5,5,125,5.44081238596938,1.27809143066406,1.16666666666667,1.5,2,1025,0.383040248125972,0.577827709944893,0.47683820467619,0.297263977429144,0.360283175318775,7.68004565530072,1.41156230181835,7.78791224816493,0.622831114837602,0.500362856420456,0.684917834934618,0.0389936767423369,-0.107866592864212,-0.23979086671163,0.0774648535244365,-0.208079630258427,0.258270300686807
5,5,125,5.44081238596938,1.27809143066406,1.16666666666667,1.5,3,1925,0.974617575227106,0.0497543504089665,0.52940211164681,-0.0891432024791704,0.04853271043555,7.58714537709129,1.39448759465715,7.78791224816493,0.622831114837602,0.500362856420456,0.684917834934618,0.0389936767423369,-0.200766871073642,0.351786460389504,-0.45060850601149,-0.155515723287808,-0.128136879221507
5,6,126,6.6420827448051,1.32135009765625,1.18333333333333,1.5,1,126,0.402378399928527,-0.0848944109885334,0.578214558813746,-0.0406274804665939,-1.2459182531762,6.69471068155341,1.0079234087816,6.86928402296794,0.261910202979791,0.0228270590395736,0.415558792364881,0.292936633249666,-0.174573341414532,0.140468196948736,-0.107721470028107,0.162655766448865,-0.33356411371626
5,6,126,6.6420827448051,1.32135009765625,1.18333333333333,1.5,2,1026,0.776613500032149,-0.339598677540987,0.246424261052483,0.673506015490928,-0.434156353392511,7.20188267200978,1.08428078190422,6.86928402296794,0.261910202979791,0.0228270590395736,0.415558792364881,0.292936633249666,0.332598649041843,0.514703297052358,-0.362425736580561,-0.169134531312398,0.380569382241263
5,6,126,6.6420827448051,1.32135009765625,1.18333333333333,1.5,3,1926,-0.393261291021303,0.492974265648241,0.422037557228414,0.245931364724663,-0.627597401028752,6.71125871534063,1.01041480107872,6.86928402296794,0.261910202979791,0.0228270590395736,0.415558792364881,0.292936633249666,-0.158025307627311,-0.655171494001094,0.470147206608667,0.00647876486353322,-0.0470052685250029
5,7,127,7.88407029881404,1.36048889160156,1.2,1.5,1,127,-0.468808711773144,1.62584365573271,0.271252717469169,-0.11487097031081,0.375847481944697,9.98000019918835,1.26584363418089,9.70329581647446,0.551425382583387,0.257109892414148,0.442584876413482,0.531806354353829,0.276704382713888,-1.02023409435653,1.36873376331856,-0.171332158944314,-0.646677324664639
5,7,127,7.88407029881404,1.36048889160156,1.2,1.5,2,1027,0.870984360227127,-0.279331932986333,0.485177157971235,1.21196199719348,0.166622909781567,9.62822517281656,1.22122518038238,9.70329581647446,0.551425382583387,0.257109892414148,0.442584876413482,0.531806354353829,-0.0750706436578952,0.319558977643741,-0.536441825400481,0.0425922815577528,0.680155642839655
5,7,127,7.88407029881404,1.36048889160156,1.2,1.5,3,1927,1.25210049929618,-0.575182045503936,0.571324753800043,0.498328036178814,-0.252645717952133,9.50166207741847,1.2051721658098,9.70329581647446,0.551425382583387,0.257109892414148,0.442584876413482,0.531806354353829,-0.201633739055993,0.700675116712789,-0.832291937918084,0.128739877386561,-0.0334783181750153
5,8,128,9.16815516194857,1.3955078125,1.21666666666667,1.5,1,128,0.596673586422377,0.0795906401481917,-0.0239413437644235,1.363072627729,0.113794785545223,10.1755358620589,1.10987823420478,10.3111558585107,0.461020505395776,0.205870520181905,0.287013529473743,0.988044683531149,-0.13561999645173,0.135653081026601,-0.126279880033713,-0.310954873238166,0.375027944197847
5,8,128,9.16815516194857,1.3955078125,1.21666666666667,1.5,2,1028,0.638728274523483,0.0962467627032937,0.020815888493975,1.06489650422526,-0.33157135394395,9.87625816586342,1.07723505889754,10.3111558585107,0.461020505395776,0.205870520181905,0.287013529473743,0.988044683531149,-0.434897692647251,0.177707769127707,-0.109623757478611,-0.266197640979768,0.0768518206941072
5,8,128,9.16815516194857,1.3955078125,1.21666666666667,1.5,3,1928,0.147659655241467,0.44177415769423,0.864166043691677,0.536164918639195,-0.326282774218267,10.8816735476097,1.18689892954396,10.3111558585107,0.461020505395776,0.205870520181905,0.287013529473743,0.988044683531149,0.570517689098981,-0.313360850154309,0.235903637512325,0.577152514217934,-0.451879764891954
5,9,129,10.4957642272801,1.42640686035156,1.23333333333333,1.5,1,129,-0.156591627450282,0.573088597070653,1.29161078159513,1.01010927039221,0.0649170328936147,12.9815433306182,1.236836408432,12.8830830729594,0.510777445036746,0.36861641247677,0.887701809211481,0.851479245581258,0.0984602576587896,-0.667369072487028,0.204472184593883,0.403908972383649,0.158630024810952
5,9,129,10.4957642272801,1.42640686035156,1.23333333333333,1.5,2,1029,0.748490636800393,0.0556676076565892,0.798326319443414,0.649044439507157,-0.812228007431251,12.0173345943647,1.14496994541187,12.8830830729594,0.510777445036746,0.36861641247677,0.887701809211481,0.851479245581258,-0.865748478594639,0.237713191763648,-0.312948804820181,-0.0893754897680671,-0.202434806074102
5,9,129,10.4957642272801,1.42640686035156,1.23333333333333,1.5,3,1929,0.940433325760126,0.477093032703069,0.573168326595898,0.895284026844408,0.36499928882003,13.6503712938952,1.3005600162412,12.8830830729594,0.510777445036746,0.36861641247677,0.887701809211481,0.851479245581258,0.76728822093585,0.42965588072338,0.108476620226298,-0.314533482615582,0.0438047812631497
5,10,130,11.8683727525827,1.45318603515625,1.25,1.5,1,130,1.01113054108777,1.25275038320012,0.26045453163737,0.521380726485746,0.0721201142189922,15.3664734252866,1.29474138920542,15.2325070385206,1.06253533960615,0.650359990568968,0.854675295540743,0.0968300801025633,0.133966386765982,-0.0514047985183765,0.602390392631156,-0.594220763903373,0.424550646383183
5,10,130,11.8683727525827,1.45318603515625,1.25,1.5,2,1030,1.94800477232061,0.966935671525203,1.07825501590712,0.181171363699672,-0.511532271383307,17.0137059260206,1.43353316252375,15.2325070385206,1.06253533960615,0.650359990568968,0.854675295540743,0.0968300801025633,1.78119888749996,0.88546943271446,0.316575680956235,0.223579720366374,0.0843412835971083
5,10,130,11.8683727525827,1.45318603515625,1.25,1.5,3,1930,0.228470705410063,-0.268606083018423,1.22531633907774,-0.412061849877728,-0.385258331715778,13.3173417642547,1.12208657765292,15.2325070385206,1.06253533960615,0.650359990568968,0.854675295540743,0.0968300801025633,-1.91516527426594,-0.834064634196083,-0.918966073587391,0.370641043536999,-0.508891929980291
5,11,131,13.2875059996601,1.47584533691406,1.26666666666667,1.5,1,131,1.77718691537021,0.521016942844099,0.428783574102708,0.280990177079371,0.280629322931906,17.4941184998891,1.31658405274373,17.4372943723599,1.15944786967998,0.690623277835562,0.839783457329943,0.964199573859513,0.0568241275291648,0.617739045690235,-0.169606334991463,-0.410999883227235,-0.683209396780142
5,11,131,13.2875059996601,1.47584533691406,1.26666666666667,1.5,2,1031,0.530976931819619,0.555207764821915,0.800512143494379,1.23379863015882,0.661260532126742,16.6364377446378,1.25203614170058,17.4372943723599,1.15944786967998,0.690623277835562,0.839783457329943,0.964199573859513,-0.800856627722155,-0.628470937860356,-0.135415513013647,-0.0392713138355641,0.269599056299308
5,11,131,13.2875059996601,1.47584533691406,1.26666666666667,1.5,3,1931,1.1701797618501,0.995645125840671,1.29005465439274,1.37780991434035,-0.0294159463055012,18.1813268725529,1.3683024393756,17.4372943723599,1.15944786967998,0.690623277835562,0.839783457329943,0.964199573859513,0.744032500192993,0.0107318921701214,0.305021848005109,0.450271197062799,0.413610340480834
5,12,132,14.7547409292381,1.494384765625,1.28333333333333,1.5,1,132,0.823870527374065,0.698073464254132,0.950667144193955,0.591890592064559,0.594949147684102,18.9027313039612,1.28112932613431,18.7933470645452,0.709708618716383,1.16706322740211,0.890043582852782,0.712516529812188,0.109384239416006,0.114161908657682,-0.468989763147973,0.060623561341173,-0.120625937747629
5,12,132,14.7547409292381,1.494384765625,1.28333333333333,1.5,2,1032,1.25166617489542,1.56054916477479,0.650716820402095,0.679918207902369,-0.799715143780112,18.804276640934,1.27445657847311,18.7933470645452,0.709708618716383,1.16706322740211,0.890043582852782,0.712516529812188,0.0109295763887722,0.541957556179039,0.393485937372682,-0.239326762450687,-0.0325983219098193
5,12,132,14.7547409292381,1.494384765625,1.28333333333333,1.5,3,1932,0.0535891538796625,1.2425670531774,1.0687467839623,0.865740789469636,0.64046161015402,18.6730332487404,1.26556158039602,18.7933470645452,0.709708618716383,1.16706322740211,0.890043582852782,0.712516529812188,-0.120313815804778,-0.65611946483672,0.0755038257752905,0.178703201109514,0.153224259657448
5,13,133,16.2717079533052,1.50880432128906,1.3,1.5,1,133,0.0632890056355804,1.02538147066046,1.13475312663119,1.11260925391873,0.0866778956360883,19.4890021759398,1.19772320348098,18.5383180957497,0.0714202920295851,0.973632960664707,0.58103565717502,0.356988571828929,0.950684080190097,-0.00813128639400473,0.0517485099957494,0.553717469456172,0.755620682089796
5,13,133,16.2717079533052,1.50880432128906,1.3,1.5,2,1033,-0.574592450475854,1.62050813027772,-0.160829121481963,-0.00684570952456931,0.00445450752540438,17.2746317757107,1.06163605106996,18.5383180957497,0.0714202920295851,0.973632960664707,0.58103565717502,0.356988571828929,-1.26368632003896,-0.646012742505439,0.646875169613015,-0.741864778656983,-0.363834281353498
5,13,133,16.2717079533052,1.50880432128906,1.3,1.5,3,1933,0.725564320929029,0.275009281055943,0.769182966375831,-0.0347978289073684,-0.0264087154340575,18.8513203355985,1.15853359645441,18.5383180957497,0.0714202920295851,0.973632960664707,0.58103565717502,0.356988571828929,0.313002239848867,0.654144028899444,-0.698623679608764,0.188147309200811,-0.391786400736298
5,14,134,17.8400927468495,1.51910400390625,1.31666666666667,1.5,1,134,0.218695958431777,0.527942763272744,1.31148634884899,0.678817386168212,-0.450625976145138,20.3840428383788,1.14259735796377,21.349046080985,0.311861575272805,1.03261430900856,1.16310683310375,0.60680049882576,-0.96500324260619,-0.0931656168410283,-0.50467154573582,0.148379515745241,0.0720168873424516
5,14,134,17.8400927468495,1.51910400390625,1.31666666666667,1.5,2,1034,0.643715208429363,1.17275808580857,1.0875958051469,0.719670408867954,0.39978505459135,22.3932733393095,1.25522180052927,21.349046080985,0.311861575272805,1.03261430900856,1.16310683310375,0.60680049882576,1.04422725832456,0.331853633156558,0.140143776800006,-0.0755110279568467,0.112869910042194
5,14,134,17.8400927468495,1.51910400390625,1.31666666666667,1.5,3,1934,0.0731735589572747,1.39714207794438,1.09023834531536,0.421913701441115,-0.15635684857476,21.2698220652666,1.1922484017928,21.349046080985,0.311861575272805,1.03261430900856,1.16310683310375,0.60680049882576,-0.0792240157183777,-0.23868801631553,0.364527768935814,-0.0728684877883947,-0.184886797384646
5,15,135,19.4616381210038,1.52528381347656,1.33333333333333,1.5,1,135,-0.227459237827685,0.416370324180897,1.21057894451565,0.815189862867514,0.0169213064675784,21.5026483828018,1.10487350803195,23.1521270526998,0.896677389146548,0.589981256881564,1.14191571873898,1.24855966385731,-1.64947866989802,-1.12413662697423,-0.173610932700667,0.0686632257766691,-0.433369800989798
5,15,135,19.4616381210038,1.52528381347656,1.33333333333333,1.5,2,1035,1.41853222502891,0.0793673936672271,1.71011521698657,1.41971035652109,0.104777217300512,24.401075597072,1.25380378801399,23.1521270526998,0.896677389146548,0.589981256881564,1.14191571873898,1.24855966385731,1.24894854437218,0.521854835882364,-0.510613863214337,0.568199498247591,0.171150692663778
5,15,135,19.4616381210038,1.52528381347656,1.33333333333333,1.5,3,1935,1.49895918023842,1.27420605279657,0.505052994714723,1.51077877218333,-0.65184001325876,23.5526571782257,1.21020938894176,23.1521270526998,0.896677389146548,0.589981256881564,1.14191571873898,1.24855966385731,0.400530125525847,0.60228179109187,0.684224795915004,-0.63686272402426,0.262219108326021
5,16,136,21.1381459596826,1.52734375,1.35,1.5,1,136,1.45366750102102,1.44009613059856,1.51332416702328,0.643121065482571,0.274732672081872,27.84724463087,1.31739295792469,26.0332316771974,1.04830649007281,1.00123286195703,0.971263447475227,0.566817110904266,1.81401295367265,0.405361010948203,0.438863268641524,0.54206071954805,0.0763039545783046
5,16,136,21.1381459596826,1.52734375,1.35,1.5,2,1036,0.863264060263816,0.443057430708393,0.712441955222688,0.128898202193039,0.639724133157548,24.7631615241741,1.17149165169952,26.0332316771974,1.04830649007281,1.00123286195703,0.971263447475227,0.566817110904266,-1.27007015302329,-0.185042429808997,-0.558175431248641,-0.258821492252539,-0.437918908711227
5,16,136,21.1381459596826,1.52734375,1.35,1.5,3,1936,0.827987908933608,1.12054502456415,0.688024220179717,0.928432065037188,0.541748645648902,25.489288876548,1.20584316737922,26.0332316771974,1.04830649007281,1.00123286195703,0.971263447475227,0.566817110904266,-0.543942800649361,-0.220318581139205,0.119312162607117,-0.283239227295511,0.361614954132922
5,17,137,22.8714792218598,1.52528381347656,1.36666666666667,1.5,1,137,1.36551962653388,1.56979861727745,0.914081153589523,1.0082818557301,0.421873586714474,28.8926709659077,1.26326201666454,28.8454746487144,1.40212255281528,1.16639236270857,1.21715068859376,1.00365693775978,0.0471963171933467,-0.0366029262813989,0.403406254568882,-0.303069535004233,0.00462491797031905
5,17,137,22.8714792218598,1.52528381347656,1.36666666666667,1.5,2,1037,1.68939537954362,1.33749290501409,1.05460962047628,1.61080827865975,0.792485323021745,29.6505933727618,1.29640033708108,28.8454746487144,1.40212255281528,1.16639236270857,1.21715068859376,1.00365693775978,0.805118724047453,0.28727282672834,0.171100542305522,-0.162541068117471,0.607151340899972
5,17,137,22.8714792218598,1.52528381347656,1.36666666666667,1.5,3,1937,1.15145265236834,0.591885565834163,1.68276129171546,0.391880678889492,0.0323360820918588,27.9931596074736,1.22393306248066,28.8454746487144,1.40212255281528,1.16639236270857,1.21715068859376,1.00365693775978,-0.852315041240796,-0.250669900446941,-0.574506796874404,0.465610603121704,-0.61177625887029
5,18,138,24.6635640117153,1.51910400390625,1.38333333333333,1.5,1,138,1.48509124857229,1.06929980283742,1.59228783019324,1.588986669511,0.334345107041305,31.1215469865105,1.2618430560858,31.0231590538374,1.53616151908403,1.20841885440096,1.6129118366352,1.00131427851691,0.098387932673095,-0.0510702705117336,-0.139119051563545,-0.0206240064419632,0.587672390994093
5,18,138,24.6635640117153,1.51910400390625,1.38333333333333,1.5,2,1038,2.41896104776468,1.08497455709686,1.97432318249178,0.112053752066993,-0.537827747837156,32.262755921219,1.308114103294,31.0231590538374,1.53616151908403,1.20841885440096,1.6129118366352,1.00131427851691,1.23959686738162,0.882799528680656,-0.123444297304099,0.361411345856574,-0.889260526449915
5,18,138,24.6635640117153,1.51910400390625,1.38333333333333,1.5,3,1938,0.704432260915105,1.47098220326861,1.27212449722059,1.30290241397273,0.00845891367808302,29.6851742537827,1.20360440363291,31.0231590538374,1.53616151908403,1.20841885440096,1.6129118366352,1.00131427851691,-1.33798480005472,-0.831729258168923,0.262563348867643,-0.340787339414611,0.301588135455823
5,19,139,26.5163917189489,1.50880432128906,1.4,1.5,1,139,2.03986191286052,2.02418640018323,1.13438177710481,0.834399132988736,-0.900548263530052,33.2290295502895,1.253150500358,32.4294743194181,1.58611191969494,1.43814064312839,1.14562927479326,0.790819383369643,0.799555230871391,0.453749993165578,0.586045757054841,-0.0112474976884473,0.0435797496190924
5,19,139,26.5163917189489,1.50880432128906,1.4,1.5,2,1039,1.37225106514552,1.4688675238234,1.1963819878122,0.596533084916788,-0.195280535685542,32.2425570353195,1.2159481341603,32.4294743194181,1.58611191969494,1.43814064312839,1.14562927479326,0.790819383369643,-0.18691728409862,-0.213860854549419,0.0307268806950145,0.050752713018938,-0.194286298452855
5,19,139,26.5163917189489,1.50880432128906,1.4,1.5,3,1939,1.34622278107878,0.821368005378533,1.10612405946277,0.941525932203406,0.460156607462904,31.8168363726453,1.19989313440066,32.4294743194181,1.58611191969494,1.43814064312839,1.14562927479326,0.790819383369643,-0.612637946772768,-0.239889138616159,-0.616772637749856,-0.0395052153304909,0.150706548833763
5,20,140,28.4320212316403,1.494384765625,1.41666666666667,1.5,1,140,0.505557591991248,1.16783010890047,1.85003603339149,1.85215570130849,0.0971981474754852,33.7141969804298,1.18578263239728,34.3814756501484,1.08925233109211,1.72583718331142,1.49165355632955,1.74342874585207,-0.667278669718584,-0.583694739100863,-0.558007074410948,0.358382477061941,0.108726955456423
5,20,140,28.4320212316403,1.494384765625,1.41666666666667,1.5,2,1040,1.83189786460604,2.57133079787572,1.62445693056447,1.66934077877011,-0.200665556459994,37.0483199623992,1.3030491100355,34.3814756501484,1.08925233109211,1.72583718331142,1.49165355632955,1.74342874585207,2.6668443122508,0.74264553351393,0.845493614564301,0.132803374234921,-0.0740879670819621
5,20,140,28.4320212316403,1.494384765625,1.41666666666667,1.5,3,1940,0.930301536679043,1.43835064315807,1.00046770503269,1.70878975747761,-0.978704636564447,32.3819100076161,1.13892395281347,34.3814756501484,1.08925233109211,1.72583718331142,1.49165355632955,1.74342874585207,-1.99956564253222,-0.158950794413068,-0.287486540153352,-0.491185851296862,-0.0346389883744607
5,21,141,30.4125812241143,1.47584533691406,1.43333333333333,1.5,1,141,2.19202046234855,1.12228465227332,1.84828935038484,1.7277944289029,-0.159445180180799,37.8692612488798,1.24518405622385,38.5326821900117,1.92618457836219,1.37646124211872,2.19407262388771,1.11163668882014,-0.66342094113191,0.265835883986359,-0.254176589845403,-0.345783273502873,0.616157740082762
5,21,141,30.4125812241143,1.47584533691406,1.43333333333333,1.5,2,1041,1.87888210114629,1.39299729463026,2.33589698358046,0.952130067015027,-0.101454079335503,38.5845414633742,1.26870327707601,38.5326821900117,1.92618457836219,1.37646124211872,2.19407262388771,1.11163668882014,0.0518592733624956,-0.0473024772159087,0.0165360525115399,0.141824359692753,-0.159506621805108
5,21,141,30.4125812241143,1.47584533691406,1.43333333333333,1.5,3,1941,1.70765117159174,1.61410177945258,2.39803153769783,0.654985570542482,0.300840424568568,39.1442438577812,1.28710692358936,38.5326821900117,1.92618457836219,1.37646124211872,2.19407262388771,1.11163668882014,0.611561667769415,-0.218533406770451,0.237640537333863,0.20395891381012,-0.456651118277653
5,22,142,32.4602725223537,1.45318603515625,1.45,1.5,1,142,2.84248579463028,2.06922571719003,1.51162210963064,2.14264600865873,-0.776494495879721,41.0822491427322,1.26561627338283,38.8394783048526,1.83257123625512,1.62146823328104,1.12006612275293,2.21229233102975,2.24277083787962,1.00991455837516,0.447757483908985,0.391555986877706,-0.0696463223710242
5,22,142,32.4602725223537,1.45318603515625,1.45,1.5,2,1042,1.54059524144428,1.13478309932264,0.433165721383367,2.16921430438298,0.14180377847773,37.1360318676193,1.14404559733889,38.8394783048526,1.83257123625512,1.62146823328104,1.12006612275293,2.21229233102975,-1.7034464372333,-0.291975994810842,-0.486685133958403,-0.686900401369567,-0.0430780266467718
5,22,142,32.4602725223537,1.45318603515625,1.45,1.5,3,1942,1.1146326726908,1.66039588333046,1.4154105372448,2.32501668004755,-0.31057708912692,38.3001539042063,1.17990857525398,38.8394783048526,1.83257123625512,1.62146823328104,1.12006612275293,2.21229233102975,-0.539324400646308,-0.717938563564317,0.0389276500494176,0.295344414491862,0.112724349017796
5,23,143,34.5773705495876,1.42640686035156,1.46666666666667,1.5,1,143,2.0673365836603,1.42998278281758,2.33790066902523,1.87020400132612,0.568074772982459,43.6984674931625,1.26378804398947,43.4696332838307,2.00536856437642,1.66475201956405,2.30285795649933,2.05171749292436,0.228834209331787,0.0619680192838867,-0.234769236746466,0.0350427125259039,-0.18151349159824
5,23,143,34.5773705495876,1.42640686035156,1.46666666666667,1.5,2,1043,2.12792739235008,1.81700407114665,2.39409975412999,1.65882121528746,0.0862576333641288,43.9550073492733,1.27120734314476,43.4696332838307,2.00536856437642,1.66475201956405,2.30285795649933,2.05171749292436,0.485374065442571,0.122558827973664,0.152252051582604,0.091241797630663,-0.392896277636898
5,23,143,34.5773705495876,1.42640686035156,1.46666666666667,1.5,3,1943,1.82084171711887,1.74726920472791,2.17657344634276,2.6261272621595,-0.246728327225641,42.7554250090564,1.23651464323294,43.4696332838307,2.00536856437642,1.66475201956405,2.30285795649933,2.05171749292436,-0.714208274774357,-0.184526847257551,0.0825171851638624,-0.126284510156566,0.574409769235137
5,24,144,36.766227854774,1.3955078125,1.48333333333333,1.5,1,144,0.8538210797887,1.88055699843905,1.5223017377163,1.65112227404207,-0.356075005323753,42.674612324365,1.16070140491238,44.204671457951,1.14792645141728,1.85235744968322,2.20989397870461,2.08841615526481,-1.53005913358607,-0.294105371628578,0.0281995487558293,-0.687592240988309,-0.43729388122274
5,24,144,36.766227854774,1.3955078125,1.48333333333333,1.5,2,1044,1.02526912461191,1.92358533943225,2.88764799096283,2.40971504635608,-0.081030168527063,45.3007589994933,1.23212963751491,44.204671457951,1.14792645141728,1.85235744968322,2.20989397870461,2.08841615526481,1.0960875415423,-0.12265732680537,0.0712278897490326,0.677754012258217,0.321298891091264
5,24,144,36.766227854774,1.3955078125,1.48333333333333,1.5,3,1944,1.56468914985123,1.75293001117836,2.2197322074347,2.20441114539629,-0.240898565263878,44.6386430499948,1.21412082921089,44.204671457951,1.14792645141728,1.85235744968322,2.20989397870461,2.08841615526481,0.433971592043768,0.416762698433949,-0.0994274385048619,0.00983822873009199,0.115994990131476
5,25,145,39.0292767267848,1.36048889160156,1.5,1.5,1,145,1.99165454747071,2.01592370149281,2.24850807713905,1.78362557072392,0.994117944594248,49.1296662270684,1.25879007625453,48.7916336013069,2.31455296083786,1.95717992931088,2.13999991529436,1.80779314605844,0.338032625761571,-0.32289841336715,0.0587437721819251,0.108508161844689,-0.0241675753345261
5,25,145,39.0292767267848,1.36048889160156,1.5,1.5,2,1045,2.30669917099255,2.24033280091392,2.2119808622911,1.50696888180792,0.804568994600864,49.6505548145951,1.27213617516312,48.7916336013069,2.31455296083786,1.95717992931088,2.13999991529436,1.80779314605844,0.858921213288205,-0.00785378984530682,0.28315287160304,0.0719809469967454,-0.30082426425052
5,25,145,39.0292767267848,1.36048889160156,1.5,1.5,3,1945,2.64530516405032,1.61528328552592,1.95951080645292,2.13278498564349,-0.395696393082634,47.5946797622571,1.21946097273163,48.7916336013069,2.31455296083786,1.95717992931088,2.13999991529436,1.80779314605844,-1.19695383904977,0.330752203212457,-0.341896643784965,-0.180489108841434,0.324991839585046
5,26,146,41.369031897199,1.32135009765625,1.51666666666667,1.5,1,146,1.71606697945975,1.97483157710559,3.02580888729918,1.45060507806025,0.386060634440617,51.5564923587591,1.24625813064409,50.7643350886851,2.06845446462252,2.03703601673808,2.18928358042862,1.81590024263096,0.792157270073915,-0.352387485162771,-0.0622044396324868,0.836525306870558,-0.365295164570708
5,26,146,41.369031897199,1.32135009765625,1.51666666666667,1.5,2,1046,2.71035561486769,1.48270068912125,1.91244198015885,1.37577170743367,0.0631918717388087,50.1309781073986,1.2117996435588,50.7643350886851,2.06845446462252,2.03703601673808,2.18928358042862,1.81590024263096,-0.633356981286518,0.641901150245171,-0.554335327616827,-0.27684160026977,-0.440128535197288
5,26,146,41.369031897199,1.32135009765625,1.51666666666667,1.5,3,1946,1.77894079954012,2.65357578398739,1.62959987382784,2.62132394239896,0.416909553712383,50.6055347998978,1.22327094638451,50.7643350886851,2.06845446462252,2.03703601673808,2.18928358042862,1.81590024263096,-0.15880028878739,-0.289513665082401,0.616539767249313,-0.559683706600788,0.805423699767996
5,27,147,43.7880933347085,1.27809143066406,1.53333333333333,1.5,1,147,2.48803082663749,1.5464268985597,2.33331400029586,1.58017327538282,0.308892621953762,53.1480757469843,1.21375633647096,53.1538039505346,2.64102000162806,1.34173792879654,2.34643736059925,1.99974357999093,-0.00572820355031922,-0.152989174990573,0.204688969763152,-0.0131233603033833,-0.419570304608115
5,27,147,43.7880933347085,1.27809143066406,1.53333333333333,1.5,2,1047,2.28846529694807,1.62002103622938,2.699980742056,1.89440194427186,0.474558315275548,53.7215229040212,1.22685229734447,53.1538039505346,2.64102000162806,1.34173792879654,2.34643736059925,1.99974357999093,0.56771895348654,-0.35255470467999,0.278283107432839,0.35354338145675,-0.105341635719072
5,27,147,43.7880933347085,1.27809143066406,1.53333333333333,1.5,3,1947,3.14656388129863,0.858765851600551,2.00601733944588,2.52465552031812,0.456323218208744,52.5918132005984,1.20105282499048,53.1538039505346,2.64102000162806,1.34173792879654,2.34643736059925,1.99974357999093,-0.561990749936228,0.505543879670563,-0.482972077195991,-0.340420021153367,0.524911940327186
5,28,148,46.2891491342386,1.230712890625,1.55,1.5,1,148,2.71234727347814,2.47318445032845,1.87296112608046,2.79806842423823,-1.7242440746056,54.5459034000839,1.17837342920045,56.9185945747575,2.26089494120323,2.75836442041546,2.43747623803821,2.33600239291121,-2.3726911746736,0.451452332274902,-0.285179970087015,-0.564515111957758,0.462066031327021
5,28,148,46.2891491342386,1.230712890625,1.55,1.5,2,1048,3.39381448349789,2.81750589349734,2.9163018329564,2.20461828539642,0.626962221250977,59.8345094730758,1.29262495837967,56.9185945747575,2.26089494120323,2.75836442041546,2.43747623803821,2.33600239291121,2.91591489831825,1.13291954229466,0.0591414730818736,0.478825594918187,-0.131384107514788
5,28,148,46.2891491342386,1.230712890625,1.55,1.5,3,1948,0.676523066633675,2.98440291742061,2.52316575507778,2.00532046909897,0.843042903344407,56.3753708511129,1.21789602759005,56.9185945747575,2.26089494120323,2.75836442041546,2.43747623803821,2.33600239291121,-0.543223723644651,-1.58437187456956,0.226038497005142,0.0856895170395711,-0.330681923812232
5,29,149,48.8749785039976,1.17921447753906,1.56666666666667,1.5,1,149,1.92833088914026,1.82704065313925,2.48531361247906,2.85217443619856,0.111697282909004,57.8509255975034,1.18365117219993,58.2109590479572,2.15156261676888,1.96337483996706,2.63207872685917,2.93684118687273,-0.360033450453805,-0.223231727628621,-0.136334186827809,-0.14676511438011,-0.0846667506741685
5,29,149,48.8749785039976,1.17921447753906,1.56666666666667,1.5,2,1049,2.3619936725743,2.55973117613682,2.7525639413754,3.19988266820283,-0.503080707111249,59.2962863527858,1.21322378377999,58.2109590479572,2.15156261676888,1.96337483996706,2.63207872685917,2.93684118687273,1.08532730482862,0.21043105580542,0.596356336169763,0.120485214516235,0.263041481330093
5,29,149,48.8749785039976,1.17921447753906,1.56666666666667,1.5,3,1949,2.16436328859208,1.50335269062511,2.65835862672304,2.75846645621681,-0.284352323707701,57.4856651935823,1.17617781026503,58.2109590479572,2.15156261676888,1.96337483996706,2.63207872685917,2.93684118687273,-0.725293854374826,0.0128006718232005,-0.460022149341954,0.0262798998638756,-0.178374730655924
5,30,150,51.5484548537714,1.12359619140625,1.58333333333333,1.5,1,150,2.36765932784849,2.64902347882778,3.66366151194581,2.44490193562044,-0.528648492139604,63.3698788076792,1.22932644610671,62.9429905375035,1.96023375603568,2.74054023316315,3.27926769534482,2.00043245349941,0.426888270175652,0.407425571812811,-0.0915167543353683,0.384393816600991,0.444469482121024
5,30,150,51.5484548537714,1.12359619140625,1.58333333333333,1.5,2,1050,2.16285654901605,2.99887806377363,3.1326575898267,1.7448365556914,-0.271535067494377,63.1543071530244,1.22514452338437,62.9429905375035,1.96023375603568,2.74054023316315,3.27926769534482,2.00043245349941,0.211316615520914,0.202622792980369,0.258337830610477,-0.146610105518121,-0.25559589780801
5,30,150,51.5484548537714,1.12359619140625,1.58333333333333,1.5,3,1950,1.3501853912425,2.57371915688804,3.04148398426195,1.8115588691864,0.601986326610846,62.304785651807,1.20866446586126,62.9429905375035,1.96023375603568,2.74054023316315,3.27926769534482,2.00043245349941,-0.638204885696567,-0.61004836479318,-0.166821076275109,-0.237783711082869,-0.188873584313014
6,1,151,1.01685340540722,1.07379150390625,1.11666666666667,1.5,1,151,0.130888237175225,-0.0244925508720167,0.773734030978892,0.127296777892278,-0.0721870112788291,2.21846410249634,2.18169511032704,2.03829309109049,0.170304789639402,0.264256325109492,0.365849921665956,0.323629486347274,0.180171011405847,-0.0394165524641769,-0.288748875981509,0.407884109312936,-0.196332708454996
6,1,151,1.01685340540722,1.07379150390625,1.11666666666667,1.5,2,1051,-0.156339231193427,0.710819339226173,-0.0548219624616229,-0.0406603330671822,0.267412122310279,1.82790510797822,1.79760927018403,2.03829309109049,0.170304789639402,0.264256325109492,0.365849921665956,0.323629486347274,-0.210387983112266,-0.326644020832829,0.44656301411668,-0.420671884127579,-0.364289819414456
6,1,151,1.01685340540722,1.07379150390625,1.11666666666667,1.5,3,1951,0.536365362936409,0.106442186974321,0.378637696480598,0.884252014216725,-0.211104899163243,2.06851006279691,2.03422642024641,2.03829309109049,0.170304789639402,0.264256325109492,0.365849921665956,0.323629486347274,0.03021697170642,0.366060573297006,-0.157814138135172,0.0127877748146423,0.560622527869452
6,2,152,2.06817317241739,1.142822265625,1.13333333333333,1.5,1,152,-0.178831506431391,0.311330293259023,0.0589314794101391,0.360565091645304,0.106051664509957,2.41109042772439,1.16580683855704,2.81253527608987,0.250234890608036,-0.103836093717686,0.213995840110869,0.345999016855812,-0.401444848365478,-0.429066397039428,0.415166386976708,-0.15506436070073,0.0145660747894915
6,2,152,2.06817317241739,1.142822265625,1.13333333333333,1.5,2,1052,0.868125427877062,-0.512447624862162,0.611447180374887,1.15699028401154,0.142751975811263,3.53943501228034,1.71138232498358,2.81253527608987,0.250234890608036,-0.103836093717686,0.213995840110869,0.345999016855812,0.726899736190465,0.617890537269025,-0.408611531144477,0.397451340264018,0.810991267155725
6,2,152,2.06817317241739,1.142822265625,1.13333333333333,1.5,3,1952,0.0614107503784386,-0.110390949549917,-0.0283911394524186,-0.479558325089404,0.516422094968143,2.48708038826489,1.20254939065758,2.81253527608987,0.250234890608036,-0.103836093717686,0.213995840110869,0.345999016855812,-0.325454887824987,-0.188824140229598,-0.00655485583223163,-0.242386979563288,-0.825557341945216
6,3,153,3.15512754226943,1.20709228515625,1.15,1.5,1,153,0.271509648435442,0.64347196825093,-0.086764585597445,0.153312450083199,-0.229445743627457,3.86326488570628,1.22444016412963,2.64948516525705,-0.116668684993197,0.293012277324231,-0.142771301443599,-0.138952116087859,1.21377972044923,0.388178333428639,0.350459690926699,0.056006715846154,0.292264566171058
6,3,153,3.15512754226943,1.20709228515625,1.15,1.5,2,1053,-0.366180601417333,0.00579529522807415,-0.803980881265171,-0.521942624861089,-0.861693576720901,0.652113454218321,0.206683706278722,2.64948516525705,-0.116668684993197,0.293012277324231,-0.142771301443599,-0.138952116087859,-1.99737171103873,-0.249511916424136,-0.287216982096157,-0.661209579821572,-0.38299050877323
6,3,153,3.15512754226943,1.20709228515625,1.15,1.5,3,1953,-0.255335101997699,0.229769568493689,0.462431562531819,-0.0482261734856875,-0.371719702237338,3.43307715584656,1.08809457299378,2.64948516525705,-0.116668684993197,0.293012277324231,-0.142771301443599,-0.138952116087859,0.783591990589503,-0.138666417004503,-0.0632427088305421,0.605202863975418,0.0907259426021716
6,4,154,4.27892435387168,1.2666015625,1.16666666666667,1.5,1,154,0.342485659620299,0.734834069276827,-0.0482836006923383,0.459111425793109,0.0146344533683671,5.51223269196675,1.28822859113626,5.37545449542062,0.408652536469752,0.241539125381634,0.323237271556441,0.0163363254697496,0.136778196546128,-0.0661668768494525,0.493294943895194,-0.37152087224878,0.44277510032336
6,4,154,4.27892435387168,1.2666015625,1.16666666666667,1.5,2,1054,0.327924157770701,-0.447633461251662,0.943473632944401,-0.806962484620481,-0.537062785485181,5.05018223029003,1.18024573762808,5.37545449542062,0.408652536469752,0.241539125381634,0.323237271556441,0.0163363254697496,-0.325272265130597,-0.0807283786990506,-0.689172586633295,0.620236361387959,-0.823298810090231
6,4,154,4.27892435387168,1.2666015625,1.16666666666667,1.5,3,1954,0.555547792018255,0.437416768119735,0.0745217824172619,0.39686003523662,-0.0407357277125828,5.56394856400509,1.30031477629902,5.37545449542062,0.408652536469752,0.241539125381634,0.323237271556441,0.0163363254697496,0.188494068584469,0.146895255548503,0.195877642738101,-0.24871548913918,0.380523709766871
6,5,155,5.44081238596938,1.32135009765625,1.18333333333333,1.5,1,155,0.103190219242691,0.0747486935497884,0.509417950584352,-0.0534619062178852,0.44415189058882,6.87389422940881,1.26339482815747,7.13638208951744,0.274831620403072,0.0216506920503415,0.778920905726818,0.104290722766393,-0.262487860108638,-0.171641401160381,0.053098001499447,-0.269502955142466,-0.157752628984279
6,5,155,5.44081238596938,1.32135009765625,1.18333333333333,1.5,2,1055,-0.105596780187407,0.130616831014594,0.81603401416963,0.524762040045782,-0.16923870364004,6.5106576378049,1.19663336574413,7.13638208951744,0.274831620403072,0.0216506920503415,0.778920905726818,0.104290722766393,-0.625724451712544,-0.380428400590479,0.108966138964253,0.0371131084428112,0.420471317279388
6,5,155,5.44081238596938,1.32135009765625,1.18333333333333,1.5,3,1955,0.826901422153931,-0.140413448413358,1.01131075242647,-0.158427965528716,0.140345525770157,8.02459440133863,1.4748890114337,7.13638208951744,0.274831620403072,0.0216506920503415,0.778920905726818,0.104290722766393,0.888212311821181,0.55206980175086,-0.1620641404637,0.232389846699655,-0.262718688295109
6,6,156,6.6420827448051,1.371337890625,1.2,1.5,1,156,0.484390368759282,0.614319703956083,-0.293205270534913,0.736335167213523,0.80042892266552,8.40415027294896,1.26528840362942,7.74291179698512,0.363685906992713,0.158564645617183,-0.0757295007841283,0.320849153401794,0.661238475963846,0.120704461766569,0.4557550583389,-0.217475769750785,0.415486013811729
6,6,156,6.6420827448051,1.371337890625,1.2,1.5,2,1056,1.03891951524754,-0.216884299650399,0.204922494546831,0.0756824293189604,0.723716806807708,8.83763183042129,1.33055129994178,7.74291179698512,0.363685906992713,0.158564645617183,-0.0757295007841283,0.320849153401794,1.09472003343617,0.675233608254831,-0.375448945267582,0.28065199533096,-0.245166724082834
6,6,156,6.6420827448051,1.371337890625,1.2,1.5,3,1956,-0.432252163028687,0.0782585325458638,-0.138905726364303,0.150529863672899,0.0520826627372787,5.9869532875851,0.901366863017119,7.74291179698512,0.363685906992713,0.158564645617183,-0.0757295007841283,0.320849153401794,-1.75595850940001,-0.7959380700214,-0.0803061130713187,-0.0631762255801745,-0.170319289728895
6,7,157,7.88407029881404,1.41656494140625,1.21666666666667,1.5,1,157,0.756422058388396,0.197551872788399,0.894460535068697,0.596832942097689,0.128188550301898,10.6658253990976,1.35283235623888,10.0792945821526,0.719401477685561,0.222817710468789,0.744603490360233,0.401111559670861,0.58653081694497,0.0370205807028353,-0.0252658376803907,0.149857044708464,0.195721382426828
6,7,157,7.88407029881404,1.41656494140625,1.21666666666667,1.5,2,1057,0.996394709788633,-0.171520556313079,0.422201389128508,0.453140551288907,-0.0798832299669604,9.64026362271483,1.22275211373559,10.0792945821526,0.719401477685561,0.222817710468789,0.744603490360233,0.401111559670861,-0.439030959437758,0.276993232103072,-0.394338266781869,-0.322402101231725,0.0520289916180455
6,7,157,7.88407029881404,1.41656494140625,1.21666666666667,1.5,3,1957,0.405387664879654,0.642421814931049,0.917148546883495,0.153361185625988,-0.683869556407082,9.93179472464537,1.25972934641886,10.0792945821526,0.719401477685561,0.222817710468789,0.744603490360233,0.401111559670861,-0.147499857507212,-0.314013812805907,0.419604104462259,0.172545056523261,-0.247750374044873
6,8,158,9.16815516194857,1.45703125,1.23333333333333,1.5,1,158,0.115821105899255,0.327332148056989,0.266480150275418,-0.166620059682789,0.942238288917707,11.0825782962545,1.20881225290029,11.17514076585,0.525759095408544,0.445330552681712,0.494529175818755,0.249360201441108,-0.0925624695955563,-0.409937989509289,-0.117998404624723,-0.228049025543338,-0.415980261123897
6,8,158,9.16815516194857,1.45703125,1.23333333333333,1.5,2,1058,0.741781308784514,0.823527649676586,0.565070970012137,0.154079819375298,-0.404251395022515,11.707992870777,1.27702822039594,11.17514076585,0.525759095408544,0.445330552681712,0.494529175818755,0.249360201441108,0.532852104926969,0.21602221337597,0.378197096994874,0.0705417941933823,-0.0952803820658095
6,8,158,9.16815516194857,1.45703125,1.23333333333333,1.5,3,1958,0.719674871541864,0.185131860311561,0.65203640716871,0.760620844630814,-0.68827671424352,10.7348511305186,1.17088453902618,11.17514076585,0.525759095408544,0.445330552681712,0.494529175818755,0.249360201441108,-0.440289635331414,0.19391577613332,-0.260198692370151,0.157507231349955,0.511260643189706
6,9,159,10.4957642272801,1.49273681640625,1.25,1.5,1,159,0.855531163133628,0.222339257926292,0.661705813779254,-0.163445962228017,0.0385733934463515,13.0819032785956,1.24639835607147,14.2037105352007,1.05601500948813,0.754753047563335,0.863731175114126,0.69648422568292,-1.12180725660511,-0.200483846354501,-0.532413789637044,-0.202025361334872,-0.859930187910937
6,9,159,10.4957642272801,1.49273681640625,1.25,1.5,2,1059,1.20369193906927,1.2737249223966,0.325048919490982,0.899238315939876,-0.423207279141453,13.949081753431,1.329020112435,14.2037105352007,1.05601500948813,0.754753047563335,0.863731175114126,0.69648422568292,-0.254628781769741,0.147676929581144,0.518971874833262,-0.538682255623145,0.202754090256956
6,9,159,10.4957642272801,1.49273681640625,1.25,1.5,3,1959,1.10882192626149,0.768194962367117,1.60443879207214,1.3536603233369,0.0623011430593676,15.5801465735756,1.48442230943797,14.2037105352007,1.05601500948813,0.754753047563335,0.863731175114126,0.69648422568292,1.37643603837486,0.0528069167733571,0.013441914803782,0.740707616958017,0.657176097653981
6,10,160,11.8683727525827,1.523681640625,1.26666666666667,1.5,1,160,1.45612844760718,0.148864896377114,0.415455212624012,0.152692722606611,-0.716741640564898,14.1820523150423,1.19494496934773,12.4142072528648,0.777815518414159,0.140844213136938,-0.0432761593185241,0.661672502334923,1.7678450621775,0.678312929193024,0.00802068324017596,0.458731371942536,-0.508979779728312
6,10,160,11.8683727525827,1.523681640625,1.26666666666667,1.5,2,1060,0.493338517503907,0.617918396423517,0.311678734770122,0.228348470695333,-0.458688221841428,13.4115901101001,1.13002771228108,12.4142072528648,0.777815518414159,0.140844213136938,-0.0432761593185241,0.661672502334923,0.997382857235255,-0.284477000910252,0.477074183286579,0.354954894088646,-0.43332403163959
6,10,160,11.8683727525827,1.523681640625,1.26666666666667,1.5,3,1960,0.383979590131387,-0.344250653389816,-0.856962425349706,1.60397631370282,-1.08296160533686,9.64897933345207,0.812999350003761,12.4142072528648,0.777815518414159,0.140844213136938,-0.0432761593185241,0.661672502334923,-2.76522791941276,-0.393835928282772,-0.485094866526755,-0.813686266031182,0.942303811367902
6,11,161,13.2875059996601,1.54986572265625,1.28333333333333,1.5,1,161,0.825048151364235,1.30359984664483,1.28523326707842,-0.157304334139538,0.184439347162844,18.3514622333084,1.38110659997278,16.6051455602722,0.770357035493354,0.861858385962805,0.482378145060189,0.330084676244686,1.74631667303623,0.0546911158708813,0.441741460682023,0.802855122018232,-0.487389010384224
6,11,161,13.2875059996601,1.54986572265625,1.28333333333333,1.5,2,1061,1.05697928342673,0.332488702358887,0.0434729684797363,0.890717174210603,0.331402568361423,15.7489878163759,1.18524784235497,16.6051455602722,0.770357035493354,0.861858385962805,0.482378145060189,0.330084676244686,-0.856157743896329,0.286622247933372,-0.529369683603918,-0.438905176580453,0.560632497965917
6,11,161,13.2875059996601,1.54986572265625,1.28333333333333,1.5,3,1961,0.4290436716891,0.9494866088847,0.11842819962241,0.256841188662993,0.366370437029714,15.7149866311323,1.18268895844971,16.6051455602722,0.770357035493354,0.861858385962805,0.482378145060189,0.330084676244686,-0.890158929139899,-0.341313363804254,0.0876282229218946,-0.363949945437779,-0.0732434875816934
6,12,162,14.7547409292381,1.5712890625,1.3,1.5,1,162,1.02589499214915,1.49078987525252,0.357234944825753,0.384924686731808,-0.0137017623578768,18.8268960023846,1.27598960176096,19.0837405902627,0.949684944817929,1.08222770224883,0.900777175909325,0.426466011497632,-0.256844587878103,0.0762100473312172,0.408562173003696,-0.543542231083571,-0.0415413247658238
6,12,162,14.7547409292381,1.5712890625,1.3,1.5,2,1062,1.63347012166784,0.687678781171623,1.84639307264706,0.56206378018818,-0.0837819410627821,20.9011847487662,1.41657416073964,19.0837405902627,0.949684944817929,1.08222770224883,0.900777175909325,0.426466011497632,1.81744415850352,0.683785176849912,-0.394548921077204,0.945615896737733,0.135597768690549
6,12,162,14.7547409292381,1.5712890625,1.3,1.5,3,1962,0.1896897206368,1.06821445032234,0.498703510255163,0.332409567572907,0.333608656292125,17.5231410196373,1.18762783458389,19.0837405902627,0.949684944817929,1.08222770224883,0.900777175909325,0.426466011497632,-1.56059957062542,-0.759995224181129,-0.0140132519264919,-0.402073665654162,-0.0940564439247246
6,13,163,16.2717079533052,1.58795166015625,1.31666666666667,1.5,1,163,0.108589309405718,0.732352772644971,0.747430127108537,0.865181554410693,1.03139635477142,19.560948556868,1.20214476642537,19.7589365002319,0.505661033951256,1.03889963447625,0.67195442507577,1.32032456115751,-0.197987943363838,-0.397071724545539,-0.306546861831284,0.0754757020327673,-0.455143006746815
6,13,163,16.2717079533052,1.58795166015625,1.31666666666667,1.5,2,1063,0.640213783814601,1.12995716533982,1.12599644409531,1.95161139177838,0.152288087893958,20.6173961825696,1.26707019581073,19.7589365002319,0.505661033951256,1.03889963447625,0.67195442507577,1.32032456115751,0.858459682337681,0.134552749863345,0.0910575308635633,0.454042019019537,0.631286830620867
6,13,163,16.2717079533052,1.58795166015625,1.31666666666667,1.5,3,1963,0.76818000863345,1.25438896544398,0.142436704023465,1.14418073728346,-0.258343105925303,19.098464761258,1.17372219413381,19.7589365002319,0.505661033951256,1.03889963447625,0.67195442507577,1.32032456115751,-0.660471738973847,0.262518974682194,0.21548933096772,-0.529517721052305,-0.176143823874053
6,14,164,17.8400927468495,1.599853515625,1.33333333333333,1.5,1,164,0.394253604280159,0.81442857321513,1.00861448399519,0.430701351283352,0.163185836859972,21.2328530888445,1.1901761605244,21.8055390022056,0.758828274856868,1.0323824989111,0.930451906841714,1.03913004452539,-0.572685913361049,-0.364574670576709,-0.217953925695971,0.078162577153478,-0.608428693242034
6,14,164,17.8400927468495,1.599853515625,1.33333333333333,1.5,2,1064,1.08081227501883,1.4014899524325,0.88228396300662,1.08995759076772,-0.0182237293577263,22.7430895498312,1.27483023056859,21.8055390022056,0.758828274856868,1.0323824989111,0.930451906841714,1.03913004452539,0.937550547625644,0.321984000161962,0.369107453521402,-0.0481679438350948,0.0508275462423358
6,14,164,17.8400927468495,1.599853515625,1.33333333333333,1.5,3,1964,0.801418945271614,0.88122897108567,0.900457273523331,1.59673119152508,-0.207229167722331,21.440674367941,1.20182527480006,21.8055390022056,0.758828274856868,1.0323824989111,0.930451906841714,1.03913004452539,-0.364864634264592,0.0425906704147464,-0.151153527825431,-0.0299946333183833,0.557601146999699
6,15,165,19.4616381210038,1.60699462890625,1.35,1.5,1,165,1.75323137922175,1.10375798343956,1.31461303968977,1.71874174224011,-0.370124634065723,25.3709397337554,1.30363844893272,23.9694738460145,1.06487973562997,1.07482574244312,0.961991291170003,1.33615876146898,1.40146588774089,0.68835164359178,0.0289322409964368,0.352621748519763,0.382582980771125
6,15,165,19.4616381210038,1.60699462890625,1.35,1.5,2,1065,0.793279798793646,0.896023760703471,0.522918404897842,1.29073822728181,0.0880885577490027,22.8185327389305,1.17248777297445,23.9694738460145,1.06487973562997,1.07482574244312,0.961991291170003,1.33615876146898,-1.15094110708402,-0.271599936836326,-0.17880198173965,-0.439072886272161,-0.0454205341871756
6,15,165,19.4616381210038,1.60699462890625,1.35,1.5,3,1965,0.648128028874518,1.22469548318633,1.0484424289224,0.998996314885032,-0.0102298625762864,23.7189490653577,1.21875398760802,23.9694738460145,1.06487973562997,1.07482574244312,0.961991291170003,1.33615876146898,-0.250524780656875,-0.416751706755454,0.149869740743213,0.0864511377523981,-0.337162446583949
6,16,166,21.1381459596826,1.609375,1.36666666666667,1.5,1,166,1.15870429643799,0.742815378869965,1.28066669521834,1.26129329941899,-0.233834436251957,25.705282311127,1.21606134994788,25.7046921196502,1.24083058003958,0.751727500916447,1.17518835929547,1.33839603998558,0.000590191476824486,-0.0821262836015844,-0.00891212204648206,0.105478335922877,-0.0771027405665898
6,16,166,21.1381459596826,1.609375,1.36666666666667,1.5,2,1066,1.34111364302326,0.132037347694332,1.54266216842493,2.17467142519648,-0.504481662480013,25.2864633609295,1.19624793059709,25.7046921196502,1.24083058003958,0.751727500916447,1.17518835929547,1.33839603998558,-0.418228758720723,0.100283062983682,-0.619690153222116,0.367473809129462,0.836275385210905
6,16,166,21.1381459596826,1.609375,1.36666666666667,1.5,3,1966,1.22267380065748,1.38032977618505,0.702236214243127,0.579223395341263,0.0766390637940905,26.1223306868941,1.23579100724907,25.7046921196502,1.24083058003958,0.751727500916447,1.17518835929547,1.33839603998558,0.417638567243895,-0.0181567793820983,0.628602275268598,-0.472952145052339,-0.759172644644316
6,17,167,22.8714792218598,1.60699462890625,1.38333333333333,1.5,1,167,0.949756563228515,1.88109559046821,0.531123421123736,1.1007024575581,-0.364176385392602,27.4324238975105,1.19941625250419,27.7312882566677,1.32693664495222,1.2459157951353,0.758166646578183,1.03355831374223,-0.29886435915725,-0.377180081723702,0.635179795332915,-0.227043225454447,0.0671441438158735
6,17,167,22.8714792218598,1.60699462890625,1.38333333333333,1.5,2,1067,2.00985756995462,0.869458103924013,1.15757819260433,1.34724885715438,-0.511291996764799,28.52913521088,1.247367296804,27.7312882566677,1.32693664495222,1.2459157951353,0.758166646578183,1.03355831374223,0.797846954212261,0.682920925002405,-0.376457691211284,0.399411546026145,0.313690543412148
6,17,167,22.8714792218598,1.60699462890625,1.38333333333333,1.5,3,1967,1.02119580167352,0.987193691013666,0.585798326006485,0.652723626514206,0.475454843156695,27.2323056616127,1.19066656762563,27.7312882566677,1.32693664495222,1.2459157951353,0.758166646578183,1.03355831374223,-0.498982595055015,-0.305740843278703,-0.258722104121631,-0.172368320571698,-0.380834687228021
6,18,168,24.6635640117153,1.599853515625,1.4,1.5,1,168,1.69298561709021,1.46558478468431,1.42118502171358,1.04488925842966,0.261197125533626,31.8168863597816,1.29003603634367,31.0959656322652,1.57885811284397,1.32826530197799,1.11967836524254,0.979503972357236,0.720920727516418,0.114127504246246,0.137319482706323,0.301506656471037,0.0653852860724194
6,18,168,24.6635640117153,1.599853515625,1.4,1.5,2,1068,0.640758014628207,0.939292579527797,0.936607816303191,1.4202483407582,0.352199692156454,28.7608040020333,1.16612521971163,31.0959656322652,1.57885811284397,1.32826530197799,1.11967836524254,0.979503972357236,-2.33516163023196,-0.938100098215763,-0.38897272245019,-0.183070548939348,0.440744368400968
6,18,168,24.6635640117153,1.599853515625,1.4,1.5,3,1968,2.40283070681349,1.57991854172185,1.00124225771085,0.473374317883848,0.488716024541351,32.7102065349807,1.32625627502348,31.0959656322652,1.57885811284397,1.32826530197799,1.11967836524254,0.979503972357236,1.61424090271554,0.823972593969517,0.251653239743867,-0.118436107531688,-0.506129654473388
6,19,169,26.5163917189489,1.58795166015625,1.41666666666667,1.5,1,169,1.13595012282409,0.749218455457651,1.41869573746288,1.44478794364421,-0.0452471721040988,31.4644148483307,1.18660242999223,32.1744926372192,1.17836090181372,1.12131160212426,1.40407728151996,1.66976472872801,-0.710077788888526,-0.0424107789896295,-0.372093146666613,0.0146184559429179,-0.224976785083802
6,19,169,26.5163917189489,1.58795166015625,1.41666666666667,1.5,2,1069,1.40411949504966,1.01236021332028,1.29077302875922,1.72074234045635,0.116267489964075,32.232669604144,1.21557525419683,32.1744926372192,1.17836090181372,1.12131160212426,1.40407728151996,1.66976472872801,0.0581769669248544,0.225758593235935,-0.108951388803986,-0.113304252760738,0.0509776117283371
6,19,169,26.5163917189489,1.58795166015625,1.41666666666667,1.5,3,1969,0.995013087567417,1.60235613759486,1.50276307833778,1.84376390208348,0.205819910188031,32.8263934591828,1.23796607800619,32.1744926372192,1.17836090181372,1.12131160212426,1.40407728151996,1.66976472872801,0.651900821963665,-0.183347814246305,0.481044535470599,0.0986857968178203,0.173999173355465
6,20,170,28.4320212316403,1.5712890625,1.43333333333333,1.5,1,170,1.79372368706823,2.01136160771322,1.77916470525079,0.994210482558272,-0.503423599747989,36.2987547381282,1.27668569330321,35.1745727171306,1.38308834998896,1.67419788109806,1.47688589617316,1.30433914232477,1.12418202099767,0.41063533707927,0.337163726615162,0.302278809077626,-0.310128659766496
6,20,170,28.4320212316403,1.5712890625,1.43333333333333,1.5,2,1070,1.36050517663466,1.67286287559486,1.07405903587815,1.91928174907621,-0.445896823938588,34.1327299867255,1.20050311262223,35.1745727171306,1.38308834998896,1.67419788109806,1.47688589617316,1.30433914232477,-1.04184273040503,-0.0225831733542994,-0.00133500550320287,-0.402826860295015,0.614942606751445
6,20,170,28.4320212316403,1.5712890625,1.43333333333333,1.5,3,1970,0.995036186263993,1.3383691599861,1.57743394739055,0.999525195339819,0.812242668230116,35.0922334265379,1.23425039467422,35.1745727171306,1.38308834998896,1.67419788109806,1.47688589617316,1.30433914232477,-0.0823392905926283,-0.388052163724971,-0.33582872111196,0.100548051217389,-0.304813946984949
6,21,171,30.4125812241143,1.54986572265625,1.45,1.5,1,171,0.929038012112584,1.61632048881159,1.49882807186237,1.64571621255938,0.518112310158375,36.962484520861,1.21536821384807,37.2504418286318,1.2706365303446,1.85530052130438,1.68693467729879,1.54211284017565,-0.287957307770824,-0.341598518232019,-0.238980032492792,-0.188106605436416,0.103603372383737
6,21,171,30.4125812241143,1.54986572265625,1.45,1.5,2,1071,1.30077120170902,2.59547531661163,2.26201717357768,1.44793829027284,-0.267154563302408,39.3179123288125,1.29281733895172,37.2504418286318,1.2706365303446,1.85530052130438,1.68693467729879,1.54211284017565,2.06747050018062,0.0301346713644146,0.740174795307255,0.575082496278894,-0.0941745499028028
6,21,171,30.4125812241143,1.54986572265625,1.45,1.5,3,1971,1.58210037721221,1.35410575848992,1.29995878645631,1.53268401769471,-1.3070872618298,35.4709286362221,1.16632417271103,37.2504418286318,1.2706365303446,1.85530052130438,1.68693467729879,1.54211284017565,-1.77951319240979,0.311463846867604,-0.501194762814463,-0.386975890842478,-0.00942882248093424
6,22,172,32.4602725223537,1.523681640625,1.46666666666667,1.5,1,172,1.76122315844621,1.92213105740678,1.2813693960438,2.01036882511566,-0.0648645472549876,39.8201310115957,1.22673434069827,39.4577160417626,1.8455405342789,1.8008234071181,1.27581935692465,1.54027849276467,0.362414969833132,-0.084317375832685,0.121307650288675,0.00555003911915342,0.47009033235099
6,22,172,32.4602725223537,1.523681640625,1.46666666666667,1.5,2,1072,1.71972792345419,2.10024547763066,1.07553777244518,1.34359559737997,-1.29318072599135,38.4810763527257,1.18548223297342,39.4577160417626,1.8455405342789,1.8008234071181,1.27581935692465,1.54027849276467,-0.976639689036894,-0.125812610824705,0.299422070512565,-0.200281584479467,-0.196682895384704
6,22,172,32.4602725223537,1.523681640625,1.46666666666667,1.5,3,1972,2.05567052093629,1.38009368631686,1.47055090228496,1.26687105579838,0.249517046662535,40.0719407609664,1.23449181559924,39.4577160417626,1.8455405342789,1.8008234071181,1.27581935692465,1.54027849276467,0.614224719203769,0.21012998665739,-0.42072972080124,0.194731545360314,-0.273407436966286
6,23,173,34.5773705495876,1.49273681640625,1.48333333333333,1.5,1,173,1.55075966714684,0.649463261153275,2.00880063639763,2.65752697885403,-0.931100109681395,39.9377179470947,1.15502472606527,41.2999687807293,1.36773484547916,1.30184903327071,1.77294407498624,1.58515400976354,-1.36225083363462,0.183024821667678,-0.652385772117432,0.235856561411394,1.07237296909049
6,23,173,34.5773705495876,1.49273681640625,1.48333333333333,1.5,2,1073,1.28411832098692,0.912154410190507,1.8105755025179,0.735204861368117,0.832358454077089,41.3954719935831,1.19718391929825,41.2999687807293,1.36773484547916,1.30184903327071,1.77294407498624,1.58515400976354,0.0955032128537923,-0.0836165244922418,-0.3896946230802,0.0376314275316654,-0.84994914839542
6,23,173,34.5773705495876,1.49273681640625,1.48333333333333,1.5,3,1973,1.26832654830372,2.34392942846834,1.49945608604318,1.36273018906847,0.370055336751272,42.5667164015101,1.23105706781448,41.2999687807293,1.36773484547916,1.30184903327071,1.77294407498624,1.58515400976354,1.26674762078082,-0.099408297175436,1.04208039519763,-0.27348798894306,-0.222423820695071
6,24,174,36.766227854774,1.45703125,1.5,1.5,1,174,2.33217332472994,2.16902389469584,2.17874285534212,2.76404909409624,0.311775675365588,46.9977030697445,1.27828460551854,44.3181926129414,2.22966514788663,1.38693936063671,1.63476367641266,2.3115586372026,2.67951045680305,0.102508176843314,0.782084534059133,0.543979178929463,0.452490456893636
6,24,174,36.766227854774,1.45703125,1.5,1.5,2,1074,2.69865220418785,1.00804822358177,1.07948900567968,2.38098369936771,-0.427968792051239,43.401585500998,1.1804742567672,44.3181926129414,2.22966514788663,1.38693936063671,1.63476367641266,2.3115586372026,-0.916607111943399,0.468987056301217,-0.37889113705494,-0.555274670732973,0.0694250621651107
6,24,174,36.766227854774,1.45703125,1.5,1.5,3,1974,1.6581699147421,0.983745963632513,1.64605916821617,1.78964311814386,-0.571651668054347,42.5552892680818,1.1574559521356,44.3181926129414,2.22966514788663,1.38693936063671,1.63476367641266,2.3115586372026,-1.76290334485966,-0.571495233144531,-0.403193397004193,0.01129549180351,-0.521915519058746
6,25,175,39.0292767267848,1.41656494140625,1.51666666666667,1.5,1,175,1.8178470119817,1.59410558457034,2.88100825212051,1.68491621193866,-0.320760079976111,48.0228541742678,1.23043156834395,47.2644326830433,1.7072320475624,1.91517445105019,2.11624563899818,1.85918907642753,0.758421491224468,0.1106149644193,-0.32106886647985,0.76476261312233,-0.174272864488871
6,25,175,39.0292767267848,1.41656494140625,1.51666666666667,1.5,2,1075,1.73660654908767,1.88448075514133,1.25119061813996,2.03531867208507,-0.4549328583886,45.7692748953579,1.1726908293934,47.2644326830433,1.7072320475624,1.91517445105019,2.11624563899818,1.85918907642753,-1.49515778768547,0.0293745015252678,-0.0306936959088597,-0.865055020858219,0.17612959565754
6,25,175,39.0292767267848,1.41656494140625,1.51666666666667,1.5,3,1975,1.56724258161783,2.2669370134389,2.21653804673406,1.85733234525887,-0.0112035168960348,48.0011689795043,1.22987595479991,47.2644326830433,1.7072320475624,1.91517445105019,2.11624563899818,1.85918907642753,0.736736296460997,-0.139989465944568,0.35176256238871,0.100292407735889,-0.00185673116866858
6,26,176,41.369031897199,1.371337890625,1.53333333333333,1.5,1,176,2.30846523976431,2.30082091258165,2.23035086234032,1.79299104980634,-0.484698807095112,50.9234706353858,1.23095630475302,49.8347727614517,1.97881047259913,1.9580786227,1.99733072589015,1.71713749450899,1.08869787393412,0.329654767165184,0.342742289881644,0.23302013645017,0.0758535552973496
6,26,176,41.369031897199,1.371337890625,1.53333333333333,1.5,2,1076,1.72443779993524,1.58624189613995,1.33077659731713,0.978188205500024,-0.568982846839112,47.5932384154941,1.15045569675795,49.8347727614517,1.97881047259913,1.9580786227,1.99733072589015,1.71713749450899,-2.24153434595759,-0.254372672663885,-0.371836726560054,-0.666554128573019,-0.73894928900897
6,26,176,41.369031897199,1.371337890625,1.53333333333333,1.5,3,1976,1.90352837809783,1.98717305937841,2.430864718013,2.38023322822062,0.314900977444203,50.9876092334751,1.23250670598669,49.8347727614517,1.97881047259913,1.9580786227,1.99733072589015,1.71713749450899,1.15283647202347,-0.0752820945012997,0.02909443667841,0.433533992122848,0.663095733711621
6,27,177,43.7880933347085,1.32135009765625,1.55,1.5,1,177,2.573116037416,1.88818141493733,2.6162633310563,2.4104076318636,-0.122031688269487,53.9171249634968,1.23131931210989,53.3549797329528,2.63655847899633,1.8374413312258,2.40567439373099,2.30860390897247,0.56214523054399,-0.0634424415803214,0.050740083711525,0.210588937325312,0.101803722891133
6,27,177,43.7880933347085,1.32135009765625,1.55,1.5,2,1077,2.51818333912453,1.76431517484737,2.84117601553575,2.29254653901136,-0.648035424772903,53.4639122553212,1.22096917640721,53.3549797329528,2.63655847899633,1.8374413312258,2.40567439373099,2.30860390897247,0.108932522368335,-0.118375139871799,-0.0731261563784327,0.435501621804759,-0.0160573699611075
6,27,177,43.7880933347085,1.32135009765625,1.55,1.5,3,1977,2.81837606044845,1.85982740389271,1.75958383460092,2.22285755604244,-0.350361065308656,52.6839019800405,1.20315588023744,53.3549797329528,2.63655847899633,1.8374413312258,2.40567439373099,2.30860390897247,-0.671077752912318,0.181817581452121,0.0223860726669078,-0.64609055913007,-0.0857463529300246
6,28,178,46.2891491342386,1.2666015625,1.56666666666667,1.5,1,178,2.7841785000338,2.66356504232009,2.25291875631871,1.09709765166902,-0.0154659696467038,57.3524247037932,1.23900364937517,55.766294792657,2.22476678991567,2.38903207343552,1.94980085560198,1.45953796193745,1.58612991113623,0.559411710118133,0.274532968884572,0.30311790071673,-0.362440310268425
6,28,178,46.2891491342386,1.2666015625,1.56666666666667,1.5,2,1078,1.93714752403497,2.61405467984643,1.7887367850747,1.27189379499604,0.0389201802077527,55.5601209045535,1.20028390980852,55.766294792657,2.22476678991567,2.38903207343552,1.94980085560198,1.45953796193745,-0.206173888103422,-0.287619265880695,0.225022606410911,-0.161064070527281,-0.187644166941404
6,28,178,46.2891491342386,1.2666015625,1.56666666666667,1.5,3,1978,1.95297434567823,1.88947649814003,1.80774702541254,2.00962243914728,-0.0482511075777814,54.3863387696242,1.17492630101935,55.766294792657,2.22476678991567,2.38903207343552,1.94980085560198,1.45953796193745,-1.3799560230328,-0.271792444237438,-0.499555575295483,-0.142053830189449,0.550084477209828
6,29,179,48.8749785039976,1.20709228515625,1.58333333333333,1.5,1,179,1.91714262974277,2.64197129011153,2.54873255929315,2.63519329894403,-0.0131185274665963,59.1822481027207,1.21089051932534,59.4139695494275,2.11307055386248,2.27137763483135,2.7603624015393,2.61085346060298,-0.231721446706821,-0.195927924119706,0.370593655280176,-0.211629842246147,0.0243398383410551
6,29,179,48.8749785039976,1.20709228515625,1.58333333333333,1.5,2,1079,2.12627895170331,2.67373674963046,3.46433044819668,3.04191237143222,0.510276539025616,61.3817821542577,1.2558937933699,59.4139695494275,2.11307055386248,2.27137763483135,2.7603624015393,2.61085346060298,1.96781260483017,0.0132083978408342,0.402359114799105,0.703968046657383,0.431058910829245
6,29,179,48.8749785039976,1.20709228515625,1.58333333333333,1.5,3,1979,2.29579008014135,1.49842486475207,2.26802419712806,2.15545471143268,0.257127061680095,57.6778783913041,1.18011056284324,59.4139695494275,2.11307055386248,2.27137763483135,2.7603624015393,2.61085346060298,-1.73609115812336,0.182719526278872,-0.77295277007928,-0.492338204411236,-0.455398749170299
6,30,180,51.5484548537714,1.142822265625,1.6,1.5,1,180,3.08423162984946,1.86080791562927,3.23228054903424,1.94672804614175,-0.576718053423595,62.3221788678428,1.20900188074761,62.9167452731258,2.92818929745373,2.1980289950812,2.95945035621652,2.18095844051585,-0.59456640528299,0.156042332395737,-0.337221079451929,0.272830192817723,-0.234230394374102
6,30,180,51.5484548537714,1.142822265625,1.6,1.5,2,1080,2.99108119586339,2.68445849661363,3.38522220922491,2.07916022867803,-0.194994596702237,64.1447013544132,1.24435740191193,62.9167452731258,2.92818929745373,2.1980289950812,2.95945035621652,2.18095844051585,1.22795608128743,0.0628918984096636,0.486429501532433,0.425771853008392,-0.101798211837821
6,30,180,51.5484548537714,1.142822265625,1.6,1.5,3,1980,2.70925506664833,2.04882057300069,2.2608483103904,2.51698704672778,0.969318347540233,62.2833555971213,1.20824873943946,62.9167452731258,2.92818929745373,2.1980289950812,2.95945035621652,2.18095844051585,-0.633389676004441,-0.218934230805401,-0.149208422080504,-0.698602045826115,0.336028606211923
7,1,181,1.01685340540722,1.08277893066406,1.13333333333333,1.5,1,181,-0.576243947453801,0.270381497819481,0.154271889438309,0.761243350475355,-0.376252129946595,0.554496668587839,0.545306398778079,1.01975219409392,-0.322782683099775,0.144473609350134,0.15965407591243,-0.29753746884245,-0.465255525506079,-0.253461264354027,0.125907888469347,-0.00538218647412095,1.0587808193178
7,1,181,1.01685340540722,1.08277893066406,1.13333333333333,1.5,2,1081,0.161233501400787,0.549629215427107,0.598324835061487,-0.892331668601435,0.244556293821412,2.95639030087222,2.90739086396457,1.01975219409392,-0.322782683099775,0.144473609350134,0.15965407591243,-0.29753746884245,1.9366381067783,0.484016184500562,0.405155606076972,0.438670759149057,-0.594794199758985
7,1,181,1.01685340540722,1.08277893066406,1.13333333333333,1.5,3,1981,-0.553337603246309,-0.386589885196185,-0.273634496762506,-0.76152408840127,-0.0207545458801743,-0.451630387178307,-0.444145030912731,1.01975219409392,-0.322782683099775,0.144473609350134,0.15965407591243,-0.29753746884245,-1.47138258127222,-0.230554920146535,-0.531063494546319,-0.433288572674936,-0.46398661955882
7,2,182,2.06817317241739,1.16021728515625,1.15,1.5,1,182,-0.0868831576406934,0.769637216597742,0.446232835270805,0.58253639473238,0.0795561452455063,3.60135802837282,1.74132324913748,2.26223730564356,-0.0247468128145323,0.237170350292178,0.0758281360884757,0.119338372491548,1.33912072272926,-0.0621363448261611,0.532466866305564,0.37040469918233,0.463198022240832
7,2,182,2.06817317241739,1.16021728515625,1.15,1.5,2,1082,0.119798430517244,0.618199040005177,0.11878079937088,0.334467622628453,-0.740032328179413,2.35623314912095,1.13928232922916,2.26223730564356,-0.0247468128145323,0.237170350292178,0.0758281360884757,0.119338372491548,0.0939958434773831,0.144545243331776,0.381028689713,0.0429526632824039,0.215129250136905
7,2,182,2.06817317241739,1.16021728515625,1.15,1.5,3,1982,-0.107155711320147,-0.676325205726386,-0.337529226376258,-0.558988899886188,0.169339301646112,0.829120739436925,0.400895220233325,2.26223730564356,-0.0247468128145323,0.237170350292178,0.0758281360884757,0.119338372491548,-1.43311656620664,-0.0824088985056149,-0.913495556018564,-0.413357362464733,-0.678327272377737
7,3,183,3.15512754226943,1.23231506347656,1.16666666666667,1.5,1,183,0.262300791878792,-0.418705467557385,0.133057517855003,0.539141428013577,-0.408716181792391,2.78074514210333,0.88134159549797,4.25639825468359,0.399682993437098,-0.15520222475167,0.422432932504628,0.46317686809639,-1.47565311258026,-0.137382201558305,-0.263503242805715,-0.289375414649625,0.0759645599171863
7,3,183,3.15512754226943,1.23231506347656,1.16666666666667,1.5,2,1083,0.706499879766088,-0.0925819410736587,0.883283283736039,0.665837291270565,0.562273529995144,5.80494417746283,1.83984453867352,4.25639825468359,0.399682993437098,-0.15520222475167,0.422432932504628,0.46317686809639,1.54854592277924,0.30681688632899,0.0626202836780113,0.460850351231411,0.202660423174174
7,3,183,3.15512754226943,1.23231506347656,1.16666666666667,1.5,3,1983,0.230248308666413,0.0456807343760341,0.250957995922843,0.18455188500503,0.314908259115916,4.18350544448461,1.32593861529778,4.25639825468359,0.399682993437098,-0.15520222475167,0.422432932504628,0.46317686809639,-0.0728928101989812,-0.169434684770684,0.200882959127704,-0.171474936581785,-0.278624983091361
7,4,184,4.27892435387168,1.299072265625,1.18333333333333,1.5,1,184,0.15156812912531,-0.0833727519301073,-0.0315363281584266,-0.0736933006255782,0.0883826943846859,4.41824275246746,1.03255921046366,4.80329315398238,0.258378988950051,0.129259079973324,-0.059411632804086,-0.174952565012504,-0.385050401514922,-0.106810859824741,-0.212631831903431,0.0278753046456594,0.101259264386926
7,4,184,4.27892435387168,1.299072265625,1.18333333333333,1.5,2,1084,0.0565390790241359,0.291375313404307,-0.228891494031607,0.139453519270158,0.79609499028426,5.14992457345453,1.20355588170068,4.80329315398238,0.258378988950051,0.129259079973324,-0.059411632804086,-0.174952565012504,0.346631419472147,-0.201839909925915,0.162116233430983,-0.169479861227521,0.314406084282662
7,4,184,4.27892435387168,1.299072265625,1.18333333333333,1.5,3,1984,0.567029758700708,0.179774678445773,0.0821929237777757,-0.590617913682093,-0.509847606319478,4.84171213602516,1.13152552735461,4.80329315398238,0.258378988950051,0.129259079973324,-0.059411632804086,-0.174952565012504,0.0384189820427743,0.308650769750656,0.0505155984724487,0.141604556581862,-0.415665348669588
7,5,185,5.44081238596938,1.36048889160156,1.2,1.5,1,185,1.36522958485578,0.655057908915155,0.602312011066662,-0.225944256374068,-0.00180371047934541,8.98592586747031,1.65157796851128,7.3498448949575,0.66390937777598,0.194861690379679,0.441780418420413,0.326878385351652,1.63608097251282,0.701320207079801,0.460196218535476,0.160531592646248,-0.55282264172572
7,5,185,5.44081238596938,1.36048889160156,1.2,1.5,2,1085,0.189715628864363,0.0396165017598453,0.229522722820413,0.526271960275806,0.159268562686407,6.25001084063139,1.14872750561088,7.3498448949575,0.66390937777598,0.194861690379679,0.441780418420413,0.326878385351652,-1.09983405432611,-0.474193748911616,-0.155245188619834,-0.2122576956,0.199393574924154
7,5,185,5.44081238596938,1.36048889160156,1.2,1.5,3,1985,0.436782919607794,-0.110089339535964,0.493506521374165,0.680307452153218,0.170394706015618,6.81359797677079,1.25231261315709,7.3498448949575,0.66390937777598,0.194861690379679,0.441780418420413,0.326878385351652,-0.536246918186708,-0.227126458168185,-0.304951029915643,0.0517261029537514,0.353429066801566
7,6,186,6.6420827448051,1.41656494140625,1.21666666666667,1.5,1,186,0.373115756298266,0.345221728448676,0.435711802986733,0.785512101527915,-0.751806362724476,7.49240655563168,1.12802065910601,7.52690856532009,0.276771712620568,0.475958046662033,0.250755204670628,0.693520439447263,-0.0345020096884099,0.0963440436776978,-0.130736318213357,0.184956598316105,0.0919916620806523
7,6,186,6.6420827448051,1.41656494140625,1.21666666666667,1.5,2,1086,-0.0326306019117624,0.86577665364106,0.195165833280688,0.865070288034598,-0.0840120924515626,7.85795763085267,1.18305626905936,7.52690856532009,0.276771712620568,0.475958046662033,0.250755204670628,0.693520439447263,0.331049065532581,-0.309402314532331,0.389818606979026,-0.0555893713899403,0.171549848587335
7,6,186,6.6420827448051,1.41656494140625,1.21666666666667,1.5,3,1986,0.489829983475202,0.216875757896364,0.121387977744463,0.429978928779275,-0.551544689227023,7.23036150947592,1.08856841856283,7.52690856532009,0.276771712620568,0.475958046662033,0.250755204670628,0.693520439447263,-0.29654705584417,0.213058270854633,-0.259082288765669,-0.129367226926165,-0.263541510667988
7,7,187,7.88407029881404,1.46730041503906,1.23333333333333,1.5,1,187,1.4502545382111,0.254042530334441,0.406238899807165,-0.343498934728027,-0.0111591333225925,10.9235477217774,1.3855213497298,10.6605145104418,0.576124194112408,0.913120374619683,0.414942282703224,0.207203290299715,0.263033211335593,0.874130344098694,-0.659077844285242,-0.00870338289605915,-0.550702225027741
7,7,187,7.88407029881404,1.46730041503906,1.23333333333333,1.5,2,1087,0.490145988023409,0.96308096155757,0.426813823684997,-0.000980085424277577,0.321229775148282,10.752512073734,1.36382752388083,10.6605145104418,0.576124194112408,0.913120374619683,0.414942282703224,0.207203290299715,0.0919975632921197,-0.085978206088999,0.049960586937887,0.0118715409817727,-0.208183375723992
7,7,187,7.88407029881404,1.46730041503906,1.23333333333333,1.5,3,1987,-0.212027943897287,1.52223763196704,0.41177412461751,0.966088891051448,0.237434527394853,10.3054837358141,1.30712732703111,10.6605145104418,0.576124194112408,0.913120374619683,0.414942282703224,0.207203290299715,-0.355030774627712,-0.788152138009695,0.609117257347355,-0.00316815808571347,0.758885600751734
7,8,188,9.16815516194857,1.5126953125,1.25,1.5,1,188,0.975579109574638,0.727708587948562,0.0929076235737386,0.17744294482541,0.696885057768182,12.3897913360395,1.35139415915014,11.3590872667756,0.486558608601091,0.608602380320528,0.418008870936875,0.435971798471606,1.03070406926396,0.489020500973546,0.119106207628033,-0.325101247363136,-0.258528853646196
7,8,188,9.16815516194857,1.5126953125,1.25,1.5,2,1088,-0.1547176937607,-0.0208509007165739,0.615339113908359,0.216727209675267,-0.202320126121011,9.62873935068175,1.05023739024889,11.3590872667756,0.486558608601091,0.608602380320528,0.418008870936875,0.435971798471606,-1.73034791609382,-0.641276302361791,-0.629453281037102,0.197330242971484,-0.219244588796339
7,8,188,9.16815516194857,1.5126953125,1.25,1.5,3,1988,0.638814409989336,1.1189494537296,0.545779875328526,0.913745240914141,-0.293112242046248,12.0587311136054,1.31528436207689,11.3590872667756,0.486558608601091,0.608602380320528,0.418008870936875,0.435971798471606,0.699643846829854,0.152255801388245,0.510347073409069,0.127771004391652,0.477773442442535
7,9,189,10.4957642272801,1.55274963378906,1.26666666666667,1.5,1,189,0.425701607970361,-0.170844638934716,-0.0133234089762059,0.655620999433785,-0.642459559011708,10.2779243613662,0.979244973381954,11.6401293673393,0.462881366581902,0.392431202713765,0.181754917767812,0.414958217271601,-1.3622050059731,-0.0371797586115418,-0.563275841648481,-0.195078326744018,0.240662782162184
7,9,189,10.4957642272801,1.55274963378906,1.26666666666667,1.5,2,1089,0.501571886669349,1.2217388483907,-0.037491180571339,0.765811385687269,-0.258396890959,12.507482003437,1.1916694899575,11.6401293673393,0.462881366581902,0.392431202713765,0.181754917767812,0.414958217271601,0.867352636097761,0.0386905200874464,0.829307645676934,-0.219246098339151,0.350853168415668
7,9,189,10.4957642272801,1.55274963378906,1.26666666666667,1.5,3,1989,0.461370605105998,0.126399398685313,0.596079342850981,-0.176557733306251,-0.131400447462737,12.1349817372146,1.156178957,11.6401293673393,0.462881366581902,0.392431202713765,0.181754917767812,0.414958217271601,0.494852369875339,-0.00151076147590473,-0.266031804028453,0.414324425083169,-0.591515950577852
7,10,190,11.8683727525827,1.58746337890625,1.28333333333333,1.5,1,190,0.0738038483690615,-0.068488827906906,-0.308772232201169,0.298526594020519,0.66014730002939,12.0946286150047,1.01906376443837,13.5843725825588,0.852601115601454,0.173820625382888,0.0555638062975928,0.498127825903438,-1.48974396755415,-0.778797267232393,-0.242309453289794,-0.364336038498762,-0.199601231882919
7,10,190,11.8683727525827,1.58746337890625,1.28333333333333,1.5,2,1090,0.95839543684314,0.243781263189183,-0.0223944507986673,0.29984306254876,-0.254567185296009,13.4144841706808,1.13027155873257,13.5843725825588,0.852601115601454,0.173820625382888,0.0555638062975928,0.498127825903438,-0.16988841187804,0.105794321241686,0.0699606378062954,-0.0779582570962601,-0.198284763354678
7,10,190,11.8683727525827,1.58746337890625,1.28333333333333,1.5,3,1990,1.52560406159216,0.346169440866386,0.497858101892615,0.896013821141035,-0.23724630436396,15.244004961991,1.28442249664545,13.5843725825588,0.852601115601454,0.173820625382888,0.0555638062975928,0.498127825903438,1.65963237943219,0.673002945990707,0.172348815483498,0.442294295595022,0.397885995237597
7,11,191,13.2875059996601,1.61683654785156,1.3,1.5,1,191,0.597543249805304,0.715362500130565,0.799934855227656,1.42258703119568,0.147765510889669,16.5312748087682,1.24412171924446,16.4009650890721,0.66710120437203,0.911615918166206,0.694584082578157,1.29019196292366,0.1303097196961,-0.0695579545667261,-0.19625341803564,0.1053507726495,0.132395068272022
7,11,191,13.2875059996601,1.61683654785156,1.3,1.5,2,1091,0.432598192548699,1.05753916665585,0.597610328733446,1.47137453260063,-0.413126933917516,15.8450360437426,1.19247630399173,16.4009650890721,0.66710120437203,0.911615918166206,0.694584082578157,1.29019196292366,-0.555929045329474,-0.234503011823331,0.145923248489645,-0.096973753844711,0.181182569676964
7,11,191,13.2875059996601,1.61683654785156,1.3,1.5,3,1991,0.971162170762087,0.961946087712201,0.686207063773368,0.976614324974677,-0.310972586219547,16.8265844147055,1.26634632677764,16.4009650890721,0.66710120437203,0.911615918166206,0.694584082578157,1.29019196292366,0.42561932563337,0.304060966390057,0.0503301695459952,-0.0083770188047888,-0.313577637948986
7,12,192,14.7547409292381,1.640869140625,1.31666666666667,1.5,1,192,0.446718950861069,0.964141530098064,1.4954429646518,1.67234450642541,-0.600961682297394,18.3994040495478,1.24701640901654,19.3555542151093,1.18334237244702,0.558036675601613,1.52493071624412,1.43737701087131,-0.956150165561503,-0.736623421585948,0.406104854496451,-0.029487751592324,0.234967495554099
7,12,192,14.7547409292381,1.640869140625,1.31666666666667,1.5,2,1092,2.16706574022867,0.628398602058631,1.06226811464865,1.0535675863726,-0.518210085595183,20.2131958071733,1.36994582989381,19.3555542151093,1.18334237244702,0.558036675601613,1.52493071624412,1.43737701087131,0.857641592063995,0.983723367781649,0.070361926457018,-0.462662601595467,-0.383809424498706
7,12,192,14.7547409292381,1.640869140625,1.31666666666667,1.5,3,1992,0.936242426251317,0.0815698946481436,2.01708106943191,1.58621893981591,0.0300485885544859,19.4540627886068,1.3184957216061,19.3555542151093,1.18334237244702,0.558036675601613,1.52493071624412,1.43737701087131,0.0985085734975115,-0.2470999461957,-0.476466780953469,0.492150353187791,0.148841928944607
7,13,193,16.2717079533052,1.65956115722656,1.33333333333333,1.5,1,193,0.362079784655179,1.29200528506586,0.537383488246873,0.621294295488424,-0.428916398393796,18.9724340471336,1.16597680474469,19.0373704568454,0.241215408587392,1.2765771416238,0.553273033326048,1.11424470311334,-0.0649364097118443,0.120864376067787,0.0154281434420629,-0.0158895450791758,-0.492950407624913
7,13,193,16.2717079533052,1.65956115722656,1.33333333333333,1.5,2,1093,0.489886284260409,1.44451035418611,0.182616917866767,0.927450518885408,-0.351189800985755,18.9334535835177,1.16358120720031,19.0373704568454,0.241215408587392,1.2765771416238,0.553273033326048,1.11424470311334,-0.103916873327684,0.248670875673017,0.167933212562319,-0.370656115459282,-0.186794184227928
7,13,193,16.2717079533052,1.65956115722656,1.33333333333333,1.5,3,1993,-0.128319843153412,1.09321578561941,0.939818693864506,1.79398929496618,0.28012132568922,19.206223739885,1.18034466910301,19.0373704568454,0.241215408587392,1.2765771416238,0.553273033326048,1.11424470311334,0.168853283039528,-0.369535251740804,-0.183361356004382,0.386545660538458,0.679744591852841
7,14,194,17.8400927468495,1.67291259765625,1.35,1.5,1,194,0.491088763475487,1.21641148868228,1.08457382239994,0.851882324584052,0.567273191324355,22.4979307604804,1.2610882174059,21.0825135279552,0.425856378322558,0.739168222620172,1.01137782212971,1.26707327764128,1.41541723252521,0.0652323851529291,0.477243266062106,0.0731960002702357,-0.415190953057229
7,14,194,17.8400927468495,1.67291259765625,1.35,1.5,2,1094,0.262840537911935,-0.0958797893379004,0.661790048816858,1.30905574379828,-0.664744031161899,18.4783053203543,1.03577406141106,21.0825135279552,0.425856378322558,0.739168222620172,1.01137782212971,1.26707327764128,-2.60420820760086,-0.163015840410622,-0.835048011958072,-0.349587773312849,0.0419824661569952
7,14,194,17.8400927468495,1.67291259765625,1.35,1.5,3,1994,0.523639833580251,1.09697296851614,1.28776959517232,1.64028176454151,0.142640181695057,22.2713045030308,1.24838501789537,21.0825135279552,0.425856378322558,0.739168222620172,1.01137782212971,1.26707327764128,1.18879097507565,0.0977834552576933,0.357804745895966,0.276391773042614,0.373208486900233
7,15,195,19.4616381210038,1.68092346191406,1.36666666666667,1.5,1,195,1.63349224264741,0.882250088536826,1.19442292014168,1.39571442320393,-0.324867628626139,24.8799220957779,1.2784084228206,23.7993321964863,0.985170838770524,0.943709121544046,1.00608912634112,0.963330791012909,1.08058989929156,0.648321403876886,-0.0614590330072201,0.18833379380056,0.432383632191019
7,15,195,19.4616381210038,1.68092346191406,1.36666666666667,1.5,2,1095,0.21071300652307,1.3281593186043,1.03110743500277,0.962548241217415,0.0685057060065927,23.2461484846689,1.19446001102963,23.7993321964863,0.985170838770524,0.943709121544046,1.00608912634112,0.963330791012909,-0.553183711817422,-0.774457832247453,0.384450197060252,0.0250183086616522,-0.000782549795494081
7,15,195,19.4616381210038,1.68092346191406,1.36666666666667,1.5,3,1995,1.11130726714109,0.620717957491014,0.792737023878908,0.531729708617385,-0.0951546484474884,23.2719260090122,1.19578454107088,23.7993321964863,0.985170838770524,0.943709121544046,1.00608912634112,0.963330791012909,-0.527406187474138,0.126136428370567,-0.322991164053032,-0.213352102462211,-0.431601082395525
7,16,196,21.1381459596826,1.68359375,1.38333333333333,1.5,1,196,1.57649712275577,0.911297668011467,1.21161324647345,1.3752446413213,0.308275321985229,27.1786502948918,1.28576320490598,26.6824491537304,1.38236630059697,1.22760349962055,0.936706506329296,1.35065726965293,0.496201141161428,0.194130822158802,-0.316305831609079,0.274906740144153,0.02458737166837
7,16,196,21.1381459596826,1.68359375,1.38333333333333,1.5,2,1096,1.46402866460549,1.87855561531368,1.12198511455419,0.770978401910929,0.14002802205978,28.0246497643082,1.32578561136632,26.6824491537304,1.38236630059697,1.22760349962055,0.936706506329296,1.35065726965293,1.34220061057787,0.0816623640085217,0.650952115693133,0.185278608224893,-0.579678867742005
7,16,196,21.1381459596826,1.68359375,1.38333333333333,1.5,3,1996,1.10657311442964,0.892957215536493,0.47652115796025,1.90574876572657,-0.107157355495838,24.8440474019911,1.17531818776239,26.6824491537304,1.38236630059697,1.22760349962055,0.936706506329296,1.35065726965293,-1.8384017517393,-0.275793186167324,-0.334646284084053,-0.460185348369045,0.555091496073635
7,17,197,22.8714792218598,1.68092346191406,1.4,1.5,1,197,1.42262947911189,0.80827767793894,0.278799247503026,1.03992218381993,-0.0589502483294156,26.7536478629491,1.16973841540511,27.9502042315821,1.326877779397,1.48392955636133,0.548109714966378,0.962387364431643,-1.19655636863293,0.095751699714884,-0.675651878422388,-0.269310467463352,0.0775348193882835
7,17,197,22.8714792218598,1.68092346191406,1.4,1.5,2,1097,0.893501039063446,2.29254560919262,0.744992421315954,0.814770097041394,-0.0554192890649567,28.6450192774447,1.25243404676978,27.9502042315821,1.326877779397,1.48392955636133,0.548109714966378,0.962387364431643,0.694815045862658,-0.433376740333559,0.808616052831295,0.196882706349576,-0.147617267390249
7,17,197,22.8714792218598,1.68092346191406,1.4,1.5,3,1997,1.66450282001568,1.35096538195242,0.620537476080153,1.03246981243361,-0.0395932589474944,28.4519455543524,1.24399236614128,27.9502042315821,1.326877779397,1.48392955636133,0.548109714966378,0.962387364431643,0.501741322770275,0.337625040618675,-0.132964174408907,0.0724277611137756,0.0700824480019658
7,18,198,24.6635640117153,1.67291259765625,1.41666666666667,1.5,1,198,0.568834627682762,1.36003569043106,1.18620169075099,1.48054497846652,-0.647079989396876,28.6741144011891,1.16261033432025,28.8339023162059,0.973765036592614,1.04417318403073,0.8107426856007,1.20618753684315,-0.159787915016778,-0.404930408909851,0.31586250640033,0.37545900515029,0.274357441623362
7,18,198,24.6635640117153,1.67291259765625,1.41666666666667,1.5,2,1098,1.25030612705318,0.394914640311176,0.495829630972203,1.42157562860822,-0.397639404518724,27.6607843316364,1.12152421760689,28.8339023162059,0.973765036592614,1.04417318403073,0.8107426856007,1.20618753684315,-1.1731179845695,0.276541090460566,-0.649258543719549,-0.314913054628497,0.215388091765064
7,18,198,24.6635640117153,1.67291259765625,1.41666666666667,1.5,3,1998,1.1021543550419,1.37756922134994,0.750196735078906,0.716442003454728,0.582584799434845,30.1668082157922,1.22313256111172,28.8339023162059,0.973765036592614,1.04417318403073,0.8107426856007,1.20618753684315,1.33290589958628,0.128389318449285,0.333396037319219,-0.0605459505217937,-0.489745533388426
7,19,199,26.5163917189489,1.65956115722656,1.43333333333333,1.5,1,199,0.363541191491,2.35211262403943,0.540312337801866,1.69540960867141,-0.215988592328132,31.0855519015637,1.17231455286391,31.434337209291,0.581298694306055,1.6993958743057,0.851465708427641,1.6348673654462,-0.34878530772729,-0.217757502815055,0.652716749733722,-0.311153370625775,0.0605422432252054
7,19,199,26.5163917189489,1.65956115722656,1.43333333333333,1.5,2,1099,0.375719553170378,0.738808019578162,0.927407803506118,1.55205006917716,0.708590257380466,30.298581419436,1.14263591142321,31.434337209291,0.581298694306055,1.6993958743057,0.851465708427641,1.6348673654462,-1.13575578985504,-0.205579141135677,-0.960587854727542,0.075942095078477,-0.0828172962690419
7,19,199,26.5163917189489,1.65956115722656,1.43333333333333,1.5,3,1999,1.00463533825679,2.00726697929952,1.08667698397494,1.65714241849004,0.228134657084604,32.9188783068733,1.24145391483824,31.434337209291,0.581298694306055,1.6993958743057,0.851465708427641,1.6348673654462,1.48454109758233,0.423336643950732,0.30787110499382,0.235211275547298,0.0222750530438367
7,20,200,28.4320212316403,1.640869140625,1.45,1.5,1,200,1.43294876524172,1.41578809468397,1.55681319138514,1.40072567766686,-0.891589352839005,34.2798258121526,1.20567670982197,34.7724092320195,1.07211328994296,1.39111064543235,1.67435930046067,1.54893139430017,-0.492583419866975,0.360835475298765,0.0246774492516195,-0.11754610907553,-0.148205716633306
7,20,200,28.4320212316403,1.640869140625,1.45,1.5,2,1100,1.37404138205869,1.82562433250117,1.97521273502328,2.16116532115432,-0.114943579145025,36.1816741389187,1.27256777997388,34.7724092320195,1.07211328994296,1.39111064543235,1.67435930046067,1.54893139430017,1.40926490689915,0.301928092115735,0.43451368706882,0.300853434562608,0.61223392685415
7,20,200,28.4320212316403,1.640869140625,1.45,1.5,3,2000,0.409349722528459,0.931919509111906,1.49105197497359,1.08490318407932,1.16415593525407,33.8557277449873,1.19076049743911,34.7724092320195,1.07211328994296,1.39111064543235,1.67435930046067,1.54893139430017,-0.916681487032186,-0.6627635674145,-0.45919113632044,-0.183307325487078,-0.464028210220844
7,21,201,30.4125812241143,1.61683654785156,1.46666666666667,1.5,1,201,1.22988485488869,1.11109521938264,1.5082041246394,1.15876781183181,1.33736528399544,37.6303817998632,1.23732943029597,38.1735750551871,1.73447738940661,1.51365719531592,1.41855882563617,1.16321666993813,-0.543193255323871,-0.50459253451792,-0.40256197593328,0.0896452990032244,-0.00444885810632134
7,21,201,30.4125812241143,1.61683654785156,1.46666666666667,1.5,2,1101,2.24782750166991,1.30835504595586,0.945541365383834,1.64917304831788,0.882478103619929,38.2666617678443,1.25825103386826,38.1735750551871,1.73447738940661,1.51365719531592,1.41855882563617,1.16321666993813,0.0930867126572821,0.513350112263303,-0.205302149360062,-0.47301746025234,0.485956378379745
7,21,201,30.4125812241143,1.61683654785156,1.46666666666667,1.5,3,2001,1.72571981166122,2.12152132060926,1.80193098688529,0.681709149664708,-0.393567572994226,38.6236815978536,1.2699902488786,38.1735750551871,1.73447738940661,1.51365719531592,1.41855882563617,1.16321666993813,0.450106542666582,-0.00875757774538322,0.607864125293342,0.383372161249116,-0.481507520273424
7,22,202,32.4602725223537,1.58746337890625,1.48333333333333,1.5,1,202,1.51093781278559,1.69115278123288,1.55785665486264,0.660848797196008,-0.575747222402473,39.1284120200091,1.20542463077177,39.4088774712748,1.74041999139571,1.42254250714314,1.41293822479243,1.26360712855851,-0.280465451265719,-0.229482178610126,0.268610274089737,0.144918430070209,-0.602758331362497
7,22,202,32.4602725223537,1.58746337890625,1.48333333333333,1.5,2,1102,1.68360743173118,0.6739890620956,1.2469109119854,1.56050400018337,-0.50467298166524,37.4983814931027,1.15520846189075,39.4088774712748,1.74041999139571,1.42254250714314,1.41293822479243,1.26360712855851,-1.91049597817214,-0.0568125596645317,-0.748553445047545,-0.166027312807022,0.296896871624869
7,22,202,32.4602725223537,1.58746337890625,1.48333333333333,1.5,3,2002,2.02671472967037,1.90248567810095,1.43404710752924,1.56946858829613,0.949139881707124,41.5998389007127,1.28156160340506,39.4088774712748,1.74041999139571,1.42254250714314,1.41293822479243,1.26360712855851,2.19096142943786,0.286294738274657,0.479943170957808,0.0211088827368133,0.305861459737628
7,23,203,34.5773705495876,1.55274963378906,1.5,1.5,1,203,2.32808562214567,2.04735082102234,1.85024955589494,1.14293174671086,-0.676034013687994,43.3626711984918,1.25407659718674,42.809764363171,1.98491383947103,1.92864884120745,1.67512456267659,1.52482218914021,0.552906835320769,0.343171782674636,0.11870197981489,0.175124993218351,-0.381890442429357
7,23,203,34.5773705495876,1.55274963378906,1.5,1.5,2,1103,1.63934728117308,1.28907188181974,1.80182140399649,2.40677070434183,0.0600770656283853,41.8192834344349,1.20944082125799,42.809764363171,1.98491383947103,1.92864884120745,1.67512456267659,1.52482218914021,-0.990480928736098,-0.345566558297952,-0.639576959387708,0.126696841319897,0.881948515201617
7,23,203,34.5773705495876,1.55274963378906,1.5,1.5,3,2003,1.98730861509435,2.44952382078026,1.37330272813834,1.02476411636795,-0.150064640692761,43.2473384565864,1.2507410994299,42.809764363171,1.98491383947103,1.92864884120745,1.67512456267659,1.52482218914021,0.437574093415336,0.0023947756233158,0.520874979572817,-0.301821834538248,-0.50005807277226
7,24,204,36.766227854774,1.5126953125,1.51666666666667,1.5,1,204,1.15902203657254,1.61197789240989,1.96275432801383,1.2698310006385,-0.0103369304836758,43.8981027549403,1.19397896701117,43.6098264188554,1.07176761315417,1.70181730697786,1.86634104282438,1.81907564859503,0.288276336084856,0.0872544234183688,-0.089839414567974,0.0964132851894524,-0.549244647956535
7,24,204,36.766227854774,1.5126953125,1.51666666666667,1.5,2,1104,1.35345969007553,2.06785085846937,2.15417215336092,2.0721905140037,-0.0741677461051487,45.1069309362238,1.22685773243846,43.6098264188554,1.07176761315417,1.70181730697786,1.86634104282438,1.81907564859503,1.49710451736838,0.281692076921355,0.36603355149151,0.287831110536547,0.253114865408673
7,24,204,36.766227854774,1.5126953125,1.51666666666667,1.5,3,2004,0.702821112814451,1.42562317005433,1.48209664709838,2.11520543114289,-0.390276604148949,41.8244455654022,1.1375778263304,43.6098264188554,1.07176761315417,1.70181730697786,1.86634104282438,1.81907564859503,-1.78538085345323,-0.368946500339724,-0.276194136923536,-0.384244395725999,0.296129782547862
7,25,205,39.0292767267848,1.46730041503906,1.53333333333333,1.5,1,205,1.94142814189365,0.45329315971488,1.52618856781264,1.68855918245953,-0.16099993853732,44.7012674698983,1.14532656556305,46.8440857749633,1.9891693544801,1.62641997703125,1.81596934774278,2.00633315674535,-2.14281830506499,-0.0477412125864547,-1.17312681731637,-0.289780779930145,-0.317773974285814
7,25,205,39.0292767267848,1.46730041503906,1.53333333333333,1.5,2,1105,2.03079377054473,1.85252650797239,1.89354960281447,1.85851537418676,-0.483754138459194,47.206172180484,1.2095067123826,46.8440857749633,1.9891693544801,1.62641997703125,1.81596934774278,2.00633315674535,0.362086405520706,0.0416244160646271,0.226106530941148,0.0775802550716833,-0.14781778255859
7,25,205,39.0292767267848,1.46730041503906,1.53333333333333,1.5,3,2005,1.99528615100193,2.57344026340647,2.02816987260125,2.47192491358975,-0.320339795889152,48.6248176745075,1.2458549517813,46.8440857749633,1.9891693544801,1.62641997703125,1.81596934774278,2.00633315674535,1.78073189954428,0.00611679652182762,0.94702028637522,0.212200524858462,0.465591756844404
7,26,206,41.369031897199,1.41656494140625,1.55,1.5,1,206,2.51351831238039,2.41690094684855,1.91083137195597,1.74307747100107,-0.304414875428241,51.2376224682207,1.23855019367011,50.8910573189144,2.47745810315121,1.95449111399968,1.95702588156826,2.29332755260131,0.346565149306244,0.0360602092291802,0.462409832848869,-0.0461945096122935,-0.550250081600236
7,26,206,41.369031897199,1.41656494140625,1.55,1.5,2,1106,2.21120232558971,1.38021276914141,2.0231231720387,2.40967407561032,-0.403301442776144,49.2720566974365,1.19103721885192,50.8910573189144,2.47745810315121,1.95449111399968,1.95702588156826,2.29332755260131,-1.61900062147792,-0.266255777561493,-0.574278344858271,0.0660972904704464,0.116346523009016
7,26,206,41.369031897199,1.41656494140625,1.55,1.5,3,2006,2.70765367148352,2.06635962600908,1.93712310071011,2.72723111119253,0.850351558014343,52.1634927910861,1.26093095242623,50.8910573189144,2.47745810315121,1.95449111399968,1.95702588156826,2.29332755260131,1.27243547217167,0.230195568332312,0.111868512009401,-0.0199027808581531,0.43390355859122
7,27,207,43.7880933347085,1.36048889160156,1.56666666666667,1.5,1,207,2.17547521519993,2.07784319366282,1.91860170725858,3.04561898881802,0.250986122849555,53.1319795527517,1.21338874352487,53.9898188313923,2.53945262115032,2.31917598728022,2.11277806110867,2.31374800435832,-0.857839278640597,-0.363977405950394,-0.2413327936174,-0.194176353850093,0.731870984459699
7,27,207,43.7880933347085,1.36048889160156,1.56666666666667,1.5,2,1107,2.94329821697678,1.66938606480065,2.48316073598951,2.45662689081126,-0.660682951214086,53.4718475178673,1.22115039604803,53.9898188313923,2.53945262115032,2.31917598728022,2.11277806110867,2.31374800435832,-0.517971313524995,0.403845595826458,-0.649789922479566,0.370382674880841,0.142878886452939
7,27,207,43.7880933347085,1.36048889160156,1.56666666666667,1.5,3,2007,2.49958443127426,3.21029870337718,1.93657174007792,1.43899813344568,0.242553657739408,55.3656294235579,1.26439918268084,53.9898188313923,2.53945262115032,2.31917598728022,2.11277806110867,2.31374800435832,1.3758105921656,-0.0398681898760627,0.891122716096965,-0.176206321030748,-0.874749870912638
7,28,208,46.2891491342386,1.299072265625,1.58333333333333,1.5,1,208,1.87478812884209,2.1042229516855,2.21226290045912,2.96020825866532,-0.184830267562334,55.1898848196354,1.19228557560185,56.2722186633191,2.01835998738181,2.42168120854613,2.38797863556332,2.47646183071795,-1.08233384368368,-0.14357185853972,-0.317458256860626,-0.175715735104204,0.483746427947372
7,28,208,46.2891491342386,1.299072265625,1.58333333333333,1.5,2,1108,2.79848793868303,2.88144339640273,2.97913819056064,1.66450321971206,0.0374311024155003,58.993010966962,1.27444578417033,56.2722186633191,2.01835998738181,2.42168120854613,2.38797863556332,2.47646183071795,2.72079230364285,0.780127951301219,0.459762187856607,0.591159554997316,-0.811958611005888
7,28,208,46.2891491342386,1.299072265625,1.58333333333333,1.5,3,2008,1.38180389462031,2.27937727755015,1.97253481567021,2.80467401377646,-0.0182682932055894,54.63376020336,1.18027142916198,56.2722186633191,2.01835998738181,2.42168120854613,2.38797863556332,2.47646183071795,-1.63845845995916,-0.636556092761499,-0.142303930995982,-0.415443819893113,0.328212183058515
7,29,209,48.8749785039976,1.23231506347656,1.6,1.5,1,209,2.82640994633474,1.49513035521341,2.45016270811813,2.08389057458368,0.83212571461607,59.2575844015606,1.21243192765218,59.4952492365438,2.95446441674218,2.0524801656893,2.22371398437913,2.48212590981109,-0.237664834983121,-0.128054470407442,-0.557349810475891,0.226448723739001,-0.398235335227413
7,29,209,48.8749785039976,1.23231506347656,1.6,1.5,2,1109,3.07281897075681,2.43875626431371,1.82370358277389,2.62367548343153,-0.403035127668076,58.8961898783925,1.20503766305647,59.4952492365438,2.95446441674218,2.0524801656893,2.22371398437913,2.48212590981109,-0.599059358151258,0.118354554014628,0.386276098624416,-0.400010401605243,0.141549573620441
7,29,209,48.8749785039976,1.23231506347656,1.6,1.5,3,2009,2.96416433313499,2.22355387754077,2.39727566224537,2.73881167141806,0.650610869904998,60.3319734296781,1.23441432152739,59.4952492365438,2.95446441674218,2.0524801656893,2.22371398437913,2.48212590981109,0.83672419313438,0.00969991639281442,0.171073711851475,0.173561677866241,0.256685761606972
7,30,210,51.5484548537714,1.16021728515625,1.61666666666667,1.5,1,210,2.08862846807744,2.33021219026974,2.67130990640291,2.97203954721886,0.117083818262674,61.8629427568407,1.20009305676239,61.5294599506598,2.28948793765808,2.50471141881262,2.24230002594151,2.94267671859669,0.333482806180861,-0.200859469580646,-0.174499228542884,0.429009880461398,0.0293628286221734
7,30,210,51.5484548537714,1.16021728515625,1.61666666666667,1.5,2,1110,2.33175170363473,2.73145972796622,1.87227378169766,2.90199028032379,-0.348507614438227,61.1295564366746,1.18586593157995,61.5294599506598,2.28948793765808,2.50471141881262,2.24230002594151,2.94267671859669,-0.399903513985237,0.0422637659766472,0.226748309153603,-0.370026244243852,-0.0406864382729042
7,30,210,51.5484548537714,1.16021728515625,1.61666666666667,1.5,3,2010,2.44808364126208,2.4524623382019,2.18331638972396,2.95400032824742,-0.0326718494200525,61.5958806584642,1.19491225941097,61.5294599506598,2.28948793765808,2.50471141881262,2.24230002594151,2.94267671859669,0.0664207078043759,0.158595703603998,-0.0522490806107196,-0.0589836362175467,0.0113236096507303
8,1,211,1.01685340540722,1.0908203125,1.15,1.5,1,211,0.315995143827562,0.0199340441893342,-0.408541881694751,0.0589486799707063,-0.726165832671154,0.0454928225501396,0.0447388210613515,0.356421870317402,0.258864534016741,-0.095370457558862,-0.304129460035043,-0.0127748521038156,-0.310929047767262,0.0571306098108204,0.115304501748196,-0.104412421659708,0.0717235320745218
8,1,211,1.01685340540722,1.0908203125,1.15,1.5,2,1111,0.295537121977356,-0.417567563192443,-0.214170567489818,0.143319168613174,0.517613228991853,1.05538598124373,1.03789393400426,0.356421870317402,0.258864534016741,-0.095370457558862,-0.304129460035043,-0.0127748521038156,0.698964110926329,0.0366725879606148,-0.322197105633581,0.0899588925452254,0.156094020716989
8,1,211,1.01685340540722,1.0908203125,1.15,1.5,3,2011,0.165061336245306,0.111522146326523,-0.289675930920561,-0.240592404895327,-0.92225542852832,-0.0316131928416646,-0.0310892333875839,0.356421870317402,0.258864534016741,-0.095370457558862,-0.304129460035043,-0.0127748521038156,-0.388035063159066,-0.0938031977714352,0.206892603885385,0.0144535291144826,-0.227817552791511
8,2,212,2.06817317241739,1.17578125,1.16666666666667,1.5,1,212,0.570861646651057,0.0666202836906127,0.672795257728281,-0.462679601390512,0.44210894008297,4.26840708387494,2.06385381108381,2.9832792014818,0.198475267436845,-0.0523342339387708,0.244659845485319,0.428166941252769,1.28512788239313,0.372386379214212,0.118954517629384,0.428135412242962,-0.89084654264328
8,2,212,2.06817317241739,1.17578125,1.16666666666667,1.5,2,1112,-0.713831717553072,-0.0143169634145027,0.409445713189252,0.0312609922073963,0.12955630448929,1.95588497355278,0.94570657797801,2.9832792014818,0.198475267436845,-0.0523342339387708,0.244659845485319,0.428166941252769,-1.02739422792903,-0.912306984989917,0.0380172705242682,0.164785867703934,-0.396905949045373
8,2,212,2.06817317241739,1.17578125,1.16666666666667,1.5,3,2012,0.738395873212549,-0.209306022092423,-0.348261434461577,1.71591943294142,0.555762862599806,2.7255455470177,1.31785170766524,2.9832792014818,0.198475267436845,-0.0523342339387708,0.244659845485319,0.428166941252769,-0.257733654464106,0.539920605775704,-0.156971788153652,-0.592921279946896,1.28775249168865
8,3,213,3.15512754226943,1.2548828125,1.18333333333333,1.5,1,213,0.330850518882728,0.23992455737972,0.0482130947149507,0.843411988177984,-0.292697008216582,3.63383953201059,1.15172508348009,3.24955983686505,0.188669116464484,0.244793149609761,-0.236242564395152,0.920343052507796,0.384279695145535,0.142181402418244,-0.00486859223004082,0.284455659110103,-0.0769310643298119
8,3,213,3.15512754226943,1.2548828125,1.18333333333333,1.5,2,1113,-0.243406587204186,1.07355473943086,-0.0103169931483304,0.982333005011193,-0.500842052422347,3.60373636571929,1.14218405355721,3.24955983686505,0.188669116464484,0.244793149609761,-0.236242564395152,0.920343052507796,0.354176528854243,-0.43207570366867,0.828761589821102,0.225925571246821,0.0619899525033967
8,3,213,3.15512754226943,1.2548828125,1.18333333333333,1.5,3,2013,0.478563417714911,-0.5790998479813,-0.746623794752076,0.935284164334211,0.560638908586794,2.51110361286527,0.795880223294896,3.24955983686505,0.188669116464484,0.244793149609761,-0.236242564395152,0.920343052507796,-0.738456223999779,0.289894301250426,-0.823892997591061,-0.510381230356924,0.0149411118264152
8,4,214,4.27892435387168,1.328125,1.2,1.5,1,214,-0.152844204872289,-0.316012999609175,0.813937003311755,0.374239386009235,-0.17072855374586,4.74688949596643,1.1093651355793,5.43449402908455,0.254630074312313,0.159514445918568,0.681728293210338,0.425715781981748,-0.687604533118116,-0.407474279184603,-0.475527445527742,0.132208710101417,-0.0514763959725138
8,4,214,4.27892435387168,1.328125,1.2,1.5,2,1114,0.629559441002723,0.399914266956127,1.10012232749251,0.918638985273891,-0.164760221401486,7.08037837663805,1.65470987357641,5.43449402908455,0.254630074312313,0.159514445918568,0.681728293210338,0.425715781981748,1.6458843475535,0.37492936669041,0.24039982103756,0.418394034282168,0.492923203292143
8,4,214,4.27892435387168,1.328125,1.2,1.5,3,2014,0.287174986806506,0.39464207040875,0.131125548826753,-0.0157310253378805,-0.854373226305532,4.47621421464917,1.04610734952558,5.43449402908455,0.254630074312313,0.159514445918568,0.681728293210338,0.425715781981748,-0.958279814435381,0.0325449124941929,0.235127624490183,-0.550602744383585,-0.441446807319629
8,5,215,5.44081238596938,1.3955078125,1.21666666666667,1.5,1,215,0.627262222279665,0.205505283578838,-0.256034191970811,0.265988132653067,-0.588010999013823,5.59413085903097,1.02817933466277,6.94674630824372,0.413005804482171,0.0805935740016312,0.405320690666414,0.588530288824957,-1.35261544921275,0.214256417797494,0.124911709577207,-0.661354882637226,-0.322542156171889
8,5,215,5.44081238596938,1.3955078125,1.21666666666667,1.5,2,1115,0.447918202963741,-0.142172993338481,0.861980813765466,0.305417728464605,0.024545311787642,7.21042512810693,1.32524788884487,6.94674630824372,0.413005804482171,0.0805935740016312,0.405320690666414,0.588530288824957,0.263678819863206,0.03491239848157,-0.222766567340112,0.456660123099052,-0.283112560360352
8,5,215,5.44081238596938,1.3955078125,1.21666666666667,1.5,3,2015,0.163836988203107,0.178448431764536,0.610015450204588,1.1941850053572,1.23409932065624,8.03568293759326,1.47692704095357,6.94674630824372,0.413005804482171,0.0805935740016312,0.405320690666414,0.588530288824957,1.08893662934954,-0.249168816279064,0.0978548577629048,0.204694759538174,0.605654716532241
8,6,216,6.6420827448051,1.45703125,1.23333333333333,1.5,1,216,0.170750115133738,0.486152330738647,1.02064439313091,-0.0938565145310508,-0.390540064768514,8.63088539800156,1.2994245524496,7.72102743423454,0.247212430624562,-0.0284573439492485,0.683790931085732,0.455478982574504,0.909857963767022,-0.0764623154908235,0.514609674687896,0.336853462045175,-0.549335497105555
8,6,216,6.6420827448051,1.45703125,1.23333333333333,1.5,2,1116,0.143500849659766,-0.766035123828819,0.388264501845255,0.614437623594154,-0.534358804769089,5.95442926243751,0.896470202376594,7.72102743423454,0.247212430624562,-0.0284573439492485,0.683790931085732,0.455478982574504,-1.76659817179703,-0.103711580964796,-0.73757777987957,-0.295526429240477,0.15895864101965
8,6,216,6.6420827448051,1.45703125,1.23333333333333,1.5,3,2016,0.427386327080181,0.194510761242426,0.642463898281034,0.845855838660409,0.10937721012703,8.57776764226455,1.29142739887927,7.72102743423454,0.247212430624562,-0.0284573439492485,0.683790931085732,0.455478982574504,0.856740208030008,0.180173896455619,0.222968105191674,-0.0413270328046976,0.390376856085905
8,7,217,7.88407029881404,1.5126953125,1.25,1.5,1,217,0.213884245455461,1.02193078411645,0.0553283767901993,0.677545436761453,0.223018136354,9.79103617601698,1.24187580842472,9.6716346564161,0.129617437438382,0.758314445931525,0.396017520126037,0.433641864527827,0.119401519600876,0.084266808017079,0.263616338184922,-0.340689143335838,0.243903572233625
8,7,217,7.88407029881404,1.5126953125,1.25,1.5,2,1117,-0.380889565668326,0.949653789685822,0.656009005566166,0.0530734061741924,0.0682928725633608,9.54727405626729,1.2109574996691,9.6716346564161,0.129617437438382,0.758314445931525,0.396017520126037,0.433641864527827,-0.124360600148808,-0.510507003106708,0.191339343754297,0.259991485440129,-0.380568458353635
8,7,217,7.88407029881404,1.5126953125,1.25,1.5,3,2017,0.555857632528011,0.303358763992307,0.476715178021746,0.570306750647837,-0.142591019015484,9.67659373696403,1.22736015410969,9.6716346564161,0.129617437438382,0.758314445931525,0.396017520126037,0.433641864527827,0.00495908054793226,0.426240195089629,-0.454955681939218,0.0806976578957089,0.136664886120009
8,8,218,9.16815516194857,1.5625,1.26666666666667,1.5,1,218,0.535984405680305,0.242417911016395,0.783410159076417,0.427984351911226,-0.522265345489125,10.965543376237,1.1960468799381,10.5032149814887,0.423042711854874,0.450743518614504,0.268117529593557,0.313796601483525,0.462328394748235,0.112941693825431,-0.20832560759811,0.51529262948286,0.114187750427701
8,8,218,9.16815516194857,1.5625,1.26666666666667,1.5,2,1118,0.186093530387718,0.312389260488221,1.03415212576376,0.550711252966277,0.148342383615764,11.5541899387259,1.26025244279027,10.5032149814887,0.423042711854874,0.450743518614504,0.268117529593557,0.313796601483525,1.05097495723713,-0.236949181467156,-0.138354258126283,0.766034596170208,0.236914651482753
8,8,218,9.16815516194857,1.5625,1.26666666666667,1.5,3,2018,0.547050199496599,0.797423384338897,-1.01320969605951,-0.0373058004269297,-0.523264545231958,8.98991162950338,0.980558407957037,10.5032149814887,0.423042711854874,0.450743518614504,0.268117529593557,0.313796601483525,-1.51330335198536,0.124007487641725,0.346679865724393,-1.28132722565307,-0.351102401910454
8,9,219,10.4957642272801,1.6064453125,1.28333333333333,1.5,1,219,-0.170664861140032,1.05684620541271,0.37104881171284,1.04220610259932,-0.327288120356714,11.8071715219188,1.12494633704043,11.6153502291863,0.193228834450558,0.719800180990212,-0.226404085553972,1.08263826733595,0.1918212927325,-0.36389369559059,0.337046024422502,0.597452897266812,-0.0404321647366312
8,9,219,10.4957642272801,1.6064453125,1.28333333333333,1.5,2,1119,0.574548229710843,0.547459242652318,-0.626520412171283,0.747536968563521,0.566244454108108,11.7477810682926,1.11928782067706,11.6153502291863,0.193228834450558,0.719800180990212,-0.226404085553972,1.08263826733595,0.132430839106323,0.381319395260285,-0.172340938337893,-0.400116326617311,-0.335101298772431
8,9,219,10.4957642272801,1.6064453125,1.28333333333333,1.5,3,2019,0.175803134780863,0.555095094905603,-0.423740656203473,1.45817173084501,0.436154694118829,11.2910980973474,1.07577665168965,11.6153502291863,0.193228834450558,0.719800180990212,-0.226404085553972,1.08263826733595,-0.324252131838826,-0.0174256996696947,-0.164705086084608,-0.197336570649501,0.375533463509062
8,10,220,11.8683727525827,1.64453125,1.3,1.5,1,220,1.28001564347505,0.686087952388987,0.567585596603652,1.04979208468698,0.170449318552906,15.8871405303303,1.33861152337612,15.3082668540239,0.761855209318025,0.717609366005393,0.886307091746728,0.57445017388626,0.578873676306435,0.518160434157028,-0.0315214136164064,-0.318721495143076,0.475341910800717
8,10,220,11.8683727525827,1.64453125,1.3,1.5,2,1120,0.398951293077552,0.603205020833764,0.902829952851857,0.657403283723677,0.169645815077279,14.8325178927156,1.2497516046998,15.3082668540239,0.761855209318025,0.717609366005393,0.886307091746728,0.57445017388626,-0.475748961308316,-0.362903916240473,-0.114404345171629,0.016522861105129,0.0829531098374163
8,10,220,11.8683727525827,1.64453125,1.3,1.5,3,2020,0.606598691401469,0.863535124793429,1.18850572578467,0.0161551532481267,-0.566155368684195,15.2051421390258,1.28114801043108,15.3082668540239,0.761855209318025,0.717609366005393,0.886307091746728,0.57445017388626,-0.10312471499812,-0.155256517916556,0.145925758788036,0.302198634037947,-0.558295020638134
8,11,221,13.2875059996601,1.6767578125,1.31666666666667,1.5,1,221,0.231800457372867,0.0953423106831164,0.167267933627249,0.670224922862016,-0.272901846117671,13.7797133242238,1.03704286753107,15.5751979825132,0.363777668915424,0.58910648183836,0.425924892576743,0.481461283116004,-1.79548465828944,-0.131977211542557,-0.493764171155243,-0.258656958949494,0.188763639746012
8,11,221,13.2875059996601,1.6767578125,1.31666666666667,1.5,2,1121,-0.0991656885342169,0.373071643568594,0.740550926517199,0.683990834616225,-0.0687772315363155,14.6544893122832,1.10287734302119,15.5751979825132,0.363777668915424,0.58910648183836,0.425924892576743,0.481461283116004,-0.920708670229997,-0.46294335744964,-0.216034838269765,0.314626033940456,0.202529551500221
8,11,221,13.2875059996601,1.6767578125,1.31666666666667,1.5,3,2021,0.95869823790762,1.29890549126337,0.369955817585782,0.0901680918697706,1.13122126125551,18.2913913110326,1.37658574238842,15.5751979825132,0.363777668915424,0.58910648183836,0.425924892576743,0.481461283116004,2.71619332851943,0.594920568992197,0.709799009425008,-0.0559690749909612,-0.391293191246233
8,12,222,14.7547409292381,1.703125,1.33333333333333,1.5,1,222,0.0864826223545021,-0.185986194855504,2.03958349768031,0.510278828898851,0.953876182331057,18.6673014811465,1.26517311084434,17.8635100121635,0.300139242084331,0.545873087688819,1.24544399358231,0.643397419675263,0.803791468983007,-0.213656619729828,-0.731859282544323,0.794139504097997,-0.133118590776413
8,12,222,14.7547409292381,1.703125,1.33333333333333,1.5,2,1122,0.0656939661140914,0.89374059292436,0.794870479318862,0.176473027545865,0.432238390357598,17.6828241985112,1.19845033425635,17.8635100121635,0.300139242084331,0.545873087688819,1.24544399358231,0.643397419675263,-0.180685813652254,-0.234445275970239,0.347867505235541,-0.45057351426345,-0.466924392129398
8,12,222,14.7547409292381,1.703125,1.33333333333333,1.5,3,2022,0.748241137784398,0.929864864997601,0.901878003747765,1.24344040258107,-1.3813215858129,17.2404043568327,1.16846540644228,17.8635100121635,0.300139242084331,0.545873087688819,1.24544399358231,0.643397419675263,-0.62310565533075,0.448101895700068,0.383991777308782,-0.343565989834548,0.600042982905811
8,13,223,16.2717079533052,1.7236328125,1.35,1.5,1,223,1.26029577790148,1.05563947996077,0.909906144551949,1.2869595873452,-0.282547509486689,20.9514201148397,1.28759809203581,20.2239311945004,1.02082568074754,0.785840864274689,0.856525975481421,0.917095818836647,0.727488920339368,0.239470097153945,0.26979861568608,0.0533801690705276,0.369863768508554
8,13,223,16.2717079533052,1.7236328125,1.35,1.5,2,1123,1.11403392852691,0.438338611627777,0.486240684580205,1.25429075283799,-0.573815560121912,18.9391959791984,1.16393411395706,20.2239311945004,1.02082568074754,0.785840864274689,0.856525975481421,0.917095818836647,-1.28473521530196,0.0932082477793725,-0.347502252646912,-0.370285290901216,0.337194934001339
8,13,223,16.2717079533052,1.7236328125,1.35,1.5,3,2023,0.688147335814222,0.863544501235521,1.17343109731211,0.210037116326755,0.397424485677736,20.7811774894629,1.27713559935432,20.2239311945004,1.02082568074754,0.785840864274689,0.856525975481421,0.917095818836647,0.557246294962589,-0.332678344933317,0.077703636960832,0.316905121830689,-0.707058702509892
8,14,224,17.8400927468495,1.73828125,1.36666666666667,1.5,1,224,0.45181630669829,0.827806037510324,0.934528055075085,0.981544879718506,-0.252143898355426,20.9064596634153,1.17188066004351,22.0320184804149,1.21126010709926,0.61333886239319,1.09101966389437,0.694943513855997,-1.12555881699953,-0.759443800400972,0.214467175117134,-0.156491608819289,0.286601365862509
8,14,224,17.8400927468495,1.73828125,1.36666666666667,1.5,2,1124,1.44959544765736,0.170835175837698,1.19823529775428,0.469008405891196,-0.29946186012168,22.0912631604189,1.23829306685192,22.0320184804149,1.21126010709926,0.61333886239319,1.09101966389437,0.694943513855997,0.0592446800040172,0.238335340558098,-0.442503686555492,0.10721563385991,-0.225935107964801
8,14,224,17.8400927468495,1.73828125,1.36666666666667,1.5,3,2024,1.73236856694214,0.841375373831548,1.14029563885375,0.634277255958289,-0.613427063294386,23.0983326174104,1.29474285504987,22.0320184804149,1.21126010709926,0.61333886239319,1.09101966389437,0.694943513855997,1.06631413699552,0.521108459842874,0.228036511438358,0.0492759749593783,-0.0606662578977081
8,15,225,19.4616381210038,1.7470703125,1.38333333333333,1.5,1,225,0.764772182960344,0.537152562034169,1.09225179773176,1.44632728807438,-0.159705056419389,23.0194825820052,1.18281320610733,24.4136206072641,1.03293834455634,1.24618531463757,1.12672513083301,1.12978289666063,-1.39413802525887,-0.268166161595994,-0.709032752603399,-0.0344733331012517,0.316544391413751
8,15,225,19.4616381210038,1.7470703125,1.38333333333333,1.5,2,1125,1.45302086009184,2.62207308923107,0.760140151570821,0.449814367674056,0.0264617658978365,26.7940408291372,1.37676184617881,24.4136206072641,1.03293834455634,1.24618531463757,1.12672513083301,1.12978289666063,2.38042022187316,0.420082515535497,1.3758877745935,-0.366584979262193,-0.679968528986571
8,15,225,19.4616381210038,1.7470703125,1.38333333333333,1.5,3,2025,0.881021990616835,0.579330292647463,1.52778344319646,1.49320703423345,-0.66658914444407,23.4273384106498,1.20377011765346,24.4136206072641,1.03293834455634,1.24618531463757,1.12672513083301,1.12978289666063,-0.98628219661429,-0.151916353939503,-0.666855021990106,0.401058312363445,0.36342413757282
8,16,226,21.1381459596826,1.75,1.4,1.5,1,226,1.03659271831383,1.09947718111761,1.40207449655472,0.622380729550657,-0.0751306981949619,26.5194323169336,1.2545770271203,26.8467017878985,1.01730698001682,1.39223810940846,1.50700315382845,0.810352782086864,-0.327269470964925,0.0192857382970029,-0.292760928290845,-0.104928657273731,-0.187972052536207
8,16,226,21.1381459596826,1.75,1.4,1.5,2,1126,0.851546316440335,1.76254771201537,1.31737673690078,0.819158902524783,-0.275426706224531,26.7965572094013,1.26768720683977,26.8467017878985,1.01730698001682,1.39223810940846,1.50700315382845,0.810352782086864,-0.0501445784971466,-0.165760663576489,0.370309602606917,-0.18962641692767,0.00880612043791917
8,16,226,21.1381459596826,1.75,1.4,1.5,3,2026,1.16378190529631,1.31468943509238,1.80155822802985,0.989518714185152,-0.493551007764689,27.2241158373606,1.28791408145662,26.8467017878985,1.01730698001682,1.39223810940846,1.50700315382845,0.810352782086864,0.377414049462075,0.146474925279487,-0.0775486743160718,0.294555074201401,0.179165932098288
8,17,227,22.8714792218598,1.7470703125,1.41666666666667,1.5,1,227,1.21536878844141,1.86069621163875,1.35404675991668,0.809686479009277,-0.527149156710584,29.1347212338708,1.27384507802298,28.8419860046044,0.978984814207815,1.33134234937921,1.44072415617656,1.57837085517501,0.292735229266405,0.236383974233597,0.529353862259549,-0.0866773962598797,-0.768684376165728
8,17,227,22.8714792218598,1.7470703125,1.41666666666667,1.5,2,1127,0.622462366495991,0.644403952457809,1.6600282835301,1.8583277042832,0.729639222952585,28.0915519905764,1.22823503097812,28.8419860046044,0.978984814207815,1.33134234937921,1.44072415617656,1.57837085517501,-0.750434014028084,-0.356522447711824,-0.686938396921396,0.219304127353535,0.279956849108191
8,17,227,22.8714792218598,1.7470703125,1.41666666666667,1.5,3,2027,1.09912328768604,1.48892688404105,1.30809742508291,2.06709838223254,0.436500678463507,29.2996847893661,1.28105770969822,28.8419860046044,0.978984814207815,1.33134234937921,1.44072415617656,1.57837085517501,0.457698784761678,0.120138473478226,0.157584534661847,-0.132626731093656,0.488727527057537
8,18,228,24.6635640117153,1.73828125,1.43333333333333,1.5,1,228,1.28193389253604,0.91317058563007,1.19377644925534,1.79125926315687,-0.711161573801573,29.2803066003347,1.18718878530396,31.3343302470333,1.57329158615807,1.37721598781754,1.17241045749838,1.36664413888826,-2.05402364669856,-0.29135769362203,-0.464045402187473,0.0213659917569609,0.424615124268607
8,18,228,24.6635640117153,1.73828125,1.43333333333333,1.5,2,1128,1.42316010062785,1.6141480429128,0.876601526480141,1.06834925843199,1.1203835383732,31.8863145533199,1.29285104691981,31.3343302470333,1.57329158615807,1.37721598781754,1.17241045749838,1.36664413888826,0.551984306286588,-0.150131485530223,0.236932055095255,-0.295808931018235,-0.298294880456277
8,18,228,24.6635640117153,1.73828125,1.43333333333333,1.5,3,2028,2.01478076531033,1.60432933490976,1.44685339675965,1.24032389507593,0.200731140020262,32.8363695874452,1.33137163679377,31.3343302470333,1.57329158615807,1.37721598781754,1.17241045749838,1.36664413888826,1.50203934041197,0.441489179152253,0.227113347092218,0.274442939261274,-0.12632024381233
8,19,229,26.5163917189489,1.7236328125,1.45,1.5,1,229,1.40903442960142,1.20533533669139,0.915126723148081,1.70643266906728,-0.0677826054988483,31.9976934131779,1.20671370947926,31.7926191474472,0.92303767542602,1.38762324979123,1.31207923929216,1.34080524353539,0.205074265730737,0.485996754175405,-0.182287913099848,-0.39695251614408,0.365627425531892
8,19,229,26.5163917189489,1.7236328125,1.45,1.5,2,1129,0.835642140384701,0.928309940184658,1.76832402677515,1.06842825108917,-0.65995284870388,31.2953145363503,1.18022523079512,31.7926191474472,0.92303767542602,1.38762324979123,1.31207923929216,1.34080524353539,-0.497304611096883,-0.0873955350413185,-0.459313309606576,0.456244787482989,-0.272376992446224
8,19,229,26.5163917189489,1.7236328125,1.45,1.5,3,2029,0.524436456291933,2.02922447249766,1.25278696795325,1.24755481044972,-0.157034047323046,32.0848494928133,1.21000058503002,31.7926191474472,0.92303767542602,1.38762324979123,1.31207923929216,1.34080524353539,0.29223034536615,-0.398601219134087,0.641601222706424,-0.059292271338909,-0.0932504330856683
8,20,230,28.4320212316403,1.703125,1.46666666666667,1.5,1,230,2.15975661328135,1.83489354274696,1.39717038587119,1.4943407522485,0.419760745044869,37.3170502335156,1.312500786683,35.1693802409141,1.45667559783074,1.58141444975651,1.12101122137298,1.52755318915613,2.14766999260152,0.703081015450607,0.253479092990445,0.276159164498213,-0.0332124369076323
8,20,230,28.4320212316403,1.703125,1.46666666666667,1.5,2,1130,1.39557794731215,1.30308185441452,1.07747204656975,1.0252517542863,0.598662335672976,34.9349220484918,1.22871750002827,35.1693802409141,1.45667559783074,1.58141444975651,1.12101122137298,1.52755318915613,-0.234458192422224,-0.0610976505185916,-0.278332595341994,-0.0435391748032252,-0.50230143486983
8,20,230,28.4320212316403,1.703125,1.46666666666667,1.5,3,2030,0.814692232898729,1.60626795210806,0.888391231677991,2.0630670609336,-0.251822010669944,33.2561684407348,1.16967303062246,35.1693802409141,1.45667559783074,1.58141444975651,1.12101122137298,1.52755318915613,-1.91321180017929,-0.641983364932016,0.0248535023515488,-0.232619989694988,0.535513871777463
8,21,231,30.4125812241143,1.6767578125,1.48333333333333,1.5,1,231,0.747624294460391,1.75226930517803,0.750612647255423,1.95793992032359,-0.44164557162459,34.9496389692715,1.14918358003627,36.9690046885703,1.22300063624294,1.62832778057264,1.44488068363236,1.24900708083537,-2.0193657192988,-0.475376341782549,0.123941524605383,-0.694268036376935,0.708932839488215
8,21,231,30.4125812241143,1.6767578125,1.48333333333333,1.5,2,1131,1.61783306645882,1.22563529305407,1.88247450056958,0.775664450911153,-0.104441861682934,37.6625910314883,1.23838850618919,36.9690046885703,1.22300063624294,1.62832778057264,1.44488068363236,1.24900708083537,0.69358634291796,0.394832430215877,-0.40269248751857,0.437593816937225,-0.473342629924219
8,21,231,30.4125812241143,1.6767578125,1.48333333333333,1.5,3,2031,1.30354454780961,1.90707874348583,1.70155490307207,1.01341687127138,0.315308512243201,38.2947840649511,1.25917572674124,36.9690046885703,1.22300063624294,1.62832778057264,1.44488068363236,1.24900708083537,1.32577937638083,0.0805439115666717,0.278750962913187,0.25667421943971,-0.235590209563995
8,22,232,32.4602725223537,1.64453125,1.5,1.5,1,232,2.30847714396344,1.84512208538203,1.97135982844933,2.17220174465335,-0.0462789732820703,41.9350792229773,1.29188931467223,41.5247735200744,1.95937065784281,1.92064682094354,1.93149264052367,1.61234007941208,0.410305702902875,0.349106486120637,-0.0755247355615052,0.0398671879256591,0.55986166524127
8,22,232,32.4602725223537,1.64453125,1.5,1.5,2,1132,2.95918330966518,1.82847969088258,1.85844768054668,1.01805476313626,-0.317291409812974,42.5398415969074,1.31052016176428,41.5247735200744,1.95937065784281,1.92064682094354,1.93149264052367,1.61234007941208,1.01506807683302,0.999812651822374,-0.092167130060955,-0.0730449599769862,-0.594285316275816
8,22,232,32.4602725223537,1.64453125,1.5,1.5,3,2032,0.610451519899796,2.088338686566,1.96467041257499,1.64676373044662,0.555706968188123,40.0993997403385,1.23533774131823,41.5247735200744,1.95937065784281,1.92064682094354,1.93149264052367,1.61234007941208,-1.42537377973589,-1.34891913794301,0.16769186562246,0.0331777720513271,0.0344236510345464
8,23,233,34.5773705495876,1.6064453125,1.51666666666667,1.5,1,233,1.57543004848025,2.08487624989176,2.19944967931937,1.34168055897508,-0.838672825787626,42.7307767716676,1.23580180020881,42.0505562745831,1.59756486741715,1.58207894335817,1.86952875782239,1.75203374461579,0.680220497084512,-0.0221348189368984,0.502797306533589,0.329920921496982,-0.410353185640716
8,23,233,34.5773705495876,1.6064453125,1.51666666666667,1.5,2,1133,0.83118783973483,1.33313528043939,1.6294236304644,1.60034700070908,-0.222343470080473,40.1563421761525,1.16134748067566,42.0505562745831,1.59756486741715,1.58207894335817,1.86952875782239,1.75203374461579,-1.89421409843062,-0.766377027682317,-0.24894366291878,-0.240105127357993,-0.15168674390671
8,23,233,34.5773705495876,1.6064453125,1.51666666666667,1.5,3,2033,2.38607671403636,1.32822529974336,1.7797129636834,2.31407367416322,0.170033090343275,43.2645498759292,1.251238864849,42.0505562745831,1.59756486741715,1.58207894335817,1.86952875782239,1.75203374461579,1.2139936013461,0.788511846619215,-0.25385364361481,-0.0898157941389892,0.562039929547425
8,24,234,36.766227854774,1.5625,1.53333333333333,1.5,1,234,1.7492365735099,1.63533457425788,2.18635380091714,2.39540053413917,0.664149145339967,45.950602861461,1.24980465885609,44.3358676425103,1.86279780987327,1.42398007881495,1.52574481455455,2.00831852225227,1.61473521895068,-0.113561236363376,0.211354495442928,0.660608986362583,0.387082011886898
8,24,234,36.766227854774,1.5625,1.53333333333333,1.5,2,1134,2.21722637631553,1.75035229916352,0.743469955522315,1.40263840534224,0.313656967668354,44.3433794941029,1.20608999294838,44.3358676425103,1.86279780987327,1.42398007881495,1.52574481455455,2.00831852225227,0.00751185159260359,0.354428566442253,0.326372220348568,-0.782274859032239,-0.605680116910027
8,24,234,36.766227854774,1.5625,1.53333333333333,1.5,3,2034,1.6219304797944,0.886253363023456,1.64741068722421,2.2269166272754,-0.41691151162468,42.713620571967,1.16176238532506,44.3358676425103,1.86279780987327,1.42398007881495,1.52574481455455,2.00831852225227,-1.62224707054329,-0.240867330078877,-0.537726715791496,0.121665872669656,0.218598105023129
8,25,235,39.0292767267848,1.5126953125,1.55,1.5,1,235,2.3718966133287,1.9562193159336,2.61847721764533,2.2080799478483,-0.727182968010779,48.849906413656,1.25162212857846,48.4642910648325,2.32281085640363,1.48361652325926,2.56343445702805,2.02896276544116,0.385615348823485,0.04908575692507,0.472602792674344,0.0550427606172814,0.179117182407139
8,25,235,39.0292767267848,1.5126953125,1.55,1.5,2,1135,1.51507856284133,1.03914198420196,2.52402354631603,2.01395066060466,-0.452316107667474,46.2655182541837,1.18540547338488,48.4642910648325,2.32281085640363,1.48361652325926,2.56343445702805,2.02896276544116,-2.19877281064884,-0.8077322935623,-0.444474539057295,-0.0394109107120273,-0.0150121048364973
8,25,235,39.0292767267848,1.5126953125,1.55,1.5,3,2035,3.08145739304086,1.45548826964221,2.5478026071228,1.86485768787052,0.509154917122123,50.2774485266579,1.2881983152958,48.4642910648325,2.32281085640363,1.48361652325926,2.56343445702805,2.02896276544116,1.81315746182536,0.75864653663723,-0.0281282536170491,-0.0156318499052546,-0.164105077570642
8,26,236,41.369031897199,1.45703125,1.56666666666667,1.5,1,236,1.71652426318541,2.14591352919626,1.50602293956378,1.96094231956297,-0.311981135803389,49.1790458593265,1.18878889845755,48.9754823521417,1.85729735404304,2.00824908719036,1.40564806820247,1.98058346278497,0.203563507184761,-0.140773090857633,0.137664442005902,0.100374871361304,-0.0196411432219974
8,26,236,41.369031897199,1.45703125,1.56666666666667,1.5,2,1136,2.09047346009852,2.0948485471982,1.55634845813229,2.43086746492127,-0.149613889771546,49.8817552438956,1.20577526125945,48.9754823521417,1.85729735404304,2.00824908719036,1.40564806820247,1.98058346278497,0.906272891753893,0.233176106055482,0.0865994600078439,0.150700389929814,0.450284002136294
8,26,236,41.369031897199,1.45703125,1.56666666666667,1.5,3,2036,1.76489433884519,1.78398518517661,1.15457280691136,1.54994060387067,-0.601661482451903,47.8656459532031,1.15704051456046,48.9754823521417,1.85729735404304,2.00824908719036,1.40564806820247,1.98058346278497,-1.10983639893865,-0.0924030151978485,-0.224263902013745,-0.251075261291118,-0.430642858914297
8,27,237,43.7880933347085,1.3955078125,1.58333333333333,1.5,1,237,1.99923039934903,1.70993288976107,2.30732357623565,1.80912879460574,0.0581593773240925,52.8045734597868,1.2059116859955,53.2649015695004,2.32024249127484,1.59523139436095,2.24420958551473,2.05007589214262,-0.460328109713565,-0.321012091925808,0.114701495400116,0.0631139907209199,-0.240947097536877
8,27,237,43.7880933347085,1.3955078125,1.58333333333333,1.5,2,1137,1.86681358031835,1.33374681650721,2.3250019848453,2.16369163409327,0.462520444865592,52.4550354854605,1.19792919697378,53.2649015695004,2.32024249127484,1.59523139436095,2.24420958551473,2.05007589214262,-0.809866084039932,-0.453428910956493,-0.261484577853742,0.0807923993305639,0.113615741950648
8,27,237,43.7880933347085,1.3955078125,1.58333333333333,1.5,3,2037,3.09468349415714,1.74201447681458,2.10030319546325,2.17740724772885,0.519703053749683,54.5350957632539,1.24543207091474,53.2649015695004,2.32024249127484,1.59523139436095,2.24420958551473,2.05007589214262,1.27019419375349,0.774441002882301,0.146783082453626,-0.143906390051484,0.12733135558623
8,28,238,46.2891491342386,1.328125,1.6,1.5,1,238,2.00803373011013,2.74598282065102,2.4208395851996,2.25013015771785,-0.370555556347835,56.6103452665343,1.22297225862511,57.0864904121232,2.12445422059647,2.63831085855747,2.29048012683652,1.58913180924326,-0.476145145588823,-0.116420490486341,0.107671962093544,0.130359458363088,0.660998348474594
8,28,238,46.2891491342386,1.328125,1.6,1.5,2,1138,2.10037886017653,2.12284220020418,2.78838001114751,1.63356558210766,0.870257095608332,57.5280894405669,1.24279859354803,57.0864904121232,2.12445422059647,2.63831085855747,2.29048012683652,1.58913180924326,0.441599028443704,-0.0240753604199391,-0.515468658353296,0.497899884310996,0.0444337728644033
8,28,238,46.2891491342386,1.328125,1.6,1.5,3,2038,2.26495007150275,3.04610755481723,1.66222078416243,0.883699687904259,0.45664731736386,57.1210365292683,1.23400489310394,57.0864904121232,2.12445422059647,2.63831085855747,2.29048012683652,1.58913180924326,0.0345461171451262,0.14049585090628,0.407796696259752,-0.628259342674084,-0.705432121338997
8,29,239,48.8749785039976,1.2548828125,1.61666666666667,1.5,1,239,2.01994387610144,2.93219195895316,2.93976235495138,1.76241771779637,-0.845906417155607,59.713885471911,1.22176801503916,59.9943012827637,2.20333167333916,2.87688849156511,2.49609067794773,2.65417243001952,-0.280415810852702,-0.183387797237724,0.0553034673880521,0.443671677003652,-0.891754712223147
8,29,239,48.8749785039976,1.2548828125,1.61666666666667,1.5,2,1139,2.53157935402375,2.92396059133051,2.28550474470092,3.23272721125549,0.35578244253258,60.5629231060768,1.23913963667776,59.9943012827637,2.20333167333916,2.87688849156511,2.49609067794773,2.65417243001952,0.568621823313102,0.328247680684588,0.0470720997654026,-0.210585933246811,0.578554781235977
8,29,239,48.8749785039976,1.2548828125,1.61666666666667,1.5,3,2039,2.0584717898923,2.77451292441166,2.26300493419089,2.96737236100669,0.368005934735233,59.7060952703033,1.22160862465484,59.9943012827637,2.20333167333916,2.87688849156511,2.49609067794773,2.65417243001952,-0.2882060124604,-0.144859883446863,-0.102375567153455,-0.233085743756841,0.31319993098717
8,30,240,51.5484548537714,1.17578125,1.63333333333333,1.5,1,240,3.30305147959364,2.26473103748926,4.02114611432942,2.7519118099491,0.294117198959442,65.4570179162817,1.26981532428014,64.2479077441313,2.93751284613592,2.58916206896673,3.23102779289627,2.53102921902024,1.20911017215042,0.365538633457714,-0.324431031477467,0.790118321433158,0.220882590928861
8,30,240,51.5484548537714,1.17578125,1.63333333333333,1.5,2,1140,2.91046932746582,3.53384311381253,2.71181212763543,2.0042261835706,-0.426717526737505,64.3834745349819,1.24898941622246,64.2479077441313,2.93751284613592,2.58916206896673,3.23102779289627,2.53102921902024,0.135566790850618,-0.0270435186701032,0.944681044845802,-0.519215665260831,-0.52680303544964
8,30,240,51.5484548537714,1.17578125,1.63333333333333,1.5,3,2040,2.59901773134831,1.9689120555984,2.96012513672394,2.83694966354102,0.642822214525387,62.9032307811302,1.22027383671478,64.2479077441313,2.93751284613592,2.58916206896673,3.23102779289627,2.53102921902024,-1.34467696300102,-0.338495114787611,-0.620250013368335,-0.270902656172327,0.305920444520779
9,1,241,1.01685340540722,1.09791564941406,1.16666666666667,1.5,1,241,-0.469376737085456,0.642711754326964,0.235656082710836,0.616258497157772,0.2295902567826,1.83442210118717,1.80401825025362,1.98472171394134,-0.0920982209836571,0.157698347534395,0.437334090010847,0.318860425827839,-0.150299612754168,-0.377278516101799,0.485013406792569,-0.201678007300011,0.297398071329934
9,1,241,1.01685340540722,1.09791564941406,1.16666666666667,1.5,2,1141,0.46383540644035,0.100730888105737,0.111589200748257,0.106984932510093,-0.0137553929194567,1.79725333455004,1.7674655215717,1.98472171394134,-0.0920982209836571,0.157698347534395,0.437334090010847,0.318860425827839,-0.1874683793913,0.555933627424007,-0.056967459428658,-0.325744889262591,-0.211875493317745
9,1,241,1.01685340540722,1.09791564941406,1.16666666666667,1.5,3,2041,-0.270753332305865,-0.270347599829516,0.96475698657345,0.23333784781565,0.471170674623457,2.3224897060868,2.28399658567963,1.98472171394134,-0.0920982209836571,0.157698347534395,0.437334090010847,0.318860425827839,0.337767992145467,-0.178655111322208,-0.428045947363911,0.527422896562602,-0.0855225780121884
9,2,242,2.06817317241739,1.18951416015625,1.18333333333333,1.5,1,242,0.115738223669202,0.161368092737937,-0.363386171855016,0.0342432616515629,0.568301736162778,2.42002014979672,1.17012452442175,2.46122593378884,0.470839539721684,-0.13431433766539,-0.20263870778129,0.487578318503768,-0.0412057839921265,-0.355101316052482,0.295682430403327,-0.160747464073727,-0.453335056852205
9,2,242,2.06817317241739,1.18951416015625,1.18333333333333,1.5,2,1142,0.550683093254502,-0.151463984594533,-0.448390945829072,0.778420558169439,0.578301270298783,2.44970097938724,1.18447575476666,2.46122593378884,0.470839539721684,-0.13431433766539,-0.20263870778129,0.487578318503768,-0.0115249544016005,0.0798435535328175,-0.0171496469291428,-0.245752238047782,0.290842239665671
9,2,242,2.06817317241739,1.18951416015625,1.18333333333333,1.5,3,2042,0.746097302241349,-0.412847121139575,0.203860994340219,0.650071135690302,-0.258965537600447,2.51395667218257,1.21554457127211,2.46122593378884,0.470839539721684,-0.13431433766539,-0.20263870778129,0.487578318503768,0.0527307383937274,0.275257762519665,-0.278532783474185,0.406499702121509,0.162492817186534
9,3,243,3.15512754226943,1.27479553222656,1.2,1.5,1,243,0.588856542557491,0.528886287298723,1.43135428347082,-0.137744237448247,-0.0891407862579573,6.59835341555084,2.09131115213325,4.76257778085979,0.428121972974816,0.445118810393775,0.390732636701338,-0.34720481248794,1.83577563469105,0.160734569582675,0.0837674769049476,1.04062164676948,0.209460575039693
9,3,243,3.15512754226943,1.27479553222656,1.2,1.5,2,1143,0.999159793967726,0.435776034359754,0.00287587651412111,-0.512801551702021,-0.493084492456515,4.46301254714627,1.41452682573209,4.76257778085979,0.428121972974816,0.445118810393775,0.390732636701338,-0.34720481248794,-0.299565233713521,0.57103782099291,-0.00934277603402123,-0.387856760187217,-0.165596739214081
9,3,243,3.15512754226943,1.27479553222656,1.2,1.5,3,2043,-0.303650417600769,0.370694109522849,-0.262032249880926,-0.391068648313552,0.406547476723,3.22636737988227,1.02257906745716,4.76257778085979,0.428121972974816,0.445118810393775,0.390732636701338,-0.34720481248794,-1.53621040097752,-0.731772390575585,-0.0744247008709265,-0.652764886582264,-0.0438638358256119
9,4,244,4.27892435387168,1.353759765625,1.21666666666667,1.5,1,244,0.568089622706484,-0.0247818084650967,-0.402374411259616,0.53230046755348,-0.54524284434337,3.86902556682881,0.904205180287428,4.43753443841914,0.564693569365154,0.0479718696046173,-0.193590241869112,-0.00406742244704453,-0.568508871590326,0.00339605334133009,-0.072753678069714,-0.208784169390504,0.536367890000524
9,4,244,4.27892435387168,1.353759765625,1.21666666666667,1.5,2,1144,0.661909577478338,0.181614326791222,-0.195466558526605,-0.320978868920299,-0.710500791417358,4.39225437673242,1.02648563365188,4.43753443841914,0.564693569365154,0.0479718696046173,-0.193590241869112,-0.00406742244704453,-0.0452800616867153,0.0972160081131844,0.133642457186605,-0.00187631665749377,-0.316911446473255
9,4,244,4.27892435387168,1.353759765625,1.21666666666667,1.5,3,2044,0.464081507910639,-0.0129169095122738,0.0170702441788866,-0.223523865974314,0.134254351416095,5.05132337169618,1.18051242647597,4.43753443841914,0.564693569365154,0.0479718696046173,-0.193590241869112,-0.00406742244704453,0.61378893327704,-0.100612061454514,-0.0608887791168912,0.210660486047998,-0.219456443527269
9,5,245,5.44081238596938,1.42640686035156,1.23333333333333,1.5,1,245,-0.0462434297284811,0.350810944260951,0.404244761167193,0.891431356117701,0.686221484383625,7.10010589794807,1.30497164656102,6.3012231930231,0.301874074859218,0.345510476014657,-0.0231622185119377,1.0407371763819,0.798882704924977,-0.348117504587699,0.00530046824629482,0.427406979679131,-0.149305820264203
9,5,245,5.44081238596938,1.42640686035156,1.23333333333333,1.5,2,1145,-0.321215151928732,-0.154457199900108,0.153408852784499,1.0323786041818,0.0560008013592143,5.07824575693519,0.933361674082135,6.3012231930231,0.301874074859218,0.345510476014657,-0.0231622185119377,1.0407371763819,-1.2229774360879,-0.623089226787949,-0.499967675914764,0.176571071296436,-0.00835857220010339
9,5,245,5.44081238596938,1.42640686035156,1.23333333333333,1.5,3,2045,1.27308080623487,0.840177683683126,-0.627140269487505,1.19840156884621,-0.626934396556595,6.72531792418602,1.23608708536414,6.3012231930231,0.301874074859218,0.345510476014657,-0.0231622185119377,1.0407371763819,0.424094731162926,0.971206731375648,0.49466720766847,-0.603978050975567,0.157664392464306
9,6,246,6.6420827448051,1.49273681640625,1.25,1.5,1,246,0.786480134848624,0.213035695326614,0.701703488959495,0.828142125258412,0.0419373813721873,9.17687783143549,1.38162654456735,7.20885614050197,0.167181041070845,0.423830225362544,-0.233761093523574,1.0805168705478,1.96802169093352,0.619299093777779,-0.21079453003593,0.935464582483068,-0.252374745289392
9,6,246,6.6420827448051,1.49273681640625,1.25,1.5,2,1146,-0.203792064454057,-0.047118121505024,0.0768429400668617,1.04878475177015,0.683068535548597,7.0773101210707,1.0655257383847,7.20885614050197,0.167181041070845,0.423830225362544,-0.233761093523574,1.0805168705478,-0.131546019431271,-0.370973105524902,-0.470948346867568,0.310604033590435,-0.0317321187776511
9,6,246,6.6420827448051,1.49273681640625,1.25,1.5,3,2046,-0.0811449471820315,1.10557310226604,-1.47982970959708,1.36462373461485,-0.310796039118352,5.37238046899972,0.808839738288651,7.20885614050197,0.167181041070845,0.423830225362544,-0.233761093523574,1.0805168705478,-1.83647567150225,-0.248325988252876,0.681742876903498,-1.2460686160735,0.284106864067043
9,7,247,7.88407029881404,1.55274963378906,1.26666666666667,1.5,1,247,0.102837290465831,0.176468232292739,0.494233848368796,0.517900112315863,-0.137077162279029,8.87155090176969,1.12525010122046,9.69390046169954,0.52748034884059,0.147653422006031,0.632703339387549,0.729603970866685,-0.822349559929849,-0.424643058374759,0.0288148102867075,-0.138469491018753,-0.211703858550823
9,7,247,7.88407029881404,1.55274963378906,1.26666666666667,1.5,2,1147,0.980280307372113,0.871302907114869,0.687269589438964,0.239072538667086,-0.495400816903215,11.0453541033641,1.40097103206013,9.69390046169954,0.52748034884059,0.147653422006031,0.632703339387549,0.729603970866685,1.35145364166458,0.452799958531522,0.723649485108838,0.054566250051415,-0.4905314321996
9,7,247,7.88407029881404,1.55274963378906,1.26666666666667,1.5,3,2047,0.499323448683827,-0.604810873389514,0.716606580354888,1.43183926161711,0.19658568149238,9.16479637996481,1.16244478202375,9.69390046169954,0.52748034884059,0.147653422006031,0.632703339387549,0.729603970866685,-0.529104081734729,-0.0281569001567633,-0.752464295395545,0.0839032409673386,0.702235290750422
9,8,248,9.16815516194857,1.6064453125,1.28333333333333,1.5,1,248,0.498956632223985,0.282461671317677,0.74429302964594,0.0469252250392139,1.26919602135283,12.7178297489383,1.38717435779472,12.06900963384,0.563442313207808,0.556821054845312,0.702360633060808,0.608289671545862,0.648820115098292,-0.0644856809838225,-0.274359383527635,0.0419323965851329,-0.561364446506648
9,8,248,9.16815516194857,1.6064453125,1.28333333333333,1.5,2,1148,0.753196756255716,-0.0401024532827264,0.981479719628356,0.944375403940272,-0.464863044241944,11.3340162805802,1.23623739785958,12.06900963384,0.563442313207808,0.556821054845312,0.702360633060808,0.608289671545862,-0.734993353259853,0.189754443047908,-0.596923508128038,0.279119086567549,0.33608573239441
9,8,248,9.16815516194857,1.6064453125,1.28333333333333,1.5,3,2048,0.438173551143722,1.42810394650098,0.381309149908126,0.833568385658099,-0.121571260115058,12.1551828720016,1.32580466378344,12.06900963384,0.563442313207808,0.556821054845312,0.702360633060808,0.608289671545862,0.0861732381615603,-0.125268762064086,0.871282891655673,-0.321051483152682,0.225278714112238
9,9,249,10.4957642272801,1.65382385253906,1.3,1.5,1,249,0.502965466146608,0.126029534585189,-0.168799639592519,1.34227631173868,-0.162684340290594,11.0755351074782,1.05523855792141,12.2536690689199,0.339992788327966,0.574366037653681,0.467140627183667,1.02488833871489,-1.17813396144176,0.162972677818641,-0.448336503068492,-0.635940266776186,0.317387973023787
9,9,249,10.4957642272801,1.65382385253906,1.3,1.5,2,1149,0.640537496310329,1.01096167019261,1.32844644461421,0.505288048354675,0.0619501294278299,14.9239703847233,1.4219041188,12.2536690689199,0.339992788327966,0.574366037653681,0.467140627183667,1.02488833871489,2.6703013158034,0.300544707982362,0.436595632538931,0.861305817430545,-0.519600290360216
9,9,249,10.4957642272801,1.65382385253906,1.3,1.5,3,2049,-0.123524597473037,0.586106908183242,0.241775076529308,1.22710065605132,-0.654576182477812,10.7615017145583,1.02531854579845,12.2536690689199,0.339992788327966,0.574366037653681,0.467140627183667,1.02488833871489,-1.49216735436165,-0.463517385801003,0.0117408705295607,-0.225365550654359,0.202212317336429
9,10,250,11.8683727525827,1.69488525390625,1.31666666666667,1.5,1,250,0.731111708319895,1.09258881949668,-0.0430887487980378,1.10787815632037,-0.366185314804473,14.1152800469747,1.18931890169215,15.3865700953603,0.851715973349956,0.808716534494505,0.714908029958052,0.770951973430551,-1.27129004838555,-0.120604265030061,0.283872285002175,-0.75799677875609,0.336926182889821
9,10,250,11.8683727525827,1.69488525390625,1.31666666666667,1.5,2,1150,0.881005377874067,0.402876708275315,1.25493373791277,0.46595792707517,-0.376379875422622,15.3980508401626,1.29740202478994,15.3865700953603,0.851715973349956,0.808716534494505,0.714908029958052,0.770951973430551,0.0114807448023093,0.0292894045241108,-0.40583982621919,0.540025707954719,-0.304994046355381
9,10,250,11.8683727525827,1.69488525390625,1.31666666666667,1.5,3,2050,0.943030833855906,0.93068407571152,0.932879100759422,0.739019836896111,0.554958241253566,16.6463793989435,1.4025831296309,15.3865700953603,0.851715973349956,0.808716534494505,0.714908029958052,0.770951973430551,1.25980930358324,0.0913148605059502,0.121967541217015,0.21797107080137,-0.0319321365344397
9,11,251,13.2875059996601,1.72962951660156,1.33333333333333,1.5,1,251,1.18175867984713,-0.0278825119185565,0.788563030862351,0.221343112746584,-0.626550214251012,15.8506283433082,1.19289717300701,16.1073985799161,0.830339166363738,0.439744647508591,0.616583978455532,0.700228481895981,-0.256770236607872,0.351419513483391,-0.467627159427147,0.171979052406819,-0.478885369149396
9,11,251,13.2875059996601,1.72962951660156,1.33333333333333,1.5,2,1151,0.932924769825858,0.439469842003272,0.328367597697629,1.07338328809783,-0.0088352096542675,15.9707961945495,1.20194084540455,16.1073985799161,0.830339166363738,0.439744647508591,0.616583978455532,0.700228481895981,-0.13660238536661,0.10258560346212,-0.000274805505319276,-0.288216380757903,0.373154806201852
9,11,251,13.2875059996601,1.72962951660156,1.33333333333333,1.5,3,2051,0.376334049418227,0.907646612441057,0.732821306806616,0.805959044843526,0.252919278789862,16.5007712018906,1.24182605842757,16.1073985799161,0.830339166363738,0.439744647508591,0.616583978455532,0.700228481895981,0.393372621974482,-0.454005116945511,0.467901964932467,0.116237328351084,0.105730562947545
9,12,252,14.7547409292381,1.758056640625,1.35,1.5,1,252,0.515730369124411,0.264197666323539,1.0220396057585,0.79227277933173,0.475489492195089,18.0266398798189,1.22175238225275,18.029288404424,0.827832362041182,0.444737928646254,0.763953575968256,1.13298417487174,-0.00264852460515996,-0.312101992916772,-0.180540262322715,0.25808602979024,-0.34071139554001
9,12,252,14.7547409292381,1.758056640625,1.35,1.5,2,1152,0.946254399636126,-0.110706829899421,0.387381833902882,1.29750300113354,-0.51470103409859,16.3352272566305,1.107117185925,18.029288404424,0.827832362041182,0.444737928646254,0.763953575968256,1.13298417487174,-1.6940611477935,0.118422037594944,-0.555444758545675,-0.376571742065373,0.164518826261803
9,12,252,14.7547409292381,1.758056640625,1.35,1.5,3,2052,1.02151231736301,1.18072294951464,0.882439288243389,1.30917674414995,0.257745720354455,19.7259980768227,1.33692608846378,18.029288404424,0.827832362041182,0.444737928646254,0.763953575968256,1.13298417487174,1.69670967239865,0.193679955321828,0.73598502086839,0.118485712275133,0.176192569278207
9,13,253,16.2717079533052,1.78016662597656,1.36666666666667,1.5,1,253,0.14239069763153,0.8047930932976,0.732094680003693,0.779084863701088,-0.503127574438075,18.2200854608193,1.11974019648738,19.8641639515501,0.522978967819072,0.911854583875525,0.983534727493535,0.708885550264252,-1.64407849073081,-0.380588270187542,-0.107061490577925,-0.251440047489842,0.070199313436835
9,13,253,16.2717079533052,1.78016662597656,1.36666666666667,1.5,2,1153,0.795536836548522,1.15632754541998,1.17838310375884,0.32032426785122,0.261417071339695,21.2972021185158,1.30884859657217,19.8641639515501,0.522978967819072,0.911854583875525,0.983534727493535,0.708885550264252,1.43303816696574,0.272557868729449,0.244472961544456,0.1948483762653,-0.388561282413033
9,13,253,16.2717079533052,1.78016662597656,1.36666666666667,1.5,3,2053,0.631009369277165,0.774443112908995,1.04012639871808,1.02724751924045,0.0615993164247559,20.0752042753151,1.2337490528299,19.8641639515501,0.522978967819072,0.911854583875525,0.983534727493535,0.708885550264252,0.211040323765069,0.108030401458093,-0.13741147096653,0.0565916712245423,0.318361968976198
9,14,254,17.8400927468495,1.79595947265625,1.38333333333333,1.5,1,254,0.810314818605049,0.443850885357413,0.848499178903503,1.11385361858539,-0.0910250995446187,21.091102714712,1.1822305530579,22.2564139235899,1.0772937264408,0.763873844438521,0.951748964688751,0.957232024572638,-1.16531120887792,-0.266978907835747,-0.320022959081107,-0.103249785785248,0.156621594012752
9,14,254,17.8400927468495,1.79595947265625,1.38333333333333,1.5,2,1154,1.14396592524736,0.999014114247267,1.11255920973852,1.37882447402357,0.71841328256398,23.6638308085739,1.32644101935809,22.2564139235899,1.0772937264408,0.763873844438521,0.951748964688751,0.957232024572638,1.40741688498401,0.0666721988065633,0.235140269808747,0.160810245049774,0.421592449450933
9,14,254,17.8400927468495,1.79595947265625,1.38333333333333,1.5,3,2054,1.27760043546998,0.848756533710881,0.894188505424224,0.379017981108952,-0.63569906682077,22.0143082474838,1.23397947308158,22.2564139235899,1.0772937264408,0.763873844438521,0.951748964688751,0.957232024572638,-0.242105676106092,0.200306709029184,0.0848826892723608,-0.0575604592645264,-0.578214043463685
9,15,255,19.4616381210038,1.80543518066406,1.4,1.5,1,255,0.848482554245622,0.752746544019518,0.928673476015052,0.921608849850036,0.0657756023124099,23.5061493525809,1.20781967100766,23.4248106378815,0.86192582855781,0.867912354422598,0.927413146015708,1.06797353466065,0.0813387146994131,-0.0134432743121872,-0.11516581040308,0.00126032999934489,-0.146364684810614
9,15,255,19.4616381210038,1.80543518066406,1.4,1.5,2,1155,0.689222505725915,1.0514434712906,1.02542437944517,1.02074286391564,-0.837417595820008,22.8787245133014,1.17558061510813,23.4248106378815,0.86192582855781,0.867912354422598,0.927413146015708,1.06797353466065,-0.546086124580061,-0.172703322831895,0.183531116868004,0.0980112334294596,-0.0472306707450139
9,15,255,19.4616381210038,1.80543518066406,1.4,1.5,3,2055,1.04807242570189,0.799547047957674,0.828141582586903,1.26156889021628,0.174114856491085,23.8895580477621,1.22752041216816,23.4248106378815,0.86192582855781,0.867912354422598,0.927413146015708,1.06797353466065,0.464747409880648,0.186146597144082,-0.0683653064649246,-0.0992715634288045,0.193595355555628
9,16,256,21.1381459596826,1.80859375,1.41666666666667,1.5,1,256,1.38814266864562,0.555945675590546,1.20594086911273,0.610644946406763,-0.0849980687569631,26.1602350563021,1.23758418104399,26.313443990308,0.984207250151463,0.989105987250305,1.28282586314824,1.08462206051962,-0.153208934005871,0.403935418494153,-0.433160311659759,-0.0768849940355159,-0.473977114112856
9,16,256,21.1381459596826,1.80859375,1.41666666666667,1.5,2,1156,1.06608323937343,1.39788363095635,1.28275573332349,1.18543874018763,0.902693258988379,27.8734194462216,1.31863123186799,26.313443990308,0.984207250151463,0.989105987250305,1.28282586314824,1.08462206051962,1.5599754559136,0.0818759892219718,0.408777643706044,-7.01298247529625e-05,0.100816679668013
9,16,256,21.1381459596826,1.80859375,1.41666666666667,1.5,3,2056,0.498395842435338,1.01348865520402,1.35978098700851,1.45778249496446,-0.608311172322006,24.9066774684003,1.1782810808434,26.313443990308,0.984207250151463,0.989105987250305,1.28282586314824,1.08462206051962,-1.40676652190773,-0.485811407716125,0.0243826679537148,0.0769551238602688,0.373160434444843
9,17,257,22.8714792218598,1.80543518066406,1.43333333333333,1.5,1,257,1.46555934003045,1.18324012668643,1.67475063524969,0.929011740594463,-0.0796147326501531,29.6459403488431,1.29619689488682,28.2896767594396,1.13448798138585,1.11399710208666,1.0862724455841,1.16168303517406,1.35626358940353,0.331071358644599,0.0692430245997688,0.588478189665585,-0.232671294579594
9,17,257,22.8714792218598,1.80543518066406,1.43333333333333,1.5,2,1157,0.574811586515299,1.22706305777588,0.32602257518324,1.11665264138741,-0.12679928390015,26.0302892440946,1.1381113128536,28.2896767594396,1.13448798138585,1.11399710208666,1.0862724455841,1.16168303517406,-2.25938751534498,-0.559676394870547,0.113065955689223,-0.760249870400865,-0.045030393786645
9,17,257,22.8714792218598,1.80543518066406,1.43333333333333,1.5,3,2057,1.36309301761179,0.93168812179767,1.25804412631938,1.43938472354029,0.637859544285005,29.192800685381,1.27638446128485,28.2896767594396,1.13448798138585,1.11399710208666,1.0862724455841,1.16168303517406,0.90312392594144,0.228605036225948,-0.182308980288992,0.171771680735279,0.277701688366238
9,18,258,24.6635640117153,1.79595947265625,1.45,1.5,1,258,0.807214219692966,0.906692260748834,0.907601774874548,0.830932378987667,0.00891252631138528,28.7983070027447,1.16764580289635,30.713213814593,1.12926960723575,1.21083293954799,1.15276966176066,0.899965899959427,-1.91490681184834,-0.322055387542784,-0.304140678799161,-0.245167886886116,-0.06903352097176
9,18,258,24.6635640117153,1.79595947265625,1.45,1.5,2,1158,1.4629466666277,0.91141670299974,1.36609518149323,1.02519925159491,0.781216405195314,31.4428703324209,1.27487131695506,30.713213814593,1.12926960723575,1.21083293954799,1.15276966176066,0.899965899959427,0.72965651782792,0.333677059391953,-0.299416236548255,0.213325519732561,0.125233351635479
9,18,258,24.6635640117153,1.79595947265625,1.45,1.5,3,2058,1.11764793538658,1.81438985489541,1.18461202891422,0.843766069295708,0.819866367276277,31.8984641086134,1.29334365842104,30.713213814593,1.12926960723575,1.21083293954799,1.15276966176066,0.899965899959427,1.18525029402042,-0.0116216718491695,0.603556915347415,0.0318423671535553,-0.056199830663719
9,19,259,26.5163917189489,1.78016662597656,1.46666666666667,1.5,1,259,0.963456900341226,1.62322865236564,1.08751223559338,1.47075967735911,-0.498083040437932,31.7454262082582,1.19720007702151,32.857634031951,1.56370794258981,1.13964122515099,1.30005742763284,1.13055357126907,-1.11220782369277,-0.600251042248581,0.483587427214654,-0.212545192039462,0.340206106090041
9,19,259,26.5163917189489,1.78016662597656,1.46666666666667,1.5,2,1159,1.56675779263445,0.717674359030839,2.19803570291987,0.844888621101733,0.150367513010268,33.8054917796874,1.27489034473456,32.857634031951,1.56370794258981,1.13964122515099,1.30005742763284,1.13055357126907,0.9478577477364,0.00304985004464475,-0.421966866120146,0.897978275287024,-0.285664950167339
9,19,259,26.5163917189489,1.78016662597656,1.46666666666667,1.5,3,2059,2.16090913479374,1.07802066405648,0.61462434438528,1.07601241534637,0.155780574903352,33.0219841079074,1.24534229460449,32.857634031951,1.56370794258981,1.13964122515099,1.30005742763284,1.13055357126907,0.164350075956371,0.597201192203936,-0.061620561094508,-0.685433083247563,-0.0545411559227023
9,20,260,28.4320212316403,1.758056640625,1.48333333333333,1.5,1,260,1.35259328284361,1.46777848038631,1.60637399279226,1.451862418121,0.272406698530421,35.6691292682334,1.2545407509945,35.1189696394692,1.31959201383745,1.42462002792518,1.54561167225258,1.49813348413505,0.550159628764234,0.0330012690061627,0.043158452461123,0.0607623205396837,-0.0462710660140455
9,20,260,28.4320212316403,1.758056640625,1.48333333333333,1.5,2,1160,1.18878286807068,1.94450832049964,0.622714859449252,1.56076393100983,0.101077901810822,34.441473046839,1.21136210353245,35.1189696394692,1.31959201383745,1.42462002792518,1.54561167225258,1.49813348413505,-0.677496592630192,-0.130809145766766,0.519888292574458,-0.922896812803328,0.0626304468747845
9,20,260,28.4320212316403,1.758056640625,1.48333333333333,1.5,3,2060,1.41739989059805,0.861573282889604,2.40774616451622,1.48177410327431,-0.567203534786092,35.2463066033351,1.23966939656445,35.1189696394692,1.31959201383745,1.42462002792518,1.54561167225258,1.49813348413505,0.127336963865957,0.0978078767606039,-0.563046745035581,0.862134492263644,-0.016359380860739
9,21,261,30.4125812241143,1.72962951660156,1.5,1.5,1,261,1.34777540633959,0.506991863222837,2.41049346754132,1.21199974704148,-0.767332767145509,36.3526285776696,1.19531546203798,37.0351172265995,1.67944659328236,0.9975970795758,1.67414756719763,1.4945613457299,-0.682488648929819,-0.331671186942774,-0.490605216352963,0.73634590034369,-0.282561598688413
9,21,261,30.4125812241143,1.72962951660156,1.5,1.5,2,1161,2.01850444953209,0.842984500338542,0.691750762126126,1.27636128559178,0.508707618062063,36.7146566111757,1.20721935243249,37.0351172265995,1.67944659328236,0.9975970795758,1.67414756719763,1.4945613457299,-0.320460615423805,0.339057856249734,-0.154612579237257,-0.982396805071506,-0.218200060138114
9,21,261,30.4125812241143,1.72962951660156,1.5,1.5,3,2061,1.6720599239754,1.64281487516602,1.92019847192545,1.99532300455642,-0.611078951832835,38.0380664909531,1.25073456312852,37.0351172265995,1.67944659328236,0.9975970795758,1.67414756719763,1.4945613457299,1.00294926435362,-0.00738666930695908,0.64521779559022,0.246050904727816,0.500761658826527
9,22,262,32.4602725223537,1.69488525390625,1.51666666666667,1.5,1,262,1.82695454126253,1.60193263937087,1.70308804807223,2.11882002194651,0.352788462031233,40.8937692044153,1.25980979291699,39.8366625831533,1.6634328819804,1.28519080685188,1.47124181042842,2.10424701275467,1.05710662126199,0.163521659282136,0.316741832518996,0.231846237643812,0.0145730091918432
9,22,262,32.4602725223537,1.69488525390625,1.51666666666667,1.5,2,1162,1.44592133021611,1.14390712415735,1.09066829522713,2.12396366250185,1.02725138402377,39.3091228950819,1.21099177057161,39.8366625831533,1.6634328819804,1.28519080685188,1.47124181042842,2.10424701275467,-0.527539688071442,-0.217511551764287,-0.141283682694528,-0.38057351520129,0.0197166497471817
9,22,262,32.4602725223537,1.69488525390625,1.51666666666667,1.5,3,2062,1.71742277446255,1.10973265702741,1.6199690879859,2.06995735381565,-0.177059569353958,39.3070956499628,1.21092931745703,39.8366625831533,1.6634328819804,1.28519080685188,1.47124181042842,2.10424701275467,-0.529566933190551,0.0539898924821516,-0.175458149824468,0.148727277557479,-0.0342896589390245
9,23,263,34.5773705495876,1.65382385253906,1.53333333333333,1.5,1,263,1.45767673049398,1.76670827389195,1.06828486329538,1.39877109640633,0.332985523372978,41.6324766007201,1.20403824637315,43.697079468657,1.94823998462301,1.8597866423466,1.57409103567371,1.76739673882571,-2.06460286793697,-0.490563254129033,-0.0930783684546526,-0.505806172378332,-0.368625642419382
9,23,263,34.5773705495876,1.65382385253906,1.53333333333333,1.5,2,1163,2.06876098779373,1.78566865393348,2.03828976682967,2.33134736062154,0.43544377792548,44.2296405139378,1.27914991252755,43.697079468657,1.94823998462301,1.8597866423466,1.57409103567371,1.76739673882571,0.532561045280758,0.120521003170717,-0.0741179884131224,0.464198731155954,0.56395062179583
9,23,263,34.5773705495876,1.65382385253906,1.53333333333333,1.5,3,2063,2.31828223558133,2.02698299921438,1.61569847689609,1.57207175944926,1.28613196946416,45.2291212913133,1.30805554535877,43.697079468657,1.94823998462301,1.8597866423466,1.57409103567371,1.76739673882571,1.53204182265622,0.370042250958317,0.167196356867775,0.0416074412223781,-0.195324979376447
9,24,264,36.766227854774,1.6064453125,1.55,1.5,1,264,0.721321253690035,2.49769216294446,1.69270371906899,1.72925927757429,-0.0994502972551775,44.2360191354832,1.20316991207841,45.402740398326,1.61466787133641,2.1891722968887,1.68732760138063,1.74387107935137,-1.16672126284274,-0.893346617646372,0.308519866055752,0.00537611768836532,-0.0146118017770789
9,24,264,36.766227854774,1.6064453125,1.55,1.5,2,1164,2.32693113874757,2.20774743365674,2.53311331664967,1.92809660428295,0.0695695296563677,47.7955635019242,1.29998551090734,45.402740398326,1.61466787133641,2.1891722968887,1.68732760138063,1.74387107935137,2.3928231035982,0.712263267411161,0.0185751367680367,0.845785715269036,0.184225524931584
9,24,264,36.766227854774,1.6064453125,1.55,1.5,3,2064,1.79575122157162,1.86207729406492,0.836165768423227,1.57425735619686,0.385166112051141,44.1766385575705,1.2015548272199,45.402740398326,1.61466787133641,2.1891722968887,1.68732760138063,1.74387107935137,-1.22610184075547,0.181083350235211,-0.327095002823788,-0.851161832957402,-0.169613723154505
9,25,265,39.0292767267848,1.55274963378906,1.56666666666667,1.5,1,265,2.61027390371047,1.73417092289799,2.2233375665256,2.38327713906468,-0.390712472417206,48.7435402314384,1.24889683640965,47.7808794293166,1.98515994403051,1.59987214507183,2.02001180515657,2.23024009437751,0.962660802121782,0.625113959679958,0.134298777826161,0.203325761369039,0.153037044687174
9,25,265,39.0292767267848,1.55274963378906,1.56666666666667,1.5,2,1165,1.5561850650782,1.14555191155543,1.45092554162425,2.02983660541294,0.0651449867128746,45.4818738106124,1.16532709865462,47.7808794293166,1.98515994403051,1.59987214507183,2.02001180515657,2.23024009437751,-2.29900561870423,-0.428974878952313,-0.45432023351639,-0.56908626353232,-0.200403488964563
9,25,265,39.0292767267848,1.55274963378906,1.56666666666667,1.5,3,2065,1.78902086330286,1.91989360076205,2.38577230731985,2.2776065386549,0.723554259939453,49.117224245899,1.25847129040419,47.7808794293166,1.98515994403051,1.59987214507183,2.02001180515657,2.23024009437751,1.33634481658245,-0.196139080727644,0.320021455690229,0.365760502163281,0.047366444277388
9,26,266,41.369031897199,1.49273681640625,1.58333333333333,1.5,1,266,2.27939355876314,2.57656924549281,1.55067033211062,2.2128439716917,-0.0894827493260405,51.0876573023142,1.23492513504463,50.5602759294578,2.01033908114079,2.01152817027578,1.81104653836707,1.84850082081008,0.52738137285646,0.269054477622358,0.565041075217037,-0.260376206256446,0.364343150881625
9,26,266,41.369031897199,1.49273681640625,1.58333333333333,1.5,2,1166,2.12039871080575,2.0721869281038,2.1791143614584,2.0363608057672,0.674196083349073,51.7580593799802,1.25113054394402,50.5602759294578,2.01033908114079,2.01152817027578,1.81104653836707,1.84850082081008,1.19778345052239,0.110059629664964,0.0606587578280271,0.368067823091334,0.187859984957118
9,26,266,41.369031897199,1.49273681640625,1.58333333333333,1.5,3,2066,1.63122497385346,1.38582833723071,1.70335492153218,1.29629768497134,0.281829051653936,48.8351111060789,1.18047507680221,50.5602759294578,2.01033908114079,2.01152817027578,1.81104653836707,1.84850082081008,-1.72516482337884,-0.379114107287323,-0.625699833045063,-0.107691616834888,-0.552203135838743
9,27,267,43.7880933347085,1.42640686035156,1.6,1.5,1,267,1.81814517233423,3.06830033990895,2.43803921766206,2.15359152785822,-0.663834494641204,54.2840129573473,1.2396980280098,54.1595455200156,2.04752518037257,2.40030212440937,2.52557713477745,2.23331831362574,0.124467437331738,-0.229380008038339,0.667998215499588,-0.0875379171153856,-0.0797267857675221
9,27,267,43.7880933347085,1.42640686035156,1.6,1.5,2,1167,2.42922611612032,2.22749883065736,1.94629686725812,2.29042818575594,-0.0680044287560974,53.6685971332706,1.22564361784463,54.1595455200156,2.04752518037257,2.40030212440937,2.52557713477745,2.23331831362574,-0.490948386745032,0.381700935747753,-0.172803293752005,-0.579280267519327,0.0571098721301997
9,27,267,43.7880933347085,1.42640686035156,1.6,1.5,3,2067,1.89520425266315,1.90510720266178,3.19239531941216,2.25593522726306,0.19783628357712,54.5260264694289,1.24522495310863,54.1595455200156,2.04752518037257,2.40030212440937,2.52557713477745,2.23331831362574,0.366480949413294,-0.152320927709413,-0.495194921747583,0.666818184634713,0.0226169136373229
9,28,268,46.2891491342386,1.353759765625,1.61666666666667,1.5,1,268,2.43773165090848,2.63687318168997,3.15716306746504,1.80644985709876,-0.0833364443657049,58.5046052965264,1.26389459280971,57.0796500745178,2.12276078389096,2.33268367138404,2.71137243906868,1.71672418068338,1.42495522200861,0.314970867017519,0.30418951030593,0.445790628396363,0.0897256764153795
9,28,268,46.2891491342386,1.353759765625,1.61666666666667,1.5,2,1168,1.9903235152916,1.7186006216773,2.41447758426205,2.01708491588043,0.497006367086958,55.880696111676,1.20720940343107,57.0796500745178,2.12276078389096,2.33268367138404,2.71137243906868,1.71672418068338,-1.19895396284179,-0.13243726859936,-0.614083049706739,-0.29689485480663,0.300360735197051
9,28,268,46.2891491342386,1.353759765625,1.61666666666667,1.5,3,2068,1.9402271854728,2.64257721078485,2.56247666547894,1.32663776907095,-0.177983307739766,56.853648815351,1.22822842671995,57.0796500745178,2.12276078389096,2.33268367138404,2.71137243906868,1.71672418068338,-0.226001259166807,-0.18253359841816,0.30989353940081,-0.148895773589733,-0.39008641161243
9,29,269,48.8749785039976,1.27479553222656,1.63333333333333,1.5,1,269,2.17636598152104,2.88607077580393,2.73520005199394,2.44309577955429,0.239223603998737,60.7053394161999,1.2420535266575,60.4180298242907,2.58647720509157,2.6126829543342,2.63501314505893,1.97556824196538,0.287309591909214,-0.410111223570532,0.273387821469727,0.100186906935013,0.46752753758891
9,29,269,48.8749785039976,1.27479553222656,1.63333333333333,1.5,2,1169,3.4175802280102,2.51187430625466,3.02022488370815,1.51672652182102,0.181622164230833,62.0463820330332,1.26949175083439,60.4180298242907,2.58647720509157,2.6126829543342,2.63501314505893,1.97556824196538,1.6283522087425,0.831103022918633,-0.10080864807954,0.385211738649225,-0.458841720144355
9,29,269,48.8749785039976,1.27479553222656,1.63333333333333,1.5,3,2069,2.16548540574347,2.44010378094402,2.14961449947469,1.96688242452082,-0.343086192122819,58.502368023639,1.19697992335391,60.4180298242907,2.58647720509157,2.6126829543342,2.63501314505893,1.97556824196538,-1.91566180065171,-0.4209917993481,-0.172579173390187,-0.485398645584238,-0.0086858174445561
9,30,270,51.5484548537714,1.18951416015625,1.65,1.5,1,270,1.88965077569792,2.74479810793224,2.47721914549943,2.41948270167266,-0.310601291419364,61.7303655141322,1.19752116119182,62.1895726120456,2.28888024874084,2.83430236561354,2.23905972869886,2.31844447567498,-0.459207097913321,-0.399229473042925,-0.0895042576813045,0.238159416800574,0.101038225997677
9,30,270,51.5484548537714,1.18951416015625,1.65,1.5,2,1170,2.13546919434005,2.66531361904323,2.09292268473394,1.91407496553933,-0.501546690558196,61.1242305069804,1.18576261267913,62.1895726120456,2.28888024874084,2.83430236561354,2.23905972869886,2.31844447567498,-1.06534210506521,-0.153411054400793,-0.168988746570314,-0.146137043964915,-0.404369510135648
9,30,270,51.5484548537714,1.18951416015625,1.65,1.5,3,2070,2.84152077618456,3.09279536986516,2.1470373558632,2.62177575981295,0.461969367530709,63.7141218150241,1.23600449316596,62.1895726120456,2.28888024874084,2.83430236561354,2.23905972869886,2.31844447567498,1.52454920297853,0.552640527443718,0.258493004251618,-0.0920223728356593,0.303331284137971
10,1,271,1.01685340540722,1.10406494140625,1.18333333333333,1.5,1,271,-0.154549250643862,-1.09615437610298,-0.0153945890697587,-0.128985638503904,-1.11946511337835,-1.59345201265412,-1.56704201823072,-0.94948989186906,-0.555816095880267,-0.624227728504489,-0.02243282518167,-0.166426309683654,-0.643962120785059,0.401266845236405,-0.471926647598493,0.00703823611191133,0.0374406711797505
10,1,271,1.01685340540722,1.10406494140625,1.18333333333333,1.5,2,1171,-0.731914827889614,0.304544757132003,-0.489033924771919,-0.744407288572032,-0.78645068532981,-0.950851706042574,-0.935092217802804,-0.94948989186906,-0.555816095880267,-0.624227728504489,-0.02243282518167,-0.166426309683654,-0.00136181417351378,-0.176098732009347,0.928772485636492,-0.466601099590249,-0.577980978888378
10,1,271,1.01685340540722,1.10406494140625,1.18333333333333,1.5,3,2071,-0.780984209107325,-1.08107356654249,0.437130038296667,0.374113998024973,0.16481325237985,-0.304165956910487,-0.299124687288309,-0.94948989186906,-0.555816095880267,-0.624227728504489,-0.02243282518167,-0.166426309683654,0.645323934958573,-0.225168113227058,-0.456845838037999,0.459562863478337,0.540540307708627
10,2,272,2.06817317241739,1.201416015625,1.2,1.5,1,272,0.63946333087124,-0.00120253897075684,-0.175895361390163,-0.446106636162457,0.276383868687193,2.84753243936805,1.37683462745999,1.7905580146547,0.120657703175589,-0.25856811987142,-0.153777349228327,0.133225158789055,1.05697442471335,0.518805627695651,0.257365580900663,-0.022118012161836,-0.579331794951512
10,2,272,2.06817317241739,1.201416015625,1.2,1.5,2,1172,0.193396912760006,-0.562874930438903,-0.187258034789327,0.485909621332339,0.328171563602108,1.67235791567113,0.80861599888001,1.7905580146547,0.120657703175589,-0.25856811987142,-0.153777349228327,0.133225158789055,-0.118200098983573,0.0727392095844174,-0.304306810567483,-0.0334806855610005,0.352684462543284
10,2,272,2.06817317241739,1.201416015625,1.2,1.5,3,2072,-0.470887134104479,-0.211626890204599,-0.0981786515054903,0.359872491197283,-0.249437893523831,0.851783688924927,0.41185317568418,1.7905580146547,0.120657703175589,-0.25856811987142,-0.153777349228327,0.133225158789055,-0.938774325729773,-0.591544837280068,0.0469412296668203,0.0555986977228365,0.226647332408228
10,3,273,3.15512754226943,1.29205322265625,1.21666666666667,1.5,1,273,0.62985310590033,-0.143557588087909,0.35076804681395,0.328202028883442,0.490081547557397,4.8105031631527,1.52466202988821,4.39220288493785,0.271676004674024,0.152413192607785,0.273354289107325,0.41883850216193,0.418300278214852,0.358177101226306,-0.295970780695694,0.0774137577066252,-0.0906364732784878
10,3,273,3.15512754226943,1.29205322265625,1.21666666666667,1.5,2,1173,-0.693942555908641,0.383521915344087,-0.054316085293886,0.575881672561708,0.269729335274748,2.91339036423858,0.923382755596317,4.39220288493785,0.271676004674024,0.152413192607785,0.273354289107325,0.41883850216193,-1.47881252069927,-0.965618560582665,0.231108722736302,-0.327670374401211,0.157043170399778
10,3,273,3.15512754226943,1.29205322265625,1.21666666666667,1.5,3,2073,0.879117464030383,0.217275250567177,0.523610905801911,0.35243180504064,0.111953119099388,5.45271512742226,1.72820751439424,4.39220288493785,0.271676004674024,0.152413192607785,0.273354289107325,0.41883850216193,1.06051224248441,0.607441459356359,0.0648620579593917,0.250256616694586,-0.06640669712129
10,4,274,4.27892435387168,1.3759765625,1.23333333333333,1.5,1,274,-0.116351235736481,0.606883807890779,-0.00751709522412186,0.0751852394118843,-0.403555584560258,4.45248658281589,1.04056211668878,4.50448435934075,-0.0879915390344505,0.293363866126675,0.0528947392696033,0.0909966521614218,-0.0519977765248605,-0.0283596967020306,0.313519941764105,-0.0604118344937251,-0.0158114127495376
10,4,274,4.27892435387168,1.3759765625,1.23333333333333,1.5,2,1174,0.0637905969784994,0.586470072261546,-0.182963708252342,0.0527883852291682,0.2918789668108,5.10744521377684,1.19362830267273,4.50448435934075,-0.0879915390344505,0.293363866126675,0.0528947392696033,0.0909966521614218,0.60296085443609,0.15178213601295,0.293106206134872,-0.235858447521945,-0.0382082669322537
10,4,274,4.27892435387168,1.3759765625,1.23333333333333,1.5,3,2074,-0.21141397834537,-0.313262281772302,0.349165021285274,0.145016331843213,-0.171893110996122,3.95352128142952,0.923952132468122,4.50448435934075,-0.0879915390344505,0.293363866126675,0.0528947392696033,0.0909966521614218,-0.550963077911231,-0.123422439310919,-0.606626147898976,0.29627028201567,0.0540196796817912
10,5,275,5.44081238596938,1.45318603515625,1.25,1.5,1,275,0.503653228220613,-0.183950675313111,0.982066880978332,-0.140455183926048,-0.371572344600077,7.04430385650697,1.29471544997079,6.30942715495967,0.0955041153093087,0.260590876670922,0.421910048652298,-0.207932477008684,0.734876701547296,0.408149112911304,-0.444541551984033,0.560156832326034,0.0674772930826359
10,5,275,5.44081238596938,1.45318603515625,1.25,1.5,2,1175,-0.198632704656075,0.60973153898716,-0.442306726145016,-0.0447654090243879,-0.485339314631509,4.76552713332277,0.875885216261451,6.30942715495967,0.0955041153093087,0.260590876670922,0.421910048652298,-0.207932477008684,-1.5439000216369,-0.294136819965384,0.349140662316238,-0.864216774797314,0.163167067984296
10,5,275,5.44081238596938,1.45318603515625,1.25,1.5,3,2075,-0.0185081776366119,0.355991766338718,0.725969991123578,-0.438576838075617,0.170589219748854,7.11845047504928,1.30834330796007,6.30942715495967,0.0955041153093087,0.260590876670922,0.421910048652298,-0.207932477008684,0.809023320089607,-0.114012292945921,0.0954008896677957,0.30405994247128,-0.230644361066932
10,6,276,6.6420827448051,1.523681640625,1.26666666666667,1.5,1,276,-0.0846444664381868,0.552317291206763,0.49242895588691,0.0938455736203512,-0.20423158032968,7.74712528100865,1.16636988406503,8.30550957478092,-0.0349307528754153,0.755758891500461,0.595639823755756,0.290311506670491,-0.558384293772272,-0.0497137135627715,-0.203441600293698,-0.103210867868846,-0.19646593305014
10,6,276,6.6420827448051,1.523681640625,1.26666666666667,1.5,2,1176,-0.270463115888793,1.57625049942336,0.225683925702065,1.56718214388462,-0.771548813091979,7.79354410205649,1.17335847828032,8.30550957478092,-0.0349307528754153,0.755758891500461,0.595639823755756,0.290311506670491,-0.511965472724432,-0.235532363013378,0.820491607922902,-0.369955898053691,1.27687063721413
10,6,276,6.6420827448051,1.523681640625,1.26666666666667,1.5,3,2076,0.250315323700734,0.138708883871256,1.06880658967829,-0.790093197493497,0.573467929294918,9.37585934127762,1.41158424270018,8.30550957478092,-0.0349307528754153,0.755758891500461,0.595639823755756,0.290311506670491,1.0703497664967,0.285246076576149,-0.617050007629204,0.473166765922537,-1.08040470416399
10,7,277,7.88407029881404,1.58746337890625,1.28333333333333,1.5,1,277,-0.433850901031141,0.541126637095476,-0.228198663697023,-0.037939439731617,0.622794589289093,8.17029032620438,1.03630358641442,9.25567838184582,0.400051038563096,-0.0405085572851595,0.590400652211491,0.104659736023926,-1.08538805564144,-0.833901939594237,0.581635194380635,-0.818599315908514,-0.142599175755543
10,7,277,7.88407029881404,1.58746337890625,1.28333333333333,1.5,2,1177,0.955622003488386,-0.775655331781965,1.51892842971196,0.0602105754005544,-1.01829232268851,9.66576121285478,1.22598617801629,9.25567838184582,0.400051038563096,-0.0405085572851595,0.590400652211491,0.104659736023926,0.410082831008964,0.555570964925289,-0.735146774496805,0.928527777500465,-0.0444491606233715
10,7,277,7.88407029881404,1.58746337890625,1.28333333333333,1.5,3,2077,0.678382013232044,0.11300302283101,0.48047219061954,0.29170807240284,0.104277872853911,9.93098360647829,1.2596264657828,9.25567838184582,0.400051038563096,-0.0405085572851595,0.590400652211491,0.104659736023926,0.675305224632472,0.278330974668948,0.15351158011617,-0.109928461591951,0.187048336378914
10,8,278,9.16815516194857,1.64453125,1.3,1.5,1,278,0.336934248924723,-0.0103782903470549,0.346152010752444,1.26788680281919,-0.141969844806672,10.0860204573714,1.10011450277721,11.5223405196215,0.601169552059012,0.203920139194878,0.598177711248788,0.441998109547548,-1.43632006225015,-0.264235303134289,-0.214298429541933,-0.252025700496344,0.825888693271643
10,8,278,9.16815516194857,1.64453125,1.3,1.5,2,1178,0.0910917906576972,-0.0198910354039611,1.09914884713969,-0.27761577433825,1.09149806483513,12.0323214478231,1.31240377538133,11.5223405196215,0.601169552059012,0.203920139194878,0.598177711248788,0.441998109547548,0.5099809282016,-0.510077761401315,-0.223811174598839,0.5009711358909,-0.719613883885798
10,8,278,9.16815516194857,1.64453125,1.3,1.5,3,2078,1.37548261659462,0.64202974333565,0.349232275854232,0.335723300161702,-0.339986735217811,12.4486796536701,1.35781729625792,11.5223405196215,0.601169552059012,0.203920139194878,0.598177711248788,0.441998109547548,0.926339134048545,0.774313064535604,0.438109604140772,-0.248945435394556,-0.106274809385846
10,9,279,10.4957642272801,1.69488525390625,1.31666666666667,1.5,1,279,0.15737355453364,0.305590014248955,-0.146660459301399,0.421916884238574,-0.0775893587793468,10.8672744819103,1.03539620808789,12.3415465574595,0.550125771559608,0.352766131755957,0.444541782864045,0.856878677056092,-1.47427207554921,-0.392752217025969,-0.0471761175070028,-0.591202242165444,-0.434961792817518
10,9,279,10.4957642272801,1.69488525390625,1.31666666666667,1.5,2,1179,0.705451757118303,0.210888560469537,1.24962921931808,1.09064582076139,-0.0228695335029492,13.8206682411879,1.31678531852553,12.3415465574595,0.550125771559608,0.352766131755957,0.444541782864045,0.856878677056092,1.47912168372836,0.155325985558695,-0.14187757128642,0.805087436454032,0.233767143705295
10,9,279,10.4957642272801,1.69488525390625,1.31666666666667,1.5,3,2079,0.787552003026882,0.54181982054938,0.230656588575458,1.05807332616832,-0.553258534534187,12.3366969492804,1.17539768254468,12.3415465574595,0.550125771559608,0.352766131755957,0.444541782864045,0.856878677056092,-0.00484960817915159,0.237426231467274,0.189053688793423,-0.213885194288587,0.201194649112224
10,10,280,11.8683727525827,1.738525390625,1.33333333333333,1.5,1,280,0.737443671629706,0.482070856177491,0.98768925272136,0.864051355680047,-0.0783019800458565,15.1964303404728,1.28041397563671,15.1177682162382,0.44862127364161,0.80693266792501,0.988719260079796,0.708285257743958,0.0786621242346488,0.288822397988096,-0.324861811747518,-0.00103000735843528,0.155766097936089
10,10,280,11.8683727525827,1.738525390625,1.33333333333333,1.5,2,1180,0.772219167773632,0.131895357130713,0.820586420510194,0.685039817879013,0.224264670188296,14.8419001600123,1.25054213154727,15.1177682162382,0.44862127364161,0.80693266792501,0.988719260079796,0.708285257743958,-0.275868056225855,0.323597894132023,-0.675037310794297,-0.168132839569602,-0.0232454398649455
10,10,280,11.8683727525827,1.738525390625,1.33333333333333,1.5,3,2080,-0.16379901847851,1.80683179046683,1.15788210700783,0.575764599672815,-0.414562066236475,15.3149741482294,1.29040218633988,15.1177682162382,0.44862127364161,0.80693266792501,0.988719260079796,0.708285257743958,0.197205931991206,-0.612420292120119,0.999899122541815,0.169162846928037,-0.132520658071143
10,11,281,13.2875059996601,1.77545166015625,1.35,1.5,1,281,-0.595557300812237,1.27633874784997,0.498219806082161,0.547361762546688,0.256171027225921,14.9566808471615,1.12561987535841,17.370974878516,0.609848514727235,1.33191704324845,0.640677041089139,0.701626899951097,-2.41429403135454,-1.20540581553947,-0.055578295398476,-0.142457235006978,-0.154265137404409
10,11,281,13.2875059996601,1.77545166015625,1.35,1.5,2,1181,0.874486917585111,1.54681743661892,0.573569588939518,0.618890908475304,0.490163405083291,18.2788365771996,1.37564088984548,17.370974878516,0.609848514727235,1.33191704324845,0.640677041089139,0.701626899951097,0.907861698683615,0.264638402857876,0.214900393370472,-0.0671074521496218,-0.0827359914757932
10,11,281,13.2875059996601,1.77545166015625,1.35,1.5,3,2081,1.55061592740883,1.17259494527645,0.850241728245739,0.938628028831299,-0.0215081795477263,18.8774072111869,1.42068851834722,17.370974878516,0.609848514727235,1.33191704324845,0.640677041089139,0.701626899951097,1.50643233267092,0.940767412681596,-0.159322097971996,0.2095646871566,0.237001128880202
10,12,282,14.7547409292381,1.8056640625,1.36666666666667,1.5,1,282,1.01735740515449,0.310680866656438,1.38243966856524,0.130031987045376,0.861427266766019,19.9514305884882,1.35220473772957,18.7373393652845,0.68661768010607,0.249238907196453,1.15203618825963,0.256970317337726,1.21409122320368,0.330739725048415,0.0614419594599857,0.23040348030561,-0.12693833029235
10,12,282,14.7547409292381,1.8056640625,1.36666666666667,1.5,2,1182,0.307129454576899,0.186140608261738,0.800007818347914,0.563358476969386,0.361598638019926,17.125316078069,1.16066531836783,18.7373393652845,0.68661768010607,0.249238907196453,1.15203618825963,0.256970317337726,-1.61202328721546,-0.379488225529171,-0.0630982989347146,-0.352028369911711,0.30638815963166
10,12,282,14.7547409292381,1.8056640625,1.36666666666667,1.5,3,2082,0.735366180586827,0.250895246671182,1.27366107786573,0.0775204879984157,0.799324427745406,19.1352714292962,1.29688969268024,18.7373393652845,0.68661768010607,0.249238907196453,1.15203618825963,0.256970317337726,0.397932064011769,0.0487485004807561,0.00165633947472896,0.121624889606101,-0.17944982933931
10,13,283,16.2717079533052,1.82916259765625,1.38333333333333,1.5,1,283,0.628197838815143,0.780653532755061,0.5559667280117,1.00409116224233,0.528741576145634,19.8633796658021,1.22073108261307,19.6324225140291,0.63147743405854,1.0732612121144,0.684187420534228,0.728458265754068,0.230957151772966,-0.00327959524339627,-0.292607679359342,-0.128220692522528,0.275632896488263
10,13,283,16.2717079533052,1.82916259765625,1.38333333333333,1.5,2,1183,0.595169817487115,0.916066404955754,0.382505220402809,0.368339395390946,-0.329746497745625,18.8716068490873,1.15978033180309,19.6324225140291,0.63147743405854,1.0732612121144,0.684187420534228,0.728458265754068,-0.760815664941827,-0.0363076165714245,-0.157194807158649,-0.301682200131419,-0.360118870363121
10,13,283,16.2717079533052,1.82916259765625,1.38333333333333,1.5,3,2083,0.67106464587336,1.5230636986324,1.11409031318818,0.812944239628926,-1.11495352983867,20.162281027198,1.23910047335273,19.6324225140291,0.63147743405854,1.0732612121144,0.684187420534228,0.728458265754068,0.529858513168861,0.0395872118148206,0.449802486517992,0.429902892653948,0.0844859738748585
10,14,284,17.8400927468495,1.845947265625,1.4,1.5,1,284,0.768829321968197,-0.0454559673191046,1.48684112709368,0.121881315966855,0.248551638571283,21.674486106434,1.21493124581775,23.5795149553532,1.07366031413008,0.792515916126297,1.5070483679911,0.529825903186488,-1.90502884891917,-0.304830992161881,-0.837971883445402,-0.0202072408974217,-0.407944587219633
10,14,284,17.8400927468495,1.845947265625,1.4,1.5,2,1184,0.858823260356263,0.998431675003637,1.79719924925754,0.942090123397403,0.641800198728526,24.1608386135792,1.35430005641904,23.5795149553532,1.07366031413008,0.792515916126297,1.5070483679911,0.529825903186488,0.581323658225966,-0.214837053773815,0.20591575887734,0.290150881266434,0.412264220210915
10,14,284,17.8400927468495,1.845947265625,1.4,1.5,3,2084,1.59332836006577,1.42457204069436,1.23710472762209,0.525506270195205,0.271869321285534,24.9032201460464,1.39591315468045,23.5795149553532,1.07366031413008,0.792515916126297,1.5070483679911,0.529825903186488,1.32370519069321,0.519668045935696,0.632056124568062,-0.269943640369012,-0.00431963299128246
10,15,285,19.4616381210038,1.85601806640625,1.41666666666667,1.5,1,285,0.438815117125865,1.12864975871417,1.37119587946709,2.14385618747854,-0.583207273041918,23.3485939438721,1.19972398000111,23.3679681460519,0.721992414596164,0.699325135250491,1.11951116274728,1.4946729863544,-0.0193742021798116,-0.283177297470299,0.429324623463678,0.251684716719818,0.649183201124141
10,15,285,19.4616381210038,1.85601806640625,1.41666666666667,1.5,2,1185,1.38532513042707,0.782266123939327,0.913598297035244,1.37743254059716,-0.280561458759552,24.2308729199638,1.24505824069418,23.3679681460519,0.721992414596164,0.699325135250491,1.11951116274728,1.4946729863544,0.862904773911882,0.663332715830909,0.0829409886888361,-0.205912865712034,-0.117240445757245
10,15,285,19.4616381210038,1.85601806640625,1.41666666666667,1.5,3,2085,0.341836996235554,0.187059523097976,1.07373931173949,0.962730230987505,0.552733853872041,22.5244375743198,1.15737624110945,23.3679681460519,0.721992414596164,0.699325135250491,1.11951116274728,1.4946729863544,-0.843530571732074,-0.38015541836061,-0.512265612152514,-0.0457718510077842,-0.531942755366896
10,16,286,21.1381459596826,1.859375,1.43333333333333,1.5,1,286,1.15133711485093,1.45439383026334,0.734429292367263,1.27642724311889,-0.390843794179763,26.0743447086905,1.23352089433117,26.7299175924323,1.30498242026072,1.1649044912466,1.06499417397879,0.980205711647301,-0.655572883741879,-0.153645305409782,0.289489339016742,-0.330564881611529,0.296221531471592
10,16,286,21.1381459596826,1.859375,1.43333333333333,1.5,2,1186,1.15973278768252,0.982146709326528,1.69738275813417,0.903467993757127,-0.0968469119283542,27.151494953754,1.28447854440692,26.7299175924323,1.30498242026072,1.1649044912466,1.06499417397879,0.980205711647301,0.421577361321685,-0.1452496325782,-0.182757781920069,0.632388584155376,-0.076737717890174
10,16,286,21.1381459596826,1.859375,1.43333333333333,1.5,3,2086,1.6038773582487,1.05817293414992,0.763170471434944,0.760721898065883,0.182087446075625,26.9639131148525,1.27560445302448,26.7299175924323,1.30498242026072,1.1649044912466,1.06499417397879,0.980205711647301,0.233995522420191,0.298894937987983,-0.106731557096672,-0.301823702543847,-0.219483813581418
10,17,287,22.8714792218598,1.85601806640625,1.45,1.5,1,287,0.793523438163956,1.92381961805913,0.85712455420424,0.729790580629882,-0.411982513111146,28.0075158235898,1.22456075323809,28.4830985970842,1.25864867360168,1.29520621008805,0.801395854487789,1.04452876567572,-0.475582773494363,-0.465125235437719,0.628613407971077,0.0557286997164509,-0.314738185045836
10,17,287,22.8714792218598,1.85601806640625,1.45,1.5,2,1187,1.07247327886064,0.994423602329787,0.443517262547686,1.23367389333178,0.608503473951397,27.5777025943142,1.20576821143935,28.4830985970842,1.25864867360168,1.29520621008805,0.801395854487789,1.04452876567572,-0.905396002770004,-0.186175394741035,-0.300782607758264,-0.357878591940104,0.189145127656062
10,17,287,22.8714792218598,1.85601806640625,1.45,1.5,3,2087,1.90994930378043,0.967375409875237,1.10354574671144,1.17012182306549,0.38968477336602,29.8640773733485,1.30573440762876,28.4830985970842,1.25864867360168,1.29520621008805,0.801395854487789,1.04452876567572,1.38097877626437,0.651300630178754,-0.327830800212814,0.302149892223653,0.125593057389774
10,18,288,24.6635640117153,1.845947265625,1.46666666666667,1.5,1,288,1.2057422613446,0.548020716536493,2.3123234473424,1.18142456762313,0.956553717084602,32.1181032477779,1.30224906799851,32.1317805208844,1.41415116176215,1.31179728182311,1.68572389004661,1.17364136514158,-0.0136772731064596,-0.208408900417554,-0.763776565286621,0.626599557295793,0.00778320248154429
10,18,288,24.6635640117153,1.845947265625,1.46666666666667,1.5,2,1188,1.04319495435255,1.34148883580282,1.55329561486736,1.00393783260444,0.230816766579567,31.1175240332742,1.26167994287011,32.1317805208844,1.41415116176215,1.31179728182311,1.68572389004661,1.17364136514158,-1.01425648761012,-0.370956207409601,0.0296915539797071,-0.132428275179243,-0.169703532537143
10,18,288,24.6635640117153,1.845947265625,1.46666666666667,1.5,3,2088,1.99351626958931,2.04588229313003,1.19155260793006,1.33556169519718,0.0282680879058759,33.1597142816009,1.34448185452232,32.1317805208844,1.41415116176215,1.31179728182311,1.68572389004661,1.17364136514158,1.02793376071658,0.579365107827155,0.734085011306914,-0.494171282116549,0.161920330055599
10,19,289,26.5163917189489,1.82916259765625,1.48333333333333,1.5,1,289,1.32818162203565,1.01755115809967,0.688896874714742,0.450181513075708,-0.868110062863494,30.6204546652607,1.15477456321401,30.9403424976518,1.61472317515302,0.97342557131524,0.689599748408627,1.04982304885145,-0.319887832391146,-0.286541553117361,0.0441255867844254,-0.00070287369388522,-0.599641535775741
10,19,289,26.5163917189489,1.82916259765625,1.48333333333333,1.5,2,1189,1.49612848978538,0.855746282390175,0.622173567664235,1.17290915755547,-1.60383572673434,29.8518356040597,1.12578800013454,30.9403424976518,1.61472317515302,0.97342557131524,0.689599748408627,1.04982304885145,-1.08850689359218,-0.118594685367638,-0.117679288925065,-0.0674261807443916,0.12308610870402
10,19,289,26.5163917189489,1.82916259765625,1.48333333333333,1.5,3,2089,2.01985941363801,1.04697927345588,0.757728802846904,1.52637847592317,-0.551918247160834,32.3487372236352,1.21995245682385,30.9403424976518,1.61472317515302,0.97342557131524,0.689599748408627,1.04982304885145,1.40839472598332,0.405136238484999,0.0735537021406397,0.0681290544382769,0.476555427071721
10,20,290,28.4320212316403,1.8056640625,1.5,1.5,1,290,1.67847320838051,2.29449209193962,1.47652605824316,1.71143990917931,-0.203256856574787,36.9160503525814,1.29839697472861,33.7452341622295,0.930292218383981,1.60076265978688,0.863373851722424,1.97193705484937,3.17081619035186,0.748180989996527,0.693729432152739,0.613152206520736,-0.260497145670063
10,20,290,28.4320212316403,1.8056640625,1.5,1.5,2,1190,0.189614945996606,1.32491951265179,0.261199798435395,2.58812710217812,0.0728678012172246,31.2264488931872,1.09828452359332,33.7452341622295,0.930292218383981,1.60076265978688,0.863373851722424,1.97193705484937,-2.51878526904233,-0.740677272387375,-0.275843147135093,-0.602174053287029,0.616190047328745
10,20,290,28.4320212316403,1.8056640625,1.5,1.5,3,2090,0.922788500774829,1.18287637476924,0.852395698488717,1.61624415319069,-0.0579721337445544,33.09320324092,1.16394128195475,33.7452341622295,0.930292218383981,1.60076265978688,0.863373851722424,1.97193705484937,-0.652030921309532,-0.00750371760915192,-0.417886285017645,-0.0109781532337069,-0.355692901658683
10,21,291,30.4125812241143,1.77545166015625,1.51666666666667,1.5,1,291,1.40458765969216,0.865603489850959,1.6461490974378,1.15499657774756,-0.90873173204667,35.7796825900671,1.17647635123115,37.8945808677965,1.56781882804953,1.6192916395427,1.7532788537917,1.48185088797564,-2.11489827772946,-0.163231168357368,-0.753688149691741,-0.107129756353893,-0.32685431022808
10,21,291,30.4125812241143,1.77545166015625,1.51666666666667,1.5,2,1191,1.46572138666841,1.80155236421906,2.17923960876758,1.84966022402176,-1.0803377684252,37.935774757193,1.24737109545682,37.8945808677965,1.56781882804953,1.6192916395427,1.7532788537917,1.48185088797564,0.0411938893964816,-0.102097441381123,0.182260724676364,0.425960754975881,0.367809336046122
10,21,291,30.4125812241143,1.77545166015625,1.51666666666667,1.5,3,2091,1.83314743778802,2.19071906455808,1.43444785516971,1.4408958621576,0.826777006282294,39.9682852561295,1.31420233493494,37.8945808677965,1.56781882804953,1.6192916395427,1.7532788537917,1.48185088797564,2.07370438833298,0.265328609738491,0.571427425015376,-0.318830998621989,-0.0409550258180416
10,22,292,32.4602725223537,1.738525390625,1.53333333333333,1.5,1,292,1.37111193577941,1.31080007900502,1.34705898694421,1.62129106936353,-0.485013603879703,38.3894537671061,1.18265962618365,39.1169416406634,1.07425920617444,1.84979304138199,1.60786396712685,1.73837150185641,-0.727487873557287,0.296852729604965,-0.538992962376963,-0.260804980182647,-0.117080432492883
10,22,292,32.4602725223537,1.738525390625,1.53333333333333,1.5,2,1192,1.21311307430259,1.97333703835903,1.9088917632893,1.31036894978057,-0.926204466313918,39.5322170411651,1.21786460708059,39.1169416406634,1.07425920617444,1.84979304138199,1.60786396712685,1.73837150185641,0.415275400501663,0.138853868128151,0.123543996977049,0.301027796162443,-0.428002552075842
10,22,292,32.4602725223537,1.738525390625,1.53333333333333,1.5,3,2092,0.638552608441328,2.2652420067819,1.56764115114706,2.28345448642514,0.0339088645541466,39.429154113719,1.21468955895445,39.1169416406634,1.07425920617444,1.84979304138199,1.60786396712685,1.73837150185641,0.312212473055631,-0.435706597733116,0.415448965399914,-0.0402228159797959,0.545082984568726
10,23,293,34.5773705495876,1.69488525390625,1.55,1.5,1,293,2.19444204241117,2.03629446458838,1.66417082360254,1.23649927930628,-1.09448826420593,42.8547223991321,1.23938638820653,43.0758656260975,1.96858557390451,1.84573899243646,1.6585584271412,1.19187301485268,-0.221143226965445,0.225856468506656,0.190555472151925,0.00561239646133527,0.044626264453602
10,23,293,34.5773705495876,1.69488525390625,1.55,1.5,2,1193,1.96037351241418,2.0828809496656,1.58155274091089,1.64091022290283,0.784317054259622,44.2850903455344,1.28075355764907,43.0758656260975,1.96858557390451,1.84573899243646,1.6585584271412,1.19187301485268,1.2092247194369,-0.00821206149033671,0.237141957229141,-0.0770056862303101,0.449037208050158
10,23,293,34.5773705495876,1.69488525390625,1.55,1.5,3,2093,1.75094116688819,1.41804156305539,1.72995171691017,0.698209542348917,-0.250122778278853,42.0877841336261,1.21720603575878,43.0758656260975,1.96858557390451,1.84573899243646,1.6585584271412,1.19187301485268,-0.988081492471451,-0.21764440701632,-0.427697429381066,0.0713932897689746,-0.49366347250376
10,24,294,36.766227854774,1.64453125,1.56666666666667,1.5,1,294,2.27165283484469,1.53292435387016,1.52438747878058,1.21904693213008,-0.412622565237247,44.7775720714908,1.21789954216574,45.7423161451283,2.08565369152733,1.92833172350601,1.75624880247882,2.08253733326389,-0.964744073637583,0.185999143317362,-0.39540736963585,-0.231861323698239,-0.863490401133814
10,24,294,36.766227854774,1.64453125,1.56666666666667,1.5,2,1194,1.92728551325454,2.98613869282366,2.09979183321587,2.64583007736187,-0.570314949021291,47.1933658618863,1.28360641315447,45.7423161451283,2.08565369152733,1.92833172350601,1.75624880247882,2.08253733326389,1.45104971675801,-0.158368178272783,1.05780696931765,0.343543030737053,0.563292744097981
10,24,294,36.766227854774,1.64453125,1.56666666666667,1.5,3,2094,2.05802272648275,1.26593212382421,1.64456709544,2.38273499029972,0.65515565650487,45.2560105020079,1.23091252876875,45.7423161451283,2.08565369152733,1.92833172350601,1.75624880247882,2.08253733326389,-0.486305643120424,-0.0276309650445792,-0.662399599681803,-0.111681707038815,0.300197657035833
10,25,295,39.0292767267848,1.58746337890625,1.58333333333333,1.5,1,295,1.14392550208966,2.12716203470843,1.64100241641277,1.08947871078359,0.297667658427552,46.9723944075507,1.2035169069714,46.8280729644814,1.5379060065993,1.69151994455948,1.65587897353321,2.01976124058237,0.144321443069288,-0.393980504509646,0.435642090148952,-0.014876557120443,-0.930282529798779
10,25,295,39.0292767267848,1.58746337890625,1.58333333333333,1.5,2,1195,1.05729940408486,1.42073729683804,1.75888856042269,2.68967986022046,0.333589892718465,45.9291242646549,1.17678645664307,46.8280729644814,1.5379060065993,1.69151994455948,1.65587897353321,2.01976124058237,-0.898948699826519,-0.480606602514444,-0.270782647721435,0.103009586889479,0.669918619638091
10,25,295,39.0292767267848,1.58746337890625,1.58333333333333,1.5,3,2095,2.41249311362339,1.52666050213196,1.56774594376417,2.28012515074306,-0.045152352641917,47.5827002212387,1.21915403542654,46.8280729644814,1.5379060065993,1.69151994455948,1.65587897353321,2.01976124058237,0.754627256757239,0.87458710702409,-0.164859442427517,-0.0881330297690364,0.260363910160689
10,26,296,41.369031897199,1.523681640625,1.6,1.5,1,296,1.86102421921225,3.19344912043609,1.85364036998179,2.23936682630728,0.273386878677878,52.3680063591195,1.265874591633,52.274573376295,1.92545986799191,2.85770494822569,1.98574129647594,2.13439237212049,0.0934329828245382,-0.0644356487796589,0.335744172210399,-0.132100926494154,0.104974454186794
10,26,296,41.369031897199,1.523681640625,1.6,1.5,2,1196,1.73303745382713,3.33253496320819,1.87356013656278,1.50953413949966,0.498658811376809,52.650684205465,1.27270767022783,52.274573376295,1.92545986799191,2.85770494822569,1.98574129647594,2.13439237212049,0.376110829170031,-0.192422414164782,0.474830014982505,-0.11218115991316,-0.624858232620833
10,26,296,41.369031897199,1.523681640625,1.6,1.5,3,2096,2.18231793093635,2.04713076103278,2.23002338288326,2.65427615055453,0.490395609749588,51.8050295643004,1.25226593875908,52.274573376295,1.92545986799191,2.85770494822569,1.98574129647594,2.13439237212049,-0.469543811994569,0.256858062944441,-0.810574187192904,0.244282086407314,0.51988377843404
10,27,297,43.7880933347085,1.45318603515625,1.61666666666667,1.5,1,297,2.33734438118606,2.62638655777786,2.50586552658545,2.760287384949,0.104189253763693,55.2936686941817,1.26275579691325,54.5342979244238,2.59618942513614,2.5425522020506,1.716132998308,2.54761605025255,0.759370769757922,-0.258845043950077,0.0838343557272574,0.789732528277449,0.21267133469645
10,27,297,43.7880933347085,1.45318603515625,1.61666666666667,1.5,2,1197,3.09781773830797,2.72978264544749,1.08045376586714,2.4605068073229,0.011308232936203,54.334936303354,1.24086097761844,54.5342979244238,2.59618942513614,2.5425522020506,1.716132998308,2.54761605025255,-0.199361621069841,0.501628313171826,0.187230443396888,-0.635679232440855,-0.0871092429296496
10,27,297,43.7880933347085,1.45318603515625,1.61666666666667,1.5,3,2097,2.35340615591439,2.27148740292646,1.5620797024714,2.42205395848575,0.750900958430138,53.9742887757357,1.23262477685808,54.5342979244238,2.59618942513614,2.5425522020506,1.716132998308,2.54761605025255,-0.560009148688088,-0.242783269221748,-0.271064799124145,-0.154053295836593,-0.1255620917668
10,28,298,46.2891491342386,1.3759765625,1.63333333333333,1.5,1,298,2.06375049810441,2.8827719142109,1.74809031339648,2.18545235123125,1.00252092945161,57.4620053099021,1.24137095592883,57.1271166515361,2.17848263121979,2.67662716924746,2.24444325127624,2.37915259275483,0.334888658366026,-0.114732133115377,0.206144744963439,-0.49635293787976,-0.19370024152358
10,28,298,46.2891491342386,1.3759765625,1.63333333333333,1.5,2,1198,2.19425390279927,2.91830665619539,2.9035712098076,2.47804186046381,-0.502263832939697,57.9280515968888,1.25143911003629,57.1271166515361,2.17848263121979,2.67662716924746,2.24444325127624,2.37915259275483,0.800934945352651,0.0157712715794838,0.241679486947931,0.659127958531358,0.0988892677089801
10,28,298,46.2891491342386,1.3759765625,1.63333333333333,1.5,3,2098,2.27744349275568,2.22880293733609,2.08166823062464,2.47396356656943,-0.194445431790402,55.9912930478174,1.20959866610299,57.1271166515361,2.17848263121979,2.67662716924746,2.24444325127624,2.37915259275483,-1.13582360371867,0.0989608615358932,-0.44782423191137,-0.162775020651597,0.0948109738145995
10,29,299,48.8749785039976,1.29205322265625,1.65,1.5,1,299,2.52794710759596,2.60339285301071,2.836971012619,2.40374690835322,-0.505563884820956,60.1867115526467,1.23144221020422,60.802425880654,2.62076867530349,2.98485656589296,2.58010568794787,2.06244969267941,-0.615714328007307,-0.0928215677075253,-0.381463712882248,0.256865324671129,0.341297215673805
10,29,299,48.8749785039976,1.29205322265625,1.65,1.5,2,1199,2.45444118307357,3.20260106577325,2.40380801090888,2.20557153381841,-0.0834654485005476,60.8527854707967,1.24507032705537,60.802425880654,2.62076867530349,2.98485656589296,2.58010568794787,2.06244969267941,0.0503595901426479,-0.166327492229915,0.217744499880288,-0.176297677038983,0.143121841138992
10,29,299,48.8749785039976,1.29205322265625,1.65,1.5,3,2099,2.87991773524093,3.14857577889492,2.49953804031572,1.57803063586662,-0.172661971932048,61.3677806185187,1.25560731680934,60.802425880654,2.62076867530349,2.98485656589296,2.58010568794787,2.06244969267941,0.565354737864659,0.259149059937441,0.163719213001959,-0.0805676476321455,-0.484419056812797
10,30,300,51.5484548537714,1.201416015625,1.66666666666667,1.5,1,300,1.83517019478641,2.42164606780148,2.73097649748187,1.8464716449214,-0.182821356477922,61.7029778865994,1.19698986248247,61.9952899814392,1.95729366147616,2.5391152738079,2.2774813941044,2.27177379485271,-0.292312094839808,-0.122123466689747,-0.117469206006416,0.453495103377468,-0.425302149931315
10,30,300,51.5484548537714,1.201416015625,1.66666666666667,1.5,2,1200,2.1148021781239,3.17934526313603,1.9657564205464,1.64325851237735,0.787745334344679,63.1245007975057,1.22456630323008,61.9952899814392,1.95729366147616,2.5391152738079,2.2774813941044,2.27177379485271,1.12921081606647,0.157508516647734,0.640229989328129,-0.311724973557996,-0.628515282475361
10,30,300,51.5484548537714,1.201416015625,1.66666666666667,1.5,3,2100,1.92190861151817,2.01635449048619,2.13571126428493,3.32559122725939,0.736766906091303,61.1583912602126,1.18642530476814,61.9952899814392,1.95729366147616,2.5391152738079,2.2774813941044,2.27177379485271,-0.83689872122666,-0.0353850499579869,-0.522760783321713,-0.141770129819472,1.05381743240668
11,1,301,1.01685340540722,1.10926818847656,1.2,1.5,1,301,-0.416739697787663,-0.769705086217074,0.944859634154197,0.103224791207921,0.387689853517556,1.4359105170644,1.41211162732877,1.37955501391355,0.242032269944929,-0.210619495595831,0.0753098870307763,0.447766703593062,0.0563555031508411,-0.658771967732593,-0.559085590621243,0.869549747123421,-0.344541912385141
11,1,301,1.01685340540722,1.10926818847656,1.2,1.5,2,1201,0.429042127613755,0.26824690025297,-0.348044039210039,1.09140339321674,-0.105139919638064,1.18746649093591,1.16778533131858,1.37955501391355,0.242032269944929,-0.210619495595831,0.0753098870307763,0.447766703593062,-0.192088522977649,0.187009857668826,0.478866395848801,-0.423353926240815,0.643636689623675
11,1,301,1.01685340540722,1.10926818847656,1.2,1.5,3,2101,0.713794380008696,-0.130400300823389,-0.370885933851829,0.148671926354528,0.419454491241952,1.51528803374036,1.49017353502743,1.37955501391355,0.242032269944929,-0.210619495595831,0.0753098870307763,0.447766703593062,0.135733019826808,0.471762110063767,0.080219194772442,-0.446195820882606,-0.299094777238534
11,2,302,2.06817317241739,1.21148681640625,1.21666666666667,1.5,1,302,-0.555752973993967,0.270489341337773,1.12132400058788,0.737489830378517,-0.871110482436956,2.53485665498428,1.22565009970679,2.40634801313099,-0.407680952851724,0.149372355380169,0.5208552993663,0.368393211301183,0.128508641853294,-0.148072021142243,0.121116985957603,0.600468701221577,0.369096619077334
11,2,302,2.06817317241739,1.21148681640625,1.21666666666667,1.5,2,1202,0.240025993355413,0.0365652388694814,-0.142833971879064,-0.0791195160717522,0.284321843748546,2.47352009218344,1.1959927365716,2.40634801313099,-0.407680952851724,0.149372355380169,0.5208552993663,0.368393211301183,0.0671720790524519,0.647706946207137,-0.112807116510688,-0.663689271245363,-0.447512727372935
11,2,302,2.06817317241739,1.21148681640625,1.21666666666667,1.5,3,2102,-0.907315877916618,0.141062485933254,0.584075869390086,0.446809319596784,0.193955515582645,2.21066729222524,1.06889854375265,2.40634801313099,-0.407680952851724,0.149372355380169,0.5208552993663,0.368393211301183,-0.195680720905745,-0.499634925064894,-0.00830986944691567,0.0632205700237864,0.078416108295601
11,3,303,3.15512754226943,1.30665588378906,1.23333333333333,1.5,1,303,-0.264004945547838,-0.506441929513225,0.470602692897521,0.0582790056440521,-0.172315159015608,2.7191410940843,0.86181653757441,4.27398026851411,0.0849628745018073,0.0472346942266622,0.783556464817758,0.112146340969994,-1.55483917442981,-0.348967820049646,-0.553676623739887,-0.312953771920237,-0.0538673353259417
11,3,303,3.15512754226943,1.30665588378906,1.23333333333333,1.5,2,1203,-0.107289635839929,0.408093732918758,0.596335065798975,0.415756443994359,-0.419612841623333,3.99314226933787,1.26560407331923,4.27398026851411,0.0849628745018073,0.0472346942266622,0.783556464817758,0.112146340969994,-0.28083799917624,-0.192252510341736,0.360859038692096,-0.187221399018782,0.303610103024365
11,3,303,3.15512754226943,1.30665588378906,1.23333333333333,1.5,3,2103,0.626183204893189,0.240052279274453,1.28373163575678,-0.13759642672843,-0.0853380005598446,6.10965744212016,1.93642170095146,4.27398026851411,0.0849628745018073,0.0472346942266622,0.783556464817758,0.112146340969994,1.83567717360605,0.541220330391382,0.192817585047791,0.500175170939019,-0.249742767698424
11,4,304,4.27892435387168,1.394775390625,1.25,1.5,1,304,0.123827685698269,0.0949737876425992,2.11738476221122,0.510176333526652,-0.739869417041667,7.00656112339009,1.63745851619236,5.33870043786957,0.0644052240753304,0.428396427646615,0.554313586731465,1.08936831170512,1.66786068552052,0.0594224616229383,-0.333422640004016,1.56307117547976,-0.579191978178465
11,4,304,4.27892435387168,1.394775390625,1.25,1.5,2,1204,0.941325361754977,0.384674130544826,0.416883641624899,1.77801514235186,0.126346992376451,6.82437692101353,1.59488141332498,5.33870043786957,0.0644052240753304,0.428396427646615,0.554313586731465,1.08936831170512,1.48567648314396,0.876920137679647,-0.0437222971017895,-0.137429945106567,0.688646830646746
11,4,304,4.27892435387168,1.394775390625,1.25,1.5,3,2104,-0.871937375227255,0.80554136475242,-0.871327643641725,0.979913459236836,-0.57753953201139,2.1851632692051,0.510680509513543,5.33870043786957,0.0644052240753304,0.428396427646615,0.554313586731465,1.08936831170512,-3.15353716866447,-0.936342599302585,0.377144937105805,-1.42564123037319,-0.109454852468281
11,5,305,5.44081238596938,1.47584533691406,1.26666666666667,1.5,1,305,-0.464717977629162,0.518612331461159,0.20001043226176,-0.400439272749543,0.104367619940956,5.81625274722298,1.06900446746184,5.23056679468167,-0.306811904682746,0.179739690359608,0.057809202455645,-0.0700886425197491,0.585685952541302,-0.157906072946415,0.338872641101551,0.142201229806115,-0.330350630229793
11,5,305,5.44081238596938,1.47584533691406,1.26666666666667,1.5,2,1205,0.163739617545796,0.0889609960209431,-0.0723709659685358,0.34401785173453,-0.545988376985321,5.1406058393475,0.944823212909153,5.23056679468167,-0.306811904682746,0.179739690359608,0.057809202455645,-0.0700886425197491,-0.089960955334174,0.470551522228542,-0.0907786943386653,-0.130180168424181,0.414106494254279
11,5,305,5.44081238596938,1.47584533691406,1.26666666666667,1.5,3,2105,-0.619457353964874,-0.0683542564032774,0.0457881410737105,-0.153844506544235,0.226152505271608,4.73484179747455,0.870245371754526,5.23056679468167,-0.306811904682746,0.179739690359608,0.057809202455645,-0.0700886425197491,-0.495724997207127,-0.312645449282127,-0.248093946762886,-0.0120210613819346,-0.0837558640244859
11,6,306,6.6420827448051,1.54986572265625,1.28333333333333,1.5,1,306,0.480531692364049,-0.436212994861333,1.11952535342919,0.414048297585502,0.0874284855040532,8.59375218235926,1.29383395427897,8.57197018494081,0.0828591245630367,0.309891872246247,0.784736587438773,0.327893945058896,0.0217819974184525,0.397672567801013,-0.74610486710758,0.334788765990416,0.0861543525266056
11,6,306,6.6420827448051,1.54986572265625,1.28333333333333,1.5,2,1206,-0.861389837547061,0.328644561563555,0.200741159185293,0.462687008751248,-0.134862072310708,5.89505434888693,0.88753100125071,8.57197018494081,0.0828591245630367,0.309891872246247,0.784736587438773,0.327893945058896,-2.67691583605388,-0.944248962110098,0.0187526893173073,-0.58399542825348,0.134793063692352
11,6,306,6.6420827448051,1.54986572265625,1.28333333333333,1.5,3,2106,0.629435518872122,1.03724405003652,1.03394324970184,0.106946528839938,0.727436004682598,11.2271040235762,1.69029872931908,8.57197018494081,0.0828591245630367,0.309891872246247,0.784736587438773,0.327893945058896,2.65513383863543,0.546576394309085,0.727352177790273,0.249206662263064,-0.220947416218958
11,7,307,7.88407029881404,1.61683654785156,1.3,1.5,1,307,0.636006677679842,-0.394606352279874,-0.287798368995888,0.460928843340997,-0.0314457015135831,7.93625762699321,1.00661933826072,10.1345750165313,0.521947744748748,0.146022156079773,0.693214703168867,0.780734661615447,-2.19831738953814,0.114058932931094,-0.540628508359647,-0.981013072164755,-0.31980581827445
11,7,307,7.88407029881404,1.61683654785156,1.3,1.5,2,1207,0.542152316884425,0.091738966580101,1.59401726532173,0.879277505847865,0.398833014098318,11.6697615478902,1.4801696465905,10.1345750165313,0.521947744748748,0.146022156079773,0.693214703168867,0.780734661615447,1.53518653135888,0.0202045721356772,-0.0542831894996722,0.900802562152862,0.0985428442324173
11,7,307,7.88407029881404,1.61683654785156,1.3,1.5,3,2107,0.387684239681976,0.740933853939093,0.77342521318076,1.00199763565748,0.16346169826073,10.7977058747106,1.36955981687972,10.1345750165313,0.521947744748748,0.146022156079773,0.693214703168867,0.780734661615447,0.663130858179253,-0.134263505066771,0.59491169785932,0.080210510011893,0.221262974042033
11,8,308,9.16815516194857,1.6767578125,1.31666666666667,1.5,1,308,0.492640987644644,0.520848451134788,1.12130192930476,0.992672471625754,-0.0754016618143305,12.2865298128764,1.34013109462526,11.5065991237961,0.330866089098721,0.474850460100414,0.717073507485538,0.57223797876481,0.779930689080301,0.161774898545923,0.0459979910343734,0.404228421819226,0.420434492860945
11,8,308,9.16815516194857,1.6767578125,1.31666666666667,1.5,2,1208,-0.0992187243034093,0.439858368766791,0.918108594087119,0.593921689185197,0.10405385843941,11.0621529926062,1.20658439971855,11.5065991237961,0.330866089098721,0.474850460100414,0.717073507485538,0.57223797876481,-0.444446131189853,-0.43008481340213,-0.0349920913336234,0.201035086601581,0.0216837104203875
11,8,308,9.16815516194857,1.6767578125,1.31666666666667,1.5,3,2108,0.599176003954929,0.463844560399664,0.111809999064731,0.130119775483477,0.219842688473131,11.1711145659056,1.21846918693852,11.5065991237961,0.330866089098721,0.474850460100414,0.717073507485538,0.57223797876481,-0.335484557890448,0.268309914856207,-0.0110058997007501,-0.605263508420807,-0.442118203281333
11,9,309,10.4957642272801,1.72962951660156,1.33333333333333,1.5,1,309,0.669204284391404,0.690775937009518,0.278722743541689,1.06901473418188,0.197963505231034,13.1903219134226,1.25672810743395,13.0473717626325,0.48573924517885,0.658340849948071,0.575394846439487,0.296487076611806,0.142950150790137,0.183465039212554,0.0324350870614465,-0.296672102897798,0.772527657570076
11,9,309,10.4957642272801,1.72962951660156,1.33333333333333,1.5,2,1209,-0.0729439870235289,0.604914655632016,0.974344256344743,0.170822383600759,-0.326130689190592,12.3115367237681,1.17300050355253,13.0473717626325,0.48573924517885,0.658340849948071,0.575394846439487,0.296487076611806,-0.735835038864341,-0.558683232202379,-0.0534261943160557,0.398949409905256,-0.125664693011047
11,9,309,10.4957642272801,1.72962951660156,1.33333333333333,1.5,3,2109,0.860957438168674,0.679331957202681,0.473117539432029,-0.350375887947223,0.0399027737474379,13.6402566507067,1.29959632813145,13.0473717626325,0.48573924517885,0.658340849948071,0.575394846439487,0.296487076611806,0.592884888074204,0.375218192989824,0.0209911072546092,-0.102277307007458,-0.646862964559029
11,10,310,11.8683727525827,1.77545166015625,1.35,1.5,1,310,1.25080932544572,0.629671898821702,0.0838836736980367,0.625482442734519,0.214975154472453,15.279981974413,1.28745383153625,14.6229821614552,0.688548241937577,0.848158808748448,0.209963861923436,0.652395282949594,0.656999812957844,0.562261083508143,-0.218486909926746,-0.126080188225399,-0.0269128402150746
11,10,310,11.8683727525827,1.77545166015625,1.35,1.5,2,1210,0.995258099772496,1.10237838377586,0.551497771141434,0.979641067843696,-0.341784713317644,15.6090781595996,1.31518266951996,14.6229821614552,0.688548241937577,0.848158808748448,0.209963861923436,0.652395282949594,0.986095998144467,0.306709857834919,0.254219575027411,0.341533909217998,0.327245784894102
11,10,310,11.8683727525827,1.77545166015625,1.35,1.5,3,2110,-0.180422699405484,0.812426143647784,-0.00548985906916322,0.352062338270566,0.343304873638748,12.9798863503529,1.09365341154526,14.6229821614552,0.688548241937577,0.848158808748448,0.209963861923436,0.652395282949594,-1.64309581110231,-0.868970941343062,-0.0357326651006645,-0.215453720992599,-0.300332944679028
11,11,311,13.2875059996601,1.81422424316406,1.36666666666667,1.5,1,311,0.516588956374106,1.36538432408612,1.11196431834892,0.532615353674947,-0.17431144630651,17.5843744821994,1.32337659773393,17.3120310377512,1.04910637508606,1.09417292303701,0.560040809818779,0.902444009309208,0.272343444448175,-0.53251741871195,0.27121140104911,0.551923508530141,-0.369828655634261
11,11,311,13.2875059996601,1.81422424316406,1.36666666666667,1.5,2,1211,0.797087823118941,1.44460069813224,0.776638606294215,0.600616554515476,-0.60455351998343,17.268294062532,1.29958880643017,17.3120310377512,1.04910637508606,1.09417292303701,0.560040809818779,0.902444009309208,-0.0437369752192431,-0.252018551967115,0.350427775095232,0.216597796475436,-0.301827454793732
11,11,311,13.2875059996601,1.81422424316406,1.36666666666667,1.5,3,2111,1.83364234576512,0.47253374689267,-0.208480495186799,1.5741001197372,0.136204793909762,17.0834245685223,1.28567577459301,17.3120310377512,1.04910637508606,1.09417292303701,0.560040809818779,0.902444009309208,-0.228606469228936,0.784535970679065,-0.621639176144342,-0.768521305005578,0.671656110427994
11,12,312,14.7547409292381,1.845947265625,1.38333333333333,1.5,1,312,0.705447828551999,0.513444347188759,0.334453761337189,1.20824039716442,-0.0974421666096546,17.1714635750687,1.16379295694996,18.3043741722688,0.656292956665091,1.16138798853446,0.454945979976644,1.12483084040635,-1.13291059720011,0.0491548718869077,-0.647943641345697,-0.120492218639455,0.0834095567580666
11,12,312,14.7547409292381,1.845947265625,1.38333333333333,1.5,2,1212,0.388133903787539,1.4764632471574,0.507174383028214,1.202750992554,-0.179141088313753,18.095276959094,1.22640424836171,18.3043741722688,0.656292956665091,1.16138798853446,0.454945979976644,1.12483084040635,-0.209097213174744,-0.268159052877552,0.315075258622945,0.0522284030515701,0.0779201521476451
11,12,312,14.7547409292381,1.845947265625,1.38333333333333,1.5,3,2112,0.875297137655736,1.49425637125721,0.523209795564529,0.963501131500639,0.424019355287948,19.6463819826436,1.33153012152943,18.3043741722688,0.656292956665091,1.16138798853446,0.454945979976644,1.12483084040635,1.34200781037486,0.219004180990645,0.332868382722752,0.0682638155878851,-0.161329708905712
11,13,313,16.2717079533052,1.87062072753906,1.4,1.5,1,313,1.2017264929073,0.349842152338326,0.371621364622293,1.67786511110782,-0.0766222987130876,19.4902712012645,1.19780119316273,20.2535270128955,1.36266173703135,0.651040209898543,0.346783932830714,1.28787937123142,-0.763255811631058,-0.160935244124046,-0.301198057560217,0.0248374317915795,0.389985739876402
11,13,313,16.2717079533052,1.87062072753906,1.4,1.5,2,1213,1.74014058166896,0.94575902654272,-0.455227538411243,1.23816915202995,0.330208795050103,20.4982811188001,1.2597498171442,20.2535270128955,1.36266173703135,0.651040209898543,0.346783932830714,1.28787937123142,0.244754105904605,0.377478844637615,0.294718816644176,-0.802011471241957,-0.0497102192014638
11,13,313,16.2717079533052,1.87062072753906,1.4,1.5,3,2113,1.14611813651778,0.657519450814584,1.12395797228109,0.94760385055648,-0.250095766623922,20.772028718622,1.27657334916723,20.2535270128955,1.36266173703135,0.651040209898543,0.346783932830714,1.28787937123142,0.51850170572645,-0.216543600513569,0.00647924091604102,0.777174039450377,-0.340275520674938
11,14,314,17.8400927468495,1.88824462890625,1.41666666666667,1.5,1,314,0.35219932717563,0.836057356566624,0.734494738965121,0.620708476745586,0.764213814807622,21.5555017464179,1.20826175358447,21.9686906452899,0.998258552623987,1.02464167621513,0.624224009726041,0.811428361358443,-0.413188898871955,-0.646059225448357,-0.188584319648511,0.11027072923908,-0.190719884612857
11,14,314,17.8400927468495,1.88824462890625,1.41666666666667,1.5,2,1214,1.9763575951108,1.44001587172613,0.861607453797854,1.02541345679886,-0.886666861136189,24.0177061651215,1.34627697882137,21.9686906452899,0.998258552623987,1.02464167621513,0.624224009726041,0.811428361358443,2.04901551983157,0.978099042486814,0.415374195511,0.237383444071814,0.21398509544042
11,14,314,17.8400927468495,1.88824462890625,1.41666666666667,1.5,3,2114,0.666218735585529,0.797851800352645,0.276569836415147,0.78816315053088,-0.31035747678759,20.3328640243303,1.13972860527426,21.9686906452899,0.998258552623987,1.02464167621513,0.624224009726041,0.811428361358443,-1.63582662095962,-0.332039817038457,-0.226789875862489,-0.347654173310894,-0.0232652108275629
11,15,315,19.4616381210038,1.89881896972656,1.43333333333333,1.5,1,315,1.26915650995725,1.46347214810729,0.883670760728357,0.330194065994754,-0.160155774433858,25.1345303566084,1.29149099373511,23.8077741930705,1.06106347640979,0.917977599615245,0.845943523021556,0.996491621531958,1.32675616353798,0.208093033547463,0.545494548492049,0.0377272377068016,-0.666297555537204
11,15,315,19.4616381210038,1.89881896972656,1.43333333333333,1.5,2,1215,1.07497705363914,-0.352759524497417,1.11527500850503,1.01740041116028,-0.992544001959777,21.6775714681594,1.11386160473121,23.8077741930705,1.06106347640979,0.917977599615245,0.845943523021556,0.996491621531958,-2.13020272491103,0.013913577229355,-1.27073712411266,0.269331485483475,0.0209087896283264
11,15,315,19.4616381210038,1.89881896972656,1.43333333333333,1.5,3,2115,0.839056865632971,1.64322017523586,0.538884799831279,1.64188038744084,0.392756089378151,24.6112207544435,1.26460170523272,23.8077741930705,1.06106347640979,0.917977599615245,0.845943523021556,0.996491621531958,0.803446561373054,-0.222006610776818,0.725242575620613,-0.307058723190276,0.645388765908877
11,16,316,21.1381459596826,1.90234375,1.45,1.5,1,316,1.22028863007942,0.346371590949685,1.53951730991206,0.676267374010517,-0.147443089718113,26.1236260903373,1.23585228998625,26.6663245152996,1.23531627586871,1.11690520276872,1.20897935052412,1.01532947210496,-0.542698424962317,-0.0150276457892873,-0.770533611819037,0.33053795938794,-0.33906209809444
11,16,316,21.1381459596826,1.90234375,1.45,1.5,2,1216,1.46887842611978,1.80415633160754,0.666888884739828,1.17206075940444,0.164560816904968,27.713378477967,1.31106003955246,26.6663245152996,1.23531627586871,1.11690520276872,1.20897935052412,1.01532947210496,1.04705396266746,0.233562150251075,0.687251128838816,-0.542090465784291,0.156731287299482
11,16,316,21.1381459596826,1.90234375,1.45,1.5,3,2116,1.01678177140692,1.20018768574894,1.42053185692047,1.19766028289991,-0.781515359754712,26.1619689775944,1.23766620911285,26.6663245152996,1.23531627586871,1.11690520276872,1.20897935052412,1.01532947210496,-0.504355537705138,-0.218534504461788,0.083282482980221,0.211552506396351,0.182330810794958
11,17,317,22.8714792218598,1.89881896972656,1.46666666666667,1.5,1,317,-0.00435409254162167,0.159742250019835,0.53950670860928,1.1965776476895,0.518199650023516,24.4249599346456,1.06792217930973,25.7141979381928,0.163938788698131,0.816614774539744,1.04912467775751,1.34751369082278,-1.2892380035472,-0.168292881239752,-0.656872524519909,-0.509617969148233,-0.150936043133274
11,17,317,22.8714792218598,1.89881896972656,1.46666666666667,1.5,2,1217,0.86265201414007,1.28931962306397,0.604995042293988,2.24907071456231,-1.19982236079622,26.1081715470537,1.14151652780291,25.7141979381928,0.163938788698131,0.816614774539744,1.04912467775751,1.34751369082278,0.393973608860833,0.698713225441939,0.472704848524229,-0.444129635463525,0.901557023739538
11,17,317,22.8714792218598,1.89881896972656,1.46666666666667,1.5,3,2117,-0.366481555504057,1.00078245053542,2.00287228236927,0.596892710216512,-0.0382574436737503,26.6094623328792,1.16343425253609,25.7141979381928,0.163938788698131,0.816614774539744,1.04912467775751,1.34751369082278,0.895264394686361,-0.530420344202187,0.184167675995681,0.953747604611758,-0.750620980606264
11,18,318,24.6635640117153,1.88824462890625,1.48333333333333,1.5,1,318,1.03171384122511,0.216209307809381,1.66995250062396,2.43834074779826,-0.503688475793523,28.9336428793698,1.17313308269747,29.9459149883812,1.20225483755006,1.09136240056837,0.985393683649738,1.62283076698122,-1.01227210901135,-0.170540996324953,-0.875153092758993,0.684558816974223,0.815509980817043
11,18,318,24.6635640117153,1.88824462890625,1.48333333333333,1.5,2,1218,1.27161828188198,1.18152365296268,0.653340620988382,0.805405003301179,0.180643660538555,29.9779384130803,1.21547471398865,29.9459149883812,1.20225483755006,1.09136240056837,0.985393683649738,1.62283076698122,0.0320234246991831,0.0693634443319211,0.0901612523943032,-0.332053062661355,-0.817425763680042
11,18,318,24.6635640117153,1.88824462890625,1.48333333333333,1.5,3,2118,1.3034323895431,1.87635424093306,0.632887929336869,1.62474654984422,0.0688097675581981,30.9261636726933,1.25392111448302,29.9459149883812,1.20225483755006,1.09136240056837,0.985393683649738,1.62283076698122,0.980248684312166,0.101177551993032,0.784991840364689,-0.352505754312868,0.00191578286299832
11,19,319,26.5163917189489,1.87062072753906,1.5,1.5,1,319,1.88877131034002,1.49414378979139,1.00173064075333,1.78172585289235,0.792432520669725,34.5858106481388,1.30431813704967,35.4469886277735,1.94251902528092,1.68341829148317,1.55906229512486,1.25226702285782,-0.861177979634647,-0.0537477149409036,-0.189274501691782,-0.557331654371534,0.529458830034531
11,19,319,26.5163917189489,1.87062072753906,1.5,1.5,2,1219,1.77240226458138,2.04857000294429,2.10327372609517,1.49310096961033,0.39789594389032,36.4575456700615,1.37490598481424,35.4469886277735,1.94251902528092,1.68341829148317,1.55906229512486,1.25226702285782,1.01055704228802,-0.170116760699541,0.365151711461118,0.54421143097031,0.240833946752514
11,19,319,26.5163917189489,1.87062072753906,1.5,1.5,3,2119,2.16638350092136,1.50754108171384,1.57218251852608,0.48197424607077,0.109150565189196,35.2976095651201,1.33116186920319,35.4469886277735,1.94251902528092,1.68341829148317,1.55906229512486,1.25226702285782,-0.149379062653367,0.223864475640445,-0.175877209769336,0.0131202234012242,-0.770292776787045
11,20,320,28.4320212316403,1.845947265625,1.51666666666667,1.5,1,320,1.95314743029903,2.17154849566106,1.89842167593429,2.21142100799899,-0.328054568950072,37.8505215533339,1.33126383259775,36.4135490126606,1.37579859157807,1.96585933084705,1.38131959029077,1.3485716986724,1.43697254067332,0.577348838720958,0.205689164814006,0.517102085643517,0.862849309326585
11,20,320,28.4320212316403,1.845947265625,1.51666666666667,1.5,2,1220,1.03127968386237,2.00158411779705,0.65839525570931,1.46857782516062,0.344598632788083,34.7036365725049,1.22058281716128,36.4135490126606,1.37579859157807,1.96585933084705,1.38131959029077,1.3485716986724,-1.70991244015569,-0.344518907715698,0.0357247869499986,-0.72292433458146,0.120006126488217
11,20,320,28.4320212316403,1.845947265625,1.51666666666667,1.5,3,2120,1.14296866057281,1.72444537908305,1.58714183922871,0.365716262857602,1.14848622303751,36.6864889121429,1.29032292896985,36.4135490126606,1.37579859157807,1.96585933084705,1.38131959029077,1.3485716986724,0.27293989948236,-0.23282993100526,-0.241413951764005,0.205822248937943,-0.982855435814802
11,21,321,30.4125812241143,1.81422424316406,1.53333333333333,1.5,1,321,0.94243238713291,1.26028864575612,1.36787034530219,1.06458668704611,0.594549444698192,36.7011624612047,1.20677564954941,38.0239030860703,1.58901608231223,1.60454515654799,1.63193939197715,1.66853218853483,-1.32274062486565,-0.646583695179323,-0.344256510791864,-0.264069046674955,-0.603945501488718
11,21,321,30.4125812241143,1.81422424316406,1.53333333333333,1.5,2,1221,1.62336575162351,2.28828752755071,1.82076184531631,1.74753805194789,0.0837472670420639,39.6813283034929,1.30476686641874,38.0239030860703,1.58901608231223,1.60454515654799,1.63193939197715,1.66853218853483,1.65742521742254,0.0343496693112775,0.683742371002724,0.188822453339161,0.0790058634130621
11,21,321,30.4125812241143,1.81422424316406,1.53333333333333,1.5,3,2121,2.20125010818028,1.26505929633713,1.70718598531294,2.19347182661048,-1.21746060781538,37.6892184935134,1.23926404719733,38.0239030860703,1.58901608231223,1.60454515654799,1.63193939197715,1.66853218853483,-0.33468459255689,0.612234025868046,-0.33948586021086,0.0752465933357938,0.524939638075656
11,22,322,32.4602725223537,1.77545166015625,1.55,1.5,1,322,1.14567812327763,2.261772710374,2.69938524718373,1.5612227515994,0.057721501478858,42.1069157216658,1.29718306254727,40.8859575672899,1.75567933250876,1.81839714346706,1.73400364953868,1.56195146031625,1.22095815437589,-0.610001209231129,0.44337556690694,0.965381597645045,-0.000728708716844828
11,22,322,32.4602725223537,1.77545166015625,1.55,1.5,2,1222,2.29305020075407,2.15573237707083,1.06173884146274,1.65658448550538,0.0282117842446757,41.4936775390027,1.27829110215967,40.8859575672899,1.75567933250876,1.81839714346706,1.73400364953868,1.56195146031625,0.607719971712768,0.537370868245312,0.337335233603762,-0.672264808075943,0.0946330251891283
11,22,322,32.4602725223537,1.77545166015625,1.55,1.5,3,2122,1.82830967349457,1.03768634295636,1.44088685996958,1.46804714384396,-0.418812647774819,39.0572794412012,1.20323325733955,40.8859575672899,1.75567933250876,1.81839714346706,1.73400364953868,1.56195146031625,-1.82867812608865,0.0726303409858167,-0.780710800510702,-0.293116789569101,-0.0939043164722833
11,23,323,34.5773705495876,1.72962951660156,1.56666666666667,1.5,1,323,1.40769008604305,1.45803902722421,1.63138719170951,1.95773533464993,-0.656125493289423,41.0873693095612,1.18827338969103,41.8710128733124,1.70870660775888,1.55918643644572,1.59945644783569,1.60798148673494,-0.783643563751276,-0.301016521715835,-0.101147409221505,0.031930743873817,0.34975384791499
11,23,323,34.5773705495876,1.72962951660156,1.56666666666667,1.5,2,1223,1.59333511743578,1.27359962678463,0.911692251905761,1.50621448313389,-0.370609634172205,40.3254848241914,1.16623919584517,41.8710128733124,1.70870660775888,1.55918643644572,1.59945644783569,1.60798148673494,-1.54552804912105,-0.115371490323099,-0.285586809661089,-0.687764195929931,-0.101767003601054
11,23,323,34.5773705495876,1.72962951660156,1.56666666666667,1.5,3,2123,2.12509461979781,1.94592065532832,2.25528989989181,1.35999464242101,-0.48435631989505,44.2001844861848,1.27829802508542,41.8710128733124,1.70870660775888,1.55918643644572,1.59945644783569,1.60798148673494,2.32917161287234,0.416388012038934,0.386734218882595,0.655833452056114,-0.247986844313935
11,24,324,36.766227854774,1.6767578125,1.58333333333333,1.5,1,324,1.77346563819158,0.966561990699762,1.87176700195196,1.78071002129321,-0.120286395519009,43.957654144829,1.19559869776309,45.1981796132113,1.6333999970913,1.4820557944325,2.15629430710022,2.01806952987628,-1.24052546838234,0.14006564110028,-0.515493803732736,-0.284527305148261,-0.237359508583068
11,24,324,36.766227854774,1.6767578125,1.58333333333333,1.5,2,1224,1.72817184169351,2.13477490437632,2.44300942836146,1.75226797768214,0.644335582185014,47.3528634816658,1.28794456882302,45.1981796132113,1.6333999970913,1.4820557944325,2.15629430710022,2.01806952987628,2.15468386845455,0.0947718446022114,0.65271910994382,0.286715121261235,-0.265801552194142
11,24,324,36.766227854774,1.6767578125,1.58333333333333,1.5,3,2124,1.39856251138881,1.34483048822141,2.15410649098725,2.52123059065349,-0.187731935040519,44.2840212131391,1.20447551454177,45.1981796132113,1.6333999970913,1.4820557944325,2.15629430710022,2.01806952987628,-0.914158400072203,-0.234837485702491,-0.137225306211085,-0.00218781611297469,0.503161060777211
11,25,325,39.0292767267848,1.61683654785156,1.6,1.5,1,325,2.09937842168717,1.7469061553638,2.41112376333199,2.62457066781997,0.259048535402703,49.0944125157223,1.25788681300441,49.1055075154778,2.25332577252456,2.12669246142442,2.09081508317809,1.92813926077948,-0.0110949997554712,-0.153947350837393,-0.379786306060614,0.3203086801539,0.696431407040489
11,25,325,39.0292767267848,1.61683654785156,1.6,1.5,2,1225,2.84430367165505,2.38664747003184,1.39618314177287,1.73621777267112,-0.558983765322557,48.9819777556927,1.25500603299875,49.1055075154778,2.25332577252456,2.12669246142442,2.09081508317809,1.92813926077948,-0.12352975978505,0.590977899130484,0.259955008607417,-0.69463194140522,-0.191921488108368
11,25,325,39.0292767267848,1.61683654785156,1.6,1.5,3,2125,1.81629522423147,2.24652375887762,2.46513834442941,1.42362934184736,-0.0179424828404822,49.2401322750183,1.26162041432928,49.1055075154778,2.25332577252456,2.12669246142442,2.09081508317809,1.92813926077948,0.134624759540515,-0.437030548293092,0.119831297453198,0.374323261251321,-0.50450991893212
11,26,326,41.369031897199,1.54986572265625,1.61666666666667,1.5,1,326,2.48090135386917,1.78323720902692,1.98835616617685,2.10347052425064,0.205493325005226,51.2850235957164,1.23969600553279,51.4200815680307,2.36313669836158,2.13303267404375,2.03339087727054,2.16965525263326,-0.135057972314378,0.117764655507588,-0.349795465016828,-0.0450347110936833,-0.0661847283826167
11,26,326,41.369031897199,1.54986572265625,1.61666666666667,1.5,2,1226,2.91045876746876,1.84300704473052,2.18518964329626,1.765369292339,-0.31689329556595,51.8202714031293,1.2526343747154,51.4200815680307,2.36313669836158,2.13303267404375,2.03339087727054,2.16965525263326,0.40018983509858,0.547322069107179,-0.290025629313231,0.151798766025721,-0.404285960294255
11,26,326,41.369031897199,1.54986572265625,1.61666666666667,1.5,3,2126,1.69804997374681,2.7728537683738,1.9266268223385,2.64012594131013,-0.218552133998748,51.1549497052465,1.23655177216535,51.4200815680307,2.36313669836158,2.13303267404375,2.03339087727054,2.16965525263326,-0.265131862784202,-0.665086724614768,0.639821094330058,-0.106764054932038,0.470470688676871
11,27,327,43.7880933347085,1.47584533691406,1.63333333333333,1.5,1,327,1.6149890417278,2.57132504287649,2.10867318508567,2.07314109686353,-0.277331704033892,53.2570763580693,1.21624561158627,53.3492401169159,1.78054464795824,2.41908269878835,1.88393724444049,2.30226190458532,-0.0921637588465671,-0.165555606230439,0.152242344088141,0.224735940645178,-0.229120807721784
11,27,327,43.7880933347085,1.47584533691406,1.63333333333333,1.5,2,1227,1.69731722312375,2.10273820879892,1.66974593678174,2.43992040996336,0.817717817401467,53.0498801739986,1.21151381880217,53.3492401169159,1.78054464795824,2.41908269878835,1.88393724444049,2.30226190458532,-0.299359942917306,-0.08322742483449,-0.316344489989424,-0.214191307658752,0.13765850537804
11,27,327,43.7880933347085,1.47584533691406,1.63333333333333,1.5,3,2127,2.02932767902317,2.58318484468963,1.87339261145407,2.39372420692906,-0.071594138359883,53.7407638186798,1.22729170708336,53.3492401169159,1.78054464795824,2.41908269878835,1.88393724444049,2.30226190458532,0.391523701763866,0.24878303106493,0.164102145901283,-0.0105446329864256,0.0914623023437438
11,28,328,46.2891491342386,1.394775390625,1.65,1.5,1,328,3.10724442709322,2.35374089037022,2.27671716228237,2.1844662913766,-0.113886186738615,57.8079192196007,1.248843850034,56.8472226695432,2.69822763061408,2.32912805590223,2.19872974264367,2.07667468548379,0.96069655005752,0.409016796479143,0.0246128344679883,0.0779874196387063,0.107791605892819
11,28,328,46.2891491342386,1.394775390625,1.65,1.5,2,1228,2.60047413799471,2.19495915206743,2.22860336220262,2.0697596970251,0.0978222409875464,56.9786363510732,1.23092857433683,56.8472226695432,2.69822763061408,2.32912805590223,2.19872974264367,2.07667468548379,0.131413681529935,-0.0977534926193608,-0.134168903834803,0.0298736195589506,-0.00691498845868832
11,28,328,46.2891491342386,1.394775390625,1.65,1.5,3,2128,2.38696432675429,2.43868412526904,2.09086870344601,1.97579806804965,-1.02344765940247,55.7551124379558,1.20449637724525,56.8472226695432,2.69822763061408,2.32912805590223,2.19872974264367,2.07667468548379,-1.09211023158746,-0.311263303859783,0.109556069366814,-0.107861039197657,-0.100876617434131
11,29,329,48.8749785039976,1.30665588378906,1.66666666666667,1.5,1,329,2.37732587877738,2.57305297206049,3.14955679556125,3.04483197886826,0.303261889195019,61.2973440538238,1.25416615884159,60.4425052383321,2.32878135837038,2.52019074794607,2.65957975702427,2.58633068556004,0.854838815491725,0.0485445204070043,0.052862224114425,0.48997703853698,0.458501293308219
11,29,329,48.8749785039976,1.30665588378906,1.66666666666667,1.5,2,1229,1.76359467015424,2.51880994176349,2.17690091438505,2.4456266009825,-0.148758078330487,58.4939997192266,1.196808704774,60.4425052383321,2.32878135837038,2.52019074794607,2.65957975702427,2.58633068556004,-1.94850551910549,-0.56518668821614,-0.00138080618257597,-0.482678842639225,-0.14070408457754
11,29,329,48.8749785039976,1.30665588378906,1.66666666666667,1.5,3,2129,2.84542352617952,2.46870933001422,2.65228156112652,2.26853347682936,0.850266153880457,61.5361719419459,1.25905266509555,60.4425052383321,2.32878135837038,2.52019074794607,2.65957975702427,2.58633068556004,1.09366670361376,0.516642167809136,-0.0514814179318486,-0.00729819589775582,-0.317797208730679
11,30,330,51.5484548537714,1.21148681640625,1.68333333333333,1.5,1,330,2.51797287712492,3.11171110394753,3.36428215855887,3.07567917087212,-0.895908217604604,63.9875078436887,1.24130796985484,63.4412021159427,2.82408062399853,2.72720338268359,2.67904251729653,2.55706121534934,0.546305727746066,-0.306107746873615,0.384507721263943,0.685239641262337,0.518617955522778
11,30,330,51.5484548537714,1.21148681640625,1.68333333333333,1.5,2,1230,3.20850164790152,3.24843272882233,2.10205183712139,2.09916352907222,0.415790157533398,64.4725753073549,1.2507179020253,63.4412021159427,2.82408062399853,2.72720338268359,2.67904251729653,2.55706121534934,1.03137319141219,0.384421023902991,0.521229346138748,-0.576990680175139,-0.457897686277126
11,30,330,51.5484548537714,1.21148681640625,1.68333333333333,1.5,3,2130,2.74576734696916,1.8214663152809,2.57079355620933,2.49634094610369,0.0662821028710009,61.8635231967844,1.20010431684663,63.4412021159427,2.82408062399853,2.72720338268359,2.67904251729653,2.55706121534934,-1.57767891915825,-0.0783132770293755,-0.90573706740269,-0.108248961087198,-0.0607202692456519
12,1,331,1.01685340540722,1.113525390625,1.21666666666667,1.5,1,331,0.110556017782277,0.470824305617633,-0.667594483621275,0.286097013824124,0.533863837617471,1.24526868898119,1.22462951135271,0.957848863910945,0.177152668573161,-0.0790546814724985,-0.321722585022156,-0.125876391579453,0.287419825070246,-0.066596650790884,0.549878987090132,-0.345871898599119,0.411973405403577
12,1,331,1.01685340540722,1.113525390625,1.21666666666667,1.5,2,1231,0.178197176386183,-0.35999082915257,0.778286765424362,0.0878238983842642,-0.32625976581685,1.61846202603499,1.59163751375434,0.957848863910945,0.177152668573161,-0.0790546814724985,-0.321722585022156,-0.125876391579453,0.660613162124042,0.00104450781302162,-0.280936147680071,1.10000935044652,0.213700289963718
12,1,331,1.01685340540722,1.113525390625,1.21666666666667,1.5,3,2131,0.242704811551023,-0.347997520882559,-1.07586003686955,-0.751550086946748,0.759891540265292,0.00981587671665651,0.00965318763202205,0.957848863910945,0.177152668573161,-0.0790546814724985,-0.321722585022156,-0.125876391579453,-0.948032987194288,0.0655521429778624,-0.268942839410061,-0.754137451847399,-0.625673695367295
12,2,332,2.06817317241739,1.2197265625,1.23333333333333,1.5,1,332,0.200155704807441,-0.225433539587751,0.580556580901857,-0.104236474426975,-0.171632682333746,2.73347589240108,1.32168617640758,3.33376028525642,0.0212971237248255,0.458354755120192,0.415347922462552,-0.264695311795216,-0.600284392855336,0.178858581082616,-0.683788294707943,0.165208658439306,0.160458837368241
12,2,332,2.06817317241739,1.2197265625,1.23333333333333,1.5,2,1232,-0.301378934715677,1.01163669624926,0.0910027500340785,-0.0990985816660713,0.467141085794278,3.55190374991955,1.71741119036366,3.33376028525642,0.0212971237248255,0.458354755120192,0.415347922462552,-0.264695311795216,0.218143464663129,-0.322676058440503,0.553281941129072,-0.324345172428473,0.165596730129145
12,2,332,2.06817317241739,1.2197265625,1.23333333333333,1.5,3,2132,0.165114601082712,0.588861108699062,0.574484436451719,-0.590750879292602,-0.141655312505696,3.71590121344863,1.79670699872065,3.33376028525642,0.0212971237248255,0.458354755120192,0.415347922462552,-0.264695311795216,0.382140928192207,0.143817477357887,0.130506353578871,0.159136513989167,-0.326055567497386
12,3,333,3.15512754226943,1.318603515625,1.25,1.5,1,333,0.89249259742835,0.166959087010293,-0.569879843862615,0.256841004279988,0.377815421640487,4.06366593351717,1.28795615361851,4.01549200112878,0.0968731982812043,0.0532917690772068,0.195083600287406,0.797062759873408,0.048173932388389,0.795619399147145,0.113667317933086,-0.764963444150021,-0.540221755593421
12,3,333,3.15512754226943,1.318603515625,1.25,1.5,2,1233,0.0126133056499762,-0.479031672100715,1.26837055315859,0.998151762163121,0.67701998435992,5.15254571541506,1.63307050075982,4.01549200112878,0.0968731982812043,0.0532917690772068,0.195083600287406,0.797062759873408,1.13705371428627,-0.0842598926312282,-0.532323441177922,1.07328695287118,0.201089002289713
12,3,333,3.15512754226943,1.318603515625,1.25,1.5,3,2133,-0.614486308234713,0.471947892322043,-0.113239908433757,1.13619551317712,0.065325615774492,2.83026435445412,0.897036432453808,4.01549200112878,0.0968731982812043,0.0532917690772068,0.195083600287406,0.797062759873408,-1.18522764667466,-0.711359506515917,0.418656123244836,-0.308323508721163,0.339132753303708
12,4,334,4.27892435387168,1.41015625,1.26666666666667,1.5,1,334,-0.866252696203786,0.0992772057079235,0.616970311710127,1.0285177900798,-0.326244989804729,3.78233430523106,0.883945120882706,4.40856011922283,-0.216686883581816,0.334073397694902,0.0486213061409363,0.161868139372638,-0.626225813991774,-0.64956581262197,-0.234796191986978,0.568349005569191,0.866649650707165
12,4,334,4.27892435387168,1.41015625,1.26666666666667,1.5,2,1234,0.294517007374218,0.598309460867644,-0.722743792735189,-0.240831378404177,0.241730148975396,4.60971246285669,1.07730636992582,4.40856011922283,-0.216686883581816,0.334073397694902,0.0486213061409363,0.161868139372638,0.20115234363386,0.511203890956034,0.264236063172743,-0.771365098876125,-0.402699517776814
12,4,334,4.27892435387168,1.41015625,1.26666666666667,1.5,3,2134,-0.0783249619158797,0.304633526509137,0.251637399447871,-0.302081993557713,-0.0981655624642905,4.83363358958075,1.12963754201617,4.40856011922283,-0.216686883581816,0.334073397694902,0.0486213061409363,0.161868139372638,0.425073470357914,0.138361921665936,-0.0294398711857644,0.203016093306934,-0.463950132930351
12,5,335,5.44081238596938,1.494384765625,1.28333333333333,1.5,1,335,1.42688619205926,0.572472416805293,2.19610374139346,0.128283107552495,-0.385288625908816,11.2166692947449,2.06157987062192,7.14981000971711,0.0114351650703758,0.403193897893524,1.12653658133353,0.449655877106262,4.06685928502778,1.41545102698888,0.169278518911768,1.06956716005992,-0.321372769553767
12,5,335,5.44081238596938,1.494384765625,1.28333333333333,1.5,2,1235,-1.12376309349334,0.301872931624873,0.994514003824985,1.04502542664352,-0.57711570621106,5.06353683399298,0.930658231673397,7.14981000971711,0.0114351650703758,0.403193897893524,1.12653658133353,0.449655877106262,-2.08627317572414,-1.13519825856372,-0.101320966268651,-0.132022577508549,0.595369549537258
12,5,335,5.44081238596938,1.494384765625,1.28333333333333,1.5,3,2135,-0.268817603354791,0.335236345250407,0.18899199878216,0.175659097122771,-0.58357952894862,5.16922390041346,0.950083100410469,7.14981000971711,0.0114351650703758,0.403193897893524,1.12653658133353,0.449655877106262,-1.98058610930365,-0.280252768425166,-0.0679575526431171,-0.937544582551373,-0.273996779983491
12,6,336,6.6420827448051,1.5712890625,1.3,1.5,1,336,0.824397423228618,1.34090543351956,0.958402061011663,0.317603923832456,0.185406356361532,11.3036359105319,1.70182100175922,9.64278833306679,0.546881845983221,0.714052816966515,0.666439147283173,0.589115214141183,1.66084757746507,0.277515577245397,0.626852616553045,0.29196291372849,-0.271511290308727
12,6,336,6.6420827448051,1.5712890625,1.3,1.5,2,1236,0.666976806600436,0.38713993183434,-0.103827172965161,0.521254088264976,0.224323099864022,8.26196035775846,1.24388097456634,9.64278833306679,0.546881845983221,0.714052816966515,0.666439147283173,0.589115214141183,-1.38082797530833,0.120094960617215,-0.326912885132175,-0.770266320248334,-0.0678611258762075
12,6,336,6.6420827448051,1.5712890625,1.3,1.5,3,2136,0.149271308120609,0.414113085545646,1.14474255380302,0.928487630326118,0.230676770396112,9.36276873091005,1.40961338342749,9.64278833306679,0.546881845983221,0.714052816966515,0.666439147283173,0.589115214141183,-0.28001960215674,-0.397610537862612,-0.299939731420869,0.478303406519844,0.339372416184934
12,7,337,7.88407029881404,1.640869140625,1.31666666666667,1.5,1,337,1.14959034172839,0.444001963301687,0.559826926117015,-0.325170211244716,-0.88860424849601,10.3061363406101,1.30721010214234,10.3501294933189,0.773965823261726,0.649368752052953,0.703951297743362,-0.1939551499682,-0.0439931527088309,0.375624518466667,-0.205366788751266,-0.144124371626347,-0.131215061276516
12,7,337,7.88407029881404,1.640869140625,1.31666666666667,1.5,2,1237,0.803840910629004,0.815600003997476,1.41724006395047,0.134230444428726,-0.821161392120007,11.5816400854395,1.46899249327871,10.3501294933189,0.773965823261726,0.649368752052953,0.703951297743362,-0.1939551499682,1.23151059212051,0.0298750873672775,0.166231251944523,0.713288766207113,0.328185594396927
12,7,337,7.88407029881404,1.640869140625,1.31666666666667,1.5,3,2137,0.368466217427782,0.688504288859696,0.134786903162596,-0.390925683088611,-0.434774092189341,9.16261205390726,1.16216772639452,10.3501294933189,0.773965823261726,0.649368752052953,0.703951297743362,-0.1939551499682,-1.18751743941168,-0.405499605833945,0.039135536806743,-0.569164394580766,-0.196970533120411
12,8,338,9.16815516194857,1.703125,1.33333333333333,1.5,1,338,0.436153881216644,1.16322343675561,0.274558435135404,0.406092378772536,0.839189558698227,12.7129715346378,1.38664445682613,11.5485845982042,0.378364029879086,0.908219253706814,0.0638723557565006,0.656435275034658,1.16438693643364,0.0577898513375575,0.255004183048796,0.210686079378904,-0.250342896262122
12,8,338,9.16815516194857,1.703125,1.33333333333333,1.5,2,1238,0.682577199375594,1.30119803569904,-0.312465196212134,1.36912602008842,0.648315275535814,12.2452176501181,1.33562504493168,11.5485845982042,0.378364029879086,0.908219253706814,0.0638723557565006,0.656435275034658,0.696633051913949,0.304213169496508,0.392978781992224,-0.376337551968635,0.712690745053758
12,8,338,9.16815516194857,1.703125,1.33333333333333,1.5,3,2138,0.0163610090450208,0.260236288665794,0.229523828346231,0.194087426243022,-0.199722856362187,9.68756460985659,1.05665364936926,11.5485845982042,0.378364029879086,0.908219253706814,0.0638723557565006,0.656435275034658,-1.86101998834759,-0.362003020834065,-0.64798296504102,0.165651472589731,-0.462347848791636
12,9,339,10.4957642272801,1.758056640625,1.35,1.5,1,339,-0.0519522960958805,1.34744198523682,0.505640084168901,0.807066120894176,0.655014894549688,13.6369508490058,1.29928136281503,13.4623070541014,0.33940076656814,0.444561157553814,0.980378865078384,0.738158396216625,0.174643794904323,-0.39135306266402,0.902880827683002,-0.474738780909483,0.0689077246775506
12,9,339,10.4957642272801,1.758056640625,1.35,1.5,2,1239,0.960768596507431,-0.259259031508504,1.26618308454729,0.658584895120649,0.152219186497104,13.8863439592555,1.32304267307785,13.4623070541014,0.33940076656814,0.444561157553814,0.980378865078384,0.738158396216625,0.424036905154063,0.621367829939291,-0.703820189062318,0.285804219468901,-0.0795735010959763
12,9,339,10.4957642272801,1.758056640625,1.35,1.5,3,2139,0.109385999292869,0.245500518933129,1.16931342651896,0.748824172635051,0.0901595039765517,12.863626354043,1.22560168802273,13.4623070541014,0.33940076656814,0.444561157553814,0.980378865078384,0.738158396216625,-0.598680700058384,-0.230014767275271,-0.199060638620685,0.188934561440581,0.0106657764184258
12,10,340,11.8683727525827,1.8056640625,1.36666666666667,1.5,1,340,1.74049020644056,-0.409118062794735,1.2527157728081,0.2964359937127,0.438630949742011,16.769689959287,1.41297297522423,16.0579126375971,1.11704951329913,0.228250969760264,1.10015200593313,0.953888922904675,0.711777321689897,0.623440693141426,-0.637369032554999,0.152563766874972,-0.657452929191975
12,10,340,11.8683727525827,1.8056640625,1.36666666666667,1.5,2,1240,1.55186163251343,0.415458122180007,0.964903431027873,1.01121184598857,-0.26881239767181,16.4168490482341,1.38324346483486,16.0579126375971,1.11704951329913,0.228250969760264,1.10015200593313,0.953888922904675,0.358936410637032,0.434812119214295,0.187207152419743,-0.135248574905259,0.0573229230838919
12,10,340,11.8683727525827,1.8056640625,1.36666666666667,1.5,3,2140,0.0587967009434124,0.67841284989552,1.08283681396342,1.55401892901276,0.461239613664703,14.9871989052701,1.26278464771076,16.0579126375971,1.11704951329913,0.228250969760264,1.10015200593313,0.953888922904675,-1.07071373232693,-1.05825281235572,0.450161880135256,-0.0173151919697132,0.600130006108083
12,11,341,13.2875059996601,1.845947265625,1.38333333333333,1.5,1,341,0.933710999273311,1.87514436604692,2.2313274289531,0.548426162263682,-0.240660282444576,20.7113678330026,1.55870995155392,17.8581774945657,1.20153912672162,1.11088168003711,0.444656575610824,0.399163063626912,2.85319033843696,-0.267828127448304,0.764262686009802,1.78667085334227,0.14926309863677
12,11,341,13.2875059996601,1.845947265625,1.38333333333333,1.5,2,1241,1.05079807488687,1.49875749407026,-0.607912005680033,0.152659446487208,0.242962732376875,16.6315997567089,1.25167204117419,17.8581774945657,1.20153912672162,1.11088168003711,0.444656575610824,0.399163063626912,-1.22657773785678,-0.150741051834743,0.387875814033145,-1.05256858129086,-0.246503617139704
12,11,341,13.2875059996601,1.845947265625,1.38333333333333,1.5,3,2141,1.62010830600466,-0.0412568200058339,-0.289445696440593,0.496403582129847,0.44466487584202,16.2315648939855,1.22156595032963,17.8581774945657,1.20153912672162,1.11088168003711,0.444656575610824,0.399163063626912,-1.62661260058018,0.418569179283047,-1.15213850004295,-0.734102272051416,0.0972405185029347
12,12,342,14.7547409292381,1.87890625,1.4,1.5,1,342,0.664558315710187,1.07218546064684,1.20933987668577,-0.799273045546768,-0.241024498469865,19.0774286635798,1.29296940929514,19.5422630272928,0.879252396286955,1.1035453479453,0.862518120634675,0.147828787133384,-0.464834363712939,-0.214694080576768,-0.031359887298458,0.346821756051097,-0.947101832680152
12,12,342,14.7547409292381,1.87890625,1.4,1.5,2,1242,0.776097829791042,0.699884514897963,0.39042734831786,0.569310178923107,0.385077885319374,18.1635132208972,1.23102894913623,19.5422630272928,0.879252396286955,1.1035453479453,0.862518120634675,0.147828787133384,-1.37874980639551,-0.103154566495913,-0.403660833047334,-0.472090772316815,0.421481391789722
12,12,342,14.7547409292381,1.87890625,1.4,1.5,3,2142,1.19710104335964,1.53856606829109,0.987787136900393,0.673449228023814,0.746192434955043,21.3858471974012,1.44942207389239,19.5422630272928,0.879252396286955,1.1035453479453,0.862518120634675,0.147828787133384,1.84358417010845,0.31784864707268,0.435020720345792,0.125269016265718,0.52562044089043
12,13,343,16.2717079533052,1.904541015625,1.41666666666667,1.5,1,343,0.323976088709365,1.8321662497862,0.230409631431142,0.561082222831418,0.730747396654541,20.560664399999,1.2635836667547,20.9430224271372,0.61545817407567,1.46637658623665,0.650862304098277,0.767469633403529,-0.38235802713816,-0.291482085366305,0.365789663549552,-0.420452672667134,-0.206387410572111
12,13,343,16.2717079533052,1.904541015625,1.41666666666667,1.5,2,1243,0.901469799615463,1.46690645018521,0.880445269604197,0.717675467487066,0.21197780044662,21.5993573369688,1.32741795753416,20.9430224271372,0.61545817407567,1.46637658623665,0.650862304098277,0.767469633403529,0.656334909831575,0.286011625539793,0.000529863948557141,0.22958296550592,-0.0497941659164629
12,13,343,16.2717079533052,1.904541015625,1.41666666666667,1.5,3,2143,0.620928633902182,1.10005705873854,0.841732011259491,1.0236512098921,0.393741356660332,20.6690455444438,1.27024437777261,20.9430224271372,0.61545817407567,1.46637658623665,0.650862304098277,0.767469633403529,-0.273976882693411,0.00547045982651218,-0.36631952749811,0.190869707161214,0.256181576488574
12,14,344,17.8400927468495,1.9228515625,1.43333333333333,1.5,1,344,-0.0235817784606615,0.202791011749649,0.55746913835345,0.837791328136485,-0.274814198242822,18.6468051134184,1.04521906797325,20.6440405639011,0.573825012216422,0.531863773400845,0.800624193791681,0.680066098819765,-1.99723545048273,-0.597406790677084,-0.329072761651196,-0.243155055438232,0.15772522931672
12,14,344,17.8400927468495,1.9228515625,1.43333333333333,1.5,2,1244,0.741142107290452,0.254634003699115,0.701511966146208,0.257809247292568,-0.889912983303269,19.7925293771056,1.10944094618571,20.6440405639011,0.573825012216422,0.531863773400845,0.800624193791681,0.680066098819765,-0.851511186795534,0.16731709507403,-0.27722976970173,-0.0991122276454731,-0.422256851527197
12,14,344,17.8400927468495,1.9228515625,1.43333333333333,1.5,3,2144,1.00391470781948,1.13816630475377,1.14289147687539,0.944597721030242,0.376606570989003,23.4927872011794,1.31685342304782,20.6440405639011,0.573825012216422,0.531863773400845,0.800624193791681,0.680066098819765,2.84874663727827,0.430089695603054,0.606302531352925,0.342267283083705,0.264531622210477
12,15,345,19.4616381210038,1.933837890625,1.45,1.5,1,345,1.90809990514888,0.380133778954907,1.21494697367686,1.33658893332794,-0.615542055372674,24.9096664013059,1.27993677851929,24.2055482636257,1.15271180644383,0.609714746579667,1.19662603352409,1.2024820545886,0.704118137680236,0.755388098705049,-0.229580967624761,0.0183209401527642,0.134106878739337
12,15,345,19.4616381210038,1.933837890625,1.45,1.5,2,1245,0.381198665504809,1.14269571677281,1.04852674417611,1.5741013487006,-0.00477514788177082,23.4237383019157,1.20358513277645,24.2055482636257,1.15271180644383,0.609714746579667,1.19662603352409,1.2024820545886,-0.781809961710003,-0.771513140939022,0.532980970193143,-0.14809928934798,0.371619294112005
12,15,345,19.4616381210038,1.933837890625,1.45,1.5,3,2145,1.1688368486778,0.306314744011285,1.32640438271931,0.696755881737258,0.12749802782445,24.2832400876555,1.24774902999804,24.2055482636257,1.15271180644383,0.609714746579667,1.19662603352409,1.2024820545886,0.0776918240297704,0.0161250422339729,-0.303400002568382,0.129778349195216,-0.505726172851342
12,16,346,21.1381459596826,1.9375,1.46666666666667,1.5,1,346,0.305397102129689,1.83606284076208,0.756271702779553,0.732333178565718,-0.655200550332664,24.9019520153466,1.17805752987243,26.4559093531059,0.433998326705306,1.89572641847418,0.953395775456982,0.774244018669545,-1.55395733775934,-0.128601224575616,-0.0596635777121002,-0.197124072677429,-0.0419108401038271
12,16,346,21.1381459596826,1.9375,1.46666666666667,1.5,2,1246,0.68764230797989,2.13611183578143,0.786386958853502,0.399543466365864,0.25837845385062,27.0413758493373,1.27926904757466,26.4559093531059,0.433998326705306,1.89572641847418,0.953395775456982,0.774244018669545,0.585466496231337,0.253643981274584,0.240385417307243,-0.16700881660348,-0.374700552303681
12,16,346,21.1381459596826,1.9375,1.46666666666667,1.5,3,2146,0.308955570006337,1.71500457887904,1.31752866473789,1.19085541107705,1.19601977193463,27.4244001946339,1.29738910152959,26.4559093531059,0.433998326705306,1.89572641847418,0.953395775456982,0.774244018669545,0.968490841528006,-0.125042756698968,-0.180721839595143,0.36413288928091,0.416611392407509
12,17,347,22.8714792218598,1.933837890625,1.48333333333333,1.5,1,347,2.30273323225984,1.43903160843923,1.24016121866575,0.904496541897979,0.708272790818804,32.0276701697408,1.40033225918899,29.8821661638687,1.4696524251722,1.48366871015525,0.978532573650312,1.17385470683158,2.14550400587218,0.833080807087635,-0.0446371017160196,0.261628645015442,-0.269358164933599
12,17,347,22.8714792218598,1.933837890625,1.48333333333333,1.5,2,1247,1.19413306598939,2.0062388848153,1.11476992048902,1.37392982338136,0.663990258408759,30.4928051429366,1.33322400563373,29.8821661638687,1.4696524251722,1.48366871015525,0.978532573650312,1.17385470683158,0.610638979067893,-0.275519359182818,0.522570174660052,0.13623734683871,0.200075116549782
12,17,347,22.8714792218598,1.933837890625,1.48333333333333,1.5,3,2147,0.912090977267386,1.00573563721122,0.580666581796159,1.2431377552154,0.1278667976411,27.1260231789286,1.18601962364561,29.8821661638687,1.4696524251722,1.48366871015525,0.978532573650312,1.17385470683158,-2.75614298494007,-0.557561447904818,-0.477933072944032,-0.397865991854153,0.0692830483838172
12,18,348,24.6635640117153,1.9228515625,1.5,1.5,1,348,0.605037094794518,1.8007443188184,0.470783059146595,1.74197441988034,0.364683097185083,29.5989346989439,1.20010776564508,30.0687254771988,0.92103913918189,1.20776396560497,1.05285873206103,1.146947551486,-0.469790778254868,-0.316002044387372,0.59298035321343,-0.582075672914433,0.59502686839434
12,18,348,24.6635640117153,1.9228515625,1.5,1.5,2,1248,0.321466092307321,1.26795432419536,1.40424821978182,1.68579494182257,0.251532153384784,29.5415315589497,1.19778031856699,30.0687254771988,0.92103913918189,1.20776396560497,1.05285873206103,1.146947551486,-0.527193918249086,-0.599573046874569,0.0601903585903922,0.351389487720792,0.538847390336568
12,18,348,24.6635640117153,1.9228515625,1.5,1.5,3,2148,1.83661423044383,0.554593253801145,1.28354491725467,0.0130732927550941,0.113402362685123,31.0657101737028,1.25957911674673,30.0687254771988,0.92103913918189,1.20776396560497,1.05285873206103,1.146947551486,0.996984696503954,0.915575091261941,-0.653170711803822,0.230686185193641,-1.13387425873091
12,19,349,26.5163917189489,1.904541015625,1.51666666666667,1.5,1,349,0.856567829440675,0.822919862134437,0.958113371078117,1.19675572513273,0.328773040604159,31.1617985042421,1.17519000452741,31.7988845795522,0.956875277307208,1.09629795226468,1.04213977424371,1.70480834026463,-0.637086075310116,-0.100307447866532,-0.27337809013024,-0.0840264031655973,-0.5080526151319
12,19,349,26.5163917189489,1.904541015625,1.51666666666667,1.5,2,1249,2.04210269735786,1.01398697927046,0.989320184671019,2.51615925114213,0.232405943466277,33.6599265365517,1.26940071233365,31.7988845795522,0.956875277307208,1.09629795226468,1.04213977424371,1.70480834026463,1.8610419569995,1.08522742005065,-0.08231097299422,-0.0528195895726953,0.811350910877496
12,19,349,26.5163917189489,1.904541015625,1.51666666666667,1.5,3,2149,-0.028044694876914,1.45198701538914,1.17898576698201,1.40151004451904,0.141290293431165,30.5749286978628,1.15305766417735,31.7988845795522,0.956875277307208,1.09629795226468,1.04213977424371,1.70480834026463,-1.22395588168939,-0.984919972184122,0.35568906312446,0.136845992738293,-0.303298295745596
12,20,350,28.4320212316403,1.87890625,1.53333333333333,1.5,1,350,1.15821104230002,1.73809572107287,1.80288891040515,1.96851779955083,-0.408548446233178,35.5690562228564,1.25102102073819,35.277839529344,1.3473479389991,1.42864438782013,1.36682316352853,1.61446545503732,0.291216693512467,-0.189136896699079,0.309451333252739,0.436065746876625,0.354052344513506
12,20,350,28.4320212316403,1.87890625,1.53333333333333,1.5,2,1250,1.54585394487285,1.64366839538911,1.56706716570837,1.02315757448381,0.300733502149851,36.5081616605581,1.28405087218809,35.277839529344,1.3473479389991,1.42864438782013,1.36682316352853,1.61446545503732,1.23032213121413,0.198506005873753,0.215024007568978,0.200244002179846,-0.59130788055351
12,20,350,28.4320212316403,1.87890625,1.53333333333333,1.5,3,2150,1.33797882982442,0.904169046998417,0.730513414472059,1.85172099107732,0.328180026813281,33.7563007046173,1.18726348821982,35.277839529344,1.3473479389991,1.42864438782013,1.36682316352853,1.61446545503732,-1.5215388247266,-0.00936910917467393,-0.524475340821717,-0.63630974905647,0.237255536040004
12,21,351,30.4125812241143,1.845947265625,1.55,1.5,1,351,0.653990034790211,1.027899591704,2.23553485921093,1.36570487690482,-0.11483992374187,36.451519072797,1.19856709314415,36.5766607667644,1.14271745349929,1.14595478418104,1.56121190578405,1.11575760098894,-0.125141693967393,-0.488727418709077,-0.118055192477037,0.674322953426879,0.249947275915887
12,21,351,30.4125812241143,1.845947265625,1.55,1.5,2,1251,1.64587880438795,1.21331357238553,1.09579004246057,0.449857123476981,-0.663657744315738,36.3114500591971,1.19396146586879,36.5766607667644,1.14271745349929,1.14595478418104,1.56121190578405,1.11575760098894,-0.265210707567356,0.503161350888662,0.0673587882044886,-0.465421863323488,-0.665900477511956
12,21,351,30.4125812241143,1.845947265625,1.55,1.5,3,2151,1.1282835213197,1.19665118845359,1.35231081568066,1.53171080258501,0.588404497530975,36.9670131682992,1.21551712088771,36.5766607667644,1.14271745349929,1.14595478418104,1.56121190578405,1.11575760098894,0.390352401534756,-0.0144339321795857,0.0506964042725482,-0.208901090103392,0.415953201596069
12,22,352,32.4602725223537,1.8056640625,1.56666666666667,1.5,1,352,1.08364943596082,2.32422606213619,1.43068321884779,1.3234330327604,0.856099164303533,41.0603908551384,1.26494288755162,40.778134068319,1.27545061549144,2.26712621286846,1.46657463660739,1.18921261750686,0.282256786819488,-0.191801179530616,0.0570998492677375,-0.0358914177596013,0.134220415253538
12,22,352,32.4602725223537,1.8056640625,1.56666666666667,1.5,2,1252,1.64667174077203,2.15968848150318,1.38450075601537,1.34842854984858,-0.0111417314618966,40.8827298643162,1.25946970519617,40.778134068319,1.27545061549144,2.26712621286846,1.46657463660739,1.18921261750686,0.104595795997234,0.371221125280596,-0.107437731365274,-0.0820738805920216,0.159215932341725
12,22,352,32.4602725223537,1.8056640625,1.56666666666667,1.5,3,2152,1.09603066974146,2.31746409496599,1.58453993495902,0.895776269911596,-0.0555578798199598,40.3912814855022,1.24432970973016,40.778134068319,1.27545061549144,2.26712621286846,1.46657463660739,1.18921261750686,-0.386852582816715,-0.17941994574998,0.0503378820975362,0.117965298351623,-0.293436347595263
12,23,353,34.5773705495876,1.758056640625,1.58333333333333,1.5,1,353,1.54399874169033,1.7948028941004,1.81557833875762,1.31401630408551,0.0521034499865848,42.9090499976483,1.24095757761893,41.6764972856847,1.19839526102091,1.57818710230796,1.7505990193822,1.66163003370881,1.23255271196354,0.345603480669428,0.21661579179244,0.0649793193754218,-0.347613729623297
12,23,353,34.5773705495876,1.758056640625,1.58333333333333,1.5,2,1253,0.937489139533508,1.70608395089151,1.93420012624531,1.98815958160892,-0.390643619696054,41.4374857154418,1.19839898340494,41.6764972856847,1.19839526102091,1.57818710230796,1.7505990193822,1.66163003370881,-0.239011570242951,-0.260906121487398,0.127896848583552,0.183601106863109,0.326529547900114
12,23,353,34.5773705495876,1.758056640625,1.58333333333333,1.5,3,2153,1.11369790183888,1.23367446193197,1.50201859314367,1.68271421543199,-0.0587041853758787,40.6829561439641,1.17657749844282,41.6764972856847,1.19839526102091,1.57818710230796,1.7505990193822,1.66163003370881,-0.993541141720584,-0.0846973591820304,-0.344512640375991,-0.248580426238531,0.0210841817231828
12,24,354,36.766227854774,1.703125,1.6,1.5,1,354,2.54762346358974,1.41317640377955,2.12145853648288,2.30095370858019,0.925820226901162,47.4742393438731,1.29124585560954,46.6065074342332,2.02362823685426,1.54793029018048,2.46598117028676,2.05915768925109,0.867731909639865,0.523995226735485,-0.134753886400937,-0.344522633803883,0.241796019329099
12,24,354,36.766227854774,1.703125,1.6,1.5,2,1254,1.61723144724432,1.94642367508098,3.02672006163749,1.2813484869063,-0.0603996771280887,47.1145334588197,1.28146226055393,46.6065074342332,2.02362823685426,1.54793029018048,2.46598117028676,2.05915768925109,0.508026024586535,-0.406396789609932,0.398493384900494,0.560738891350727,-0.777809202344788
12,24,354,36.766227854774,1.703125,1.6,1.5,3,2154,1.9060297997287,1.28419079168093,2.24976491273992,2.59517087226678,-0.211037993229545,45.2307495000068,1.23022545795743,46.6065074342332,2.02362823685426,1.54793029018048,2.46598117028676,2.05915768925109,-1.37575793422641,-0.117598437125553,-0.263739498499557,-0.216216257546844,0.536013183015688
12,25,355,39.0292767267848,1.640869140625,1.61666666666667,1.5,1,355,1.47120614490986,2.51058906097301,2.4505165983603,2.18473480048065,0.424916482640895,49.6028105182196,1.27091288074469,49.1023478911216,2.07413334095711,1.99930883063633,2.13651320044621,1.6236059331787,0.500462627098003,-0.602927196047253,0.511280230336672,0.314003397914091,0.561128867301948
12,25,355,39.0292767267848,1.640869140625,1.61666666666667,1.5,2,1255,2.51497708133568,1.86932964210667,2.35217995793133,1.34000091206096,-0.376156826250462,49.3302210409799,1.26392864992873,49.1023478911216,2.07413334095711,1.99930883063633,2.13651320044621,1.6236059331787,0.22787314985834,0.44084374037857,-0.129979188529661,0.215666757485118,-0.283605021117746
12,25,355,39.0292767267848,1.640869140625,1.61666666666667,1.5,3,2155,2.23621679662579,1.61800778882932,1.606843045047,1.3460820869945,0.649352427872018,48.3740121141652,1.23942886394734,49.1023478911216,2.07413334095711,1.99930883063633,2.13651320044621,1.6236059331787,-0.728335776956349,0.162083455668683,-0.381301041807011,-0.529670155399209,-0.277523846184203
12,26,356,41.369031897199,1.5712890625,1.63333333333333,1.5,1,356,2.29073789333084,1.32384316683813,2.56512330220102,2.54153600301823,-0.0533133080328507,50.925092111815,1.23099550016937,51.1317527202243,2.3053141802805,2.07106921968535,2.05236286157748,2.25820909107312,-0.206660608409216,-0.0145762869496573,-0.747226052847219,0.51276044062354,0.28332691194511
12,26,356,41.369031897199,1.5712890625,1.63333333333333,1.5,2,1256,1.77649762381348,2.26050650984527,1.49389814098301,2.46950775703779,-0.633651949522003,49.4597790777542,1.19557497020139,51.1317527202243,2.3053141802805,2.07106921968535,2.05236286157748,2.25820909107312,-1.67197364247009,-0.528816556467017,0.189437290159913,-0.558464720594475,0.211298665964671
12,26,356,41.369031897199,1.5712890625,1.63333333333333,1.5,3,2156,2.84870702369717,2.62885798237266,2.09806714154842,1.76358351316334,-0.275689198229065,53.0103869711036,1.28140264685993,51.1317527202243,2.3053141802805,2.07106921968535,2.05236286157748,2.25820909107312,1.8786342508793,0.543392843416674,0.557788762687305,0.045704279970936,-0.494625577909781
12,27,357,43.7880933347085,1.494384765625,1.65,1.5,1,357,2.64952038009953,1.7804917670328,1.20815955128768,2.00312589704613,-0.0564085284252812,52.4411384410526,1.19761182658038,54.0222106091286,2.54859539706207,2.06563644837903,2.13613764117991,2.32489917346976,-1.58107216807601,0.100924983037457,-0.285144681346221,-0.92797808989223,-0.321773276423623
12,27,357,43.7880933347085,1.494384765625,1.65,1.5,2,1257,2.68504271799829,2.83216572099456,2.71553415265669,2.14108334264887,-0.256451811107887,56.2905031250557,1.28552076234014,54.0222106091286,2.54859539706207,2.06563644837903,2.13613764117991,2.32489917346976,2.26829251592709,0.136447320936215,0.766529272615533,0.579396511476778,-0.183815830820888
12,27,357,43.7880933347085,1.494384765625,1.65,1.5,3,2157,2.3112230930884,1.58425185710971,2.48471921959536,2.83048828071427,-0.248054047327078,53.3349902612775,1.21802495152265,54.0222106091286,2.54859539706207,2.06563644837903,2.13613764117991,2.32489917346976,-0.687220347851081,-0.237372303973673,-0.481384591269312,0.348581578415453,0.505589107244511
12,28,358,46.2891491342386,1.41015625,1.66666666666667,1.5,1,358,2.43866544488662,2.24845187823669,2.50277789174881,2.4479801651557,0.566469301057598,57.7961043887465,1.24858861028397,57.1402548565918,2.36647178913293,2.49953232412917,2.08030897919306,2.20844943885838,0.655849532154669,0.0721936557536864,-0.251080445892483,0.422468912555747,0.239530726297324
12,28,358,46.2891491342386,1.41015625,1.66666666666667,1.5,2,1258,2.78735637483675,2.47210857817731,2.16752720652923,1.69665361571352,0.128512440734009,57.7197413613487,1.24693891421424,57.1402548565918,2.36647178913293,2.49953232412917,2.08030897919306,2.20844943885838,0.5794865047569,0.420884585703821,-0.0274237459518658,0.087218227336173,-0.511795823144855
12,28,358,46.2891491342386,1.41015625,1.66666666666667,1.5,3,2158,1.87339354767542,2.77803651597352,1.57062183930114,2.48071453570591,-0.0120015534301343,55.9049188196803,1.20773269470899,57.1402548565918,2.36647178913293,2.49953232412917,2.08030897919306,2.20844943885838,-1.23533603691156,-0.493078241457507,0.27850419184435,-0.50968713989192,0.272265096847532
12,29,359,48.8749785039976,1.318603515625,1.68333333333333,1.5,1,359,2.31469003669312,2.88047611835765,3.31364328910227,1.86892722662337,-0.281378473422556,61.4650248500962,1.2575969694814,60.4282196000719,2.67952631554327,2.58671517395588,2.45631913647553,2.31007146458464,1.0368052500243,-0.364836278850151,0.29376094440177,0.857324152626735,-0.441144237961264
12,29,359,48.8749785039976,1.318603515625,1.68333333333333,1.5,2,1259,2.83166091535339,2.49353552378201,1.89268086202457,2.35305069133148,-0.0345797503969143,59.6107095497135,1.21965699779976,60.4282196000719,2.67952631554327,2.58671517395588,2.45631913647553,2.31007146458464,-0.817510050358429,0.152134599810113,-0.0931796501738669,-0.563638274450967,0.0429792267468452
12,29,359,48.8749785039976,1.318603515625,1.68333333333333,1.5,3,2159,2.89222799458331,2.38613387972797,2.16263325829977,2.70823647579906,0.259635309770076,60.208924400406,1.23189669322272,60.4282196000719,2.67952631554327,2.58671517395588,2.45631913647553,2.31007146458464,-0.219295199665879,0.212701679040038,-0.200581294227903,-0.293685878175767,0.398165011214419
12,30,360,51.5484548537714,1.2197265625,1.7,1.5,1,360,3.72772931822495,2.84932609910481,3.06263787141168,2.99536178162264,0.441396186852457,65.9744726834685,1.27985354499218,63.7379935460768,3.23460488365439,2.48008372797281,2.96132965983678,2.18052567476052,2.23647913739174,0.493124434570553,0.369242371132004,0.101308211574894,0.814836106862113
12,30,360,51.5484548537714,1.2197265625,1.7,1.5,2,1260,3.14707306790264,2.7670369245278,2.67880154600632,1.44640220985525,-0.80696214197507,63.3022264175522,1.22801404226612,63.7379935460768,3.23460488365439,2.48008372797281,2.96132965983678,2.18052567476052,-0.435767128524532,-0.0875318157517575,0.286953196554988,-0.282528113830463,-0.734123464905273
12,30,360,51.5484548537714,1.2197265625,1.7,1.5,3,2160,2.8290122648356,1.82388816028582,3.14254956209235,2.09981303280368,-0.876228937244482,61.9372815372095,1.20153517138212,63.7379935460768,3.23460488365439,2.48008372797281,2.96132965983678,2.18052567476052,-1.80071200886721,-0.405592618818795,-0.656195567686992,0.181219902255569,-0.0807126419568411
13,1,361,1.01685340540722,1.11683654785156,1.23333333333333,1.5,1,361,0.0821102840898348,0.355503353672799,-0.614792847410621,0.634371524679547,-1.65815281120457,-1.03333077449082,-1.01620427191961,-0.0133007263456625,0.298138859343607,0.00387480090871273,-0.408037219557317,0.0855620671298642,-1.02003004814516,-0.216028575253772,0.351628552764086,-0.206755627853304,0.548809457549682
13,1,361,1.01685340540722,1.11683654785156,1.23333333333333,1.5,2,1261,0.13580863696556,-0.219668172553091,-0.564900213184127,-0.561186246293835,-0.439282603915568,-0.389027548489639,-0.382579776417077,-0.0133007263456625,0.298138859343607,0.00387480090871273,-0.408037219557317,0.0855620671298642,-0.375726822143977,-0.162330222378047,-0.223542973461804,-0.15686299362681,-0.646748313423699
13,1,361,1.01685340540722,1.11683654785156,1.23333333333333,1.5,3,2161,0.676497656975426,-0.12421077839357,-0.0444185980772033,0.183500923003881,-0.170113378841979,1.38245614394348,1.35954321103919,-0.0133007263456625,0.298138859343607,0.00387480090871273,-0.408037219557317,0.0855620671298642,1.39575687028914,0.378358797631819,-0.128085579302283,0.363618621480114,0.0979388558740164
13,2,362,2.06817317241739,1.22613525390625,1.25,1.5,1,362,0.21896564082106,0.371328405675541,1.31204098803499,-0.0347180628698235,-0.319795392830107,4.44908126033908,2.15121311874419,1.84104360183266,-0.457823877635577,-0.0858521419517373,0.676475609617972,-0.035943059044209,2.60803765850642,0.676789518456637,0.457180547627278,0.635565378417022,0.00122499617438554
13,2,362,2.06817317241739,1.22613525390625,1.25,1.5,2,1262,-0.716592564752245,-0.311874095087075,0.0164907456369317,-0.253847573911081,-1.12525556285386,-0.300828297169738,-0.145456048449808,1.84104360183266,-0.457823877635577,-0.0858521419517373,0.676475609617972,-0.035943059044209,-2.1418718990024,-0.258768687116668,-0.226021953135338,-0.65998486398104,-0.217904514866872
13,2,362,2.06817317241739,1.22613525390625,1.25,1.5,3,2162,-0.875844708975546,-0.317010736443678,0.70089509518199,0.180736459648278,-0.274470477684958,1.37487784232864,0.6647788786089,1.84104360183266,-0.457823877635577,-0.0858521419517373,0.676475609617972,-0.035943059044209,-0.466165759504016,-0.418020831339969,-0.231158594491941,0.0244194855640184,0.216679518692487
13,3,363,3.15512754226943,1.32789611816406,1.26666666666667,1.5,1,363,0.916560627564375,0.53620253774459,-0.191613733619899,-0.164752126102616,-0.158114513917194,4.60587960847029,1.4598077405002,4.31097949951603,0.535247659293607,0.422421722646961,-0.1557158960637,0.54918627077096,0.294900108954255,0.381312968270768,0.113780815097629,-0.0358978375561988,-0.713938396873576
13,3,363,3.15512754226943,1.32789611816406,1.26666666666667,1.5,2,1263,0.274478239046186,0.419429182133633,-0.0146367383166089,1.11092322244572,0.554132444787588,4.58306043176798,1.4525753302738,4.31097949951603,0.535247659293607,0.422421722646961,-0.1557158960637,0.54918627077096,0.272080932251948,-0.260769420247421,-0.00299254051332759,0.141079157747092,0.561736951674762
13,3,363,3.15512754226943,1.32789611816406,1.26666666666667,1.5,3,2163,0.41470411127026,0.311633448062659,-0.260897216254593,0.701387715969774,0.0347970600004609,3.74399845830983,1.18663933807786,4.31097949951603,0.535247659293607,0.422421722646961,-0.1557158960637,0.54918627077096,-0.566981041206204,-0.120543548023347,-0.110788274584302,-0.105181320190893,0.152201445198814
13,4,364,4.27892435387168,1.422119140625,1.28333333333333,1.5,1,364,-0.0354252292065787,0.0855739339066156,0.148106268841524,0.0285122931650449,-0.968490856038024,3.59203388642706,0.839471229066459,5.03477990663086,-0.0563781948772931,0.371573342452513,0.182556048045652,-0.195309170240114,-1.4427460202038,0.0209529656707144,-0.285999408545897,-0.0344497792041288,0.223821463405159
13,4,364,4.27892435387168,1.422119140625,1.28333333333333,1.5,2,1264,-0.63714882946986,1.15551885201599,-0.274156581439503,-0.543311842574549,1.13761931910669,5.5821231150904,1.30456223420719,5.03477990663086,-0.0563781948772931,0.371573342452513,0.182556048045652,-0.195309170240114,0.547343208459545,-0.580770634592567,0.783945509563479,-0.456712629485155,-0.348002672334435
13,4,364,4.27892435387168,1.422119140625,1.28333333333333,1.5,3,2164,0.503439474044559,-0.126372758565068,0.673718456734937,-0.0711279613108385,0.0869081407079136,5.93018271837511,1.38590501442479,5.03477990663086,-0.0563781948772931,0.371573342452513,0.182556048045652,-0.195309170240114,0.895402811744252,0.559817668921852,-0.497946101017581,0.491162408689284,0.124181208929276
13,5,365,5.44081238596938,1.50880432128906,1.3,1.5,1,365,0.274167043812951,-0.287468705600722,0.477260644837947,0.0880793194254212,0.295073455689202,6.49173191209459,1.19315489150762,7.03536800496099,0.176691284020625,0.394683078736943,0.463648658991673,0.442863859970004,-0.543636092866398,0.097475759792326,-0.682151784337664,0.0136119858462742,-0.354784540544582
13,5,365,5.44081238596938,1.50880432128906,1.3,1.5,2,1265,0.308004346134609,0.82189028900921,0.43173494532016,0.433842292651617,0.175014253491986,7.79660472157728,1.4329854015336,7.03536800496099,0.176691284020625,0.394683078736943,0.463648658991673,0.442863859970004,0.761236716616297,0.131313062113984,0.427207210272267,-0.0319137136715132,-0.0090215673183866
13,5,365,5.44081238596938,1.50880432128906,1.3,1.5,3,2165,-0.0520975378856848,0.64962765280234,0.481950386816912,0.806669967832973,-0.111881543336256,6.81776738121109,1.25307893335792,7.03536800496099,0.176691284020625,0.394683078736943,0.463648658991673,0.442863859970004,-0.2176006237499,-0.22878882190631,0.254944574065397,0.018301727825239,0.363806107862969
13,6,366,6.6420827448051,1.58795166015625,1.31666666666667,1.5,1,366,0.511862289470932,0.730251507050788,0.40412436620038,0.365661652228152,0.450801049096591,9.47338073315587,1.42626659394829,9.4025275404308,0.678557494299858,0.570680064741304,0.28495291028106,0.624406135880811,0.0708531927250782,-0.166695204828926,0.159571442309483,0.11917145591932,-0.258744483652659
13,6,366,6.6420827448051,1.58795166015625,1.31666666666667,1.5,2,1266,0.67038421030161,0.490839599977935,-0.474698989802245,0.346904747576204,0.61595197789654,8.2567960976602,1.24310346842909,9.4025275404308,0.678557494299858,0.570680064741304,0.28495291028106,0.624406135880811,-1.1457314427706,-0.00817328399824768,-0.0798404647633694,-0.759651900083304,-0.277501388304607
13,6,366,6.6420827448051,1.58795166015625,1.31666666666667,1.5,3,2166,0.853425983127032,0.49094908719519,0.925433354445043,1.16065200783808,0.445557509136273,10.4774057904763,1.57742777273754,9.4025275404308,0.678557494299858,0.570680064741304,0.28495291028106,0.624406135880811,1.07487825004552,0.174868488827173,-0.079730977546114,0.640480444163984,0.536245871957265
13,7,367,7.88407029881404,1.65956115722656,1.33333333333333,1.5,1,367,1.43568646015735,0.616091524295727,0.335040652909249,0.342268227834392,0.151510261301135,11.7422063884399,1.4893584079541,10.1445583339996,0.517454415247982,0.529528584195182,0.305202092914307,0.532379600737648,1.59764805444034,0.918232044909368,0.0865629401005448,0.029838559994942,-0.190111372903255
13,7,367,7.88407029881404,1.65956115722656,1.33333333333333,1.5,2,1267,0.317448600905521,0.493114319938013,0.277618149954785,0.721665545514501,0.337278616112155,9.82208726725445,1.24581426788291,10.1445583339996,0.517454415247982,0.529528584195182,0.305202092914307,0.532379600737648,-0.322471066745138,-0.20000581434246,-0.036414264257169,-0.0275839429595221,0.189285944776853
13,7,367,7.88407029881404,1.65956115722656,1.33333333333333,1.5,3,2167,-0.200771815318926,0.479379908351806,0.302947475878887,0.53320502886405,0.224909728705423,8.86938134630438,1.12497491906415,10.1445583339996,0.517454415247982,0.529528584195182,0.305202092914307,0.532379600737648,-1.2751769876952,-0.718226230566908,-0.0501486758433757,-0.00225461703541985,0.000825428126402517
13,8,368,9.16815516194857,1.7236328125,1.35,1.5,1,368,-0.245609282859709,0.205854873531661,0.407695188411237,0.41449883255177,-0.619535395345218,9.01472640949636,0.983265035359676,10.2870558612905,0.10467866453327,0.335235478848361,0.373110868676032,0.594866670922786,-1.27232945179412,-0.350287947392979,-0.1293806053167,0.0345843197352049,-0.180367838371016
13,8,368,9.16815516194857,1.7236328125,1.35,1.5,2,1268,0.301806326912988,0.0355828651036465,-0.286880595805854,0.61841468877727,-0.0117708938936924,9.29430353032334,1.01375940591607,10.2870558612905,0.10467866453327,0.335235478848361,0.373110868676032,0.594866670922786,-0.992752330967132,0.197127662379719,-0.299652613744715,-0.659991464481886,0.0235480178544835
13,8,368,9.16815516194857,1.7236328125,1.35,1.5,3,2168,0.25783894954653,0.764268697909776,0.998518013422713,0.751686491439318,0.41002304601196,12.5521376440517,1.36910179009055,10.2870558612905,0.10467866453327,0.335235478848361,0.373110868676032,0.594866670922786,2.26508178276125,0.15316028501326,0.429033219061415,0.625407144746681,0.156819820516532
13,9,369,10.4957642272801,1.78016662597656,1.36666666666667,1.5,1,369,1.13371345852406,0.6692950920147,0.301660219546262,0.236511560500672,-0.00232560424916309,13.8788311070554,1.32232687458644,11.9174377132584,0.420451963266036,0.461980159638993,-0.0387786069168241,0.226295829020005,1.96139339379704,0.713261495258023,0.207314932375707,0.340438826463086,0.0102157314806665
13,9,369,10.4957642272801,1.78016662597656,1.36666666666667,1.5,2,1269,0.330023364596909,1.02315834013096,0.0692557677028736,0.643274300364658,0.31024298650673,12.895703842968,1.22865791987306,11.9174377132584,0.420451963266036,0.461980159638993,-0.0387786069168241,0.226295829020005,0.97826612970966,-0.090428598669127,0.561178180491971,0.108034374619698,0.416978471344653
13,9,369,10.4957642272801,1.78016662597656,1.36666666666667,1.5,3,2169,-0.202380933322861,-0.306512953228686,-0.487251807999608,-0.200898373805314,-0.00793550621445959,8.97777818975167,0.855371557072238,11.9174377132584,0.420451963266036,0.461980159638993,-0.0387786069168241,0.226295829020005,-2.9396595235067,-0.622832896588896,-0.768493112867679,-0.448473201082784,-0.427194202825319
13,10,370,11.8683727525827,1.82916259765625,1.38333333333333,1.5,1,370,0.954314207049376,1.26181171731764,0.366429889321698,1.28843602573737,-0.206723633628975,15.702396015839,1.32304540337445,15.5153215278063,1.14282044441774,0.952531830552475,0.3368842481208,1.08289085379317,0.187074488032744,-0.188506237368366,0.309279886765169,0.0295456412008984,0.205545171944197
13,10,370,11.8683727525827,1.82916259765625,1.38333333333333,1.5,2,1270,1.33119106288951,0.870932966343468,-0.104641063937774,1.06190519157508,-0.852488252479703,14.4986784102099,1.22162310810931,15.5153215278063,1.14282044441774,0.952531830552475,0.3368842481208,1.08289085379317,-1.01664311759641,0.188370618471768,-0.081598864209007,-0.441525312058574,-0.0209856622180953
13,10,370,11.8683727525827,1.82916259765625,1.38333333333333,1.5,3,2170,1.14295606331434,0.724850807996313,0.748863918978475,0.89833134406707,0.259858760145641,16.34489015737,1.37718038505431,15.5153215278063,1.14282044441774,0.952531830552475,0.3368842481208,1.08289085379317,0.829568629563667,0.000135618896597967,-0.227681022556162,0.411979670857676,-0.184559509726102
13,11,371,13.2875059996601,1.87062072753906,1.4,1.5,1,371,0.563552041059931,1.16325829682433,0.814494921673975,0.662418663943204,-0.335339813000834,16.8566623137779,1.26860994939224,16.6790647468887,0.449827182167881,0.973034042278373,0.569807825576128,1.09296323734369,0.17759756688924,0.11372485889205,0.190224254545954,0.244687096097846,-0.430544573400485
13,11,371,13.2875059996601,1.87062072753906,1.4,1.5,2,1271,0.429753432789734,0.852100748044162,0.692999408024555,1.48892676689114,0.988908903750194,17.3127607418165,1.30293530947488,16.6790647468887,0.449827182167881,0.973034042278373,0.569807825576128,1.09296323734369,0.633695994927795,-0.0200737493781469,-0.120933294234211,0.123191582448426,0.395963529547446
13,11,371,13.2875059996601,1.87062072753906,1.4,1.5,3,2171,0.356176072653977,0.903743081966631,0.201929147029855,1.12754428119673,0.345860805953508,15.8677711850717,1.19418732044054,16.6790647468887,0.449827182167881,0.973034042278373,0.569807825576128,1.09296323734369,-0.811293561817036,-0.0936511095139035,-0.0692909603117425,-0.367878678546273,0.0345810438530394
13,12,372,14.7547409292381,1.904541015625,1.41666666666667,1.5,1,372,0.785421199843971,-0.196387174548088,0.378505818667691,0.707977939053304,1.07772596874332,17.6178773516841,1.19404857300967,19.4468698764507,1.29426219810347,0.419923735537366,0.738719535452543,0.96235879142218,-1.82899252476659,-0.508840998259497,-0.616310910085454,-0.360213716784852,-0.254380852368876
13,12,372,14.7547409292381,1.904541015625,1.41666666666667,1.5,2,1272,2.31923794285731,1.21521056699001,0.095592383890441,0.773480358130536,0.027494682413564,21.0642562778887,1.42762630526081,19.4468698764507,1.29426219810347,0.419923735537366,0.738719535452543,0.96235879142218,1.617386401438,1.02497574475384,0.79528683145264,-0.643127151562102,-0.188878433291645
13,12,372,14.7547409292381,1.904541015625,1.41666666666667,1.5,3,2172,0.778127451609122,0.240947814170181,1.7420604037995,1.4056180770827,0.46732608112749,19.6584759997793,1.33234979143713,19.4468698764507,1.29426219810347,0.419923735537366,0.738719535452543,0.96235879142218,0.21160612332859,-0.516134746494346,-0.178975921367185,1.00334086834695,0.443259285660521
13,13,373,16.2717079533052,1.93092346191406,1.43333333333333,1.5,1,373,-0.202728242123337,0.146924681057446,1.27250961313954,0.587013552011018,0.153662128040225,18.1532738247952,1.1156341962927,20.0754250277087,0.857628783883975,0.302454935627142,0.971492172301359,1.36749032102812,-1.92215120291348,-1.06035702600731,-0.155530254569696,0.30101744083818,-0.780476769017102
13,13,373,16.2717079533052,1.93092346191406,1.43333333333333,1.5,2,1273,1.4525497125071,0.441041739719976,0.186109510916337,1.27885300398145,0.13972383292606,20.1275181990143,1.23696407634491,20.0754250277087,0.857628783883975,0.302454935627142,0.971492172301359,1.36749032102812,0.0520931713055504,0.594920928623127,0.138586804092834,-0.785382661385022,-0.0886373170466686
13,13,373,16.2717079533052,1.93092346191406,1.43333333333333,1.5,3,2173,1.32306488126816,0.319398386104004,1.4558573928482,2.23660440709189,0.477447642448128,21.9454830593166,1.34868958577018,20.0754250277087,0.857628783883975,0.302454935627142,0.971492172301359,1.36749032102812,1.87005803160793,0.465436097384184,0.0169434504768615,0.484365220546843,0.86911408606377
13,14,374,17.8400927468495,1.94976806640625,1.45,1.5,1,374,0.00411884482686575,1.13216516883239,0.650400328203738,0.0216588722367118,0.115198731928536,20.5805622580045,1.15361296323075,21.2383164261696,0.374842908483401,1.19281669112626,0.855819620514173,0.671066007759837,-0.657754168165077,-0.370724063656535,-0.0606515222938719,-0.205419292310435,-0.649407135523125
13,14,374,17.8400927468495,1.94976806640625,1.45,1.5,2,1274,0.809636650994671,1.52222955609453,0.743971217856533,1.30217049329653,-0.737818132452936,22.0040679850199,1.23340547032222,21.2383164261696,0.374842908483401,1.19281669112626,0.855819620514173,0.671066007759837,0.765751558850344,0.43479374251127,0.329412864968266,-0.11184840265764,0.631104485536688
13,14,374,17.8400927468495,1.94976806640625,1.45,1.5,3,2174,0.310773229628667,0.92405534845187,1.17308731548225,0.689368657746274,-0.415220658867663,21.1303190354843,1.18442876588833,21.2383164261696,0.374842908483401,1.19281669112626,0.855819620514173,0.671066007759837,-0.107997390685266,-0.0640696788547342,-0.268761342674394,0.317267694968075,0.0183026499864373
13,15,375,19.4616381210038,1.96107482910156,1.46666666666667,1.5,1,375,1.00609484847897,1.3629746199698,0.909171250821251,1.61734199158944,-0.620115115644721,24.1773366072542,1.24230737705276,24.7377392648627,1.1303976737758,1.4858432974599,1.05753034690361,1.25628260891204,-0.56040265760852,-0.124302825296837,-0.122868677490099,-0.148359096082356,0.361059382677406
13,15,375,19.4616381210038,1.96107482910156,1.46666666666667,1.5,2,1275,1.55572670762859,0.889561728621269,0.972185066667699,0.578794866304858,-0.781649917678873,24.4938528259292,1.2585709729899,24.7377392648627,1.1303976737758,1.4858432974599,1.05753034690361,1.25628260891204,-0.243886438933568,0.425329033852783,-0.596281568838634,-0.0853452802359074,-0.67748774260718
13,15,375,19.4616381210038,1.96107482910156,1.46666666666667,1.5,3,2175,0.829371465219857,2.20499354378864,1.29123472322187,1.57271096884181,-0.716911879739555,25.5420283614048,1.31242951916975,24.7377392648627,1.1303976737758,1.4858432974599,1.05753034690361,1.25628260891204,0.804289096542089,-0.301026208555946,0.719150246328732,0.233704376318263,0.316428359929774
13,16,376,21.1381459596826,1.96484375,1.48333333333333,1.5,1,376,0.4448553020693,0.754319678475212,0.671379806638138,1.27906637256184,0.414626622092678,24.5528209747293,1.16154089490912,25.6067062098945,0.914458495241843,0.597396745612148,0.918793219268596,1.14176263160434,-1.05388523516526,-0.469603193172543,0.156922932863064,-0.247413412630458,0.137303740957497
13,16,376,21.1381459596826,1.96484375,1.48333333333333,1.5,2,1276,0.672639858893169,0.210656234281743,1.29246372237154,0.678503988954985,0.751221283287191,25.4621684634588,1.20456015925065,25.6067062098945,0.914458495241843,0.597396745612148,0.918793219268596,1.14176263160434,-0.14453774643572,-0.241818636348674,-0.386740511330405,0.373670503102949,-0.463258642649358
13,16,376,21.1381459596826,1.96484375,1.48333333333333,1.5,3,2176,1.62588032476306,0.82721432407949,0.792536128796104,1.4677175332962,0.0565436635421866,26.8051291914955,1.26809272878623,25.6067062098945,0.914458495241843,0.597396745612148,0.918793219268596,1.14176263160434,1.19842298160098,0.711421829521217,0.229817578467341,-0.126257090472491,0.325954901691861
13,17,377,22.8714792218598,1.96107482910156,1.5,1.5,1,377,1.93280124470046,0.802121138365573,0.506513633673304,0.789780107401676,-0.412952460028693,28.2118467905276,1.23349462957183,27.9248424867462,1.12515230618334,1.05905597501506,0.952337464527959,0.756760428212953,0.287004303781391,0.807648938517124,-0.256934836649488,-0.445823830854655,0.0330196791887231
13,17,377,22.8714792218598,1.96107482910156,1.5,1.5,2,1277,1.11516538490064,1.38394122917275,1.96918261723168,0.649811531965599,-0.0494161599799,30.0386715981005,1.31336811697735,27.9248424867462,1.12515230618334,1.05905597501506,0.952337464527959,0.756760428212953,2.11382911135427,-0.00998692128269596,0.324885254157686,1.01684515270372,-0.106948896247354
13,17,377,22.8714792218598,1.96107482910156,1.5,1.5,3,2177,0.32749028894891,0.991105557506864,0.381316142678893,0.830689645271584,-0.0483356629607193,25.5240090716106,1.11597543928054,27.9248424867462,1.12515230618334,1.05905597501506,0.952337464527959,0.756760428212953,-2.40083341513565,-0.797662017234428,-0.0679504175081975,-0.571021321849065,0.0739292170586306
13,18,378,24.6635640117153,1.94976806640625,1.51666666666667,1.5,1,378,1.13089419771159,1.55914631333503,0.364016887810419,1.08376907839166,-0.89981672144405,28.8794592570605,1.17093617302603,30.8955918407602,1.6026536663721,1.39232183999332,1.11557683214345,1.17722376378794,-2.01613258369972,-0.471759468660513,0.166824473341707,-0.751559944333027,-0.0934546853962812
13,18,378,24.6635640117153,1.94976806640625,1.51666666666667,1.5,2,1278,1.13218674162146,0.556678580507594,1.25686390758641,1.71358232140877,-0.389128103875221,29.2115291703449,1.18440016035271,30.8955918407602,1.6026536663721,1.39232183999332,1.11557683214345,1.17722376378794,-1.6840626704153,-0.470466924750642,-0.835643259485728,0.141287075442961,0.536358557620829
13,18,378,24.6635640117153,1.94976806640625,1.51666666666667,1.5,3,2178,2.54488005978325,2.06114062613734,1.72584970103351,0.734319891563396,-0.744540624764706,34.5957870948752,1.40270834654887,30.8955918407602,1.6026536663721,1.39232183999332,1.11557683214345,1.17722376378794,3.70019525411502,0.942226393411155,0.668818786144021,0.610272868890066,-0.442903872224548
13,19,379,26.5163917189489,1.93092346191406,1.53333333333333,1.5,1,379,1.53248230050447,1.31218156831784,1.84338898290559,1.62061589511909,0.304383693746992,34.5569766541537,1.30323073442376,34.1435948605095,1.67852962145458,1.42921572756347,1.661061490749,1.62292593277841,0.41338179364422,-0.14604732095011,-0.117034159245625,0.182327492156591,-0.00231003765931814
13,19,379,26.5163917189489,1.93092346191406,1.53333333333333,1.5,2,1279,0.614272540279065,1.74507474935504,1.6886374983472,2.15732737182308,-0.311972594883042,32.5992699139654,1.22940067636238,34.1435948605095,1.67852962145458,1.42921572756347,1.661061490749,1.62292593277841,-1.54432494654409,-1.06425708117552,0.315859021791579,0.0275760075981997,0.534401439044672
13,19,379,26.5163917189489,1.93092346191406,1.53333333333333,1.5,3,2179,2.88883402358021,1.23039086501751,1.45115799099421,1.09083453139306,-0.883307412097622,35.2745380134094,1.330291782807,34.1435948605095,1.67852962145458,1.42921572756347,1.661061490749,1.62292593277841,1.13094315289987,1.21030440212563,-0.198824862545954,-0.209903499754791,-0.532091401385354
13,20,380,28.4320212316403,1.904541015625,1.55,1.5,1,380,1.24382887407831,2.00915107284851,1.78929654467579,2.27461438218556,0.214698294658735,36.8137716133287,1.2947996666646,35.8465558170668,1.54503305377995,1.40130836741756,1.49979943800186,1.80932319913021,0.967215796261932,-0.301204179701635,0.607842705430945,0.289497106673934,0.465291183055347
13,20,380,28.4320212316403,1.904541015625,1.55,1.5,2,1280,1.47576025066703,0.906374319822499,1.13004913560103,1.48744797797312,0.461883844191851,34.8045049015829,1.22413051882682,35.8465558170668,1.54503305377995,1.40130836741756,1.49979943800186,1.80932319913021,-1.04205091548383,-0.0692728031129151,-0.494934047595064,-0.36975030240083,-0.321875221157092
13,20,380,28.4320212316403,1.904541015625,1.55,1.5,3,2180,1.9155100365945,1.28839970958168,1.58005263372875,1.66590723723196,-0.525896226331908,35.9213909362887,1.26341320033603,35.8465558170668,1.54503305377995,1.40130836741756,1.49979943800186,1.80932319913021,0.0748351192219019,0.37047698281455,-0.112908657835881,0.0802531957268959,-0.143415961898255
13,21,381,30.4125812241143,1.87062072753906,1.56666666666667,1.5,1,381,2.30972403383122,0.832303265913781,2.44851123605623,2.27059565497278,-0.5575789509274,39.152328563116,1.28737275782668,37.8589417931322,1.56141814802929,1.02006547123631,2.21177967245443,1.7370559098377,1.29338676998381,0.748305885801932,-0.187762205322525,0.236731563601793,0.533539745135078
13,21,381,30.4125812241143,1.87062072753906,1.56666666666667,1.5,2,1281,0.658177964298083,1.63651518396514,2.03434710515635,1.30261559329822,-0.14947979437039,37.1096972181159,1.22020873350571,37.8589417931322,1.56141814802929,1.02006547123631,2.21177967245443,1.7370559098377,-0.749244575016228,-0.903240183731205,0.616449712728829,-0.177432567298083,-0.434440316539481
13,21,381,30.4125812241143,1.87062072753906,1.56666666666667,1.5,3,2181,1.71635244595856,0.591377963830003,2.15248067615072,1.63795648124211,-0.463639244681918,37.3147995981646,1.22695273127877,37.8589417931322,1.56141814802929,1.02006547123631,2.21177967245443,1.7370559098377,-0.544142194967577,0.154934297929273,-0.428687507406304,-0.0592989963037103,-0.0990994285955971
13,22,382,32.4602725223537,1.82916259765625,1.58333333333333,1.5,1,382,1.07656832070168,1.07425639777455,1.53596326483513,0.965875848899786,-0.0139194311469022,38.4204224576516,1.18361367518383,38.5646328629035,1.25574107684344,1.19223887321079,1.62454030569728,1.48041446968165,-0.144210405251897,-0.179172756141762,-0.117982475436235,-0.0885770408621411,-0.514538620781868
13,22,382,32.4602725223537,1.82916259765625,1.58333333333333,1.5,2,1282,1.34212255344077,1.49836608609345,1.62913759135196,2.25382955958333,-1.08646773774439,38.6448845175099,1.19052865286012,38.5646328629035,1.25574107684344,1.19223887321079,1.62454030569728,1.48041446968165,0.080251654606414,0.0863814765973254,0.306127212882661,0.00459728565468764,0.773415089901681
13,22,382,32.4602725223537,1.82916259765625,1.58333333333333,1.5,3,2182,1.34853235638788,1.00409413576436,1.70852006090473,1.22153800056184,-0.450961663155959,38.628591613549,1.19002671918258,38.5646328629035,1.25574107684344,1.19223887321079,1.62454030569728,1.48041446968165,0.063958750645476,0.0927912795444361,-0.188144737446426,0.0839797552074537,-0.258876469119813
13,23,383,34.5773705495876,1.78016662597656,1.6,1.5,1,383,1.3457876815757,2.0743486672036,0.525347100003754,1.14446307934692,0.18352981374921,41.2636051972597,1.19337024595561,42.7328460514391,1.28387509522076,1.94461678001838,1.6270098076307,1.52101455328342,-1.46924085417946,0.061912586354939,0.129731887185212,-1.10166270762694,-0.376551473936499
13,23,383,34.5773705495876,1.78016662597656,1.6,1.5,2,1283,1.67297944676191,1.99509328161448,1.65682924530015,2.20610177334835,0.277334555811199,43.5102804010025,1.2583455511345,42.7328460514391,1.28387509522076,1.94461678001838,1.6270098076307,1.52101455328342,0.777434349563372,0.389104351541147,0.0504765015960944,0.0298194376694492,0.68508722006493
13,23,383,34.5773705495876,1.78016662597656,1.6,1.5,3,2183,0.832858157324677,1.76440839123708,2.69885307758819,1.21247880715499,0.493322668264256,43.4246525560552,1.25586913827874,42.7328460514391,1.28387509522076,1.94461678001838,1.6270098076307,1.52101455328342,0.691806504616096,-0.451016937896085,-0.180208388781306,1.07184326995749,-0.308535746128431
13,24,384,36.766227854774,1.7236328125,1.61666666666667,1.5,1,384,0.617906432078532,1.7447147515029,2.11538312820612,3.06327482214999,0.0514814272576262,43.8764499573225,1.19339003529635,44.4301262821548,1.47681197361172,1.71716085196665,1.73199590380821,2.18528051993043,-0.55367632483226,-0.858905541533192,0.0275538995362412,0.383387224397904,0.877994302219564
13,24,384,36.766227854774,1.7236328125,1.61666666666667,1.5,2,1284,1.84038950419557,1.74750064158679,1.63693345269508,2.48276236222483,-0.941221379352767,44.277688428908,1.20430326994121,44.4301262821548,1.47681197361172,1.71716085196665,1.73199590380821,2.18528051993043,-0.15243785324683,0.363577530583851,0.0303397896201383,-0.0950624511131333,0.297481842294402
13,24,384,36.766227854774,1.7236328125,1.61666666666667,1.5,3,2184,1.97213998456106,1.65926716281028,1.44367113052344,1.00980437541646,0.122778808232045,45.1362404602339,1.2276549184899,44.4301262821548,1.47681197361172,1.71716085196665,1.73199590380821,2.18528051993043,0.706114178079083,0.495328010949341,-0.0578936891563793,-0.288324773284771,-1.17547614451397
13,25,385,39.0292767267848,1.65956115722656,1.63333333333333,1.5,1,385,1.61752634702606,2.12777016364832,1.1311666106608,1.58293032446587,-0.279379855103447,46.6063886179465,1.19413918285505,46.4738011618018,1.89739328148217,1.39702955386124,1.66979226518165,1.66862551678418,0.132587456144698,-0.279866934456106,0.730740609787075,-0.538625654520843,-0.0856951923183102
13,25,385,39.0292767267848,1.65956115722656,1.63333333333333,1.5,2,1285,2.49227643369191,0.842490269000316,2.11901024071543,2.32425697177039,-1.50328704329112,46.2166576463602,1.18415357706701,46.4738011618018,1.89739328148217,1.39702955386124,1.66979226518165,1.66862551678418,-0.257143515441562,0.594883152209744,-0.554539284860925,0.449217975533778,0.655631454986215
13,25,385,39.0292767267848,1.65956115722656,1.63333333333333,1.5,3,2185,1.58237706372853,1.22082822893509,1.75919994416871,1.09868925411627,0.310209626416728,46.5983572210986,1.19393340407765,46.4738011618018,1.89739328148217,1.39702955386124,1.66979226518165,1.66862551678418,0.124556059296857,-0.315016217753638,-0.176201324926149,0.0894076789870639,-0.569936262667905
13,26,386,41.369031897199,1.58795166015625,1.65,1.5,1,386,1.62955538189446,1.57209812638009,0.89604840817745,2.09286612665531,-0.637693745429217,47.257027846559,1.14232858926918,49.1327564768235,1.68023576491669,1.90609498537606,1.41068172562623,1.42150562852655,-1.87572863026448,-0.0506803830222335,-0.333996858995969,-0.514633317448777,0.671360498128758
13,26,386,41.369031897199,1.58795166015625,1.65,1.5,2,1286,2.29603072310409,2.65774964056553,1.63423228737696,1.0269218780063,0.216174837437481,52.067827871158,1.2586184757851,49.1327564768235,1.68023576491669,1.90609498537606,1.41068172562623,1.42150562852655,2.93507139433449,0.6157949581874,0.75165465518947,0.223550561750734,-0.394583750520249
13,26,386,41.369031897199,1.58795166015625,1.65,1.5,3,2186,1.11512118975153,1.48843718918256,1.70176448132427,1.14472888091805,-0.0749448131245515,48.0734137127535,1.16206281626833,49.1327564768235,1.68023576491669,1.90609498537606,1.41068172562623,1.42150562852655,-1.05934276407002,-0.565114575165166,-0.4176577961935,0.291082755698043,-0.276776747608508
13,27,387,43.7880933347085,1.50880432128906,1.66666666666667,1.5,1,387,2.06466095496354,1.96782899155008,1.79324283052362,1.35436273990481,0.610745942188175,53.4835878794447,1.22141851371846,54.373727865993,2.18118981263516,2.22330549182977,2.28807420005151,2.32334671063469,-0.890139986548355,-0.116528857671614,-0.255476500279688,-0.494831369527897,-0.968983970729878
13,27,387,43.7880933347085,1.50880432128906,1.66666666666667,1.5,2,1287,1.94395352267872,1.71447674572534,2.70796076128115,2.51398191515618,-0.193326924799558,53.447214270109,1.22058784020505,54.373727865993,2.18118981263516,2.22330549182977,2.28807420005151,2.32334671063469,-0.92651359588406,-0.237236289956441,-0.508828746104423,0.419886561229633,0.190635204521484
13,27,387,43.7880933347085,1.50880432128906,1.66666666666667,1.5,3,2187,2.53495496026321,2.98761073821388,2.36301900834978,3.10169547684309,0.0536573725175507,56.1903814484255,1.28323425774482,54.373727865993,2.18118981263516,2.22330549182977,2.28807420005151,2.32334671063469,1.81665358243242,0.353765147628056,0.764305246384112,0.0749448082982656,0.778348766208394
13,28,388,46.2891491342386,1.422119140625,1.68333333333333,1.5,1,388,1.85718555388575,2.55958177746477,3.09395664898452,2.0179578170743,0.134954506563266,58.0148070635509,1.2533133174539,57.2072593183383,2.11237941105578,2.74209852453365,2.24781677510348,2.21050797206138,0.807547745212574,-0.255193857170029,-0.182516747068879,0.846139873881039,-0.192550154987078
13,28,388,46.2891491342386,1.422119140625,1.68333333333333,1.5,2,1288,1.87004502676913,3.05225354308221,1.74504180737159,1.96204324799814,0.063629339569983,56.76772814212,1.22637225362457,57.2072593183383,2.11237941105578,2.74209852453365,2.24781677510348,2.21050797206138,-0.439531176218281,-0.242334384286648,0.310155018548561,-0.502774967731894,-0.248464724063242
13,28,388,46.2891491342386,1.422119140625,1.68333333333333,1.5,3,2188,2.60990765251246,2.61446025305397,1.90445186895434,2.6515228511117,-0.419191908868594,56.839242749344,1.2279172076486,57.2072593183383,2.11237941105578,2.74209852453365,2.24781677510348,2.21050797206138,-0.368016568994285,0.497528241456677,-0.127638271479682,-0.343364906149144,0.441014879050319
13,29,389,48.8749785039976,1.32789611816406,1.7,1.5,1,389,2.48418682447962,2.83099812414818,1.87275747471786,2.59347710747396,0.0688287437906623,59.8643823119378,1.22484723562674,59.5722067660868,2.45840915669491,2.66114506135665,2.06888064257419,2.62107856564029,0.292175545850988,0.0257776677847068,0.16985306279153,-0.196123167856334,-0.0276014581663304
13,29,389,48.8749785039976,1.32789611816406,1.7,1.5,2,1289,2.62998108444108,2.26858631704198,1.93690640776306,3.03987716193407,-0.151358794902659,58.9779177325852,1.20670984495187,59.5722067660868,2.45840915669491,2.66114506135665,2.06888064257419,2.62107856564029,-0.594289033501632,0.171571927746175,-0.392558744314668,-0.131974234811136,0.418798596293777
13,29,389,48.8749785039976,1.32789611816406,1.7,1.5,3,2189,2.26105956116403,2.88385074287979,2.39697804524166,2.22988142751285,-0.501123795225792,59.8743202537374,1.22505056956373,59.5722067660868,2.45840915669491,2.66114506135665,2.06888064257419,2.62107856564029,0.302113487650637,-0.197349595530882,0.222705681523138,0.32809740266747,-0.391197138127446
13,30,390,51.5484548537714,1.22613525390625,1.71666666666667,1.5,1,390,2.53598050282056,3.60771592429098,3.96197010593715,2.16055333421128,-0.222177067053405,66.5719337133837,1.29144382508127,65.0649224457031,2.78309758720864,3.41669615615872,2.74983658665498,2.36250014394842,1.50701126768062,-0.247117084388084,0.191019768132253,1.21213351928217,-0.201946809737133
13,30,390,51.5484548537714,1.22613525390625,1.71666666666667,1.5,2,1290,3.12213188644511,3.72323692187668,1.67801430989405,2.61084031568958,-0.0136754631902291,64.2715135446257,1.24681745994029,65.0649224457031,2.78309758720864,3.41669615615872,2.74983658665498,2.36250014394842,-0.793408901077413,0.339034299236468,0.306540765717954,-1.07182227676093,0.248340171741164
13,30,390,51.5484548537714,1.22613525390625,1.71666666666667,1.5,3,2190,2.69118037236026,2.91913562230852,2.60952534413375,2.31610678194438,0.577643261660133,64.3513200790998,1.24836564474428,65.0649224457031,2.78309758720864,3.41669615615872,2.74983658665498,2.36250014394842,-0.713602366603226,-0.091917214848384,-0.497560533850208,-0.140311242521235,-0.0463933620040309
14,1,391,1.01685340540722,1.11920166015625,1.25,1.5,1,391,-0.152371724237409,-0.618184974657415,-0.672719292821384,-0.748977519493652,0.0646232463513724,-0.870868192522626,-0.856434357097783,0.362034278341949,0.154381652362416,-0.119800345369864,-0.399679545931685,-0.367000223358288,-1.23290247086458,-0.306753376599825,-0.49838462928755,-0.273039746889699,-0.381977296135365
14,1,391,1.01685340540722,1.11920166015625,1.25,1.5,2,1291,0.624401351915142,-0.29940776177886,0.168283647514673,-0.635256169214505,-0.674088976086704,0.919761228036187,0.904517035735202,0.362034278341949,0.154381652362416,-0.119800345369864,-0.399679545931685,-0.367000223358288,0.557726949694238,0.470019699552726,-0.179607416408996,0.567963193446358,-0.268255945856217
14,1,391,1.01685340540722,1.11920166015625,1.25,1.5,3,2191,-0.00888467059048402,0.558191700326682,-0.694602992488343,0.283233018633294,0.374464995504038,1.03720979951229,1.02001900568638,0.362034278341949,0.154381652362416,-0.119800345369864,-0.399679545931685,-0.367000223358288,0.675175521170338,-0.1632663229529,0.677992045696546,-0.294923446556659,0.650233241991582
14,2,392,2.06817317241739,1.230712890625,1.26666666666667,1.5,1,392,0.452912231030648,0.14789542200761,-0.0260290202273968,-0.119046771075383,-0.0133262666461419,2.76054249769094,1.33477338092742,3.08486049249982,0.461114225915181,0.207430628048371,-0.136251859371528,0.296688555525321,-0.324317994808885,-0.00820199488453255,-0.0595352060407618,0.110222839144131,-0.415735326600704
14,2,392,2.06817317241739,1.230712890625,1.26666666666667,1.5,2,1292,0.473210240458303,0.130894501078846,0.112930657924315,0.75343158220215,0.438082792761574,3.42383759633976,1.65548883526895,3.08486049249982,0.461114225915181,0.207430628048371,-0.136251859371528,0.296688555525321,0.33897710383994,0.012096014543122,-0.0765361269695258,0.249182517295843,0.456743026676829
14,2,392,2.06817317241739,1.230712890625,1.26666666666667,1.5,3,2192,0.457220206256591,0.343501961058659,-0.495657215811502,0.255680855449196,0.747704749066789,3.07020138346877,1.48449918237753,3.08486049249982,0.461114225915181,0.207430628048371,-0.136251859371528,0.296688555525321,-0.0146591090310548,-0.00389401965858949,0.136071333010288,-0.359405356439974,-0.0410077000761248
14,3,393,3.15512754226943,1.33453369140625,1.28333333333333,1.5,1,393,0.393979728461921,0.338104556244853,0.601282350058963,-0.524967789809359,0.104878888077835,5.12161002398013,1.62326560665634,3.98737097728521,-0.234031502091397,0.502514745581426,0.4418036446661,-0.786819114474665,1.13423904669491,0.628011230553319,-0.164410189336573,0.159478705392863,0.261851324665306
14,3,393,3.15512754226943,1.33453369140625,1.28333333333333,1.5,2,1293,-0.963136924826703,0.684667557539428,0.112947369857646,-1.19972779159449,0.335514477820584,3.25338109810011,1.03114091411975,3.98737097728521,-0.234031502091397,0.502514745581426,0.4418036446661,-0.786819114474665,-0.733989879185107,-0.729105422735306,0.182152811958002,-0.328856274808454,-0.412908677119827
14,3,393,3.15512754226943,1.33453369140625,1.28333333333333,1.5,3,2193,-0.13293730990941,0.484772122959996,0.611181214081692,-0.635761762020144,-0.92949245916287,3.58712180977541,1.13691816312289,3.98737097728521,-0.234031502091397,0.502514745581426,0.4418036446661,-0.786819114474665,-0.400249167509807,0.101094192181987,-0.0177426226214292,0.169377569415591,0.151057352454521
14,4,394,4.27892435387168,1.4306640625,1.3,1.5,1,394,0.704923735391865,-0.48078989164567,0.869436428559583,0.544953343962874,0.675503915884468,6.64206510848455,1.55227448750634,5.20126080752673,0.270264165451705,-0.0525579427333328,0.454979451524054,0.153733409723711,1.44080430095783,0.43465956994016,-0.428231948912337,0.414456977035529,0.391219934239163
14,4,394,4.27892435387168,1.4306640625,1.3,1.5,2,1294,-0.127921671005379,0.716588647923354,-0.137897821208298,-0.434445846284018,-0.394551769667819,4.42607815716943,1.03439037270304,5.20126080752673,0.270264165451705,-0.0525579427333328,0.454979451524054,0.153733409723711,-0.775182650357296,-0.398185836457084,0.769146590656687,-0.592877272732352,-0.58817925600773
14,4,394,4.27892435387168,1.4306640625,1.3,1.5,3,2194,0.23379043196863,-0.393472584477683,0.633399747220877,0.350692731492278,-0.516346027129683,4.53563915692619,1.05999517210961,5.20126080752673,0.270264165451705,-0.0525579427333328,0.454979451524054,0.153733409723711,-0.665621650600531,-0.0364737334830756,-0.34091464174435,0.178420295696823,0.196959321768567
14,5,395,5.44081238596938,1.51910400390625,1.31666666666667,1.5,1,395,-0.450704114228348,-0.360745494521434,0.0368661109217973,-0.5324449683615,-0.138322308685558,4.19814125137866,0.771601914119427,5.4278023152143,-0.311901964763365,0.0729776021046333,0.309954604240971,0.12775594430179,-1.22966106383564,-0.138802149464983,-0.433723096626067,-0.273088493319173,-0.66020091266329
14,5,395,5.44081238596938,1.51910400390625,1.31666666666667,1.5,2,1295,-0.174330852160626,0.432636128402632,0.522080301800034,0.674986386550204,-0.487975104111656,6.04076860809964,1.11026960306101,5.4278023152143,-0.311901964763365,0.0729776021046333,0.309954604240971,0.12775594430179,0.612966292885343,0.137571112602739,0.359658526297999,0.212125697559063,0.547230442248414
14,5,395,5.44081238596938,1.51910400390625,1.31666666666667,1.5,3,2195,-0.310670927901121,0.147042172432701,0.370917400001081,0.240726414716666,0.325644523629073,6.0444970861646,1.11095488272156,5.4278023152143,-0.311901964763365,0.0729776021046333,0.309954604240971,0.12775594430179,0.616694770950299,0.00123103686224396,0.0740645703280677,0.0609627957601099,0.112970470414876
14,6,396,6.6420827448051,1.599853515625,1.33333333333333,1.5,1,396,0.340356344475035,-0.32147507509223,0.631062207700458,0.258120653562185,0.544919271153217,8.24948218832635,1.24200232145232,7.89084314279373,0.399233199715212,0.168082274993416,0.174344057927042,0.473383734136629,0.358639045532624,-0.0588768552401771,-0.489557350085646,0.456718149773415,-0.215263080574444
14,6,396,6.6420827448051,1.599853515625,1.33333333333333,1.5,2,1296,0.226267944795709,0.720154282281837,-0.291053904585984,0.0455030852714144,-0.338805302198495,7.1888978623914,1.08232585148295,7.89084314279373,0.399233199715212,0.168082274993416,0.174344057927042,0.473383734136629,-0.701945280402327,-0.172965254919503,0.552072007288421,-0.465397962513027,-0.427880648865214
14,6,396,6.6420827448051,1.599853515625,1.33333333333333,1.5,3,2196,0.631075309874892,0.105567617790641,0.183023870666654,1.11652746357629,0.167145950010016,8.23414937766343,1.23969388729815,7.89084314279373,0.399233199715212,0.168082274993416,0.174344057927042,0.473383734136629,0.343306234869702,0.23184211015968,-0.0625146572027753,0.00867981273961144,0.643143729439658
14,7,397,7.88407029881404,1.67291259765625,1.35,1.5,1,397,0.298622600485783,-0.575700103846947,-0.0195528127833819,0.161646554225795,0.784827868907861,8.36194331865099,1.06061247575492,10.5534123511919,0.465224437933403,0.426097308911351,0.645085323494307,0.207878047824426,-2.19146903254087,-0.16660183744762,-1.0017974127583,-0.664638136277689,-0.0462314935986312
14,7,397,7.88407029881404,1.67291259765625,1.35,1.5,2,1297,0.617177686290478,1.39708766984468,0.347967796670397,0.38133406959192,0.609222453098903,11.9337971275965,1.51365940120951,10.5534123511919,0.465224437933403,0.426097308911351,0.645085323494307,0.207878047824426,1.38038477640467,0.151953248357074,0.970990360933328,-0.297117526823909,0.173456021767494
14,7,397,7.88407029881404,1.67291259765625,1.35,1.5,3,2197,0.479873027023949,0.456904360736322,1.6068409865959,0.0806535196555638,-0.349441690557674,11.3644966073281,1.44145044077519,10.5534123511919,0.465224437933403,0.426097308911351,0.645085323494307,0.207878047824426,0.8110842561362,0.0146485890905455,0.0308070518249702,0.961755663101598,-0.127224528168862
14,8,398,9.16815516194857,1.73828125,1.36666666666667,1.5,1,398,0.761483036010066,0.244116515783814,0.614034779978616,1.25292652701282,0.166568247840329,11.9130731683507,1.29939698422586,11.0060668397672,0.889875785569914,0.0130818541624528,0.172942366719936,0.659949969384148,0.907006328583494,-0.128392749559848,0.231034661621361,0.44109241325868,0.592976557628669
14,8,398,9.16815516194857,1.73828125,1.36666666666667,1.5,2,1298,1.12455705358696,-0.170669449273338,-0.155351913342661,0.151479399250625,0.288260563562387,10.9449360489622,1.19379917285737,11.0060668397672,0.889875785569914,0.0130818541624528,0.172942366719936,0.659949969384148,-0.061130790805052,0.234681268017045,-0.183751303435791,-0.328294280062596,-0.508470570133523
14,8,398,9.16815516194857,1.73828125,1.36666666666667,1.5,3,2198,0.783587267112717,-0.0342015040231177,0.0601442335238522,0.575443981889003,-0.413533208908059,10.1601913019888,1.10820455397151,11.0060668397672,0.889875785569914,0.0130818541624528,0.172942366719936,0.659949969384148,-0.845875537778442,-0.106288518457197,-0.0472833581855705,-0.112798133196084,-0.0845059874951453
14,9,399,10.4957642272801,1.79595947265625,1.38333333333333,1.5,1,399,1.08008414140475,0.536711282421055,0.592798090054995,0.254984628422395,-0.579594212661222,13.4876051020722,1.28505221820969,12.534245473106,0.520143904879606,0.39105254063785,0.557361573519559,0.341903937742849,0.953359628966203,0.559940236525149,0.145658741783205,0.0354365165354363,-0.0869193093204541
14,9,399,10.4957642272801,1.79595947265625,1.38333333333333,1.5,2,1299,0.551254730298086,0.495639876870227,0.687487638425601,0.4084810225726,0.041093597230453,13.2437555998782,1.2618190836886,12.534245473106,0.520143904879606,0.39105254063785,0.557361573519559,0.341903937742849,0.709510126772225,0.0311108254184808,0.104587336232377,0.130126064906042,0.0665770848297507
14,9,399,10.4957642272801,1.79595947265625,1.38333333333333,1.5,3,2199,-0.0709071570640238,0.140806462622268,0.391798992078081,0.362246162233552,-0.279522890915567,10.8713757173675,1.03578695957281,12.534245473106,0.520143904879606,0.39105254063785,0.557361573519559,0.341903937742849,-1.66286975573843,-0.59105106194363,-0.250246078015582,-0.165562581441478,0.0203422244907034
14,10,400,11.8683727525827,1.845947265625,1.4,1.5,1,400,0.578863742618775,1.5606768530716,1.53314485381241,0.847206514742871,-0.0968648690958095,17.3247247013623,1.45973884225976,15.2657377379422,0.44315036393422,0.823714010224969,0.904829354899302,0.340470636133925,2.05898696342015,0.135713378684555,0.736962842846627,0.628315498913103,0.506735878608946
14,10,400,11.8683727525827,1.845947265625,1.4,1.5,2,1300,0.691376211000357,1.47762371878373,0.127552093820275,-0.240524637602906,0.540248702341931,15.9448668281665,1.34347539975072,15.2657377379422,0.44315036393422,0.823714010224969,0.904829354899302,0.340470636133925,0.679129090224377,0.248225847066137,0.653909708558761,-0.777277261079027,-0.580995273736831
14,10,400,11.8683727525827,1.845947265625,1.4,1.5,3,2200,0.0592111381835282,-0.567158541180419,1.05379111706523,0.41473003126181,-0.236716424854739,12.5276216842976,1.05554669923655,15.2657377379422,0.44315036393422,0.823714010224969,0.904829354899302,0.340470636133925,-2.73811605364453,-0.383939225750692,-1.39087255140539,0.148961762165924,0.0742593951278848
14,11,401,13.2875059996601,1.88824462890625,1.41666666666667,1.5,1,401,0.518206196086069,1.26131944692132,0.795282041563263,0.616558514132789,0.670101670219472,17.9159000151218,1.34832676768538,15.9622008079383,0.363976525734466,0.849414633824229,0.395672291197804,0.2832108410937,1.9536992071835,0.154229670351603,0.411904813097095,0.399609750365458,0.333347673039089
14,11,401,13.2875059996601,1.88824462890625,1.41666666666667,1.5,2,1301,0.225443205968302,0.450996727286525,0.116655917918246,0.725099893726354,-0.735901020878751,13.7911928087744,1.03790679824544,15.9622008079383,0.363976525734466,0.849414633824229,0.395672291197804,0.2832108410937,-2.17100799916395,-0.138533319766164,-0.398417906537704,-0.279016373279558,0.441889052632654
14,11,401,13.2875059996601,1.88824462890625,1.41666666666667,1.5,3,2201,0.348280175149027,0.835927727264837,0.275078914111904,-0.492025884578042,0.63751611205259,16.1795095999187,1.21764833824591,15.9622008079383,0.363976525734466,0.849414633824229,0.395672291197804,0.2832108410937,0.217308791980445,-0.0156963505854393,-0.0134869065593917,-0.1205933770859,-0.775236725671743
14,12,402,14.7547409292381,1.9228515625,1.43333333333333,1.5,1,402,1.47708301068878,1.01464100437743,0.254177484815564,1.08015778675179,-0.0917402863815372,19.338797018066,1.31068360405733,19.1555594310028,0.998710479772947,0.993293598217285,0.519185496998331,0.909093280720103,0.1832375870632,0.478372530915836,0.0213474061601406,-0.265008012182767,0.171064506031684
14,12,402,14.7547409292381,1.9228515625,1.43333333333333,1.5,2,1302,1.32343306404175,1.31914721138287,1.1497253993123,-0.0161508455636253,-0.365770934506413,20.5491010984058,1.39271175257883,19.1555594310028,0.998710479772947,0.993293598217285,0.519185496998331,0.909093280720103,1.39354166740294,0.3247225842688,0.325853613165582,0.630539902313972,-0.925244126283728
14,12,402,14.7547409292381,1.9228515625,1.43333333333333,1.5,3,2202,0.195615364588311,0.646092578891562,0.153653606867125,1.66327290097215,1.29135349780567,17.5787801765367,1.19139876876472,19.1555594310028,0.998710479772947,0.993293598217285,0.519185496998331,0.909093280720103,-1.57677925446614,-0.803095115184636,-0.347201019325723,-0.365531890131206,0.754179620252044
14,13,403,16.2717079533052,1.94976806640625,1.45,1.5,1,403,1.17946993285265,1.61954677234493,-0.62028343379281,0.994162860776229,-0.597355609354067,19.3919628235245,1.19175951775766,19.8303328404493,0.680809375519694,1.03525220062742,0.654014660655933,0.41032492974387,-0.438370016924754,0.498660557332952,0.584294571717509,-1.27429809444874,0.583837931032359
14,13,403,16.2717079533052,1.94976806640625,1.45,1.5,2,1303,0.58037996695217,1.12574052523124,1.64799395118412,-0.319915771835874,-0.212786287846989,21.294842679765,1.30870359404646,19.8303328404493,0.680809375519694,1.03525220062742,0.654014660655933,0.41032492974387,1.4645098393157,-0.100429408567523,0.0904883246038173,0.993979290528182,-0.730240701579744
14,13,403,16.2717079533052,1.94976806640625,1.45,1.5,3,2203,0.282578226754265,0.360469304306098,0.934333464576495,0.556727700291255,0.0573423738573345,18.8041930180583,1.15563732289324,19.8303328404493,0.680809375519694,1.03525220062742,0.654014660655933,0.41032492974387,-1.02613982239095,-0.398231148765429,-0.674782896321326,0.280318803920561,0.146402770547385
14,14,404,17.8400927468495,1.968994140625,1.46666666666667,1.5,1,404,0.292509750033452,0.832374965637267,1.42728076096258,0.621991545972995,0.647920874002677,22.4257013624556,1.25703950538127,22.5285263009682,1.06227494623919,0.562672015601954,1.02313667645205,1.02834917862822,-0.102824938512676,-0.769765196205736,0.269702950035312,0.40414408451053,-0.406357632655222
14,14,404,17.8400927468495,1.968994140625,1.46666666666667,1.5,2,1304,1.39671502630479,0.638505648304151,0.704620858238735,1.23326346728298,0.0218498017274075,22.6054724896981,1.26711630990204,22.5285263009682,1.06227494623919,0.562672015601954,1.02313667645205,1.02834917862822,0.0769461887298526,0.334440080065603,0.0758336327021968,-0.318515818213318,0.204914288654768
14,14,404,17.8400927468495,1.968994140625,1.46666666666667,1.5,3,2204,1.49760006237932,0.217135432864445,0.937508410154841,1.22979252262867,0.0408186393102921,22.5544050507511,1.26425380017905,22.5285263009682,1.06227494623919,0.562672015601954,1.02313667645205,1.02834917862822,0.0258787497828195,0.435325116140133,-0.345536582737509,-0.085628266297212,0.201443344000454
14,15,405,19.4616381210038,1.98052978515625,1.48333333333333,1.5,1,405,1.73096769593337,1.19964986807478,2.03990192742308,0.419961114253482,-0.265346433101347,27.4638582956207,1.41117916821095,25.2429251369724,1.18562139883431,1.36747915597273,1.04019370697979,1.22090758995556,2.22093315864829,0.545346297099066,-0.167829287897956,0.99970822044329,-0.800946475702073
14,15,405,19.4616381210038,1.98052978515625,1.48333333333333,1.5,2,1305,1.76189078977051,1.35098495565155,0.863606355707253,2.41025484639434,0.124917393418348,26.3754032528658,1.35525093462715,25.2429251369724,1.18562139883431,1.36747915597273,1.04019370697979,1.22090758995556,1.13247811589341,0.576269390936207,-0.0164942003211888,-0.17658735127254,1.18934725643879
14,15,405,19.4616381210038,1.98052978515625,1.48333333333333,1.5,3,2205,0.0640057107990342,1.55180264419188,0.217072837809043,0.83250680921884,-0.326339320828887,21.8895138624307,1.12475186961814,25.2429251369724,1.18562139883431,1.36747915597273,1.04019370697979,1.22090758995556,-3.3534112745417,-1.12161568803527,0.184323488219145,-0.82312086917075,-0.388400780736715
14,16,406,21.1381459596826,1.984375,1.5,1.5,1,406,0.872801400507455,1.0472953312198,0.660345353063675,0.720790067991135,-0.331884797945562,25.0996874672942,1.18741196674333,25.1177655514553,0.691518099132912,1.06428864376611,0.959528791639912,0.994441367675361,-0.0180780841610506,0.181283301374543,-0.0169933125463166,-0.299183438576236,-0.273651299684226
14,16,406,21.1381459596826,1.984375,1.5,1.5,2,1306,0.67624383155746,1.15321663401417,0.859209460406233,1.10459722802715,-0.819061776732823,24.6796446778272,1.16754065020174,25.1177655514553,0.691518099132912,1.06428864376611,0.959528791639912,0.994441367675361,-0.438120873628069,-0.0152742675754526,0.0889279902480546,-0.100319331233679,0.110155860351791
14,16,406,21.1381459596826,1.984375,1.5,1.5,3,2206,0.525509065333821,0.992353966064374,1.35903156144983,1.1579368070078,-0.134066793231314,25.5739645092444,1.20984898855474,25.1177655514553,0.691518099132912,1.06428864376611,0.959528791639912,0.994441367675361,0.456198957789116,-0.166009033799091,-0.071934677701738,0.399502769809916,0.163495439332436
14,17,407,22.8714792218598,1.98052978515625,1.51666666666667,1.5,1,407,0.837807504483506,1.87560499188649,0.899126781633246,0.877982706243419,0.083013720168969,28.8071534023634,1.25952296845018,29.0730222674105,1.39794032077703,1.30478373483878,0.983328509298337,0.754105710558547,-0.265868865047072,-0.560132816293522,0.57082125704771,-0.0842017276650915,0.123876995684872
14,17,407,22.8714792218598,1.98052978515625,1.51666666666667,1.5,2,1307,2.55368937649515,0.790022785820644,1.14273949288356,0.246435562349433,-0.369035574773686,30.4724119837585,1.33233236417144,29.0730222674105,1.39794032077703,1.30478373483878,0.983328509298337,0.754105710558547,1.39938971634795,1.15574905571812,-0.514760949018132,0.159410983585225,-0.507670148209114
14,17,407,22.8714792218598,1.98052978515625,1.51666666666667,1.5,3,2207,0.802324081352427,1.2487234268092,0.908119253378204,1.13789886308279,0.222919376388681,27.9395014161096,1.22158698810377,29.0730222674105,1.39794032077703,1.30478373483878,0.983328509298337,0.754105710558547,-1.13352085130088,-0.595616239424601,-0.0560603080295783,-0.0752092559201332,0.383793152524242
14,18,408,24.6635640117153,1.968994140625,1.53333333333333,1.5,1,408,0.736142007281978,0.84918898780725,1.15067917792032,1.42458704273032,0.343612173261564,29.4847440321679,1.19547783192091,30.6721059361999,1.17964160169309,1.22318372643585,1.14034520434206,1.22000412179115,-1.18736190403199,-0.443499594411116,-0.373994738628605,0.0103339735782604,0.204582920939172
14,18,408,24.6635640117153,1.968994140625,1.53333333333333,1.5,2,1308,1.33718692006247,1.34493863503929,0.46369013373541,1.51192612042023,0.131404858243093,30.1856565214785,1.22389677773821,30.6721059361999,1.17964160169309,1.22318372643585,1.14034520434206,1.22000412179115,-0.486449414721442,0.157545318369376,0.121754908603438,-0.676655070606651,0.291921998629084
14,18,408,24.6635640117153,1.968994140625,1.53333333333333,1.5,3,2208,1.46559587773483,1.47542355646102,1.80666630137045,0.723499202222891,-0.175712024508561,32.3459172549533,1.31148593283554,30.6721059361999,1.17964160169309,1.22318372643585,1.14034520434206,1.22000412179115,1.67381131875343,0.28595427604174,0.252239830025167,0.666321097028391,-0.496504919568255
14,19,409,26.5163917189489,1.94976806640625,1.55,1.5,1,409,1.43774210064155,1.33148296228884,1.9635696730279,1.23947791286523,-0.973489742116043,33.3553187134811,1.25791318317436,33.5175368147008,1.36434988993078,1.37225222878521,1.46357607708451,1.50971951904069,-0.162218101219672,0.0733922107107707,-0.040769266496365,0.499993595943396,-0.270241606175454
14,19,409,26.5163917189489,1.94976806640625,1.55,1.5,2,1309,1.73084134868339,1.1084302571763,1.27386797517737,1.52854525573719,0.0227829066773437,33.5427826766939,1.26498292196837,33.5175368147008,1.36434988993078,1.37225222878521,1.46357607708451,1.50971951904069,0.0252458619931346,0.366491458752612,-0.263821971608909,-0.189708101907139,0.0188257366965017
14,19,409,26.5163917189489,1.94976806640625,1.55,1.5,3,2209,0.924466220467396,1.67684346689048,1.15329058304825,1.76113538851964,1.00657937158722,33.6545090539273,1.26919640540223,33.5175368147008,1.36434988993078,1.37225222878521,1.46357607708451,1.50971951904069,0.13697223922653,-0.439883669463383,0.304591238105274,-0.310285494036256,0.251415869478953
14,20,410,28.4320212316403,1.9228515625,1.56666666666667,1.5,1,410,2.04390415988184,1.62612824052737,0.982187530124536,1.34782473708389,0.207523928802744,36.5905516732184,1.28694866169061,35.2712619948355,1.2848948068986,1.22692067748271,1.43602293063122,1.21781499599431,1.31928967838294,0.759009352983244,0.399207563044655,-0.453835400506689,0.130009741089584
14,20,410,28.4320212316403,1.9228515625,1.56666666666667,1.5,2,1310,0.921705594722126,1.29562942685198,1.52137952169213,0.173619629711176,0.876003346405847,35.3922163389622,1.24480127707475,35.2712619948355,1.2848948068986,1.22692067748271,1.43602293063122,1.21781499599431,0.12095434412673,-0.363189212176472,0.0687087493692689,0.0853565910609095,-1.04419536628313
14,20,410,28.4320212316403,1.9228515625,1.56666666666667,1.5,3,2210,0.889074666091826,0.759004365068791,1.804501740077,2.13200062118785,-0.206421318911599,33.8310179723258,1.18989141491908,35.2712619948355,1.2848948068986,1.22692067748271,1.43602293063122,1.21781499599431,-1.44024402250967,-0.395820140806772,-0.467916312413924,0.36847880944578,0.914185625193546
14,21,411,30.4125812241143,1.88824462890625,1.58333333333333,1.5,1,411,0.447296535630031,1.46049266947075,1.80449368015154,1.37857469712897,0.749005309089586,37.025379061025,1.21743625732325,38.656699188438,1.55147139635051,1.5552346651241,1.72291873727166,1.43542897822942,-1.63132012741298,-1.10417486072048,-0.0947419956533448,0.0815749428798795,-0.0568542811004471
14,21,411,30.4125812241143,1.88824462890625,1.58333333333333,1.5,2,1311,2.05995345123351,1.79836703290777,1.66867319495552,1.77658920117951,0.026366415327505,39.6790679407343,1.30469254313976,38.656699188438,1.55147139635051,1.5552346651241,1.72291873727166,1.43542897822942,1.02236875229629,0.508482054883002,0.243132367783665,-0.0542455423161443,0.341160222950095
14,21,411,30.4125812241143,1.88824462890625,1.58333333333333,1.5,3,2211,2.14716420218798,1.40684429299378,1.69558933670793,1.15112303637977,0.0278105983104568,39.2656505635547,1.2910989131176,38.656699188438,1.55147139635051,1.5552346651241,1.72291873727166,1.43542897822942,0.608951375116703,0.595692805837475,-0.14839037213032,-0.0273294005637352,-0.284305941849648
14,22,412,32.4602725223537,1.845947265625,1.6,1.5,1,412,1.8863038587559,1.05325573223879,1.37988925091988,2.55807153206231,-0.0844307099397469,39.6129023105841,1.22035026918843,40.0986475393088,1.73343234757755,1.52048769938819,1.49605176020855,1.96942071181789,-0.485745228724689,0.152871511178345,-0.467231967149403,-0.116162509288671,0.588650820244423
14,22,412,32.4602725223537,1.845947265625,1.6,1.5,2,1312,1.84125231853824,2.15032054303135,1.66455441701901,1.41697363975754,-0.212430138677933,41.5840415607858,1.28107493651352,40.0986475393088,1.73343234757755,1.52048769938819,1.49605176020855,1.96942071181789,1.48539402147694,0.107819970960691,0.629832843643161,0.168502656810463,-0.552447072060348
14,22,412,32.4602725223537,1.845947265625,1.6,1.5,3,2212,1.47274086543852,1.35788682289443,1.44371161268676,1.93321696363382,-0.418062084988739,39.0989987465566,1.20451849933272,40.0986475393088,1.73343234757755,1.52048769938819,1.49605176020855,1.96942071181789,-0.999648792752254,-0.260691482139037,-0.162600876493758,-0.0523401475217915,-0.0362037481840747
14,23,413,34.5773705495876,1.79595947265625,1.61666666666667,1.5,1,413,1.66257210856144,2.08084872407654,2.66062841515366,1.33313445094013,0.987361299121625,45.9056253693752,1.32762048240602,43.7432486391194,1.62366403125614,1.50198487437906,2.23278334421883,1.719567483586,2.16237673025571,0.0389080773053023,0.578863849697477,0.42784507093483,-0.386433032645871
14,23,413,34.5773705495876,1.79595947265625,1.61666666666667,1.5,2,1313,1.51794259451284,1.12946282848655,1.68454981066452,1.68618010646674,0.513058587897853,42.1693821410993,1.21956590309908,43.7432486391194,1.62366403125614,1.50198487437906,2.23278334421883,1.719567483586,-1.57386649802019,-0.105721436743299,-0.372522045892518,-0.548233533554307,-0.033387377119255
14,23,413,34.5773705495876,1.79595947265625,1.61666666666667,1.5,3,2213,1.69047739069414,1.29564307057411,2.35317180683831,2.13938789335112,-0.0830417001843185,43.1547384068839,1.24806304588706,43.7432486391194,1.62366403125614,1.50198487437906,2.23278334421883,1.719567483586,-0.588510232235514,0.0668133594379965,-0.206341803804958,0.120388462619478,0.419820409765125
14,24,414,36.766227854774,1.73828125,1.63333333333333,1.5,1,414,1.65665779442369,1.82691790036867,2.00861426910219,2.49195929575595,0.445106380315174,46.0879587243911,1.25354058366928,46.7667983275121,1.82730287892442,1.98769223141083,2.17244020428847,1.63148182233379,-0.678839603121084,-0.170645084500727,-0.160774331042158,-0.163825935186273,0.86047747342216
14,24,414,36.766227854774,1.73828125,1.63333333333333,1.5,2,1314,1.67915586289447,2.57524232385248,2.19243766341291,1.47872963236399,0.622852234328202,47.8028108654777,1.30018263103569,46.7667983275121,1.82730287892442,1.98769223141083,2.17244020428847,1.63148182233379,1.03601253796554,-0.148147016029952,0.587550092441654,0.0199974591244465,-0.152752189969803
14,24,414,36.766227854774,1.73828125,1.63333333333333,1.5,3,2214,2.1460949794551,1.56091647001133,2.31626868035029,0.923756538881436,-0.111019047156244,46.4096253926677,1.26228955485955,46.7667983275121,1.82730287892442,1.98769223141083,2.17244020428847,1.63148182233379,-0.357172934844463,0.318792100530679,-0.426775761399496,0.143828476061826,-0.707725283452357
14,25,415,39.0292767267848,1.67291259765625,1.65,1.5,1,415,1.50626006642983,1.84830975550229,2.50046508150026,2.49733738600213,0.219712307681637,48.5692391937726,1.24443093152277,48.9690168811293,1.88146274426239,2.18291237072499,1.8339252155676,2.38328592185685,-0.399777687356732,-0.375202677832566,-0.334602615222694,0.66653986593266,0.114051464145273
14,25,415,39.0292767267848,1.67291259765625,1.65,1.5,2,1315,1.66442561782901,1.54831757483202,2.10088994040173,2.09962389247139,0.738024127687361,48.2577983474755,1.23645125902006,48.9690168811293,1.88146274426239,2.18291237072499,1.8339252155676,2.38328592185685,-0.71121853365382,-0.217037126433386,-0.634594795892963,0.266964724834126,-0.283662029385468
14,25,415,39.0292767267848,1.67291259765625,1.65,1.5,3,2215,2.47370254852835,3.15210978184064,0.900420624800814,2.55289648709705,0.360836141829358,50.0800131021398,1.28313966596699,48.9690168811293,1.88146274426239,2.18291237072499,1.8339252155676,2.38328592185685,1.11099622101055,0.592239804265953,0.969197411115656,-0.933504590766786,0.169610565240194
14,26,416,41.369031897199,1.599853515625,1.66666666666667,1.5,1,416,1.79636922936882,1.91555500452808,1.67965581443024,2.75362481488177,-1.08189632411249,48.8731385959117,1.18139430280506,49.9314061621484,2.08712659920166,1.55702962501003,1.94232273043187,2.22421207572965,-1.05826756623672,-0.290757369832841,0.358525379518052,-0.262666916001633,0.52941273915212
14,26,416,41.369031897199,1.599853515625,1.66666666666667,1.5,2,1316,2.88799980134621,1.12743943648487,2.38156812343127,1.77672640702875,0.257437597407004,51.6982640425358,1.24968513092123,49.9314061621484,2.08712659920166,1.55702962501003,1.94232273043187,2.22421207572965,1.7668578803874,0.800873202144549,-0.429590188525161,0.439245392999394,-0.447485668700909
14,26,416,41.369031897199,1.599853515625,1.66666666666667,1.5,3,2216,1.57701076688995,1.62809443401714,1.76574425343411,2.14228500527844,-0.0313093723018014,49.2228158479977,1.18984693599587,49.9314061621484,2.08712659920166,1.55702962501003,1.94232273043187,2.22421207572965,-0.70859031415069,-0.510115832311708,0.0710648090071095,-0.176578476997761,-0.0819270704512105
14,27,417,43.7880933347085,1.51910400390625,1.68333333333333,1.5,1,417,1.95913600288888,2.16470170330054,2.13672206178119,2.21382728838042,0.249215687682246,53.8624379951371,1.23007041168525,54.0634458114498,2.08840383043791,1.95912753967052,2.23061912593924,2.01927444049251,-0.201007816312689,-0.129267827549034,0.205574163630013,-0.0938970641580466,0.194552847887911
14,27,417,43.7880933347085,1.51910400390625,1.68333333333333,1.5,2,1317,2.28517182880201,1.58027468552547,2.510803141785,1.93046185798045,0.44357768323785,54.1294184593386,1.23616751351978,54.0634458114498,2.08840383043791,1.95912753967052,2.23061912593924,2.01927444049251,0.0659726478887848,0.196767998364099,-0.378852854145051,0.28018401584576,-0.0888125825120625
14,27,417,43.7880933347085,1.51910400390625,1.68333333333333,1.5,3,2217,2.02090365962284,2.13240623018556,2.04433217425152,1.91353417511666,0.684376055467076,54.1984809798737,1.23774471214332,54.0634458114498,2.08840383043791,1.95912753967052,2.23061912593924,2.01927444049251,0.135035168423912,-0.0675001708150664,0.173278690515037,-0.186286951687713,-0.105740265375849
14,28,418,46.2891491342386,1.4306640625,1.7,1.5,1,418,2.21540521617564,2.29859237530787,2.74551359350143,2.35112286103241,0.809336895728558,58.2938640849002,1.25934187979666,57.0421601782049,2.40422913642354,2.27704698671473,2.24392573873894,1.95177056965333,1.25170390669533,-0.1888239202479,0.0215453885931378,0.501587854762494,0.399352291379087
14,28,418,46.2891491342386,1.4306640625,1.7,1.5,2,1318,2.65878571858702,2.62227280212461,1.83567362213284,0.878670074331711,-0.851218994443261,56.4531335140771,1.21957596045594,57.0421601782049,2.40422913642354,2.27704698671473,2.24392573873894,1.95177056965333,-0.589026664127779,0.254556582163476,0.34522581540988,-0.408252116606101,-1.07310049532161
14,28,418,46.2891491342386,1.4306640625,1.7,1.5,3,2218,2.33849647450797,1.91027578271171,2.15059000058254,2.62551877359585,0.271377103553526,56.3794829356374,1.21798486232998,57.0421601782049,2.40422913642354,2.27704698671473,2.24392573873894,1.95177056965333,-0.662677242567547,-0.0657326619155758,-0.366771204003018,-0.0933357381563935,0.673748203942528
14,29,419,48.8749785039976,1.33453369140625,1.71666666666667,1.5,1,419,2.41675526845161,2.50761185345382,1.32451757457797,2.74776233900776,0.473019418530813,58.86474929579,1.204394377196,59.4245933590416,2.42887750644289,2.27784683921379,2.10010824349123,2.37534720863948,-0.559844063251532,-0.0121222379912842,0.229765014240029,-0.775590668913251,0.372415130368277
14,29,419,48.8749785039976,1.33453369140625,1.71666666666667,1.5,2,1319,2.2294077040259,2.36654373422292,2.2452003489519,2.19665297069679,-0.816508301642311,58.4640571624357,1.19619606907149,59.4245933590416,2.42887750644289,2.27784683921379,2.10010824349123,2.37534720863948,-0.960536196605823,-0.199469802416989,0.0886968950091256,0.14509210546067,-0.178694237942697
14,29,419,48.8749785039976,1.33453369140625,1.71666666666667,1.5,3,2219,2.64046954685116,1.95938492996464,2.73060680694381,2.1816263162139,1.0866785366412,60.9449736188989,1.24695653040367,59.4245933590416,2.42887750644289,2.27784683921379,2.10010824349123,2.37534720863948,1.52038025985735,0.211592040408273,-0.318461909249155,0.630498563452581,-0.19372089242558
14,30,420,51.5484548537714,1.230712890625,1.73333333333333,1.5,1,420,2.61099090473308,3.19726870708741,2.5655440625961,2.16138263308961,0.385336948162724,64.537420485206,1.25197584812737,63.9160704860146,2.7032407621083,2.88680226249298,2.47233804218383,2.70063432791698,0.621349999191473,-0.0922498573752177,0.310466444594428,0.0932060204122669,-0.539251694827373
14,30,420,51.5484548537714,1.230712890625,1.73333333333333,1.5,2,1320,2.68809931644169,2.72847343935322,2.56709606683709,2.83446687468561,0.376944909677645,63.8136763052753,1.23793577297898,63.9160704860146,2.7032407621083,2.88680226249298,2.47233804218383,2.70063432791698,-0.102394180739289,-0.0151414456666057,-0.158328823139759,0.0947580246532618,0.133832546768628
14,30,420,51.5484548537714,1.230712890625,1.73333333333333,1.5,3,2220,2.81063206515012,2.73466464103831,2.2843739971183,3.10605347597572,0.222932326929607,63.3971146675624,1.2298548006415,63.9160704860146,2.7032407621083,2.88680226249298,2.47233804218383,2.70063432791698,-0.518955818452184,0.107391303041823,-0.15213762145467,-0.187964045065529,0.405419148058745
15,1,421,1.01685340540722,1.12062072753906,1.26666666666667,1.5,1,421,0.736153245238664,0.170404738053855,-0.349016775721055,-0.52869796839491,-0.483976337563236,1.05014649105688,1.03274128352486,0.667788892466018,0.36312044373149,-0.272940556090371,-0.316530075218892,-0.0122747617621924,0.382357598590863,0.373032801507174,0.443345294144226,-0.0324867005021628,-0.516423206632718
15,1,421,1.01685340540722,1.12062072753906,1.26666666666667,1.5,2,1321,0.112363087339984,0.172736764824094,-0.524160436359197,-0.148714883984714,-0.292249503740865,0.283079553921548,0.27838777194062,0.667788892466018,0.36312044373149,-0.272940556090371,-0.316530075218892,-0.0122747617621924,-0.38470933854447,-0.250757356391506,0.445677320914464,-0.207630361140305,-0.136440122222522
15,1,421,1.01685340540722,1.12062072753906,1.26666666666667,1.5,3,2221,0.240844998615822,-1.16196317114906,-0.0764130135764239,0.640588567093047,0.969830866592841,0.670140632419626,0.659033670788811,0.667788892466018,0.36312044373149,-0.272940556090371,-0.316530075218892,-0.0122747617621924,0.00235173995360716,-0.122275445115668,-0.88902261505869,0.240117061642468,0.65286332885524
15,2,422,2.06817317241739,1.23345947265625,1.28333333333333,1.5,1,422,-0.75289911332748,0.801234518598487,0.474501394063654,0.278826622888736,-0.168987485433598,2.71051820032573,1.31058570746159,3.11667483654177,-0.125723864045022,0.288691488790801,0.256469186124261,0.178966228205068,-0.406156636216047,-0.627175249282458,0.512543029807686,0.218032207939394,0.0998603946836676
15,2,422,2.06817317241739,1.23345947265625,1.28333333333333,1.5,2,1322,0.302953659569482,-0.10729779825604,0.314772081253465,0.268918939674134,0.770219611112583,3.54653312548677,1.71481439406807,3.11667483654177,-0.125723864045022,0.288691488790801,0.256469186124261,0.178966228205068,0.429858288944999,0.428677523614503,-0.395989287046841,0.0583028951292043,0.0899527114690664
15,2,422,2.06817317241739,1.23345947265625,1.28333333333333,1.5,3,2222,0.0727738616229335,0.172137746029956,-0.0198659169443374,-0.010846877947666,0.743925170426244,3.09297318381282,1.49550976923155,3.11667483654177,-0.125723864045022,0.288691488790801,0.256469186124261,0.178966228205068,-0.0237016527289526,0.198497725667955,-0.116553742760845,-0.276335103068598,-0.189813106152734
15,3,423,3.15512754226943,1.33851623535156,1.3,1.5,1,423,-0.61262954325432,0.437532420131407,-0.298646212501941,0.736285623008464,0.325392743122939,2.78132852290837,0.881526494776121,4.03820777785227,-0.189942884470174,0.465713347366653,-0.0444830858406184,0.128492861036733,-1.2568792549439,-0.422686658784145,-0.0281809272352458,-0.254163126661323,0.607792761971731
15,3,423,3.15512754226943,1.33851623535156,1.3,1.5,2,1323,-0.210839740915731,0.623901286046975,0.211106771187477,-0.0151968315825093,0.448043149692466,4.44869010433116,1.40998740771389,4.03820777785227,-0.189942884470174,0.465713347366653,-0.0444830858406184,0.128492861036733,0.410482326478888,-0.0208968564455568,0.158187938680322,0.255589857028096,-0.143689692619243
15,3,423,3.15512754226943,1.33851623535156,1.3,1.5,3,2223,0.253640630759527,0.335706335921576,-0.0459098162073915,-0.335610208315755,1.02242154944445,4.88460470631728,1.54814809888917,4.03820777785227,-0.189942884470174,0.465713347366653,-0.0444830858406184,0.128492861036733,0.846396928465011,0.443583515229702,-0.130007011445077,-0.00142673036677313,-0.464103069352488
15,4,424,4.27892435387168,1.435791015625,1.31666666666667,1.5,1,424,0.928224644774367,0.113694772610488,0.197368921289102,0.423400896815533,-0.0531301813198923,6.00428227720466,1.40322234763787,5.34244385660119,0.561627800041583,0.199125314712088,-0.0142692851551745,-0.145649342493439,0.661838420603469,0.366596844732784,-0.0854305421016001,0.211638206444276,0.569050239308972
15,4,424,4.27892435387168,1.435791015625,1.31666666666667,1.5,2,1324,-0.104221527386325,0.461186649293743,0.18362481197655,-0.414130140133365,-0.643182674050464,4.3687676533668,1.0209967019898,5.34244385660119,0.561627800041583,0.199125314712088,-0.0142692851551745,-0.145649342493439,-0.97367620323439,-0.665849327427909,0.262061334581655,0.197894097131725,-0.268480797639926
15,4,424,4.27892435387168,1.435791015625,1.31666666666667,1.5,3,2224,0.860880282736708,0.0224945222320336,-0.423801588731175,-0.446218784162485,0.74539770536961,5.65428163923211,1.32142594063762,5.34244385660119,0.561627800041583,0.199125314712088,-0.0142692851551745,-0.145649342493439,0.311837782630921,0.299252482695125,-0.176630792480055,-0.409532303576001,-0.300569441669046
15,5,425,5.44081238596938,1.52528381347656,1.33333333333333,1.5,1,425,-0.32610862930166,1.01098965497075,0.637241810511557,0.489139916526125,0.0203126686509334,7.26756576330646,1.33575011372343,6.14031260765874,-0.191990423390838,0.187554823603782,0.461089992749633,0.671116362438277,1.12725315564772,-0.134118205910821,0.823434831366965,0.176151817761924,-0.181976445912151
15,5,425,5.44081238596938,1.52528381347656,1.33333333333333,1.5,2,1325,-0.725291347879877,-0.323109197704788,0.305510572083762,0.768703690170653,-0.0999687067758347,4.26202212073702,0.783342967628844,6.14031260765874,-0.191990423390838,0.187554823603782,0.461089992749633,0.671116362438277,-1.87829048692172,-0.533300924489039,-0.51066402130857,-0.155579420665871,0.0975873277323762
15,5,425,5.44081238596938,1.52528381347656,1.33333333333333,1.5,3,2225,0.475428707009023,-0.125215986454614,0.44051759565358,0.755505480618051,0.231552096826193,6.89134993893274,1.2666031191783,6.14031260765874,-0.191990423390838,0.187554823603782,0.461089992749633,0.671116362438277,0.751037331273999,0.66741913039986,-0.312770810058395,-0.0205723970960532,0.0843891181797749
15,6,426,6.6420827448051,1.60699462890625,1.35,1.5,1,426,0.77225583007346,0.208871296367912,-0.131319813728274,-0.525676607315796,0.162730654074583,8.13082089945354,1.22413724908995,8.02355268260313,0.197018985348248,0.254958545326495,0.569850221706845,0.471917747963291,0.107268216850409,0.575236844725212,-0.0460872489585831,-0.701170035435119,-0.997594355279086
15,6,426,6.6420827448051,1.60699462890625,1.35,1.5,2,1326,-0.142753252889822,0.111387702575881,1.2798796845134,1.41967503783317,-0.432457642376785,8.05041431702301,1.21203162115368,8.02355268260313,0.197018985348248,0.254958545326495,0.569850221706845,0.471917747963291,0.0268616344198804,-0.33977223823807,-0.143570842750614,0.710029462806554,0.94775728986988
15,6,426,6.6420827448051,1.60699462890625,1.35,1.5,3,2226,-0.0384456211388929,0.444616637035691,0.56099079433541,0.521754813372498,-0.132596658298391,7.88942283133284,1.18779351815563,8.02355268260313,0.197018985348248,0.254958545326495,0.569850221706845,0.471917747963291,-0.134129851270288,-0.235464606487141,0.189658091709197,-0.00885942737143441,0.0498370654092068
15,7,427,7.88407029881404,1.68092346191406,1.36666666666667,1.5,1,427,-0.446837704711057,0.716674598000752,0.668476740569412,-0.236663693058695,0.197032746012662,9.31217345809854,1.18113780130795,10.0300066181522,0.380333490051892,0.614047531258684,0.558562890270379,0.229308848319558,-0.717833160053697,-0.827171194762949,0.102627066742067,0.109913850299033,-0.465972541378252
15,7,427,7.88407029881404,1.68092346191406,1.36666666666667,1.5,2,1327,0.626540693661147,1.07549477820095,-0.341167877189025,0.631757692347669,-0.325745147711567,9.56958315067917,1.21378714141079,10.0300066181522,0.380333490051892,0.614047531258684,0.558562890270379,0.229308848319558,-0.460423467473062,0.246207203609255,0.461447246942269,-0.899730767459404,0.402448844028111
15,7,427,7.88407029881404,1.68092346191406,1.36666666666667,1.5,3,2227,0.961297481205587,0.0499732175743475,1.34837980743075,0.292832545669699,-0.382540985003477,11.208263245679,1.42163410787509,10.0300066181522,0.380333490051892,0.614047531258684,0.558562890270379,0.229308848319558,1.17825662752676,0.580963991153695,-0.564074313684337,0.789816917160372,0.0635236973501412
15,8,428,9.16815516194857,1.7470703125,1.38333333333333,1.5,1,428,1.30785000601818,-0.490587977484897,0.861775304563394,0.925411727239374,0.151247634567283,12.2183249698908,1.33269177430609,12.4918146564949,0.756360238114834,0.16456184855215,0.664856491331493,1.05721564304523,-0.273489686604066,0.551489767903347,-0.655149826037047,0.196918813231901,-0.131803915805851
15,8,428,9.16815516194857,1.7470703125,1.38333333333333,1.5,2,1328,0.38197631610983,0.687266696388584,0.840501240512761,0.484828301313315,1.71829024450728,13.7652556791828,1.50142045330057,12.4918146564949,0.756360238114834,0.16456184855215,0.664856491331493,1.05721564304523,1.27344102268792,-0.374383922005004,0.522704847836434,0.175644749181268,-0.572387341731911
15,8,428,9.16815516194857,1.7470703125,1.38333333333333,1.5,3,2228,0.579254392216491,0.297006826752763,0.292292928918323,1.76140690058299,0.462411169383648,11.491863320411,1.2534542792324,12.4918146564949,0.756360238114834,0.16456184855215,0.664856491331493,1.05721564304523,-0.999951336083859,-0.177105845898343,0.132444978200613,-0.37256356241317,0.704191257537762
15,9,429,10.4957642272801,1.80543518066406,1.4,1.5,1,429,0.447307406745089,0.0037684006716564,0.224916541686361,0.252400032148798,-0.268735903159495,11.3772634262997,1.08398618527733,11.4766958561975,0.536199943176933,-0.0986370840579217,0.362405113707298,0.82918423850476,-0.0994324298978277,-0.0888925364318434,0.102405484729578,-0.137488572020937,-0.576784206355962
15,9,429,10.4957642272801,1.80543518066406,1.4,1.5,2,1329,0.510405485094515,-0.550713549382179,0.31384706090584,1.36072006953978,-0.279515696066602,10.8375241726307,1.03256170183991,11.4766958561975,0.536199943176933,-0.0986370840579217,0.362405113707298,0.82918423850476,-0.639171683566735,-0.0257944580824178,-0.452076465324257,-0.0485580528014581,0.531535831035015
15,9,429,10.4957642272801,1.80543518066406,1.4,1.5,3,2229,0.650886937691194,0.251033896536758,0.548451738529694,0.874432613825707,-0.629723496506431,12.215299969662,1.16383139951949,11.4766958561975,0.536199943176933,-0.0986370840579217,0.362405113707298,0.82918423850476,0.738604113464561,0.114686994514261,0.349670980594679,0.186046624822395,0.0452483753209469
15,10,430,11.8683727525827,1.85601806640625,1.41666666666667,1.5,1,430,-0.0435818465700795,0.66633449782879,0.519473346149449,0.799758882255377,-0.102176798598785,13.4084911505308,1.12976660154299,13.9741182991558,0.380824866507474,0.519060105556339,0.378698214119715,0.533383936632516,-0.565627148624982,-0.424406713077553,0.147274392272451,0.140775132029734,0.26637494562286
15,10,430,11.8683727525827,1.85601806640625,1.41666666666667,1.5,2,1330,0.698874586554401,0.489018956934718,0.403676220850896,-0.060373578442568,-0.16616534275253,14.2976224555612,1.20468262613759,13.9741182991558,0.380824866507474,0.519060105556339,0.378698214119715,0.533383936632516,0.323504156405422,0.318049720046927,-0.0300411486216209,0.0249780067311806,-0.593757515075084
15,10,430,11.8683727525827,1.85601806640625,1.41666666666667,1.5,3,2230,0.4871818595381,0.401826861905509,0.2129450753588,0.86076650608474,0.554977871793527,14.2162412913753,1.19782564869996,13.9741182991558,0.380824866507474,0.519060105556339,0.378698214119715,0.533383936632516,0.242122992219562,0.106356993030626,-0.11723324365083,-0.165753138760915,0.327382569452224
15,11,431,13.2875059996601,1.89881896972656,1.43333333333333,1.5,1,431,0.373402560615657,1.00610671378674,0.295773961124965,0.532810540964317,-0.0647827827387411,15.8174943138113,1.19040355008802,16.4863455910563,0.676132001585504,0.818436191538637,0.557324466876686,0.662287708038468,-0.668851277245011,-0.302729440969847,0.187670522248102,-0.261550505751721,-0.129477167074151
15,11,431,13.2875059996601,1.89881896972656,1.43333333333333,1.5,2,1331,0.490635254432169,1.02110025734448,0.263398786976889,0.869083127503757,-0.0802495018003303,15.9975592421846,1.203954996716,16.4863455910563,0.676132001585504,0.818436191538637,0.557324466876686,0.662287708038468,-0.488786348871676,-0.185496747153335,0.202664065805845,-0.293925679899797,0.206795419465289
15,11,431,13.2875059996601,1.89881896972656,1.43333333333333,1.5,3,2231,1.16435818970869,0.42810160348469,1.1128006525282,0.58496945564733,-0.137241477782811,17.643983217173,1.32786267171765,16.4863455910563,0.676132001585504,0.818436191538637,0.557324466876686,0.662287708038468,1.15763762611669,0.488226188123182,-0.390334588053947,0.555476185651518,-0.0773182523911381
15,12,432,14.7547409292381,1.933837890625,1.45,1.5,1,432,0.522406706437005,0.585646425699283,2.05976637053047,1.0714865926742,-0.190254961744854,19.5135727237774,1.32252899711097,19.9510848723322,0.770484536563128,0.904473681795823,1.46658376325821,1.18918504388081,-0.437512148554767,-0.248077830126123,-0.31882725609654,0.593182607272268,-0.117698451206606
15,12,432,14.7547409292381,1.933837890625,1.45,1.5,2,1332,0.468034235151324,1.06013349835547,1.34196662699019,1.49545459077364,0.229937721252599,19.4399245016367,1.31753750166595,19.9510848723322,0.770484536563128,0.904473681795823,1.46658376325821,1.18918504388081,-0.511160370695439,-0.302450301411804,0.155659816559647,-0.124617136268014,0.306269546892832
15,12,432,14.7547409292381,1.933837890625,1.45,1.5,3,2232,1.32101266810105,1.06764112133272,0.998018292253953,1.00061394819458,0.545285046461466,20.8997573915824,1.41647742185478,19.9510848723322,0.770484536563128,0.904473681795823,1.46658376325821,1.18918504388081,0.948672519250202,0.550528131537927,0.163167439536893,-0.468565471004254,-0.188571095686227
15,13,433,16.2717079533052,1.96107482910156,1.46666666666667,1.5,1,433,0.965808894779894,1.24424924009471,0.867347090726875,-0.322081456059081,-0.257624169557059,21.034026818586,1.29267479965515,20.2613967503681,0.93246404750187,0.893720795063284,0.649465782004415,0.738071389613723,0.772630068217843,0.0333448472780233,0.350528445031422,0.21788130872246,-1.0601528456728
15,13,433,16.2717079533052,1.96107482910156,1.46666666666667,1.5,2,1333,1.04520486370876,1.2647938037868,0.558253808274135,1.41832117062424,-0.192342080021376,20.8215024473895,1.27961382462989,20.2613967503681,0.93246404750187,0.893720795063284,0.649465782004415,0.738071389613723,0.560105697021339,0.112740816206886,0.371073008723515,-0.0912119737302803,0.680249781010514
15,13,433,16.2717079533052,1.96107482910156,1.46666666666667,1.5,3,2233,0.786378384016961,0.172119341308347,0.522796447012236,1.11797445427601,0.0781698056745613,18.928660985129,1.16328667153125,20.2613967503681,0.93246404750187,0.893720795063284,0.649465782004415,0.738071389613723,-1.33273576523918,-0.146085663484909,-0.721601453754937,-0.126669334992179,0.379903064662291
15,14,434,17.8400927468495,1.98052978515625,1.48333333333333,1.5,1,434,1.05963548716836,0.600786662259907,0.654511069929247,0.523771858185464,0.754740218677634,22.5664060965187,1.26492650104097,20.7574245503304,0.478141618425084,0.606727114910393,0.667437548996444,0.80770098777441,1.80898154618824,0.581493868743273,-0.00594045265048593,-0.0129264790671972,-0.283929129588945
15,14,434,17.8400927468495,1.98052978515625,1.48333333333333,1.5,2,1334,0.257368733349466,0.470033684172008,0.37274513139818,1.10417689434279,-0.474209281541495,19.1319442360936,1.07241282360891,20.7574245503304,0.478141618425084,0.606727114910393,0.667437548996444,0.80770098777441,-1.6254803142368,-0.220772885075618,-0.136693430738385,-0.294692417598264,0.296475906568378
15,14,434,17.8400927468495,1.98052978515625,1.48333333333333,1.5,3,2234,0.117420634757429,0.749360998299263,0.975056445661905,0.795154210794976,-0.0728613089696394,20.573923318379,1.15324082729403,20.7574245503304,0.478141618425084,0.606727114910393,0.667437548996444,0.80770098777441,-0.183501231951443,-0.360720983667655,0.14263388338887,0.307618896665461,-0.0125467769794331
15,15,435,19.4616381210038,1.99220275878906,1.5,1.5,1,435,-0.169047203767179,0.916826769383587,0.890646970606815,1.19419599972411,-0.784019463993818,21.0520529612851,1.08172050216907,22.9165595763083,0.729926824168363,0.666576716414011,0.767316005372571,0.532458428167788,-1.86450661502324,-0.898974027935542,0.250250052969576,0.123330965234244,0.66173757155632
15,15,435,19.4616381210038,1.99220275878906,1.5,1.5,2,1335,1.3455716249256,0.548608888895868,1.30544089433795,-0.14525892732554,0.183177046809836,25.1065413459895,1.29005283059361,22.9165595763083,0.729926824168363,0.666576716414011,0.767316005372571,0.532458428167788,2.18998176968116,0.615644800757236,-0.117967827518142,0.538124888965384,-0.677717355493328
15,15,435,19.4616381210038,1.99220275878906,1.5,1.5,3,2235,1.01325605134667,0.534294490962578,0.105860151172943,0.548438212104796,0.150602836590728,22.5910844216504,1.16080076513544,22.9165595763083,0.729926824168363,0.666576716414011,0.767316005372571,0.532458428167788,-0.325475154657919,0.283329227178306,-0.132282225451433,-0.661455854199628,0.0159797839370082
15,16,436,21.1381459596826,1.99609375,1.51666666666667,1.5,1,436,0.617430507211625,0.918811102003779,0.061966653142327,1.12416579497847,-0.208524542458538,23.6485507448144,1.11876182470875,26.8937351167159,1.03875138914711,1.50966546843854,0.875361089579002,1.17473324237316,-3.24518437190149,-0.421320881935487,-0.59085436643476,-0.813394436436675,-0.0505674473946902
15,16,436,21.1381459596826,1.99609375,1.51666666666667,1.5,2,1336,1.56224989474672,1.70421175620833,0.885588610296574,1.02219684544538,0.182448610911554,28.3520959004637,1.34127638036659,26.8937351167159,1.03875138914711,1.50966546843854,0.875361089579002,1.17473324237316,1.45836078374783,0.523498505599607,0.194546287769787,0.0102275207175723,-0.152536396927786
15,16,436,21.1381459596826,1.99609375,1.51666666666667,1.5,3,2236,0.936573765482992,1.90597354710351,1.6785280052981,1.37783708669564,0.264405151104908,28.6805587048696,1.35681524574449,26.8937351167159,1.03875138914711,1.50966546843854,0.875361089579002,1.17473324237316,1.78682358815366,-0.10217762366412,0.396308078664974,0.803166915719102,0.203103844322476
15,17,437,22.8714792218598,1.99220275878906,1.53333333333333,1.5,1,437,1.63410356497465,0.876375923721512,0.985506641839209,0.827456577332967,-0.124658028842419,28.8243232024387,1.2602736763475,27.8815441367644,1.15433520924787,1.09463680324443,0.564223745982722,0.967895943335597,0.942779065674237,0.479768355726784,-0.218260879522923,0.421282895856487,-0.14043936600263
15,17,437,22.8714792218598,1.99220275878906,1.53333333333333,1.5,2,1337,0.93724639875583,1.55881748186525,0.684618072543874,1.31057613045902,0.122379496925072,28.2781574943938,1.23639390439454,27.8815441367644,1.15433520924787,1.09463680324443,0.564223745982722,0.967895943335597,0.396613357629406,-0.217088810492035,0.464180678620819,0.120394326561152,0.342680187123419
15,17,437,22.8714792218598,1.99220275878906,1.53333333333333,1.5,3,2237,0.891655664013117,0.848717004146539,0.0225465235650837,0.765655122214808,0.559127759491896,26.5421517134608,1.16049125882915,27.8815441367644,1.15433520924787,1.09463680324443,0.564223745982722,0.967895943335597,-1.33939242330364,-0.262679545234749,-0.245919799097896,-0.541677222417638,-0.202240821120789
15,18,438,24.6635640117153,1.98052978515625,1.55,1.5,1,438,1.60453600014652,0.82816811532431,2.0980487044611,0.27162375080979,0.412090652782817,32.6842196395881,1.32520261970504,31.4232565711993,1.48343684632481,1.26321075679879,1.2812098618046,1.10260268865186,1.26096306838882,0.121099153821712,-0.435042641474483,0.816838842656501,-0.830978937842067
15,18,438,24.6635640117153,1.98052978515625,1.55,1.5,2,1338,1.84555214099612,1.87983902820098,1.17923300098365,1.42369690851185,-0.0638121197134379,32.9375228724905,1.33547296152515,31.4232565711993,1.48343684632481,1.26321075679879,1.2812098618046,1.10260268865186,1.51426630129125,0.362115294671306,0.616628271402187,-0.10197686082095,0.321094219859997
15,18,438,24.6635640117153,1.98052978515625,1.55,1.5,3,2238,1.00022239783179,1.08162512687109,0.566347879969046,1.61248740663393,-0.52254782748611,28.6480272015192,1.16155261210064,31.4232565711993,1.48343684632481,1.26321075679879,1.2812098618046,1.10260268865186,-2.77522936968007,-0.483214448493018,-0.181585629927705,-0.714861981835551,0.50988471798207
15,19,439,26.5163917189489,1.96107482910156,1.56666666666667,1.5,1,439,1.37610337867647,0.973866433054122,1.57722845535225,1.06806252009604,-0.153867439807448,32.9527327387853,1.24273065083878,33.166631375376,1.2367016345926,1.44018481260355,1.27263814337086,1.56999465739829,-0.213898636590692,0.13940174408387,-0.466318379549425,0.304590311981395,-0.501932137302253
15,19,439,26.5163917189489,1.96107482910156,1.56666666666667,1.5,2,1339,1.63096483757754,1.6055175183955,0.843234454824293,2.3639790474193,-0.640506150598785,32.8544921195292,1.23902574934624,33.166631375376,1.2367016345926,1.44018481260355,1.27263814337086,1.56999465739829,-0.312139255846816,0.394263202984941,0.165332705791953,-0.429403688546565,0.793984390021013
15,19,439,26.5163917189489,1.96107482910156,1.56666666666667,1.5,3,2239,0.703036687523784,1.74117048636102,1.39745151993603,1.27794240467953,0.973558955157147,33.6926692678135,1.27063552329921,33.166631375376,1.2367016345926,1.44018481260355,1.27263814337086,1.56999465739829,0.526037892437515,-0.533664947068811,0.300985673757473,0.12481337656517,-0.29205225271876
15,20,440,28.4320212316403,1.933837890625,1.58333333333333,1.5,1,440,1.50611116565423,0.694775380078101,1.03856746231285,1.77185329423363,0.293655392738372,34.2961636759405,1.20625133881704,34.2765792169945,1.23799517891905,1.05882575750839,1.0787703267331,1.13795735189836,0.0195844589459142,0.268115986735187,-0.364050377430291,-0.040202864420243,0.633895942335266
15,20,440,28.4320212316403,1.933837890625,1.58333333333333,1.5,2,1340,1.47246458515436,1.20889544806253,1.18157523167144,0.865762978029306,-0.154607814146791,34.8113685318079,1.22437192376138,34.2765792169945,1.23799517891905,1.05882575750839,1.0787703267331,1.13795735189836,0.534789314813359,0.234469406235316,0.150069690554134,0.102804904938345,-0.272194373869057
15,20,440,28.4320212316403,1.933837890625,1.58333333333333,1.5,3,2240,0.735409785948545,1.27280644438455,1.016168286215,0.776255783432154,0.328491602793259,33.7222054432353,1.1860643029384,34.2765792169945,1.23799517891905,1.05882575750839,1.0787703267331,1.13795735189836,-0.554373773759274,-0.502585392970503,0.213980686876157,-0.0626020405181014,-0.361701568466209
15,21,441,30.4125812241143,1.89881896972656,1.6,1.5,1,441,1.69228233736019,1.02798244210319,1.09157750168188,0.601554864028564,-0.0571194222106404,36.8509377661043,1.21170043063905,37.7455623763203,1.45126265784233,1.45294229122229,1.58184791025215,0.975576147265083,-0.894624610215992,0.241019679517861,-0.424959849119095,-0.490270408570268,-0.374021283236519
15,21,441,30.4125812241143,1.89881896972656,1.6,1.5,2,1341,0.87015574040129,1.53950493054713,2.38429638359751,0.901452475855539,-0.789550805297107,37.3149511095793,1.22695771314511,37.7455623763203,1.45126265784233,1.45294229122229,1.58184791025215,0.975576147265083,-0.430611266741032,-0.581106917441044,0.0865626393248407,0.80244847334536,-0.0741236714095446
15,21,441,30.4125812241143,1.89881896972656,1.6,1.5,3,2241,1.79134989576552,1.79133950101654,1.26966984547706,1.42372110191115,0.486119895823723,39.0707982532773,1.28469194920877,37.7455623763203,1.45126265784233,1.45294229122229,1.58184791025215,0.975576147265083,1.32523587695702,0.340087237923184,0.338397209794254,-0.312178064775091,0.448144954646064
15,22,442,32.4602725223537,1.85601806640625,1.61666666666667,1.5,1,442,2.13897178624053,1.34700447799203,2.36427979962633,1.75029293006177,-0.247776938974965,41.9065428010343,1.29101019629997,40.1622336827758,1.63235934365107,1.18888455659981,2.02723775990863,1.72690134370123,1.74430911825853,0.506612442589461,0.158119921392224,0.337042039717706,0.0233915863605414
15,22,442,32.4602725223537,1.85601806640625,1.61666666666667,1.5,2,1342,1.18797381975746,1.4158020726984,2.00769252580858,1.94016095454708,-0.430704403438688,39.5348877970444,1.21794688475948,40.1622336827758,1.63235934365107,1.18888455659981,2.02723775990863,1.72690134370123,-0.62734588573138,-0.44438552389361,0.226917516098598,-0.0195452341000504,0.213259610845857
15,22,442,32.4602725223537,1.85601806640625,1.61666666666667,1.5,3,2242,1.57013242495522,0.803847119108983,1.70974095429097,1.49025014649483,-0.193360493468135,39.0452704502487,1.2028632976929,40.1622336827758,1.63235934365107,1.18888455659981,2.02723775990863,1.72690134370123,-1.11696323252715,-0.0622269186958506,-0.385037437490823,-0.317496805617655,-0.236651197206398
15,23,443,34.5773705495876,1.80543518066406,1.63333333333333,1.5,1,443,2.53677234420281,1.78206021553777,1.87123753546403,1.67798693744058,0.634268763146253,45.5091720035343,1.31615479373336,43.9404064803672,2.1669327843712,1.91672576238197,1.35697854499426,1.56073195015227,1.56876552316718,0.369839559831608,-0.134665546844202,0.514258990469776,0.117254987288312
15,23,443,34.5773705495876,1.80543518066406,1.63333333333333,1.5,2,1343,1.9715317679435,2.11189343388334,1.1565887084779,1.63763638650137,0.0398916367002328,43.3610440046562,1.25402953768482,43.9404064803672,2.1669327843712,1.91672576238197,1.35697854499426,1.56073195015227,-0.57936247571098,-0.195401016427699,0.195167671501371,-0.200389836516354,0.0769044363491078
15,23,443,34.5773705495876,1.80543518066406,1.63333333333333,1.5,3,2243,1.99249424096729,1.8562236377248,1.04310939104083,1.36657252651485,0.17981765523202,42.951003432911,1.24217089819813,43.9404064803672,2.1669327843712,1.91672576238197,1.35697854499426,1.56073195015227,-0.9894030474562,-0.174438543403909,-0.0605021246571686,-0.313869153953422,-0.194159423637419
15,24,444,36.766227854774,1.7470703125,1.65,1.5,1,444,0.808593695408884,1.37564560262588,1.48991737042016,2.63107685672486,-0.952582033661534,41.731007161199,1.13503640694487,43.4604919265735,1.43106076481044,1.30680252615948,1.64800776746093,2.0048345207257,-1.72948476537456,-0.62246706940156,0.0688430764663999,-0.158090397040774,0.626242335999156
15,24,444,36.766227854774,1.7470703125,1.65,1.5,2,1344,2.18199747380164,1.45626177485643,1.96994617593203,1.79370734441231,-0.313748418086697,45.6223336375273,1.24087610558621,43.4604919265735,1.43106076481044,1.30680252615948,1.64800776746093,2.0048345207257,2.16184171095381,0.750936708991198,0.149459248696945,0.3219384084711,-0.211127176313392
15,24,444,36.766227854774,1.7470703125,1.65,1.5,3,2244,1.30259112522081,1.08850020099614,1.4841597560306,1.58971936103994,-0.0360761236685262,43.0281349809943,1.17031682311698,43.4604919265735,1.43106076481044,1.30680252615948,1.64800776746093,2.0048345207257,-0.432356945579258,-0.128469639589639,-0.218302325163345,-0.163848011430326,-0.415115159685766
15,25,445,39.0292767267848,1.68092346191406,1.66666666666667,1.5,1,445,2.30719445083526,1.95170010546471,1.91614023207191,2.07210195856656,0.156054353745945,49.1905922213533,1.26035110939156,49.3653040362886,2.25471563329484,2.26409629970517,1.67651409591158,2.37854610596367,-0.174711814935328,0.0524788175404143,-0.312396194240456,0.239626136160328,-0.306444147397106
15,25,445,39.0292767267848,1.68092346191406,1.66666666666667,1.5,2,1345,2.28592274365079,2.26994311972163,1.02592986029592,2.58943399585531,0.19003832793749,48.3839095499611,1.23968245398605,49.3653040362886,2.25471563329484,2.26409629970517,1.67651409591158,2.37854610596367,-0.981394486327552,0.0312071103559517,0.00584682001646453,-0.650584235615655,0.21088788989164
15,25,445,39.0292767267848,1.68092346191406,1.66666666666667,1.5,3,2245,2.17102970539848,2.57064567392916,2.08747219536691,2.47410236346913,0.42718109285114,50.5214103375515,1.29444905400668,49.3653040362886,2.25471563329484,2.26409629970517,1.67651409591158,2.37854610596367,1.15610630126287,-0.083685927896366,0.30654937422399,0.410958099455328,0.095556257505466
15,26,446,41.369031897199,1.60699462890625,1.68333333333333,1.5,1,446,1.96969667502292,2.23995577082986,2.33387704448562,1.50048716613718,-0.381175200145386,51.4245564553487,1.24306888745034,50.5466360039476,2.04431515019736,1.7139692245449,2.0688061963947,1.85492550892168,0.877920451401081,-0.0746184751744454,0.525986546284958,0.265070848090922,-0.354438342784503
15,26,446,41.369031897199,1.60699462890625,1.68333333333333,1.5,2,1346,1.62219243926247,1.34685231435136,2.05519198274504,2.21418508736594,-0.206991304884337,49.1188844992042,1.18733463768897,50.5466360039476,2.04431515019736,1.7139692245449,2.0688061963947,1.85492550892168,-1.42775150474341,-0.422122710934892,-0.367116910193535,-0.013614213649658,0.359259578444261
15,26,446,41.369031897199,1.60699462890625,1.68333333333333,1.5,3,2246,2.5410563363067,1.55509958845348,1.81734956195344,1.85010427326193,0.300195959070981,51.0964670572899,1.23513809035375,50.5466360039476,2.04431515019736,1.7139692245449,2.0688061963947,1.85492550892168,0.549831053342338,0.496741186109338,-0.158869636091422,-0.251456634441263,-0.00482123565975767
15,27,447,43.7880933347085,1.52528381347656,1.7,1.5,1,447,1.40941330613369,1.721089603243,2.26790639365224,2.89638484278376,-0.0810110950991674,52.184549457945,1.1917520376842,53.138610825334,1.9958062973733,2.02474945272925,2.09289834165018,2.93474315089376,-0.954061367388981,-0.586392991239609,-0.303659849486248,0.175008052002062,-0.0383583081100034
15,27,447,43.7880933347085,1.52528381347656,1.7,1.5,2,1347,1.96955139935962,2.13868541860326,1.83827401317114,3.20930288577743,-0.746407547138992,52.4389868882051,1.19756269101216,53.138610825334,1.9958062973733,2.02474945272925,2.09289834165018,2.93474315089376,-0.699623937128884,-0.0262548980136792,0.113935965874015,-0.254624328479043,0.274559734883669
15,27,447,43.7880933347085,1.52528381347656,1.7,1.5,3,2247,2.60845418662658,2.21447333634148,2.17251461812716,2.69854172412009,0.00219324711537893,54.7922961298518,1.25130582213364,53.138610825334,1.9958062973733,2.02474945272925,2.09289834165018,2.93474315089376,1.65368530451786,0.612647889253288,0.189723883612233,0.079616276476981,-0.236201426773666
15,28,448,46.2891491342386,1.435791015625,1.71666666666667,1.5,1,448,2.51047438071455,2.51895226423931,2.87403080612149,3.03169964265914,1.62132249539906,60.1502357865508,1.29944569972792,57.994470270788,2.57512034049117,2.0837704865863,2.46751470410682,2.61991193026996,2.15576551576278,-0.0646459597766134,0.435181777653009,0.406516102014671,0.411787712389186
15,28,448,46.2891491342386,1.435791015625,1.71666666666667,1.5,2,1348,2.27305649294973,1.88831399822093,2.88091366827316,2.51055714817792,0.347379554262998,57.4631389784426,1.2413954469502,57.994470270788,2.57512034049117,2.0837704865863,2.46751470410682,2.61991193026996,-0.531331292345385,-0.302063847541435,-0.195456488365368,0.413398964166342,-0.109354782092037
15,28,448,46.2891491342386,1.435791015625,1.71666666666667,1.5,3,2248,2.94183014780922,1.84404519729866,1.6475996379258,2.31747899997281,0.220023238494657,56.3700360473706,1.21778077803715,57.994470270788,2.57512034049117,2.0837704865863,2.46751470410682,2.61991193026996,-1.6244342234174,0.366709807318049,-0.239725289287642,-0.819915066181014,-0.302432930297149
15,29,449,48.8749785039976,1.33851623535156,1.73333333333333,1.5,1,449,2.39153291585938,1.81336632463818,2.77644388119817,2.33359316751345,0.378562383594555,59.7624806406844,1.22276229002937,60.9561785181424,2.82156777139007,2.62821797229766,2.40053066914522,2.15424849646277,-1.19369787745803,-0.430034855530692,-0.814851647659474,0.375913212052952,0.179344671050678
15,29,449,48.8749785039976,1.33851623535156,1.73333333333333,1.5,2,1349,3.02384222846815,3.20474083376447,2.24999897382876,1.70666148228318,-0.0469220580308025,61.8054009345147,1.26456118910537,60.9561785181424,2.82156777139007,2.62821797229766,2.40053066914522,2.15424849646277,0.849222416372236,0.20227445707808,0.576522861466818,-0.15053169531646,-0.447587014179589
15,29,449,48.8749785039976,1.33851623535156,1.73333333333333,1.5,3,2249,3.04932816984268,2.86654675849031,2.17514915240872,2.42249083959168,0.112695436318335,61.3006539792282,1.25423388113029,60.9561785181424,2.82156777139007,2.62821797229766,2.40053066914522,2.15424849646277,0.3444754610858,0.227760398452612,0.238328786192657,-0.225381516736492,0.268242343128911
15,30,450,51.5484548537714,1.23345947265625,1.75,1.5,1,450,2.42542976593792,3.24046587218389,3.09598870720543,2.41183324313598,0.472888316598602,65.3278108275585,1.26730880708016,63.7988012807635,2.65190077471415,2.47028247757351,2.79986414487632,2.26055072663958,1.52900954679495,-0.226471008776222,0.770183394610377,0.296124562329112,0.151282516496397
15,30,450,51.5484548537714,1.23345947265625,1.75,1.5,2,1350,3.16141687827604,2.09251079432892,2.36449856760023,1.53921561760857,0.75733200546126,63.4139081962335,1.23018058205859,63.7988012807635,2.65190077471415,2.47028247757351,2.79986414487632,2.26055072663958,-0.384893084530027,0.509516103561897,-0.377771683244596,-0.435365577276094,-0.721335109031016
15,30,450,51.5484548537714,1.23345947265625,1.75,1.5,3,2250,2.36885567992847,2.07787076620773,2.9391051598233,2.8306033191742,0.139410906365422,62.6546848184986,1.21545223802018,63.7988012807635,2.65190077471415,2.47028247757351,2.79986414487632,2.26055072663958,-1.14411646226493,-0.283045094785676,-0.392411711365781,0.139241014946982,0.57005259253462
16,1,451,1.01685340540722,1.12109375,1.28333333333333,1.5,1,451,-0.13488944649167,0.607617900373431,0.983578531117082,0.398268305309782,-0.0399689869233533,3.08080480523596,3.02974331290377,1.75716391792097,-0.306544595133158,0.440876858871289,0.292303448839885,0.193525802587686,1.32364088731498,0.171655148641488,0.166741041502142,0.691275082277197,0.204742502722096
16,1,451,1.01685340540722,1.12109375,1.28333333333333,1.5,2,1351,-0.692236561043934,0.73257499764435,-0.373072326836354,0.0499269713879825,0.515037632347294,1.13635837903572,1.11752428913845,1.75716391792097,-0.306544595133158,0.440876858871289,0.292303448839885,0.193525802587686,-0.620805538885253,-0.385691965910776,0.291698138773062,-0.665375775676239,-0.143598831199703
16,1,451,1.01685340540722,1.12109375,1.28333333333333,1.5,3,2251,-0.0925077778638708,-0.017562321403915,0.266404142238927,0.132382131065293,-0.235882845216438,1.05432856949124,1.0368540478743,1.75716391792097,-0.306544595133158,0.440876858871289,0.292303448839885,0.193525802587686,-0.702835348429731,0.214036817269287,-0.458439180275204,-0.0258993066009582,-0.061143671522393
16,2,452,2.06817317241739,1.234375,1.3,1.5,1,452,0.747813133340229,0.27467906207159,-0.685230307542937,-0.118909713736231,0.596213437268579,2.91670576553148,1.41028121069875,3.16259339406372,0.369932662051982,0.722644966757702,-0.224835946589527,0.0790025598034776,-0.245887628532239,0.377880471288248,-0.447965904686112,-0.46039436095341,-0.197912273539709
16,2,452,2.06817317241739,1.234375,1.3,1.5,2,1352,0.166746856106067,0.519263242978232,-0.195506974917726,0.449945918516344,-0.0183368382216979,2.63744623819673,1.27525406158999,3.16259339406372,0.369932662051982,0.722644966757702,-0.224835946589527,0.0790025598034776,-0.525147155866985,-0.203185805945915,-0.203381723779471,0.0293289716718013,0.370943358712866
16,2,452,2.06817317241739,1.234375,1.3,1.5,3,2252,0.195237996709649,1.37399259522329,0.206229442692081,-0.0940285253696796,-0.471076433971316,3.93362817846294,1.90198201529957,3.16259339406372,0.369932662051982,0.722644966757702,-0.224835946589527,0.0790025598034776,0.771034784399224,-0.174694665342333,0.651347628465583,0.431065389281608,-0.173031085173157
16,3,453,3.15512754226943,1.33984375,1.31666666666667,1.5,1,453,0.241918457057047,0.302882970299714,0.286577604026716,-0.0406433129774968,0.306767339824428,4.61469013172609,1.46260018649098,3.98507583828758,0.387857203560243,0.268920703022364,0.163538641106155,0.192195867621758,0.629614293438501,-0.145938746503195,0.0339622672773495,0.123038962920561,-0.232839180599255
16,3,453,3.15512754226943,1.33984375,1.31666666666667,1.5,2,1353,0.771483419349989,0.449664870615823,-0.0803241506946127,-0.0847687771192817,-0.622136338679852,4.0382309615032,1.27989468172135,3.98507583828758,0.387857203560243,0.268920703022364,0.163538641106155,0.192195867621758,0.0531551232156202,0.383626215789746,0.180744167593459,-0.243862791800768,-0.27696464474104
16,3,453,3.15512754226943,1.33984375,1.31666666666667,1.5,3,2253,0.150169734273692,0.0542142681515561,0.284362469986362,0.701999692962053,-0.551950925254161,3.30230642163346,1.04664752134177,3.98507583828758,0.387857203560243,0.268920703022364,0.163538641106155,0.192195867621758,-0.682769416654121,-0.237687469286551,-0.214706434870808,0.120823828880207,0.509803825340295
16,4,454,4.27892435387168,1.4375,1.33333333333333,1.5,1,454,0.610703222115185,0.37783397169002,-0.356396603660508,0.279068400763141,-0.00640307640215995,5.11959088268936,1.19646678914925,5.22829307981377,0.187065636276408,0.423886805238432,0.219903241671115,0.263691697167529,-0.108702197124407,0.423637585838778,-0.0460528335484126,-0.576299845331624,0.0153767035956122
16,4,454,4.27892435387168,1.4375,1.33333333333333,1.5,2,1354,-0.224943397683337,0.161106740660349,0.866587707776431,0.45971976809243,-0.266393279347173,5.20386548956649,1.21616206766027,5.22829307981377,0.187065636276408,0.423886805238432,0.219903241671115,0.263691697167529,-0.0244275902472806,-0.412009033959745,-0.262780064578084,0.646684466105316,0.196028070924901
16,4,454,4.27892435387168,1.4375,1.33333333333333,1.5,3,2254,0.175437084397375,0.732719703364928,0.149518620897423,0.0522869226470162,-0.370929831340157,5.36142286718546,1.25298379307274,5.22829307981377,0.187065636276408,0.423886805238432,0.219903241671115,0.263691697167529,0.133129787371687,-0.0116285518790326,0.308832898126496,-0.0703846207736921,-0.211404774520513
16,5,455,5.44081238596938,1.52734375,1.35,1.5,1,455,-0.446286286745613,-0.348635873707663,-0.86931281404387,0.0218116193154438,0.205863788747991,3.1904159533746,0.586385952509952,5.79306231326831,-0.0840519219319273,0.0260955742847028,0.112068487800632,0.380738259100473,-2.60264635989371,-0.362234364813685,-0.374731447992366,-0.981381301844502,-0.358926639785029
16,5,455,5.44081238596938,1.52734375,1.35,1.5,2,1355,-0.137055292977784,0.598809214379536,1.10570126742699,0.38955725148762,0.380136246359439,8.07856242774763,1.48480812324652,5.79306231326831,-0.0840519219319273,0.0260955742847028,0.112068487800632,0.380738259100473,2.28550011447932,-0.0530033710458568,0.572713640094833,0.993632779626354,0.00881899238714728
16,5,455,5.44081238596938,1.52734375,1.35,1.5,3,2255,0.331185813927615,-0.171886617817765,0.0998170100187804,0.730845906498355,0.245883008748122,6.11020855868269,1.12303239391962,5.79306231326831,-0.0840519219319273,0.0260955742847028,0.112068487800632,0.380738259100473,0.317146245414385,0.415237735859542,-0.197982192102468,-0.0122514777818518,0.350107647397882
16,6,456,6.6420827448051,1.609375,1.36666666666667,1.5,1,456,-1.07249724299691,0.383150446660972,0.506063582587732,0.365271699900832,-0.108927282336268,6.08983952967228,0.916856920283816,7.51327158201822,-0.373545677339432,0.46232640420085,0.735391680358293,0.195876494018427,-1.42343205234595,-0.698951565657474,-0.0791759575398781,-0.22932809777056,0.169395205882405
16,6,456,6.6420827448051,1.609375,1.36666666666667,1.5,2,1356,-0.474588104578592,1.26347926404261,0.610251918711252,-0.255977832226114,-0.0312802076953725,8.489145178562,1.27808482741374,7.51327158201822,-0.373545677339432,0.46232640420085,0.735391680358293,0.195876494018427,0.97587359654378,-0.10104242723916,0.801152859841764,-0.12513976164704,-0.451854326244541
16,6,456,6.6420827448051,1.609375,1.36666666666667,1.5,3,2256,0.426448315557202,-0.259650498101036,1.08985953977589,0.478335614380563,-0.647501593760335,7.96083003782039,1.19854424337708,7.51327158201822,-0.373545677339432,0.46232640420085,0.735391680358293,0.195876494018427,0.447558455802167,0.799993992896634,-0.721976902301886,0.354467859417601,0.282459120362136
16,7,457,7.88407029881404,1.68359375,1.38333333333333,1.5,1,457,0.516979112537114,0.92309760900408,0.393626666895805,0.149569203825335,-0.312939408066662,10.3089053862948,1.30756132246125,9.70358651654893,0.214859455660532,0.824136158678411,0.360585005456081,0.469598875103077,0.605318869745831,0.302119656876583,0.0989614503256698,0.0330416614397247,-0.320029671277742
16,7,457,7.88407029881404,1.68359375,1.38333333333333,1.5,2,1357,-0.157699316225497,0.717594886874275,0.526179427724739,0.478519968874922,-0.672650083127575,8.7278607009398,1.10702471821601,9.70358651654893,0.214859455660532,0.824136158678411,0.360585005456081,0.469598875103077,-0.975725815609131,-0.372558771886029,-0.106541271804136,0.165594422268658,0.00892109377184502
16,7,457,7.88407029881404,1.68359375,1.38333333333333,1.5,3,2257,0.285298570669978,0.831715980156877,0.161948921747698,0.780707452608974,0.316132451295724,10.0739934624122,1.27776555517619,9.70358651654893,0.214859455660532,0.824136158678411,0.360585005456081,0.469598875103077,0.3704069458633,0.0704391150094463,0.00757982147846603,-0.198636083708383,0.311108577505897
16,8,458,9.16815516194857,1.75,1.4,1.5,1,458,0.244631771445579,0.958830845680948,1.82200954697653,-0.409790148179192,0.150952402257311,13.8225906686538,1.50767416393899,12.402116956688,0.578407246448184,0.161153203821778,1.23104975005544,-0.324061529424232,1.42047371196574,-0.333775475002605,0.79767764185917,0.590959796921098,-0.0857286187549602
16,8,458,9.16815516194857,1.75,1.4,1.5,2,1358,-0.0434205018824803,-0.020478051247574,0.57598691317851,-0.585146171932733,0.0445941440294204,9.97207452570481,1.08768605565194,12.402116956688,0.578407246448184,0.161153203821778,1.23104975005544,-0.324061529424232,-2.43004243098322,-0.621827748330664,-0.181631255069352,-0.655062836876927,-0.261084642508502
16,8,458,9.16815516194857,1.75,1.4,1.5,3,2258,1.53401046978145,-0.45489318296804,1.29515279001127,0.0227517318392302,0.253133462777759,13.4116856757055,1.46285544243069,12.402116956688,0.578407246448184,0.161153203821778,1.23104975005544,-0.324061529424232,1.00956871901748,0.955603223333269,-0.616046386789818,0.0641030399558291,0.346813261263462
16,9,459,10.4957642272801,1.80859375,1.41666666666667,1.5,1,459,0.688724425902812,0.634949043884102,0.542233516380997,-0.0868306575344872,0.00936313034018723,13.4636114698544,1.28276618817908,13.4660694627374,0.853997941562429,0.46480276592995,0.368478616741003,0.501184099247806,-0.00245799288302884,-0.165273515659617,0.170146277954151,0.173754899639994,-0.588014756782293
16,9,459,10.4957642272801,1.80859375,1.41666666666667,1.5,2,1359,1.2663468768101,0.559978470463899,0.557246047071662,0.993732211211263,-0.282622274385065,14.1326209033905,1.34650708584494,13.4660694627374,0.853997941562429,0.46480276592995,0.368478616741003,0.501184099247806,0.666551440653027,0.412348935247668,0.0951757045339488,0.188767430330659,0.492548111963457
16,9,459,10.4957642272801,1.80859375,1.41666666666667,1.5,3,2259,0.606922521974378,0.19948078344185,0.00595628677034976,0.596650744066641,0.917003301012106,12.8019760149674,1.21972785761452,13.4660694627374,0.853997941562429,0.46480276592995,0.368478616741003,0.501184099247806,-0.66409344777,-0.247075419588051,-0.2653219824881,-0.362522329970653,0.0954666448188355
16,10,460,11.8683727525827,1.859375,1.43333333333333,1.5,1,460,0.715593728490787,0.600336172363144,0.29571926975835,0.314061795458629,-1.0087759058301,13.4942146873565,1.13698945665656,14.077579647636,0.672626583623741,0.808499880301327,0.160119794918408,1.0467067722764,-0.583364960279511,0.0429671448670459,-0.208163707938183,0.135599474839942,-0.732644976817767
16,10,460,11.8683727525827,1.859375,1.43333333333333,1.5,2,1360,0.204720616833663,1.27594859343921,0.0552988907363571,1.25852060870323,-0.114148954973882,14.0466841812346,1.18353918216614,14.077579647636,0.672626583623741,0.808499880301327,0.160119794918408,1.0467067722764,-0.0308954664013825,-0.467905966790078,0.467448713137884,-0.104820904182051,0.21181383642683
16,10,460,11.8683727525827,1.859375,1.43333333333333,1.5,3,2260,1.09756540554677,0.549214875101627,0.129341224260516,1.56753791266733,-0.198538178240751,14.6918400743169,1.23789843650805,14.077579647636,0.672626583623741,0.808499880301327,0.160119794918408,1.0467067722764,0.614260426680891,0.424938821923032,-0.259285005199701,-0.0307785706578916,0.520831140390937
16,11,461,13.2875059996601,1.90234375,1.45,1.5,1,461,1.13449711917099,0.331133581791711,0.413107941960898,0.0322530896469801,-1.25908577977599,15.2864293304714,1.15043630692339,15.9297131028588,1.11888202084331,-0.00421725455117294,0.763487196933556,0.344665994366198,-0.643283772387459,0.0156150983276777,0.335350836342884,-0.350379254972659,-0.312412904719218
16,11,461,13.2875059996601,1.90234375,1.45,1.5,2,1361,0.934592767170464,-0.157457865944765,0.751724814076445,0.359141032761165,0.226066169373651,16.1907621939505,1.2184951934821,15.9297131028588,1.11888202084331,-0.00421725455117294,0.763487196933556,0.344665994366198,0.261049091091612,-0.184289253672847,-0.153240611393592,-0.0117623828571117,0.0144750383949668
16,11,461,13.2875059996601,1.90234375,1.45,1.5,3,2261,1.28755617618848,-0.186327479500465,1.12562883476333,0.64260386069045,-0.84320106692079,16.3119477841547,1.22761545955817,15.9297131028588,1.11888202084331,-0.00421725455117294,0.763487196933556,0.344665994366198,0.382234681295847,0.168674155345169,-0.182110224949292,0.36214163782977,0.297937866324251
16,12,462,14.7547409292381,1.9375,1.46666666666667,1.5,1,462,0.669274435284392,1.65700652821669,1.00646488143427,1.10164933916239,0.479801733299016,20.4712354444365,1.38743442142522,19.561035335471,0.491353692837985,1.34808836677513,1.10261114914658,0.425317824169598,0.910200108965544,0.177920742446407,0.30891816144156,-0.096146267712302,0.676331514992792
16,12,462,14.7547409292381,1.9375,1.46666666666667,1.5,2,1362,0.000261263295134428,1.06141609926285,1.30873739943382,0.550264571937339,-0.356909399631102,17.9181874386442,1.21440203691665,19.561035335471,0.491353692837985,1.34808836677513,1.10261114914658,0.425317824169598,-1.64284789682674,-0.49109242954285,-0.286672267512281,0.206126250287245,0.124946747767741
16,12,462,14.7547409292381,1.9375,1.46666666666667,1.5,3,2262,0.804525379934428,1.32584247284585,0.992631166571633,-0.375960438590935,0.546658560439755,20.2936831233322,1.3754008437463,19.561035335471,0.491353692837985,1.34808836677513,1.10261114914658,0.425317824169598,0.732647787861197,0.313171687096443,-0.0222458939292784,-0.109979982574943,-0.801278262760532
16,13,463,16.2717079533052,1.96484375,1.48333333333333,1.5,1,463,-0.113536321932553,0.439677848320569,0.930701394160713,0.720758687307339,0.26109854440146,18.3579662647428,1.12821384930362,20.6230808356127,0.761975676142767,0.635934618138034,1.02052092236788,0.437348729798109,-2.26511457086996,-0.87551199807532,-0.196256769817465,-0.0898195282071624,0.28340995750923
16,13,463,16.2717079533052,1.96484375,1.48333333333333,1.5,2,1363,0.819046649658471,0.230597228348701,0.892048632130516,0.844468396282371,0.560744532019644,20.1218766794444,1.2366173690671,20.6230808356127,0.761975676142767,0.635934618138034,1.02052092236788,0.437348729798109,-0.501204156168296,0.0570709735157041,-0.405337389789333,-0.12847229023736,0.407119666484262
16,13,463,16.2717079533052,1.96484375,1.48333333333333,1.5,3,2263,1.58041670070238,1.23752877774483,1.2388127408124,-0.253180894195384,0.318532934368304,23.389399562651,1.43742744337419,20.6230808356127,0.761975676142767,0.635934618138034,1.02052092236788,0.437348729798109,2.76631872703826,0.818441024559616,0.601594159606797,0.218291818444522,-0.690529623993493
16,14,464,17.8400927468495,1.984375,1.5,1.5,1,464,1.71387386311491,-0.085116909204536,1.3775911863493,0.496745451727935,0.715107547042904,23.8948801567282,1.33939214867299,23.7398108377853,1.81192847542212,0.861775892145566,0.454339471523945,0.934076917157537,0.155069318942875,-0.0980546123072155,-0.946892801350102,0.923251714825357,-0.437331465429603
16,14,464,17.8400927468495,1.984375,1.5,1.5,2,1364,1.90316215481152,1.011891396264,0.0757550548138829,0.924170592689132,0.036837175587839,23.2849870000082,1.30520549026408,23.7398108377853,1.81192847542212,0.861775892145566,0.454339471523945,0.934076917157537,-0.454823837777049,0.0912336793893953,0.150115504118437,-0.378584416710062,-0.00990632446840589
16,14,464,17.8400927468495,1.984375,1.5,1.5,3,2264,1.81874940833994,1.65855318937723,-0.0903278265913503,1.38131470705555,0.238053708416604,24.0395653566195,1.34750226345459,23.7398108377853,1.81192847542212,0.861775892145566,0.454339471523945,0.934076917157537,0.299754518834177,0.00682093291782038,0.796777297231665,-0.544667298115295,0.447237789898009
16,15,465,19.4616381210038,1.99609375,1.51666666666667,1.5,1,465,0.901570153153581,1.48859022158722,1.04883131325951,1.60370116643148,0.0142521746239632,25.1064509828208,1.29004818745061,24.4318136626595,0.853012961656068,1.1785405275563,1.05355118328173,1.15319508412658,0.674637320161295,0.048557191497513,0.310049694030917,-0.00471987002222396,0.450506082304903
16,15,465,19.4616381210038,1.99609375,1.51666666666667,1.5,2,1365,1.15373983186428,1.27411480593383,1.09549677438175,0.929927240510833,-0.186280541384934,25.1539830643682,1.29249053486515,24.4318136626595,0.853012961656068,1.1785405275563,1.05355118328173,1.15319508412658,0.722169401708733,0.300726870208212,0.0955742783775297,0.0419455911000222,-0.223267843615745
16,15,465,19.4616381210038,1.99609375,1.51666666666667,1.5,3,2265,0.503728899950343,0.772916555147857,1.01632546220393,0.925956845437419,-0.128866257713153,23.0350069407894,1.18361089634737,24.4318136626595,0.853012961656068,1.1785405275563,1.05355118328173,1.15319508412658,-1.39680672187003,-0.349284061705725,-0.405623972408447,-0.037225721077798,-0.227238238689158
16,16,466,21.1381459596826,2,1.53333333333333,1.5,1,466,0.794811469087453,1.05653089963589,1.12678176187565,1.47526791287048,0.0271424145639361,26.0650980013433,1.23308345259125,26.2634439628967,0.764258718903991,1.03394355289052,1.1587774176179,0.964069397875939,-0.198345961553468,0.0305527501834618,0.0225873467453706,-0.0319956557422525,0.511198514994538
16,16,466,21.1381459596826,2,1.53333333333333,1.5,2,1366,0.604590218152291,1.2576989806857,1.23964795398304,0.441034114414118,0.698394720227698,26.8336648175742,1.26944268758267,26.2634439628967,0.764258718903991,1.03394355289052,1.1587774176179,0.964069397875939,0.570220854677434,-0.1596685007517,0.223755427795178,0.0808705363651445,-0.523035283461821
16,16,466,21.1381459596826,2,1.53333333333333,1.5,3,2266,0.89337446947223,0.787600778349969,1.10990253699501,0.975906166343222,0.0941658388499224,25.8915690697728,1.22487417388245,26.2634439628967,0.764258718903991,1.03394355289052,1.1587774176179,0.964069397875939,-0.371874893123966,0.129115750568238,-0.246342774540549,-0.0488748806228918,0.0118367684672833
16,17,467,22.8714792218598,1.99609375,1.55,1.5,1,467,1.53823303832899,1.35098527907364,1.72723188050602,1.17185380589714,-0.167075997826468,30.4597355812085,1.33177811919118,29.9845900099249,1.894509403952,0.947936538757961,1.30499972068001,1.29037045055918,0.47514557128353,-0.356276365623016,0.403048740315679,0.422232159826004,-0.118516644662034
16,17,467,22.8714792218598,1.99609375,1.55,1.5,2,1367,2.28017864636166,0.34449303007153,0.971229995658633,1.42257313946213,0.115406926617731,29.5291456834623,1.29109033119464,29.9845900099249,1.894509403952,0.947936538757961,1.30499972068001,1.29037045055918,-0.45544432646264,0.385669242409663,-0.603443508686431,-0.33376972502138,0.13220268890295
16,17,467,22.8714792218598,1.99609375,1.55,1.5,3,2267,1.86511652716536,1.14833130712871,1.21653728587539,1.27668440631826,-0.234257354514784,29.964888765104,1.3101421414171,29.9845900099249,1.894509403952,0.947936538757961,1.30499972068001,1.29037045055918,-0.0197012448208902,-0.0293928767866463,0.200394768370751,-0.0884624348046241,-0.0136860442409157
16,18,468,24.6635640117153,1.984375,1.56666666666667,1.5,1,468,1.71389868738028,0.460421089531291,0.944795428123369,0.831142113531514,-0.196653722662971,30.0064475126066,1.21663063368917,31.8053571824723,1.6401923267396,1.04482233797657,1.52480951369736,0.933571778986324,-1.7989096698657,0.0737063606406863,-0.584401248445281,-0.580014085573994,-0.10242966545481
16,18,468,24.6635640117153,1.984375,1.56666666666667,1.5,2,1368,1.2898617082163,1.22503903111887,1.6031123819424,1.17604779415404,-0.0230504490008647,31.5239792782893,1.27815993111601,31.8053571824723,1.6401923267396,1.04482233797657,1.52480951369736,0.933571778986324,-0.281377904183053,-0.3503306185233,0.180216693142295,0.0783028682450346,0.242476015167714
16,18,468,24.6635640117153,1.984375,1.56666666666667,1.5,3,2268,1.91681658462221,1.44900689327956,2.02652073102632,0.793525429273421,0.108505938685315,33.8856447565211,1.37391517059032,31.8053571824723,1.6401923267396,1.04482233797657,1.52480951369736,0.933571778986324,2.08028757404875,0.276624257882613,0.404184555302986,0.50171121732896,-0.140046349712903
16,19,469,26.5163917189489,1.96484375,1.58333333333333,1.5,1,469,1.97257404285419,1.30292889509508,0.720078302363499,2.31277506222774,-0.201624368853144,33.3336553337225,1.25709620249357,34.1991972518454,1.48646873117453,1.52311595455172,1.36498783240979,1.629607709702,-0.865541918122922,0.486105311679663,-0.220187059456643,-0.644909530046292,0.683167352525735
16,19,469,26.5163917189489,1.96484375,1.58333333333333,1.5,2,1369,1.89778681716405,1.60839750553385,1.71487025014064,1.1682808176407,0.994360078035284,36.3585411224942,1.37117227365864,34.1991972518454,1.48646873117453,1.52311595455172,1.36498783240979,1.629607709702,2.15934387064881,0.411318085989521,0.085281550982123,0.349882417730846,-0.461326892061303
16,19,469,26.5163917189489,1.96484375,1.58333333333333,1.5,3,2269,0.589045333505344,1.65802146302624,1.66001494472524,1.40776724923757,0.116398471486585,32.9053952993195,1.24094543662232,34.1991972518454,1.48646873117453,1.52311595455172,1.36498783240979,1.629607709702,-1.29380195252589,-0.897423397669184,0.13490550847452,0.295027112315447,-0.221840460464432
16,20,470,28.4320212316403,1.9375,1.6,1.5,1,470,0.74357809206242,2.03335840948724,1.38012154862712,0.68831055512903,-1.08182135644452,34.114438206687,1.19985976124424,35.4708179239175,1.13779399873877,1.64320666972707,1.58115985937625,1.08032591610692,-1.35637971723057,-0.394215906676355,0.390151739760168,-0.201038310749128,-0.392015360977892
16,20,470,28.4320212316403,1.9375,1.6,1.5,2,1370,1.542814998949,1.71851056508234,2.01543495752436,1.08306470829703,-0.111887327221445,37.0821073053008,1.3042374653278,35.4708179239175,1.13779399873877,1.64320666972707,1.58115985937625,1.08032591610692,1.61128938138325,0.405021000210221,0.0753038953552643,0.434275098148113,0.00273879219011053
16,20,470,28.4320212316403,1.9375,1.6,1.5,3,2270,1.12698890520491,1.17775103461164,1.34792307197726,1.4696024848947,0.694059760945565,35.2159082597649,1.23860023783941,35.4708179239175,1.13779399873877,1.64320666972707,1.58115985937625,1.08032591610692,-0.25490966415267,-0.0108050935338659,-0.465455635115432,-0.233236787398985,0.389276568787782
16,21,471,30.4125812241143,1.90234375,1.61666666666667,1.5,1,471,1.09463369760083,1.47668633308012,1.35881045532258,2.28989681028851,0.695479570729076,37.6159556228104,1.23685508131038,37.5262825192679,1.23917679230076,1.47660079825838,1.21023771621063,1.61484330451738,0.0896731035425447,-0.144543094699933,8.55348217343455e-05,0.148572739111954,0.675053505771132
16,21,471,30.4125812241143,1.90234375,1.61666666666667,1.5,2,1371,0.859251815705296,1.92948757938177,0.874409838388459,1.5319887011111,0.270182393277886,36.7483089495919,1.20832587930596,37.5262825192679,1.23917679230076,1.47660079825838,1.21023771621063,1.61484330451738,-0.777973569676035,-0.379924976595465,0.452886781123384,-0.335827877822169,-0.0828546034062752
16,21,471,30.4125812241143,1.90234375,1.61666666666667,1.5,3,2271,1.76364486359616,1.02362848231327,1.39749285492084,1.02264440215252,0.695837649017616,38.2145829854014,1.25653862471564,37.5262825192679,1.23917679230076,1.47660079825838,1.21023771621063,1.61484330451738,0.688300466133491,0.524468071295398,-0.452972315945118,0.187255138710215,-0.592198902364856
16,22,472,32.4602725223537,1.859375,1.63333333333333,1.5,1,472,1.07155776074686,1.20414101793516,1.28545546656933,1.39178719736441,-0.104982360943792,38.24266473528,1.17813751283032,39.6781622181928,1.31842348036954,1.48366203049857,1.45778255175875,1.75678847183646,-1.43549748291284,-0.246865719622674,-0.279521012563414,-0.172327085189422,-0.365001274472049
16,22,472,32.4602725223537,1.859375,1.63333333333333,1.5,2,1372,1.80463028434963,1.61372874489066,2.30329606263725,2.17084990744429,0.852838182046127,42.7592961833063,1.31728087476346,39.6781622181928,1.31842348036954,1.48366203049857,1.45778255175875,1.75678847183646,3.08113396511352,0.486206803980094,0.13006671439209,0.845513510878501,0.414061435607837
16,22,472,32.4602725223537,1.859375,1.63333333333333,1.5,3,2272,1.07908239601212,1.6331163286699,0.78459612606967,1.70772831070067,-0.278483142378536,38.0325257359922,1.17166378408564,39.6781622181928,1.31842348036954,1.48366203049857,1.45778255175875,1.75678847183646,-1.64563648220067,-0.239341084357421,0.149454298171323,-0.67318642568908,-0.0490601611357875
16,23,473,34.5773705495876,1.80859375,1.65,1.5,1,473,2.15032591655672,1.85413272188543,2.59172342580756,1.54779409711187,-0.409330911499943,45.0040097810575,1.30154517436533,44.3110526954753,2.11125585765904,2.1241397162815,1.9233074888006,1.96638514727981,0.692957085582194,0.039070058897678,-0.270006994396067,0.668415937006962,-0.418591050167936
16,23,473,34.5773705495876,1.80859375,1.65,1.5,2,1373,2.66995780271735,2.493361222013,1.64338252194657,2.23319085454708,-0.449721097218629,45.5356382463686,1.31692021465501,44.3110526954753,2.11125585765904,2.1241397162815,1.9233074888006,1.96638514727981,1.22458555089332,0.558701945058301,0.369221505731501,-0.279924966854029,0.266805707267267
16,23,473,34.5773705495876,1.80859375,1.65,1.5,3,2273,1.51348385370307,2.02492520494606,1.53481651864767,2.11817049018048,-0.564489295253619,42.3935100589998,1.22604782796318,44.3110526954753,2.11125585765904,2.1241397162815,1.9233074888006,1.96638514727981,-1.91754263647551,-0.597772003955979,-0.0992145113354348,-0.388490970152933,0.151785342900669
16,24,474,36.766227854774,1.75,1.66666666666667,1.5,1,474,1.63587417490489,1.58311333265571,2.43979388571967,2.47167011490864,-0.539027883747211,45.3881928267827,1.23450773916936,45.1504809627681,1.44991988584324,2.02810821265624,1.9527507704003,2.42228031795481,0.237711864014642,0.185954289061645,-0.444994880000529,0.487043115319367,0.0493897969538253
16,24,474,36.766227854774,1.75,1.66666666666667,1.5,2,1374,1.39179290738053,1.85532384530241,2.45226015426578,1.91054549553192,-0.699745086888461,45.2727169960375,1.23136692659535,45.1504809627681,1.44991988584324,2.02810821265624,1.9527507704003,2.42228031795481,0.122236033269424,-0.0581269784627105,-0.172784367353833,0.499509383865473,-0.511734822422889
16,24,474,36.766227854774,1.75,1.66666666666667,1.5,3,2274,1.32209257524431,2.6458874600106,0.966198271215463,2.88462534342388,-0.14846663614175,44.790533065484,1.21825206660868,45.1504809627681,1.44991988584324,2.02810821265624,1.9527507704003,2.42228031795481,-0.359947897284073,-0.127827310598934,0.617779247354362,-0.98655249918484,0.462345025469065
16,25,475,39.0292767267848,1.68359375,1.68333333333333,1.5,1,475,2.12377900663373,2.48355635950245,2.1202493507888,0.968548772348318,0.0921837128668325,50.058068732947,1.2825774119097,49.2325810395342,1.67095943988785,2.26660711694024,2.20406235367692,1.42852299727851,0.825487693412825,0.452819566745879,0.216949242562211,-0.083813002888117,-0.45997422493019
16,25,475,39.0292767267848,1.68359375,1.68333333333333,1.5,2,1375,1.27829027537996,2.61146644565205,2.31664196940965,1.46996496131284,0.581179145853733,49.633508861916,1.2716994273136,49.2325810395342,1.67095943988785,2.26660711694024,2.20406235367692,1.42852299727851,0.400927822381867,-0.392669164507897,0.344859328711814,0.112579615732727,0.0414419640343346
16,25,475,39.0292767267848,1.68359375,1.68333333333333,1.5,3,2275,1.61080903764987,1.70479854566621,2.17529574083231,1.84705525817436,0.132252938937308,48.0061655237395,1.23000397521572,49.2325810395342,1.67095943988785,2.26660711694024,2.20406235367692,1.42852299727851,-1.2264155157947,-0.060150402237982,-0.561808571274025,-0.0287666128446098,0.418532260895855
16,26,476,41.369031897199,1.609375,1.7,1.5,1,476,2.12639795878825,1.42417097764824,2.70981886507624,1.10080897495389,0.210625058651364,51.4876476303916,1.24459396967125,50.689639958415,1.68560132882349,1.77887621517802,2.21261649672685,1.63695059633231,0.798007671976642,0.440796629964761,-0.354705237529781,0.49720236834939,-0.536141621378424
16,26,476,41.369031897199,1.609375,1.7,1.5,2,1376,1.93388034475704,1.59769219173967,1.89691465295842,1.6270318138786,0.403412889351164,50.4462321717886,1.21942017635671,50.689639958415,1.68560132882349,1.77887621517802,2.21261649672685,1.63695059633231,-0.243407786626335,0.248279015933546,-0.18118402343835,-0.315701843768431,-0.00991878245371747
16,26,476,41.369031897199,1.609375,1.7,1.5,3,2276,0.996525682925185,2.31476547614615,2.03111597214589,2.18301100016446,0.180449387240615,50.1350400730647,1.2118978321187,50.689639958415,1.68560132882349,1.77887621517802,2.21261649672685,1.63695059633231,-0.554599885350299,-0.689075645898307,0.535889260968131,-0.181500524580958,0.546060403832142
16,27,477,43.7880933347085,1.52734375,1.71666666666667,1.5,1,477,2.20074307086935,1.69166955861953,1.67143499991549,1.13311600963208,-0.33321393128928,52.2273558202374,1.19272961763877,53.5715665602166,2.20928654556636,2.0986158459382,2.01276879355897,1.92790770575395,-1.34421073997915,-0.00854347469700434,-0.40694628731867,-0.341333793643478,-0.794791696121874
16,27,477,43.7880933347085,1.52734375,1.71666666666667,1.5,2,1377,2.41858570169024,2.93131185760523,2.42583514693597,2.21161161802004,-0.0743388720449638,56.0786042939391,1.28068157399054,53.5715665602166,2.20928654556636,2.0986158459382,2.01276879355897,1.92790770575395,2.50703773372252,0.209299156123878,0.832696011667036,0.413066353377004,0.283703912266092
16,27,477,43.7880933347085,1.52734375,1.71666666666667,1.5,3,2277,2.00853086413949,1.67286612158983,1.94103623382544,2.43899548960974,-0.23037868972822,52.4087395664732,1.19687192511147,53.5715665602166,2.20928654556636,2.0986158459382,2.01276879355897,1.92790770575395,-1.16282699374337,-0.200755681426874,-0.425749724348366,-0.0717325597335252,0.511087783855782
16,28,478,46.2891491342386,1.4375,1.73333333333333,1.5,1,478,3.21965128125027,3.00276273116919,1.44327157504631,3.0491681681393,0.688357805154057,58.975451752786,1.27406644658248,58.847788034096,3.3533002567596,2.46018043207906,2.05568274388448,2.83382788269066,0.127663718690016,-0.133648975509331,0.542582299090128,-0.61241116883817,0.215340285448635
16,28,478,46.2891491342386,1.4375,1.73333333333333,1.5,2,1378,2.64912513277946,2.08572373869018,2.26190899782833,2.62821853595799,0.00948973944291118,57.1148742291908,1.23387176687041,58.847788034096,3.3533002567596,2.46018043207906,2.05568274388448,2.83382788269066,-1.73291380490517,-0.704175123980138,-0.374456693388884,0.20622625394385,-0.20560934673267
16,28,478,46.2891491342386,1.4375,1.73333333333333,1.5,3,2278,4.19112435624907,2.29205482637781,2.4618676587788,2.8240969439747,0.473451203408075,60.4530381203111,1.30598724001163,58.847788034096,3.3533002567596,2.46018043207906,2.05568274388448,2.83382788269066,1.60525008621516,0.83782409948947,-0.168125605701245,0.406184914894319,-0.00973093871596475
16,29,479,48.8749785039976,1.33984375,1.75,1.5,1,479,2.53621917458568,2.80986334101471,2.30965204340976,2.55679276802792,-0.449567463659567,60.2052873619272,1.23182227808045,59.2095365930347,2.1374494193285,2.67076666414611,2.26457818342873,2.69380978216693,0.995750768892584,0.398769755257176,0.139096676868608,0.0450738599810241,-0.137017014139009
16,29,479,48.8749785039976,1.33984375,1.75,1.5,2,1379,1.49604024764084,2.33731065065354,2.60695521373578,2.10675799888096,-0.830106355847001,58.050058782948,1.18772551026698,59.2095365930347,2.1374494193285,2.67076666414611,2.26457818342873,2.69380978216693,-1.15947781008662,-0.641409171687663,-0.333456013492563,0.342377030307043,-0.58705178328597
16,29,479,48.8749785039976,1.33984375,1.75,1.5,3,2279,2.38008883575899,2.86512600077006,1.87712729314067,3.4178785795919,-0.520323461864017,59.3732636342287,1.21479876721321,59.2095365930347,2.1374494193285,2.67076666414611,2.26457818342873,2.69380978216693,0.163727041194036,0.242639416430488,0.194359336623955,-0.387450890288067,0.724068797424978
16,30,480,51.5484548537714,1.234375,1.76666666666667,1.5,1,480,2.36347236803258,2.7756796900203,2.48958792084936,2.62884320411713,0.0277697699155471,63.1317184949537,1.22470632095648,63.2170248580969,2.5501566177445,2.31759828430552,2.84542546842635,2.77818231161345,-0.0853063631432462,-0.18668424971191,0.458081405714779,-0.355837547576997,-0.149339107496323
16,30,480,51.5484548537714,1.234375,1.76666666666667,1.5,2,1380,2.54941506588613,2.30459869088143,3.08495050289721,3.43487675501786,0.556292030592133,63.9505645478864,1.24059129860044,63.2170248580969,2.5501566177445,2.31759828430552,2.84542546842635,2.77818231161345,0.733539689789431,-0.000741551858363554,-0.0129995934240945,0.239525034470855,0.656694443404409
16,30,480,51.5484548537714,1.234375,1.76666666666667,1.5,3,2280,2.73758241931477,1.87251647201484,2.96173798153249,2.27082697570536,-0.109586027353898,62.5687915314507,1.21378597494224,63.2170248580969,2.5501566177445,2.31759828430552,2.84542546842635,2.77818231161345,-0.648233326646178,0.187425801570273,-0.445081812290685,0.116312513106141,-0.507355335908087
17,1,481,1.01685340540722,1.12062072753906,1.3,1.5,1,481,0.558257710672306,-0.166381358876744,0.490350728232054,-0.0660560194683622,-1.01635164651324,1.14532724659019,1.12634450600233,1.41785666394969,0.492429285268993,-0.0183712057983062,0.170088983720772,-0.331132221380074,-0.272529417359495,0.0658284254033132,-0.148010153078438,0.320261744511282,0.265076201911712
17,1,481,1.01685340540722,1.12062072753906,1.3,1.5,2,1381,0.662631910368854,-0.148170312515452,-0.29313336493826,0.0862456927798692,-0.417590504364692,0.709500500853197,0.697741185779932,1.41785666394969,0.492429285268993,-0.0183712057983062,0.170088983720772,-0.331132221380074,-0.708356163096488,0.170202625099861,-0.129799106717145,-0.463222348659032,0.417377914159943
17,1,481,1.01685340540722,1.12062072753906,1.3,1.5,3,2281,0.256398234765818,0.259438053997277,0.313049587868523,-1.01358633745173,0.287719810616197,2.39874224440567,2.35898530864932,1.41785666394969,0.492429285268993,-0.0183712057983062,0.170088983720772,-0.331132221380074,0.980885580455983,-0.236031050503175,0.277809259795583,0.142960604147751,-0.682454116071655
17,2,482,2.06817317241739,1.23345947265625,1.31666666666667,1.5,1,482,-0.312679113493617,-0.0860190144009251,0.377847909908399,0.120064695760044,-0.530554898190682,1.60545475568763,0.776267082998223,3.10617773598063,-0.16978148143303,0.491900434154713,0.295067547223787,0.26880982517641,-1.500722980293,-0.142897632060586,-0.577919448555638,0.0827803626846124,-0.148745129416367
17,2,482,2.06817317241739,1.23345947265625,1.31666666666667,1.5,2,1382,0.25484715761476,0.842359394309233,0.170773395170355,0.215573115760626,0.694047266172306,4.44183070782517,2.14770734243367,3.10617773598063,-0.16978148143303,0.491900434154713,0.295067547223787,0.26880982517641,1.33565297184454,0.42462863904779,0.350458960154519,-0.124294152053432,-0.053236709415785
17,2,482,2.06817317241739,1.23345947265625,1.31666666666667,1.5,3,2282,-0.451512488420234,0.719360922555833,0.336581336592606,0.470791664008562,0.30796637495548,3.27124774442909,1.58170881822506,3.10617773598063,-0.16978148143303,0.491900434154713,0.295067547223787,0.26880982517641,0.165070008448463,-0.281731006987204,0.227460488401119,0.0415137893688192,0.201981838832152
17,3,483,3.15512754226943,1.33851623535156,1.33333333333333,1.5,1,483,-0.578636182862881,-0.212138195872098,0.78261711351347,-0.718767535558642,0.00928041398791102,3.28096877357426,1.03988467331952,3.50326682737385,0.226081710087718,-0.285128546782745,0.446841179714737,-0.315026834563488,-0.222298053799593,-0.804717892950598,0.0729903509106463,0.335775933798733,-0.403740700995154
17,3,483,3.15512754226943,1.33851623535156,1.33333333333333,1.5,2,1383,0.667217214256764,-0.530418368743879,0.594542700065996,-0.29411040136936,-0.131642158644768,4.10115601585387,1.29983842520166,3.50326682737385,0.226081710087718,-0.285128546782745,0.446841179714737,-0.315026834563488,0.597889188480017,0.441135504169046,-0.245289821961134,0.147701520351259,0.0209164331941283
17,3,483,3.15512754226943,1.33851623535156,1.33333333333333,1.5,3,2283,0.58966409886927,-0.112829075732257,-0.0366362744352554,0.0677974332375379,-0.611333640020576,3.12767569269343,0.991299290057778,3.50326682737385,0.226081710087718,-0.285128546782745,0.446841179714737,-0.315026834563488,-0.375591134680425,0.363582388781553,0.172299471050488,-0.483477454149993,0.382824267801026
17,4,484,4.27892435387168,1.435791015625,1.35,1.5,1,484,0.440812912036585,1.57532540543789,0.934269469203756,0.307799775468219,-0.316509915011143,8.12342315868094,1.89847318785401,7.04006604835687,0.352088445888578,0.955690077893624,0.688709599379309,0.520434759265012,1.08335711032408,0.0887244661480072,0.619635327544265,0.245559869824447,-0.212634983796793
17,4,484,4.27892435387168,1.435791015625,1.35,1.5,2,1384,0.519309579404956,0.234949476575404,0.25304648812622,0.477828363391823,-0.111622911256129,5.60967299661931,1.31100074053507,7.04006604835687,0.352088445888578,0.955690077893624,0.688709599379309,0.520434759265012,-1.43039305173756,0.167221133516379,-0.72074060131822,-0.435663111253089,-0.0426063958731895
17,4,484,4.27892435387168,1.435791015625,1.35,1.5,3,2284,0.0961428462241916,1.05679535166758,0.878812840807951,0.775676138934995,0.225243615110199,7.38710198977035,1.7263922843334,7.04006604835687,0.352088445888578,0.955690077893624,0.688709599379309,0.520434759265012,0.34703594141348,-0.255945599664386,0.101105273773955,0.190103241428642,0.255241379669983
17,5,485,5.44081238596938,1.52528381347656,1.36666666666667,1.5,1,485,0.603604168060094,0.532502396931792,-0.621767655453696,0.151138767513495,-0.147833867135098,6.00874797874956,1.10438433683998,6.19657203379855,0.506099559345146,0.278920305163253,-0.298748335955712,0.564573554208269,-0.187824055048987,0.0975046087149479,0.253582091768539,-0.323019319497985,-0.413434786694774
17,5,485,5.44081238596938,1.52528381347656,1.36666666666667,1.5,2,1385,1.24326725252884,0.301033532574174,-0.446438855285874,0.652669799830486,0.438935397352344,7.51783741101866,1.38174906203446,6.19657203379855,0.506099559345146,0.278920305163253,-0.298748335955712,0.564573554208269,1.32126537722011,0.737167693183693,0.022113227410921,-0.147690519330162,0.0880962456222171
17,5,485,5.44081238596938,1.52528381347656,1.36666666666667,1.5,3,2285,-0.328572742553495,0.00322498598379295,0.171961502872435,0.889912095280826,-0.138864723728674,5.06313071162742,0.930583587973754,6.19657203379855,0.506099559345146,0.278920305163253,-0.298748335955712,0.564573554208269,-1.13344132217113,-0.834672301898641,-0.27569531917946,0.470709838828147,0.325338541072557
17,6,486,6.6420827448051,1.60699462890625,1.38333333333333,1.5,1,486,-0.025590598322003,0.666555010108157,-0.919193569318746,0.250703108376888,-0.27493201471585,5.86930418604012,0.883654180705686,8.41451557336483,0.440832051980303,0.373606374996874,0.0964888763202146,0.358445039074635,-2.54521138732471,-0.466422650302306,0.292948635111283,-1.01568244563896,-0.107741930697747
17,6,486,6.6420827448051,1.60699462890625,1.38333333333333,1.5,2,1386,0.705363828681736,-0.0471405707722836,0.520025488087913,1.1146444253288,0.870418896231511,9.36084463438312,1.40932370071788,8.41451557336483,0.440832051980303,0.373606374996874,0.0964888763202146,0.358445039074635,0.94632906101829,0.264531776701433,-0.420746945769157,0.423536611767698,0.756199386254162
17,6,486,6.6420827448051,1.60699462890625,1.38333333333333,1.5,3,2286,0.642722925581176,0.501404685654748,0.688634710191477,-0.29001241648178,0.61190098513934,10.0133978996712,1.50756897864648,8.41451557336483,0.440832051980303,0.373606374996874,0.0964888763202146,0.358445039074635,1.59888232630642,0.201890873600873,0.127798310657874,0.592145833871262,-0.648457455556415
17,7,487,7.88407029881404,1.68092346191406,1.4,1.5,1,487,1.40458570143868,0.189356024792376,0.592651750799292,0.459512369558352,0.97254512650954,12.3716925460492,1.56920119648225,10.6872110062829,0.488407898009839,0.604579679365704,0.631977012195029,0.847530609731522,1.68448153976623,0.916177803428845,-0.415223654573328,-0.0393252613957371,-0.38801824017317
17,7,487,7.88407029881404,1.68092346191406,1.4,1.5,2,1387,-0.194688367277987,0.721723993041417,0.51419556242684,0.509637134556909,-0.0536769952821084,9.28484399311087,1.1776713856176,10.6872110062829,0.488407898009839,0.604579679365704,0.631977012195029,0.847530609731522,-1.40236701317206,-0.683096265287826,0.117144313675713,-0.11778144976819,-0.337893475174613
17,7,487,7.88407029881404,1.68092346191406,1.4,1.5,3,2287,0.25532635986882,0.902659020263319,0.789083723358956,1.57344232507931,-0.355506101280991,10.4050964796887,1.31976201192091,10.6872110062829,0.488407898009839,0.604579679365704,0.631977012195029,0.847530609731522,-0.282114526594176,-0.233081538141019,0.298079340897615,0.157106711163927,0.725911715347783
17,8,488,9.16815516194857,1.7470703125,1.41666666666667,1.5,1,488,1.41965370314828,-0.574469186034968,-0.0673592759210534,1.01090962323063,-0.0405336726502937,10.6929860673349,1.1663181827152,10.173663782055,0.606271495755178,0.116795705193587,0.105583201772167,0.405635732661344,0.519322285279852,0.813382207393099,-0.691264891228555,-0.17294247769322,0.605273890569283
17,8,488,9.16815516194857,1.7470703125,1.41666666666667,1.5,2,1388,0.537354664262593,0.348986371133614,0.136709307423599,0.516728517827303,-0.778976308643576,10.0274365547629,1.09372456918931,10.173663782055,0.606271495755178,0.116795705193587,0.105583201772167,0.405635732661344,-0.146227227292091,-0.0689168314925852,0.232190665940027,0.0311261056514321,0.111092785165959
17,8,488,9.16815516194857,1.7470703125,1.41666666666667,1.5,3,2288,-0.138193880145335,0.575869930482115,0.247399573813955,-0.310730943073898,-0.313067108080816,9.80056872406725,1.06897936945302,10.173663782055,0.606271495755178,0.116795705193587,0.105583201772167,0.405635732661344,-0.373095057987763,-0.744465375900513,0.459074225288528,0.141816372041788,-0.716366675735242
17,9,489,10.4957642272801,1.80543518066406,1.43333333333333,1.5,1,489,0.255831390131769,0.120349684007804,-0.694453624477201,0.0173596050123808,-0.319991072207305,9.76848092416359,0.9307069702246,12.6529581273786,0.757866444705626,0.235490991614386,0.335268850836973,0.347023036677082,-2.884477203215,-0.502035054573857,-0.115141307606582,-1.02972247531417,-0.329663431664702
17,9,489,10.4957642272801,1.80543518066406,1.43333333333333,1.5,2,1389,1.02653207893535,0.241801395845182,0.499734877009723,0.0777473853044757,-0.0295180815911325,13.4157675913051,1.27820778942761,12.6529581273786,0.757866444705626,0.235490991614386,0.335268850836973,0.347023036677082,0.76280946392647,0.26866563422972,0.00631040423079599,0.16446602617275,-0.269275651372607
17,9,489,10.4957642272801,1.80543518066406,1.43333333333333,1.5,3,2289,0.991235865049763,0.344321894990172,1.2005252999784,0.945962119714391,0.194933536836704,14.7746258666671,1.40767509127783,12.6529581273786,0.757866444705626,0.235490991614386,0.335268850836973,0.347023036677082,2.12166773928853,0.233369420344138,0.108830903375786,0.865256449141425,0.598939083037308
17,10,490,11.8683727525827,1.85601806640625,1.45,1.5,1,490,0.0328881106524481,0.439342350310315,-0.0736675377182585,1.01381915671246,-0.328841468381541,12.1271173131146,1.02180118251473,13.3247385190328,0.239662862737679,0.684675671682337,0.238826105313284,0.960498879765781,-1.19762120591819,-0.206774752085231,-0.245333321372022,-0.312493643031543,0.0533202769466748
17,10,490,11.8683727525827,1.85601806640625,1.45,1.5,2,1390,0.451763362185254,0.41687357180649,0.330143996399238,0.775653168752823,-0.254374258720093,13.5521621295371,1.14187196611162,13.3247385190328,0.239662862737679,0.684675671682337,0.238826105313284,0.960498879765781,0.227423610504301,0.212100499447575,-0.267802099875847,0.0913178910859536,-0.184845711012959
17,10,490,11.8683727525827,1.85601806640625,1.45,1.5,3,2290,0.234337115375336,1.19781109293021,0.460001857258873,1.09202431383207,-0.435199428539229,14.2949361144467,1.20445628161923,13.3247385190328,0.239662862737679,0.684675671682337,0.238826105313284,0.960498879765781,0.970197595413895,-0.00532574736234359,0.513135421247869,0.221175751945589,0.131525434066284
17,11,491,13.2875059996601,1.89881896972656,1.46666666666667,1.5,1,491,0.288394227452219,0.123114824622052,1.17079440852333,0.473971641776393,0.292449033863414,16.0643234856001,1.20897958473253,17.507054825078,0.570656302627302,0.801141301998138,0.930638162767082,0.66902652276156,-1.44273133947786,-0.282262075175083,-0.678026477376087,0.240156245756246,-0.195054880985167
17,11,491,13.2875059996601,1.89881896972656,1.46666666666667,1.5,2,1391,0.611666994523409,1.38162199581136,0.644190079144845,0.781065175269236,0.696958547422468,18.1385734853465,1.36508487641025,17.507054825078,0.570656302627302,0.801141301998138,0.930638162767082,0.66902652276156,0.631518660268561,0.0410106918961071,0.58048069381322,-0.286448083622237,0.112038652507676
17,11,491,13.2875059996601,1.89881896972656,1.46666666666667,1.5,3,2291,0.811907685906278,0.898687085561005,0.976930000633072,0.752042751239051,0.705626395855755,18.3182675042872,1.37860840888846,17.507054825078,0.570656302627302,0.801141301998138,0.930638162767082,0.66902652276156,0.811212679209294,0.241251383278976,0.0975457835628669,0.0462918378659906,0.0830162284774913
17,12,492,14.7547409292381,1.933837890625,1.48333333333333,1.5,1,492,0.534940971531254,0.621578883466053,0.119706263572458,0.299516055546755,0.069141382705508,16.9599395044385,1.14945694985607,17.9902859414939,0.624507683108264,0.836673030373129,0.389319239284623,0.712695744599722,-1.03034643705542,-0.0895667115770091,-0.215094146907076,-0.269612975712165,-0.413179689052967
17,12,492,14.7547409292381,1.933837890625,1.48333333333333,1.5,2,1392,0.896913655065274,1.46547088535978,0.827560095457719,0.742670687791128,0.690887865630921,20.5952363621235,1.3958385620524,17.9902859414939,0.624507683108264,0.836673030373129,0.389319239284623,0.712695744599722,2.60495042062954,0.27240597195701,0.628797854986652,0.438240856173096,0.0299749431914054
17,12,492,14.7547409292381,1.933837890625,1.48333333333333,1.5,3,2292,0.441668422728263,0.422969322293554,0.220691358823691,1.09590049046128,-0.151615635253769,16.4156819579198,1.11256998931038,17.9902859414939,0.624507683108264,0.836673030373129,0.389319239284623,0.712695744599722,-1.57460398357412,-0.182839260380001,-0.413703708079575,-0.168627880460931,0.383204745861562
17,13,493,16.2717079533052,1.96107482910156,1.5,1.5,1,493,0.726417417941298,0.796608246528717,0.567453996249522,0.257423237282085,0.732106822481071,20.4744670536993,1.25828629130111,20.7033137087954,1.23782843499905,0.592707833599211,0.524252523022064,0.508283747230666,-0.228846655096106,-0.511411017057753,0.203900412929506,0.0432014732274576,-0.250860509948582
17,13,493,16.2717079533052,1.96107482910156,1.5,1.5,2,1393,1.40443737184513,0.696930601679586,0.491473305243272,1.00127415560176,0.705519742860023,21.5140403355246,1.32217468487409,20.7033137087954,1.23782843499905,0.592707833599211,0.524252523022064,0.508283747230666,0.810726626729178,0.166608936846079,0.104222768080375,-0.0327792177787929,0.492990408371094
17,13,493,16.2717079533052,1.96107482910156,1.5,1.5,3,2293,1.58263051521072,0.28458465258933,0.5138302675734,0.266153848808155,-0.45155346353479,20.1214337371623,1.23659014744516,20.7033137087954,1.23782843499905,0.592707833599211,0.524252523022064,0.508283747230666,-0.581879971633072,0.344802080211674,-0.308123181009881,-0.0104222554486646,-0.242129898422512
17,14,494,17.8400927468495,1.98052978515625,1.51666666666667,1.5,1,494,1.39065359529925,-0.145792195832923,2.05146875584177,1.38929776774644,0.553573295420595,24.0039818786776,1.3455076842533,23.0493122934747,0.888447513356817,0.627058283678282,1.40936703279497,1.12116297996866,0.954669585202872,0.502206081942431,-0.772850479511205,0.642101723046794,0.268134787777781
17,14,494,17.8400927468495,1.98052978515625,1.51666666666667,1.5,2,1394,0.893217194876156,1.21910162477426,1.35718708578478,0.896867644861839,0.0354396932060065,23.5293271253729,1.31890161442844,23.0493122934747,0.888447513356817,0.627058283678282,1.40936703279497,1.12116297996866,0.480014831898178,0.00476968151933888,0.592043341095978,-0.0521799470101945,-0.224295335106821
17,14,494,17.8400927468495,1.98052978515625,1.51666666666667,1.5,3,2294,0.381471749895047,0.80786542209351,0.819445256758375,1.0773235272977,0.564588524681985,21.6146278763737,1.21157598130709,23.0493122934747,0.888447513356817,0.627058283678282,1.40936703279497,1.12116297996866,-1.43468441710105,-0.50697576346177,0.180807138415228,-0.5899217760366,-0.04383945267096
17,15,495,19.4616381210038,1.99220275878906,1.53333333333333,1.5,1,495,1.22688804075536,0.797438673973205,0.473270985845081,0.871897047999969,-0.101672686369966,23.7368209530119,1.21967230124344,24.1579228928022,1.3265028445387,0.750834113366209,0.917599187490017,0.907353585596914,-0.421101939790297,-0.0996148037833386,0.0466045606069962,-0.444328201644937,-0.0354565375969453
17,15,495,19.4616381210038,1.99220275878906,1.53333333333333,1.5,2,1395,1.53939162684297,0.727831723301605,0.737813764705128,1.15254247528373,-0.16540354039077,24.5857441159199,1.26329263564848,24.1579228928022,1.3265028445387,0.750834113366209,0.917599187490017,0.907353585596914,0.427821223117729,0.21288878230427,-0.023002390064604,-0.179785422784889,0.245188889686813
17,15,495,19.4616381210038,1.99220275878906,1.53333333333333,1.5,3,2295,1.21322886601777,0.727231942823817,1.54171281191984,0.697621233507047,-1.1550906023285,24.1512036094747,1.24096458167156,24.1579228928022,1.3265028445387,0.750834113366209,0.917599187490017,0.907353585596914,-0.00671928332743477,-0.113273978520932,-0.0236021705423921,0.624113624429826,-0.209732352089868
17,16,496,21.1381459596826,1.99609375,1.55,1.5,1,496,0.572142895420467,1.26448576793684,1.84313953339316,1.66136834212043,-0.00159448539446502,27.0032645723357,1.27746608542867,25.142043822257,0.951523000835548,0.541522922582069,0.819352866148544,0.787660477562803,1.86122075007865,-0.379380105415081,0.722962845354769,1.02378666724461,0.873707864557626
17,16,496,21.1381459596826,1.99609375,1.55,1.5,2,1396,1.06317754637787,0.903137300038257,0.583550452901265,0.324446294265209,-0.144037389031488,25.3914991205275,1.20121694537248,25.142043822257,0.951523000835548,0.541522922582069,0.819352866148544,0.787660477562803,0.249455298270494,0.111654545542324,0.361614377456188,-0.235802413247278,-0.463214183297593
17,16,496,21.1381459596826,1.99609375,1.55,1.5,3,2296,1.2192485607083,-0.543054300228887,0.0313686121512071,0.37716679630277,0.254168629626904,23.0313677739079,1.08956423225747,25.142043822257,0.951523000835548,0.541522922582069,0.819352866148544,0.787660477562803,-2.11067604834914,0.267725559872756,-1.08457722281096,-0.787984253997337,-0.410493681260033
17,17,497,22.8714792218598,1.99220275878906,1.56666666666667,1.5,1,497,1.25037461270155,1.36114893348284,0.97567222491136,0.287836621615754,-0.155826008591333,28.8026279660358,1.25932510471414,29.9528754846776,1.77256824013198,1.21049498688193,1.04885845532216,0.975389346996922,-1.15024751864181,-0.522193627430428,0.150653946600903,-0.0731862304107986,-0.687552725381168
17,17,497,22.8714792218598,1.99220275878906,1.56666666666667,1.5,2,1397,2.21155689218108,0.867196514975648,1.03040614994954,2.0706445085475,-0.0315143677330167,30.150051694335,1.3182379417558,29.9528754846776,1.77256824013198,1.21049498688193,1.04885845532216,0.975389346996922,0.197176209657442,0.438988652049093,-0.343298471906287,-0.0184523053726176,1.09525516155058
17,17,497,22.8714792218598,1.99220275878906,1.56666666666667,1.5,3,2297,1.85577321551332,1.40313951218732,1.14049699110558,0.56768691082751,0.428393663084527,30.9059467936619,1.35128762306389,29.9528754846776,1.77256824013198,1.21049498688193,1.04885845532216,0.975389346996922,0.953071308984367,0.0832049753813349,0.192644525305384,0.0916385357834164,-0.407702436169412
17,18,498,24.6635640117153,1.98052978515625,1.58333333333333,1.5,1,498,0.921272494198843,1.85101753560594,0.726117657960889,1.77263097509004,-0.0876396568048825,30.4204862215671,1.23341809833799,31.8359179422613,1.42035292792397,1.76017583323285,0.843082443454491,1.52423408234097,-1.41543172069422,-0.499080433725123,0.0908417023730954,-0.116964785493603,0.24839689274907
17,18,498,24.6635640117153,1.98052978515625,1.58333333333333,1.5,2,1398,1.52082276905621,1.37767625514368,1.16423243018944,1.23983207353209,0.531921087810996,32.1351892741809,1.30294183188271,31.8359179422613,1.42035292792397,1.76017583323285,0.843082443454491,1.52423408234097,0.299271331919538,0.10046984113224,-0.382499578089164,0.321149986734951,-0.284402008808881
17,18,498,24.6635640117153,1.98052978515625,1.58333333333333,1.5,3,2298,1.81896352051685,2.05183370894892,0.638897242213144,1.56023919840078,0.478920319668976,32.952078331036,1.33606312191473,31.8359179422613,1.42035292792397,1.76017583323285,0.843082443454491,1.52423408234097,1.11616038877468,0.398610592592882,0.291657875716068,-0.204185201241348,0.0360051160598118
17,19,499,26.5163917189489,1.96107482910156,1.6,1.5,1,499,1.4909599439081,0.419071771570211,0.816311545144171,0.951409528455465,0.772045806268744,32.1073036946431,1.21084738960538,32.8306104838951,1.26823780641108,0.968789870476567,1.42049187846313,1.22162407727969,-0.723306789252,0.222722137497026,-0.549718098906357,-0.604180333318959,-0.270214548824228
17,19,499,26.5163917189489,1.96107482910156,1.6,1.5,2,1399,1.05210977476393,1.60020080583571,1.76495408288805,1.49576875089292,-0.0555848838076845,33.7318252455517,1.27211219396214,32.8306104838951,1.26823780641108,0.968789870476567,1.42049187846313,1.22162407727969,0.901214761656583,-0.216128031647145,0.63141093535914,0.344462204424919,0.274144673613229
17,19,499,26.5163917189489,1.96107482910156,1.6,1.5,3,2299,1.2616437005612,0.887097034023784,1.68021000735717,1.21769395249069,-0.277537177397298,32.6527025114905,1.23141575435984,32.8306104838951,1.26823780641108,0.968789870476567,1.42049187846313,1.22162407727969,-0.177907972404576,-0.00659410584988107,-0.0816928364527834,0.25971812889404,-0.00393012478900134
17,20,500,28.4320212316403,1.933837890625,1.61666666666667,1.5,1,500,0.771157741049847,1.68375370757156,0.775284273285134,1.69932096513537,-0.0377469046243862,33.7705632901419,1.18776512633441,35.4475490344287,1.49582071386379,1.64139036226325,1.13092607809063,1.6727328990043,-1.67698574428675,-0.724662972813943,0.0423633453083099,-0.355641804805493,0.0265880661310691
17,20,500,28.4320212316403,1.933837890625,1.61666666666667,1.5,2,1400,1.18359296437204,2.21973650825158,1.11335357503251,1.43570817731442,0.0561122946947589,36.035614832137,1.26743063880507,35.4475490344287,1.49582071386379,1.64139036226325,1.13092607809063,1.6727328990043,0.588065797708332,-0.312227749491753,0.57834614598833,-0.017572503058114,-0.237024721689882
17,20,500,28.4320212316403,1.933837890625,1.61666666666667,1.5,3,2300,2.53271143616949,1.02068087096661,1.50414038595423,1.88316955456311,-0.699716912244355,36.5364689810071,1.28504648626063,35.4475490344287,1.49582071386379,1.64139036226325,1.13092607809063,1.6727328990043,1.08891994657843,1.0368907223057,-0.62070949129664,0.373214307863607,0.210436655558813
17,21,501,30.4125812241143,1.89881896972656,1.63333333333333,1.5,1,501,1.29605915557952,1.89073726576684,1.23280051963878,1.26581285321451,0.039072257527486,37.8500401723547,1.24455204553118,37.3933823504097,1.43943534228803,1.26805791582127,1.43768727898992,1.45693723212972,0.45665782194498,-0.143376186708511,0.622679349945571,-0.204886759351137,-0.191124378915211
17,21,501,30.4125812241143,1.89881896972656,1.63333333333333,1.5,2,1401,1.6808324975104,0.64094481126108,1.86068713875108,1.01593356406987,-0.0467946806605773,37.3952904078457,1.22959935995813,37.3933823504097,1.43943534228803,1.26805791582127,1.43768727898992,1.45693723212972,0.00190805743606148,0.241397155222371,-0.627113104560188,0.42299985976116,-0.441003668059846
17,21,501,30.4125812241143,1.89881896972656,1.63333333333333,1.5,3,2301,1.34141437377417,1.27249167043588,1.2195741785799,2.08906527910477,0.0673678581462541,36.9348164710286,1.21445845713822,37.3933823504097,1.43943534228803,1.26805791582127,1.43768727898992,1.45693723212972,-0.458565879381048,-0.09802096851386,0.0044337546146167,-0.218113100410023,0.632128046975057
17,22,502,32.4602725223537,1.85601806640625,1.65,1.5,1,502,1.63475837509822,1.9814769928886,0.333290563846085,1.48905392702049,0.09392534894611,39.3577118337263,1.21248864459233,40.3568398294625,1.58256451460025,1.73330467516972,1.5095407381437,1.57884171770897,-0.999127995736167,0.0521938604979715,0.248172317718883,-1.17625017429762,-0.0897877906884761
17,22,502,32.4602725223537,1.85601806640625,1.65,1.5,2,1402,2.11395369105311,1.67431393245864,2.03849599318383,1.87772582133636,0.406288023494741,42.6104587663216,1.31269565703671,40.3568398294625,1.58256451460025,1.73330467516972,1.5095407381437,1.57884171770897,2.25361893685915,0.531389176452858,-0.0589907427110796,0.528955255040122,0.298884103627393
17,22,502,32.4602725223537,1.85601806640625,1.65,1.5,3,2302,0.998981477649423,1.54412310016191,2.1568356574012,1.36974540477005,-0.995107905905659,39.1023488883395,1.20462170677747,40.3568398294625,1.58256451460025,1.73330467516972,1.5095407381437,1.57884171770897,-1.25449094112298,-0.58358303695083,-0.189181575007803,0.647294919257498,-0.209096312938916
17,23,503,34.5773705495876,1.80543518066406,1.66666666666667,1.5,1,503,1.8931729327408,1.29197788745326,1.03515903718784,2.11497134442249,0.513901591828128,42.2153081921375,1.22089411430508,43.9032878912671,1.9644246608585,1.6641331294988,1.79174234694908,1.9284629106054,-1.68797969912965,-0.0712517281176981,-0.372155242045546,-0.756583309761231,0.186508433817084
17,23,503,34.5773705495876,1.80543518066406,1.66666666666667,1.5,2,1403,1.90259715997981,2.27464709047488,2.69834961079725,1.60850948489491,0.110342390603382,45.9613316877708,1.32923154529224,43.9032878912671,1.9644246608585,1.6641331294988,1.79174234694908,1.9284629106054,2.05804379650364,-0.0618275008786897,0.610513960976078,0.906607263848179,-0.319953425710493
17,23,503,34.5773705495876,1.80543518066406,1.66666666666667,1.5,3,2303,2.09750388985489,1.42577441056827,1.64171839286213,2.06190790249881,0.330077656408153,43.5332237938931,1.25900908894914,43.9032878912671,1.9644246608585,1.6641331294988,1.79174234694908,1.9284629106054,-0.370064097373991,0.133079228996388,-0.238358718930531,-0.150023954086947,0.133444991893409
17,24,504,36.766227854774,1.7470703125,1.68333333333333,1.5,1,504,1.50905215795407,1.58402555311739,2.04756647920402,1.05911473270058,-0.367316351400319,44.7731244617696,1.2177785721892,44.7200146710342,1.70556765911204,1.60315334189909,1.66326235282386,1.22802275208442,0.0531097907353839,-0.196515501157967,-0.0191277887817054,0.384304126380159,-0.168908019383843
17,24,504,36.766227854774,1.7470703125,1.68333333333333,1.5,2,1404,1.56905129306684,2.00411766235496,1.25963242209658,1.39428223462654,-0.0397386106551021,44.7307788751348,1.21662681991257,44.7200146710342,1.70556765911204,1.60315334189909,1.66326235282386,1.22802275208442,0.0107642041005462,-0.136516366045192,0.400964320455864,-0.403629930727288,0.166259482542126
17,24,504,36.766227854774,1.7470703125,1.68333333333333,1.5,3,2304,2.03859952631519,1.22131681022493,1.68258815717099,1.23067128892613,-0.25142942304601,44.6561406761983,1.21459674494183,44.7200146710342,1.70556765911204,1.60315334189909,1.66326235282386,1.22802275208442,-0.063873994835923,0.333031867203159,-0.381836531674159,0.0193258043471283,0.00264853684171684
17,25,505,39.0292767267848,1.68092346191406,1.7,1.5,1,505,1.60451324255675,2.62397965145925,1.66232561808528,2.03522506807265,0.669337623136368,49.3499321388952,1.26443368357446,49.637949593111,2.12989006027231,2.07697281826708,2.13242252119466,2.28858678529552,-0.288017454215804,-0.525376817715562,0.547006833192169,-0.47009690310938,-0.253361717222872
17,25,505,39.0292767267848,1.68092346191406,1.7,1.5,2,1405,2.48489586801009,1.55854555450417,2.70602842818529,2.83443409717245,0.0303527238652432,49.9451193005365,1.27968344507549,49.637949593111,2.12989006027231,2.07697281826708,2.13242252119466,2.28858678529552,0.307169707425473,0.35500580773778,-0.518427263762912,0.573605906990635,0.545847311876925
17,25,505,39.0292767267848,1.68092346191406,1.7,1.5,3,2305,2.3002610702501,2.04839324883782,2.0289135173134,1.99610119064147,0.197319012611244,49.6187973399013,1.27132249176038,49.637949593111,2.12989006027231,2.07697281826708,2.13242252119466,2.28858678529552,-0.0191522532096755,0.170371009977782,-0.0285795694292563,-0.103509003881254,-0.292485594654053
17,26,506,41.369031897199,1.60699462890625,1.71666666666667,1.5,1,506,1.55839419258907,2.55993873296018,1.95898141346044,1.79838253758542,0.700238551656552,51.9066351578372,1.25472201734921,52.6632641621336,2.14616704174904,2.56918715247269,2.36477140844252,1.64943440716644,-0.756629004296393,-0.587772849159972,-0.00924841951251265,-0.40578999498209,0.14894813041898
17,26,506,41.369031897199,1.60699462890625,1.71666666666667,1.5,2,1406,2.32088755982825,2.50563142954698,3.08863703008499,1.75262521336095,-0.224668516183649,53.8083067231379,1.30069049855578,52.6632641621336,2.14616704174904,2.56918715247269,2.36477140844252,1.64943440716644,1.14504256100426,0.17472051807921,-0.0635557229257082,0.723865621642467,0.103190806194513
17,26,506,41.369031897199,1.60699462890625,1.71666666666667,1.5,3,2306,2.5592193728298,2.64199129491091,2.04669578178215,1.39729547055295,-0.812295140373901,52.2748506054257,1.26362276824189,52.6632641621336,2.14616704174904,2.56918715247269,2.36477140844252,1.64943440716644,-0.38841355670786,0.413052331080762,0.0728041424382213,-0.318075626660377,-0.252138936613493
17,27,507,43.7880933347085,1.52528381347656,1.73333333333333,1.5,1,507,1.63911046015619,1.53701233466231,2.0823778639756,4.08818185513617,0.579538313915876,52.6554618113788,1.20250638475829,52.1955785197771,2.07091363307723,1.30884763408128,1.75854616396085,2.73783502340875,0.459883291601692,-0.431803172921034,0.228164700581037,0.323831700014746,1.35034683172742
17,27,507,43.7880933347085,1.52528381347656,1.73333333333333,1.5,2,1407,1.98139815643443,1.46801052338406,1.46647356007847,1.77341826343043,0.720616784451391,52.275166569205,1.19382148406469,52.1955785197771,2.07091363307723,1.30884763408128,1.75854616396085,2.73783502340875,0.0795880494279331,-0.0895154766428017,0.159162889302784,-0.292072603882377,-0.964416759978313
17,27,507,43.7880933347085,1.52528381347656,1.73333333333333,1.5,3,2307,2.59223228264106,0.921520044197456,1.72678706782848,2.35190495165963,-0.273358109129824,51.6561071787475,1.17968386483278,52.1955785197771,2.07091363307723,1.30884763408128,1.75854616396085,2.73783502340875,-0.539471341029632,0.521318649563836,-0.38732758988382,-0.031759096132369,-0.385930071749112
17,28,508,46.2891491342386,1.435791015625,1.75,1.5,1,508,1.50539662477674,2.01131335418609,2.60187593447833,2.47883393546479,0.498248141793276,56.3714444963817,1.2178112052331,55.9927903390311,1.79417363616525,2.33082220712623,2.18536519372071,2.42479234978996,0.378654157350624,-0.28877701138851,-0.319508852940131,0.416510740757619,0.0540415856748342
17,28,508,46.2891491342386,1.435791015625,1.75,1.5,2,1408,1.68026994865712,2.58299274497097,1.69197147273313,2.43000778996396,-0.791414982487525,54.9684451606566,1.18750174044565,55.9927903390311,1.79417363616525,2.33082220712623,2.18536519372071,2.42479234978996,-1.0243451783745,-0.113903687508127,0.252170537844746,-0.493393720987575,0.00521544017400721
17,28,508,46.2891491342386,1.435791015625,1.75,1.5,3,2308,2.19685433506189,2.39816052222161,2.26224817395066,2.36553532394111,-0.395044665916189,56.638481360055,1.22358009208169,55.9927903390311,1.79417363616525,2.33082220712623,2.18536519372071,2.42479234978996,0.645691021023872,0.402680698896636,0.0673383150953852,0.0768829802299553,-0.0592570258488418
17,29,509,48.8749785039976,1.33851623535156,1.76666666666667,1.5,1,509,3.51714880419794,2.73178218993361,2.59588944021592,2.45262924305518,-0.677424501277224,61.62529747516,1.26087620621909,61.7936039090677,2.86788654827458,2.7917181340556,3.15173697681909,2.76048115311184,-0.168306433907759,0.64926225592336,-0.0599359441219804,-0.555847536603169,-0.307851910056665
17,29,509,48.8749785039976,1.33851623535156,1.76666666666667,1.5,2,1409,2.52157750305497,3.36791923262811,3.53831541829543,2.67818246794608,-0.466334627647528,63.0412800746393,1.28984772994801,61.7936039090677,2.86788654827458,2.7917181340556,3.15173697681909,2.76048115311184,1.24767616557154,-0.346309045219608,0.576201098572512,0.386578441476348,-0.0822986851657594
17,29,509,48.8749785039976,1.33851623535156,1.76666666666667,1.5,3,2309,2.56493333757083,2.27545297960506,3.32100607194591,3.15063174833427,-0.59542528008121,60.7142341774039,1.2422355167366,61.7936039090677,2.86788654827458,2.7917181340556,3.15173697681909,2.76048115311184,-1.07936973166379,-0.302953210703753,-0.516265154450531,0.169269095126821,0.390150595222424
17,30,510,51.5484548537714,1.23345947265625,1.78333333333333,1.5,1,510,2.21850479888131,2.88535446951732,3.22405503429008,2.39939819870563,-0.318307076981702,63.9482148915108,1.24054571709112,64.0212825167587,2.52469927165761,2.63793898224233,3.17732013201235,2.56107097070309,-0.0730676252479014,-0.306194472776297,0.247415487274987,0.0467349022777293,-0.161672771997457
17,30,510,51.5484548537714,1.23345947265625,1.78333333333333,1.5,2,1410,2.52897847197637,2.91786578831762,2.74685904585368,2.52533399247154,-0.08378616275406,63.9078770347005,1.23976319398883,64.0212825167587,2.52469927165761,2.63793898224233,3.17732013201235,2.56107097070309,-0.113405482058184,0.00427920031876283,0.279926806075286,-0.430461086158679,-0.035736978231546
17,30,510,51.5484548537714,1.23345947265625,1.78333333333333,1.5,3,2310,2.82661454411515,2.11059668889206,3.5610463158933,2.75848072093209,0.0673193829426014,64.2077556240648,1.24558060578546,64.0212825167587,2.52469927165761,2.63793898224233,3.17732013201235,2.56107097070309,0.186473107306099,0.301915272457535,-0.527342293350273,0.383726183880949,0.197409750229003
18,1,511,1.01685340540722,1.11920166015625,1.31666666666667,1.5,1,511,0.499977271979005,-0.306352579946848,0.297447742300224,0.963200676474516,-0.278190139834983,1.34104604159852,1.31881944286892,0.644296431603341,-0.091658031784701,-0.4911437373612,0.343131133193052,0.374682361988963,0.69674960999518,0.591635303763706,0.184791157414352,-0.0456833908928277,0.588518314485554
18,1,511,1.01685340540722,1.11920166015625,1.31666666666667,1.5,2,1411,0.91834658880839,-1.26517534527194,-0.261799903364452,0.341258061724521,-0.267014387314735,-0.28086001476906,-0.27620501959826,0.644296431603341,-0.091658031784701,-0.4911437373612,0.343131133193052,0.374682361988963,-0.925156446372401,1.01000462059309,-0.774031607910737,-0.604931036557504,-0.0334243002644414
18,1,511,1.01685340540722,1.11920166015625,1.31666666666667,1.5,3,2311,-1.6932979561415,0.0980967131351849,0.993745560643383,-0.18041165223215,0.131212732966354,0.872703267980563,0.858239017876002,0.644296431603341,-0.091658031784701,-0.4911437373612,0.343131133193052,0.374682361988963,0.228406836377222,-1.6016399243568,0.589240450496385,0.650614427450332,-0.555094014221112
18,2,512,2.06817317241739,1.230712890625,1.33333333333333,1.5,1,512,-0.471627324971821,-0.506496190603135,0.898340006130301,-0.150595210206232,0.342170623176691,2.50208772223821,1.20980571434143,2.37824166594256,-0.170036389969314,0.04382326018595,0.15515406143999,-0.159120351349005,0.123846056295658,-0.301590935002507,-0.550319450789085,0.743185944690311,0.00852514114277308
18,2,512,2.06817317241739,1.230712890625,1.33333333333333,1.5,2,1412,1.00781961710625,0.415261644001407,-0.065998939970171,-0.677208451859228,0.0801518035367198,3.84334535219815,1.85832859813467,2.37824166594256,-0.170036389969314,0.04382326018595,0.15515406143999,-0.159120351349005,1.46510368625559,1.17785600707557,0.371438383815457,-0.221153001410161,-0.518088100510223
18,2,512,2.06817317241739,1.230712890625,1.33333333333333,1.5,3,2312,-1.04630146204237,0.222704327159578,-0.36687888184016,0.350442608018445,0.262194667670051,0.789291923391307,0.381637250650892,2.37824166594256,-0.170036389969314,0.04382326018595,0.15515406143999,-0.159120351349005,-1.58894974255125,-0.876265072073059,0.178881066973628,-0.52203294328015,0.50956295936745
18,3,513,3.15512754226943,1.33453369140625,1.35,1.5,1,513,-0.36259330817539,-0.900647184275666,0.575284293273267,-0.23789915325725,-0.404773676556041,1.91351362081264,0.606477422917831,2.19163504409306,-0.0671680920383902,-0.450685642899699,0.0895672553880687,-0.02410575395196,-0.278121423280425,-0.295425216136999,-0.449961541375966,0.485717037885198,-0.21379339930529
18,3,513,3.15512754226943,1.33453369140625,1.35,1.5,2,1413,0.328828197752702,0.698034107862606,0.816851858321923,-0.274310014210182,-0.381413012770657,5.38017067118155,1.70521495537124,2.19163504409306,-0.0671680920383902,-0.450685642899699,0.0895672553880687,-0.02410575395196,3.18853562708849,0.395996289791092,1.1487197507623,0.727284602933854,-0.250204260258222
18,3,513,3.15512754226943,1.33453369140625,1.35,1.5,3,2313,-0.167739165692482,-1.14944385228604,-1.12343438543098,0.439891905611551,-0.413152355266816,-0.718779159715005,-0.227813028185225,2.19163504409306,-0.0671680920383902,-0.450685642899699,0.0895672553880687,-0.02410575395196,-2.91041420380807,-0.100571073654092,-0.698758209386339,-1.21300164081905,0.463997659563511
18,4,514,4.27892435387168,1.4306640625,1.36666666666667,1.5,1,514,0.182488150878891,0.259258270739623,0.0184572018577909,0.281094238833637,0.107564166600412,5.02957319923077,1.17542933300045,4.28413177565615,-0.258866739201897,0.571208863954566,-0.281247589314193,0.00554655938617591,0.745441423574624,0.441354890080789,-0.311950593214943,0.299704791171984,0.275547679447461
18,4,514,4.27892435387168,1.4306640625,1.36666666666667,1.5,2,1414,0.0931498358244525,0.332624904686187,0.360573937968834,-0.870889999945708,0.316459019870257,5.7240977729748,1.33774222201322,4.28413177565615,-0.258866739201897,0.571208863954566,-0.281247589314193,0.00554655938617591,1.43996599731865,0.35201657502635,-0.238583959268379,0.641821527283027,-0.876436559331884
18,4,514,4.27892435387168,1.4306640625,1.36666666666667,1.5,3,2314,-1.05223820430904,1.12174341643789,-1.2227739077692,0.606435439270598,-0.37368908915898,2.09872435476287,0.490479424546006,4.28413177565615,-0.258866739201897,0.571208863954566,-0.281247589314193,0.00554655938617591,-2.18540742089327,-0.793371465107139,0.550534552483322,-0.94152631845501,0.600888879884422
18,5,515,5.44081238596938,1.51910400390625,1.38333333333333,1.5,1,515,0.960906193871008,0.543240755485602,0.775489912130879,0.678368923249616,-0.178658094001433,8.63658865174044,1.58737115692727,6.85468901312151,0.0600558747496864,0.0434517904535049,0.771232568439584,0.198360362686606,1.78189963861893,0.900850319121322,0.499788965032097,0.00425734369129549,0.480008560563011
18,5,515,5.44081238596938,1.51910400390625,1.38333333333333,1.5,2,1415,-0.118616996483155,0.295269157728054,1.1463626715583,-0.898833086470672,0.268047491480621,7.65666799868902,1.40726558012436,6.85468901312151,0.0600558747496864,0.0434517904535049,0.771232568439584,0.198360362686606,0.801978985567508,-0.178672871232841,0.251817367274549,0.375130103118712,-1.09719344915728
18,5,515,5.44081238596938,1.51910400390625,1.38333333333333,1.5,3,2315,-0.662121573138794,-0.708154541853141,0.391845121629577,0.815545251280874,0.227675636246026,4.27081038893508,0.784958216892119,6.85468901312151,0.0600558747496864,0.0434517904535049,0.771232568439584,0.198360362686606,-2.58387862418644,-0.72217744788848,-0.751606332306646,-0.379387446810007,0.617184888594268
18,6,516,6.6420827448051,1.599853515625,1.4,1.5,1,516,0.643700158198019,0.635547341499083,0.732359555869591,0.134165383105118,-0.158434500748071,9.5017798170616,1.43054222329481,9.31985822570929,0.615934118679906,0.525076335550442,0.712547926289962,0.283230902409526,0.18192159135231,0.0277660395181129,0.110471005948641,0.019811629579629,-0.149065519304408
18,6,516,6.6420827448051,1.599853515625,1.4,1.5,2,1416,0.660034366994553,0.276961001238356,1.39219606849168,0.662919756564855,-0.2310338208986,9.94304673084727,1.4969772453714,9.31985822570929,0.615934118679906,0.525076335550442,0.712547926289962,0.283230902409526,0.623188505137987,0.0441002483146468,-0.248115334312085,0.679648142201719,0.379688854155329
18,6,516,6.6420827448051,1.599853515625,1.4,1.5,3,2316,0.544067830847146,0.662720663913886,0.0130881545086136,0.0526075675586044,0.0547953912522588,8.51474812921899,1.28193948440021,9.31985822570929,0.615934118679906,0.525076335550442,0.712547926289962,0.283230902409526,-0.805110096490298,-0.0718662878327596,0.137644328363444,-0.699459771781348,-0.230623334850921
18,7,517,7.88407029881404,1.67291259765625,1.41666666666667,1.5,1,517,0.0465442617805752,-0.0549833635968129,1.07688132735949,0.845688165656432,0.244128788473008,9.7434924617788,1.23584545704069,10.1230075709059,0.345680415108156,0.170727863309313,0.909143788711448,0.13714260752633,-0.379515109127055,-0.29913615332758,-0.225711226906126,0.167737538648041,0.708545558130102
18,7,517,7.88407029881404,1.67291259765625,1.41666666666667,1.5,2,1417,0.615307699577446,-0.107451742231227,0.675691772347733,-0.021228869125606,-0.363265533894138,9.41147512400526,1.19373302967897,10.1230075709059,0.345680415108156,0.170727863309313,0.909143788711448,0.13714260752633,-0.711532446900595,0.26962728446929,-0.27817960554054,-0.233452016363715,-0.158371476651936
18,7,517,7.88407029881404,1.67291259765625,1.41666666666667,1.5,3,2317,0.375189283966446,0.67461869575598,0.974858266427122,-0.413031473951835,0.284328729838044,11.2140551269335,1.42236873872375,10.1230075709059,0.345680415108156,0.170727863309313,0.909143788711448,0.13714260752633,1.09104755602765,0.0295088688582903,0.503890832446667,0.0657144777156738,-0.550174081478165
18,8,518,9.16815516194857,1.73828125,1.43333333333333,1.5,1,518,0.63208778822952,0.310018010416723,-0.168582384939377,0.898564935829337,0.636818300986153,11.095205384423,1.21018952978375,11.378773794015,0.377416014748545,0.594332758218723,0.390998237170093,0.902733702581993,-0.283568409592011,0.254671773480974,-0.284314747801999,-0.55958062210947,-0.00416876675265554
18,8,518,9.16815516194857,1.73828125,1.43333333333333,1.5,2,1418,0.487086274705136,0.776002942184399,0.799320162182464,0.799444610286915,-0.00445083372460217,12.3216483937476,1.34396159053757,11.378773794015,0.377416014748545,0.594332758218723,0.390998237170093,0.902733702581993,0.942874599732606,0.109670259956591,0.181670183965676,0.408321925012372,-0.103289092295078
18,8,518,9.16815516194857,1.73828125,1.43333333333333,1.5,3,2318,0.0130739813109792,0.696977322055046,0.54225693426719,1.01019156162973,-0.283800044329591,10.7194676038744,1.16920660858407,11.378773794015,0.377416014748545,0.594332758218723,0.390998237170093,0.902733702581993,-0.659306190140596,-0.364342033437566,0.102644563836324,0.151258697097098,0.107457859047733
18,9,519,10.4957642272801,1.79595947265625,1.45,1.5,1,519,-0.305679220422561,1.03931552830383,1.01161750513225,0.539656983840722,-0.163066775299173,12.8081437342078,1.22031549650453,12.5250003294026,0.46276890000057,0.836485363535481,0.429343079756574,0.824510424015313,0.283143404805157,-0.768448120423131,0.202830164768353,0.582274425375674,-0.284853440174591
18,9,519,10.4957642272801,1.79595947265625,1.45,1.5,2,1419,0.881131183887518,1.24832866789733,0.138989708126441,0.782721788577818,-0.836828928180363,13.2599723260961,1.26336415709791,12.5250003294026,0.46276890000057,0.836485363535481,0.429343079756574,0.824510424015313,0.734971996693512,0.418362283886948,0.411843304361853,-0.290353371630133,-0.041788635437495
18,9,519,10.4957642272801,1.79595947265625,1.45,1.5,3,2319,0.812854736536753,0.221811894405276,0.137422026011033,1.1511524996274,-0.976493749257024,11.506884927904,1.09633607222195,12.5250003294026,0.46276890000057,0.836485363535481,0.429343079756574,0.824510424015313,-1.01811540149867,0.350085836536183,-0.614673469130205,-0.291921053745541,0.326642075612086
18,10,520,11.8683727525827,1.845947265625,1.46666666666667,1.5,1,520,1.20612367399663,1.3023186814379,0.206270959745252,0.79907161654877,0.64178801168992,16.9560753013524,1.42867734733581,15.1637162940621,0.749626167932474,0.797513228851785,0.216411009352879,0.675948982020071,1.79235900729031,0.456497506064151,0.504805452586119,-0.0101400496076272,0.123122634528698
18,10,520,11.8683727525827,1.845947265625,1.46666666666667,1.5,2,1420,0.304594511076936,0.753159144341023,-0.0618778321702922,0.870643465841729,0.431028670506692,13.873483491381,1.16894571653573,15.1637162940621,0.749626167932474,0.797513228851785,0.216411009352879,0.675948982020071,-1.29023280268112,-0.445031656855537,-0.0443540845107626,-0.278288841523171,0.194694483821658
18,10,520,11.8683727525827,1.845947265625,1.46666666666667,1.5,3,2320,0.73816031872386,0.337061860776429,0.504839900483677,0.358131863669715,0.178995068398085,14.6615900894529,1.23534964692294,15.1637162940621,0.749626167932474,0.797513228851785,0.216411009352879,0.675948982020071,-0.502126204609183,-0.0114658492086139,-0.460451368075356,0.288428891130798,-0.317817118350356
18,11,521,13.2875059996601,1.88824462890625,1.48333333333333,1.5,1,521,1.18893166228557,1.17620586841127,0.258638227127298,1.47498200046141,-0.366377108562293,17.2987854287128,1.30188354602852,15.8851891862625,0.633049608098984,0.909088741186507,0.18933037894082,0.727249039905173,1.41359624245029,0.555882054186585,0.267117127224759,0.0693078481864785,0.747732960556234
18,11,521,13.2875059996601,1.88824462890625,1.48333333333333,1.5,2,1421,0.491964979568921,0.8756679143188,0.200143879972139,0.181080119338478,-0.154476577517463,15.6611028786214,1.17863373901935,15.8851891862625,0.633049608098984,0.909088741186507,0.18933037894082,0.727249039905173,-0.224086307641096,-0.141084628530063,-0.0334208268677076,0.010813501031319,-0.546168920566695
18,11,521,13.2875059996601,1.88824462890625,1.48333333333333,1.5,3,2321,0.218252182442461,0.675392440829456,0.109209029723022,0.525684999915634,-0.169585924599082,14.6956792514533,1.10597724297014,15.8851891862625,0.633049608098984,0.909088741186507,0.18933037894082,0.727249039905173,-1.18950993480919,-0.414797425656522,-0.233696300357052,-0.0801213492177976,-0.201564039989539
18,12,522,14.7547409292381,1.9228515625,1.5,1.5,1,522,0.772949638668178,0.672276896430971,1.4140129511755,0.271683773127385,-0.347145361474473,19.0232977596203,1.28930069669495,19.0670172039255,0.773282617673513,0.702998921795852,1.13104090881393,0.893762845157282,-0.0437194443052746,-0.000332979005335576,-0.030722025364881,0.282972042361569,-0.622079072029897
18,12,522,14.7547409292381,1.9228515625,1.5,1.5,2,1422,0.462601756585147,0.642776107006596,1.04427034986693,1.4058139294015,0.235233059620351,18.4100581846337,1.24773849116878,19.0670172039255,0.773282617673513,0.702998921795852,1.13104090881393,0.893762845157282,-0.656959019291801,-0.310680861088366,-0.0602228147892554,-0.0867705589470087,0.512051084244214
18,12,522,14.7547409292381,1.9228515625,1.5,1.5,3,2322,1.08429645776721,0.793943761949988,0.934839425399375,1.00379083294297,0.334838819229553,19.7676956675226,1.33975213542047,19.0670172039255,0.773282617673513,0.702998921795852,1.13104090881393,0.893762845157282,0.700678463597075,0.311013840093702,0.0909448401541365,-0.19620148341456,0.110027987785684
18,13,523,16.2717079533052,1.94976806640625,1.51666666666667,1.5,1,523,0.984171393264127,0.85071892429085,0.229837013986522,1.24489445962123,-0.198005517015099,19.6276209469013,1.20624220906782,21.1970747579978,1.2422781545127,1.01543552701065,0.720889212935781,0.978369184916143,-1.5694538110965,-0.258106761248577,-0.164716602719804,-0.491052198949259,0.266525274705087
18,13,523,16.2717079533052,1.94976806640625,1.51666666666667,1.5,2,1423,0.83926741011381,1.17126881094177,0.881507264445903,1.07522613591709,0.00426001596812991,21.0110300246193,1.29126150032402,21.1970747579978,1.2422781545127,1.01543552701065,0.720889212935781,0.978369184916143,-0.186044733378541,-0.403010744398894,0.155833283931113,0.160618051510122,0.0968569510009425
18,13,523,16.2717079533052,1.94976806640625,1.51666666666667,1.5,3,2323,1.90339566016018,1.02431884579934,1.05132336037492,0.614986959210114,-0.160850016773638,22.9525733024729,1.41058168990862,21.1970747579978,1.2422781545127,1.01543552701065,0.720889212935781,0.978369184916143,1.75549854447505,0.661117505647471,0.00888331878869053,0.330434147439137,-0.363382225706029
18,14,524,17.8400927468495,1.968994140625,1.53333333333333,1.5,1,524,0.663531227470644,0.543573360048812,0.557406400474144,0.614457984678191,-0.537143406866576,20.2790271917804,1.13671086129088,20.487602708935,0.503174326058414,0.57848369196086,0.627541362638503,0.730815128981826,-0.208575517154674,0.16035690141223,-0.0349103319120476,-0.0701349621643582,-0.116357144303635
18,14,524,17.8400927468495,1.968994140625,1.53333333333333,1.5,2,1424,0.0253133782889092,0.999794765917961,0.647712175618358,1.16762726576995,-0.222141282380261,20.1723802625012,1.13073292548121,20.487602708935,0.503174326058414,0.57848369196086,0.627541362638503,0.730815128981826,-0.315222446433804,-0.477860947769504,0.421311073957101,0.020170812979855,0.436812136788127
18,14,524,17.8400927468495,1.968994140625,1.53333333333333,1.5,3,2324,0.820678372415688,0.192082949915806,0.677505511823006,0.410360136497335,0.244611561444495,21.0114006725235,1.17776297302233,20.487602708935,0.503174326058414,0.57848369196086,0.627541362638503,0.730815128981826,0.523797963588482,0.317504046357274,-0.386400742045053,0.0499641491845032,-0.320454992484491
18,15,525,19.4616381210038,1.98052978515625,1.55,1.5,1,525,1.15428840542312,0.805297537869443,0.797868587255775,0.407317481929782,0.0782986517074102,24.2710534048936,1.24712284001927,25.5341309388319,1.34268337467803,1.26648378683711,0.950084596856258,0.992556360659445,-1.26307753393831,-0.188394969254908,-0.461186248967663,-0.152216009600482,-0.585238878729663
18,15,525,19.4616381210038,1.98052978515625,1.55,1.5,2,1425,1.62021308148986,0.751619496606674,1.66457574839343,0.973944798119769,0.132589162855391,26.4649813923802,1.35985374036002,25.5341309388319,1.34268337467803,1.26648378683711,0.950084596856258,0.992556360659445,0.930850453548313,0.277529706811827,-0.514864290230432,0.714491151537177,-0.0186115625396758
18,15,525,19.4616381210038,1.98052978515625,1.55,1.5,3,2325,1.25354863712111,2.2425343260352,0.387809454919563,1.59640680192878,-0.135612902476266,25.8663580192219,1.32909459411363,25.5341309388319,1.34268337467803,1.26648378683711,0.950084596856258,0.992556360659445,0.332227080390002,-0.0891347375569189,0.976050539198095,-0.562275141936694,0.603850441269339
18,16,526,21.1381459596826,1.984375,1.56666666666667,1.5,1,526,1.27235219545605,0.732954775595887,0.893226440850777,2.22532939125474,-0.173831167053188,25.9772741568639,1.22892869632044,25.2551353704262,0.74940269511763,0.467020414375649,1.20232690254755,1.6975397376032,0.72213878643764,0.522949500338416,0.265934361220238,-0.309100461696769,0.527789653651543
18,16,526,21.1381459596826,1.984375,1.56666666666667,1.5,2,1426,0.77879270769657,0.57202015141925,1.05624875056668,1.46990619715829,0.120916357695937,25.2850171264541,1.19617951236977,25.2551353704262,0.74940269511763,0.467020414375649,1.20232690254755,1.6975397376032,0.0298817560278408,0.0293900125789404,0.104999737043601,-0.146078151980867,-0.227633540444911
18,16,526,21.1381459596826,1.984375,1.56666666666667,1.5,3,2326,0.197063182200274,0.096086316111809,1.65750551622518,1.39738362439656,0.337128113186567,24.5031148279608,1.15918940453417,25.2551353704262,0.74940269511763,0.467020414375649,1.20232690254755,1.6975397376032,-0.752020542465477,-0.552339512917356,-0.37093409826384,0.455178613677636,-0.300156113206632
18,17,527,22.8714792218598,1.98052978515625,1.58333333333333,1.5,1,527,-0.497391909754033,0.577417890309362,2.83709704723812,0.306493509697146,-0.514663538664866,26.5416067548783,1.16046743183584,27.6083105464198,0.35732925208881,0.669267283598516,1.95262594949783,0.923851726063804,-1.06670379154155,-0.854721161842843,-0.091849393289154,0.884471097740292,-0.617358216366658
18,17,527,22.8714792218598,1.98052978515625,1.58333333333333,1.5,2,1427,0.741401147510589,1.01902188628215,2.36892732216056,1.31163288225087,0.906266489045265,30.4129550694863,1.32973275468859,27.6083105464198,0.35732925208881,0.669267283598516,1.95262594949783,0.923851726063804,2.80464452306651,0.384071895421779,0.349754602683631,0.416301372662734,0.387781156187061
18,17,527,22.8714792218598,1.98052978515625,1.58333333333333,1.5,3,2327,0.827978518509875,0.41136207420404,0.6518534790948,1.1534287862434,-0.270049027141853,25.8703698148949,1.1311192233762,27.6083105464198,0.35732925208881,0.669267283598516,1.95262594949783,0.923851726063804,-1.73794073152497,0.470649266421065,-0.257905209394476,-1.30077247040303,0.229577060179597
18,18,528,24.6635640117153,1.968994140625,1.6,1.5,1,528,1.27297394179187,1.22198363789122,1.57182288087003,1.74706011866073,0.406366377020173,31.8893167632229,1.29297277344326,31.4353206775929,1.07835396276756,1.5840877272969,1.30470501342296,1.70669105694242,0.453996085630056,0.194619979024307,-0.362104089405686,0.26711786744707,0.0403690617183108
18,18,528,24.6635640117153,1.968994140625,1.6,1.5,2,1428,1.28162280333622,0.978436828747455,0.849627670992728,1.41962676145312,0.330309534208758,30.3573217686695,1.23085705513808,31.4353206775929,1.07835396276756,1.5840877272969,1.30470501342296,1.70669105694242,-1.07799890892342,0.203268840568658,-0.605650898549448,-0.455077342430228,-0.287064295489298
18,18,528,24.6635640117153,1.968994140625,1.6,1.5,3,2328,0.680465143174597,2.55184271525204,1.49266448840611,1.9533862907134,-0.266017467651796,32.0593235008862,1.29986580551205,31.4353206775929,1.07835396276756,1.5840877272969,1.30470501342296,1.70669105694242,0.624002823293367,-0.397888819592965,0.967754987955134,0.187959474983158,0.246695233770988
18,19,529,26.5163917189489,1.94976806640625,1.61666666666667,1.5,1,529,1.4675141505473,1.57578026590161,1.37025380965628,1.98462053401414,0.269747394831916,34.2503434858759,1.29166682438924,34.09987095703,1.43073218325788,1.39526359841713,1.52076974671122,1.57531630335896,0.150472528845931,0.0367819672894176,0.180516667484477,-0.150515937054936,0.409304230655181
18,19,529,26.5163917189489,1.94976806640625,1.61666666666667,1.5,2,1429,1.08660576625803,2.20676207798201,1.94653939502967,1.16660106049818,0.107777258700969,35.2302059867547,1.32861991028662,34.09987095703,1.43073218325788,1.39526359841713,1.52076974671122,1.57531630335896,1.13033502972475,-0.34412641699985,0.811498479564872,0.425769648318448,-0.408715242860779
18,19,529,26.5163917189489,1.94976806640625,1.61666666666667,1.5,3,2329,1.73807663296831,0.403248451367783,1.2455160354477,1.57472731556456,0.393632980699077,32.8190633984593,1.23768964293156,34.09987095703,1.43073218325788,1.39526359841713,1.52076974671122,1.57531630335896,-1.28080755857069,0.307344449710433,-0.99201514704935,-0.275253711263513,-0.000588987794402085
18,20,530,28.4320212316403,1.9228515625,1.63333333333333,1.5,1,530,0.852600767810191,1.60517495064156,1.41491743736384,1.82344435628496,-0.373341971370868,34.4422658876022,1.21138998901962,34.5772418098372,1.03909886781504,1.32631525938747,1.33201359050238,1.32107623879477,-0.134975922234922,-0.186498100004849,0.278859691254088,0.0829038468614605,0.50236811749019
18,20,530,28.4320212316403,1.9228515625,1.63333333333333,1.5,2,1430,0.777558888752767,1.09029082561456,1.84729030425062,1.07180376018408,0.487705953682785,34.9666013143768,1.2298317108551,34.5772418098372,1.03909886781504,1.32631525938747,1.33201359050238,1.32107623879477,0.389359504539627,-0.261539979062272,-0.23602443377291,0.515276713748236,-0.249272478610691
18,20,530,28.4320212316403,1.9228515625,1.63333333333333,1.5,3,2330,1.48713694688216,1.28348000190629,0.733833029892685,1.06798059991527,-0.165806820690961,34.3228582275325,1.20719022921018,34.5772418098372,1.03909886781504,1.32631525938747,1.33201359050238,1.32107623879477,-0.254383582304698,0.448038079067121,-0.0428352574811783,-0.598180560609696,-0.253095638879499
18,21,531,30.4125812241143,1.88824462890625,1.65,1.5,1,531,1.79979646401446,1.2883245946663,1.48791166879746,1.28152707534697,0.330544898267237,38.4991852130769,1.26589666721714,38.5366939793902,1.68691412564789,1.51596893051048,1.60063923417082,1.16863482387715,-0.0375087663133016,0.112882338366578,-0.227644335844188,-0.112727565373364,0.112892251469813
18,21,531,30.4125812241143,1.88824462890625,1.65,1.5,2,1431,2.07299058218069,1.99122348863497,1.18890395910157,0.99528762052486,-0.383364558678797,39.0124046929115,1.28277190303,38.5366939793902,1.68691412564789,1.51596893051048,1.60063923417082,1.16863482387715,0.475710713521288,0.386076456532801,0.475254558124484,-0.411735275069253,-0.173347203352294
18,21,531,30.4125812241143,1.88824462890625,1.65,1.5,3,2331,1.18795533074851,1.26835870823019,2.12510207461344,1.22908977575964,0.162315554901512,38.0984920321822,1.25272142313174,38.5366939793902,1.68691412564789,1.51596893051048,1.60063923417082,1.16863482387715,-0.438201947207986,-0.498958794899378,-0.247610222280296,0.524462840442617,0.0604549518824815
18,22,532,32.4602725223537,1.845947265625,1.66666666666667,1.5,1,532,2.35040548000708,1.92687248870735,1.21475238465229,1.45475343786189,-0.291382719749925,41.5411970963568,1.2797550318701,40.8643753653959,1.56732029374683,1.80532424616195,1.67839729959515,1.46405198403615,0.67682173096091,0.783085186260254,0.1215482425454,-0.463644914942857,-0.00929854617425807
18,22,532,32.4602725223537,1.845947265625,1.66666666666667,1.5,2,1432,0.861437489910795,0.715685521220395,2.38169757956831,1.71498552833458,-0.274312626710093,38.5414836460377,1.18734319373001,40.8643753653959,1.56732029374683,1.80532424616195,1.67839729959515,1.46405198403615,-2.32289171935821,-0.705882803836031,-1.08963872494156,0.703300279973167,0.250933544298434
18,22,532,32.4602725223537,1.845947265625,1.66666666666667,1.5,3,2332,1.4901179113226,2.77341472855811,1.43874193456484,1.22241698591197,0.519022964797342,42.5104453537932,1.30961455497697,40.8643753653959,1.56732029374683,1.80532424616195,1.67839729959515,1.46405198403615,1.64606998839731,-0.0772023824242225,0.96809048239616,-0.23965536503031,-0.241634998124177
18,23,533,34.5773705495876,1.79595947265625,1.68333333333333,1.5,1,533,2.18885365919427,2.07604577695868,1.59154881324644,1.39836401369699,-0.0923576643948799,44.2981056264311,1.28112996802064,43.2950525399554,1.95167546751103,1.87852825299041,1.25861636880903,1.50431499008048,1.00305308647568,0.237178191683241,0.197517523968272,0.332932444437415,-0.105950976383488
18,23,533,34.5773705495876,1.79595947265625,1.68333333333333,1.5,2,1433,2.02011906553305,1.97973348665246,1.27538882413319,1.95503160587654,0.442778050023737,43.893835176647,1.26943820420638,43.2950525399554,1.95167546751103,1.87852825299041,1.25861636880903,1.50431499008048,0.598782636691624,0.0684435980220168,0.101205233662056,0.0167724553241644,0.450716615796054
18,23,533,34.5773705495876,1.79595947265625,1.68333333333333,1.5,3,2333,1.64605367780577,1.57980549536008,0.908911469047448,1.15954935066792,0.136894117950574,41.6932168167881,1.20579489284749,43.2950525399554,1.95167546751103,1.87852825299041,1.25861636880903,1.50431499008048,-1.6018357231673,-0.305621789705257,-0.298722757630328,-0.349704899761579,-0.344765639412566
18,24,534,36.766227854774,1.73828125,1.7,1.5,1,534,0.609003966587556,2.03243111582644,1.05485266646941,2.24931886828521,1.28020399047923,44.1424639181571,1.20062531550746,45.9037171172048,1.57138325634784,2.10346272654469,1.76935651388457,2.00126888740311,-1.76125319904772,-0.96237928976028,-0.071031610718248,-0.714503847415152,0.248049980882096
18,24,534,36.766227854774,1.73828125,1.7,1.5,2,1434,2.08060292772706,1.99816241071756,1.83273200731617,1.61714504790438,0.0906152785719208,46.6194903005031,1.2679976440512,45.9037171172048,1.57138325634784,2.10346272654469,1.76935651388457,2.00126888740311,0.715773183298303,0.509219671379221,-0.105300315827124,0.0633754934316093,-0.384123839498732
18,24,534,36.766227854774,1.73828125,1.7,1.5,3,2334,2.0245428747289,2.27979465309006,2.42048486786811,2.13734274601975,-0.842633852837395,46.9491971329542,1.27696529865405,45.9037171172048,1.57138325634784,2.10346272654469,1.76935651388457,2.00126888740311,1.04548001574941,0.453159618381059,0.176331926545372,0.651128353983543,0.136073858616636
18,25,535,39.0292767267848,1.67291259765625,1.71666666666667,1.5,1,535,2.6302096424505,2.47088335291824,2.20576954628618,2.35507582255023,0.635535066898336,51.6152600476211,1.32247544347136,49.4865476020208,2.27493498923632,1.9745772522738,2.28060378251005,2.03472522604075,2.12871244560022,0.355274653214179,0.496306100644443,-0.0748342362238703,0.320350596509477
18,25,535,39.0292767267848,1.67291259765625,1.71666666666667,1.5,2,1435,2.05094712174423,1.92594072708158,2.52173843372419,1.68986248861154,0.2436645240703,49.7928024266908,1.27578081385555,49.4865476020208,2.27493498923632,1.9745772522738,2.28060378251005,2.03472522604075,0.306254824669956,-0.22398786749209,-0.0486365251922256,0.241134651214144,-0.344862737429207
18,25,535,39.0292767267848,1.67291259765625,1.71666666666667,1.5,3,2335,2.14364820351423,1.52690767682158,2.11430336751977,2.05923736696048,-1.35647904279296,47.0515803317506,1.20554579222987,49.4865476020208,2.27493498923632,1.9745772522738,2.28060378251005,2.03472522604075,-2.43496727027019,-0.131286785722089,-0.447669575452217,-0.166300414990273,0.0245121409197298
18,26,536,41.369031897199,1.599853515625,1.73333333333333,1.5,1,536,1.70188761324751,2.1121490800134,1.99578546806676,2.29487512419651,-0.240432139150523,50.5061072467579,1.22086751684845,51.8788095105075,1.89346812628019,2.5562774598376,2.1848889480942,2.28430004360273,-1.37270226374959,-0.191580513032682,-0.444128379824195,-0.189103480027441,0.0105750805937803
18,26,536,41.369031897199,1.599853515625,1.73333333333333,1.5,2,1436,2.27548969575534,2.88833927161276,2.2873164153665,1.57872700129495,-0.570379229037579,52.876532218196,1.27816701994847,51.8788095105075,1.89346812628019,2.5562774598376,2.1848889480942,2.28430004360273,0.997722707688496,0.382021569475151,0.332061811775163,0.102427467272298,-0.705573042307778
18,26,536,41.369031897199,1.599853515625,1.73333333333333,1.5,3,2336,1.70302706983772,2.66834402788663,2.27156496084934,2.97929800531673,0.12768623487426,52.2537890665686,1.26311365459114,51.8788095105075,1.89346812628019,2.5562774598376,2.1848889480942,2.28430004360273,0.374979556061085,-0.190441056442469,0.112066568049032,0.0866760127551434,0.694997961713997
18,27,537,43.7880933347085,1.51910400390625,1.75,1.5,1,537,2.38181263352963,1.86352626452432,2.24777753066466,2.21341843879068,-0.139228705665601,53.8999229961068,1.23092646633653,54.2136333278993,2.31225678066958,2.00220274297846,2.09332343150528,2.29513521801633,-0.313710331792471,0.0695558528600415,-0.138676478454132,0.154454099159385,-0.0817167792256446
18,27,537,43.7880933347085,1.51910400390625,1.75,1.5,2,1437,1.95172230643244,1.69660040566005,1.4857994494338,2.04286430154514,1.24987151437483,53.2005839033538,1.21495547880329,54.2136333278993,2.31225678066958,2.00220274297846,2.09332343150528,2.29513521801633,-1.0130494245455,-0.360534474237142,-0.30560233731841,-0.607523982071474,-0.25227091647119
18,27,537,43.7880933347085,1.51910400390625,1.75,1.5,3,2337,2.60323540204669,2.446481558751,2.54639331441737,2.62912291371316,-0.303218272271168,55.5403930842372,1.26839030554942,54.2136333278993,2.31225678066958,2.00220274297846,2.09332343150528,2.29513521801633,1.32675975633797,0.2909786213771,0.444278815772542,0.453069882912089,0.333987695696834
18,28,538,46.2891491342386,1.4306640625,1.76666666666667,1.5,1,538,2.77832261525454,1.55660042958053,2.00680606926485,2.0762418372826,0.0109668769834761,56.035165527054,1.21054645797338,57.1190765608218,2.30042278682067,2.35078828846766,2.3187213336766,2.15154947821421,-1.08391103376776,0.47789982843387,-0.794187858887139,-0.311915264411744,-0.0753076409316153
18,28,538,46.2891491342386,1.4306640625,1.76666666666667,1.5,2,1438,2.52709957643091,3.03940836189484,2.48697791316536,1.50423162917889,-0.0154350012952536,58.9892329883977,1.27436416723342,57.1190765608218,2.30042278682067,2.35078828846766,2.3187213336766,2.15154947821421,1.87015642757588,0.226676789610238,0.688620073427173,0.168256579488765,-0.647317849035318
18,28,538,46.2891491342386,1.4306640625,1.76666666666667,1.5,3,2338,1.59584616877656,2.45635607392763,2.46238001859958,2.87417496818115,-0.272570155343418,56.3328311670137,1.21697702853963,57.1190765608218,2.30042278682067,2.35078828846766,2.3187213336766,2.15154947821421,-0.786245393808109,-0.704576618044109,0.105567785459966,0.143658684922979,0.722625489966934
18,29,539,48.8749785039976,1.33453369140625,1.78333333333333,1.5,1,539,1.82405418254375,2.36688727723737,2.34881955870748,2.35799526311416,-0.444708210258263,58.6087103710957,1.19915572681637,59.8166207937299,2.22688812062414,2.40481371971927,2.58126222332163,2.09692372165355,-1.20791042263421,-0.402833938080392,-0.0379264424819064,-0.23244266461415,0.261071541460613
18,29,539,48.8749785039976,1.33453369140625,1.78333333333333,1.5,2,1439,2.14965990144772,2.83044805290022,2.39617634078345,1.6157160218302,-0.351956384642655,60.0337125550826,1.228311794555,59.8166207937299,2.22688812062414,2.40481371971927,2.58126222332163,2.09692372165355,0.217091761352684,-0.0772282191764155,0.425634333180949,-0.185085882538182,-0.481207699823348
18,29,539,48.8749785039976,1.33453369140625,1.78333333333333,1.5,3,2339,2.70695027788095,2.01710582902023,2.99879077047396,2.31705988001629,0.224586386756479,60.8074394550114,1.24414253092792,59.8166207937299,2.22688812062414,2.40481371971927,2.58126222332163,2.09692372165355,0.990818661281537,0.480062157256806,-0.387707890699042,0.417528547152332,0.220136158362735
18,30,540,51.5484548537714,1.230712890625,1.8,1.5,1,540,3.44569985886665,2.5399129296041,1.7883391815052,3.07173178204608,-1.34767620202856,61.6957979308199,1.19685057691513,64.2061452884861,2.86924807629451,2.91565922828824,2.58364563021046,2.48381021486632,-2.51034735766621,0.576451782572141,-0.375746298684144,-0.79530644870526,0.587921567179755
18,30,540,51.5484548537714,1.230712890625,1.8,1.5,2,1440,2.85231454028462,2.56422692002205,2.70402031470976,2.72968315265915,0.26614415280261,63.9966182075237,1.24148470383961,64.2061452884861,2.86924807629451,2.91565922828824,2.58364563021046,2.48381021486632,-0.209527080962403,-0.0169335360098835,-0.35143230826619,0.120374684499301,0.245872937792832
18,30,540,51.5484548537714,1.230712890625,1.8,1.5,3,2340,2.30972982973225,3.64283783523858,3.25857739441642,1.65001570989373,1.08997640297676,66.9260197271147,1.29831281882193,64.2061452884861,2.86924807629451,2.91565922828824,2.58364563021046,2.48381021486632,2.71987443862864,-0.559518246562257,0.727178606950334,0.674931764205958,-0.833794504972587
19,1,541,1.01685340540722,1.11683654785156,1.33333333333333,1.5,1,541,0.285506710505089,-0.482150000134403,-0.58597686281347,0.706740041475378,-0.796349493986491,-0.982463720696384,-0.966180292529908,0.710933746927865,0.455757653159307,0.0639860896241656,-0.482181202446801,0.155540471442246,-1.69339746762425,-0.170250942654217,-0.546136089758569,-0.103795660366668,0.551199570033132
19,1,541,1.01685340540722,1.11683654785156,1.33333333333333,1.5,2,1441,1.00064490944201,0.220698423653681,-0.137284444503795,0.201211533488558,-0.223115262305613,1.99963284750395,1.96649078113983,0.710933746927865,0.455757653159307,0.0639860896241656,-0.482181202446801,0.155540471442246,1.28869910057608,0.544887256282705,0.156712334029515,0.344896757943007,0.0456710620463123
19,1,541,1.01685340540722,1.11683654785156,1.33333333333333,1.5,3,2341,0.0811213395308195,0.453409845353219,-0.72328230002314,-0.441330160637199,0.488556421333862,1.11563211397603,1.09714154276668,0.710933746927865,0.455757653159307,0.0639860896241656,-0.482181202446801,0.155540471442246,0.404698367048165,-0.374636313628487,0.389423755729054,-0.241101097576338,-0.596870632079445
19,2,542,2.06817317241739,1.22613525390625,1.35,1.5,1,542,0.238880890999443,-0.555224525318214,0.0479601569844413,0.610858435927124,0.274580068287463,1.95804064894088,0.946748886918506,2.03862705386426,-0.218971566681925,0.0249950688886744,0.0374076408228578,0.685695861721348,-0.0805864049233798,0.457852457681369,-0.580219594206888,0.0105525161615835,-0.0748374257942236
19,2,542,2.06817317241739,1.22613525390625,1.35,1.5,2,1442,-0.256504840789631,0.363396695354106,-0.066373020828338,0.287004075345658,-0.13334750699062,2.01134204482253,0.97252109815909,2.03862705386426,-0.218971566681925,0.0249950688886744,0.0374076408228578,0.685695861721348,-0.0272850090417296,-0.0375332741077056,0.338401626465432,-0.103780661651196,-0.39869178637569
19,2,542,2.06817317241739,1.22613525390625,1.35,1.5,3,2342,-0.639290750255588,0.266813036630131,0.13063578631247,1.15922507389126,0.30603094287715,2.14649846782937,1.03787172972582,2.03862705386426,-0.218971566681925,0.0249950688886744,0.0374076408228578,0.685695861721348,0.10787141396511,-0.420319183573663,0.241817967741457,0.0932281454896123,0.473529212169914
19,3,543,3.15512754226943,1.32789611816406,1.36666666666667,1.5,1,543,-0.176975511168686,-0.143046316892073,-0.440585221232745,-0.136468188872277,-0.482235644187578,1.5815123388559,0.501251476419983,2.82462050689045,0.297785443765055,-0.158572202479308,-0.106209477032297,0.446230291659709,-1.24310816803454,-0.47476095493374,0.0155258855872346,-0.334375744200448,-0.582698480531986
19,3,543,3.15512754226943,1.32789611816406,1.36666666666667,1.5,2,1443,0.809357744006065,0.340389550536224,0.032071052540367,0.75643286174104,-0.432900533049127,4.31027564690204,1.36611772080749,2.82462050689045,0.297785443765055,-0.158572202479308,-0.106209477032297,0.446230291659709,1.48565514001159,0.51157230024101,0.498961753015532,0.138280529572664,0.310202570081331
19,3,543,3.15512754226943,1.32789611816406,1.36666666666667,1.5,3,2343,0.260974098457785,-0.673059841082074,0.0898857375954879,0.718726202110363,-0.134580656553886,2.5820735349134,0.818373742525843,2.82462050689045,0.297785443765055,-0.158572202479308,-0.106209477032297,0.446230291659709,-0.242546971977048,-0.0368113453072701,-0.514487638602767,0.196095214627784,0.272495910450655
19,4,544,4.27892435387168,1.422119140625,1.38333333333333,1.5,1,544,0.487165860217158,0.650150059906808,0.669779427049116,0.102599583015229,-0.988171395863663,5.88760424259331,1.37595427160708,5.50304815159486,0.282987814988011,0.389712619700499,0.411097588877167,0.163061235582857,0.384556090998443,0.204178045229148,0.260437440206309,0.258681838171949,-0.0604616525676277
19,4,544,4.27892435387168,1.422119140625,1.38333333333333,1.5,2,1444,0.487573364098526,0.170939873235424,0.403320295995419,-0.328684323519798,0.432514368576343,6.24627340462692,1.45977654383517,5.50304815159486,0.282987814988011,0.389712619700499,0.411097588877167,0.163061235582857,0.743225253032061,0.204585549110515,-0.218772746465075,-0.00777729288174805,-0.491745559102654
19,4,544,4.27892435387168,1.422119140625,1.38333333333333,1.5,3,2344,-0.125775779351652,0.348047925959265,0.160193043586966,0.715268447253139,-0.446545266021743,4.37526680756436,1.02251557768379,5.50304815159486,0.282987814988011,0.389712619700499,0.411097588877167,0.163061235582857,-1.1277813440305,-0.408763594339663,-0.0416646937412336,-0.250904545290201,0.552207211670282
19,5,545,5.44081238596938,1.50880432128906,1.4,1.5,1,545,0.419729368195392,-0.0543732943154492,0.703939878939846,0.48564266340796,-0.150672569712197,6.90321650713045,1.26878414792105,7.28953425945609,0.618435750309198,0.624417730050384,0.394560460785912,0.346124727273612,-0.386317752325637,-0.198706382113806,-0.678791024365833,0.309379418153933,0.139517936134348
19,5,545,5.44081238596938,1.50880432128906,1.4,1.5,2,1445,0.257145199835987,1.30554550443213,0.150471368094362,0.112225909805894,-0.570737964531178,7.311526968496,1.34383001100181,7.28953425945609,0.618435750309198,0.624417730050384,0.394560460785912,0.346124727273612,0.0219927090399077,-0.361290550473211,0.681127774381746,-0.24408909269155,-0.233898817467718
19,5,545,5.44081238596938,1.50880432128906,1.4,1.5,3,2345,1.17843268289622,0.62208098003447,0.329270135323529,0.440505608606982,-0.92979598256318,7.65385930274182,1.40674935281345,7.28953425945609,0.618435750309198,0.624417730050384,0.394560460785912,0.346124727273612,0.364325043285731,0.559996932587018,-0.0023367500159136,-0.0652903254623831,0.0943808813333699
19,6,546,6.6420827448051,1.58795166015625,1.41666666666667,1.5,1,546,-0.237302007572865,-0.105806117888502,-0.252825942188569,-0.495847838110552,-0.716560329122389,5.01956738517407,0.755721898993199,7.12210374709182,0.0220770047212235,-0.218979266325434,0.909603115806539,-0.068209055741825,-2.10253636191776,-0.259379012294089,0.113173148436932,-1.16242905799511,-0.427638782368727
19,6,546,6.6420827448051,1.58795166015625,1.41666666666667,1.5,2,1446,0.0536824321446951,-0.278651677561947,1.02084670353451,0.591614041998934,-1.06482707894655,6.79901428519295,1.02362685717979,7.12210374709182,0.0220770047212235,-0.218979266325434,0.909603115806539,-0.068209055741825,-0.323089461898878,0.0316054274234716,-0.0596724112365133,0.111243587727973,0.659823097740759
19,6,546,6.6420827448051,1.58795166015625,1.41666666666667,1.5,3,2346,0.24985058959184,-0.272480003525852,1.96078858607367,-0.300393371113857,-0.0462733732122382,9.54772957090846,1.43746019701063,7.12210374709182,0.0220770047212235,-0.218979266325434,0.909603115806539,-0.068209055741825,2.42562582381664,0.227773584870617,-0.0535007372004184,1.05118547026714,-0.232184315372032
19,7,547,7.88407029881404,1.65956115722656,1.43333333333333,1.5,1,547,1.03931661666974,0.122260190464491,-0.262903538704129,0.527514096254107,-0.0847692957693911,9.30499478840612,1.18022727293614,8.7604160381301,0.459425530821225,0.175281589626547,-0.00177377497074535,0.214407595833913,0.544578750276013,0.57989108584851,-0.0530213991620557,-0.261129763733383,0.313106500420193
19,7,547,7.88407029881404,1.65956115722656,1.43333333333333,1.5,2,1447,-0.257325644201674,-0.30501690154786,0.173220872929721,0.453559796028932,0.149972007534315,7.42963507964894,0.942360328873087,8.7604160381301,0.459425530821225,0.175281589626547,-0.00177377497074535,0.214407595833913,-1.33078095848117,-0.716751175022899,-0.480298491174407,0.174994647900466,0.239152200195019
19,7,547,7.88407029881404,1.65956115722656,1.43333333333333,1.5,3,2347,0.596285619995614,0.70860147996301,0.084361340862172,-0.337851104781299,-0.469228638609838,9.54661824633525,1.2108743180247,8.7604160381301,0.459425530821225,0.175281589626547,-0.00177377497074535,0.214407595833913,0.786202208205152,0.136860089174389,0.533319890336463,0.0861351158329173,-0.552258700615213
19,8,548,9.16815516194857,1.7236328125,1.45,1.5,1,548,-0.656514117004736,0.529116576164287,0.413210531438603,0.333843760904568,-0.100274367724581,9.32332635288128,1.01692501797709,10.3411662600798,-0.0793950367177921,0.765534990913721,0.0705780667186605,0.578995811002698,-1.01783990719855,-0.577119080286944,-0.236418414749433,0.342632464719943,-0.24515205009813
19,8,548,9.16815516194857,1.7236328125,1.45,1.5,2,1448,0.440263558786572,0.615728110935496,-0.376420912538977,0.538170576886728,0.0204631489260288,10.2756454189952,1.12079750369443,10.3411662600798,-0.0793950367177921,0.765534990913721,0.0705780667186605,0.578995811002698,-0.0655208410846679,0.519658595504364,-0.149806879978225,-0.446998979257637,-0.0408252341159701
19,8,548,9.16815516194857,1.7236328125,1.45,1.5,3,2348,-0.0219345519352117,1.15176028564138,0.174944581256355,0.864973095216798,0.361709673792958,11.424527008363,1.24610969235984,10.3411662600798,-0.0793950367177921,0.765534990913721,0.0705780667186605,0.578995811002698,1.08336074828322,0.0574604847825804,0.386225294727658,0.104366514537695,0.2859772842141
19,9,549,10.4957642272801,1.78016662597656,1.46666666666667,1.5,1,549,1.16693945066439,0.808378834083737,0.378528102686426,0.33332285641532,-0.082341085949001,14.2441842499584,1.35713645443136,14.421551616968,1.17999968367277,0.605935751288893,0.513068930357499,0.157494791343098,-0.177367367009609,-0.0130602330083744,0.202443082794844,-0.134540827671073,0.175828065072221
19,9,549,10.4957642272801,1.78016662597656,1.46666666666667,1.5,2,1449,0.73753988797376,0.459310551805954,0.749538067003167,-0.160944635780203,-0.0703999667469894,13.5362707309173,1.28968891047823,14.421551616968,1.17999968367277,0.605935751288893,0.513068930357499,0.157494791343098,-0.885280886050701,-0.442459795699008,-0.146625199482939,0.236469136645668,-0.318439427123302
19,9,549,10.4957642272801,1.78016662597656,1.46666666666667,1.5,3,2349,1.63551971238015,0.550117867976989,0.411140621382904,0.300106153394179,0.653387562868347,15.4841998700283,1.47528084041584,14.421551616968,1.17999968367277,0.605935751288893,0.513068930357499,0.157494791343098,1.06264825306031,0.455520028707382,-0.0558178833119044,-0.101928308974595,0.14261136205108
19,10,550,11.8683727525827,1.82916259765625,1.48333333333333,1.5,1,550,-0.113175369625567,0.659880031087622,1.0472354913508,0.158981541840162,0.385957523558905,14.5969894061861,1.22990655168036,13.7549926194854,0.181478744062623,0.435894728189838,0.661592115273443,0.381965162036028,0.841996786700665,-0.29465411368819,0.223985302897784,0.385643376077358,-0.222983620195866
19,10,550,11.8683727525827,1.82916259765625,1.48333333333333,1.5,2,1450,0.490416573252121,0.0933923158737323,-0.183824229283673,0.371033788291768,-0.689479120673955,11.9387408762595,1.00592904563614,13.7549926194854,0.181478744062623,0.435894728189838,0.661592115273443,0.381965162036028,-1.81625174322597,0.308937829189498,-0.342502412316106,-0.845416344557115,-0.0109313737442601
19,10,550,11.8683727525827,1.82916259765625,1.48333333333333,1.5,3,2350,0.167195028561314,0.55441183760816,1.1213650837532,0.615880155976154,0.0506227459210475,14.7292475760107,1.24105030091893,13.7549926194854,0.181478744062623,0.435894728189838,0.661592115273443,0.381965162036028,0.974254956525307,-0.0142837155013086,0.118517109418321,0.459772968479758,0.233914993940126
19,11,551,13.2875059996601,1.87062072753906,1.5,1.5,1,551,0.315164846667122,1.17071358222844,0.0949243650572515,1.63976622554914,0.0194986732278341,15.7950154885837,1.18871182364755,15.7221222078748,0.31428262909142,0.581704686177713,0.50704197137716,0.834867266342323,0.0728932807089127,0.000882217575702227,0.589008896050726,-0.412117606319909,0.804898959206817
19,11,551,13.2875059996601,1.87062072753906,1.5,1.5,2,1451,0.381562390146674,0.193457832229525,0.909313980099202,0.777199906519542,0.654541131487731,16.3099633654986,1.22746611485375,15.7221222078748,0.31428262909142,0.581704686177713,0.50704197137716,0.834867266342323,0.587841157623888,0.0672797610552542,-0.388246853948189,0.402272008722042,-0.0576673598227808
19,11,551,13.2875059996601,1.87062072753906,1.5,1.5,3,2351,0.246120650460463,0.380942644075177,0.516887568975027,0.0876356669582868,-0.0332619399201993,15.061387769542,1.13349997884684,15.7221222078748,0.31428262909142,0.581704686177713,0.50704197137716,0.834867266342323,-0.660734438332803,-0.0681619786309565,-0.200762042102537,0.00984559759786663,-0.747231599384036
19,12,552,14.7547409292381,1.904541015625,1.51666666666667,1.5,1,552,1.14936209515467,-0.167203567012247,0.809473891083437,0.836272591057613,0.0672299843963935,17.9715969256512,1.21802185560836,18.0109450357128,1.17741826418424,0.176754418468308,0.592386183278496,0.752525687991295,-0.0393481100616526,-0.0280561690295698,-0.343957985480556,0.217087707804941,0.0837469030663184
19,12,552,14.7547409292381,1.904541015625,1.51666666666667,1.5,2,1452,1.85139226164805,0.227267708411501,-0.325117822851176,0.59560484267608,-0.177483329731087,17.9603227213071,1.21725774837001,18.0109450357128,1.17741826418424,0.176754418468308,0.592386183278496,0.752525687991295,-0.050622314405679,0.67397399746381,0.0505132899431931,-0.917504006129673,-0.156920845315215
19,12,552,14.7547409292381,1.904541015625,1.51666666666667,1.5,3,2352,0.53150043575,0.470199114005671,1.29280248160323,0.825699630240191,-0.318428894079827,18.1009154601802,1.22678639679205,18.0109450357128,1.17741826418424,0.176754418468308,0.592386183278496,0.752525687991295,0.0899704244673352,-0.64591782843424,0.293444695537363,0.700416298324732,0.0731739422488962
19,13,553,16.2717079533052,1.93092346191406,1.53333333333333,1.5,1,553,0.239840784526161,-0.498426459752408,0.277807681233254,1.37520967433145,0.0214819288680865,16.408761697035,1.00842282470427,19.3411286653634,0.834670825261151,0.321282435123242,0.655528873937289,0.855998263182825,-2.93236696832845,-0.59483004073499,-0.819708894875649,-0.377721192704035,0.519211411148626
19,13,553,16.2717079533052,1.93092346191406,1.53333333333333,1.5,2,1453,0.858922496221779,0.670322838383134,0.385699939949459,1.42706857269291,-0.150070606905776,19.3865292084316,1.19142558753297,19.3411286653634,0.834670825261151,0.321282435123242,0.655528873937289,0.855998263182825,0.0454005430681477,0.0242516709606279,0.349040403259893,-0.26982893398783,0.57107030951009
19,13,553,16.2717079533052,1.93092346191406,1.53333333333333,1.5,3,2353,1.40524919503551,0.791950926738998,1.30307900062915,-0.234283457475891,0.0740152415116838,22.2280950906237,1.36605789351748,19.3411286653634,0.834670825261151,0.321282435123242,0.655528873937289,0.855998263182825,2.8869664252603,0.570578369774362,0.470668491615756,0.647550126691865,-1.09028172065872
19,14,554,17.8400927468495,1.94976806640625,1.55,1.5,1,554,0.906939614936431,0.795982639750155,1.22411005860124,0.998521324488425,-0.299565068926964,22.3787877567989,1.25440983263672,23.2635036785254,0.906577174294329,0.690862789521482,1.78833571746618,1.0888181235204,-0.884715921726496,0.000362440642101558,0.105119850228673,-0.564225658864935,-0.0902967990319772
19,14,554,17.8400927468495,1.94976806640625,1.55,1.5,2,1454,1.2218332655296,1.25775246624402,2.26551405591738,1.0676616976061,-0.156353447860523,25.4138181891457,1.42453397242757,23.2635036785254,0.906577174294329,0.690862789521482,1.78833571746618,1.0888181235204,2.15031451062027,0.315256091235269,0.566889676722535,0.477178338451198,-0.0211564259143024
19,14,554,17.8400927468495,1.94976806640625,1.55,1.5,3,2354,0.590958642416959,0.0188532625702741,1.87538303787992,1.20027134846668,0.163282939427015,21.9979050896317,1.23306001834079,23.2635036785254,0.906577174294329,0.690862789521482,1.78833571746618,1.0888181235204,-1.26559858889378,-0.31561853187737,-0.672009526951208,0.087047320413737,0.111453224946279
19,15,555,19.4616381210038,1.96107482910156,1.56666666666667,1.5,1,555,0.947146268637954,1.29975486751181,0.918475812649763,-0.0886647705229309,0.359374138006694,25.092433310657,1.28932791549424,25.7043174206118,1.31612856654335,1.3274497412735,1.07953603603723,0.611170298130783,-0.611884109954765,-0.3689822979054,-0.0276948737616862,-0.161060223387472,-0.699835068653713
19,15,555,19.4616381210038,1.96107482910156,1.56666666666667,1.5,2,1455,0.802144698529184,1.29279505700086,1.38449133845929,1.02594150790749,-0.62313206117506,24.5136877677352,1.25959015450395,25.7043174206118,1.31612856654335,1.3274497412735,1.07953603603723,0.611170298130783,-1.19062965287657,-0.513983868014171,-0.0346546842726403,0.304955302422052,0.414771209776707
19,15,555,19.4616381210038,1.96107482910156,1.56666666666667,1.5,3,2355,2.19909473246293,1.38979929930782,0.935640957002653,0.896234157007789,0.151790064710187,27.5068311834432,1.41338724995388,25.7043174206118,1.31612856654335,1.3274497412735,1.07953603603723,0.611170298130783,1.80251376283134,0.882966165919572,0.0623495580343265,-0.143895079034581,0.285063858877006
19,16,556,21.1381459596826,1.96484375,1.58333333333333,1.5,1,556,0.91155691640556,0.835955791774544,0.998705048889248,1.37261435671301,-0.517949904753283,25.2329172085416,1.19371477785559,25.5159645040847,0.978017955227481,0.452828883701052,0.962097220043332,0.987169287666511,-0.283047295543078,-0.0664610388219212,0.383126908073493,0.0366078288459164,0.385445069046498
19,16,556,21.1381459596826,1.96484375,1.58333333333333,1.5,2,1456,0.750143060184745,0.830868796429905,0.420256487182742,0.422236258853526,0.378200212263921,24.9361870671445,1.17967711618162,25.5159645040847,0.978017955227481,0.452828883701052,0.962097220043332,0.987169287666511,-0.579777436940176,-0.227874895042736,0.378039912728853,-0.54184073286059,-0.564933028812985
19,16,556,21.1381459596826,1.96484375,1.58333333333333,1.5,3,2356,1.27235388909214,-0.308337937101294,1.467330124058,1.166657247433,1.02787323777118,26.378789236568,1.24792350695662,25.5159645040847,0.978017955227481,0.452828883701052,0.962097220043332,0.987169287666511,0.862824732483258,0.294335933864657,-0.761166820802345,0.505232904014673,0.179487959766487
19,17,557,22.8714792218598,1.96107482910156,1.6,1.5,1,557,1.11247951107134,0.604145440631344,0.828518403252055,0.867965245694195,-0.411542417869425,26.8510026809318,1.17399501888223,27.7314569907917,0.918445223505574,0.968093990309017,1.13756765182865,1.2650392531489,-0.880454309859925,0.194034287565763,-0.363948549677673,-0.309049248576597,-0.397074007454705
19,17,557,22.8714792218598,1.96107482910156,1.6,1.5,2,1457,0.664096335306509,1.0662728762204,1.82177658599086,1.4639364404307,-0.278826743482682,28.3336965665842,1.23882221572726,27.7314569907917,0.918445223505574,0.968093990309017,1.13756765182865,1.2650392531489,0.602239575792485,-0.254348888199065,0.0981788859113786,0.684208934162206,0.198897187281799
19,17,557,22.8714792218598,1.96107482910156,1.6,1.5,3,2357,0.978759824138875,1.23386365407531,0.762407966243043,1.46321607332181,0.100977452259694,28.0096717248591,1.22465501479627,27.7314569907917,0.918445223505574,0.968093990309017,1.13756765182865,1.2650392531489,0.278214734067436,0.0603146006333014,0.265769663766295,-0.375159685585609,0.198176820172906
19,18,558,24.6635640117153,1.94976806640625,1.61666666666667,1.5,1,558,0.697313984484109,1.87199737725503,0.626528076447615,1.78100849730629,0.3965829573482,30.3859353828361,1.23201721245164,30.4818490791601,0.869273652137847,1.79609563189613,0.908360776996819,1.29632119066068,-0.0959136963239366,-0.171959667653737,0.0759017453589055,-0.281832700549203,0.484687306645609
19,18,558,24.6635640117153,1.94976806640625,1.61666666666667,1.5,2,1458,0.825225761379658,2.10174318771725,0.798574206812434,0.493805438908768,-0.186103899282138,30.6821384132418,1.24402695403907,30.4818490791601,0.869273652137847,1.79609563189613,0.908360776996819,1.29632119066068,0.200289334081756,-0.0440478907581888,0.305647555821124,-0.109786570184385,-0.802515751751914
19,18,558,24.6635640117153,1.94976806640625,1.61666666666667,1.5,3,2358,1.08528121054977,1.4145463307161,1.29998004773041,1.61414963576699,-0.638957190633634,30.3774734414023,1.23167411761629,30.4818490791601,0.869273652137847,1.79609563189613,0.908360776996819,1.29632119066068,-0.104375637757816,0.216007558411926,-0.381549301180029,0.391619270733588,0.317828445106306
19,19,559,26.5163917189489,1.93092346191406,1.63333333333333,1.5,1,559,0.741624077630083,1.56911742865205,1.77739678080553,1.51712203336975,-1.11736199917929,32.0600360225259,1.20906480649158,31.7689379742025,1.16769833326706,1.3226712172344,1.06120557982874,1.51436574339828,0.291098048323359,-0.426074255636981,0.246446211417652,0.716191200976791,0.00275628997147082
19,19,559,26.5163917189489,1.93092346191406,1.63333333333333,1.5,2,1459,1.41609493638973,1.10006568370233,0.491548525458203,1.73608927252943,-0.852256551050805,30.9326028431052,1.16654645816687,31.7689379742025,1.16769833326706,1.3226712172344,1.06120557982874,1.51436574339828,-0.836335131097353,0.248396603122665,-0.222605533532062,-0.569657054370537,0.221723529131158
19,19,559,26.5163917189489,1.93092346191406,1.63333333333333,1.5,3,2359,1.34537598578138,1.29883053934881,0.914671433222485,1.28988592429565,-0.293465082116847,32.3141750569765,1.21864903036126,31.7689379742025,1.16769833326706,1.3226712172344,1.06120557982874,1.51436574339828,0.545237082773998,0.177677652514316,-0.0238406778855897,-0.146534146606254,-0.224479819102629
19,20,560,28.4320212316403,1.904541015625,1.65,1.5,1,560,1.32332906928822,1.89622602704538,0.899056258874977,1.59642093607358,0.10439113980627,35.5341041940122,1.24979170156459,35.3389052636616,1.49498787386252,1.51483418248448,0.918053055654288,1.32924070938719,0.195198930350521,-0.171658804574302,0.3813918445609,-0.0189967967793112,0.267180226686393
19,20,560,28.4320212316403,1.904541015625,1.65,1.5,2,1460,1.57955535744978,0.907597454429517,0.156238482253052,1.51096006821829,0.567752125227195,33.7399948447691,1.18668998485489,35.3389052636616,1.49498787386252,1.51483418248448,0.918053055654288,1.32924070938719,-1.59891041889257,0.0845674835872559,-0.607236728054961,-0.761814573401236,0.181719358831107
19,20,560,28.4320212316403,1.904541015625,1.65,1.5,3,2360,1.58207919484957,1.74067906597854,1.69886442583483,0.880341123869687,-0.122956293611407,36.7426167522037,1.29229703554509,35.3389052636616,1.49498787386252,1.51483418248448,0.918053055654288,1.32924070938719,1.40371148854206,0.0870913209870463,0.225844883494062,0.780811370180547,-0.4488995855175
19,21,561,30.4125812241143,1.87062072753906,1.66666666666667,1.5,1,561,0.904346056458339,1.5422589573819,1.09396383052583,1.35798883470668,-0.000254880071525374,36.3153921635472,1.19409108670962,38.0077514256227,1.45738752211544,1.35712913096504,1.60343856530198,1.49874869723661,-1.69235926207548,-0.5530414656571,0.185129826416857,-0.509474734776147,-0.140759862529934
19,21,561,30.4125812241143,1.87062072753906,1.66666666666667,1.5,2,1461,2.23350743911645,1.50958882359206,2.19835174139112,1.50582394858518,-0.291796634128965,40.1123388854494,1.31893898087296,38.0077514256227,1.45738752211544,1.35712913096504,1.60343856530198,1.49874869723661,2.10458745982668,0.776119917001012,0.15245969262702,0.594913176089139,0.00707525134856346
19,21,561,30.4125812241143,1.87062072753906,1.66666666666667,1.5,3,2361,1.23430907077153,1.01953961192117,1.51800012398899,1.63243330841798,0.89778499926374,37.5955232278715,1.23618324110095,38.0077514256227,1.45738752211544,1.35712913096504,1.60343856530198,1.49874869723661,-0.41222819775119,-0.223078451343911,-0.337589519043877,-0.0854384413129918,0.13368461118137
19,22,562,32.4602725223537,1.82916259765625,1.68333333333333,1.5,1,562,2.46092653599933,2.02382563165045,1.35613184725414,1.64567051328574,-0.566354933081105,41.8363232819951,1.28884695139835,41.033365086877,2.04855667128243,2.07172904072273,1.26307721248465,1.85712006306065,0.80295819511808,0.412369864716901,-0.0479034090722785,0.0930546347694923,-0.211449549774907
19,22,562,32.4602725223537,1.82916259765625,1.68333333333333,1.5,2,1462,1.65855631012977,1.99766043736549,0.512789297062213,1.83681639279392,-0.50653174760146,39.1194222918402,1.20514768521739,41.033365086877,2.04855667128243,2.07172904072273,1.26307721248465,1.85712006306065,-1.91394279503679,-0.390000361152661,-0.0740686033572393,-0.750287915422439,-0.0203036702667236
19,22,562,32.4602725223537,1.82916259765625,1.68333333333333,1.5,3,2362,2.02618716771819,2.19370105315225,1.9203104931376,2.08887328310228,-0.595344464445117,42.1443496867957,1.29833628654144,41.033365086877,2.04855667128243,2.07172904072273,1.26307721248465,1.85712006306065,1.1109845999187,-0.0223695035642399,0.121972012429517,0.657233280652947,0.23175322004163
19,23,563,34.5773705495876,1.78016662597656,1.7,1.5,1,563,1.80377781265017,1.29645012550939,1.05453845638902,1.80758271834719,-0.550083403376928,41.024085106917,1.18644316947363,42.6236331994992,1.62477472114583,1.64882764952515,1.65963477434549,1.3585634422294,-1.59954809258218,0.179003091504338,-0.352377524015764,-0.605096317956468,0.449019276117794
19,23,563,34.5773705495876,1.78016662597656,1.7,1.5,2,1463,1.22160432210227,1.44868130890649,1.52094770323912,1.48820715853682,0.317296980661689,41.8135065546042,1.20927375014359,42.6236331994992,1.62477472114583,1.64882764952515,1.65963477434549,1.3585634422294,-0.810126644894986,-0.403170399043558,-0.200146340618667,-0.138687071106368,0.129643716307424
19,23,563,34.5773705495876,1.78016662597656,1.7,1.5,3,2363,1.84894202868505,2.20135151415958,2.40341816340832,0.779900449804178,-0.182912324625567,45.0333079369764,1.30239249605154,42.6236331994992,1.62477472114583,1.64882764952515,1.65963477434549,1.3585634422294,2.40967473747716,0.224167307539221,0.552523864634431,0.743783389062836,-0.578662992425218
19,24,564,36.766227854774,1.7236328125,1.71666666666667,1.5,1,564,2.3908348840695,1.89761460090968,2.06778038971623,2.15629963042709,0.398333194235054,47.6447248205969,1.29588286861499,46.200056671973,2.17938945824118,1.69924093416569,1.6914525109452,1.94120765397196,1.44466814862385,0.211445425828319,0.19837366674399,0.376327878771027,0.215091976455129
19,24,564,36.766227854774,1.7236328125,1.71666666666667,1.5,2,1464,2.22669133818375,1.06758022697509,1.76124410121794,1.57830573478916,0.337251246373726,45.4160228964183,1.23526468572764,46.200056671973,2.17938945824118,1.69924093416569,1.6914525109452,1.94120765397196,-0.78403377555474,0.047301879942562,-0.631660707190599,0.0697915902727404,-0.362901919182797
19,24,564,36.766227854774,1.7236328125,1.71666666666667,1.5,3,2364,1.9206421524703,2.1325279746123,1.24533304190143,2.08901759669963,-0.0661266435418381,45.5394222989039,1.23862101053129,46.200056671973,2.17938945824118,1.69924093416569,1.6914525109452,1.94120765397196,-0.660634373069115,-0.258747305770881,0.433287040446609,-0.446119469043767,0.147809942727667
19,25,565,39.0292767267848,1.65956115722656,1.73333333333333,1.5,1,565,1.86833405389791,1.30131601406622,2.30012513653819,1.8289063321728,-0.410689943216998,47.4250035373291,1.21511356383355,48.0710072129789,1.90779977507337,1.90793939914276,1.7762068798864,2.12991260281904,-0.646003675649837,-0.0394657211754617,-0.606623385076546,0.523918256651793,-0.301006270646235
19,25,565,39.0292767267848,1.65956115722656,1.73333333333333,1.5,2,1465,1.62420970516601,2.73668946558575,1.79564432632431,2.15106716962107,0.667684838386406,49.8294984662235,1.27672103213808,48.0710072129789,1.90779977507337,1.90793939914276,1.7762068798864,2.12991260281904,1.75849125324459,-0.283590069907361,0.828750066442984,0.0194374464379179,0.0211545668020352
19,25,565,39.0292767267848,1.65956115722656,1.73333333333333,1.5,3,2365,2.23085556615619,1.68581271777633,1.23285117679668,2.40976430666323,-0.544350479050072,46.9585196353842,1.20316141044853,48.0710072129789,1.90779977507337,1.90793939914276,1.7762068798864,2.12991260281904,-1.11248757759476,0.323055791082823,-0.222126681366438,-0.543355703089711,0.279851703844199
19,26,566,41.369031897199,1.58795166015625,1.75,1.5,1,566,1.2568179781797,2.08937823665939,2.56298120865202,1.39005599791717,0.0631623909439425,50.9288442102396,1.23108619841036,50.1171312660835,1.33647305058267,2.07601904455694,2.10602780579797,1.72521179338666,0.811712944156092,-0.0796550724029659,0.0133591921024556,0.456953402854049,-0.335155795469494
19,26,566,41.369031897199,1.58795166015625,1.75,1.5,2,1466,1.5552997862745,2.27106523821797,1.86221484602335,1.47168348208732,-0.155514413914035,50.4509447968567,1.21953409309229,50.1171312660835,1.33647305058267,2.07601904455694,2.10602780579797,1.72521179338666,0.333813530773185,0.218826735691833,0.195046193661028,-0.243812959774624,-0.253528311299344
19,26,566,41.369031897199,1.58795166015625,1.75,1.5,3,2366,1.1973013872938,1.86761365879346,1.89288736271855,2.3138959001555,-0.406338778671719,48.9716047911543,1.1837744937529,50.1171312660835,1.33647305058267,2.07601904455694,2.10602780579797,1.72521179338666,-1.14552647492928,-0.139171663288867,-0.208405385763483,-0.213140443079425,0.588684106768838
19,27,567,43.7880933347085,1.50880432128906,1.76666666666667,1.5,1,567,2.46144806800236,2.44404925284597,2.46520919569809,1.71562024645604,-0.107754523444272,55.4098164331365,1.26540829283416,54.2754375063004,1.95150038338567,2.3565296783008,2.04953074669222,1.9233930617005,1.13437892683611,0.509947684616686,0.0875195745451633,0.415678449005871,-0.207772815244466
19,27,567,43.7880933347085,1.50880432128906,1.76666666666667,1.5,2,1467,1.53195577453012,2.30521655584081,1.79752770089586,1.78588129563703,0.47819214882854,53.3465477761677,1.21828889347604,54.2754375063004,1.95150038338567,2.3565296783008,2.04953074669222,1.9233930617005,-0.928889730132667,-0.419544608855554,-0.0513131224599892,-0.252003045796364,-0.137511766063473
19,27,567,43.7880933347085,1.50880432128906,1.76666666666667,1.5,3,2367,1.86109730762454,2.32032322621563,1.88585534348271,2.26867764300844,0.545802599933406,54.0699483095969,1.2348093783462,54.2754375063004,1.95150038338567,2.3565296783008,2.04953074669222,1.9233930617005,-0.205489196703439,-0.0904030757611316,-0.0362064520851741,-0.163675403209507,0.345284581307939
19,28,568,46.2891491342386,1.422119140625,1.78333333333333,1.5,1,568,2.53046910766368,1.84876544413234,1.71915038689088,2.35644729268621,-0.170505385069381,55.5929629243104,1.20099340696651,56.8422884670058,2.17153290867372,2.18208741786975,2.55337252162471,1.9202761400086,-1.24932554269544,0.358936198989956,-0.333321973737416,-0.834222134733826,0.436171152677616
19,28,568,46.2891491342386,1.422119140625,1.78333333333333,1.5,2,1468,2.667692899631,2.79313835761615,3.36465421856594,2.04609123125323,-0.319564302424308,59.7914400312867,1.29169451479636,56.8422884670058,2.17153290867372,2.18208741786975,2.55337252162471,1.9202761400086,2.94915156428088,0.496159990957272,0.611050939746397,0.811281696941233,0.125815091244635
19,28,568,46.2891491342386,1.422119140625,1.78333333333333,1.5,3,2368,1.3164367187265,1.90435845186077,2.5763129594173,1.35828989608634,-0.27939188888511,55.1424624454204,1.19126109416069,56.8422884670058,2.17153290867372,2.18208741786975,2.55337252162471,1.9202761400086,-1.69982602158543,-0.855096189947227,-0.277728966008981,0.022940437792593,-0.56198624392225
19,29,569,48.8749785039976,1.32789611816406,1.8,1.5,1,569,1.57476997254806,2.3606728147955,3.24809640929727,3.63661774397459,0.169281312250904,60.2567464303742,1.23287514950918,60.6583920325194,2.04157019571679,2.59911476518384,3.00933902128148,2.7250618025074,-0.401645602145202,-0.466800223168725,-0.238441950388341,0.238757388015787,0.911555941467191
19,29,569,48.8749785039976,1.32789611816406,1.8,1.5,2,1469,2.59966133616821,2.92776236700294,3.19239520610772,2.4179290522475,-0.332424850226092,62.0531989203774,1.26963122685163,60.6583920325194,2.04157019571679,2.59911476518384,3.00933902128148,2.7250618025074,1.39480688785794,0.558091140451424,0.3286476018191,0.183056184826238,-0.307132750259899
19,29,569,48.8749785039976,1.32789611816406,1.8,1.5,3,2369,1.95027927843409,2.50890911375308,2.58752544843946,2.1206386113001,-0.196840617774102,59.6652307468067,1.22077252150457,60.6583920325194,2.04157019571679,2.59911476518384,3.00933902128148,2.7250618025074,-0.993161285712745,-0.091290917282699,-0.0902056514307592,-0.421813572842024,-0.604423191207292
19,30,570,51.5484548537714,1.22613525390625,1.81666666666667,1.5,1,570,3.24233143764796,2.51023181930279,2.62748726145714,1.77241874504869,-0.148270190830496,63.8772069074087,1.23916821733281,62.5058916752252,2.62714371246526,2.33055751255362,2.31474738631154,2.62714639347379,1.37131523218351,0.6151877251827,0.179674306749166,0.312739875145598,-0.854727648425104
19,30,570,51.5484548537714,1.22613525390625,1.81666666666667,1.5,2,1470,3.02959702579521,1.90265442144092,2.24882699262156,3.25138510188063,-0.144006632936474,61.9488732938419,1.20176004246051,62.5058916752252,2.62714371246526,2.33055751255362,2.31474738631154,2.62714639347379,-0.55701838138323,0.402453313329952,-0.427903091112702,-0.0659203936899786,0.624238708406838
19,30,570,51.5484548537714,1.22613525390625,1.81666666666667,1.5,3,2370,1.60950267395261,2.57878629691716,2.06792790485592,2.85763533349206,0.382985037513798,61.6915948244249,1.19676903991452,62.5058916752252,2.62714371246526,2.33055751255362,2.31474738631154,2.62714639347379,-0.814296850800282,-1.01764103851265,0.248228784363536,-0.24681948145562,0.230488940018267
20,1,571,1.01685340540722,1.113525390625,1.35,1.5,1,571,-0.362038594578208,-0.64669847156507,0.591679205145617,0.18879644404009,0.0178324389409529,0.646022548004731,0.635315321332888,1.37602893307982,-0.0336419678526439,0.0238264222593105,0.34313373008182,0.0360776043209863,-0.730006385075093,-0.328396626725564,-0.670524893824381,0.248545475063797,0.152718839719104
20,1,571,1.01685340540722,1.113525390625,1.35,1.5,2,1471,0.346039548212628,0.537834001843077,0.0697848700260422,-0.37435661836613,0.15498589382288,2.38791632985249,2.34833882362442,1.37602893307982,-0.0336419678526439,0.0238264222593105,0.34313373008182,0.0360776043209863,1.01188739677266,0.379681516065272,0.514007579583766,-0.273348860055778,-0.410434222687117
20,1,571,1.01685340540722,1.113525390625,1.35,1.5,3,2371,-0.084926857192352,0.180343736499925,0.367937115073801,0.293792987288999,-0.623506989080901,1.09414792138226,1.07601343080921,1.37602893307982,-0.0336419678526439,0.0238264222593105,0.34313373008182,0.0360776043209863,-0.281881011697569,-0.051284889339708,0.156517314240615,0.0248033849919812,0.257715382968012
20,2,572,2.06817317241739,1.2197265625,1.36666666666667,1.5,1,572,-0.270502166990505,-0.321353553018357,0.79014969509478,0.412838518791918,-0.523145306587964,1.96113054105438,0.948242906933227,1.74864843151785,-0.00890922128653677,-0.106813797608903,-0.0144444964266021,-0.140830435768963,0.212482109536526,-0.261592945703968,-0.214539755409454,0.804594191521382,0.55366895456088
20,2,572,2.06817317241739,1.2197265625,1.36666666666667,1.5,2,1472,0.34740336868313,-0.0506804551301275,-0.436939349091687,-0.542779760520835,-0.501110841367288,1.26612713541952,0.612195899407982,1.74864843151785,-0.00890922128653677,-0.106813797608903,-0.0144444964266021,-0.140830435768963,-0.482521296098329,0.356312589969666,0.0561333424787753,-0.422494852665085,-0.401949324751872
20,2,572,2.06817317241739,1.2197265625,1.36666666666667,1.5,3,2372,-0.103628865552235,0.0515926153217759,-0.396543835282899,-0.292550065577972,0.601219170935989,2.01868761807966,0.976072818757293,1.74864843151785,-0.00890922128653677,-0.106813797608903,-0.0144444964266021,-0.140830435768963,0.270039186561802,-0.0947196442656982,0.158406412930679,-0.382099338856297,-0.151719629809009
20,3,573,3.15512754226943,1.318603515625,1.38333333333333,1.5,1,573,-0.909012599253475,1.23693921468311,-0.188605342549823,0.85993833171557,0.458680658864816,3.84337222516476,1.21813529680651,4.92061883231587,-0.0184292218049734,1.02366605457483,-0.0935981729200135,0.0975395024139612,-1.07724660715111,-0.890583377448502,0.213273160108281,-0.09500716962981,0.762398829301609
20,3,573,3.15512754226943,1.318603515625,1.38333333333333,1.5,2,1473,0.130577367052691,1.05715859095258,0.720479682393418,-0.633581574561617,1.07084937046084,6.94127892906152,2.19999947262632,4.92061883231587,-0.0184292218049734,1.02366605457483,-0.0935981729200135,0.0975395024139612,2.02066009674566,0.149006588857664,0.0334925363777481,0.814077855313431,-0.731121076975579
20,3,573,3.15512754226943,1.318603515625,1.38333333333333,1.5,3,2373,0.723147566785864,0.776900358088799,-0.812668858603635,0.0662617500879307,0.0128240024549981,3.97720534272132,1.26055295370424,4.92061883231587,-0.0184292218049734,1.02366605457483,-0.0935981729200135,0.0975395024139612,-0.943413489594549,0.741576788590837,-0.246765696486029,-0.719070685683621,-0.0312777523260305
20,4,574,4.27892435387168,1.41015625,1.4,1.5,1,574,0.395265778239523,1.28801046467282,1.25213373371005,0.330550302836487,-0.761460907144057,7.75626520543023,1.81266705460969,6.99029931278034,0.428067410122242,0.589465111397918,0.942490440309338,0.18863054584344,0.765965892649889,-0.0328016318827195,0.698545353274904,0.309643293400714,0.141919756993047
20,4,574,4.27892435387168,1.41015625,1.4,1.5,2,1474,0.380429058807699,0.70176137111626,0.381858794646088,0.754908732906952,0.0402654391404685,6.41090831950334,1.49825231514144,6.99029931278034,0.428067410122242,0.589465111397918,0.942490440309338,0.18863054584344,-0.579390993277002,-0.047638351314543,0.112296259718342,-0.560631645663251,0.566278187063512
20,4,574,4.27892435387168,1.41015625,1.4,1.5,3,2374,0.508507393319505,-0.221376501595328,1.19347879257187,-0.519567398213118,0.327434094050715,6.80372441340745,1.5900548480721,6.99029931278034,0.428067410122242,0.589465111397918,0.942490440309338,0.18863054584344,-0.186574899372887,0.0804399831972626,-0.810841612993247,0.250988352262536,-0.708197944056559
20,5,575,5.44081238596938,1.494384765625,1.41666666666667,1.5,1,575,0.153294468733716,0.373587515328753,-0.129406655152927,0.970059979746858,-0.344029113802415,5.66100318821688,1.04047020676826,6.14327810708576,0.265213645767874,0.12097681819079,0.110167044466244,0.108487170745483,-0.482274918868884,-0.111919177034158,0.252610697137963,-0.239573699619172,0.861572809001374
20,5,575,5.44081238596938,1.494384765625,1.41666666666667,1.5,2,1475,0.117324102778259,-0.577616767728899,0.623780572852743,-0.515461015939959,-0.0296620398671151,5.70385813626455,1.04834677831816,6.14327810708576,0.265213645767874,0.12097681819079,0.110167044466244,0.108487170745483,-0.439419970821208,-0.147889542989614,-0.698593585919689,0.513613528386499,-0.623948186685443
20,5,575,5.44081238596938,1.494384765625,1.41666666666667,1.5,3,2375,0.525022365791646,0.566959706972516,-0.163872784301082,-0.129137451570448,0.282191443995606,7.06497299677585,1.29851435697265,6.14327810708576,0.265213645767874,0.12097681819079,0.110167044466244,0.108487170745483,0.921694889690093,0.259808720023772,0.445982888781726,-0.274039828767327,-0.237624622315932
20,6,576,6.6420827448051,1.5712890625,1.43333333333333,1.5,1,576,-0.124192085672558,0.357110629939635,0.456926329647888,0.422027083939493,0.513261035292051,8.15745017828277,1.22814642510482,7.70901467533629,0.14066244754854,0.277842951038341,0.247162033322639,0.729844937035015,0.448435502946485,-0.264854533221098,0.0792676789012943,0.20976429632525,-0.307817853095523
20,6,576,6.6420827448051,1.5712890625,1.43333333333333,1.5,2,1476,-0.172789226200767,0.133820182674928,0.202751771543521,1.2363918778297,-0.184354378001735,6.68216313137227,1.00603431003604,7.70901467533629,0.14066244754854,0.277842951038341,0.247162033322639,0.729844937035015,-1.02685154396402,-0.313451673749307,-0.144022768363413,-0.0444102617791174,0.506546940794688
20,6,576,6.6420827448051,1.5712890625,1.43333333333333,1.5,3,2376,0.718968654518945,0.342598040500459,0.0818079987765064,0.53111584933585,-0.0981288011259922,8.28743071635382,1.24771566913038,7.70901467533629,0.14066244754854,0.277842951038341,0.247162033322639,0.729844937035015,0.57841604101753,0.578306206970405,0.0647550894621182,-0.165354034546132,-0.198729087699165
20,7,577,7.88407029881404,1.640869140625,1.45,1.5,1,577,0.121017170464422,0.500689786436253,1.30133354606452,0.0500598525919302,0.726674240416229,11.4873183891604,1.45702891447942,10.5770719427218,0.618149507675292,0.23862627141581,0.539285860747214,0.160123585055744,0.910246446438677,-0.49713233721087,0.262063515020443,0.762047685317302,-0.110063732463814
20,7,577,7.88407029881404,1.640869140625,1.45,1.5,2,1477,0.782999671114582,0.557759077138893,0.340994173999286,-0.224509763981152,0.309419080995583,10.7985313001114,1.36966451221722,10.5770719427218,0.618149507675292,0.23862627141581,0.539285860747214,0.160123585055744,0.22145935738963,0.16485016343929,0.319132805723083,-0.198291686747928,-0.384633349036896
20,7,577,7.88407029881404,1.640869140625,1.45,1.5,3,2377,0.950431681446872,-0.342570049327715,-0.0244701378221609,0.654820666556455,0.535193601979336,9.44536613889345,1.19803169947816,10.5770719427218,0.618149507675292,0.23862627141581,0.539285860747214,0.160123585055744,-1.13170580382831,0.33228217377158,-0.581196320743525,-0.563755998569374,0.494697081500711
20,8,578,9.16815516194857,1.703125,1.46666666666667,1.5,1,578,0.547646917917384,0.101498967747341,0.882679355691653,0.0231239239783341,0.234433881746775,11.808184387007,1.28795642944783,11.4681879274653,0.558946537034362,0.494709852865333,0.316908672370474,0.243518137956161,0.339996459541704,-0.0112996191169774,-0.393210885117991,0.565770683321179,-0.220394213977827
20,8,578,9.16815516194857,1.703125,1.46666666666667,1.5,2,1478,-0.218184262106908,0.421165989519665,0.681828544111379,-0.0357222657264381,0.300039118131202,10.7370521428082,1.17112461047465,11.4681879274653,0.558946537034362,0.494709852865333,0.316908672370474,0.243518137956161,-0.731135784657075,-0.777130799141269,-0.0735438633456673,0.364919871740905,-0.279240403682599
20,8,578,9.16815516194857,1.703125,1.46666666666667,1.5,3,2378,1.34737695529261,0.961464601328991,-0.61378188269161,0.743152755616587,-0.0930545442624329,11.8593272525806,1.29353474533257,11.4681879274653,0.558946537034362,0.494709852865333,0.316908672370474,0.243518137956161,0.391139325115372,0.788430418258247,0.466754748463659,-0.930690555062083,0.499634617660426
20,9,579,10.4957642272801,1.758056640625,1.48333333333333,1.5,1,579,0.0288191731201503,0.250284169700663,0.263184641106134,0.523970024587763,-0.726922200816401,10.5855395785267,1.00855348398674,12.222339517548,0.350725787101343,0.411574301678854,0.506540993330175,0.140966692331856,-1.63679993902126,-0.321906613981193,-0.161290131978192,-0.243356352224041,0.383003332255907
20,9,579,10.4957642272801,1.758056640625,1.48333333333333,1.5,2,1479,0.5331268138383,-0.108486709040634,0.96085515330741,0.0443368899191146,0.139573420274168,12.8529655611354,1.22458596466264,12.222339517548,0.350725787101343,0.411574301678854,0.506540993330175,0.140966692331856,0.630626043587441,0.182401026736958,-0.520061010719488,0.454314159977236,-0.096629802412741
20,9,579,10.4957642272801,1.758056640625,1.48333333333333,1.5,3,2379,0.490231374345578,1.09292544437653,0.29558318557698,-0.145406837511311,-0.193652858266572,13.2285134129818,1.26036686100464,12.222339517548,0.350725787101343,0.411574301678854,0.506540993330175,0.140966692331856,1.00617389543381,0.139505587244235,0.68135114269768,-0.210957807753195,-0.286373529843166
20,10,580,11.8683727525827,1.8056640625,1.5,1.5,1,580,0.16270372628073,0.383705106883381,1.0644085153203,0.464658200051995,-1.17723128395671,13.1571001733114,1.10858501393532,13.9402860731937,0.373799969465212,0.243352229937885,0.851171599652704,0.774024200292921,-0.783185899882216,-0.211096243184482,0.140352876945496,0.213236915667593,-0.309366000240926
20,10,580,11.8683727525827,1.8056640625,1.5,1.5,2,1480,0.279357993341105,0.341804744620361,0.695259550975407,1.1666841260384,-0.133455665606851,13.7949402195176,1.16232785294982,13.9402860731937,0.373799969465212,0.243352229937885,0.851171599652704,0.774024200292921,-0.145345853676028,-0.094441976124107,0.0984525146824766,-0.155912048677297,0.392659925745476
20,10,580,11.8683727525827,1.8056640625,1.5,1.5,3,2380,0.679338188773801,0.00454683830991187,0.793846732662408,0.690730274788372,0.576198163958047,14.8688178267519,1.25281014817438,13.9402860731937,0.373799969465212,0.243352229937885,0.851171599652704,0.774024200292921,0.928531753558243,0.305538219308589,-0.238805391627973,-0.057324866990296,-0.0832939255045493
20,11,581,13.2875059996601,1.845947265625,1.51666666666667,1.5,1,581,0.89220975590018,0.766669440996789,0.454100214605315,0.948344140832032,0.00239511035872547,16.7808055767065,1.26290107241613,15.7036436458957,0.804014008736006,0.0741592095401159,0.635507828521755,0.878087643796669,1.0771619308108,0.088195747164174,0.692510231456673,-0.18140761391644,0.0702564970353637
20,11,581,13.2875059996601,1.845947265625,1.51666666666667,1.5,2,1481,0.427938990497924,0.127867787806817,1.14704143433858,0.769383340792425,-0.936771072692281,15.0551826993467,1.1330329935303,15.7036436458957,0.804014008736006,0.0741592095401159,0.635507828521755,0.878087643796669,-0.648460946549013,-0.376075018238081,0.0537085782667015,0.511533605816826,-0.108704303004243
20,11,581,13.2875059996601,1.845947265625,1.51666666666667,1.5,3,2381,1.09189327980991,-0.672059600183258,0.305381836621368,0.916535449765548,0.533076886433591,15.2749426616339,1.14957183552915,15.7036436458957,0.804014008736006,0.0741592095401159,0.635507828521755,0.878087643796669,-0.428700984261786,0.287879271073907,-0.746218809723374,-0.330125991900387,0.0384478059688796
20,12,582,14.7547409292381,1.87890625,1.53333333333333,1.5,1,582,-0.291840793954143,0.5015935726502,0.392266300041269,0.932709932485214,-0.995272553756406,14.5686364785085,0.987386803223308,18.6266345489222,0.876666810729056,0.820313127664547,0.902105394981539,0.883065647120977,-4.05799807041373,-1.1685076046832,-0.318719555014347,-0.50983909494027,0.0496442853642369
20,12,582,14.7547409292381,1.87890625,1.53333333333333,1.5,2,1482,1.6436909925193,0.681548402075789,0.794059509230945,0.993637928069443,0.203259929360129,20.2824722845408,1.37464103109726,18.6266345489222,0.876666810729056,0.820313127664547,0.902105394981539,0.883065647120977,1.6558377356185,0.767024181790245,-0.138764725588758,-0.108045885750593,0.110572280948466
20,12,582,14.7547409292381,1.87890625,1.53333333333333,1.5,3,2382,1.27815023362201,1.27779740826765,1.5199903756724,0.722849080808274,-0.36674543076432,21.0287948837175,1.42522291543911,18.6266345489222,0.876666810729056,0.820313127664547,0.902105394981539,0.883065647120977,2.40216033479523,0.401483422892954,0.457484280603105,0.617884980690863,-0.160216566312703
20,13,583,16.2717079533052,1.904541015625,1.55,1.5,1,583,0.895576848102775,1.09982208331247,1.02590042222928,0.0164632356439567,-0.706398571729174,20.5145470839102,1.26074946420994,20.6799290451655,0.815634460563732,0.908728416332969,1.08900008334794,0.669324027864747,-0.16538196125531,0.0799423875390433,0.191093666979496,-0.0630996611186581,-0.652860792220791
20,13,583,16.2717079533052,1.904541015625,1.55,1.5,2,1483,0.187650424062479,0.787384464120171,1.6066982354691,0.627144433088485,-0.418814316692449,19.8407748384291,1.21934187212344,20.6799290451655,0.815634460563732,0.908728416332969,1.08900008334794,0.669324027864747,-0.839154206736392,-0.627984036501253,-0.121343952212797,0.517698152121163,-0.0421795947762629
20,13,583,16.2717079533052,1.904541015625,1.55,1.5,3,2383,1.36367610952594,0.83897870156627,0.634401592345434,1.3643644148618,0.563560801286018,21.6844652131572,1.33264837811648,20.6799290451655,0.815634460563732,0.908728416332969,1.08900008334794,0.669324027864747,1.0045361679917,0.54804164896221,-0.0697497147666989,-0.454598491002505,0.695040386997054
20,14,584,17.8400927468495,1.9228515625,1.56666666666667,1.5,1,584,1.28620277944417,1.36097326333597,1.27383769468379,1.34379911481611,0.283596398567945,24.6398141574822,1.38114832176719,24.2088356653392,1.21294929487814,1.34978710908733,1.15539705423345,1.06966414585646,0.430978492142977,0.0732534845660326,0.0111861542486353,0.118440640450342,0.27413496895965
20,14,584,17.8400927468495,1.9228515625,1.56666666666667,1.5,2,1484,1.43132340709803,1.27827369450775,0.965992741159056,0.326417537636564,0.284142392933076,24.3280754893645,1.36367427202198,24.2088356653392,1.21294929487814,1.34978710908733,1.15539705423345,1.06966414585646,0.119239824025325,0.218374112219887,-0.071513414579585,-0.189404313074391,-0.743246608219897
20,14,584,17.8400927468495,1.9228515625,1.56666666666667,1.5,3,2384,0.921321698092219,1.41011436941828,1.2263607268575,1.53877578511671,-0.00176053346189618,23.6586173491709,1.32614878660589,24.2088356653392,1.21294929487814,1.34978710908733,1.15539705423345,1.06966414585646,-0.550218316168305,-0.29162759678592,0.0603272603309499,0.0709636726240486,0.469111639260246
20,15,585,19.4616381210038,1.933837890625,1.58333333333333,1.5,1,585,0.42619318401083,0.578807315069526,0.407171559520605,0.992004201843985,0.916084663515691,22.7291135672934,1.16789313550966,23.7702957374561,0.847776948070079,0.992775368724053,0.603715801881511,0.854474915593198,-1.04118217016261,-0.421583764059248,-0.413968053654526,-0.196544242360906,0.137529286250787
20,15,585,19.4616381210038,1.933837890625,1.58333333333333,1.5,2,1485,1.13042102394275,0.938414426419251,1.02574689462555,0.0724788906759336,-0.357111118149647,24.3150211950826,1.24938204296589,23.7702957374561,0.847776948070079,0.992775368724053,0.603715801881511,0.854474915593198,0.544725457626551,0.282644075872676,-0.0543609423048016,0.42203109274404,-0.781996024917265
20,15,585,19.4616381210038,1.933837890625,1.58333333333333,1.5,3,2385,0.986716636256652,1.46110436468338,0.378228951498377,1.49894165425968,0.0162056391555415,24.2667524499921,1.24690184346827,23.7702957374561,0.847776948070079,0.992775368724053,0.603715801881511,0.854474915593198,0.496456712536062,0.138939688186573,0.468328995959328,-0.225486850383134,0.644466738666477
20,16,586,21.1381459596826,1.9375,1.6,1.5,1,586,0.787871848121455,1.79659502379441,-0.111714167126798,1.84996784683074,-0.32110694158656,25.0505215112122,1.18508603162225,25.8762119392055,1.05227211590307,0.924467538432238,0.899590444110945,1.62771085528594,-0.825690427993276,-0.264400267781617,0.872127485362177,-1.01130461123774,0.2222569915448
20,16,586,21.1381459596826,1.9375,1.6,1.5,2,1486,1.30204082143788,0.0800890357878662,1.36786609003593,1.65880950646556,0.0486725568101183,25.8894642003431,1.22477459705893,25.8762119392055,1.05227211590307,0.924467538432238,0.899590444110945,1.62771085528594,0.0132522611376018,0.249768705534811,-0.844378502644372,0.468275645924988,0.0310986511796238
20,16,586,21.1381459596826,1.9375,1.6,1.5,3,2386,1.06690367814988,0.896718555714433,1.4426194094237,1.37435521256152,-0.11530053331546,26.6886501060612,1.2625823549977,25.8762119392055,1.05227211590307,0.924467538432238,0.899590444110945,1.62771085528594,0.812438166855674,0.0146315622468058,-0.027748982717805,0.543028965312756,-0.253355642724424
20,17,587,22.8714792218598,1.933837890625,1.61666666666667,1.5,1,587,1.03140924518494,0.106768993264195,0.51272913064829,2.33671123376233,-0.145700509237904,25.6620605601176,1.12201140604805,28.0564057891069,1.13325943012084,1.00154673686576,0.89312589466901,1.42045572652412,-2.39434522898925,-0.101850184935894,-0.894777743601565,-0.38039676402072,0.916255507238213
20,17,587,22.8714792218598,1.933837890625,1.61666666666667,1.5,2,1487,2.25442710803315,1.70767995788282,0.971494930501313,1.54158023097671,-0.310527071308666,31.1386403747136,1.36146158596303,28.0564057891069,1.13325943012084,1.00154673686576,0.89312589466901,1.42045572652412,3.0822345856067,1.12116767791231,0.706133221017058,0.0783690358323027,0.121124504452589
20,17,587,22.8714792218598,1.933837890625,1.61666666666667,1.5,3,2387,0.113941937144422,1.19019125945027,1.19515362285743,0.38307571483332,0.559819004851182,27.3685164324894,1.19662205347574,28.0564057891069,1.13325943012084,1.00154673686576,0.89312589466901,1.42045572652412,-0.687889356617454,-1.01931749297642,0.188644522584506,0.302027728188417,-1.0373800116908
20,18,588,24.6635640117153,1.9228515625,1.63333333333333,1.5,1,588,1.96684530778956,0.976388479630764,1.74101469011406,1.69620465655016,-0.459367911710396,32.1924375585185,1.30526300023902,30.1545962547807,0.98654440848202,0.892119655894317,1.4012929419947,1.42735155671178,2.03784130373775,0.980300899307538,0.0842688237364473,0.339721748119358,0.268853099838385
20,18,588,24.6635640117153,1.9228515625,1.63333333333333,1.5,2,1488,-0.696614963698312,0.712004311084358,1.5147059807752,1.39412985164299,0.566219271879094,27.3252954581201,1.10792160634775,30.1545962547807,0.98654440848202,0.892119655894317,1.4012929419947,1.42735155671178,-2.82930079666064,-1.68315937218033,-0.180115344809958,0.1134130387805,-0.033221705068788
20,18,588,24.6635640117153,1.9228515625,1.63333333333333,1.5,3,2388,1.68940288135481,0.987966176967827,0.948158155094844,1.19172016194218,-0.00189455580646284,30.9460557477036,1.25472765140529,30.1545962547807,0.98654440848202,0.892119655894317,1.4012929419947,1.42735155671178,0.79145949292289,0.702858472872793,0.0958465210735107,-0.453134786899857,-0.235631394769597
20,19,589,26.5163917189489,1.904541015625,1.65,1.5,1,589,0.522791192539937,1.79515081533165,1.4469212416303,1.50403138573786,0.0346782329487985,32.6791279284402,1.23241232347187,33.7393252392638,1.44949813305919,1.43981148014909,1.13311622301935,1.14413994759807,-1.06019731082365,-0.926706940519256,0.355339335182561,0.313805018610958,0.359891438139783
20,19,589,26.5163917189489,1.904541015625,1.65,1.5,2,1489,1.49702183665993,0.891775011753694,1.22143929152884,0.863344996038813,0.677425495780997,33.3485444106218,1.25765770713029,33.7393252392638,1.44949813305919,1.43981148014909,1.13311622301935,1.14413994759807,-0.390780828641979,0.0475237036007374,-0.548036468395391,0.0883230685094916,-0.28079495155926
20,19,589,26.5163917189489,1.904541015625,1.65,1.5,3,2389,2.32868136997771,1.63250861336191,0.730988135898897,1.06504346101755,0.448721062440702,35.1903033787295,1.32711508231273,33.7393252392638,1.44949813305919,1.43981148014909,1.13311622301935,1.14413994759807,1.45097813946564,0.879183236918519,0.19269713321283,-0.402128087120449,-0.0790964865805222
20,20,590,28.4320212316403,1.87890625,1.66666666666667,1.5,1,590,1.14739121005414,1.74436329364281,1.72017276119529,1.50930543248994,0.054987226713066,36.1303802719834,1.27076369202257,35.8424412680035,1.40013283481553,1.63405086671737,1.23336598084767,1.20377421507876,0.287939003979943,-0.25274162476139,0.110312426925443,0.486806780347621,0.305531217411177
20,20,590,28.4320212316403,1.87890625,1.66666666666667,1.5,2,1490,1.27294358305176,1.19069262314669,0.530515558820793,0.408525963412913,0.454043730840141,34.0580676600494,1.19787711828761,35.8424412680035,1.40013283481553,1.63405086671737,1.23336598084767,1.20377421507876,-1.78437360795405,-0.127189251763776,-0.443358243570679,-0.702850422026878,-0.795248251665848
20,20,590,28.4320212316403,1.87890625,1.66666666666667,1.5,3,2390,1.7800637113407,1.96709668336261,1.44940962252693,1.69349124933343,0.109672901639673,37.3388758719776,1.31326842955595,35.8424412680035,1.40013283481553,1.63405086671737,1.23336598084767,1.20377421507876,1.4964346039741,0.379930876525166,0.333045816645236,0.216043641679257,0.489717034254671
20,21,591,30.4125812241143,1.845947265625,1.68333333333333,1.5,1,591,0.958034448803962,2.11159279885226,1.60671493192212,2.36861860544387,0.251807177484845,38.3974564153612,1.26255170951802,38.6218772004067,1.47294750875023,1.74133446853995,2.07744875975416,2.08079087214353,-0.224420785045474,-0.514913059946264,0.370258330312306,-0.470733827832037,0.287827733300335
20,21,591,30.4125812241143,1.845947265625,1.68333333333333,1.5,2,1491,1.7280042019047,1.15828169437169,2.77286480773964,2.49024341517661,-0.982869142921443,38.7285881098225,1.27343969340933,38.6218772004067,1.47294750875023,1.74133446853995,2.07744875975416,2.08079087214353,0.106710909415817,0.255056693154469,-0.58305277416826,0.695416047985482,0.409452543033071
20,21,591,30.4125812241143,1.845947265625,1.68333333333333,1.5,3,2391,1.73280387554202,1.95412891239591,1.85276653960072,1.38351059581013,-0.940258869266691,38.7395870760363,1.27380135183394,38.6218772004067,1.47294750875023,1.74133446853995,2.07744875975416,2.08079087214353,0.117709875629657,0.259856366791795,0.212794443855954,-0.224682220153445,-0.697280276333406
20,22,592,32.4602725223537,1.8056640625,1.7,1.5,1,592,1.81172860718107,1.20857331930629,0.493935757697506,0.899973279203131,-0.112527705426503,38.4145963332842,1.18343419041938,40.2874199156306,1.59615753944986,1.24536292286518,1.63635204415125,1.43624791833432,-1.87282358234648,0.215571067731208,-0.0367896035588915,-1.14241628645375,-0.536274639131187
20,22,592,32.4602725223537,1.8056640625,1.7,1.5,2,1492,1.0229082875342,1.02621106316055,0.970717847973502,1.89998850565461,1.01926809397599,38.5272049296968,1.18690331090613,40.2874199156306,1.59615753944986,1.24536292286518,1.63635204415125,1.43624791833432,-1.76021498593389,-0.573249251915664,-0.219151859704637,-0.66563419617775,0.463740587320295
20,22,592,32.4602725223537,1.8056640625,1.7,1.5,3,2392,1.95383572363432,1.50130438612871,3.44440252678275,1.50878197014521,0.213393764769237,43.920458483911,1.35305267242181,40.2874199156306,1.59615753944986,1.24536292286518,1.63635204415125,1.43624791833432,3.63303856828037,0.357678184184456,0.255941463263529,1.8080504826315,0.0725340518108915
20,23,593,34.5773705495876,1.758056640625,1.71666666666667,1.5,1,593,1.54963176181063,2.36578965662182,1.61707914646649,1.98261128962131,0.464162140206691,44.2527640627361,1.27981866056798,43.341311304716,1.46363433080862,2.11608858142222,1.32661663545193,1.72309052752664,0.911452758020054,0.0859974310020117,0.249701075199598,0.290462511014562,0.259520762094674
20,23,593,34.5773705495876,1.758056640625,1.71666666666667,1.5,2,1493,1.27903021591628,2.53080523974511,0.885408995630695,2.33698649414468,1.05855484709195,43.557195449673,1.25970236479397,43.341311304716,1.46363433080862,2.11608858142222,1.32661663545193,1.72309052752664,0.215884144956974,-0.184604114892345,0.414716658322891,-0.441207639821235,0.613895966618039
20,23,593,34.5773705495876,1.758056640625,1.71666666666667,1.5,3,2393,1.56224101469896,1.45167084789973,1.4773617642586,0.849673798813927,0.18201806005405,42.213974401739,1.22085554022102,43.341311304716,1.46363433080862,2.11608858142222,1.32661663545193,1.72309052752664,-1.12733690297703,0.0986066838903326,-0.664417733522489,0.150745128806673,-0.873416728712713
20,24,594,36.766227854774,1.703125,1.73333333333333,1.5,1,594,1.85105762463821,1.98482589698968,1.67832418820372,2.21689115448558,-0.192614638702497,45.6840469034545,1.24255463693218,46.2536927212053,1.87532783323508,1.74147260091924,1.9348106823937,2.15741623920572,-0.569645817750754,-0.0242702085968718,0.243353296070439,-0.256486494189983,0.0594749152798641
20,24,594,36.766227854774,1.703125,1.73333333333333,1.5,2,1494,1.90812178069619,1.45116282421026,2.29819762810557,2.29806698136028,0.54314318074242,46.5217862807208,1.26534020472486,46.2536927212053,1.87532783323508,1.74147260091924,1.9348106823937,2.15741623920572,0.26809355951552,0.0327939474611045,-0.290309776708983,0.363386945711873,0.14065074215456
20,24,594,36.766227854774,1.703125,1.73333333333333,1.5,3,2394,1.86680409437085,1.78842908155779,1.82791023087181,1.95729058177129,0.767807313766567,46.5552449794405,1.26625024365657,46.2536927212053,1.87532783323508,1.74147260091924,1.9348106823937,2.15741623920572,0.301552258235233,-0.00852373886423274,0.0469564806385439,-0.10690045152189,-0.200125657434423
20,25,595,39.0292767267848,1.640869140625,1.75,1.5,1,595,1.53317429553626,2.61796288880523,2.03474960229282,1.43181357986405,0.177335987227591,49.3559105616056,1.26458686147607,49.0780306244107,1.92179119992814,2.15004248382669,1.97453678460112,1.48037328882038,0.277879937194918,-0.388616904391876,0.467920404978535,0.0602128176916952,-0.0485597089563274
20,25,595,39.0292767267848,1.640869140625,1.75,1.5,2,1495,1.45519227010404,2.08326957257826,2.33275681201607,1.99131807670946,0.358872109249747,48.9207858957603,1.25343818790747,49.0780306244107,1.92179119992814,2.15004248382669,1.97453678460112,1.48037328882038,-0.157244728650412,-0.466598929824098,-0.0667729112484294,0.358220027414951,0.510944787889082
20,25,595,39.0292767267848,1.640869140625,1.75,1.5,3,2395,2.77700703414411,1.74889499009659,1.55610393949448,1.01798820988762,-0.0233085984548986,48.9573954158662,1.25437618940727,49.0780306244107,1.92179119992814,2.15004248382669,1.97453678460112,1.48037328882038,-0.120635208544506,0.855215834215974,-0.401147493730105,-0.418432845106646,-0.462385078932755
20,26,596,41.369031897199,1.5712890625,1.76666666666667,1.5,1,596,2.24061654985113,0.889272319909311,1.70079864556106,1.67813696632554,-0.307071434021754,48.7048624747296,1.17732661948097,50.1400119076568,2.20006612835134,1.69110854782959,1.7107469270267,2.18738698566915,-1.43514943292723,0.040550421499792,-0.801836227920284,-0.00994828146563642,-0.509250019343606
20,26,596,41.369031897199,1.5712890625,1.76666666666667,1.5,2,1496,1.88040253720211,2.0460905367019,1.44149204206947,2.63551640744226,-0.905637478089924,49.1950483701896,1.18917572188873,50.1400119076568,2.20006612835134,1.69110854782959,1.7107469270267,2.18738698566915,-0.944963537467174,-0.319663591149223,0.354981988872307,-0.269254884957224,0.448129421773105
20,26,596,41.369031897199,1.5712890625,1.76666666666667,1.5,3,2396,2.47917929800077,2.13796278687757,1.98995009344956,2.24850758323965,0.493592935602399,52.5201248780512,1.26955170255283,50.1400119076568,2.20006612835134,1.69110854782959,1.7107469270267,2.18738698566915,2.38011297039439,0.279113169649432,0.446854239047976,0.279203166422861,0.0611205975705009
20,27,597,43.7880933347085,1.494384765625,1.78333333333333,1.5,1,597,2.8207889987192,2.71455848371206,1.44158602424201,2.04614037219057,-0.12368703631402,54.8830920707726,1.25337935249329,54.0897675102873,2.62174114491428,2.24964200541745,1.77126740257005,1.71429618451248,0.793324560485303,0.199047853804922,0.464916478294603,-0.329681378328035,0.331844187678085
20,27,597,43.7880933347085,1.494384765625,1.78333333333333,1.5,2,1497,2.11190740890176,2.65221867405025,1.9801631757975,2.07514146390234,0.18343585807666,54.8275661834777,1.2521112934602,54.0897675102873,2.62174114491428,2.24964200541745,1.77126740257005,1.71429618451248,0.737798673190426,-0.509833736012524,0.402576668632791,0.20889577322745,0.360845279389856
20,27,597,43.7880933347085,1.494384765625,1.78333333333333,1.5,3,2397,2.93252702712188,1.38214885849006,1.89205300767063,1.02160671744454,-0.914684414691345,52.5586442766115,1.2002953377043,54.0897675102873,2.62174114491428,2.24964200541745,1.77126740257005,1.71429618451248,-1.53112323367572,0.310785882207603,-0.867493146927395,0.120785605100585,-0.692689467067942
20,28,598,46.2891491342386,1.41015625,1.8,1.5,1,598,2.47858185156871,2.36630561807919,2.1857070805901,2.07546722032825,0.969527066974024,58.2917746237665,1.25929674046763,58.4685419080117,2.58942808438752,2.61694163595276,2.46519241205321,1.89280530682747,-0.176767284245152,-0.110846232818813,-0.250636017873569,-0.279485331463109,0.182661913500785
20,28,598,46.2891491342386,1.41015625,1.8,1.5,2,1498,2.07054862953817,2.00123224698112,2.32651120614933,1.90337741606369,-0.74323808432141,55.5576929945794,1.20023145885577,58.4685419080117,2.58942808438752,2.61694163595276,2.46519241205321,1.89280530682747,-2.91084891343227,-0.518879454849348,-0.615709388971641,-0.138681205903874,0.0105721092362281
20,28,598,46.2891491342386,1.41015625,1.8,1.5,3,2398,3.21915377205568,3.48328704279797,2.88335894942019,1.69957128409045,0.132544058908465,61.5561581056891,1.32981831070552,58.4685419080117,2.58942808438752,2.61694163595276,2.46519241205321,1.89280530682747,3.08761619767743,0.629725687668161,0.86634540684521,0.418166537366983,-0.193234022737013
20,29,599,48.8749785039976,1.318603515625,1.81666666666667,1.5,1,599,2.42451617423218,2.09270021757565,3.06173228548827,3.35457078395383,-0.681574786967474,59.7847164248906,1.22321724233599,58.9067632194009,2.42088793853261,1.77691704329156,2.41152095523095,2.9137659739029,0.877953205489696,0.0036282356995665,0.315783174284091,0.650211330257326,0.440804810050922
20,29,599,48.8749785039976,1.318603515625,1.81666666666667,1.5,2,1499,2.0057759434303,1.97530803558868,2.05698581378385,3.05660843534025,0.503958379227313,58.6977150791167,1.20097679581211,58.9067632194009,2.42088793853261,1.77691704329156,2.41152095523095,2.9137659739029,-0.209048140284125,-0.415111995102309,0.19839099229712,-0.354535141447099,0.142842461437342
20,29,599,48.8749785039976,1.318603515625,1.81666666666667,1.5,3,2399,2.83237169793535,1.26274287671035,2.11584476642072,2.33011870241464,0.160354329421813,58.2378581541953,1.1915679543354,58.9067632194009,2.42088793853261,1.77691704329156,2.41152095523095,2.9137659739029,-0.668905065205564,0.411483759402743,-0.51417416658121,-0.295676188810227,-0.583647271488264
20,30,600,51.5484548537714,1.2197265625,1.83333333333333,1.5,1,600,2.85384990799712,2.89792341464608,1.61490900930985,2.64243577392793,0.0535879265176601,62.8181824259439,1.21862396465891,63.026575711815,2.89445937833762,2.29149012026284,2.37163440973383,2.46209889901693,-0.208393285871139,-0.0406094703405002,0.606433294383242,-0.756725400423984,0.180336874911
20,30,600,51.5484548537714,1.2197265625,1.83333333333333,1.5,2,1500,3.10303301643222,2.09140219568765,2.7571212237003,2.39268359949598,-0.455474285538542,62.8477515570008,1.21919758284283,63.026575711815,2.89445937833762,2.29149012026284,2.37163440973383,2.46209889901693,-0.178824154814173,0.208573638094602,-0.200087924575191,0.385486813966468,-0.0694152995209567
20,30,600,51.5484548537714,1.2197265625,1.83333333333333,1.5,3,2400,2.72649521058351,1.88514475045479,2.74287299619135,2.35117732362689,0.96935146439708,63.4137931525003,1.23017835029949,63.026575711815,2.89445937833762,2.29149012026284,2.37163440973383,2.46209889901693,0.387217440685312,-0.167964167754102,-0.40634536980805,0.371238586457516,-0.110921575390043
21,1,601,1.01685340540722,1.10926818847656,1.36666666666667,1.5,1,601,0.494941311043262,0.979224496306328,-0.835974239802036,-0.826906708512545,-0.628203660543532,1.02198451494913,1.00504606614347,1.34725031982633,0.0171689169323742,0.339949672685743,-0.140372152833885,-0.270430259370949,-0.325265804877208,0.477772394110887,0.639274823620585,-0.695602086968151,-0.556476449141596
21,1,601,1.01685340540722,1.10926818847656,1.36666666666667,1.5,2,1501,-0.263939791513329,-0.220417316656002,0.103087614461817,-0.211460596394744,0.480929671261518,1.05839748453272,1.0408555244095,1.34725031982633,0.0171689169323742,0.339949672685743,-0.140372152833885,-0.270430259370949,-0.288852835293609,-0.281108708445703,-0.560366989341745,0.243459767295701,0.0589696629762056
21,1,601,1.01685340540722,1.10926818847656,1.36666666666667,1.5,3,2401,-0.17949476873281,0.261041838406903,0.311770166838565,0.227076526794441,0.319210962129243,1.96136895999715,1.92886108220454,1.34725031982633,0.0171689169323742,0.339949672685743,-0.140372152833885,-0.270430259370949,0.614118640170817,-0.196663685665184,-0.0789078342788398,0.45214231967245,0.497506786165391
21,2,602,2.06817317241739,1.21148681640625,1.38333333333333,1.5,1,602,0.249763518784393,0.199173629370797,-1.05543334225052,-1.05476241212471,-0.54373123043058,0.519400659467167,0.251139830259022,1.8482243551526,0.242211629985407,0.086669512347301,-0.56757213628758,-0.276504238066883,-1.32882369568544,0.00755188879898619,0.112504117023496,-0.487861205962936,-0.778258174057823
21,2,602,2.06817317241739,1.21148681640625,1.38333333333333,1.5,2,1502,-0.178620558237593,-0.0771497657192417,-0.280869180663422,0.17342527941354,0.265729550310342,1.58947865771035,0.768542343991669,1.8482243551526,0.242211629985407,0.086669512347301,-0.56757213628758,-0.276504238066883,-0.258745697442256,-0.420832188222999,-0.163819278066543,0.286702955624158,0.449929517480423
21,2,602,2.06817317241739,1.21148681640625,1.38333333333333,1.5,3,2402,0.65549192940942,0.137984673390348,-0.366413885948801,0.0518244185105166,0.93224277585592,3.4357937482803,1.66126985597843,1.8482243551526,0.242211629985407,0.086669512347301,-0.56757213628758,-0.276504238066883,1.58756939312769,0.413280299424013,0.051315161043047,0.201158250338778,0.3283286565774
21,3,603,3.15512754226943,1.30665588378906,1.4,1.5,1,603,0.316174199532213,-0.409375921844692,0.0599850049256126,0.906307310077774,-0.565979344923266,2.51913029227308,0.79842423436902,2.26875956052751,-0.321754622094655,-0.281111445172196,-0.215492446043106,0.296574004169265,0.250370731745571,0.637928821626868,-0.128264476672497,0.275477450968719,0.609733305908509
21,3,603,3.15512754226943,1.30665588378906,1.4,1.5,2,1503,-1.00244762438018,-0.0366380179613032,-0.13778388766121,-0.138048930171113,0.0495388487380502,1.63684324778312,0.518788298049518,2.26875956052751,-0.321754622094655,-0.281111445172196,-0.215492446043106,0.296574004169265,-0.631916312744391,-0.680693002285521,0.244473427210893,0.0777085583818966,-0.434622934340378
21,3,603,3.15512754226943,1.30665588378906,1.4,1.5,3,2403,-0.278990441436002,-0.397320395710592,-0.568678455393722,0.121463632601135,1.26898833816557,2.65030514152633,0.839999368019211,2.26875956052751,-0.321754622094655,-0.281111445172196,-0.215492446043106,0.296574004169265,0.38154558099882,0.042764180658653,-0.116208950538396,-0.353186009350616,-0.17511037156813
21,4,604,4.27892435387168,1.394775390625,1.41666666666667,1.5,1,604,-0.798180290481801,-0.413469138612864,0.353622342911552,-0.0675665491910772,-0.128141013789334,2.98218668163552,0.696947745509257,4.88317297951281,0.25715209951365,0.0372211695016043,0.258356979642822,0.367754324521839,-1.90098629787729,-1.05533238999545,-0.450690308114468,0.0952653632687294,-0.435320873712916
21,4,604,4.27892435387168,1.394775390625,1.41666666666667,1.5,2,1504,1.39061636204847,0.678469710431645,-0.268007225548591,0.735788237080917,-0.224982488582849,6.55269392966312,1.53138812181479,4.88317297951281,0.25715209951365,0.0372211695016043,0.258356979642822,0.367754324521839,1.66952095015031,1.13346426253482,0.641248540930041,-0.526364205191414,0.368033912559078
21,4,604,4.27892435387168,1.394775390625,1.41666666666667,1.5,3,2404,0.179020226974278,-0.153337063313968,0.689455821565507,0.435041285675677,-0.230935259626527,5.11463832723978,1.19530935914114,4.88317297951281,0.25715209951365,0.0372211695016043,0.258356979642822,0.367754324521839,0.231465347726975,-0.0781318725393727,-0.190558232815573,0.431098841922684,0.0672869611538385
21,5,605,5.44081238596938,1.47584533691406,1.43333333333333,1.5,1,605,-0.185609619329815,-0.187649273645944,0.557239409509695,0.712094314126294,0.180994967301834,5.91477141746893,1.08711181306707,6.01947185212946,-0.0243044343913397,-0.118372510470624,0.28446307399368,0.229487587194773,-0.104700434660533,-0.161305184938476,-0.0692767631753198,0.272776335516015,0.482606726931521
21,5,605,5.44081238596938,1.47584533691406,1.43333333333333,1.5,2,1505,-0.090968426817902,-0.483126393952402,-0.111725861538876,0.413386454403634,-0.262700090129862,4.18378701034048,0.768963660855045,6.01947185212946,-0.0243044343913397,-0.118372510470624,0.28446307399368,0.229487587194773,-1.83568484178898,-0.0666639924265622,-0.364753883481778,-0.396188935532556,0.183898867208862
21,5,605,5.44081238596938,1.47584533691406,1.43333333333333,1.5,3,2405,0.203664742973698,0.315658136186474,0.407875674010221,-0.43701800694561,1.15421024184879,7.95985712857898,1.46299055433443,6.01947185212946,-0.0243044343913397,-0.118372510470624,0.28446307399368,0.229487587194773,1.94038527644951,0.227969177365038,0.434030646657098,0.123412600016541,-0.666505594140383
21,6,606,6.6420827448051,1.54986572265625,1.45,1.5,1,606,0.160583532619218,0.731744307202957,0.62078327179737,-0.0110833867901814,0.0168710264342156,8.90004083720923,1.33994729953795,8.44733098959822,0.244316297557231,0.605772022467639,0.348571427712007,-0.21906024680682,0.452709847611008,-0.0837327649380133,0.125972284735318,0.272211844085363,0.207976860016638
21,6,606,6.6420827448051,1.54986572265625,1.45,1.5,2,1506,-0.142013440187731,0.542394521926408,0.0758966766682795,0.00731130189852042,-0.360610683046066,6.96168737045128,1.04811813371283,8.44733098959822,0.244316297557231,0.605772022467639,0.348571427712007,-0.21906024680682,-1.48564361914694,-0.386329737744962,-0.0633775005412314,-0.272674751043727,0.22637154870534
21,6,606,6.6420827448051,1.54986572265625,1.45,1.5,3,2406,0.714378800240206,0.543177238273552,0.34903433467037,-0.653408655528798,0.419832303342264,9.48026476113416,1.42730302005781,8.44733098959822,0.244316297557231,0.605772022467639,0.348571427712007,-0.21906024680682,1.03293377153593,0.470062502682975,-0.0625947841940869,0.000462906958363818,-0.434348408721979
21,7,607,7.88407029881404,1.61683654785156,1.46666666666667,1.5,1,607,0.085051246211253,0.681513542013576,-0.323397134090073,0.935827856500579,-0.258879147338421,8.27716260860843,1.04985905692058,10.1407670275588,0.322283719412913,0.863915439219457,0.13820626634734,1.04161913027157,-1.86360441895041,-0.23723247320166,-0.182401897205881,-0.461603400437413,-0.105791273770993
21,7,607,7.88407029881404,1.61683654785156,1.46666666666667,1.5,2,1507,0.362078186602936,0.994809153471915,0.750653609106597,1.25371156476676,-0.172046805672393,10.8824785771731,1.38031222004833,10.1407670275588,0.322283719412913,0.863915439219457,0.13820626634734,1.04161913027157,0.741711549614289,0.0397944671900226,0.130893714252458,0.612447342759256,0.212092434495185
21,7,607,7.88407029881404,1.61683654785156,1.46666666666667,1.5,3,2407,0.519721725424551,0.91542362217288,-0.0126376759745037,0.935317969547379,1.21461971914356,11.262659896895,1.42853367233282,10.1407670275588,0.322283719412913,0.863915439219457,0.13820626634734,1.04161913027157,1.12189286933612,0.197438006011638,0.0515081829534234,-0.150843942321844,-0.106301160724192
21,8,608,9.16815516194857,1.6767578125,1.48333333333333,1.5,1,608,1.44299441356006,1.07888606718186,1.06387522774827,0.809483516231756,0.590782205802712,15.3746500320241,1.6769622416334,12.6239727542864,0.991629786806091,0.706700038128959,0.463517671101373,0.549206431073263,2.7506772777377,0.451364626753966,0.372186029052897,0.600357556646901,0.260277085158493
21,8,608,9.16815516194857,1.6767578125,1.48333333333333,1.5,2,1508,1.29900706742479,0.495727980052256,-0.142036489240674,1.16972022973937,-0.589122724205657,11.2794277897566,1.23028325661096,12.6239727542864,0.991629786806091,0.706700038128959,0.463517671101373,0.549206431073263,-1.34454496452978,0.3073772806187,-0.210972058076703,-0.605554160342047,0.620513798666105
21,8,608,9.16815516194857,1.6767578125,1.48333333333333,1.5,3,2408,0.232887879433425,0.545486067152765,0.468714274796519,-0.331584452751335,0.146979629382014,11.2178404410785,1.22356572755629,12.6239727542864,0.991629786806091,0.706700038128959,0.463517671101373,0.549206431073263,-1.40613231320791,-0.758741907372666,-0.161213970976194,0.0051966036951463,-0.880790883824598
21,9,609,10.4957642272801,1.72962951660156,1.5,1.5,1,609,1.16596154318916,-0.288941354418874,0.0195761550584398,0.482875554609646,0.139349035324858,12.2477469638866,1.16692283655275,12.1210279896032,0.503530486145995,-0.180472568542099,0.734573046009807,0.346208289406871,0.126718974283364,0.662431057043169,-0.108468785876775,-0.714996890951367,0.136667265202775
21,9,609,10.4957642272801,1.72962951660156,1.5,1.5,2,1509,-0.267884244714116,-0.0598707353960415,0.966862145393005,0.701959788964352,-0.705300907986775,10.6876099375987,1.01827839366094,12.1210279896032,0.503530486145995,-0.180472568542099,0.734573046009807,0.346208289406871,-1.43341805200451,-0.771414730860111,0.120601833146058,0.232289099383198,0.35575149955748
21,9,609,10.4957642272801,1.72962951660156,1.5,1.5,3,2409,0.612514159962937,-0.192605615811382,1.21728083757798,-0.146210475353383,0.33552743698608,13.4277270673244,1.27934724680873,12.1210279896032,0.503530486145995,-0.180472568542099,0.734573046009807,0.346208289406871,1.30669907772115,0.108983673816942,-0.0121330472692829,0.482707791568169,-0.492418764760255
21,10,610,11.8683727525827,1.77545166015625,1.51666666666667,1.5,1,610,1.20241881614575,-0.820328099800791,0.827164458340803,0.259680966903195,0.183559838271471,14.1833514769966,1.19505443354988,14.9858547183978,0.939277491638329,0.239292935077204,0.689492281594325,0.215901939116654,-0.802503241401265,0.263141324507419,-1.059621034878,0.137672176746477,0.043779027786541
21,10,610,11.8683727525827,1.77545166015625,1.51666666666667,1.5,2,1510,0.981214814727235,0.808940988953265,0.711806164393253,-0.755796963869104,0.261565667584477,16.1666409717802,1.36216154554652,14.9858547183978,0.939277491638329,0.239292935077204,0.689492281594325,0.215901939116654,1.18078625338236,0.0419373230889054,0.569648053876061,0.0223138827989277,-0.971698902985758
21,10,610,11.8683727525827,1.77545166015625,1.51666666666667,1.5,3,2410,0.634198844042005,0.729265916079139,0.52950622204892,1.14382181431587,-0.287103075816234,14.6075717064167,1.23079819036169,14.9858547183978,0.939277491638329,0.239292935077204,0.689492281594325,0.215901939116654,-0.378283011981097,-0.305078647596324,0.489972981001934,-0.159986059545405,0.927919875199217
21,11,611,13.2875059996601,1.81422424316406,1.53333333333333,1.5,1,611,0.0258627209319435,0.49924664099609,1.12852125508579,0.231742845257307,0.673566339604264,16.466286513396,1.23923078671176,16.6217336433127,0.432677626831941,0.356593079867624,1.16953319455322,1.09915802935868,-0.155447129916695,-0.406814905899997,0.142653561128466,-0.0410119394674329,-0.867415184101377
21,11,611,13.2875059996601,1.81422424316406,1.53333333333333,1.5,2,1511,1.43817810837096,-0.334687936109533,1.18391540842246,1.01768823934304,0.266211342082499,17.4255798758694,1.31142592720675,16.6217336433127,0.432677626831941,0.356593079867624,1.16953319455322,1.09915802935868,0.803846232556772,1.00550048153902,-0.691281015977157,0.0143822138692447,-0.0814697900156431
21,11,611,13.2875059996601,1.81422424316406,1.53333333333333,1.5,3,2411,-0.166007948807081,0.905220534716316,1.19616292015141,2.0480430034757,-0.195245013829231,15.9733345406726,1.2021318779522,16.6217336433127,0.432677626831941,0.356593079867624,1.16953319455322,1.09915802935868,-0.648399102640077,-0.598685575639022,0.548627454848691,0.0266297255981884,0.94888497411702
21,12,612,14.7547409292381,1.845947265625,1.55,1.5,1,612,1.77928837966083,0.0327894021930027,0.98907576805546,1.75059181000471,-0.630993092473421,18.9426575814403,1.28383532264557,18.4629438879823,1.27697991369971,0.000612571597359788,1.16261137852913,1.44756006267167,0.479713693457978,0.502308465961121,0.032176830595643,-0.173535610473671,0.303031747333037
21,12,612,14.7547409292381,1.845947265625,1.55,1.5,2,1512,1.15810616426163,0.131648381775337,1.48382367729496,1.06544640480521,-0.907389471550778,18.4149448726038,1.24806968559594,18.4629438879823,1.27697991369971,0.000612571597359788,1.16261137852913,1.44756006267167,-0.0479990153785508,-0.118873749438084,0.131035810177977,0.321212298765832,-0.382113657866464
21,12,612,14.7547409292381,1.845947265625,1.55,1.5,3,2412,0.893545197176672,-0.16260006917626,1.01493469023697,1.5266419732051,0.356679039091879,18.0312292099029,1.22206342330092,18.4629438879823,1.27697991369971,0.000612571597359788,1.16261137852913,1.44756006267167,-0.43171467807943,-0.383434716523037,-0.16321264077362,-0.147676688292161,0.0790819105334264
21,13,613,16.2717079533052,1.87062072753906,1.56666666666667,1.5,1,613,0.484506056495228,0.505107712270387,1.02014857548713,-0.00784197865936953,0.379410530182323,19.8790038345067,1.22169128720558,20.6350905479023,0.726874609487422,0.409004687276303,1.23012277516976,0.299581947699437,-0.756086713395611,-0.242368552992194,0.096103024994084,-0.209974199682626,-0.307423926358806
21,13,613,16.2717079533052,1.87062072753906,1.56666666666667,1.5,2,1513,0.270784779515791,-0.157498603389728,1.07340863737845,0.70782914825433,0.516077530287424,18.6576862489474,1.14663354962424,20.6350905479023,0.726874609487422,0.409004687276303,1.23012277516976,0.299581947699437,-1.9774042989549,-0.45608982997163,-0.566503290666031,-0.156714137791308,0.408247200554893
21,13,613,16.2717079533052,1.87062072753906,1.56666666666667,1.5,3,2413,1.42533299245125,0.87940495294825,1.59681111264369,0.19875867350335,0.65766507237189,23.3685815602528,1.43614804464986,20.6350905479023,0.726874609487422,0.409004687276303,1.23012277516976,0.299581947699437,2.73349101235051,0.698458382963824,0.470400265671947,0.366688337473934,-0.100823274196087
21,14,614,17.8400927468495,1.88824462890625,1.58333333333333,1.5,1,614,0.720093095623778,1.32466516097395,1.45288042209069,0.886825102441816,0.273714250957235,23.7502260559422,1.33128377710573,24.460514704392,1.22711572662372,1.19763838939197,1.53552811218818,0.991643695879268,-0.710288648449744,-0.507022630999944,0.127026771581978,-0.0826476900974851,-0.104818593437452
21,14,614,17.8400927468495,1.88824462890625,1.58333333333333,1.5,2,1514,1.64847947345728,1.35438727654602,0.882322502190414,1.36739368314112,-0.45665047332608,23.9641050596248,1.34327244816913,24.460514704392,1.22711572662372,1.19763838939197,1.53552811218818,0.991643695879268,-0.496409644767194,0.421363746833556,0.156748887154047,-0.653205609997762,0.375749987261853
21,14,614,17.8400927468495,1.88824462890625,1.58333333333333,1.5,3,2414,1.31277461079011,0.913862730655946,2.27138141228342,0.720712302054867,0.494259201006815,25.6672129976089,1.43873764345433,24.460514704392,1.22711572662372,1.19763838939197,1.53552811218818,0.991643695879268,1.20669829321694,0.0856588841663879,-0.283775658736025,0.735853300095247,-0.270931393824401
21,15,615,19.4616381210038,1.89881896972656,1.6,1.5,1,615,1.34519782138988,1.89998140721642,0.60003961314682,0.677955218556595,-0.778390457219596,25.1775644763407,1.2937022217656,23.1977472535021,0.556268466817679,0.879235694921876,0.971029840979945,0.786331850618032,1.9798172228386,0.788929354572203,1.02074571229454,-0.370990227833125,-0.108376632061437
21,15,615,19.4616381210038,1.89881896972656,1.6,1.5,2,1515,0.350822669620446,0.0407368175854872,0.69512362141528,0.923998179712715,0.137637521278189,21.3732887226272,1.09822660300934,23.1977472535021,0.556268466817679,0.879235694921876,0.971029840979945,0.786331850618032,-1.82445853087494,-0.205445797197234,-0.838498877336389,-0.275906219564665,0.137666329094683
21,15,615,19.4616381210038,1.89881896972656,1.6,1.5,3,2415,-0.0272150905572903,0.696988859963726,1.61792628837773,0.757042153584786,0.0903553622390332,23.0423885615384,1.18399018717084,23.1977472535021,0.556268466817679,0.879235694921876,0.971029840979945,0.786331850618032,-0.155358691963663,-0.58348355737497,-0.182246834958151,0.64689644739779,-0.0292896970332462
21,16,616,21.1381459596826,1.90234375,1.61666666666667,1.5,1,616,0.395741411817281,0.398981184407875,0.588631821336966,1.70881968540956,0.337738684805213,23.7566881593394,1.12387757207521,24.6349580116346,0.816162306294677,0.557461852404348,0.694689709139979,1.17458744568964,-0.878269852295201,-0.420420894477395,-0.158480667996473,-0.106057887803014,0.53423223971992
21,16,616,21.1381459596826,1.90234375,1.61666666666667,1.5,2,1516,1.474500583453,0.968485259277792,0.435229978062816,0.574045128210228,-0.404321948895069,25.7573937830173,1.21852663105578,24.6349580116346,0.816162306294677,0.557461852404348,0.694689709139979,1.17458744568964,1.12243577138271,0.658338277158324,0.411023406873444,-0.259459731077163,-0.600542317479408
21,16,616,21.1381459596826,1.90234375,1.61666666666667,1.5,3,2416,0.578244923613747,0.304919113527378,1.06020732802016,1.24089752344912,0.0693619575591956,24.3907920925471,1.1538756586821,24.6349580116346,0.816162306294677,0.557461852404348,0.694689709139979,1.17458744568964,-0.244165919087514,-0.237917382680929,-0.25254273887697,0.365517618880177,0.066310077759488
21,17,617,22.8714792218598,1.89881896972656,1.63333333333333,1.5,1,617,1.33926397803366,-0.946187215781106,0.301022541724804,1.93343636193926,-0.266903489102685,24.0536902731969,1.05168931313403,27.037079289853,1.27417760177437,0.359807867124185,0.810641654402741,1.1488555437252,-2.98338901665607,0.0650863762592937,-1.30599508290529,-0.509619112677936,0.784580818214064
21,17,617,22.8714792218598,1.89881896972656,1.63333333333333,1.5,2,1517,0.944288302859311,0.964402350867708,1.19532240065814,0.228705111907898,-0.913676828078838,27.1190090435456,1.18571294757473,27.037079289853,1.27417760177437,0.359807867124185,0.810641654402741,1.1488555437252,0.0819297536925774,-0.329889298915056,0.604594483743523,0.384680746255404,-0.920150431817303
21,17,617,22.8714792218598,1.89881896972656,1.63333333333333,1.5,3,2417,1.53898052443013,1.06120846628595,0.935580020825273,1.28442515732844,1.00813672429075,29.9385385528165,1.3089900422445,27.037079289853,1.27417760177437,0.359807867124185,0.810641654402741,1.1488555437252,2.90145926296348,0.264802922655762,0.701400599161768,0.124938366422533,0.135569613603239
21,18,618,24.6635640117153,1.88824462890625,1.65,1.5,1,618,1.18573512420967,0.0718193953978916,0.991141904543338,1.5924591993329,0.221173868659346,28.7289107191905,1.16483208613095,29.279160154453,1.17155729456348,0.600875056214325,0.900329789247775,1.59602635388262,-0.550249435262462,0.0141778296461896,-0.529055660816434,0.090812115295563,-0.0035671545497149
21,18,618,24.6635640117153,1.88824462890625,1.65,1.5,2,1518,1.08582704399991,0.946811827066626,0.679633353448548,2.43370254659959,-0.481777981532908,28.8137826587691,1.1682732732821,29.279160154453,1.17155729456348,0.600875056214325,0.900329789247775,1.59602635388262,-0.465377495683921,-0.0857302505635764,0.3459367708523,-0.220696435799227,0.837676192716972
21,18,618,24.6635640117153,1.88824462890625,1.65,1.5,3,2418,1.24310971548087,0.783993946178459,1.03021410975144,0.761917315715358,0.44501665446458,30.2947870853994,1.2283215463511,29.279160154453,1.17155729456348,0.600875056214325,0.900329789247775,1.59602635388262,1.01562693094639,0.0715524209173866,0.183118889964133,0.129884320503664,-0.834109038167257
21,19,619,26.5163917189489,1.87062072753906,1.66666666666667,1.5,1,619,1.89214721005421,1.48578924793375,1.37120566110879,1.96413676888403,0.570499760359727,35.1595051748773,1.32595360437944,33.5676274689698,1.30216533529671,1.68853306994728,1.11948609253141,1.94388706291106,1.59187770590746,0.5899818747575,-0.202743822013535,0.251719568577375,0.0202497059729772
21,19,619,26.5163917189489,1.87062072753906,1.66666666666667,1.5,2,1519,1.61468219637123,2.58425402430744,0.95244718081182,1.73620969850864,0.101550309591107,35.3741608251904,1.33404881026523,33.5676274689698,1.30216533529671,1.68853306994728,1.11948609253141,1.94388706291106,1.80653335622059,0.312516861074522,0.895720954360157,-0.167038911719591,-0.207677364402418
21,19,619,26.5163917189489,1.87062072753906,1.66666666666667,1.5,3,2419,0.399666599464685,0.99555593760066,1.03480543567363,2.1313147213405,-0.306267986682338,30.1692164068418,1.13775723056929,33.5676274689698,1.30216533529671,1.68853306994728,1.11948609253141,1.94388706291106,-3.39841106212807,-0.902498735832022,-0.692977132346622,-0.0846806568577831,0.187427658429441
21,20,620,28.4320212316403,1.845947265625,1.68333333333333,1.5,1,620,1.65472174625626,0.646399526140876,2.3756400872808,1.77697721987444,-0.191826485748843,35.9462898286884,1.26428893450199,34.1100017102713,1.12359535398672,0.901184083246687,1.42519435484504,1.63458600240737,1.83628811841705,0.531126392269542,-0.254784557105811,0.950445732435763,0.142391217467065
21,20,620,28.4320212316403,1.845947265625,1.68333333333333,1.5,2,1520,0.982690363716673,1.71879108915933,0.798821516580503,1.73638744286746,0.0393067332324437,34.3768531630205,1.20908931809479,34.1100017102713,1.12359535398672,0.901184083246687,1.42519435484504,1.63458600240737,0.266851452749158,-0.140904990270043,0.817607005912646,-0.626372838264535,0.101801440460083
21,20,620,28.4320212316403,1.845947265625,1.68333333333333,1.5,3,2420,0.733373951987218,0.338361634439852,1.10112146067381,1.39039334448023,-0.00018634287099716,32.0068621391051,1.12573291495318,34.1100017102713,1.12359535398672,0.901184083246687,1.42519435484504,1.63458600240737,-2.1031395711662,-0.390221401999498,-0.562822448806835,-0.324072894171228,-0.244192657927147
21,21,621,30.4125812241143,1.81422424316406,1.7,1.5,1,621,1.87326733677102,0.745880526578016,1.82324161938471,1.27834642760995,0.238248256558404,38.0522158212298,1.2511998090796,38.1689025225082,1.73285696220514,1.14826652947367,1.62313907177671,1.64863907936802,-0.116686701278446,0.140410374565888,-0.402386002895653,0.200102547607999,-0.37029265175807
21,21,621,30.4125812241143,1.81422424316406,1.7,1.5,2,1521,1.68835485136336,0.72166361252743,1.62278255932821,1.1645244916728,0.336645937319175,37.4732834441295,1.23216385902873,38.1689025225082,1.73285696220514,1.14826652947367,1.62313907177671,1.64863907936802,-0.695619078378733,-0.0445021108417807,-0.426602916946238,-0.000356512448498103,-0.484114587695222
21,21,621,30.4125812241143,1.81422424316406,1.7,1.5,3,2421,1.63694869848103,1.97725544931556,1.42339303661721,2.50304631882132,0.102411245688674,38.9812083021654,1.28174613048816,38.1689025225082,1.73285696220514,1.14826652947367,1.62313907177671,1.64863907936802,0.812305779657173,-0.0959082637241073,0.828988919841891,-0.1997460351595,0.854407239453292
21,22,622,32.4602725223537,1.77545166015625,1.71666666666667,1.5,1,622,0.949788010275112,1.66340173693519,2.039986448147,1.96811059903608,-0.227958849362254,39.8341023599234,1.22716475447,40.4472059123585,1.3297459118288,1.57318406571251,2.00179222020524,1.86754809210879,-0.613103552435064,-0.379957901553689,0.0902176712226812,0.038194227941752,0.100562506927289
21,22,622,32.4602725223537,1.77545166015625,1.71666666666667,1.5,2,1522,1.19734406250619,1.82790242743582,2.31625476887654,1.77083244935435,0.337947925932531,41.536328272254,1.27960503854828,40.4472059123585,1.3297459118288,1.57318406571251,2.00179222020524,1.86754809210879,1.0891223598955,-0.132401849322614,0.254718361723307,0.314462548671295,-0.0967156427544402
21,22,622,32.4602725223537,1.77545166015625,1.71666666666667,1.5,3,2422,1.8421056627051,1.22824803276652,1.6491354435922,1.86370122793594,-0.341850596126103,39.9711871048981,1.23138790893921,40.4472059123585,1.3297459118288,1.57318406571251,2.00179222020524,1.86754809210879,-0.476018807460434,0.512359750876303,-0.344936032945988,-0.352656776613047,-0.00384686417284907
21,23,623,34.5773705495876,1.72962951660156,1.73333333333333,1.5,1,623,2.53195624166003,0.79011183396268,0.948536527146236,1.67263216112473,0.590056288932772,42.3391050584271,1.22447440003306,42.3010700116353,1.94767325293806,1.353573898832,1.21566155782084,1.6720445294957,0.0380350467918404,0.584282988721965,-0.563462064869324,-0.267125030674608,0.000587631629036967
21,23,623,34.5773705495876,1.72962951660156,1.73333333333333,1.5,2,1523,2.09006492165464,1.35531013390181,1.31950267502443,1.74756643179605,-0.0465763656146074,42.4742904087135,1.22838404811034,42.3010700116353,1.94767325293806,1.353573898832,1.21566155782084,1.6720445294957,0.173220397078239,0.142391668716579,0.00173623506980913,0.103841117203583,0.075521902300355
21,23,623,34.5773705495876,1.72962951660156,1.73333333333333,1.5,3,2423,1.22099859549952,1.91529972863152,1.37894547129187,1.59593499556631,0.0122977377734807,42.0898145677652,1.21726475723202,42.3010700116353,1.94767325293806,1.353573898832,1.21566155782084,1.6720445294957,-0.211255443870073,-0.726674657438545,0.561725829799514,0.163283913471025,-0.076109533929392
21,24,624,36.766227854774,1.6767578125,1.75,1.5,1,624,3.32732916688432,2.30355477730147,1.17474464433093,2.15212894994976,0.240204850441074,48.3788957073215,1.3158514900799,47.2545792983199,2.64905660657198,2.10605919453163,1.5671580361305,2.31011080677353,1.12431640900156,0.678272560312337,0.197495582769835,-0.392413391799565,-0.157981856823778
21,24,624,36.766227854774,1.6767578125,1.75,1.5,2,1524,2.60623191091216,2.24371569188842,1.66838991097214,2.47081268786611,-0.520685056112089,47.0446498437337,1.27956150491041,47.2545792983199,2.64905660657198,2.10605919453163,1.5671580361305,2.31011080677353,-0.209929454586266,-0.0428246956598248,0.13765649735679,0.10123187484164,0.160701881092576
21,24,624,36.766227854774,1.6767578125,1.75,1.5,3,2424,2.01360874191947,1.77090711440501,1.85833955308842,2.30739078250474,0.311033519957437,46.3401923439046,1.26040105411269,47.2545792983199,2.64905660657198,2.10605919453163,1.5671580361305,2.31011080677353,-0.914386954415285,-0.635447864652513,-0.335152080126625,0.291181516957925,-0.00272002426879858
21,25,625,39.0292767267848,1.61683654785156,1.76666666666667,1.5,1,625,2.39610423581152,2.36608826056654,1.12798549550761,1.01620208534214,-1.33027278768396,47.4451803436184,1.21563052976224,49.1444532952606,2.29604512367541,2.35594681712827,1.84922824199128,1.91056592069884,-1.69927295164215,0.100059112136109,0.010141443438267,-0.72124274648367,-0.894363835356699
21,25,625,39.0292767267848,1.61683654785156,1.76666666666667,1.5,2,1525,2.09526633785988,2.55267615076401,1.91535333320659,2.445635506332,-0.494637952145524,49.3050998333338,1.2632849995782,49.1444532952606,2.29604512367541,2.35594681712827,1.84922824199128,1.91056592069884,0.160646538073252,-0.200778785815533,0.196729333635744,0.0661250912153142,0.535069585633162
21,25,625,39.0292767267848,1.61683654785156,1.76666666666667,1.5,3,2425,2.39676479735484,2.14907604005426,2.50434589725963,2.26986017042237,0.22540621109208,50.6830797088295,1.29859131296807,49.1444532952606,2.29604512367541,2.35594681712827,1.84922824199128,1.91056592069884,1.53862641356891,0.100719673679424,-0.206870777074011,0.655117655268356,0.359294249723537
21,26,626,41.369031897199,1.54986572265625,1.78333333333333,1.5,1,626,1.88639045466929,2.233932942607,2.28399089784569,2.24608673776692,-0.535751778897327,51.1667654512906,1.23683739030777,51.0587259576374,2.02394821517117,2.4011406667532,1.6041716789523,2.01004225608673,0.108039493653195,-0.137557760501881,-0.167207724146196,0.679819218893384,0.236044481680191
21,26,626,41.369031897199,1.54986572265625,1.78333333333333,1.5,2,1526,1.83782402733455,1.91564968366796,1.72970655245217,2.12858013000058,0.0345231625187641,50.2627372885105,1.21498461490257,51.0587259576374,2.02394821517117,2.4011406667532,1.6041716789523,2.01004225608673,-0.795988669126942,-0.186124187836625,-0.485490983085238,0.125534873499867,0.118537873913853
21,26,626,41.369031897199,1.54986572265625,1.78333333333333,1.5,3,2426,2.34763016350968,3.05383937398463,0.798817586559053,1.65545990049268,0.0948917859034162,51.7466751331112,1.25085535628922,51.0587259576374,2.02394821517117,2.4011406667532,1.6041716789523,2.01004225608673,0.687949175473754,0.323681948338506,0.652698707231434,-0.805354092393252,-0.354582355594045
21,27,627,43.7880933347085,1.47584533691406,1.8,1.5,1,627,2.21671422003366,1.95346594630167,1.90738353581285,1.66327676245541,0.120038968512537,53.5569736551911,1.22309444363816,54.0519516777382,2.06016697096211,2.36259331895258,2.0002980108315,1.85492599339952,-0.494978022547123,0.156547249071542,-0.409127372650915,-0.0929144750186475,-0.191649230944107
21,27,627,43.7880933347085,1.47584533691406,1.8,1.5,2,1527,2.14679957266393,3.00408265970385,1.66000570592517,2.20437388790334,0.348107499083079,55.2019023187514,1.26066010449,54.0519516777382,2.06016697096211,2.36259331895258,2.0002980108315,1.85492599339952,1.14995064101322,0.086632601701814,0.641489340751273,-0.340292304906326,0.349447894503822
21,27,627,43.7880933347085,1.47584533691406,1.8,1.5,3,2427,1.81698712018876,2.13023135085222,2.43350479075647,1.6971273298398,-0.557379861668576,53.3969790592721,1.21944060571706,54.0519516777382,2.06016697096211,2.36259331895258,2.0002980108315,1.85492599339952,-0.65497261846609,-0.243179850773356,-0.232361968100358,0.433206779924974,-0.157798663559715
21,28,628,46.2891491342386,1.394775390625,1.81666666666667,1.5,1,628,2.0197698713665,2.8532847379235,2.63399216952542,2.03985862941343,-0.030320459418789,58.2104095143101,1.25753898274301,57.1183323851884,1.96247353581346,2.41732920815286,2.4516147407929,2.05471216034023,1.09207712912177,0.0572963355530356,0.435955529770641,0.182377428732511,-0.0148535309268016
21,28,628,46.2891491342386,1.394775390625,1.81666666666667,1.5,2,1528,1.58996978320233,2.14371550920283,2.14802567060487,2.17547278823231,0.204499747873991,55.827754621853,1.20606569068601,57.1183323851884,1.96247353581346,2.41732920815286,2.4516147407929,2.05471216034023,-1.29057776333533,-0.372503752611129,-0.273613698950033,-0.303589070188036,0.120760627892077
21,28,628,46.2891491342386,1.394775390625,1.81666666666667,1.5,3,2428,2.27768095287155,2.25498737733225,2.57282638224843,1.94880506337496,-0.104969431123482,57.3168330194019,1.23823475029068,57.1183323851884,1.96247353581346,2.41732920815286,2.4516147407929,2.05471216034023,0.198500634213559,0.315207417058093,-0.162341830820608,0.121211641455525,-0.105907096965275
21,29,629,48.8749785039976,1.30665588378906,1.83333333333333,1.5,1,629,2.46886179315572,2.50639080183882,3.19639007950663,2.22685752001659,-0.443577708635333,61.0469885062824,1.24904379244462,61.0348985391384,2.63397479029778,2.83464433167642,2.36373426605789,2.51456085924434,0.0120899671439361,-0.165112997142062,-0.328253529837593,0.832655813448744,-0.287703339227752
21,29,629,48.8749785039976,1.30665588378906,1.83333333333333,1.5,2,1529,2.85983668038697,3.53356009880621,1.7624281797585,2.39518976912249,0.252737136242836,61.9863738494597,1.26826396137217,61.0348985391384,2.63397479029778,2.83464433167642,2.36373426605789,2.51456085924434,0.951475310321271,0.225861890089183,0.698915767129793,-0.601306086299386,-0.119371090121847
21,29,629,48.8749785039976,1.30665588378906,1.83333333333333,1.5,3,2429,2.57322589735066,2.46398209438422,2.13238453890853,2.92163528859394,0.118156683850102,60.0713332616732,1.22908152802072,61.0348985391384,2.63397479029778,2.83464433167642,2.36373426605789,2.51456085924434,-0.9635652774652,-0.0607488929471205,-0.3706622372922,-0.231349727149359,0.4070744293496
21,30,630,51.5484548537714,1.21148681640625,1.85,1.5,1,630,3.88621416406321,1.73792228164684,2.81645665177956,2.35001618846862,-0.58368767830816,63.112705599673,1.22433748555037,62.025017845929,2.72957796044034,1.95854013220461,2.65784402876161,2.48238269329653,1.08768775374395,1.15663620362287,-0.220617850557778,0.158612623017948,-0.132366504827909
21,30,630,51.5484548537714,1.21148681640625,1.85,1.5,2,1530,2.38581265726428,1.70953082724957,3.26201815519003,2.8282498684753,-0.430980831438934,62.06351386622,1.20398398055338,62.025017845929,2.72957796044034,1.95854013220461,2.65784402876161,2.48238269329653,0.0384960202909497,-0.343765303176065,-0.249009304955049,0.60417412642842,0.345867175178772
21,30,630,51.5484548537714,1.21148681640625,1.85,1.5,3,2430,1.91670705999354,2.42816728771744,1.89505727931524,2.26888202294567,-0.306381517222295,60.8988340718941,1.18139009684475,62.025017845929,2.72957796044034,1.95854013220461,2.65784402876161,2.48238269329653,-1.1261837740349,-0.812870900446801,0.469627155512827,-0.762786749446368,-0.213500670350863
22,1,631,1.01685340540722,1.10406494140625,1.38333333333333,1.5,1,631,0.364416780088364,-0.236394848848514,-0.538279342777592,0.142890766468835,-0.345977702596839,-0.0612163946407341,-0.0602017894764473,1.36825693669334,0.436466408480933,-0.2461187509748,0.0854739516909868,-0.247986466071626,-1.42947333133408,-0.0720496283925686,0.00972390212628579,-0.623753294468579,0.390877232540461
22,1,631,1.01685340540722,1.10406494140625,1.38333333333333,1.5,2,1531,0.127319946814178,-0.336625629239223,0.552561238542893,-0.463099296374001,0.332521347914134,1.85312064697401,1.82240688492545,1.36825693669334,0.436466408480933,-0.2461187509748,0.0854739516909868,-0.247986466071626,0.484863710280672,-0.309146461666755,-0.0905068782644235,0.467087286851906,-0.215112830302375
22,1,631,1.01685340540722,1.10406494140625,1.38333333333333,1.5,3,2431,0.817662498540257,-0.165335774836662,0.242139959307659,-0.423750868309711,0.258765203361147,2.31286655774675,2.27453293212949,1.36825693669334,0.436466408480933,-0.2461187509748,0.0854739516909868,-0.247986466071626,0.944609621053405,0.381196090059324,0.0807829761381377,0.156666007616673,-0.175764402238085
22,2,632,2.06817317241739,1.201416015625,1.4,1.5,1,632,-0.310205070504743,-0.541731587627931,1.41068487907904,0.570508111692728,-1.30931062950791,1.74378029901646,0.843150042884578,2.72454301581345,0.00626411337273887,-0.0144765561957356,0.833137019561606,0.738706039304198,-0.980762716796993,-0.316469183877482,-0.527255031432195,0.57754785951743,-0.16819792761147
22,2,632,2.06817317241739,1.201416015625,1.4,1.5,2,1532,0.15974441812597,0.0411936030938128,0.324594673531483,0.783887243786963,-0.691559161386096,2.11309656800309,1.02172129306425,2.72454301581345,0.00626411337273887,-0.0144765561957356,0.833137019561606,0.738706039304198,-0.611446447810356,0.153480304753231,0.0556701592895484,-0.508542346030123,0.0451812044827654
22,2,632,2.06817317241739,1.201416015625,1.4,1.5,3,2432,0.16925299249699,0.457108315946911,0.7641315060743,0.861722762432903,0.259086850687941,4.3167521804208,2.0872295598802,2.72454301581345,0.00626411337273887,-0.0144765561957356,0.833137019561606,0.738706039304198,1.59220916460735,0.162988879124251,0.471584872142647,-0.0690055134873068,0.123016723128705
22,3,633,3.15512754226943,1.29205322265625,1.41666666666667,1.5,1,633,0.409786506182649,0.454706665480108,0.533182957761224,0.921638404051696,-0.669482350085417,4.45905338083701,1.41327199014899,2.91602649830926,-0.415840286864467,0.440450768528455,0.151729047183344,0.607582075730503,1.54302688252775,0.825626793047115,0.0142558969516531,0.38145391057788,0.314056328321193
22,3,633,3.15512754226943,1.29205322265625,1.41666666666667,1.5,2,1533,-1.3979774587543,0.790984736212983,-0.103175541597412,0.632469021983699,-0.450013455239162,1.86465120348492,0.590990753465297,2.91602649830926,-0.415840286864467,0.440450768528455,0.151729047183344,0.607582075730503,-1.05137529482434,-0.982137171889833,0.350533967684528,-0.254904588780756,0.0248869462531965
22,3,633,3.15512754226943,1.29205322265625,1.41666666666667,1.5,3,2433,-0.259329908021749,0.0756609038922747,0.02517972538622,0.268638801156113,-0.540640456866317,2.42437491060585,0.768392046954158,2.91602649830926,-0.415840286864467,0.440450768528455,0.151729047183344,0.607582075730503,-0.49165158770341,0.156510378842718,-0.364789864636181,-0.126549321797124,-0.33894327457439
22,4,634,4.27892435387168,1.3759765625,1.43333333333333,1.5,1,634,0.0166514615020828,0.512218638173802,0.240101564876631,0.215101899242694,0.244929168909498,5.64109793890348,1.31834486248846,5.24886505777806,0.320560570058725,-0.125953023488412,0.174246331581339,0.1804776307306,0.392232881125416,-0.303909108556643,0.638171661662214,0.065855233295292,0.0346242685120947
22,4,634,4.27892435387168,1.3759765625,1.43333333333333,1.5,2,1534,0.516284374628748,-0.774863091619335,0.0695170063561038,-0.0887138869165828,0.56030980129106,4.54326776578331,1.06177800541682,5.24886505777806,0.320560570058725,-0.125953023488412,0.174246331581339,0.1804776307306,-0.705597291994752,0.195723804570022,-0.648910068130923,-0.104729325225235,-0.269191517647182
22,4,634,4.27892435387168,1.3759765625,1.43333333333333,1.5,3,2434,0.428745874045346,-0.115214617019703,0.213120423511282,0.415044879865687,0.538821156615394,5.5622294686474,1.29991301753548,5.24886505777806,0.320560570058725,-0.125953023488412,0.174246331581339,0.1804776307306,0.313364410869337,0.108185303986621,0.0107384064687091,0.0388740919299432,0.234567249135088
22,5,635,5.44081238596938,1.45318603515625,1.45,1.5,1,635,0.451009648773229,-0.0397906500624189,0.100844290727398,-0.29983106126866,-0.25370613507522,5.93607716771273,1.09102772648815,6.07917891256981,0.482120874571503,0.115410869103699,0.0535292871749676,0.315579455926191,-0.143101744857085,-0.031111225798274,-0.155201519166118,0.0473150035524309,-0.61541051719485
22,5,635,5.44081238596938,1.45318603515625,1.45,1.5,2,1535,1.11061934307303,0.304673741247487,0.0098174979654399,0.165195908414296,-0.0284451067304023,7.48280697072413,1.37531060435397,6.07917891256981,0.482120874571503,0.115410869103699,0.0535292871749676,0.315579455926191,1.40362805815432,0.628498468501531,0.189262872143787,-0.0437117892095277,-0.150383547511894
22,5,635,5.44081238596938,1.45318603515625,1.45,1.5,3,2435,-0.115266368131754,0.0813495161260306,0.0499260728320644,1.08137352063294,-0.647502217835391,4.81865259927258,0.885649468762936,6.07917891256981,0.482120874571503,0.115410869103699,0.0535292871749676,0.315579455926191,-1.26052631329723,-0.597387242703257,-0.0340613529776689,-0.00360321434290321,0.765794064706745
22,6,636,6.6420827448051,1.523681640625,1.46666666666667,1.5,1,636,0.274415943681283,0.382785339441589,0.295565138979725,0.56447444423931,0.623435635117119,8.68840712152142,1.30808474620657,8.93948579167652,0.455378577827203,0.878848155069949,0.0389950604072383,0.343206425803644,-0.251078670155094,-0.18096263414592,-0.496062815628361,0.256570078572487,0.221268018435667
22,6,636,6.6420827448051,1.523681640625,1.46666666666667,1.5,2,1536,0.446254761742428,1.44430344731766,0.428309853613302,-0.0598950642350948,0.0412607758636712,10.1240702113297,1.52423126906209,8.93948579167652,0.455378577827203,0.878848155069949,0.0389950604072383,0.343206425803644,1.18458441965319,-0.0091238160847753,0.565455292247711,0.389314793206063,-0.403101490038738
22,6,636,6.6420827448051,1.523681640625,1.46666666666667,1.5,3,2436,0.645465028057898,0.809455678450599,-0.606889811371312,0.525039897406715,0.10354713978542,8.00598004217841,1.20534181066023,8.93948579167652,0.455378577827203,0.878848155069949,0.0389950604072383,0.343206425803644,-0.933505749498101,0.190086450230695,-0.0693924766193501,-0.64588487177855,0.181833471603072
22,7,637,7.88407029881404,1.58746337890625,1.48333333333333,1.5,1,637,0.734470588998379,0.889916858017348,0.440315548980287,-0.0503628396012905,-0.152554656886868,10.8779774677086,1.37974130815969,9.70741627024031,0.485788093817677,0.565083691107489,0.136050797360544,-0.137078563528673,1.17056119746833,0.248682495180702,0.324833166909859,0.304264751619743,0.0867157239273829
22,7,637,7.88407029881404,1.58746337890625,1.48333333333333,1.5,2,1537,-0.418304040442677,-0.0019367534602458,-0.284817024568857,-0.610578114397583,-0.24055713076699,6.54937243477647,0.830709542983356,9.70741627024031,0.485788093817677,0.565083691107489,0.136050797360544,-0.137078563528673,-3.15804383546384,-0.904092134260354,-0.567020444567735,-0.420867821929401,-0.47349955086891
22,7,637,7.88407029881404,1.58746337890625,1.48333333333333,1.5,3,2437,1.14119773289733,0.807270968765365,0.252653867670202,0.249705263412853,0.422786261849178,11.6948989082358,1.48335802003123,9.70741627024031,0.485788093817677,0.565083691107489,0.136050797360544,-0.137078563528673,1.98748263799552,0.655409639079651,0.242187277657876,0.116603070309658,0.386783826941527
22,8,638,9.16815516194857,1.64453125,1.5,1.5,1,638,0.647333707236335,-0.072210329990759,0.544556119223216,0.30751639491293,-0.116949466388276,10.8242848901375,1.18063936516503,10.1958081696879,0.643237155359693,0.0604511600808498,0.1146256662414,0.222213693626111,0.628476720449562,0.00409655187664237,-0.132661490071609,0.429930452981817,0.0853027012868181
22,8,638,9.16815516194857,1.64453125,1.5,1.5,2,1538,0.816285123364864,0.100993676666894,0.168432653351602,0.479896597391002,-0.663129708056008,10.2515713432039,1.11817166726758,10.1958081696879,0.643237155359693,0.0604511600808498,0.1146256662414,0.222213693626111,0.0557631735160076,0.173047968005171,0.0405425165860443,0.0538069871102019,0.257682903764891
22,8,638,9.16815516194857,1.64453125,1.5,1.5,3,2438,0.46609263547788,0.152570133566414,-0.369111773850619,-0.120771911425597,-0.0982783302381404,9.51156827572235,1.03745716643181,10.1958081696879,0.643237155359693,0.0604511600808498,0.1146256662414,0.222213693626111,-0.68423989396557,-0.177144519881814,0.0921189734855645,-0.483737440092019,-0.342985605051709
22,9,639,10.4957642272801,1.69488525390625,1.51666666666667,1.5,1,639,0.717919025985227,0.707322484327006,1.23687565046979,0.172554404577026,0.66894732860406,15.3095878367926,1.45864441171426,12.9649542649191,0.36901944183334,0.660401254192285,0.592566747395943,0.0587682282139249,2.34463357187349,0.348899584151887,0.0469212301347212,0.644308903073843,0.113786176363101
22,9,639,10.4957642272801,1.69488525390625,1.51666666666667,1.5,2,1539,0.0704097488283069,0.630245177478558,0.904613096368894,0.465679724687545,-0.507275751199374,12.4206164181635,1.1833932383771,12.9649542649191,0.36901944183334,0.660401254192285,0.592566747395943,0.0587682282139249,-0.544337846755525,-0.298609693005033,-0.0301560767137268,0.31204634897295,0.40691149647362
22,9,639,10.4957642272801,1.69488525390625,1.51666666666667,1.5,3,2439,0.318729550686485,0.643636100771291,-0.36378850465085,-0.461929444622796,-0.301814365448524,11.1646585398011,1.06372992933497,12.9649542649191,0.36901944183334,0.660401254192285,0.592566747395943,0.0587682282139249,-1.80029572511796,-0.0502898911468546,-0.0167651534209943,-0.956355252046793,-0.520697672836721
22,10,640,11.8683727525827,1.738525390625,1.53333333333333,1.5,1,640,0.868195166731674,0.803246106694423,-0.243657679444658,1.27995025805608,0.376763733614521,14.6206733386759,1.23190210178513,15.8902417169653,1.41595324698672,0.850018874698362,-0.0607772886844347,0.615427487798099,-1.26956837828936,-0.547758080255047,-0.046772768003939,-0.182880390760224,0.664522770257978
22,10,640,11.8683727525827,1.738525390625,1.53333333333333,1.5,2,1540,1.52401121983922,1.00790679843348,-0.0880883829580665,0.0407233563794083,0.27284724095867,16.2040767113235,1.36531578920937,15.8902417169653,1.41595324698672,0.850018874698362,-0.0607772886844347,0.615427487798099,0.313834994358174,0.108057972852495,0.15788792373512,-0.0273110942736318,-0.574704131418691
22,10,640,11.8683727525827,1.738525390625,1.53333333333333,1.5,3,2440,1.85565335438927,0.738903718967181,0.149414196349421,0.525608848958812,0.394394878569096,16.8459751008965,1.41940057428939,15.8902417169653,1.41595324698672,0.850018874698362,-0.0607772886844347,0.615427487798099,0.955733383931182,0.439700107402552,-0.111115155731181,0.210191485033855,-0.0898186388392873
22,11,641,13.2875059996601,1.77545166015625,1.55,1.5,1,641,0.971035367670522,0.676679112481709,0.205340375356061,0.212922429522217,-0.846302598504758,15.5220929441372,1.16817203653825,16.9586448080375,0.996735338663174,0.603890543262137,0.784009309300286,0.601947748349757,-1.43655186390034,-0.0256999709926519,0.0727885692195728,-0.578668933944226,-0.38902531882754
22,11,641,13.2875059996601,1.77545166015625,1.55,1.5,2,1541,1.14365531906542,0.653826018201434,0.391263813886415,0.355501331869356,0.310590097402475,17.2289268809857,1.29662608479171,16.9586448080375,0.996735338663174,0.603890543262137,0.784009309300286,0.601947748349757,0.270282072948159,0.146919980402247,0.0499354749392977,-0.392745495413871,-0.246446416480402
22,11,641,13.2875059996601,1.77545166015625,1.55,1.5,3,2441,0.875515329253579,0.481166499103266,1.75542373865838,1.2374194836577,-0.0959702270835782,18.1249145989897,1.36405692681932,16.9586448080375,0.996735338663174,0.603890543262137,0.784009309300286,0.601947748349757,1.16626979095219,-0.121220009409595,-0.122724044158871,0.971414429358097,0.635471735307942
22,12,642,14.7547409292381,1.8056640625,1.56666666666667,1.5,1,642,0.339880146406287,0.640544060750733,1.16303001334019,0.432077240170794,0.645483498749057,18.76199784243,1.27159114025859,19.2041661725009,0.842561934636512,0.652206792660288,1.08583405074942,0.653528252663835,-0.442168330070917,-0.502681788230225,-0.0116627319095546,0.0771959625907663,-0.221451012493041
22,12,642,14.7547409292381,1.8056640625,1.56666666666667,1.5,2,1542,1.2932128574996,0.674693932352634,0.854237097382982,0.593075734232717,-0.0947090857483886,19.3335159655333,1.31032568164053,19.2041661725009,0.842561934636512,0.652206792660288,1.08583405074942,0.653528252663835,0.129349793032372,0.450650922863089,0.0224871396923456,-0.231596953366438,-0.0604525184311178
22,12,642,14.7547409292381,1.8056640625,1.56666666666667,1.5,3,2442,0.894592800003648,0.641382384877497,1.24023504152509,0.935431783587994,0.281724745501132,19.5169847095395,1.3227602438525,19.2041661725009,0.842561934636512,0.652206792660288,1.08583405074942,0.653528252663835,0.312818537038545,0.0520308653671361,-0.010824407782791,0.154400990775672,0.281903530924158
22,13,643,16.2717079533052,1.82916259765625,1.58333333333333,1.5,1,643,0.0681784066229875,0.454333530586612,0.57296044650707,0.871528471413344,0.238534197341738,18.213753635199,1.11935106550995,19.3323502451525,0.680733145203925,0.560997941722099,0.414955385488304,0.508400613469091,-1.11859660995357,-0.612554738580938,-0.106664411135487,0.158005061018766,0.363127857944253
22,13,643,16.2717079533052,1.82916259765625,1.58333333333333,1.5,2,1543,0.632538999919164,0.449161683859411,0.332546027419418,0.0089400706333681,0.535708255962019,19.1744245967181,1.17839040939911,19.3323502451525,0.680733145203925,0.560997941722099,0.414955385488304,0.508400613469091,-0.157925648434386,-0.0481941452847613,-0.111836257862688,-0.082409358068886,-0.499460542835723
22,13,643,16.2717079533052,1.82916259765625,1.58333333333333,1.5,3,2443,1.34148202906962,0.779498610720273,0.339359682538424,0.64473329836056,0.140130139785008,20.6088725035405,1.26654636149331,19.3323502451525,0.680733145203925,0.560997941722099,0.414955385488304,0.508400613469091,1.27652225838796,0.660748883865699,0.218500668998174,-0.07559570294988,0.13633268489147
22,14,644,17.8400927468495,1.845947265625,1.6,1.5,1,644,0.507053330862283,0.607148301640904,1.9058640185037,0.586668711449093,0.539360296099267,23.145680062961,1.2973968460477,22.642420256916,0.330251120505799,0.90572044107133,1.63552542518611,0.763284611689791,0.503259806044984,0.176802210356484,-0.298572139430426,0.270338593317583,-0.176615900240698
22,14,644,17.8400927468495,1.845947265625,1.6,1.5,2,1544,0.190650910910636,1.15895389129705,1.3415399848762,0.920454809560892,0.0887563281895878,22.1474168061131,1.2414406763678,22.642420256916,0.330251120505799,0.90572044107133,1.63552542518611,0.763284611689791,-0.495003450802969,-0.139600209595163,0.253233450225725,-0.29398544030991,0.157170197871101
22,14,644,17.8400927468495,1.845947265625,1.6,1.5,3,2444,0.293049119744478,0.951059130276032,1.65917227217844,0.782730314059388,0.242664916829101,22.634163901674,1.26872456454416,22.642420256916,0.330251120505799,0.90572044107133,1.63552542518611,0.763284611689791,-0.00825635524201118,-0.0372020007613215,0.0453386892047017,0.0236468469923277,0.0194457023695972
22,15,645,19.4616381210038,1.85601806640625,1.61666666666667,1.5,1,645,1.78580565167198,1.59775425376104,0.848865345133774,0.556963940463436,0.238477349472941,26.8709370843514,1.38071301692487,26.6447572743959,1.45810079272382,1.51808188711793,1.28809953539555,0.442314136436595,0.226179809955475,0.327704858948158,0.0796723666431027,-0.439234190261778,0.114649804026841
22,15,645,19.4616381210038,1.85601806640625,1.61666666666667,1.5,2,1545,1.19522712891819,1.08266026602625,0.781144648351403,0.175295005303243,0.880170806876186,25.4821898085473,1.30935482666517,26.6447572743959,1.45810079272382,1.51808188711793,1.28809953539555,0.442314136436595,-1.16256746584861,-0.26287366380563,-0.435421621091679,-0.50695488704415,-0.267019131133351
22,15,645,19.4616381210038,1.85601806640625,1.61666666666667,1.5,3,2445,1.39326959758129,1.87383114156651,2.23428861270148,0.594683463543105,-0.847219999785014,27.581144930289,1.41720572332101,26.6447572743959,1.45810079272382,1.51808188711793,1.28809953539555,0.442314136436595,0.936387655893132,-0.0648311951425278,0.355749254448576,0.946189077305928,0.15236932710651
22,16,646,21.1381459596826,1.859375,1.63333333333333,1.5,1,646,1.50874072258313,1.43353604496447,1.70887971357539,0.907371385561588,0.207120595904448,29.0553431137784,1.37454548611768,27.7958350764706,1.08236097399066,1.3196983255437,1.45943869864084,1.03777402882872,1.25950803730782,0.426379748592473,0.113837719420771,0.249441014934548,-0.130402643267129
22,16,646,21.1381459596826,1.859375,1.63333333333333,1.5,2,1546,1.25397909889698,1.17862111352046,1.34565456124342,0.78991748872316,0.277431646139748,27.6907579867825,1.30998991300362,27.7958350764706,1.08236097399066,1.3196983255437,1.45943869864084,1.03777402882872,-0.105077089688159,0.171618124906319,-0.141077212023237,-0.113784137397421,-0.247856540105558
22,16,646,21.1381459596826,1.859375,1.63333333333333,1.5,3,2446,0.484363100491867,1.34693781814616,1.32378182110372,1.4160332122014,0.416974361230332,26.641404128851,1.26034724992745,27.7958350764706,1.08236097399066,1.3196983255437,1.45943869864084,1.03777402882872,-1.15443094761966,-0.597997873498792,0.0272394926024653,-0.135656877537128,0.378259183372686
22,17,647,22.8714792218598,1.85601806640625,1.65,1.5,1,647,0.674454107588091,1.61939267495299,1.62313540297219,1.16568488272284,-0.466898068212916,28.763081180423,1.25759601735476,29.8608184739361,1.26594104897795,1.39665544980093,1.67059384841944,1.14791485405405,-1.09773729351314,-0.591486941389863,0.222737225152065,-0.0474584454472495,0.0177700286687894
22,17,647,22.8714792218598,1.85601806640625,1.65,1.5,2,1547,1.70216745128686,1.31338335848161,2.12366098421888,1.58981199440986,-0.324020176001949,31.0592866053179,1.35799203470987,29.8608184739361,1.26594104897795,1.39665544980093,1.67059384841944,1.14791485405405,1.19846813138177,0.436226402308906,-0.0832720913193195,0.453067135799436,0.441897140355812
22,17,647,22.8714792218598,1.85601806640625,1.65,1.5,3,2447,1.42120158805891,1.25719031596818,1.26498515806726,0.688247685029447,0.27899083231674,29.7600876360675,1.30118770838503,29.8608184739361,1.26594104897795,1.39665544980093,1.67059384841944,1.14791485405405,-0.100730837868632,0.155260539080957,-0.139465133832746,-0.405608690352186,-0.459667169024602
22,18,648,24.6635640117153,1.845947265625,1.66666666666667,1.5,1,648,0.801513826472712,1.34717263325726,1.33508415971246,1.00672316476334,-0.00309690314116886,30.3879333265762,1.23209822036028,30.384394386367,1.07079848232971,1.1335280444441,1.18933211651685,1.266771630673,0.00353894020918943,-0.269284655857003,0.21364458881316,0.145752043195616,-0.260048465909656
22,18,648,24.6635640117153,1.845947265625,1.66666666666667,1.5,2,1548,1.68991088307249,0.707456308529885,0.797576140234077,1.42897176079206,0.148516649747975,30.3070250931217,1.22881774421271,30.384394386367,1.07079848232971,1.1335280444441,1.18933211651685,1.266771630673,-0.0773692932452263,0.619112400742771,-0.426071735914218,-0.39175597628277,0.162200130119058
22,18,648,24.6635640117153,1.845947265625,1.66666666666667,1.5,3,2448,0.720970737443947,1.34595519154516,1.435336049604,1.3646199664636,0.0675240393261798,30.458224739403,1.23494823071537,30.384394386367,1.07079848232971,1.1335280444441,1.18933211651685,1.266771630673,0.0738303530360405,-0.349827744885767,0.212427147101058,0.246003933087154,0.0978483357905979
22,19,649,26.5163917189489,1.82916259765625,1.68333333333333,1.5,1,649,1.31979241342897,1.47279145599398,1.79869358904023,1.14916234425751,-0.634552317804772,33.4731936549424,1.26235854447052,34.6324753792689,1.75630433222571,1.85632985862115,1.31877198399448,1.03471389699187,-1.15928172432645,-0.436511918796738,-0.383538402627167,0.479921605045742,0.114448447265636
22,19,649,26.5163917189489,1.82916259765625,1.68333333333333,1.5,2,1549,1.78726862292051,2.47389533089955,1.20799591659187,1.39026767011802,-0.0455158197506099,35.7164651647778,1.34695797012436,34.6324753792689,1.75630433222571,1.85632985862115,1.31877198399448,1.03471389699187,1.08398978550893,0.0309642906948027,0.617565472278402,-0.110776067402611,0.355553773126151
22,19,649,26.5163917189489,1.82916259765625,1.68333333333333,1.5,3,2449,2.16185196032765,1.62230278896991,0.949626446351352,0.564711676600086,0.0816808206766019,34.7077673180864,1.30891743062024,34.6324753792689,1.75630433222571,1.85632985862115,1.31877198399448,1.03471389699187,0.0752919388175144,0.405547628101935,-0.234027069651235,-0.369145537643131,-0.470002220391788
22,20,650,28.4320212316403,1.8056640625,1.7,1.5,1,650,0.912566316153946,1.22086657614515,1.55736617383895,1.29499259705456,0.198181963920984,34.6895138374936,1.22008609781459,34.909430337687,1.23787302709401,1.43644641787958,1.15468250869027,1.31232875783319,-0.219916500193413,-0.32530671094006,-0.215579841734423,0.402683665148683,-0.0173361607786318
22,20,650,28.4320212316403,1.8056640625,1.7,1.5,2,1550,0.582201011486479,1.21155139440483,0.7683836690873,1.32664097100928,-0.228785805636537,32.4667077437152,1.14190642582895,34.909430337687,1.23787302709401,1.43644641787958,1.15468250869027,1.31232875783319,-2.44272259397187,-0.655672015607527,-0.224895023474748,-0.386298839602965,0.0143122131760951
22,20,650,28.4320212316403,1.8056640625,1.7,1.5,3,2450,2.21885175364159,1.87692128308875,1.13829768314455,1.31535270543573,0.235334622678641,37.5720694318523,1.32147022280782,34.909430337687,1.23787302709401,1.43644641787958,1.15468250869027,1.31232875783319,2.66263909416529,0.980978726547587,0.440474865209171,-0.0163848255457186,0.00302394760253644
22,21,651,30.4125812241143,1.77545166015625,1.71666666666667,1.5,1,651,0.868193337394901,1.33432696298299,2.08891567774862,1.25203667024423,0.0368984888261556,37.4148831515652,1.23024359148768,38.0336110951677,1.40351330100673,1.35277032732245,1.5911237320204,1.27714405538639,-0.618727943602501,-0.535319963611828,-0.0184433643394593,0.497791945728215,-0.0251073851421619
22,21,651,30.4125812241143,1.77545166015625,1.71666666666667,1.5,2,1551,2.24443113278835,1.12054558843058,1.20177259763236,1.64650673895685,0.315356886491349,38.4390792480088,1.26392031523882,38.0336110951677,1.40351330100673,1.35277032732245,1.5911237320204,1.27714405538639,0.405468152841088,0.840917831781621,-0.232224738891861,-0.389351134388047,0.369362683570457
22,21,651,30.4125812241143,1.77545166015625,1.71666666666667,1.5,3,2451,1.09791543283694,1.60343843055377,1.48268292068024,0.932888756958097,0.908400197069007,38.2468708859291,1.25760028733118,38.0336110951677,1.40351330100673,1.35277032732245,1.5911237320204,1.27714405538639,0.213259790761413,-0.305597868169794,0.25066810323132,-0.108440811340168,-0.344255298428295
22,22,652,32.4602725223537,1.738525390625,1.73333333333333,1.5,1,652,1.16909238860183,2.21849196628828,1.8540194770808,1.07413638682627,-0.198761910195749,40.9204227042495,1.26063090431757,40.6526591164546,1.62695589237609,1.73594504917571,1.89219619945273,1.52126657928516,0.267763587794889,-0.457863503774256,0.482546917112573,-0.0381767223719327,-0.447130192458887
22,22,652,32.4602725223537,1.738525390625,1.73333333333333,1.5,2,1552,1.66882709930122,1.46516920801779,2.36867275155342,1.37235099374944,-0.668382556910662,40.7858240047022,1.25648433717293,40.6526591164546,1.62695589237609,1.73594504917571,1.89219619945273,1.52126657928516,0.133164888247556,0.0418712069251288,-0.270775841157922,0.476476552100682,-0.148915585535719
22,22,652,32.4602725223537,1.738525390625,1.73333333333333,1.5,3,2452,2.04294818922522,1.52417397322106,1.45389636972398,2.11731235727977,-0.583005288810026,40.2517306404122,1.24003058238938,40.6526591164546,1.62695589237609,1.73594504917571,1.89219619945273,1.52126657928516,-0.400928476042452,0.415992296849127,-0.211771075954651,-0.43829982972875,0.596045777994606
22,23,653,34.5773705495876,1.69488525390625,1.75,1.5,1,653,1.7514918048651,2.40950222120099,1.78168883371134,1.71791617170943,-0.288466056488892,44.146644263171,1.27674960708363,43.5807316759104,2.02979999135705,1.76029110408472,1.6874844369383,1.81198713612926,0.565912587260527,-0.278308186491941,0.649211117116274,0.0942043967730299,-0.0940709644198257
22,23,653,34.5773705495876,1.69488525390625,1.75,1.5,2,1553,2.48281837088299,1.50498095266219,1.84143830770473,1.3426815027238,-0.328420227523297,43.8529166957174,1.26825481517826,43.5807316759104,2.02979999135705,1.76029110408472,1.6874844369383,1.81198713612926,0.272185019806948,0.453018379525949,-0.255310151422529,0.153953870766428,-0.469305633405461
22,23,653,34.5773705495876,1.69488525390625,1.75,1.5,3,2453,1.85508979832304,1.36639013839097,1.43932616939885,2.37536373395455,0.470927179123228,42.742634068843,1.23614472093954,43.5807316759104,2.02979999135705,1.76029110408472,1.6874844369383,1.81198713612926,-0.838097607067475,-0.174710193034007,-0.393900965693745,-0.248158267539458,0.563376597825286
22,24,654,36.766227854774,1.64453125,1.76666666666667,1.5,1,654,2.63419221232233,1.61258567847486,2.7575771537455,1.66346507255329,-0.558908202054962,47.5245981603136,1.29261555871424,46.1177643898293,2.44568559765132,1.76344449177167,1.88018213544102,2.08218458466944,1.40683377048433,0.18850661467101,-0.150858813296815,0.877395018304482,-0.418719512116144
22,24,654,36.766227854774,1.64453125,1.76666666666667,1.5,2,1554,2.45786760154172,2.06189920639319,1.05620955203403,2.57818379694028,-0.427976008196956,45.6072948516873,1.24046706754458,46.1177643898293,2.44568559765132,1.76344449177167,1.88018213544102,2.08218458466944,-0.510469538141969,0.0121820038903984,0.298454714621516,-0.823972583406992,0.495999212270848
22,24,654,36.766227854774,1.64453125,1.76666666666667,1.5,3,2454,2.24499697908991,1.61584859044697,1.82675970054353,2.00490488451473,-0.831600779494348,45.2214001574869,1.22997116636797,46.1177643898293,2.44568559765132,1.76344449177167,1.88018213544102,2.08218458466944,-0.896364232342371,-0.200688618561408,-0.147595901324701,-0.0534224348974897,-0.0772797001547034
22,25,655,39.0292767267848,1.58746337890625,1.78333333333333,1.5,1,655,2.02471045015209,2.08259472308632,2.22009793669948,2.53164076884717,1.01330526666455,50.3008431805077,1.28879772824454,49.6122427103152,1.96660068662065,2.52396431887346,1.70716069883254,2.27790027398835,0.688600470192526,0.0581097635314383,-0.441369595787137,0.512937237866945,0.253740494858824
22,25,655,39.0292767267848,1.58746337890625,1.78333333333333,1.5,2,1555,1.99578847072968,3.01800113407334,1.471810314224,1.81274661690913,-0.561695999950052,49.2256393299282,1.2612490791085,49.6122427103152,1.96660068662065,2.52396431887346,1.70716069883254,2.27790027398835,-0.386603380386994,0.0291877841090313,0.494036815199885,-0.235350384608535,-0.465153657079215
22,25,655,39.0292767267848,1.58746337890625,1.78333333333333,1.5,3,2455,1.87930313898018,2.47129709946071,1.42957384557413,2.48931343620874,0.746136720330832,49.3102456205096,1.26341684386555,49.6122427103152,1.96660068662065,2.52396431887346,1.70716069883254,2.27790027398835,-0.301997089805532,-0.0872975476404698,-0.0526672194127475,-0.27758685325841,0.21141316222039
22,26,656,41.369031897199,1.523681640625,1.8,1.5,1,656,1.83680529209186,2.24409915286248,1.97148738261208,2.29251016546059,0.269970170072076,51.4343181173049,1.24330485289377,51.9968443436947,2.42471216468209,2.22180871159005,1.87145027955124,2.16602851890466,-0.562526226389807,-0.587906872590231,0.0222904412724287,0.100037103060845,0.126481646555931
22,26,656,41.369031897199,1.523681640625,1.8,1.5,2,1556,2.40067742917706,1.76305261659717,1.41003456577751,1.49214703396082,-0.257543064279951,50.0579035153602,1.21003323548283,51.9968443436947,2.42471216468209,2.22180871159005,1.87145027955124,2.16602851890466,-1.93894082833456,-0.0240347355050341,-0.458756094992886,-0.461415713773728,-0.673881484943846
22,26,656,41.369031897199,1.523681640625,1.8,1.5,3,2456,3.03665377277736,2.65827436531051,2.23282889026412,2.71342835729258,0.368248705749453,54.4983113984191,1.31736975459919,51.9968443436947,2.42471216468209,2.22180871159005,1.87145027955124,2.16602851890466,2.50146705472437,0.611941608095265,0.436465653720458,0.361378610712883,0.547399838387915
22,27,657,43.7880933347085,1.45318603515625,1.81666666666667,1.5,1,657,2.30773564466012,1.38690701300929,2.76805581017234,2.82477784378228,-0.370302118263551,53.442991883656,1.22049141247478,54.2212686378326,2.1025823307715,1.93980883582807,2.67310406666539,2.51954025626878,-0.778276754176588,0.205153313888616,-0.55290182281878,0.0949517435069587,0.305237587513492
22,27,657,43.7880933347085,1.45318603515625,1.81666666666667,1.5,2,1557,2.15506740282435,2.67728273956391,2.22339403759461,2.79701757579775,0.0545162569093936,55.1731448128224,1.26000336189769,54.2212686378326,2.1025823307715,1.93980883582807,2.67310406666539,2.51954025626878,0.951876174989742,0.0524850720528494,0.73747390373585,-0.449710029070774,0.277477319528963
22,27,657,43.7880933347085,1.45318603515625,1.81666666666667,1.5,3,2457,1.84494394483004,1.755236754911,3.0278623522292,1.93682534922633,-0.15194452706088,54.0476692170195,1.23430058495328,54.2212686378326,2.1025823307715,1.93980883582807,2.67310406666539,2.51954025626878,-0.173599420813154,-0.257638385941465,-0.18457208091707,0.354758285563815,-0.582714907042455
22,28,658,46.2891491342386,1.3759765625,1.83333333333333,1.5,1,658,2.64656265624022,1.80224029845398,2.20500641631718,2.17763303558948,-0.409649058231721,56.1327251004893,1.21265407013,56.8983907367903,2.24632797124898,2.4160925256969,2.29668958274835,2.15710723884051,-0.765665636301009,0.400234684991248,-0.613852227242919,-0.0916831664311677,0.0205257967489669
22,28,658,46.2891491342386,1.3759765625,1.83333333333333,1.5,2,1558,2.00294552810914,2.65130154884095,2.16204157718382,1.79555061906481,-0.310081255939655,56.8388558529255,1.22790884939563,56.8983907367903,2.24632797124898,2.4160925256969,2.29668958274835,2.15710723884051,-0.0595348838647851,-0.243382443139834,0.235209023144059,-0.134648005564533,-0.361556619775697
22,28,658,46.2891491342386,1.3759765625,1.83333333333333,1.5,3,2458,2.08947572939756,2.79473572979576,2.52302075474405,2.49813806186724,-0.348840812254498,57.7235912569561,1.24702208479913,56.8983907367903,2.24632797124898,2.4160925256969,2.29668958274835,2.15710723884051,0.825200520165787,-0.156852241851414,0.37864320409886,0.226331171995701,0.341030823026729
22,29,659,48.8749785039976,1.29205322265625,1.85,1.5,1,659,2.75874647599116,2.0258798868009,2.57516840277945,2.35767635116826,0.29453616096818,60.3445923345126,1.23467250895214,60.1466645307064,2.18215172127018,2.29456509311376,2.80007043433029,2.5440837632487,0.19792780380623,0.576594754720981,-0.268685206312859,-0.224902031550835,-0.186407412080436
22,29,659,48.8749785039976,1.29205322265625,1.85,1.5,2,1559,1.80026633205451,2.20744316947654,3.1690470379882,2.70984562310219,-0.496392864497536,59.5419659759846,1.21825047904859,60.1466645307064,2.18215172127018,2.29456509311376,2.80007043433029,2.5440837632487,-0.604698554721821,-0.381885389215668,-0.0871219236372238,0.368976603657906,0.165761859853495
22,29,659,48.8749785039976,1.29205322265625,1.85,1.5,3,2459,1.98744235576486,2.65037222306384,2.65599586222322,2.56472931547564,0.223393071011871,60.553435281622,1.23894551230686,60.1466645307064,2.18215172127018,2.29456509311376,2.80007043433029,2.5440837632487,0.406770750915584,-0.194709365505313,0.355807129950082,-0.144074572107072,0.0206455522269411
22,30,660,51.5484548537714,1.201416015625,1.86666666666667,1.5,1,660,2.4675019800271,3.18235508187744,2.52124787630849,2.79306585030738,-0.0667889921430943,64.1684302263198,1.24481772360293,63.910772045394,2.38536307226277,2.85097258797757,2.76083650255047,2.96842272240811,0.257658180925802,0.0821389077643317,0.331382493899875,-0.239588626241984,-0.175356872100727
22,30,660,51.5484548537714,1.201416015625,1.86666666666667,1.5,2,1560,2.29041256218003,2.54550678201778,2.6488238800156,3.6585458623034,-0.224125360570535,62.8009163075825,1.21828901536877,63.910772045394,2.38536307226277,2.85097258797757,2.76083650255047,2.96842272240811,-1.10985573781151,-0.0949505100827395,-0.305465805959781,-0.112012622534869,0.690123139895289
22,30,660,51.5484548537714,1.201416015625,1.86666666666667,1.5,3,2460,2.39817467458117,2.82505590003747,3.11243775132732,2.45365645461355,0.391214979139363,64.7629696022798,1.25635132587377,63.910772045394,2.38536307226277,2.85097258797757,2.76083650255047,2.96842272240811,0.852197556885713,0.0128116023184073,-0.0259166879400938,0.351601248776853,-0.514766267794563
23,1,661,1.01685340540722,1.09791564941406,1.4,1.5,1,661,0.0515708726280904,-0.406364592285999,0.511726421842632,0.170834699892803,0.283560743988025,1.55571382107112,1.52992930229515,0.851467630429649,0.149671143812052,-0.248484055058936,0.0100024095583551,-0.074016444862963,0.704246190641469,-0.0981002711839615,-0.157880537227063,0.501724012284277,0.244851144755766
23,1,661,1.01685340540722,1.09791564941406,1.4,1.5,2,1561,0.301220574664384,0.0183875934954194,-0.290269917569255,0.0514644248055069,-0.441680915671977,0.496225027124475,0.488000555916661,0.851467630429649,0.149671143812052,-0.248484055058936,0.0100024095583551,-0.074016444862963,-0.355242603305174,0.151549430852332,0.266871648554355,-0.30027232712761,0.12548086966847
23,1,661,1.01685340540722,1.09791564941406,1.4,1.5,3,2461,0.0962219841436815,-0.357475166386228,-0.191449275598311,-0.444348459287199,0.167606161815299,0.502464043093355,0.494136165962026,0.851467630429649,0.149671143812052,-0.248484055058936,0.0100024095583551,-0.074016444862963,-0.349003587336294,-0.0534491596683704,-0.108991111327293,-0.201451685156667,-0.370332014424236
23,2,662,2.06817317241739,1.18951416015625,1.41666666666667,1.5,1,662,-0.121845495042122,0.409470253295153,0.522316621404416,-0.240787758262569,0.417452278217393,3.70424629987236,1.79107163233465,3.02873603076523,0.0529381492461837,0.047847519253799,0.237793436460499,-0.188875485507295,0.675510269107128,-0.174783644288305,0.361622734041354,0.284523184943917,-0.0519122727552747
23,2,662,2.06817317241739,1.18951416015625,1.41666666666667,1.5,2,1562,0.377251852008727,-0.541811119984446,-0.0681704167982224,-0.545718791945245,0.511120653359533,2.15821886717784,1.04353875969448,3.02873603076523,0.0529381492461837,0.047847519253799,0.237793436460499,-0.188875485507295,-0.870517163587386,0.324313702762544,-0.589658639238245,-0.305963853258721,-0.35684330643795
23,2,662,2.06817317241739,1.18951416015625,1.41666666666667,1.5,3,2462,-0.0965919092280546,0.27588342445069,0.259234104775303,0.21988009368593,0.490781188143294,3.22374292524549,1.55873935908249,3.02873603076523,0.0529381492461837,0.047847519253799,0.237793436460499,-0.188875485507295,0.195006894480257,-0.149530058474238,0.228035905196891,0.0214406683148043,0.408755579193225
23,3,663,3.15512754226943,1.27479553222656,1.43333333333333,1.5,1,663,-0.0512921632300986,-0.412098688461129,0.0930053609581169,0.662433428707424,0.86370325346995,3.50227702985831,1.11002708541512,3.71294148605663,-0.171707063060989,0.0431125416731217,0.306506948580525,0.502884916000132,-0.210664456198321,0.12041489983089,-0.45521123013425,-0.213501587622408,0.159548512707292
23,3,663,3.15512754226943,1.27479553222656,1.43333333333333,1.5,2,1563,0.0740756098416387,0.240807289228496,0.580706585502851,0.341486469410913,0.302034860132196,4.76781065168983,1.5111308775367,3.71294148605663,-0.171707063060989,0.0431125416731217,0.306506948580525,0.502884916000132,1.0548691656332,0.245782672902627,0.197694747555374,0.274199636922325,-0.161398446589219
23,3,663,3.15512754226943,1.27479553222656,1.43333333333333,1.5,3,2463,-0.537904635794506,0.300629024251998,0.245808899280608,0.504734849882058,-0.400287289521664,2.86873677662175,0.909230051143452,3.71294148605663,-0.171707063060989,0.0431125416731217,0.306506948580525,0.502884916000132,-0.844204709434877,-0.366197572733517,0.257516482578876,-0.060698049299917,0.00184993388192656
23,4,664,4.27892435387168,1.353759765625,1.45,1.5,1,664,0.383093004182394,0.85212313478845,0.822905272939728,0.7763478988883,-0.713827840652672,6.55364886362639,1.53161129331405,6.58443356176949,-0.0532677392015845,0.876368438380099,0.683652925913114,0.141449976249817,-0.0307846981431004,0.436360743383978,-0.024245303591649,0.139252347026614,0.634897922638482
23,4,664,4.27892435387168,1.353759765625,1.45,1.5,2,1564,0.237986000666842,1.70143651329298,1.10712708672975,-0.52634603182536,0.110073777734178,8.83894757846008,2.06569381635886,6.58443356176949,-0.0532677392015845,0.876368438380099,0.683652925913114,0.141449976249817,2.25451401669059,0.291253739868426,0.825068074912878,0.423474160816638,-0.667796008075177
23,4,664,4.27892435387168,1.353759765625,1.45,1.5,3,2464,-0.780882222453989,0.0755456670588706,0.120926418069861,0.174348061686512,0.847975979460205,4.360704243222,1.01911225405897,6.58443356176949,-0.0532677392015845,0.876368438380099,0.683652925913114,0.141449976249817,-2.22372931854749,-0.727614483252404,-0.800822771321229,-0.562726507843252,0.0328980854366943
23,5,665,5.44081238596938,1.42640686035156,1.46666666666667,1.5,1,665,0.0754492113555579,-0.145192536180497,0.359945989263474,-0.281720646731999,0.22532572585859,6.10072931534413,1.12129014613269,7.96754460576393,0.901931114850837,0.32767718531928,0.500333386740416,0.206482403939811,-1.86681529041979,-0.826481903495279,-0.472869721499777,-0.140387397476942,-0.488203050671809
23,5,665,5.44081238596938,1.42640686035156,1.46666666666667,1.5,2,1565,1.9698855852634,0.685611131145237,0.817280063847195,-0.102494786135568,-0.264818812281863,10.217334974732,1.87790613789224,7.96754460576393,0.901931114850837,0.32767718531928,0.500333386740416,0.206482403939811,2.2497903689681,1.06795447041257,0.357933945825957,0.316946677106778,-0.308977190075379
23,5,665,5.44081238596938,1.42640686035156,1.46666666666667,1.5,3,2465,0.660458547933548,0.4426129609931,0.323774107110581,1.003662644687,0.0668477007069165,7.58456952721562,1.39401416354192,7.96754460576393,0.901931114850837,0.32767718531928,0.500333386740416,0.206482403939811,-0.382975078548306,-0.241472566917289,0.11493577567382,-0.176559279629836,0.797180240747188
23,6,666,6.6420827448051,1.49273681640625,1.48333333333333,1.5,1,666,0.15487316410401,0.0378437002672306,0.682086893597748,-0.652729339435601,-0.183450776966989,7.76908200422917,1.16967558260329,8.95271602475676,0.873280584276868,0.144978911540396,0.525652191531937,0.12245346102302,-1.18363402052759,-0.718407420172858,-0.107135211273165,0.156434702065811,-0.775182800458621
23,6,666,6.6420827448051,1.49273681640625,1.48333333333333,1.5,2,1566,0.643747800389414,0.690341887562581,0.392758192238924,0.435698813092467,-0.358975053041182,8.85719815546195,1.33349711163857,8.95271602475676,0.873280584276868,0.144978911540396,0.525652191531937,0.12245346102302,-0.0955178692948095,-0.229532783887454,0.545362976022186,-0.132893999293013,0.313245352069447
23,6,666,6.6420827448051,1.49273681640625,1.48333333333333,1.5,3,2466,1.82122078833718,-0.293248853208625,0.502111488759139,0.584390909412194,0.553000414006153,10.2318679145792,1.54046077227534,8.95271602475676,0.873280584276868,0.144978911540396,0.525652191531937,0.12245346102302,1.2791518898224,0.947940204060312,-0.438227764749021,-0.023540702772798,0.461937448389174
23,7,667,7.88407029881404,1.55274963378906,1.5,1.5,1,667,-0.209132633199399,1.54321541404937,0.992862291516331,0.685163691350863,-0.129155380338084,11.2343008572108,1.42493666740906,11.4203929920413,0.343698524333175,1.4511617910852,0.747105336428767,0.462334520133981,-0.186092134830503,-0.552831157532574,0.0920536229641657,0.245756955087564,0.222829171216882
23,7,667,7.88407029881404,1.55274963378906,1.5,1.5,2,1567,0.271807963082009,1.29635348656559,0.0382657937892582,0.645307275180617,0.15451014458957,10.4625590790724,1.32705045522568,11.4203929920413,0.343698524333175,1.4511617910852,0.747105336428767,0.462334520133981,-0.957833912968875,-0.0718905612511663,-0.154808304519609,-0.708839542639509,0.182972755046636
23,7,667,7.88407029881404,1.55274963378906,1.5,1.5,3,2467,0.968420243116916,1.51391647264065,1.21018792398071,0.056532593870463,-0.909622031759106,12.5643190398407,1.59363356282232,11.4203929920413,0.343698524333175,1.4511617910852,0.747105336428767,0.462334520133981,1.14392604779938,0.624721718783741,0.0627546815554436,0.463082587551944,-0.405801926263518
23,8,668,9.16815516194857,1.6064453125,1.51666666666667,1.5,1,668,0.252297531466848,0.860148910585349,0.329810207012468,-0.523785115641084,0.112031680704987,11.4847635210069,1.25267988140877,12.0860010064626,0.421048638512538,0.993024797924016,0.589648348487538,0.182889490247328,-0.601237485455647,-0.16875110704569,-0.132875887338667,-0.25983814147507,-0.706674605888412
23,8,668,9.16815516194857,1.6064453125,1.51666666666667,1.5,2,1568,0.322980274953993,1.01058532779698,0.752020122878484,0.114479216258471,-0.365258704772278,11.9824978707159,1.30696935850824,12.0860010064626,0.421048638512538,0.993024797924016,0.589648348487538,0.182889490247328,-0.103503135746683,-0.0980683635585451,0.0175605298729645,0.162371774390946,-0.068410273988857
23,8,668,9.16815516194857,1.6064453125,1.51666666666667,1.5,3,2468,0.687868109116773,1.10834015538972,0.687114715571662,0.957974370124596,-0.194090676157762,12.7907416276649,1.39512708955358,12.0860010064626,0.421048638512538,0.993024797924016,0.589648348487538,0.182889490247328,0.70474062120233,0.266819470604235,0.115315357465702,0.097466367084124,0.775084879877269
23,9,669,10.4957642272801,1.65382385253906,1.53333333333333,1.5,1,669,0.718102386032283,0.334271960316628,0.409785190375285,-0.285323794949805,0.385441753168434,13.196048959749,1.25727376053765,13.1503022167253,0.59564196654629,0.414928645390411,0.703877542940308,0.404172945519892,0.045746743023761,0.122460419485993,-0.0806566850737824,-0.294092352565023,-0.689496740469698
23,9,669,10.4957642272801,1.65382385253906,1.53333333333333,1.5,2,1569,0.67881186194381,0.667793772975102,0.719733872733073,0.859638160048159,-0.00367725675807997,13.7182734801859,1.30702950096097,13.1503022167253,0.59564196654629,0.414928645390411,0.703877542940308,0.404172945519892,0.567971263460647,0.0831698953975206,0.252865127584692,0.0158563297927647,0.455465214528266
23,9,669,10.4957642272801,1.65382385253906,1.53333333333333,1.5,3,2469,0.390011651662776,0.242720202879502,0.982113565712567,0.638204471461324,-0.449531915644715,12.5365842102409,1.19444224725021,13.1503022167253,0.59564196654629,0.414928645390411,0.703877542940308,0.404172945519892,-0.61371800648441,-0.205630314883514,-0.172208442510909,0.278236022772259,0.234031525941431
23,10,670,11.8683727525827,1.69488525390625,1.55,1.5,1,670,0.283509215718929,1.49510976526942,1.02674033176174,1.14129565759927,-1.26383164161486,14.9425873338466,1.25902578604088,13.9867511187477,0.361383212102498,1.05201104058604,0.543161649459547,0.774368129583265,0.955836215098888,-0.0778739963835689,0.44309872468338,0.483578682302194,0.36692752801601
23,10,670,11.8683727525827,1.69488525390625,1.55,1.5,2,1570,0.044301105996261,1.01619311288814,0.912841414825597,1.19271175174322,-0.932501018450806,13.9553184726317,1.175840931487,13.9867511187477,0.361383212102498,1.05201104058604,0.543161649459547,0.774368129583265,-0.0314326461159844,-0.317082106106237,-0.0358179276978914,0.36967976536605,0.418343622159951
23,10,670,11.8683727525827,1.69488525390625,1.55,1.5,3,2470,0.756339314592303,0.644730243600548,-0.310096798208697,-0.0109030205926957,-0.622120234337763,13.0623475497648,1.10060139010399,13.9867511187477,0.361383212102498,1.05201104058604,0.543161649459547,0.774368129583265,-0.924403568982902,0.394956102489806,-0.407280796985488,-0.853258447668244,-0.785271150175961
23,11,671,13.2875059996601,1.72962951660156,1.56666666666667,1.5,1,671,1.20497979640693,0.274039138769616,-0.163576252078508,0.309976622333423,0.178017380641941,15.7336556090306,1.18409396085564,17.1684427319763,1.1353721142206,0.481134813309689,0.722265720646525,0.628121480973615,-1.43478712294565,0.0696076821863232,-0.207095674540073,-0.885841972725033,-0.318144858640192
23,11,671,13.2875059996601,1.72962951660156,1.56666666666667,1.5,2,1571,1.19297779812627,0.53725675259595,1.55650147990167,0.660897214445242,-0.0869080304817712,18.440462047054,1.38780460739026,17.1684427319763,1.1353721142206,0.481134813309689,0.722265720646525,0.628121480973615,1.27201931507774,0.0576056839056636,0.0561219392862608,0.83423575925515,0.032775733471627
23,11,671,13.2875059996601,1.72962951660156,1.56666666666667,1.5,3,2471,1.00815874812862,0.632108548563501,0.773871934116408,0.91349060614218,0.148852118076668,17.3312105398442,1.30432381669574,17.1684427319763,1.1353721142206,0.481134813309689,0.722265720646525,0.628121480973615,0.162767807867912,-0.127213366091987,0.150973735253812,0.051606213469883,0.285369125168565
23,12,672,14.7547409292381,1.758056640625,1.58333333333333,1.5,1,672,-0.101717434225568,1.57205615629436,0.772627285803071,0.977312704683929,0.516913993050489,18.7408597544183,1.27015851002042,18.3684256989766,0.484596268363619,0.534954773911006,1.18532919678843,0.7598673300576,0.372434055441701,-0.586313702589187,1.03710138238335,-0.412701910985358,0.217445374626329
23,12,672,14.7547409292381,1.758056640625,1.58333333333333,1.5,2,1572,0.399330213217878,0.358956908233888,1.67765635122439,0.265886722212763,-0.153176715972946,18.3884423112886,1.24627347911273,18.3684256989766,0.484596268363619,0.534954773911006,1.18532919678843,0.7598673300576,0.0200166123119949,-0.0852660551457413,-0.175997865677118,0.492327154435965,-0.493980607844837
23,12,672,14.7547409292381,1.758056640625,1.58333333333333,1.5,3,2472,1.15617602609855,-0.326148742795227,1.10570395333782,1.03640256327611,0.0464574076565682,17.9759750312229,1.21831858095194,18.3684256989766,0.484596268363619,0.534954773911006,1.18532919678843,0.7598673300576,-0.392450667753693,0.671579757734928,-0.861103516706232,-0.0796252434506068,0.276535233218508
23,13,673,16.2717079533052,1.78016662597656,1.6,1.5,1,673,0.0932401312664466,0.339872798073456,0.487178435434954,0.92214977051439,-0.203270758989216,17.5089842942682,1.07603850465566,19.748882773697,0.437423613827987,0.954399505348605,0.775815816576677,0.698914837321297,-2.23989847942885,-0.344183482561541,-0.614526707275149,-0.288637381141723,0.223234933193093
23,13,673,16.2717079533052,1.78016662597656,1.6,1.5,2,1573,1.1730301891745,2.06625819823972,1.13877090084045,0.339960945512091,0.734039583169286,24.1081061989502,1.48159653971992,19.748882773697,0.437423613827987,0.954399505348605,0.775815816576677,0.698914837321297,4.35922342525315,0.735606575346517,1.11185869289112,0.362955084263775,-0.358953891809205
23,13,673,16.2717079533052,1.78016662597656,1.6,1.5,3,2473,0.0460005210430117,0.457067519732633,0.701498113454625,0.834633795937409,-0.507593919524955,17.6295578278727,1.08344851557465,19.748882773697,0.437423613827987,0.954399505348605,0.775815816576677,0.698914837321297,-2.1193249458243,-0.391423092784976,-0.497331985615971,-0.0743177031220518,0.135718958616112
23,14,674,17.8400927468495,1.79595947265625,1.61666666666667,1.5,1,674,0.180513529661213,0.0431037378513508,0.407643253476344,1.88541648317367,-0.994886494578921,17.8505504922157,1.00058619344163,20.2664239936391,0.501397909487239,0.28671874538838,0.91612553773524,1.06894353269941,-2.4158735014234,-0.320884379826027,-0.243615007537029,-0.508482284258896,0.816472950474261
23,14,674,17.8400927468495,1.79595947265625,1.61666666666667,1.5,2,1574,0.247468425752493,0.455719775612347,1.76767148816708,0.923387115908112,-0.00476971835997528,21.6680204947269,1.21456882552101,20.2664239936391,0.501397909487239,0.28671874538838,0.91612553773524,1.06894353269941,1.40159650108778,-0.253929483734746,0.169001030223966,0.851545950431843,-0.145556416791295
23,14,674,17.8400927468495,1.79595947265625,1.61666666666667,1.5,3,2474,1.07621177304801,0.361332722701443,0.573061871562293,0.398026999016441,0.0640281430247709,21.2807009939748,1.19285820404341,20.2664239936391,0.501397909487239,0.28671874538838,0.91612553773524,1.06894353269941,1.01427700033562,0.574813863560773,0.0746139773130631,-0.343063666172947,-0.670916533682966
23,15,675,19.4616381210038,1.80543518066406,1.63333333333333,1.5,1,675,0.403891670023501,2.39412597459943,0.130832148689948,1.9745147495976,-0.447598711749867,23.8498936210389,1.22548232953212,24.6562945957904,0.821252162223523,1.40679098597329,1.07342090063592,1.39096518043989,-0.80640097475149,-0.417360492200021,0.98733498862614,-0.94258875194597,0.583549569157703
23,15,675,19.4616381210038,1.80543518066406,1.63333333333333,1.5,2,1575,1.40140830731867,1.18347698509834,1.52248249650662,0.744430090482481,-0.42010997271923,25.7884161625465,1.32508969708539,24.6562945957904,0.821252162223523,1.40679098597329,1.07342090063592,1.39096518043989,1.13212156675612,0.580156145095151,-0.223314000874943,0.449061595870696,-0.646535089957414
23,15,675,19.4616381210038,1.80543518066406,1.63333333333333,1.5,3,2475,0.658456509328393,0.64276999822209,1.56694805671119,1.45395070123961,0.279855587073633,24.3305740037857,1.25018119505198,24.6562945957904,0.821252162223523,1.40679098597329,1.07342090063592,1.39096518043989,-0.325720592004629,-0.16279565289513,-0.764020987751197,0.493527156075274,0.0629855207997105
23,16,676,21.1381459596826,1.80859375,1.65,1.5,1,676,0.276898565323634,0.445401748878552,0.871439543728536,2.42308432990445,0.491049578628932,24.1720647541822,1.14352814103405,25.3661606870393,0.728870612219379,0.569778250430789,1.05126890158468,1.44079144063944,-1.19409593285708,-0.451972046895745,-0.124376501552237,-0.179829357856143,0.982292889265013
23,16,676,21.1381459596826,1.80859375,1.65,1.5,2,1576,1.28522221726334,0.643037669234263,1.71247704275737,1.2364110882033,0.387141989676669,27.4794605372355,1.29999388733751,25.3661606870393,0.728870612219379,0.569778250430789,1.05126890158468,1.44079144063944,2.11329985019616,0.556351605043962,0.0732594188034745,0.661208141172687,-0.204380352436134
23,16,676,21.1381459596826,1.80859375,1.65,1.5,3,2476,0.624491054071161,0.620895333179551,0.569890118268134,0.662878903810557,0.300047715545152,24.4469567697002,1.15653268817088,25.3661606870393,0.728870612219379,0.569778250430789,1.05126890158468,1.44079144063944,-0.919203917339086,-0.104379558148218,0.0511170827487625,-0.481378783316545,-0.777912536828879
23,17,677,22.8714792218598,1.80543518066406,1.66666666666667,1.5,1,677,0.90944430883659,1.20360668296226,0.741878071869184,0.484942044774197,0.115245852429817,27.7474960703921,1.21319201968677,28.2597119124864,0.506571641117278,1.55379635873896,1.27344000520474,0.756473232427976,-0.512215842094335,0.402872667719312,-0.350189675776704,-0.531561933335559,-0.271531187653778
23,17,677,22.8714792218598,1.80543518066406,1.66666666666667,1.5,2,1577,-0.0486201015670227,1.9549269331775,1.33661963120124,0.459571762527538,-0.139104460307458,27.9077353217934,1.22019809261485,28.2597119124864,0.506571641117278,1.55379635873896,1.27344000520474,0.756473232427976,-0.351976590692978,-0.5551917426843,0.40113057443854,0.0631796259964938,-0.296901469900437
23,17,677,22.8714792218598,1.80543518066406,1.66666666666667,1.5,3,2477,0.658890716082266,1.50285546007713,1.74182231254381,1.32490588998219,-0.054651924558154,29.1239043452737,1.27337213578377,28.2597119124864,0.506571641117278,1.55379635873896,1.27344000520474,0.756473232427976,0.864192432787316,0.152319074964988,-0.0509408986618358,0.468382307339066,0.568432657554215
23,18,678,24.6635640117153,1.79595947265625,1.68333333333333,1.5,1,678,1.46685659306971,1.72117100630231,1.10047428473091,1.5950174179486,0.542286589309319,32.3882815487483,1.31320362026201,30.1277371636871,0.868398628117975,1.20064182591588,1.30548684764993,1.27154200322906,2.26054438506121,0.598457964951732,0.520529180386427,-0.205012562919029,0.323475414719547
23,18,678,24.6635640117153,1.79595947265625,1.68333333333333,1.5,2,1578,0.860162696600606,1.12920174859802,1.2640563589801,2.01530376460995,-0.83416198640039,29.1711268502438,1.18276202240631,30.1277371636871,0.868398628117975,1.20064182591588,1.30548684764993,1.27154200322906,-0.956610313443331,-0.00823593151736868,-0.071440077317861,-0.041430488669834,0.743761761380896
23,18,678,24.6635640117153,1.79595947265625,1.68333333333333,1.5,3,2478,0.278176594683611,0.751552722847316,1.5519298992388,0.204304827128612,0.0676365910761587,28.8238030920692,1.16867955816839,30.1277371636871,0.868398628117975,1.20064182591588,1.30548684764993,1.27154200322906,-1.30393407161787,-0.590222033434363,-0.449089103068566,0.246443051588863,-1.06723717610044
23,19,679,26.5163917189489,1.78016662597656,1.7,1.5,1,679,1.25236076809467,1.23986017672193,1.32121074443211,0.95835158998668,0.0210496088887479,32.8564305879576,1.23909885387905,32.6305385876288,1.09596876772118,1.19504523579598,1.54831744416566,1.02569207183921,0.225892000328727,0.15639200037349,0.0448149409259491,-0.227106699733555,-0.0673404818525313
23,19,679,26.5163917189489,1.78016662597656,1.7,1.5,2,1579,1.20603270489877,0.328582476491037,1.95291413569534,0.865213922108604,-0.289112939732709,31.862179363891,1.20160313294519,32.6305385876288,1.09596876772118,1.19504523579598,1.54831744416566,1.02569207183921,-0.768359223737853,0.110063937177594,-0.866462759304941,0.404596691529684,-0.160478149730607
23,19,679,26.5163917189489,1.78016662597656,1.7,1.5,3,2479,0.829512830170095,2.01669305417497,1.37082745236953,1.25351070342235,-0.304676334650818,33.173005811038,1.25103770387176,32.6305385876288,1.09596876772118,1.19504523579598,1.54831744416566,1.02569207183921,0.542467223409133,-0.266455937551084,0.821647818378992,-0.177489991796129,0.227818631583139
23,20,680,28.4320212316403,1.758056640625,1.71666666666667,1.5,1,680,2.23389213292337,1.1882358803515,1.67312613177626,1.42655891545743,-0.00711352208098754,36.9017107338863,1.29789262723329,35.2800788699802,1.62619302834017,0.989704143712765,1.49991134674668,1.42292798645052,1.62163186390614,0.6076991045832,0.198531736638737,0.173214785029582,0.00363092900690676
23,20,680,28.4320212316403,1.758056640625,1.71666666666667,1.5,2,1580,1.72911773962179,1.13773392740001,1.74561562077315,1.53230022742629,-0.189766611242984,35.8536748848249,1.26103151769335,35.2800788699802,1.62619302834017,0.989704143712765,1.49991134674668,1.42292798645052,0.573596014844775,0.102924711281617,0.148029783687241,0.245704274026471,0.109372240975767
23,20,680,28.4320212316403,1.758056640625,1.71666666666667,1.5,3,2480,0.915569212475353,0.643142623386787,1.08099228769062,1.30992481646785,0.317657290628299,33.0848509912293,1.16364751987492,35.2800788699802,1.62619302834017,0.989704143712765,1.49991134674668,1.42292798645052,-2.19522787875091,-0.710623815864817,-0.346561520325978,-0.418919059056053,-0.113003169982674
23,21,681,30.4125812241143,1.72962951660156,1.73333333333333,1.5,1,681,1.73265176592982,2.80977994755127,1.8101497237783,1.54752941432711,0.288628533150515,41.2835652216985,1.35745022487485,39.8207626324541,1.58070537829827,2.22819969739824,1.78970316176844,1.6280156269435,1.46280258924441,0.15194638763155,0.581580250153032,0.0204465620098582,-0.0804862126163981
23,21,681,30.4125812241143,1.72962951660156,1.73333333333333,1.5,2,1581,2.05961880242695,1.61701085026258,2.1063308361139,1.55601244203346,-0.532545891466921,39.4047278675653,1.29567193186223,39.8207626324541,1.58070537829827,2.22819969739824,1.78970316176844,1.6280156269435,-0.416034764888842,0.47891342412868,-0.611188847135662,0.316627674345465,-0.0720031849100431
23,21,681,30.4125812241143,1.72962951660156,1.73333333333333,1.5,3,2481,0.949845566538044,2.25780829438087,1.45262892541311,1.78050502446995,0.626054890840371,38.7739948080985,1.27493271690317,39.8207626324541,1.58070537829827,2.22819969739824,1.78970316176844,1.6280156269435,-1.04676782435558,-0.63085981176023,0.0296085969826292,-0.337074236355323,0.152489397526441
23,22,682,32.4602725223537,1.69488525390625,1.75,1.5,1,682,1.34256919369924,1.67987665933108,2.13823748966789,2.95279249070852,-0.272612431685406,40.6103012077491,1.25107702591785,40.7766357403654,1.33822071389595,1.898826404175,1.81946951899856,2.12654473265493,-0.16633453261629,0.00434847980328534,-0.218949744843924,0.318767970669329,0.826247758053588
23,22,682,32.4602725223537,1.69488525390625,1.75,1.5,2,1582,1.38495355836375,1.9919992823652,1.25549078382834,1.33353237523182,-0.164396355857275,40.0124484497937,1.23265904259551,40.7766357403654,1.33822071389595,1.898826404175,1.81946951899856,2.12654473265493,-0.764187290571712,0.0467328444677975,0.0931728781901962,-0.56397873517022,-0.793012357423116
23,22,682,32.4602725223537,1.69488525390625,1.75,1.5,3,2482,1.28713938962487,2.02460327082873,2.06468028349945,2.09330933202446,0.425255320803218,41.7071575635534,1.28486775749747,40.7766357403654,1.33822071389595,1.898826404175,1.81946951899856,2.12654473265493,0.930521823188002,-0.051081324271083,0.125776866653728,0.24521076450089,-0.0332354006304723
23,23,683,34.5773705495876,1.65382385253906,1.76666666666667,1.5,1,683,1.61395263994116,0.930133329065684,3.10570322241977,2.3931240872256,0.988265681071238,44.5366199851076,1.28802795809003,43.8443524296549,1.35117219350772,1.56570061969169,2.55463658424304,1.82197180087656,0.69226755545273,0.262780446433436,-0.635567290626002,0.551066638176728,0.57115228634904
23,23,683,34.5773705495876,1.65382385253906,1.76666666666667,1.5,2,1583,0.990698141617533,1.15952576757184,2.49060512429168,1.33029963409606,-0.00283511077578057,41.9973788652328,1.21459145671601,43.8443524296549,1.35117219350772,1.56570061969169,2.55463658424304,1.82197180087656,-1.84697356442209,-0.36047405189019,-0.406174852119849,-0.0640314599513561,-0.491672166780502
23,23,683,34.5773705495876,1.65382385253906,1.76666666666667,1.5,3,2483,1.44886579896448,2.60744276243754,2.06760140601767,1.74249168130802,0.317634748914975,44.9990584386243,1.30140197832831,43.8443524296549,1.35117219350772,1.56570061969169,2.55463658424304,1.82197180087656,1.15470600896936,0.0976936054567532,1.04174214274585,-0.487035178225371,-0.0794801195685388
23,24,684,36.766227854774,1.6064453125,1.78333333333333,1.5,1,684,2.33581012824261,2.30439604049863,1.64444657995861,1.51443387092395,-0.348666768431347,46.7460884599085,1.27144097144137,47.5541541981665,2.16352059401876,2.45269002286406,1.9056820076041,1.71338195947184,-0.808065738258009,0.172289534223846,-0.148293982365431,-0.261235427645498,-0.198948088547894
23,24,684,36.766227854774,1.6064453125,1.78333333333333,1.5,2,1584,1.57944470641126,3.15467646152487,2.25074945698149,2.39223912428349,-0.118095561956803,48.1873877129761,1.31064268826586,47.5541541981665,2.16352059401876,2.45269002286406,1.9056820076041,1.71338195947184,0.633233514809611,-0.584075887607501,0.701986438660805,0.34506744937739,0.678857164811646
23,24,684,36.766227854774,1.6064453125,1.78333333333333,1.5,3,2484,2.57530694740242,1.89899756656869,1.82184998587221,1.23347288320809,0.706348153748451,47.7289864216149,1.29817468928669,47.5541541981665,2.16352059401876,2.45269002286406,1.9056820076041,1.71338195947184,0.174832223448398,0.411786353383655,-0.553692456295375,-0.083832021731892,-0.479909076263753
23,25,685,39.0292767267848,1.55274963378906,1.8,1.5,1,685,1.6166332972928,1.50457977832774,2.05913757389906,2.36879328404081,-0.0999024953706839,47.2365509535952,1.21028507098052,49.0584434411163,2.0983464720844,1.97120855456931,1.9886767440359,2.13021531437518,-1.8218924875211,-0.481713174791603,-0.466628776241562,0.0704608298631648,0.238577969665635
23,25,685,39.0292767267848,1.55274963378906,1.8,1.5,2,1585,2.11800143490903,2.86698015883676,2.1985989035225,1.99473621739525,0.89074576351885,51.6672110839132,1.32380652210384,49.0584434411163,2.0983464720844,1.97120855456931,1.9886767440359,2.13021531437518,2.60876764279692,0.0196549628246241,0.895771604267455,0.209922159486604,-0.135479096979924
23,25,685,39.0292767267848,1.55274963378906,1.8,1.5,3,2485,2.56040468405138,1.54206572654341,1.70829375468613,2.02711644168947,-0.0715348162642048,48.2715682858405,1.2368040695131,49.0584434411163,2.0983464720844,1.97120855456931,1.9886767440359,2.13021531437518,-0.786875155275823,0.462058211966979,-0.429142828025892,-0.280382989349768,-0.103098872685712
23,26,686,41.369031897199,1.49273681640625,1.81666666666667,1.5,1,686,2.10405401729293,1.50776689003039,1.09055059813414,2.04920607575484,-0.179036812124534,48.7057297278182,1.1773475833046,49.8422820841365,2.15658493458196,1.70820019701477,1.67007590481606,2.58157546252564,-1.13655235631828,-0.0525309172890251,-0.200433306984374,-0.579525306681918,-0.532369386770797
23,26,686,41.369031897199,1.49273681640625,1.81666666666667,1.5,2,1586,1.91527910260208,1.72407758154781,1.95503183499874,2.23085688841861,0.315674065254256,50.6083356182442,1.22333864964509,49.8422820841365,2.15658493458196,1.70820019701477,1.67007590481606,2.58157546252564,0.766053534107733,-0.241305831979882,0.015877384533048,0.284955930182683,-0.350718574107028
23,26,686,41.369031897199,1.49273681640625,1.81666666666667,1.5,3,2486,2.45042168385087,1.89275611946609,1.96464528131529,3.46466342340346,-1.19956052639271,50.212780906347,1.21377703570933,49.8422820841365,2.15658493458196,1.70820019701477,1.67007590481606,2.58157546252564,0.370498822210543,0.293836749268907,0.184555922451326,0.294569376499236,0.883087960877825
23,27,687,43.7880933347085,1.42640686035156,1.83333333333333,1.5,1,687,1.5974979147892,2.38797058421347,1.78945524774189,1.87837318866084,0.478837722532717,53.6077419849647,1.22425385310104,55.1323943043792,2.37111045961498,2.51419706480465,1.9250278522427,1.98003295464095,-1.52465231941451,-0.773612544825783,-0.126226480591177,-0.13557260450081,-0.101659765980104
23,27,687,43.7880933347085,1.42640686035156,1.83333333333333,1.5,2,1587,2.58590044720225,2.27630627176286,2.4568182949289,2.34881285815788,0.222470153941595,55.5575652340175,1.26878247037032,55.1323943043792,2.37111045961498,2.51419706480465,1.9250278522427,1.98003295464095,0.425170929638256,0.214789987587264,-0.237890793041794,0.531790442686204,0.368779903516936
23,27,687,43.7880933347085,1.42640686035156,1.83333333333333,1.5,3,2487,2.9299330168535,2.87831433843762,1.5288100140573,1.71291281710411,0.694381162281671,56.2318756941555,1.28418187255446,55.1323943043792,2.37111045961498,2.51419706480465,1.9250278522427,1.98003295464095,1.09948138977627,0.558822557238519,0.364117273632971,-0.396217838185394,-0.267120137536833
23,28,688,46.2891491342386,1.353759765625,1.85,1.5,1,688,1.82614080306246,1.63306378434929,2.43180270366361,2.3562720544949,0.260621968876903,55.6907991052092,1.20310699476687,56.792220954178,2.30857688626582,1.92029459070751,2.36638221692881,2.33161902848738,-1.1014218489688,-0.482436083203362,-0.287230806358217,0.0654204867347934,0.0246530260075208
23,28,688,46.2891491342386,1.353759765625,1.85,1.5,2,1588,1.91155575778775,2.17538436334037,2.70982079206774,2.89231260605999,-0.804122806737948,56.1620058624238,1.21328663224191,56.792220954178,2.30857688626582,1.92029459070751,2.36638221692881,2.33161902848738,-0.630215091754181,-0.397021128478068,0.255089772632858,0.343438575138932,0.560693577572613
23,28,688,46.2891491342386,1.353759765625,1.85,1.5,3,2488,3.18803409794725,1.95243562443287,1.95752315505509,1.74627242490725,1.37058582963737,58.523857894901,1.26431051314384,56.792220954178,2.30857688626582,1.92029459070751,2.36638221692881,2.33161902848738,1.73163694072299,0.879457211681431,0.0321410337253596,-0.408859061873724,-0.585346603580134
23,29,689,48.8749785039976,1.27479553222656,1.86666666666667,1.5,1,689,3.37871075806983,2.09814675604755,2.31234101340444,2.62255187380042,0.507274910305333,61.0744709247716,1.24960609281447,60.534569424541,2.57554245080436,2.31034685123838,2.86714995630315,2.89071454804257,0.53990150023062,0.803168307265465,-0.212200095190833,-0.554808942898713,-0.268162674242152
23,29,689,48.8749785039976,1.27479553222656,1.86666666666667,1.5,2,1589,2.14076741744864,1.71744307887631,2.24075547553022,2.7103522601518,-0.417301647778598,57.7537445560499,1.181662812421,60.534569424541,2.57554245080436,2.31034685123838,2.86714995630315,2.89071454804257,-2.78082486849114,-0.434775033355721,-0.592903772362073,-0.626394480772932,-0.180362287890772
23,29,689,48.8749785039976,1.27479553222656,1.86666666666667,1.5,3,2489,2.20714917689462,3.11545071879129,4.0483533799748,3.3392395101755,-0.801187699231486,62.7754927928015,1.28440962460305,60.534569424541,2.57554245080436,2.31034685123838,2.86714995630315,2.89071454804257,2.24092336826053,-0.368393273909744,0.805103867552906,1.18120342367164,0.448524962132924
23,30,690,51.5484548537714,1.18951416015625,1.88333333333333,1.5,1,690,2.28947358262585,2.40678175540535,2.63248842416563,2.29403419264023,-0.117467242755503,62.6358537991148,1.21508693086525,62.6530780266021,2.79359722663418,2.12800461049166,2.60619214296763,2.25399511813498,-0.0172242274873184,-0.504123644008327,0.278777144913697,0.0262962811979963,0.0400390745052488
23,30,690,51.5484548537714,1.18951416015625,1.88333333333333,1.5,2,1590,3.23921492521402,1.85790255596622,2.15776285544468,1.96557884695343,-0.231119101672878,61.9061218703334,1.20093069803826,62.6530780266021,2.79359722663418,2.12800461049166,2.60619214296763,2.25399511813498,-0.746956156268702,0.445617698579843,-0.270102054525438,-0.448429287522949,-0.288416271181544
23,30,690,51.5484548537714,1.18951416015625,1.88333333333333,1.5,3,2490,2.85210317206266,2.1193295201034,3.02832514929258,2.50237231481127,-0.0577052062752296,63.4172584103582,1.23024557361138,62.6530780266021,2.79359722663418,2.12800461049166,2.60619214296763,2.25399511813498,0.764180383756027,0.0585059454284833,-0.00867509038825887,0.422133006324952,0.248377196676295
24,1,691,1.01685340540722,1.0908203125,1.41666666666667,1.5,1,691,-0.458704790688352,0.0226533302683827,-0.0803073204653851,0.131793799286977,0.105389578855721,0.53350971832116,0.524667287815694,0.371922705941274,-0.163286950007577,0.0503856847232493,-0.0910924790683162,0.0503447444375129,0.161587012379886,-0.295417840680775,-0.0277323544548666,0.0107851586029312,0.0814490548494644
24,1,691,1.01685340540722,1.0908203125,1.41666666666667,1.5,2,1591,-0.134610907821501,0.334523081489352,-0.648597443546904,-0.241250805442143,-0.448356101739703,-0.0773274754120119,-0.0760458439739839,0.371922705941274,-0.163286950007577,0.0503856847232493,-0.0910924790683162,0.0503447444375129,-0.449250181353286,0.0286760421860759,0.284137396766103,-0.557504964478588,-0.291595549879656
24,1,691,1.01685340540722,1.0908203125,1.41666666666667,1.5,3,2491,0.103454848487123,-0.206019357587987,0.45562732680734,0.260491239467704,-0.86169841427694,0.659585874914675,0.648653848634679,0.371922705941274,-0.163286950007577,0.0503856847232493,-0.0910924790683162,0.0503447444375129,0.287663168973401,0.266741798494699,-0.256405042311237,0.546719805875657,0.210146495030191
24,2,692,2.06817317241739,1.17578125,1.43333333333333,1.5,1,692,-0.221421291206642,-1.58776417524964,0.359531337120141,0.707850584806732,-0.191005244122374,-0.119673386434144,-0.057864296873295,1.4095739374552,-0.0635629764249876,-0.193562953746526,-0.225498618143728,0.33836803087078,-1.52924732388935,-0.157858314781655,-1.39420122150311,0.585029955263869,0.369482553935952
24,2,692,2.06817317241739,1.17578125,1.43333333333333,1.5,2,1592,0.044632639800559,0.58419743278131,-0.750673653948011,0.399866247720237,0.388870630836424,2.22086119700051,1.07382748534768,1.4095739374552,-0.0635629764249876,-0.193562953746526,-0.225498618143728,0.33836803087078,0.811287259545306,0.108195616225547,0.777760386527836,-0.525175035804283,0.0614982168494569
24,2,692,2.06817317241739,1.17578125,1.43333333333333,1.5,3,2492,-0.0139002778688795,0.422877881228749,-0.285353537603313,-0.0926127399146283,-0.102390141219695,2.12753400179925,1.02870205946655,1.4095739374552,-0.0635629764249876,-0.193562953746526,-0.225498618143728,0.33836803087078,0.717960064344043,0.0496626985561081,0.616440834975275,-0.0598549194595855,-0.430980770785408
24,3,693,3.15512754226943,1.2548828125,1.45,1.5,1,693,0.924722912465065,0.233800841875286,0.431198057706036,0.742013265979836,0.970075382732318,6.27143012145732,1.98769464544257,4.37882652142002,0.196874993050353,0.319868697878394,0.0719400789183297,0.422563470324223,1.8926036000373,0.727847919414711,-0.0860678560031083,0.359257978787707,0.319449795655613
24,3,693,3.15512754226943,1.2548828125,1.45,1.5,2,1593,-0.0381364204471653,0.609433201169257,-0.449352197196699,0.216078198082456,0.216229742471595,3.53315039209198,1.11981222462742,4.37882652142002,0.196874993050353,0.319868697878394,0.0719400789183297,0.422563470324223,-0.845676129328037,-0.235011413497518,0.289564503290863,-0.521292276115028,-0.206485272241767
24,3,693,3.15512754226943,1.2548828125,1.45,1.5,3,2493,-0.29596151286684,0.116372050590639,0.233974376245652,0.309598946910378,0.0284674863745121,3.33189905071075,1.05602673935462,4.37882652142002,0.196874993050353,0.319868697878394,0.0719400789183297,0.422563470324223,-1.04692747070926,-0.492836505917193,-0.203496647287755,0.162034297327322,-0.112964523413845
24,4,694,4.27892435387168,1.328125,1.46666666666667,1.5,1,694,0.16005265971358,-0.434455400860615,0.334149352338765,0.491210361444148,-0.126380392574283,4.22913667389207,0.988364440251308,4.27975448087019,0.118788816603005,0.166889044862479,-0.203475533957357,0.410518485889889,-0.0506178069781162,0.041263843110575,-0.601344445723094,0.537624886296122,0.0806918755542593
24,4,694,4.27892435387168,1.328125,1.46666666666667,1.5,2,1594,0.184875773077037,0.590944195800759,-0.495311843780758,0.213582971333603,0.123115079720054,4.77132795787965,1.11507649196052,4.27975448087019,0.118788816603005,0.166889044862479,-0.203475533957357,0.410518485889889,0.491573477009459,0.066086956474032,0.42405515093828,-0.291836309823401,-0.196935514556285
24,4,694,4.27892435387168,1.328125,1.46666666666667,1.5,3,2494,0.0114380170183976,0.344178339647294,-0.449264110430078,0.526762124891915,-0.28621539188964,3.83879881083885,0.897141078777287,4.27975448087019,0.118788816603005,0.166889044862479,-0.203475533957357,0.410518485889889,-0.440955670031344,-0.107350799584607,0.177289294784814,-0.245788576472721,0.116243639002026
24,5,695,5.44081238596938,1.3955078125,1.48333333333333,1.5,1,695,0.356808284826983,-0.536746188440938,0.173330530932006,0.148191420750513,0.0311935257601208,5.43375694431423,0.998703237466276,7.02229672802657,0.428921434989719,-0.234954815760511,0.745309016814392,0.53754751042,-1.58853978371234,-0.0721131501627356,-0.301791372680427,-0.571978485882386,-0.389356089669487
24,5,695,5.44081238596938,1.3955078125,1.48333333333333,1.5,2,1595,0.830257161203733,0.084721574744068,1.31621450638458,0.435597588018005,0.402055718376417,9.10149055463691,1.67281830524199,7.02229672802657,0.428921434989719,-0.234954815760511,0.745309016814392,0.53754751042,2.07919382661034,0.401335726214015,0.319676390504579,0.570905489570185,-0.101949922401995
24,5,695,5.44081238596938,1.3955078125,1.48333333333333,1.5,3,2495,0.0996988589384395,-0.252839833584664,0.746382013126593,1.02885352249148,0.20717249607395,6.53164268512856,1.20049033522497,7.02229672802657,0.428921434989719,-0.234954815760511,0.745309016814392,0.53754751042,-0.490654042898005,-0.329222576051279,-0.0178850178241524,0.00107299631220137,0.491306012071482
24,6,696,6.6420827448051,1.45703125,1.5,1.5,1,696,0.8362335032782,0.348994643366412,1.04450293551053,0.592339830541073,-0.18555828702445,9.76518917266938,1.47019986770067,8.57062719139162,0.25969738423594,0.519541116041994,0.47089869238183,0.310432489500506,1.19456198127775,0.576536119042261,-0.170546472675581,0.5736042431287,0.281907341040567
24,6,696,6.6420827448051,1.45703125,1.5,1.5,2,1596,0.012196890425809,0.484198004260393,0.302571674239601,0.426885007928644,0.399699078926448,8.23970759198476,1.24053070528656,8.57062719139162,0.25969738423594,0.519541116041994,0.47089869238183,0.310432489500506,-0.330919599406858,-0.247500493810131,-0.0353431117816012,-0.168327018142229,0.116452518428138
24,6,696,6.6420827448051,1.45703125,1.5,1.5,3,2496,-0.0693382409961906,0.725430700499176,0.0656214673953588,-0.0879273699681999,-0.0206482031746875,7.70698480952073,1.1603265279326,8.57062719139162,0.25969738423594,0.519541116041994,0.47089869238183,0.310432489500506,-0.863642381870892,-0.32903562523213,0.205889584457183,-0.405277224986471,-0.398359859468706
24,7,697,7.88407029881404,1.5126953125,1.51666666666667,1.5,1,697,0.982785019160746,0.977776277278011,0.603880805243655,0.741664436116433,-0.501349046600155,11.258157438964,1.42796258940734,9.83219997968432,0.570337486192262,0.261916211199914,0.558054319362163,0.349802615423001,1.42595745927972,0.412447532968484,0.715860066078096,0.0458264858814916,0.391861820693432
24,7,697,7.88407029881404,1.5126953125,1.51666666666667,1.5,2,1597,0.854280851771324,0.45717299704273,0.0440655166400657,0.395973205826664,0.214443819226568,10.1502580785485,1.28743880937685,9.83219997968432,0.570337486192262,0.261916211199914,0.558054319362163,0.349802615423001,0.318058098864189,0.283943365579062,0.195256785842816,-0.513988802722097,0.0461705904036633
24,7,697,7.88407029881404,1.5126953125,1.51666666666667,1.5,3,2497,-0.126053412355284,-0.649200640720998,1.02621663620277,-0.0882297956740948,-0.159909453823134,8.08818442154041,1.02588943464356,9.83219997968432,0.570337486192262,0.261916211199914,0.558054319362163,0.349802615423001,-1.74401555814391,-0.696390898547546,-0.911116851920912,0.468162316840606,-0.438032411097096
24,8,698,9.16815516194857,1.5625,1.53333333333333,1.5,1,698,0.877246087636977,0.322217966800633,0.413233402471434,0.817513550470522,0.453788217127767,12.1065580438106,1.3205009982878,12.5563418540602,0.826405447744534,0.660397578500755,0.770676084815823,0.719851020051462,-0.44978381024959,0.0508406398924425,-0.338179611700122,-0.357442682344389,0.0976625304190606
24,8,698,9.16815516194857,1.5625,1.53333333333333,1.5,2,1598,1.21584374551481,1.42877487066375,1.33457996297295,1.55012625808349,0.243094171387857,15.5036632651805,1.69103412751202,12.5563418540602,0.826405447744534,0.660397578500755,0.770676084815823,0.719851020051462,2.94732141112034,0.38943829777028,0.768377292162995,0.563903878157128,0.830275238032027
24,8,698,9.16815516194857,1.5625,1.53333333333333,1.5,3,2498,0.386126510081812,0.230199898037881,0.564214889003084,-0.208086748399626,-0.911969091258039,10.0588042531894,1.09714594435938,12.5563418540602,0.826405447744534,0.660397578500755,0.770676084815823,0.719851020051462,-2.49753760087075,-0.440278937662722,-0.430197680462874,-0.206461195812739,-0.927937768451088
24,9,699,10.4957642272801,1.6064453125,1.55,1.5,1,699,0.859430338936926,0.971617349125614,0.175748239582815,0.408746725233574,-0.0261716924691828,13.6198496247353,1.2976520175001,12.7649502186916,0.503463841885762,0.628036423174962,0.426377708201761,0.465002446499722,0.854899406043701,0.355966497051164,0.343580925950652,-0.250629468618947,-0.056255721266149
24,9,699,10.4957642272801,1.6064453125,1.55,1.5,2,1599,0.853809325403242,0.873873321363694,0.4965204868281,0.893488899345273,-0.0508091350688072,13.91583745913,1.32585271141673,12.7649502186916,0.503463841885762,0.628036423174962,0.426377708201761,0.465002446499722,1.15088724043834,0.35034548351748,0.245836898188732,0.070142778626339,0.42848645284555
24,9,699,10.4957642272801,1.6064453125,1.55,1.5,3,2499,-0.202848138682882,0.0386185990355784,0.606864398194369,0.0927717149203212,-0.380891639330726,10.7591635722096,1.02509577570777,12.7649502186916,0.503463841885762,0.628036423174962,0.426377708201761,0.465002446499722,-2.00578664648204,-0.706311980568644,-0.589417824139384,0.180486689992608,-0.372230731579401
24,10,700,11.8683727525827,1.64453125,1.56666666666667,1.5,1,700,0.471588750698006,-0.00132570827182299,0.683692004732641,0.483305865873077,-0.0113635294285618,13.6560127249652,1.15062216275551,14.0523604407758,0.632358787598322,0.418790555713077,0.449194581401028,0.797426743119537,-0.396347715810535,-0.160770036900315,-0.4201162639849,0.234497423331613,-0.31412087724646
24,10,700,11.8683727525827,1.64453125,1.56666666666667,1.5,2,1600,1.01029102378455,0.790368970690134,0.404755920958263,0.989103695177746,-0.814040096701314,14.5611664182748,1.22688819451733,14.0523604407758,0.632358787598322,0.418790555713077,0.449194581401028,0.797426743119537,0.508805977499067,0.377932236186227,0.371578414977057,-0.0444386604427648,0.191676952058209
24,10,700,11.8683727525827,1.64453125,1.56666666666667,1.5,3,2500,0.415196588312409,0.46732840472092,0.25913581851218,0.919870668307787,0.267874100300354,13.9399021790872,1.17454199237665,14.0523604407758,0.632358787598322,0.418790555713077,0.449194581401028,0.797426743119537,-0.112458261688534,-0.217162199285912,0.0485378490078432,-0.190058762888848,0.122443925188251
24,11,701,13.2875059996601,1.6767578125,1.58333333333333,1.5,1,701,1.22904325738206,0.666835627680674,0.45322832798694,0.278328360910539,-0.320741387467542,16.7632380650499,1.26157896489218,15.8369994836037,0.947235666877239,0.544210171816086,0.581080436415705,0.649271411499074,0.926238581446164,0.281807590504824,0.122625455864588,-0.127852108428764,-0.370943050588535
24,11,701,13.2875059996601,1.6767578125,1.58333333333333,1.5,2,1601,1.15561190678586,0.281292479263807,1.24583330773367,0.735688770623937,-0.982938590961403,16.5563784220548,1.24601098373753,15.8369994836037,0.947235666877239,0.544210171816086,0.581080436415705,0.649271411499074,0.719378938451086,0.20837623990862,-0.262917692552279,0.664752871317969,0.0864173591248625
24,11,701,13.2875059996601,1.6767578125,1.58333333333333,1.5,3,2501,0.457051836463795,0.684502408503777,0.0441796735265004,0.933797102962747,-1.01255426388253,14.1913819637064,1.06802450091608,15.8369994836037,0.947235666877239,0.544210171816086,0.581080436415705,0.649271411499074,-1.64561751989725,-0.490183830413444,0.140292236687691,-0.536900762889204,0.284525691463672
24,12,702,14.7547409292381,1.703125,1.6,1.5,1,702,0.716941857877289,1.15588425546273,0.0655122229454619,0.0329394244204184,-0.12452332884966,17.7989423452443,1.20632022145328,17.2674330683903,0.879508565163005,0.692226856542691,-0.113063473350797,0.593051441710572,0.531509276853974,-0.162566707285716,0.463657398920036,0.178575696296259,-0.560112017290153
24,12,702,14.7547409292381,1.703125,1.6,1.5,2,1602,0.683601620640644,0.52206265941755,0.234983420808114,0.687088599937852,0.318680510619424,17.4254558362914,1.18100723827424,17.2674330683903,0.879508565163005,0.692226856542691,-0.113063473350797,0.593051441710572,0.158022767901091,-0.195906944522361,-0.170164197125142,0.348046894158911,0.0940371582272802
24,12,702,14.7547409292381,1.703125,1.6,1.5,3,2502,1.23798221697108,0.398733654747797,-0.639686063805967,1.05912630077345,0.0362768792307154,16.5779010236352,1.12356435827242,17.2674330683903,0.879508565163005,0.692226856542691,-0.113063473350797,0.593051441710572,-0.689532044755065,0.358473651808077,-0.293493201794894,-0.52662259045517,0.466074859062873
24,13,703,16.2717079533052,1.7236328125,1.61666666666667,1.5,1,703,1.27061555939905,0.579808973769801,1.05685185439933,1.44569783116159,0.10071113354142,21.0851293796267,1.2958153772262,20.6672354525772,0.741130808067353,0.94033415851028,0.951727805426287,0.94613591663315,0.417893927049555,0.529484751331695,-0.360525184740479,0.105124048973043,0.499561914528438
24,13,703,16.2717079533052,1.7236328125,1.61666666666667,1.5,2,1603,0.217963945381642,0.955564214049473,1.32977705088726,0.615014188390527,0.375203240254926,20.5620953908061,1.26367161024602,20.6672354525772,0.741130808067353,0.94033415851028,0.951727805426287,0.94613591663315,-0.10514006177106,-0.523166862685711,0.0152300555391922,0.378049245460977,-0.331121728242623
24,13,703,16.2717079533052,1.7236328125,1.61666666666667,1.5,3,2503,0.734812919421369,1.28562928771157,0.468554510992267,0.777695730347335,0.0349601934077623,20.3544815872987,1.25091242085402,20.6672354525772,0.741130808067353,0.94033415851028,0.951727805426287,0.94613591663315,-0.312753865278495,-0.00631788864598359,0.345295129201287,-0.48317329443402,-0.168440186285815
24,14,704,17.8400927468495,1.73828125,1.63333333333333,1.5,1,704,1.10850017963606,1.03436331612448,1.01478081382213,1.70573982671956,-0.60167513899964,22.3769339894693,1.25430592245217,23.0700625449621,1.12888050988764,0.775037372245927,1.26934486604772,1.03279762076418,-0.693128555492748,-0.0203803302515806,0.25932594387855,-0.254564052225586,0.67294220595538
24,14,704,17.8400927468495,1.73828125,1.63333333333333,1.5,2,1604,0.896674865970306,0.34453730380825,1.25181067020777,0.134513358121209,0.0911212939397478,21.9303474158501,1.22927317290562,23.0700625449621,1.12888050988764,0.775037372245927,1.26934486604772,1.03279762076418,-1.13971512911196,-0.232205643917334,-0.430500068437678,-0.0175341958399524,-0.898284262642972
24,14,704,17.8400927468495,1.73828125,1.63333333333333,1.5,3,2504,1.38146648405655,0.946211496805055,1.54144311411326,1.25813967745177,0.803792746693575,24.9029062295668,1.3958955585567,23.0700625449621,1.12888050988764,0.775037372245927,1.26934486604772,1.03279762076418,1.83284368460471,0.252585974168915,0.171174124559128,0.272098248065539,0.225342056687592
24,15,705,19.4616381210038,1.7470703125,1.65,1.5,1,705,0.50477500163261,1.54843026622741,1.94967261168136,1.53955091373694,0.445571784776296,26.2685061824219,1.34975822790949,24.2484143401526,0.782171299771964,0.772898285181328,1.46760803952754,1.45371332623613,2.02009184226926,-0.277396298139354,0.775531981046079,0.482064572153816,0.0858375875008062
24,15,705,19.4616381210038,1.7470703125,1.65,1.5,2,1605,0.651069048451959,0.326751913061066,0.678608096796841,1.44602341834456,-0.403705881255957,21.752448447432,1.11770901874677,24.2484143401526,0.782171299771964,0.772898285181328,1.46760803952754,1.45371332623613,-2.49596589272067,-0.131102251320005,-0.446146372120262,-0.788999942730704,-0.00768990789156976
24,15,705,19.4616381210038,1.7470703125,1.65,1.5,3,2505,1.19066984923132,0.443512676255511,1.77454341010443,1.37556564662689,-0.211144706958952,24.724288390604,1.27041147496831,24.2484143401526,0.782171299771964,0.772898285181328,1.46760803952754,1.45371332623613,0.475874050451406,0.408498549459358,-0.329385608925817,0.306935370576888,-0.0781476796092364
24,16,706,21.1381459596826,1.75,1.66666666666667,1.5,1,706,0.765534055002681,1.12457625018264,1.16837511762796,0.84414285480653,-0.0919704313344697,26.0127165513492,1.23060539940277,26.5128903508225,0.818511254622145,1.28425758739421,1.34738627185498,1.56511672181412,-0.50017379947337,-0.0529771996194642,-0.159681337211569,-0.179011154227018,-0.720973867007586
24,16,706,21.1381459596826,1.75,1.66666666666667,1.5,2,1606,0.621004642362468,1.54407216065272,0.849835967821858,1.73190497260193,0.0976736829031541,26.1707853195407,1.23808329119579,26.5128903508225,0.818511254622145,1.28425758739421,1.34738627185498,1.56511672181412,-0.342105031281797,-0.197506612259677,0.259814573258517,-0.497550304033123,0.166788250787813
24,16,706,21.1381459596826,1.75,1.66666666666667,1.5,3,2506,1.06899506650129,1.18412435134726,2.02394773011512,2.11930233803389,-0.663180325233598,27.3551691815777,1.29411393192918,26.5128903508225,0.818511254622145,1.28425758739421,1.34738627185498,1.56511672181412,0.842278830755166,0.250483811879141,-0.100133236046948,0.676561458260141,0.554185616219773
24,17,707,22.8714792218598,1.7470703125,1.68333333333333,1.5,1,707,1.09824711855557,1.2676237081412,1.13056680416185,1.57908148350119,0.311221472307618,28.9310990790649,1.2649421927819,27.3706861979678,0.999855194056395,0.836161587951738,0.79468931664024,1.22241906022078,1.56041288109714,0.0983919244991736,0.43146212018946,0.335877487521612,0.356662423280411
24,17,707,22.8714792218598,1.7470703125,1.68333333333333,1.5,2,1607,0.90666038061256,0.716485088363806,0.251963629276838,0.487543986762091,0.34942110126312,26.3889284336054,1.15379194225373,27.3706861979678,0.999855194056395,0.836161587951738,0.79468931664024,1.22241906022078,-0.981757764362438,-0.093194813443835,-0.119676499587932,-0.542725687363402,-0.734875073458686
24,17,707,22.8714792218598,1.7470703125,1.68333333333333,1.5,3,2507,0.994658083001056,0.524375967350211,1.00153751648203,1.60063171039905,-0.202191568288528,26.7920310812331,1.17141662860294,27.3706861979678,0.999855194056395,0.836161587951738,0.79468931664024,1.22241906022078,-0.578655116734698,-0.00519711105533849,-0.311785620601527,0.20684819984179,0.378212650178276
24,18,708,24.6635640117153,1.73828125,1.7,1.5,1,708,2.21189624793165,1.17986451132578,0.679907377971062,0.66258204403006,-0.110366627936709,31.4237258947139,1.27409509346612,30.8294790311073,1.51184289391075,1.13295476257108,1.08714889377656,1.2824814607869,0.594246863606646,0.700053354020901,0.0469097487546966,-0.407241515805495,-0.619899416756837
24,18,708,24.6635640117153,1.73828125,1.7,1.5,2,1608,1.23139536603848,1.5997848643764,1.80470877708703,1.73074698927668,0.122599878266466,32.3533728011737,1.31178822273236,30.8294790311073,1.51184289391075,1.13295476257108,1.08714889377656,1.2824814607869,1.52389377006648,-0.280447527872266,0.466830101805319,0.717559883310476,0.448265528489783
24,18,708,24.6635640117153,1.73828125,1.7,1.5,3,2508,1.09223706776211,0.619214912011068,0.776830526271577,1.45411534905395,-0.0687519695531743,28.7113383974341,1.16411960509017,30.8294790311073,1.51184289391075,1.13295476257108,1.08714889377656,1.2824814607869,-2.11814063367313,-0.419605826148634,-0.513739850560015,-0.310318367504981,0.171633888267054
24,19,709,26.5163917189489,1.7236328125,1.71666666666667,1.5,1,709,1.74751328951648,0.67528999642096,1.11226293627654,1.18759295176841,0.667038832101595,33.023144028745,1.24538603814434,34.2739952104923,1.73570907612905,1.09664299691433,1.65271151209692,1.59379665102844,-1.25085118174727,0.0118042133874363,-0.421353000493367,-0.540448575820379,-0.406203699260027
24,19,709,26.5163917189489,1.7236328125,1.71666666666667,1.5,2,1609,1.26375879248938,1.17855415298483,2.10757048064934,2.20830573512837,0.155429811795147,34.0346180028287,1.28353127241318,34.2739952104923,1.73570907612905,1.09664299691433,1.65271151209692,1.59379665102844,-0.239377207663551,-0.471950283639664,0.0819111560705021,0.454858968552424,0.614509084099935
24,19,709,26.5163917189489,1.7236328125,1.71666666666667,1.5,3,2509,2.19585514638127,1.43608484133719,1.73830111936487,1.38549126618853,0.390253242478324,35.7642235999031,1.34875906114879,34.2739952104923,1.73570907612905,1.09664299691433,1.65271151209692,1.59379665102844,1.49022838941082,0.460146070252228,0.339441844422865,0.085589607267955,-0.208305384839908
24,20,710,28.4320212316403,1.703125,1.73333333333333,1.5,1,710,1.47946952286393,2.03914276529302,1.31535513501193,0.515076523021405,-0.232651931609186,36.2266376601845,1.27414921946773,36.6368960211878,1.57507680911547,1.89522249871527,1.47386492966701,1.27470392947397,-0.410258361003336,-0.095607286251546,0.143920266577751,-0.158509794655079,-0.759627406452563
24,20,710,28.4320212316403,1.703125,1.73333333333333,1.5,2,1610,1.47948755767761,2.59722821267668,2.35406585205038,1.57240521648253,0.39388428763994,39.3786187793317,1.38500947430039,36.6368960211878,1.57507680911547,1.89522249871527,1.47386492966701,1.27470392947397,2.74172275814387,-0.0955892514378607,0.702005713961413,0.88020092238337,0.297701287008567
24,20,710,28.4320212316403,1.703125,1.73333333333333,1.5,3,2510,1.76627334680488,1.0492965181761,0.752173801938718,1.73663004891797,-0.0818152357833426,34.3054316240473,1.20657730748565,36.6368960211878,1.57507680911547,1.89522249871527,1.47386492966701,1.27470392947397,-2.33146439714053,0.191196537689406,-0.845925980539164,-0.721691127728291,0.461926119443997
24,21,711,30.4125812241143,1.6767578125,1.75,1.5,1,711,1.54656855350672,1.5496026549579,0.516640112887323,1.12753763579391,-0.259183118985729,36.2333838252951,1.19139455997788,37.0113809843501,1.48640335981772,1.42801598514482,1.14708993470019,1.44931225189489,-0.777997159054976,0.0601651936890002,0.121586669813088,-0.63044982181287,-0.321774616100973
24,21,711,30.4125812241143,1.6767578125,1.75,1.5,2,1611,1.58192866328268,0.906740686376573,1.27392068697647,1.82158035170723,-0.00780440248280252,36.5549652982321,1.20196852180529,37.0113809843501,1.48640335981772,1.42801598514482,1.14708993470019,1.44931225189489,-0.456415686117964,0.0955253034649595,-0.521275298768242,0.126830752276278,0.372268099812347
24,21,711,30.4125812241143,1.6767578125,1.75,1.5,3,2511,1.33071286266376,1.82770461409997,1.65070900423679,1.39881876818351,-0.0726171642871058,38.245793829523,1.25756487250078,37.0113809843501,1.48640335981772,1.42801598514482,1.14708993470019,1.44931225189489,1.23441284517293,-0.15569049715396,0.399688628955154,0.503619069536592,-0.050493483711374
24,22,712,32.4602725223537,1.64453125,1.76666666666667,1.5,1,712,1.34308582839495,1.21565787175556,0.828878577855548,2.18349723067136,-0.425750012226339,37.6342492332398,1.15939412422749,40.2308064537175,1.95562642453798,1.63045076937989,1.49810945374323,1.89613348531824,-2.59655722047776,-0.612540596143037,-0.414792897624328,-0.669230875887682,0.287363745353119
24,22,712,32.4602725223537,1.64453125,1.76666666666667,1.5,2,1612,2.45764893730522,1.35035043547362,2.1176589740394,1.32989345482642,-0.616596027475058,41.4474645375355,1.27686742337092,40.2308064537175,1.95562642453798,1.63045076937989,1.49810945374323,1.89613348531824,1.21665808381798,0.502022512767233,-0.280100333906264,0.619549520296172,-0.566240030491814
24,22,712,32.4602725223537,1.64453125,1.76666666666667,1.5,3,2512,2.06614450791379,2.32534400091048,1.54779080933474,2.17500977045693,-0.677200091200418,41.6107055903773,1.28189637230317,40.2308064537175,1.95562642453798,1.63045076937989,1.49810945374323,1.89613348531824,1.37989913665977,0.110518083375803,0.694893231530592,0.0496813555915092,0.278876285138696
24,23,713,34.5773705495876,1.6064453125,1.78333333333333,1.5,1,713,1.74847434063817,2.36129806847432,1.50463709599536,1.10566593875165,-0.352197774190162,43.5019383833811,1.25810429457019,44.8143010304235,1.67976056583628,2.47448058871281,1.93000215252634,1.43241753147374,-1.31236264704236,0.0687137748018907,-0.113182520238483,-0.425365056530982,-0.326751592722093
24,23,713,34.5773705495876,1.6064453125,1.78333333333333,1.5,2,1613,1.75289562772079,2.26180602582422,1.54583232571732,1.45964869265579,0.254983546447724,44.0005876284517,1.27252555440415,44.8143010304235,1.67976056583628,2.47448058871281,1.93000215252634,1.43241753147374,-0.813713401971782,0.0731350618845099,-0.212674562888585,-0.384169826809021,0.0272311611820475
24,23,713,34.5773705495876,1.6064453125,1.78333333333333,1.5,3,2513,1.53791172914988,2.80033767183987,2.73953703586634,1.73193796301379,0.789194372937747,46.9403770794376,1.35754617350443,44.8143010304235,1.67976056583628,2.47448058871281,1.93000215252634,1.43241753147374,2.12607604901414,-0.141848836686401,0.325857083127068,0.809534883340003,0.299520431540046
24,24,714,36.766227854774,1.5625,1.8,1.5,1,714,2.12520911847346,1.08735286315548,3.00227628100417,1.96312304639791,-0.103670425606895,46.443846251968,1.26322032370088,45.0254201769729,1.52607116505278,1.53839640556165,2.23276535140858,1.97029772829101,1.41842607499515,0.599137953420683,-0.45104354240617,0.769510929595586,-0.00717468189310666
24,24,714,36.766227854774,1.5625,1.8,1.5,2,1614,1.00984353157232,1.62967167110768,2.39166874392176,2.17196909398351,-0.491497158268039,44.3735233384642,1.20690987157396,45.0254201769729,1.52607116505278,1.53839640556165,2.23276535140858,1.97029772829101,-0.651896838508677,-0.516227633480459,0.0912752655460254,0.15890339251318,0.201671365692491
24,24,714,36.766227854774,1.5625,1.8,1.5,3,2514,1.44316084511255,1.8981646824218,1.30435102929982,1.77580104449163,-0.135498707084948,44.2588909404864,1.20379199942154,45.0254201769729,1.52607116505278,1.53839640556165,2.23276535140858,1.97029772829101,-0.766529236486477,-0.0829103199402244,0.359768276860145,-0.928414322108766,-0.194496683799384
24,25,715,39.0292767267848,1.5126953125,1.81666666666667,1.5,1,715,1.09012793222329,2.87347854030093,2.99299248358774,2.19780812596277,0.737365419351253,51.1253149661638,1.30992217263093,49.1984510418998,1.74288449684861,2.02950668189112,2.41463018608357,1.91109718974077,1.926863924264,-0.652756564625315,0.84397185840981,0.578362297504172,0.286710936221999
24,25,715,39.0292767267848,1.5126953125,1.81666666666667,1.5,2,1615,2.26053816402301,1.98297879444762,2.72589954631406,2.33786866485332,0.0732252382944895,50.2132682455751,1.28655390150018,49.1984510418998,1.74288449684861,2.02950668189112,2.41463018608357,1.91109718974077,1.01481720367535,0.517653667174401,-0.0465278874434971,0.311269360230486,0.42677147511255
24,25,715,39.0292767267848,1.5126953125,1.81666666666667,1.5,3,2515,1.87798739429952,1.23206271092481,1.52499852834891,1.19761477840622,-0.139074591818705,46.2567699139604,1.18518132523362,49.1984510418998,1.74288449684861,2.02950668189112,2.41463018608357,1.91109718974077,-2.94168112793934,0.135102897450913,-0.797443970966313,-0.889631657734657,-0.713482411334549
24,26,716,41.369031897199,1.45703125,1.83333333333333,1.5,1,716,2.83101404574294,2.7959930997615,1.98539128511149,1.18208474939198,0.581566676632272,54.1795487848977,1.30966441079725,52.7975249457114,2.68520512044319,2.51929710740008,1.90906387476598,1.9171745872116,1.3820238391863,0.145808925299746,0.276695992361425,0.0763274103455032,-0.735089837819613
24,26,716,41.369031897199,1.45703125,1.83333333333333,1.5,2,1616,2.23278747467328,2.69997493621168,2.24436511610594,1.70006241604685,0.105878212531648,53.0446529588185,1.28223094730941,52.7975249457114,2.68520512044319,2.51929710740008,1.90906387476598,1.9171745872116,0.247128013107158,-0.452417645769918,0.180677828811599,0.335301241339956,-0.217112171164746
24,26,716,41.369031897199,1.45703125,1.83333333333333,1.5,3,2516,2.99181384091337,2.06192328622705,1.49743522308053,2.86937659619596,-0.586170590211462,51.1683730934179,1.23687625131209,52.7975249457114,2.68520512044319,2.51929710740008,1.90906387476598,1.9171745872116,-1.62915185229346,0.306608720470172,-0.457373821173023,-0.41162865168546,0.952202008984359
24,27,717,43.7880933347085,1.3955078125,1.85,1.5,1,717,2.1718051861842,2.03618464716116,2.4113600778182,2.56740610555301,0.707209635244567,54.9100557884766,1.25399512988048,54.8357923919632,2.28779589212802,2.25379461582421,2.54577831846477,2.22773203250282,0.0742633965134161,-0.115990705943816,-0.217609968663056,-0.134418240646577,0.339674073050184
24,27,717,43.7880933347085,1.3955078125,1.85,1.5,2,1617,2.39165432761295,3.17904081960769,2.79567159967307,2.0295202149757,-0.674040440846786,56.5263581086289,1.29090704353239,54.8357923919632,2.28779589212802,2.25379461582421,2.54577831846477,2.22773203250282,1.6905657166657,0.103858435484935,0.925246203783478,0.2498932812083,-0.198211817527121
24,27,717,43.7880933347085,1.3955078125,1.85,1.5,3,2517,2.2999281625869,1.54615838070379,2.43030327790305,2.08626977697976,-0.432545696159839,53.070963278784,1.21199529911291,54.8357923919632,2.28779589212802,2.25379461582421,2.54577831846477,2.22773203250282,-1.76482911317912,0.0121322704588809,-0.707636235120422,-0.115475040561723,-0.141462255523063
24,28,718,46.2891491342386,1.328125,1.86666666666667,1.5,1,718,2.22079911842844,2.51671633626806,2.03415761456896,2.29186248399534,0.290268497596802,57.2780233772187,1.23739633258568,56.0625308446043,2.1616049175854,1.85559679995934,2.29801265786222,2.58615040954818,1.21549253261438,0.059194200843045,0.661119536308719,-0.263855043293264,-0.294287925552843
24,28,718,46.2891491342386,1.328125,1.86666666666667,1.5,2,1618,1.27077595662916,2.05214880724269,2.61113959476577,2.7506874092959,-0.168837267648361,55.5554483496567,1.20018296703933,56.0625308446043,2.1616049175854,1.85559679995934,2.29801265786222,2.58615040954818,-0.507082494947603,-0.890828960956238,0.19655200728335,0.313126936903545,0.164536999747719
24,28,718,46.2891491342386,1.328125,1.86666666666667,1.5,3,2518,2.99323967769859,0.997925256367271,2.24874076425194,2.71590133535331,-0.146329732508029,55.3541208069375,1.19583362067016,56.0625308446043,2.1616049175854,1.85559679995934,2.29801265786222,2.58615040954818,-0.708410037666788,0.831634760113193,-0.85767154359207,-0.049271893610281,0.129750925805124
24,29,719,48.8749785039976,1.2548828125,1.88333333333333,1.5,1,719,2.74486380639882,3.9849711594196,1.93958511496137,3.19947876899848,-0.209016283128611,62.5248513235212,1.27928140814235,60.1151461063622,2.43841239137169,2.28157144299238,2.66570049700542,2.34280833304195,2.40970521715906,0.306451415027131,1.70339971642722,-0.726115382044046,0.856670435956527
24,29,719,48.8749785039976,1.2548828125,1.88333333333333,1.5,2,1619,1.95495202810867,1.32599461584028,3.35164658650246,2.05342868568853,-0.031063122660655,58.8219108202588,1.20351788626255,60.1151461063622,2.43841239137169,2.28157144299238,2.66570049700542,2.34280833304195,-1.29323528610337,-0.483460363263021,-0.955576827152094,0.685946089497037,-0.289379647353418
24,29,719,48.8749785039976,1.2548828125,1.88333333333333,1.5,3,2519,2.61542133960758,1.53374855371725,2.70586978955243,1.77551754443884,-0.105714075706585,58.9986761753065,1.20713457030944,60.1151461063622,2.43841239137169,2.28157144299238,2.66570049700542,2.34280833304195,-1.1164699310557,0.17700894823589,-0.747822889275128,0.0401692925470085,-0.567290788603109
24,30,720,51.5484548537714,1.17578125,1.9,1.5,1,720,2.7780532595581,2.58579212322358,3.02934114007009,3.37136114357858,0.210225171079082,64.4820797031702,1.25090227992455,64.4585291043411,2.82589575499855,2.73471472129884,3.02775467619092,2.93096786075468,0.0235505988290896,-0.0478424954404582,-0.148922598075256,0.00158646387917161,0.440393282823901
24,30,720,51.5484548537714,1.17578125,1.9,1.5,2,1620,2.73614895971551,2.09923885394178,3.42992389270853,2.71498116327204,-0.096823817148449,63.8021833422156,1.23771281841919,64.4585291043411,2.82589575499855,2.73471472129884,3.02775467619092,2.93096786075468,-0.656345762125483,-0.0897467952830477,-0.635475867357059,0.402169216517618,-0.215986697482634
24,30,720,51.5484548537714,1.17578125,1.9,1.5,3,2520,2.96348504572206,3.51911318673115,2.62399899579413,2.70656127541341,-0.563854286029674,65.0913242676374,1.26272115143477,64.4585291043411,2.82589575499855,2.73471472129884,3.02775467619092,2.93096786075468,0.632795163296379,0.137589290723505,0.784398465432315,-0.40375568039679,-0.224406585341267
25,1,721,1.01685340540722,1.08277893066406,1.43333333333333,1.5,1,721,1.20534694340459,0.234148544547483,0.103010622900884,0.204197448555077,0.717411802936064,3.52951833100483,3.47101982668913,0.198778550778577,0.291387981839544,-0.440910048674507,-0.346368846848403,-0.028644324260504,3.33073978022625,0.91395896156505,0.67505859322199,0.449379469749287,0.232841772815581
25,1,721,1.01685340540722,1.08277893066406,1.43333333333333,1.5,2,1621,-0.127634271728325,-0.530674963382344,-0.104730986094524,-0.395858423696333,-0.399916394917426,-0.438993283091432,-0.431717375146742,0.198778550778577,0.291387981839544,-0.440910048674507,-0.346368846848403,-0.028644324260504,-0.637771833870009,-0.419022253567869,-0.089764914707837,0.241637860753878,-0.367214099435829
25,1,721,1.01685340540722,1.08277893066406,1.43333333333333,1.5,3,2521,-0.203548726157638,-1.02620372718866,-1.03738617735157,0.105728002359744,-0.263673253940123,-2.49418939557766,-2.45285051150397,0.198778550778577,0.291387981839544,-0.440910048674507,-0.346368846848403,-0.028644324260504,-2.69296794635624,-0.494936707997182,-0.585293678514153,-0.691017330503165,0.134372326620248
25,2,722,2.06817317241739,1.16021728515625,1.45,1.5,1,722,-0.231049030895568,0.215934629048149,0.247569624561441,-0.349899061372431,0.0847774938263052,2.56934323584204,1.24232499971888,2.49934220279065,-0.0235452322715352,0.0410563732424682,0.325640264899593,0.0898049001877756,0.0700010330513812,-0.207503798624033,0.174878255805681,-0.078070640338152,-0.439703961560207
25,2,722,2.06817317241739,1.16021728515625,1.45,1.5,2,1622,-0.221126322470753,-0.0589729951150484,0.538924707134937,0.443494528918502,0.039034266966955,2.57352907563633,1.24434893071756,2.49934220279065,-0.0235452322715352,0.0410563732424682,0.325640264899593,0.0898049001877756,0.074186872845674,-0.197581090199217,-0.100029368357517,0.213284442235343,0.353689628730727
25,2,722,2.06817317241739,1.16021728515625,1.45,1.5,3,2522,0.381539656551716,-0.0337925142056961,0.190426463002402,0.175819233017256,-0.392328328933015,2.3551542968936,1.13876068421329,2.49934220279065,-0.0235452322715352,0.0410563732424682,0.325640264899593,0.0898049001877756,-0.144187905897056,0.405084888823251,-0.0748488874481643,-0.135213801897191,0.0860143328294806
25,3,723,3.15512754226943,1.23231506347656,1.46666666666667,1.5,1,723,-0.580004699504215,0.41188567385846,0.533981808699775,-0.206556923660119,-0.396756861585122,3.44869385397347,1.09304419798284,4.95136121577892,-0.0729056721509393,0.582832899348181,0.615629627449337,0.127396265322793,-1.50266736180544,-0.507099027353276,-0.170947225489721,-0.0816478187495617,-0.333953188982912
25,3,723,3.15512754226943,1.23231506347656,1.46666666666667,1.5,2,1623,0.573162896423537,0.934876343229324,0.97951029548118,-0.0185244784240914,0.495914953721384,7.19777718037084,2.28129515651643,4.95136121577892,-0.0729056721509393,0.582832899348181,0.615629627449337,0.127396265322793,2.24641596459193,0.646068568574476,0.352043443881142,0.363880668031843,-0.145920743746884
25,3,723,3.15512754226943,1.23231506347656,1.46666666666667,1.5,3,2523,-0.211875213372139,0.40173668095676,0.333396778167055,0.607270198052589,0.224273121751638,4.20761261299243,1.33357924731181,4.95136121577892,-0.0729056721509393,0.582832899348181,0.615629627449337,0.127396265322793,-0.743748602786481,-0.1389695412212,-0.181096218391421,-0.282232849282282,0.479873932729796
25,4,724,4.27892435387168,1.299072265625,1.48333333333333,1.5,1,724,0.620536389883589,0.199365595163399,0.300332200042368,1.07744171956612,0.132492273716158,5.96376217438593,1.39375265397944,5.42483397294192,0.169982834650485,0.562883013564607,0.216622967084346,1.002659869043,0.538928201444014,0.450553555233104,-0.363517418401209,0.0837092329580223,0.074781850523123
25,4,724,4.27892435387168,1.299072265625,1.48333333333333,1.5,2,1624,-0.875758877928918,0.773846497316759,0.543249466158573,0.615082128464719,-0.191790682922789,4.91220610484762,1.14800022122451,5.42483397294192,0.169982834650485,0.562883013564607,0.216622967084346,1.002659869043,-0.512627868094301,-1.0457417125794,0.210963483752152,0.326626499074228,-0.38757774057828
25,4,724,4.27892435387168,1.299072265625,1.48333333333333,1.5,3,2524,0.765170991996785,0.715436948213664,-0.193712764947904,1.31545575909816,-0.645065454205015,5.3985336395922,1.26165671396071,5.42483397294192,0.169982834650485,0.562883013564607,0.216622967084346,1.002659869043,-0.026300333349714,0.5951881573463,0.152553934649057,-0.41033573203225,0.312795890055157
25,5,725,5.44081238596938,1.36048889160156,1.5,1.5,1,725,-0.132237759343621,0.292606413159044,0.0887070858312174,0.295140534548057,-0.41505174956467,5.41782288225282,0.995774619287399,6.17314639876433,0.0206303053543097,0.347412336359943,0.109693825713763,0.58060439355056,-0.755323516511513,-0.152868064697931,-0.0548059232008991,-0.0209867398825454,-0.285463859002503
25,5,725,5.44081238596938,1.36048889160156,1.5,1.5,2,1625,0.289454380093868,0.36908125014955,-0.223790795008837,0.8446627490706,-0.00510887849248611,6.04743865893108,1.11149553227126,6.17314639876433,0.0206303053543097,0.347412336359943,0.109693825713763,0.58060439355056,-0.125707739833253,0.268824074739558,0.0216689137896067,-0.3334846207226,0.264058355520039
25,5,725,5.44081238596938,1.36048889160156,1.5,1.5,3,2525,-0.0953257046873175,0.380549345771235,0.464165186318908,0.602009897033024,0.475983033315697,7.0541776551091,1.29653021546934,6.17314639876433,0.0206303053543097,0.347412336359943,0.109693825713763,0.58060439355056,0.881031256344767,-0.115956010041627,0.0331370094112924,0.354471360605145,0.021405503482464
25,6,726,6.6420827448051,1.41656494140625,1.51666666666667,1.5,1,726,0.89551320193355,0.135764096131163,-0.300887768012804,0.894580285211219,-0.149916972855366,7.51529560548831,1.13146672425395,7.43442824309589,0.285280512841684,-0.0366880126856003,0.318327294513859,0.371709057990667,0.0808673623924205,0.610232689091867,0.172452108816763,-0.619215062526663,0.522871227220552
25,6,726,6.6420827448051,1.41656494140625,1.51666666666667,1.5,2,1626,-0.17674178501033,-0.476486598536601,0.908744207021295,0.249838683945701,0.495696595671919,7.52785809356792,1.13335807197759,7.43442824309589,0.285280512841684,-0.0366880126856003,0.318327294513859,0.371709057990667,0.0934298504720301,-0.462022297852014,-0.439798585851,0.590416912507436,-0.121870374044966
25,6,726,6.6420827448051,1.41656494140625,1.51666666666667,1.5,3,2526,0.137070121601831,0.230658464348637,0.347125444533086,-0.0292917951849193,-0.446640614410831,7.26013103023144,1.09305037428354,7.43442824309589,0.285280512841684,-0.0366880126856003,0.318327294513859,0.371709057990667,-0.17429721286445,-0.148210391239853,0.267346477034237,0.028798150019227,-0.401000853175586
25,7,727,7.88407029881404,1.46730041503906,1.53333333333333,1.5,1,727,0.804985355311818,0.0405363743990286,0.0563010552047783,-0.0223754439277074,-0.442489273385181,8.76934372826394,1.11228634396919,10.3760753647675,0.797257531652964,0.206011340442929,0.472083389228499,0.244754791732031,-1.60673163650358,0.00772782365885394,-0.1654749660439,-0.41578233402372,-0.267130235659738
25,7,727,7.88407029881404,1.46730041503906,1.53333333333333,1.5,2,1627,1.0504528654733,-0.0359839488108442,1.1622681809992,0.593859867921982,0.751248200714454,11.8648753083386,1.50491749295074,10.3760753647675,0.797257531652964,0.206011340442929,0.472083389228499,0.244754791732031,1.48879994357111,0.25319533382034,-0.241995289253773,0.690184791770705,0.349105076189951
25,7,727,7.88407029881404,1.46730041503906,1.53333333333333,1.5,3,2527,0.53633437417377,0.613481595740602,0.197680931481514,0.162779951201819,0.585779931703181,10.4940070577,1.33103925510133,10.3760753647675,0.797257531652964,0.206011340442929,0.472083389228499,0.244754791732031,0.117931692932462,-0.260923157479194,0.407470255297673,-0.274402457746985,-0.0819748405302126
25,8,728,9.16815516194857,1.5126953125,1.55,1.5,1,728,0.0258060222038779,0.951144432907763,-0.487534734634552,0.164145019688968,0.396243565054108,10.34640714488,1.12851571140742,11.1951774066713,0.301706818257512,0.352638969000298,0.0417899639327891,0.65372769120721,-0.84877026179135,-0.275900796053634,0.598505463907465,-0.529324698567341,-0.489582671518242
25,8,728,9.16815516194857,1.5126953125,1.55,1.5,2,1628,-0.237326637899532,0.389104040331923,0.642032170318923,1.38712682313028,1.42966565654124,11.8049774438007,1.28760663789766,11.1951774066713,0.301706818257512,0.352638969000298,0.0417899639327891,0.65372769120721,0.609800037129354,-0.539033456157044,0.036465071331625,0.600242206386134,0.733399131923068
25,8,728,9.16815516194857,1.5126953125,1.55,1.5,3,2528,1.11664107046819,-0.282331566238792,-0.0291275438860045,0.409911230802384,1.05815999984166,11.4341476313333,1.24715904447053,11.1951774066713,0.301706818257512,0.352638969000298,0.0417899639327891,0.65372769120721,0.238970224661994,0.814934252210678,-0.63497053523909,-0.0709175078187935,-0.243816460404826
25,9,729,10.4957642272801,1.55274963378906,1.56666666666667,1.5,1,729,0.564445886112665,0.489792794849415,0.680126816951201,0.570571571383027,0.765341786739874,13.925081427666,1.32673344466643,13.6657708496817,0.676759105646178,0.689356865608371,0.581374051894498,0.645177609614935,0.25931057798436,-0.112313219533513,-0.199564070758955,0.0987527650567035,-0.0746060382319074
25,9,729,10.4957642272801,1.55274963378906,1.56666666666667,1.5,2,1629,1.23549569717058,0.888844366057435,-0.227824377122711,0.872835755564369,0.350341362010289,13.8153073550925,1.31627455189823,13.6657708496817,0.676759105646178,0.689356865608371,0.581374051894498,0.645177609614935,0.149536505410861,0.558736591524398,0.199487500449064,-0.809198429017209,0.227658145949435
25,9,729,10.4957642272801,1.55274963378906,1.56666666666667,1.5,3,2529,0.230335733655293,0.689433435918262,1.291819715855,0.492125501897408,-0.614336143796542,13.2569237662865,1.26307370089638,13.6657708496817,0.676759105646178,0.689356865608371,0.581374051894498,0.645177609614935,-0.408847083395219,-0.446423371990886,7.65703098910553e-05,0.710445663960505,-0.153052107717527
25,10,730,11.8683727525827,1.58746337890625,1.58333333333333,1.5,1,730,0.846431265935118,-0.255429804695549,0.00636081246065057,0.265107525756613,-1.03007095282499,11.7870911317806,0.993151409843919,15.2763186492584,1.02723085457255,0.494375546329985,0.720318308397995,0.697698787696054,-3.4892275174778,-0.180799588637428,-0.749805351025534,-0.713957495937345,-0.432591261939441
25,10,730,11.8683727525827,1.58746337890625,1.58333333333333,1.5,2,1630,0.957348960429075,0.912907088665492,0.884780573637392,1.04355108821821,0.266442335447591,16.4271785877219,1.38411380651548,15.2763186492584,1.02723085457255,0.494375546329985,0.720318308397995,0.697698787696054,1.15085993846341,-0.0698818941434707,0.418531542335507,0.164462265239397,0.345852300522161
25,10,730,11.8683727525827,1.58746337890625,1.58333333333333,1.5,3,2530,1.27791233735344,0.825649355020013,1.26981353909594,0.784437749113333,0.505675984596801,17.6146862282728,1.48417028985205,15.2763186492584,1.02723085457255,0.494375546329985,0.720318308397995,0.697698787696054,2.33836757901439,0.250681482780898,0.331273808690027,0.549495230697948,0.0867389614172798
25,11,731,13.2875059996601,1.61683654785156,1.6,1.5,1,731,-0.772125081590021,1.24665456866189,-0.603314693016983,0.166379062311181,0.142417829986226,13.2711990485523,0.998772760583644,15.0625580997706,0.177440521975136,1.15543516791834,-0.0570592946015986,0.0839813124528259,-1.79135905121835,-0.949565603565156,0.0912194007435441,-0.546255398415385,0.0823977498583552
25,11,731,13.2875059996601,1.61683654785156,1.6,1.5,2,1631,0.296414319257155,0.883385791952792,-0.142076076199907,-0.0551969046093218,-0.242646414875849,14.7244162422904,1.1081399506173,15.0625580997706,0.177440521975136,1.15543516791834,-0.0570592946015986,0.0839813124528259,-0.338141857480233,0.11897379728202,-0.272049375965549,-0.0850167815983085,-0.139178217062148
25,11,731,13.2875059996601,1.61683654785156,1.6,1.5,3,2531,1.00803232825827,1.33626514314035,0.574212885412095,0.140761779656618,-0.724614058077499,17.1920590084692,1.29385145782128,15.0625580997706,0.177440521975136,1.15543516791834,-0.0570592946015986,0.0839813124528259,2.12950090869858,0.830591806283137,0.180829975222005,0.631272180013693,0.0567804672037925
25,12,732,14.7547409292381,1.640869140625,1.61666666666667,1.5,1,732,0.801849362201541,0.215400178130803,0.90636737712594,1.52901135186968,0.317910185111199,18.0961623418827,1.22646425502621,17.095901607926,0.602315341946468,0.301337263506869,0.624946770894316,0.721979090378673,1.00026073395667,0.199534020255073,-0.0859370853760666,0.281420606231624,0.80703226149101
25,12,732,14.7547409292381,1.640869140625,1.61666666666667,1.5,2,1632,0.373229550653734,-0.098586959380682,0.598018309537017,0.552777808112662,0.0575411655035448,16.1623481600855,1.09540033522771,17.095901607926,0.602315341946468,0.301337263506869,0.624946770894316,0.721979090378673,-0.933553447840566,-0.229085791292733,-0.399924222887551,-0.0269284613572993,-0.16920128226601
25,12,732,14.7547409292381,1.640869140625,1.61666666666667,1.5,3,2532,0.631867112984128,0.787198571770487,0.370454626019992,0.0841481111536726,-0.590677484158591,17.0291943218099,1.15415068305705,17.095901607926,0.602315341946468,0.301337263506869,0.624946770894316,0.721979090378673,-0.0667072861160989,0.0295517710376605,0.485861308263618,-0.254492144874325,-0.637830979225
25,13,733,16.2717079533052,1.65956115722656,1.63333333333333,1.5,1,733,0.698160043112318,0.940625404465939,0.833812254868732,0.884225901367474,0.0401707744407453,20.2575912264203,1.24495789160875,20.246339443365,0.497034535881297,1.26361970364292,0.693237999893554,0.47181794836375,0.0112517830552576,0.201125507231021,-0.322994299176977,0.140574254975178,0.412407953003725
25,13,733,16.2717079533052,1.65956115722656,1.63333333333333,1.5,2,1633,0.5146794285366,0.742573726946328,0.771023306120938,0.469061735161852,0.462083210217854,19.9573385314064,1.22650545281895,20.246339443365,0.497034535881297,1.26361970364292,0.693237999893554,0.47181794836375,-0.289000911958606,0.0176448926553027,-0.521045976696589,0.0777853062273849,-0.00275621320189784
25,13,733,16.2717079533052,1.65956115722656,1.63333333333333,1.5,3,2533,0.278264135994973,2.10765997951648,0.47487843869099,0.0621662085619229,-0.364244690496746,20.5240885722684,1.26133584938755,20.246339443365,0.497034535881297,1.26361970364292,0.693237999893554,0.47181794836375,0.277749128903348,-0.218770399886324,0.844040275873565,-0.218359561202563,-0.409651739801827
25,14,734,17.8400927468495,1.67291259765625,1.65,1.5,1,734,0.853395342185829,0.862450815055485,0.0177741031669427,-0.952560358145693,0.708957374053143,21.4264109392184,1.20102575940937,20.8582139398297,0.694930999299526,0.513602800959041,0.544411084762923,0.116708955559556,0.568196999388753,0.158464342886303,0.348848014096444,-0.526636981595981,-1.06926931370525
25,14,734,17.8400927468495,1.67291259765625,1.65,1.5,2,1634,0.306561739620024,0.864177475577112,0.419929948626768,0.905652245130695,-0.202121972388479,20.2066095282731,1.13265159632321,20.8582139398297,0.694930999299526,0.513602800959041,0.544411084762923,0.116708955559556,-0.65160441155653,-0.388369259679502,0.350574674618071,-0.124481136136155,0.788943289571139
25,14,734,17.8400927468495,1.67291259765625,1.65,1.5,3,2534,0.924835916092725,-0.185819887755474,1.19552920249506,0.397034979693665,0.067667961405438,20.9416213519974,1.17385159646637,20.8582139398297,0.694930999299526,0.513602800959041,0.544411084762923,0.116708955559556,0.0834074121677766,0.229904916793199,-0.699422688714515,0.651118117732136,0.28032602413411
25,15,735,19.4616381210038,1.68092346191406,1.66666666666667,1.5,1,735,0.720133359667628,1.06384222183575,0.32982087088963,-0.150936943907063,-0.210476627919238,22.7294522291176,1.16791053701625,22.6677330178139,0.63623813049556,0.691591650302084,0.644735357650137,0.0597149818057653,0.0617192113036715,0.0838952291720682,0.372250571533666,-0.314914486760507,-0.210651925712828
25,15,735,19.4616381210038,1.68092346191406,1.66666666666667,1.5,2,1635,0.356901600155034,0.388344741742881,0.551597080671675,0.363177272890435,-0.205242663597231,21.3309565879475,1.09605144517235,22.6677330178139,0.63623813049556,0.691591650302084,0.644735357650137,0.0597149818057653,-1.33677642986641,-0.279336530340526,-0.303246908559203,-0.0931382769784626,0.30346229108467
25,15,735,19.4616381210038,1.68092346191406,1.66666666666667,1.5,3,2535,0.831679431664017,0.622587987327621,1.05278812138911,-0.0330953835660766,0.466333818267744,23.9427902363767,1.23025564895982,22.6677330178139,0.63623813049556,0.691591650302084,0.644735357650137,0.0597149818057653,1.27505721856274,0.195441301168457,-0.0690036629744629,0.40805276373897,-0.0928103653718418
25,16,736,21.1381459596826,1.68359375,1.68333333333333,1.5,1,736,1.89534384994177,0.809258731269283,1.15332925739041,0.781921830076378,-0.639891208403833,26.7814898948639,1.26697440475362,25.3096166484028,1.13112117356244,0.40009521590252,1.32101637092352,0.867639467155737,1.47187324646115,0.764222676379329,0.409163515366763,-0.167687113533115,-0.0857176370793586
25,16,736,21.1381459596826,1.68359375,1.68333333333333,1.5,2,1636,1.0595634138076,-0.574725036627404,1.10971234162347,1.09879598675645,-1.02024247983751,22.5988925218393,1.06910476278018,25.3096166484028,1.13112117356244,0.40009521590252,1.32101637092352,0.867639467155737,-2.71072412656346,-0.0715577597548427,-0.974820252529924,-0.211304029300057,0.231156519600716
25,16,736,21.1381459596826,1.68359375,1.68333333333333,1.5,3,2536,0.438456256937954,0.96575195306568,1.7000075137567,0.72220058463438,0.496445630031046,26.548467528505,1.25595062022666,25.3096166484028,1.13112117356244,0.40009521590252,1.32101637092352,0.867639467155737,1.2388508801023,-0.692664916624486,0.56565673716316,0.378991142833172,-0.145438882521357
25,17,737,22.8714792218598,1.68092346191406,1.7,1.5,1,737,1.94640521543628,0.632293685586803,1.11942878814932,0.753148518440882,0.58875141839285,29.4860312809929,1.28920525843432,29.6479852678911,1.67902781743643,1.26514745986909,1.10179261226312,1.28315050798247,-0.161953986898212,0.267377397999854,-0.632853774282291,0.0176361758861967,-0.530001989541592
25,17,737,22.8714792218598,1.68092346191406,1.7,1.5,2,1637,1.93915087175566,2.04888900500327,1.62461041874444,0.997773205894116,-0.0146300958171147,32.03644025919,1.40071571009586,29.6479852678911,1.67902781743643,1.26514745986909,1.10179261226312,1.28315050798247,2.38845499129895,0.260123054319233,0.783741545134173,0.52281780648132,-0.285377302088358
25,17,737,22.8714792218598,1.68092346191406,1.7,1.5,3,2537,1.15152736511734,1.11425968901721,0.561338629895605,2.09852979961242,-0.121873739603883,27.4214842634904,1.19893794351884,29.6479852678911,1.67902781743643,1.26514745986909,1.10179261226312,1.28315050798247,-2.22650100440075,-0.527500452319088,-0.150887770851882,-0.540453982367516,0.81537929162995
25,18,738,24.6635640117153,1.67291259765625,1.71666666666667,1.5,1,738,1.68954236716924,0.871043242272808,0.936571215849624,1.33677941809766,-0.110386899191338,30.2797815458447,1.22771313713873,30.5141919764529,1.49985138353809,1.17808427251202,1.13643897229933,1.22780657867454,-0.234410430608147,0.189690983631143,-0.307041030239214,-0.199867756449708,0.108972839423118
25,18,738,24.6635640117153,1.67291259765625,1.71666666666667,1.5,2,1638,1.00271049843388,1.06559828641034,1.41125058260243,1.28906572637611,-0.862612778824905,29.424551189764,1.1930372745718,30.5141919764529,1.49985138353809,1.17808427251202,1.13643897229933,1.22780657867454,-1.08964078668889,-0.497140885104208,-0.112485986101681,0.2748116103031,0.0612591477015683
25,18,738,24.6635640117153,1.67291259765625,1.71666666666667,1.5,3,2538,1.80730128501116,1.59761128885292,1.06149511844594,1.05757459154986,-0.183586628953936,31.8382431937499,1.29090196285608,30.5141919764529,1.49985138353809,1.17808427251202,1.13643897229933,1.22780657867454,1.32405121729703,0.307449901473065,0.419527016340895,-0.074943853853392,-0.170231987124686
25,19,739,26.5163917189489,1.65956115722656,1.73333333333333,1.5,1,739,1.74286401099908,1.91247059368346,1.2872454174166,1.11849273683309,-0.042040071005688,34.6125582181016,1.30532685536423,34.2945501166782,1.53293815235798,1.53760179928863,1.52204781215704,1.60176314325387,0.318008101423331,0.209925858641104,0.374868794394823,-0.23480239474044,-0.483270406420777
25,19,739,26.5163917189489,1.65956115722656,1.73333333333333,1.5,2,1639,0.729859362796684,1.21650592139369,1.77264098690797,1.43210751018935,0.514154644476774,33.0093643562722,1.2448663719462,34.2945501166782,1.53293815235798,1.53760179928863,1.52204781215704,1.60176314325387,-1.28518576040605,-0.803078789561291,-0.321095877894944,0.250593174750934,-0.169655633064518
25,19,739,26.5163917189489,1.65956115722656,1.73333333333333,1.5,3,2539,2.12609108327816,1.48382888278875,1.50625703214654,2.25468918273916,0.385602266457573,35.261727775661,1.32980867643702,34.2945501166782,1.53293815235798,1.53760179928863,1.52204781215704,1.60176314325387,0.967177658982727,0.593152930920188,-0.0537729164998797,-0.0157907800104937,0.652926039485295
25,20,740,28.4320212316403,1.640869140625,1.75,1.5,1,740,1.81281456531076,1.3223952358182,0.583977324040324,1.54097963188119,0.000690563318659345,34.5974609215952,1.2168484484351,34.7357274323716,1.36039905562491,1.2219168982134,1.16120273897756,1.31811047686466,-0.138266510776418,0.452415509685851,0.100478337604797,-0.577225414937233,0.222869155016525
25,20,740,28.4320212316403,1.640869140625,1.75,1.5,2,1640,1.6772832890583,1.60764760303847,1.17263482069603,1.17805405696063,0.0363492654985705,35.792908422602,1.25889426330233,34.7357274323716,1.36039905562491,1.2219168982134,1.16120273897756,1.31811047686466,1.05718099023034,0.316884233433393,0.38573070482507,0.0114320817184683,-0.140056419904028
25,20,740,28.4320212316403,1.640869140625,1.75,1.5,3,2540,0.591099312505668,0.735707855783535,1.72699607219632,1.23529774175216,0.536892244426572,33.8168129529177,1.18939180149757,34.7357274323716,1.36039905562491,1.2219168982134,1.16120273897756,1.31811047686466,-0.918914479453925,-0.769299743119244,-0.486209042429867,0.565793333218764,-0.0828127351124979
25,21,741,30.4125812241143,1.61683654785156,1.76666666666667,1.5,1,741,0.882075498398509,1.57281037319676,1.06761576174361,1.30516805446168,-0.55506959288775,35.6637388369313,1.17266398975215,39.214677800718,2.13658496590194,1.88944803844349,1.35935396825293,1.42328681827507,-3.55093896378667,-1.25450946750344,-0.316637665246731,-0.29173820650932,-0.118118763813383
25,21,741,30.4125812241143,1.61683654785156,1.76666666666667,1.5,2,1641,2.6959265557528,2.08019275275606,1.56961219719877,1.43219665375336,0.331007055055115,41.131886357168,1.35246285259583,39.214677800718,2.13658496590194,1.88944803844349,1.35935396825293,1.42328681827507,1.91720855645001,0.559341589850857,0.190744714312579,0.210258228945843,0.00890983547828994
25,21,741,30.4125812241143,1.61683654785156,1.76666666666667,1.5,3,2541,2.83175284355452,2.01534098937764,1.44083394581641,1.53249574661016,0.135658825373714,40.8484082080547,1.3431417710663,39.214677800718,2.13658496590194,1.88944803844349,1.35935396825293,1.42328681827507,1.63373040733666,0.695167877652578,0.125892950934152,0.0814799775634774,0.109208928335093
25,22,742,32.4602725223537,1.58746337890625,1.78333333333333,1.5,1,742,2.17718383490203,1.06851650596633,1.97978838667624,1.82359881345428,-0.72795980519757,40.0637160065307,1.23423843650545,40.0609101702698,1.8277414685809,1.20294042020514,2.02867306932604,1.76855708019902,0.00280583626093289,0.349442366321129,-0.134423914238802,-0.0488846826498011,0.0550417332552608
25,22,742,32.4602725223537,1.58746337890625,1.78333333333333,1.5,2,1642,2.21415828561955,0.868999810105577,1.33744635504176,2.0765495439869,-0.0801936969003514,39.4508598795604,1.21535824606502,40.0609101702698,1.8277414685809,1.20294042020514,2.02867306932604,1.76855708019902,-0.610050290709346,0.386416817038653,-0.333940610099559,-0.691226714284286,0.307992463787888
25,22,742,32.4602725223537,1.58746337890625,1.78333333333333,1.5,3,2542,1.09188228522111,1.6713049445435,2.76878446626013,1.40552288315587,-0.659111556659898,40.6681546247182,1.2528593096904,40.0609101702698,1.8277414685809,1.20294042020514,2.02867306932604,1.76855708019902,0.607244454448406,-0.735859183359782,0.468364524338362,0.740111396934087,-0.363034197043149
25,23,743,34.5773705495876,1.55274963378906,1.8,1.5,1,743,1.39729150659522,2.17178753126697,2.90670379313019,0.719167244656837,0.261682092301777,45.2779697630275,1.30946827486764,44.1554938044848,1.48947504813523,1.97852063299558,2.27303646406305,1.36900808867846,1.12247595854274,-0.0921835415400096,0.193266898271381,0.633667329067139,-0.649840844021626
25,23,743,34.5773705495876,1.55274963378906,1.8,1.5,2,1643,1.37455798946124,2.01221364367895,1.71043944454193,1.5758089128388,-0.117811596923658,42.7815470928567,1.23727011085194,44.1554938044848,1.48947504813523,1.97852063299558,2.27303646406305,1.36900808867846,-1.37394671162804,-0.114917058673991,0.0336930106833635,-0.562597019521121,0.206800824160338
25,23,743,34.5773705495876,1.55274963378906,1.8,1.5,3,2543,1.69657564834923,1.75156072404084,2.20196615451704,1.81204810853975,0.739478256263668,44.4069645575701,1.28427823896805,44.1554938044848,1.48947504813523,1.97852063299558,2.27303646406305,1.36900808867846,0.251470753085286,0.207100600214,-0.226959908954744,-0.0710703095460179,0.443040019861287
25,24,744,36.766227854774,1.5126953125,1.81666666666667,1.5,1,744,2.09280204025334,2.17567856389815,1.88416225763011,1.83155281794932,0.463546880067052,47.1742726819829,1.28308710015943,47.6949892053065,1.85423304636677,2.6246658522922,2.04391599702873,1.89735438581506,-0.520716523323586,0.238568993886566,-0.448987288394054,-0.159753739398625,-0.0658015678657355
25,24,744,36.766227854774,1.5126953125,1.81666666666667,1.5,2,1644,2.07937925467904,2.59167579830065,2.39808450891865,1.75629515975178,-0.174152446168336,48.0428804570259,1.30671225361477,47.6949892053065,1.85423304636677,2.6246658522922,2.04391599702873,1.89735438581506,0.347891251719474,0.225146208312275,-0.0329900539915489,0.354168511889918,-0.141059226063281
25,24,744,36.766227854774,1.5126953125,1.81666666666667,1.5,3,2544,1.39051784416793,3.1066431946778,1.84950122453744,2.10421517974408,0.580169823511919,47.8678144769106,1.30195065607458,47.6949892053065,1.85423304636677,2.6246658522922,2.04391599702873,1.89735438581506,0.172825271604104,-0.463715202198842,0.481977342385603,-0.194414772491293,0.206860793929017
25,25,745,39.0292767267848,1.46730041503906,1.83333333333333,1.5,1,745,2.29819738757258,1.53850779089333,2.42709892472653,1.84872720533178,0.285395257222207,49.1480639683614,1.2592614593504,48.6891900770596,1.98534553064547,1.78076431997403,2.34944218334665,2.39309630747668,0.458873891301813,0.31285185692711,-0.242256529080703,0.0776567413798706,-0.544369102144892
25,25,745,39.0292767267848,1.46730041503906,1.83333333333333,1.5,2,1645,2.438471182925,1.42275213075119,2.31051061601344,2.62101648601307,-0.25369794599915,48.4276933899496,1.24080427441575,48.6891900770596,1.98534553064547,1.78076431997403,2.34944218334665,2.39309630747668,-0.261496687110032,0.453125652279536,-0.358012189222835,-0.0389315673332193,0.227920178536392
25,25,745,39.0292767267848,1.46730041503906,1.83333333333333,1.5,3,2545,1.21936802143882,2.38103303827757,2.3107170093,2.70954523108518,-0.157945808651647,48.4918128728678,1.24244713045346,48.6891900770596,1.98534553064547,1.78076431997403,2.34944218334665,2.39309630747668,-0.197377204191781,-0.765977509206647,0.600268718303537,-0.0387251740466508,0.316448923608501
25,26,746,41.369031897199,1.41656494140625,1.85,1.5,1,746,2.03357937584988,1.80369630382084,1.54551384121023,1.68957851772614,0.00565929117694318,49.9104973616556,1.20647003501754,51.1495036763372,1.9312023668982,1.8202548401924,2.26183387448041,2.10727606751998,-1.23900631468158,0.10237700895168,-0.0165585363715621,-0.716320033270185,-0.417697549793843
25,26,746,41.369031897199,1.41656494140625,1.85,1.5,2,1646,1.46926658463764,1.93153058397286,3.23661243569843,2.34037429193894,0.957727994492812,52.8363216589667,1.2771950233272,51.1495036763372,1.9312023668982,1.8202548401924,2.26183387448041,2.10727606751998,1.68681798262946,-0.461935782260565,0.111275743780455,0.974778561218012,0.233098224418963
25,26,746,41.369031897199,1.41656494140625,1.85,1.5,3,2546,2.29076114020709,1.72553763278351,2.00337534653259,2.29187539289486,-0.109659449611253,50.7016920083893,1.22559532295514,51.1495036763372,1.9312023668982,1.8202548401924,2.26183387448041,2.10727606751998,-0.447811667947867,0.359558773308886,-0.0947172074088929,-0.258458527947827,0.18459932537488
25,27,747,43.7880933347085,1.36048889160156,1.86666666666667,1.5,1,747,2.82119246037554,1.52411100981159,2.48641965905233,2.35596415867884,-0.59281649665375,53.6081145483592,1.22426236142753,53.8589029115727,2.53729361062128,1.83157676445434,2.30990190187267,2.25698211348627,-0.250788363213537,0.283898849754259,-0.307465754642755,0.176517757179658,0.0989820451925687
25,27,747,43.7880933347085,1.36048889160156,1.86666666666667,1.5,2,1647,2.64495410780749,2.03680126369597,2.1716675305264,2.23327656096635,0.535703280804019,54.9817576193359,1.25563260311576,53.8589029115727,2.53729361062128,1.83157676445434,2.30990190187267,2.25698211348627,1.12285470776318,0.107660497186204,0.205224499241625,-0.138234371346275,-0.0237055525199175
25,27,747,43.7880933347085,1.36048889160156,1.86666666666667,1.5,3,2547,2.14573426368082,1.93381801985547,2.27161851603929,2.18170562081362,-0.73772580887447,52.9868365670231,1.21007407566256,53.8589029115727,2.53729361062128,1.83157676445434,2.30990190187267,2.25698211348627,-0.872066344549637,-0.391559346940463,0.10224125540113,-0.0382833858333833,-0.0752764926726508
25,28,748,46.2891491342386,1.299072265625,1.88333333333333,1.5,1,748,2.19560620408534,1.80220615208782,2.26822014789406,2.04398299070291,0.160284803105383,56.0981702049119,1.21190756914168,56.143549751104,2.02661292156638,1.87957453011101,2.34892951410819,2.8068610538669,-0.0453795461920734,0.168993282518959,-0.0773683780231882,-0.0807093662141334,-0.762878063163994
25,28,748,46.2891491342386,1.299072265625,1.88333333333333,1.5,2,1648,1.88345842025497,1.93032364665113,2.13510607416154,3.49924909671473,0.778676426055156,56.3526761366068,1.2174057460677,56.143549751104,2.02661292156638,1.87957453011101,2.34892951410819,2.8068610538669,0.20912638550282,-0.143154501311407,0.0507491165401222,-0.213823439946646,0.692388042847831
25,28,748,46.2891491342386,1.299072265625,1.88333333333333,1.5,3,2548,2.00077414035883,1.90619379159407,2.64346232026897,2.87735107418306,-0.46368820587086,55.9798029117933,1.20935044084418,56.143549751104,2.02661292156638,1.87957453011101,2.34892951410819,2.8068610538669,-0.163746839310754,-0.0258387812075518,0.0266192614830658,0.29453280616078,0.0704900203161629
25,29,749,48.8749785039976,1.23231506347656,1.9,1.5,1,749,2.00152062978629,2.87861193165411,2.51146660436439,2.65382943434072,0.457879549662272,61.0359246522941,1.24881742193097,59.9343411803564,2.54172044119785,2.0632864708117,2.55415968651572,2.18909717648682,1.10158347193768,-0.540199811411556,0.81532546084241,-0.0426930821513292,0.464732257853895
25,29,749,48.8749785039976,1.23231506347656,1.9,1.5,2,1649,2.25454652397467,1.07013073015926,2.58547106561934,1.65042377753048,-0.129342866632233,57.4354022658997,1.17514941231538,59.9343411803564,2.54172044119785,2.0632864708117,2.55415968651572,2.18909717648682,-2.49893891445665,-0.287173917223175,-0.993155740652441,0.0313113791036193,-0.53867339895634
25,29,749,48.8749785039976,1.23231506347656,1.9,1.5,3,2549,3.36909416983258,2.24111675062173,2.56554138956343,2.26303831758927,0.198498712595526,61.3316966228754,1.25486902501367,59.9343411803564,2.54172044119785,2.0632864708117,2.55415968651572,2.18909717648682,1.39735544251898,0.827373728634732,0.17783027981003,0.0113817030477095,0.0739411411024458
25,30,750,51.5484548537714,1.16021728515625,1.91666666666667,1.5,1,750,3.16616088201063,2.62438550728298,2.52215175730082,2.28657486315233,0.23475374694574,64.269943041855,1.24678699340593,62.9749643830208,2.85469881307793,2.48371282743075,2.11823190910417,1.97030520034453,1.29497865883421,0.311462068932701,0.14067267985223,0.403919848196653,0.316269662807791
25,30,750,51.5484548537714,1.16021728515625,1.91666666666667,1.5,2,1650,2.7659814330103,2.30358841440397,1.65825516843636,1.96632171265016,0.11812482901624,61.7783130320495,1.19845130581115,62.9749643830208,2.85469881307793,2.48371282743075,2.11823190910417,1.97030520034453,-1.19665135097122,-0.0887173800676204,-0.18012441302678,-0.459976740667806,-0.00398348769437362
25,30,750,51.5484548537714,1.16021728515625,1.91666666666667,1.5,3,2550,2.63195412421285,2.5231645606053,2.17428880157532,1.65801902523112,0.177044942546595,62.8766370751578,1.21975793946727,62.9749643830208,2.85469881307793,2.48371282743075,2.11823190910417,1.97030520034453,-0.0983273078629949,-0.22274468886508,0.0394517331745501,0.0560568924711529,-0.312286175113417
26,1,751,1.01685340540722,1.07379150390625,1.45,1.5,1,751,0.501755433197691,-0.820996974304659,0.613461592552945,0.337165704090488,-0.0155492527643382,1.26983164993703,1.24878536393207,0.558934926192399,0.459455807345838,-0.302234160539324,-0.292401062015405,0.406336470041601,0.710896723744629,0.0422996258518532,-0.518762813765335,0.90586265456835,-0.0691707659511125
26,1,751,1.01685340540722,1.07379150390625,1.45,1.5,2,1651,1.17585348342967,-0.45057965721855,-0.681227962477065,0.331078565473376,0.194424491618463,0.798716930688542,0.785478935745587,0.558934926192399,0.459455807345838,-0.302234160539324,-0.292401062015405,0.406336470041601,0.239782004496143,0.716397676083834,-0.148345496679226,-0.38882690046166,-0.0752579045682243
26,1,751,1.01685340540722,1.07379150390625,1.45,1.5,3,2551,-0.299241494589849,0.364874149905237,-0.809436816122095,0.550765140560938,-0.402186526128261,-0.391743802048374,-0.385251010583469,0.558934926192399,0.459455807345838,-0.302234160539324,-0.292401062015405,0.406336470041601,-0.950678728240773,-0.758697301935688,0.667108310444561,-0.51703575410669,0.144428670519337
26,2,752,2.06817317241739,1.142822265625,1.46666666666667,1.5,1,752,0.334365500947192,0.0595605493824267,0.568308652538621,-0.271254011050011,-0.166217352090752,3.22389461090144,1.55881270190406,4.74519826415876,0.575105517674116,0.656134253998863,0.640711932727109,0.0908668488974778,-1.52130365325732,-0.240740016726924,-0.596573704616437,-0.0724032801884877,-0.362120859947489
26,2,752,2.06817317241739,1.142822265625,1.46666666666667,1.5,2,1652,0.561769176682356,1.4313471828274,0.94499537962813,0.226900246696759,0.456101946309885,6.68307971290408,3.23139271025962,4.74519826415876,0.575105517674116,0.656134253998863,0.640711932727109,0.0908668488974778,1.93788144874532,-0.01333634099176,0.775212928828537,0.304283446901021,0.136033397799282
26,2,752,2.06817317241739,1.142822265625,1.46666666666667,1.5,3,2552,0.8291818753928,0.477495029786763,0.408831766014575,0.316954311045685,-0.000733905907336693,4.32862046867076,2.09296809686939,4.74519826415876,0.575105517674116,0.656134253998863,0.640711932727109,0.0908668488974778,-0.416577795488002,0.254076357718684,-0.1786392242121,-0.231880166712534,0.226087462148207
26,3,753,3.15512754226943,1.20709228515625,1.48333333333333,1.5,1,753,0.0761571796445908,-0.00453341771558663,0.465220574766056,0.0728504346324217,-0.157747431313331,3.78041514750198,1.19818140371682,3.20083966072275,-0.226644355386691,0.204614916514134,-0.0251769006996092,0.492847171931278,0.579575486779226,0.302801535031281,-0.209148334229721,0.490397475465665,-0.419996737298856
26,3,753,3.15512754226943,1.20709228515625,1.48333333333333,1.5,2,1653,-0.442463414873156,-0.205932757366026,-0.101342713426242,0.627520210848704,0.4069551241646,2.57050749831112,0.814707952015847,3.20083966072275,-0.226644355386691,0.204614916514134,-0.0251769006996092,0.492847171931278,-0.63033216241163,-0.215819059486466,-0.41054767388016,-0.0761658127266327,0.134673038917426
26,3,753,3.15512754226943,1.20709228515625,1.48333333333333,1.5,3,2553,-0.313626830931506,0.824310924624015,-0.439408563438642,0.778170870312708,-0.0885697042465118,3.25159633635515,1.03057524388264,3.20083966072275,-0.226644355386691,0.204614916514134,-0.0251769006996092,0.492847171931278,0.0507566756324036,-0.0869824755448158,0.619696008109881,-0.414231662739033,0.28532369838143
26,4,754,4.27892435387168,1.2666015625,1.5,1.5,1,754,0.77771169757966,1.12913797602585,0.510111741485063,0.525473467143029,0.43696373716795,8.15981351863492,1.9069777457626,4.76699823923675,0.214856412991892,0.136136623777293,0.306495230186735,0.100467249569766,3.39281527939817,0.562855284587768,0.993001352248553,0.203616511298327,0.425006217573263
26,4,754,4.27892435387168,1.2666015625,1.5,1.5,2,1654,0.212203082612955,-0.138270351767911,0.289097770983787,-0.318526104563934,-1.35454747495577,3.41939476374461,0.799124845628704,4.76699823923675,0.214856412991892,0.136136623777293,0.306495230186735,0.100467249569766,-1.34760347549214,-0.00265333037893689,-0.274406975545204,-0.017397459202948,-0.418993354133701
26,4,754,4.27892435387168,1.2666015625,1.5,1.5,3,2554,-0.34534554121694,-0.582457752926055,0.120276178091356,0.0944543861302035,-0.426450354181126,2.72178643533072,0.636091272066537,4.76699823923675,0.214856412991892,0.136136623777293,0.306495230186735,0.100467249569766,-2.04521180390603,-0.560201954208831,-0.718594376703349,-0.186219052095379,-0.00601286343956255
26,5,755,5.44081238596938,1.32135009765625,1.51666666666667,1.5,1,755,-0.161337361912773,-0.34504536870725,1.2971512886664,-0.044111935352639,0.252545842895035,6.90258321373897,1.26866775107687,7.33454085679783,-0.0779335062611485,-0.0333911405324133,1.06869093381146,0.360394710901678,-0.431957643058864,-0.0834038556516249,-0.311654228174837,0.228460354854936,-0.404506646254317
26,5,755,5.44081238596938,1.32135009765625,1.51666666666667,1.5,2,1655,-0.26492796059141,-0.304335898155264,0.761649446528328,0.492991612586942,0.522324293235058,6.29397215019544,1.15680742207288,7.33454085679783,-0.0779335062611485,-0.0333911405324133,1.06869093381146,0.360394710901678,-1.04056870660239,-0.186994454330262,-0.270944757622851,-0.307041487283134,0.132596901685263
26,5,755,5.44081238596938,1.32135009765625,1.51666666666667,1.5,3,2555,0.192464803720738,0.549207845265274,1.14727206623966,0.632304455470732,0.558068101952759,8.80706720645908,1.61870444736718,7.33454085679783,-0.0779335062611485,-0.0333911405324133,1.06869093381146,0.360394710901678,1.47252634966125,0.270398309981887,0.582598985797688,0.0785811324281975,0.271909744569054
26,6,756,6.6420827448051,1.371337890625,1.53333333333333,1.5,1,756,-0.116533915066571,0.215035360000497,0.179736693160023,0.699494492708669,0.124135187025011,7.20573648363057,1.08486099322781,8.05656177578154,0.271265977579197,0.553993416912656,0.273648059919548,0.614856036290008,-0.850825292150961,-0.387799892645767,-0.338958056912159,-0.093911366759525,0.084638456418661
26,6,756,6.6420827448051,1.371337890625,1.53333333333333,1.5,2,1656,0.957234968830078,0.0963699119069603,0.291331546253554,0.528656957142013,-0.216134523371097,8.3234053220596,1.25313183256705,8.05656177578154,0.271265977579197,0.553993416912656,0.273648059919548,0.614856036290008,0.266843546278061,0.685968991250881,-0.457623505005696,0.0176834863340058,-0.0861990791479956
26,6,756,6.6420827448051,1.371337890625,1.53333333333333,1.5,3,2556,-0.026903121025917,1.35057497883051,0.349875940345067,0.616416659019343,-0.560341498636132,8.64054352165444,1.3008786330481,8.05656177578154,0.271265977579197,0.553993416912656,0.273648059919548,0.614856036290008,0.583981745872903,-0.298169098605114,0.796581561917855,0.0762278804255192,0.00156062272933477
26,7,757,7.88407029881404,1.41656494140625,1.55,1.5,1,757,0.26248120958372,-0.0425828148513001,0.308257591634921,-0.0769005599482459,0.0693413997249495,8.72161640224606,1.10623270362747,8.20928000265946,0.375235111597207,-0.0227074921377371,-0.254717922473334,0.656556648051899,0.512336399586598,-0.112753902013488,-0.019875322713563,0.562975514108255,-0.733457208000145
26,7,757,7.88407029881404,1.41656494140625,1.55,1.5,2,1657,0.255244860389603,0.29041235404425,-0.264891192501345,1.6389768366955,-0.164368475095713,8.13407510443694,1.03171011877716,8.20928000265946,0.375235111597207,-0.0227074921377371,-0.254717922473334,0.656556648051899,-0.0752048982225215,-0.119990251207604,0.313119846181987,-0.0101732700280106,0.982420188643601
26,7,757,7.88407029881404,1.41656494140625,1.55,1.5,3,2557,0.607979264818299,-0.315952015606161,-0.807520166553579,0.407593667408443,0.727841964857713,7.77214850129539,0.985804058909078,8.20928000265946,0.375235111597207,-0.0227074921377371,-0.254717922473334,0.656556648051899,-0.437131501364078,0.232744153221092,-0.293244523468424,-0.552802244080244,-0.248962980643456
26,8,758,9.16815516194857,1.45703125,1.56666666666667,1.5,1,758,0.909012600584633,-0.221061374405915,0.463854754151657,-0.80938320567286,-0.724515724187718,10.1175518481146,1.10355373239171,11.7657760517993,0.727317901797204,0.639346249758528,0.396968356055537,-0.0472157065858243,-1.64822420368466,0.181694698787429,-0.860407624164442,0.0668863980961194,-0.762167499087036
26,8,758,9.16815516194857,1.45703125,1.56666666666667,1.5,2,1658,0.0877389645116117,1.48436366837438,0.954834273340338,0.609187893982389,0.839015426920133,13.8927634924685,1.51532813822009,11.7657760517993,0.727317901797204,0.639346249758528,0.396968356055537,-0.0472157065858243,2.12698744066915,-0.639578937285593,0.84501741861585,0.557865917284801,0.656403600568214
26,8,758,9.16815516194857,1.45703125,1.56666666666667,1.5,3,2558,1.18520214029537,0.65473645530712,-0.227783959325383,0.058548191932998,-0.292096744104072,11.2870128148148,1.23111057954825,11.7657760517993,0.727317901797204,0.639346249758528,0.396968356055537,-0.0472157065858243,-0.478763236984495,0.457884238498164,0.0153902055485925,-0.62475231538092,0.105763898518822
26,9,759,10.4957642272801,1.49273681640625,1.58333333333333,1.5,1,759,-0.589588053704385,0.51551536528433,0.695976312114675,0.090267215770197,0.191546246938704,11.6674078098132,1.11163013546815,12.7597857721151,0.143886218386091,0.699289353538499,0.6749374424097,0.456728464834865,-1.09237796230189,-0.733474272090477,-0.183773988254169,0.0210388697049755,-0.366461249064668
26,9,759,10.4957642272801,1.49273681640625,1.58333333333333,1.5,2,1659,0.464990315343501,0.921691326747443,1.00092717617426,0.40271897646354,-0.255569385221672,13.8950383699889,1.32387104636683,12.7597857721151,0.143886218386091,0.699289353538499,0.6749374424097,0.456728464834865,1.13525259787381,0.32110409695741,0.222401973208944,0.325989733764561,-0.0540094883713251
26,9,759,10.4957642272801,1.49273681640625,1.58333333333333,1.5,3,2559,0.556256393519159,0.660661368583723,0.327908838940163,0.877199202270857,-0.147107914038839,12.7169111365431,1.21162317113507,12.7597857721151,0.143886218386091,0.699289353538499,0.6749374424097,0.456728464834865,-0.0428746355719145,0.412370175133067,-0.0386279849547753,-0.347028603469537,0.420470737435993
26,10,760,11.8683727525827,1.523681640625,1.6,1.5,1,760,-0.294068746663344,0.941166612916445,0.502249547304462,1.1144736712695,-0.688646834950651,12.9908996688825,1.09458136677208,14.2430087773297,0.352010369826789,0.442924087975308,0.680421918302721,0.475097670859778,-1.25210910844721,-0.646079116490133,0.498242524941137,-0.178172370998259,0.639376000409726
26,10,760,11.8683727525827,1.523681640625,1.6,1.5,2,1660,1.21732363627126,-0.0653626698276583,0.950323172362113,0.0409797328233358,-0.52659618506183,14.5174947296252,1.22320852506642,14.2430087773297,0.352010369826789,0.442924087975308,0.680421918302721,0.475097670859778,0.274485952295452,0.865313266444475,-0.508286757802966,0.269901254059391,-0.434117938036442
26,10,760,11.8683727525827,1.523681640625,1.6,1.5,3,2560,0.132776219872448,0.452968320837137,0.58869303524159,0.269839608486494,1.54216162616574,15.2206319334815,1.28245314254806,14.2430087773297,0.352010369826789,0.442924087975308,0.680421918302721,0.475097670859778,0.977623156151759,-0.219234149954341,0.0100442328618293,-0.0917288830611319,-0.205258062373284
26,11,761,13.2875059996601,1.54986572265625,1.61666666666667,1.5,1,761,0.499550729157208,1.45023200866775,0.697494757949694,0.421971772727506,0.276792674665703,17.7293191104452,1.33428493736136,17.0929430511914,0.771397811602822,1.04223015763859,0.66828855342467,0.941250008129908,0.636376059253866,-0.271847082445614,0.408001851029162,0.0292062045250239,-0.519278235402402
26,11,761,13.2875059996601,1.54986572265625,1.61666666666667,1.5,2,1661,0.868900037800568,0.691413917996671,0.702184248482976,0.638511478682578,0.0839790398475148,16.8892256313285,1.27106062129045,17.0929430511914,0.771397811602822,1.04223015763859,0.66828855342467,0.941250008129908,-0.203717419862855,0.0975022261977452,-0.350816239641918,0.0338956950583055,-0.30273852944733
26,11,761,13.2875059996601,1.54986572265625,1.61666666666667,1.5,3,2561,0.945742667850691,0.985044546251345,0.605186653841341,1.76326677297964,-0.593264395083355,16.6602844118004,1.25383081010285,17.0929430511914,0.771397811602822,1.04223015763859,0.66828855342467,0.941250008129908,-0.432658639391011,0.174344856247869,-0.057185611387244,-0.0631018995833293,0.822016764849732
26,12,762,14.7547409292381,1.5712890625,1.63333333333333,1.5,1,762,-0.102777458636789,0.79801022055517,1.21217044135237,0.475671771165828,0.616751164806614,18.3316713530192,1.24242583729092,19.2499885612153,0.478006074701177,0.968033433637175,1.32988205246345,0.511202618868669,-0.91831720819614,-0.580783533337966,-0.170023213082004,-0.11771161111108,-0.0355308477028415
26,12,762,14.7547409292381,1.5712890625,1.63333333333333,1.5,2,1662,1.00662124211554,0.915000618943886,1.99887815929532,0.601339038989605,-0.690312154403908,20.1389399725352,1.36491315361747,19.2499885612153,0.478006074701177,0.968033433637175,1.32988205246345,0.511202618868669,0.888951411319837,0.528615167414361,-0.053032814693289,0.668996106831867,0.0901364201209361
26,12,762,14.7547409292381,1.5712890625,1.63333333333333,1.5,3,2562,0.530174440624782,1.19108946141247,0.778597556742666,0.456597046450574,0.578213673661718,19.2793543580916,1.30665488811718,19.2499885612153,0.478006074701177,0.968033433637175,1.32988205246345,0.511202618868669,0.0293657968762986,0.0521683659236051,0.223056027775293,-0.551284495720787,-0.0546055724180948
26,13,763,16.2717079533052,1.58795166015625,1.65,1.5,1,763,1.00818369558227,1.98192289312751,0.868925879797082,-0.0202446961548578,-0.0840523817050979,22.3621641380985,1.37429728964353,21.7008582074856,1.4427276180981,1.32524444147493,0.65244216877401,0.958461210339524,0.661305930612869,-0.434543922515831,0.656678451652588,0.216483711023073,-0.978705906494382
26,13,763,16.2717079533052,1.58795166015625,1.65,1.5,2,1663,1.92835797151196,1.50573023474576,0.554732836013252,1.01299566588489,0.465198576364635,23.1155999132582,1.4206007125738,21.7008582074856,1.4427276180981,1.32524444147493,0.65244216877401,0.958461210339524,1.41474170577259,0.485630353413858,0.180485793270833,-0.0977093327607576,0.0545344555453678
26,13,763,16.2717079533052,1.58795166015625,1.65,1.5,3,2563,1.39164118720008,0.488080196551505,0.533667790511695,1.88263266128854,-0.462590325838773,19.6248105711002,1.2060694935908,21.7008582074856,1.4427276180981,1.32524444147493,0.65244216877401,0.958461210339524,-2.07604763638545,-0.0510864308980272,-0.83716424492342,-0.118774378262315,0.924171450949014
26,14,764,17.8400927468495,1.599853515625,1.66666666666667,1.5,1,764,0.317278238229708,-0.381597581651034,0.803813159925028,1.00967678931668,-0.735912414137658,18.1815028080441,1.01913723577782,19.774468233299,0.28103177224871,0.189694707934998,0.951565041448789,0.813183496107767,-1.59296542525492,0.0362464659809973,-0.571292289586032,-0.14775188152376,0.196493293208915
26,14,764,17.8400927468495,1.599853515625,1.66666666666667,1.5,2,1664,0.165587309263318,-0.256384195509382,0.927915468070097,0.142417782658645,-0.107959358418082,18.9616150368887,1.06286527239256,19.774468233299,0.28103177224871,0.189694707934998,0.951565041448789,0.813183496107767,-0.812853196410291,-0.115444462985393,-0.44607890344438,-0.023649573378692,-0.670765713449122
26,14,764,17.8400927468495,1.599853515625,1.66666666666667,1.5,3,2564,0.360229769253106,1.20706590096541,1.12296649635124,1.28745591634797,0.0676529992064989,22.1802868549642,1.24328315831661,19.774468233299,0.28103177224871,0.189694707934998,0.951565041448789,0.813183496107767,2.40581862166522,0.0791979970043953,1.01737119303041,0.171401454902452,0.474272420240208
26,15,765,19.4616381210038,1.60699462890625,1.68333333333333,1.5,1,765,0.487027035385199,0.930510159584688,0.359749084619716,1.58785270538488,0.172127425974791,22.5223977725386,1.15727142969694,22.3550175092071,0.533056635158335,0.951217950372562,0.314115319004366,0.778165631605226,0.16738026333147,-0.0460295997731359,-0.0207077907878743,0.0456337656153504,0.809687073779652
26,15,765,19.4616381210038,1.60699462890625,1.68333333333333,1.5,2,1665,1.13400035349785,1.12643850789012,0.194920219658821,0.287001679918407,0.304602883684282,23.7771252997069,1.22174326497447,22.3550175092071,0.533056635158335,0.951217950372562,0.314115319004366,0.778165631605226,1.42210779049977,0.600943718339511,0.175220557517553,-0.119195099345545,-0.491163951686819
26,15,765,19.4616381210038,1.60699462890625,1.68333333333333,1.5,3,2565,-0.0218574834080399,0.796705183642883,0.38767665273456,0.459642509512393,-0.583619178757205,20.7655294553759,1.06699802587352,22.3550175092071,0.533056635158335,0.951217950372562,0.314115319004366,0.778165631605226,-1.58948805383124,-0.554914118566375,-0.154512766729679,0.0735613337301942,-0.318523122092833
26,16,766,21.1381459596826,1.609375,1.7,1.5,1,766,1.21984635513175,-0.0498033869292429,0.738337863087523,1.31755677150079,0.77534406395732,24.8995212882817,1.17794253742846,25.5678482442261,0.966263050950868,0.561504126932867,1.03503170033414,0.98455585209399,-0.668326955944448,0.253583304180886,-0.61130751386211,-0.296693837246613,0.333000919406801
26,16,766,21.1381459596826,1.609375,1.7,1.5,2,1666,0.648467754823258,0.848715960052023,1.16159899186494,0.66401800238208,-0.124480247727162,25.24250912476,1.19416855068111,25.5678482442261,0.966263050950868,0.561504126932867,1.03503170033414,0.98455585209399,-0.325339119466143,-0.31779529612761,0.287211833119156,0.1265672915308,-0.32053784971191
26,16,766,21.1381459596826,1.609375,1.7,1.5,3,2566,1.03047504289759,0.88559980767582,1.20515824604995,0.972092782399099,0.451690545666961,26.5615143196367,1.25656783571739,25.5678482442261,0.966263050950868,0.561504126932867,1.03503170033414,0.98455585209399,0.993666075410587,0.0642119919467244,0.324095680742953,0.170126545715813,-0.0124630696948909
26,17,767,22.8714792218598,1.60699462890625,1.71666666666667,1.5,1,767,0.650707589966941,1.75618033207124,2.02118675032236,0.866054943615859,0.00780157466171174,29.9715207607927,1.31043210935596,28.208957326022,1.01960453336151,1.15289075478002,1.08797652425317,0.861094754963282,1.76256343477068,-0.368896943394565,0.603289577291222,0.93321022606919,0.00496018865257675
26,17,767,22.8714792218598,1.60699462890625,1.71666666666667,1.5,2,1667,1.30251267367008,0.761290812873225,0.999372299902227,1.26795051606284,0.11159625257514,27.8821473570574,1.21907932086914,28.208957326022,1.01960453336151,1.15289075478002,1.08797652425317,0.861094754963282,-0.326809968964614,0.282908140308579,-0.391599941906791,-0.0886042243509462,0.406855761099556
26,17,767,22.8714792218598,1.60699462890625,1.71666666666667,1.5,3,2567,1.10559333644749,0.941201119395585,0.24337052253493,0.44927880521115,0.144257712832406,26.773203860216,1.17059345399169,28.208957326022,1.01960453336151,1.15289075478002,1.08797652425317,0.861094754963282,-1.43575346580606,0.0859888030859857,-0.21168963538443,-0.844606001718244,-0.411815949752132
26,18,768,24.6635640117153,1.599853515625,1.73333333333333,1.5,1,768,2.28438543656589,1.1331108109802,1.73778314123822,1.24968823289492,0.73941774390384,33.6283972782413,1.36348490681508,31.2244744163558,1.30266568847089,1.32046358082747,1.41457789248573,1.24238364845601,2.40392286188543,0.981719748094998,-0.187352769847272,0.323205248752484,0.00730458443891369
26,18,768,24.6635640117153,1.599853515625,1.73333333333333,1.5,2,1668,1.16721490835989,1.70547791761566,1.54711612886505,0.759643040355116,-0.0597983581731587,31.7479744453363,1.28724195863404,31.2244744163558,1.30266568847089,1.32046358082747,1.41457789248573,1.24238364845601,0.523500028980489,-0.135450780111,0.385014336788192,0.132538236379316,-0.482740608100895
26,18,768,24.6635640117153,1.599853515625,1.73333333333333,1.5,3,2568,0.456396720486891,1.12280201388655,0.958834407353932,1.71781967211799,-0.481122152450293,28.2970515254899,1.14732207851423,31.2244744163558,1.30266568847089,1.32046358082747,1.41457789248573,1.24238364845601,-2.92742289086593,-0.846268967983999,-0.19766156694092,-0.455743485131801,0.475436023661981
26,19,769,26.5163917189489,1.58795166015625,1.75,1.5,1,769,0.882825748276707,1.81987746513181,0.636898143119093,1.47553751187973,0.915022891349706,32.9734320015626,1.24351127223692,33.4713943955806,1.29632856370518,1.35543172984491,1.3818959604758,1.27364326134709,-0.497962394018046,-0.413502815428473,0.464445735286898,-0.744997817356706,0.20189425053264
26,19,769,26.5163917189489,1.58795166015625,1.75,1.5,2,1669,1.51422699375399,0.426779206971082,1.89656357711143,1.12797914507107,0.303729784687289,32.8163497500878,1.23758730440827,33.4713943955806,1.29632856370518,1.35543172984491,1.3818959604758,1.27364326134709,-0.65504464549285,0.217898430048811,-0.928652522873826,0.514667616635632,-0.145664116276025
26,19,769,26.5163917189489,1.58795166015625,1.75,1.5,3,2569,1.49193294908484,1.81963851743184,1.61222616119687,1.21741312709048,0.136185665500521,34.6244014350915,1.3057734929428,33.4713943955806,1.29632856370518,1.35543172984491,1.3818959604758,1.27364326134709,1.15300703951089,0.195604385379662,0.464206787586928,0.230330200721074,-0.0562301342566145
26,20,770,28.4320212316403,1.5712890625,1.76666666666667,1.5,1,770,1.74839026067816,1.29591539533557,2.02559161647927,1.67908120509136,-0.107252716919305,36.3998329647845,1.28024077740479,35.8578574252334,1.75040055708666,1.36035441903143,1.46572247462011,1.54727532351999,0.541975539551082,-0.00201029640850026,-0.0644390236958592,0.559869141859163,0.131805881571369
26,20,770,28.4320212316403,1.5712890625,1.76666666666667,1.5,2,1670,1.73258048122847,1.52955102334637,1.27318720083136,1.64522866212118,-0.128074441573391,35.6383191592811,1.25345710981748,35.8578574252334,1.75040055708666,1.36035441903143,1.46572247462011,1.54727532351999,-0.219538265952288,-0.0178200758581883,0.16919660431494,-0.192535273788748,0.0979533386011959
26,20,770,28.4320212316403,1.5712890625,1.76666666666667,1.5,3,2570,1.77023092935335,1.25559683841235,1.09838860654969,1.31751610334742,0.456050431582544,35.5354201516346,1.24983798591461,35.8578574252334,1.75040055708666,1.36035441903143,1.46572247462011,1.54727532351999,-0.322437273598787,0.0198303722666886,-0.104757580619081,-0.367333868070415,-0.229759220172564
26,21,771,30.4125812241143,1.54986572265625,1.78333333333333,1.5,1,771,1.18441333905266,0.688943801863572,1.03484495465352,0.878715253929267,-0.429035870306003,34.6001108680998,1.13769070152668,35.5584504681745,1.04329364200617,0.954684712443093,1.3960719259056,1.31485403873189,-0.958339600074687,0.141119697046493,-0.265740910579522,-0.361226971252083,-0.436138784802619
26,21,771,30.4125812241143,1.54986572265625,1.78333333333333,1.5,2,1671,0.8714643052707,0.678074063676233,1.61769916517997,1.39949690609505,-0.198928514105143,35.2000861932592,1.15741856746276,35.5584504681745,1.04329364200617,0.954684712443093,1.3960719259056,1.31485403873189,-0.358364274915296,-0.171829336735471,-0.276610648766861,0.221627239274371,0.0846428673631685
26,21,771,30.4125812241143,1.54986572265625,1.78333333333333,1.5,3,2571,1.07400328169515,1.49703627178948,1.53567165788331,1.66634995617134,-0.175209924785624,36.8751543431645,1.21249669902816,35.5584504681745,1.04329364200617,0.954684712443093,1.3960719259056,1.31485403873189,1.31670387498999,0.0307096396889779,0.542351559346382,0.139599731977712,0.35149591743945
26,22,772,32.4602725223537,1.523681640625,1.8,1.5,1,772,2.30934064356165,0.884671026188458,1.39872022353581,1.04402082459492,0.552900064790751,40.2223607101313,1.2391257862186,39.5433671838664,1.69948623340846,1.02135130437881,1.50693124320334,1.31179417112677,0.678993526264946,0.609854410153188,-0.136680278190348,-0.108211019667534,-0.267773346531854
26,22,772,32.4602725223537,1.523681640625,1.8,1.5,2,1672,1.09929043956309,1.22774007085082,1.81354449885787,1.38103238349379,0.84866928107256,39.9141593397214,1.22963106092947,39.5433671838664,1.69948623340846,1.02135130437881,1.50693124320334,1.31179417112677,0.370792155854964,-0.600195793845367,0.206388766472009,0.306613255654533,0.0692382123670245
26,22,772,32.4602725223537,1.523681640625,1.8,1.5,3,2572,1.68982761710064,0.951642816097146,1.30852900721634,1.5103293052916,-0.217200916403867,38.4935815017465,1.18586747770642,39.5433671838664,1.69948623340846,1.02135130437881,1.50693124320334,1.31179417112677,-1.0497856821199,-0.00965861630782139,-0.0697084882816608,-0.198402235986999,0.198535134164829
26,23,773,34.5773705495876,1.49273681640625,1.81666666666667,1.5,1,773,1.263193718392,2.32127112064795,2.56578563823774,2.89425040136714,1.02684056200914,45.5554812078273,1.31749408598019,45.1127689599606,2.01976268887129,2.41533704133164,2.04132297369964,1.78661756919348,0.442712247866694,-0.756568970479287,-0.094065920683696,0.524462664538099,1.10763283217366
26,23,773,34.5773705495876,1.49273681640625,1.81666666666667,1.5,2,1673,2.52363579330529,2.77141140212617,1.9858121954037,1.34654793755237,-0.460912402726431,45.8970312136967,1.32737193384545,45.1127689599606,2.01976268887129,2.41533704133164,2.04132297369964,1.78661756919348,0.784262253736053,0.503873104434004,0.356074360794528,-0.0555107782959401,-0.440069631641108
26,23,773,34.5773705495876,1.49273681640625,1.81666666666667,1.5,3,2573,2.27245855491657,2.15332860122081,1.57237108745748,1.11905436866092,-0.354195563315064,43.8857944583579,1.26920566141433,45.1127689599606,2.01976268887129,2.41533704133164,2.04132297369964,1.78661756919348,-1.22697450160275,0.252695866045283,-0.262008440110832,-0.46895188624216,-0.667563200532552
26,24,774,36.766227854774,1.45703125,1.83333333333333,1.5,1,774,1.38459375410863,1.17774813464083,1.23835739263591,1.78365898510832,-0.0973973958115695,42.7029678297156,1.16147264273049,44.2629066172308,1.26293777987757,1.84674946824672,1.51723827823882,1.52381656391248,-1.5599387875152,0.121655974231067,-0.669001333605895,-0.278880885602912,0.259842421195843
26,24,774,36.766227854774,1.45703125,1.83333333333333,1.5,2,1674,0.867869471470604,1.94386040036566,1.8267896268598,1.18078367716788,0.0956999338901323,44.4303692371446,1.20845601601132,44.2629066172308,1.26293777987757,1.84674946824672,1.51723827823882,1.52381656391248,0.167462619913771,-0.395068308406963,0.097110932118943,0.30955134862098,-0.343032886744601
26,24,774,36.766227854774,1.45703125,1.83333333333333,1.5,3,2574,1.53635011405346,2.41863986973367,1.48656781522075,1.60700702946124,-0.0133800144016214,45.6553827848322,1.24177500518058,44.2629066172308,1.26293777987757,1.84674946824672,1.51723827823882,1.52381656391248,1.39247616760144,0.273412334175895,0.571890401486952,-0.0306704630180683,0.0831904655487576
26,25,775,39.0292767267848,1.41656494140625,1.85,1.5,1,775,2.2512037789896,1.17536851763041,1.73215866831705,2.46755675406282,0.412027750738616,47.4029505868931,1.21454852773026,47.3082127166073,1.93528314495158,1.4900031551649,1.66125711235446,2.50232990621909,0.0947378702857904,0.315920634038015,-0.314634637534496,0.0709015559625912,-0.0347731521562675
26,25,775,39.0292767267848,1.41656494140625,1.85,1.5,2,1675,1.78951620906474,1.84074065761585,1.73091979925809,2.01197655886653,0.421988368306834,47.9879809344074,1.229538053455,47.3082127166073,1.93528314495158,1.4900031551649,1.66125711235446,2.50232990621909,0.679768217800024,-0.145766935886845,0.350737502450943,0.0696626869036296,-0.490353347352555
26,25,775,39.0292767267848,1.41656494140625,1.85,1.5,3,2575,1.76512944680042,1.45390029024846,1.52069286948824,3.02745640572791,0.0332545691634831,46.5337066285215,1.19227694005886,47.3082127166073,1.93528314495158,1.4900031551649,1.66125711235446,2.50232990621909,-0.774506088085822,-0.170153698151169,-0.0361028649164468,-0.140564242866221,0.525126499508823
26,26,776,41.369031897199,1.371337890625,1.86666666666667,1.5,1,776,2.95529744682101,2.75337652185543,1.67896924431157,1.42944007881398,-0.49154628036113,52.5882870243284,1.27119936369333,51.4798947625544,2.64981887493885,2.28614292888606,1.88620030988257,2.01513500509827,1.10839226177395,0.30547857188216,0.467233592969369,-0.207231065571001,-0.585694926284287
26,26,776,41.369031897199,1.371337890625,1.86666666666667,1.5,2,1676,2.36947964419598,2.22218183508931,2.14405717568565,2.61463188140964,-0.745092735550027,51.2374549011615,1.2385461431267,51.4798947625544,2.64981887493885,2.28614292888606,1.88620030988257,2.01513500509827,-0.24243986139296,-0.280339230742865,-0.0639610937967499,0.257856865803078,0.599496876311366
26,26,776,41.369031897199,1.371337890625,1.86666666666667,1.5,3,2576,2.62467953379956,1.88287042971344,1.83557450965049,2.00133305507119,-0.622465263747073,50.6139423621734,1.22347417962179,51.4798947625544,2.64981887493885,2.28614292888606,1.88620030988257,2.01513500509827,-0.865952400380998,-0.0251393411392944,-0.403272499172618,-0.0506258002320772,-0.0138019500270783
26,27,777,43.7880933347085,1.32135009765625,1.88333333333333,1.5,1,777,2.55487036553278,2.05428140761244,2.46820103226876,1.71524036102968,0.16980713686491,54.9049768779758,1.25387914148926,53.5577737825161,2.2860752990168,1.89874972347378,2.07088456791252,2.2211421894127,1.34720309545963,0.26879506651598,0.155531684138656,0.397316464356238,-0.505901828383023
26,27,777,43.7880933347085,1.32135009765625,1.88333333333333,1.5,2,1677,1.97450954181872,1.60093458339995,1.63601946909443,2.86932495860946,0.830691997043497,52.6969263767022,1.20345332174882,53.5577737825161,2.2860752990168,1.89874972347378,2.07088456791252,2.2211421894127,-0.860847405813914,-0.311565757198079,-0.297815140073833,-0.434865098818092,0.648182769196758
26,27,777,43.7880933347085,1.32135009765625,1.88333333333333,1.5,3,2577,2.3288459896989,2.04103317940896,2.10843320237437,2.07886124859897,-0.800491742534835,53.0714180928704,1.2120056858197,53.5577737825161,2.2860752990168,1.89874972347378,2.07088456791252,2.2211421894127,-0.486355689645706,0.042770690682099,0.142283455935176,0.0375486344618547,-0.142280940813734
26,28,778,46.2891491342386,1.2666015625,1.9,1.5,1,778,2.07786328420554,2.12739603032815,2.80669164853222,1.99191396902893,-1.31862263037286,55.8544413167237,1.20664221229787,56.6387335032778,2.40346317789051,1.90552649960949,2.74026409268653,2.01700117388379,-0.784292186554069,-0.325599893684967,0.22186953071866,0.0664275558456979,-0.02508720485486
26,28,778,46.2891491342386,1.2666015625,1.9,1.5,2,1678,2.62444710781987,1.87429808097433,2.52639393161245,2.79373882027143,0.351109516986308,57.3151447099581,1.23819827717602,56.6387335032778,2.40346317789051,1.90552649960949,2.74026409268653,2.01700117388379,0.676411206680292,0.220983929929366,-0.0312284186351663,-0.213870161074079,0.776737646387637
26,28,778,46.2891491342386,1.2666015625,1.9,1.5,3,2578,2.50807914164611,1.714885387526,2.88770669791491,1.26535073235101,-0.309113893941445,56.7466144831516,1.2259161281748,56.6387335032778,2.40346317789051,1.90552649960949,2.74026409268653,2.01700117388379,0.107880979873784,0.104615963755601,-0.190641112083494,0.147442605228381,-0.751650441532777
26,29,779,48.8749785039976,1.20709228515625,1.91666666666667,1.5,1,779,2.99435444652135,2.71563293540939,2.24693953442631,2.92090909953905,0.510336967496853,61.5751500507545,1.25985017150889,61.8618008655954,2.52166497493008,2.7617428472776,2.82264081904567,2.44975528156184,-0.286650814840883,0.472689471591268,-0.0461099118682129,-0.575701284619365,0.471153817977216
26,29,779,48.8749785039976,1.20709228515625,1.91666666666667,1.5,2,1679,2.5842525441893,3.42254969989682,3.12699540499683,2.22223996085259,0.744494126317717,63.9892839715991,1.30924423764944,61.8618008655954,2.52166497493008,2.7617428472776,2.82264081904567,2.44975528156184,2.12748310600377,0.0625875692592204,0.66080685261922,0.304354585951159,-0.227515320709248
26,29,779,48.8749785039976,1.20709228515625,1.91666666666667,1.5,3,2579,1.98638793407959,2.14704590652659,3.09398751771388,2.20611678429387,-0.00791607753352612,60.0209685744325,1.22805104803316,61.8618008655954,2.52166497493008,2.7617428472776,2.82264081904567,2.44975528156184,-1.84083229116288,-0.535277040850489,-0.614696940751007,0.271346698668207,-0.243638497267968
26,30,780,51.5484548537714,1.142822265625,1.93333333333333,1.5,1,780,1.46266331329999,2.77693342868663,2.59201946360035,2.79440620541926,-0.545215206490982,61.9315710063604,1.20142439151752,62.3038861477486,2.09369910884529,2.43114338554246,2.65574161455775,2.9213798506803,-0.372315141388114,-0.631035795545306,0.345790043144177,-0.0637221509574046,-0.12697364526104
26,30,780,51.5484548537714,1.142822265625,1.93333333333333,1.5,2,1680,2.12496416052592,2.33846573088038,2.80614345225955,2.97753267905843,0.0688601775734013,62.776020312407,1.21780605239255,62.3038861477486,2.09369910884529,2.43114338554246,2.65574161455775,2.9213798506803,0.472134164658385,0.0312650516806237,-0.0926776546620829,0.150401837701792,0.056152828378127
26,30,780,51.5484548537714,1.142822265625,1.93333333333333,1.5,3,2580,2.69346985270997,2.17803099706036,2.56906192781337,2.99220066756321,-0.486997868129792,62.2040671244783,1.20671060463275,62.3038861477486,2.09369910884529,2.43114338554246,2.65574161455775,2.9213798506803,-0.099819023270264,0.599770743864683,-0.253112388482093,-0.0866796867443878,0.0708208168829136
27,1,781,1.01685340540722,1.06385803222656,1.46666666666667,1.5,1,781,0.416748156413056,0.252448383634,-0.327515249977793,0.724982883447283,0.61961112709713,1.95881016048317,1.92634469242764,2.30496138057371,0.114531746295835,0.561338002709512,0.085101627706638,0.27589127270717,-0.346151220090537,0.302216410117221,-0.308889619075512,-0.412616877684431,0.449091610740113
27,1,781,1.01685340540722,1.06385803222656,1.46666666666667,1.5,2,1681,-0.247871128391688,1.01033830142678,0.355465185853532,0.409338373140308,0.0271874290279288,2.79536843107817,2.74903778284412,2.30496138057371,0.114531746295835,0.561338002709512,0.085101627706638,0.27589127270717,0.490407050504456,-0.362402874687522,0.449000298717265,0.270363558146895,0.133447100433137
27,1,781,1.01685340540722,1.06385803222656,1.46666666666667,1.5,3,2581,0.174718210866136,0.421227323067759,0.227354947244174,-0.30664743846608,-0.000855721952601053,2.16070555015979,2.12489385261436,2.30496138057371,0.114531746295835,0.561338002709512,0.085101627706638,0.27589127270717,-0.14425583041392,0.060186464570301,-0.140110679641753,0.142253319537536,-0.58253871117325
27,2,782,2.06817317241739,1.12359619140625,1.48333333333333,1.5,1,782,0.361593800607497,0.517083542338187,-0.819642521231844,-0.347419939482424,0.0462809268199054,2.05828298905654,0.995217913329136,1.74227350754975,-0.0879483485681851,0.389791448721342,-0.301966146374796,-0.076243056119682,0.316009481506782,0.449542149175682,0.127292093616845,-0.517676374857048,-0.271176883362742
27,2,782,2.06817317241739,1.12359619140625,1.48333333333333,1.5,2,1682,-0.593948806313639,0.229015741723634,-0.193108802509039,-0.0234497360926299,-0.157520959549312,1.29333707599695,0.625352409191746,1.74227350754975,-0.0879483485681851,0.389791448721342,-0.301966146374796,-0.076243056119682,-0.448936431552803,-0.506000457745453,-0.160775706997709,0.108857343865757,0.0527933200270521
27,2,782,2.06817317241739,1.12359619140625,1.48333333333333,1.5,3,2582,-0.0314900399984133,0.423275062102206,0.106852884616495,0.142140507216008,-0.945727961521851,1.87520045759577,0.906694121461763,1.74227350754975,-0.0879483485681851,0.389791448721342,-0.301966146374796,-0.076243056119682,0.13292695004602,0.0564583085697718,0.0334836133808639,0.408819030991291,0.21838356333569
27,3,783,3.15512754226943,1.17921447753906,1.5,1.5,1,783,0.296936362227222,0.926356045002468,0.433980291077015,0.00852649410398812,-0.0691488871929754,5.4766348164418,1.73578872583469,4.35771149013553,-0.257981049244254,0.46866801839248,0.357096280041161,0.281210444308882,1.11892332630628,0.554917411471476,0.457688026609989,0.076884011035854,-0.272683950204894
27,3,783,3.15512754226943,1.17921447753906,1.5,1.5,2,1683,-0.190876436331978,0.0328426859234075,-0.0843051476397991,0.0934502475568167,0.672232411605247,3.52508200415636,1.11725499426905,4.35771149013553,-0.257981049244254,0.46866801839248,0.357096280041161,0.281210444308882,-0.832629485979167,0.067104612912276,-0.435825332469072,-0.44140142768096,-0.187760196752065
27,3,783,3.15512754226943,1.17921447753906,1.5,1.5,3,2583,-0.880003073628007,0.446805324251563,0.721613696686267,0.741654591265841,0.201373940833257,4.07141764980841,1.29041301667314,4.35771149013553,-0.257981049244254,0.46866801839248,0.357096280041161,0.281210444308882,-0.286293840327112,-0.622022024383753,-0.0218626941409168,0.364517416645106,0.460444146956959
27,4,784,4.27892435387168,1.230712890625,1.51666666666667,1.5,1,784,0.383074112168871,0.971421508412387,0.511722875870494,0.468683715852274,0.376516144228384,7.36780168090888,1.72188173278696,5.31543018971326,0.188416494821476,0.324191450864843,0.0973801700386843,-0.0278719172898535,2.05237149119562,0.194657617347395,0.647230057547544,0.414342705831809,0.496555633142128
27,4,784,4.27892435387168,1.230712890625,1.51666666666667,1.5,2,1684,-0.171321858837357,0.484378016192003,-0.318280824170377,-0.780171440963919,-0.116537849115383,4.2087572396083,0.983601693215284,5.31543018971326,0.188416494821476,0.324191450864843,0.0973801700386843,-0.0278719172898535,-1.10667295010496,-0.359738353658833,0.16018656532716,-0.415660994209062,-0.752299523674065
27,4,784,4.27892435387168,1.230712890625,1.51666666666667,1.5,3,2584,0.353497231132913,-0.483225172009861,0.0986984584159368,0.227871973242084,0.240597518853116,4.3697316486226,1.02122199114569,5.31543018971326,0.188416494821476,0.324191450864843,0.0973801700386843,-0.0278719172898535,-0.94569854109066,0.165080736311438,-0.807416622874704,0.00131828837725244,0.255743890531937
27,5,785,5.44081238596938,1.27809143066406,1.53333333333333,1.5,1,785,0.116581526910664,0.83058065567365,-0.311962569935049,0.231670881892029,1.06944596126864,7.46487334821996,1.37201447479979,7.5362035291384,0.262171285202867,0.551469541952982,-0.0267372121353433,0.138936833394704,-0.0713301809184417,-0.145589758292204,0.279111113720667,-0.285225357799705,0.0927340484973243
27,5,785,5.44081238596938,1.27809143066406,1.53333333333333,1.5,2,1685,0.917049987495779,0.937859793116803,0.319818731566861,-0.30501326274392,1.55275515485434,10.083421051462,1.85329328345614,7.5362035291384,0.262171285202867,0.551469541952982,-0.0267372121353433,0.138936833394704,2.54721752232364,0.654878702292912,0.38639025116382,0.346555943702205,-0.443950096138625
27,5,785,5.44081238596938,1.27809143066406,1.53333333333333,1.5,3,2585,-0.247117658797841,-0.114031822931505,-0.0880677980378427,0.490152881036005,0.242293256057515,5.0603161877332,0.93006628950901,7.5362035291384,0.262171285202867,0.551469541952982,-0.0267372121353433,0.138936833394704,-2.4758873414052,-0.509288944000708,-0.665501364884488,-0.0613305859024994,0.3512160476413
27,6,786,6.6420827448051,1.32135009765625,1.55,1.5,1,786,-0.525311679430065,1.11408146788538,0.185171690966638,0.599612984016902,-0.0015373385853384,7.95100857897716,1.19706557181869,7.47896357836823,-0.0641056808082569,0.437788379934618,0.0619900129963378,0.429290644508792,0.472045000608934,-0.461205998621808,0.67629308795076,0.123181677970301,0.17032233950811
27,6,786,6.6420827448051,1.32135009765625,1.55,1.5,2,1686,0.134600259779592,0.171160922032797,0.00639438207308085,0.482756716168625,0.21189102481511,7.30671883828498,1.10006441036883,7.47896357836823,-0.0641056808082569,0.437788379934618,0.0619900129963378,0.429290644508792,-0.172244740083247,0.198705940587848,-0.266627457901821,-0.0555956309232569,0.0534660716598336
27,6,786,6.6420827448051,1.32135009765625,1.55,1.5,3,2586,0.198394377225703,0.0281227498856786,-0.00559603405070602,0.205502233340848,0.23973593206907,7.17916331784254,1.08086026532228,7.47896357836823,-0.0641056808082569,0.437788379934618,0.0619900129963378,0.429290644508792,-0.299800260525688,0.26250005803396,-0.409665630048939,-0.0675860470470438,-0.223788411167944
27,7,787,7.88407029881404,1.36048889160156,1.56666666666667,1.5,1,787,1.73602998472063,0.9254109011377,0.92270208491813,0.261302787567824,0.80230330132826,13.8820866490015,1.76077661954508,11.216852003688,0.736304709582365,0.587481770076241,0.548519795345489,0.139950510754675,2.66523464531354,0.999725275138265,0.337929131061458,0.374182289572642,0.121352276813148
27,7,787,7.88407029881404,1.36048889160156,1.56666666666667,1.5,2,1687,0.288187958658333,1.23250489968138,0.256689492369896,-0.123281501854924,0.387798175381261,10.9799035720323,1.39266941514765,11.216852003688,0.736304709582365,0.587481770076241,0.548519795345489,0.139950510754675,-0.236948431655691,-0.448116750924032,0.645023129605142,-0.291830302975592,-0.263232012609599
27,7,787,7.88407029881404,1.36048889160156,1.56666666666667,1.5,3,2587,0.184696185368132,-0.395470490590359,0.46616780874844,0.281830246551126,0.573537104837143,8.78856579003014,1.11472443255004,11.216852003688,0.736304709582365,0.587481770076241,0.548519795345489,0.139950510754675,-2.42828621365785,-0.551608524214233,-0.982952260666601,-0.0823519865970492,0.14187973579645
27,8,788,9.16815516194857,1.3955078125,1.58333333333333,1.5,1,788,0.186977981974464,0.568344908998763,-0.0635587799351889,1.07460905180028,-0.38992092680741,9.84370473909726,1.07368435254592,12.0271844784802,0.487100352469733,0.709811312044646,0.721600316695507,0.483713487649112,-2.18347973938289,-0.300122370495268,-0.141466403045882,-0.785159096630695,0.590895564151164
27,8,788,9.16815516194857,1.3955078125,1.58333333333333,1.5,2,1688,0.0995210191490503,0.549404967320897,1.50857801145564,0.184969371930836,0.502851750331747,12.9426474874523,1.41169594742128,12.0271844784802,0.487100352469733,0.709811312044646,0.721600316695507,0.483713487649112,0.915463008972164,-0.387579333320683,-0.160406344723748,0.786977694760133,-0.298744115718276
27,8,788,9.16815516194857,1.3955078125,1.58333333333333,1.5,3,2588,1.17480205628568,1.01168405981428,0.719781718566069,0.191562039216223,-0.193905073300461,13.2952012088909,1.45015010915949,12.0271844784802,0.487100352469733,0.709811312044646,0.721600316695507,0.483713487649112,1.26801673041073,0.687701703815951,0.301872747769631,-0.00181859812943752,-0.292151448432888
27,9,789,10.4957642272801,1.42640686035156,1.6,1.5,1,789,0.0776787612189095,1.15814642707847,0.0495601494699107,0.981833181685044,0.523866893485157,13.0578071462019,1.24410256017972,12.9678364290406,0.0736843587766078,0.990922868036824,0.302550121694205,0.757519179107234,0.089970717161366,0.0039944024423017,0.167223559041647,-0.252989972224295,0.22431400257781
27,9,789,10.4957642272801,1.42640686035156,1.6,1.5,2,1689,0.166541463262911,1.23531968457581,1.22824309352547,0.596333443728742,0.181364962450907,14.7335612110717,1.40376259336856,12.9678364290406,0.0736843587766078,0.990922868036824,0.302550121694205,0.757519179107234,1.76572478203113,0.0928571044863037,0.244396816538987,0.92569297183126,-0.161185735378491
27,9,789,10.4957642272801,1.42640686035156,1.6,1.5,3,2589,-0.0231671481519976,0.57930249245619,-0.37015287791276,0.694390911907915,0.277767810566006,11.1121409298481,1.0587262336711,12.9678364290406,0.0736843587766078,0.990922868036824,0.302550121694205,0.757519179107234,-1.8556954991925,-0.0968515069286054,-0.411620375580634,-0.672702999606965,-0.0631282671993186
27,10,790,11.8683727525827,1.45318603515625,1.61666666666667,1.5,1,790,0.864526792027761,0.478669467992261,0.593843906938412,1.40695411843737,0.210981976938444,15.0002878243761,1.26388748795507,14.875017352351,1.08200748780862,0.631488710253284,-0.0159957089998018,1.08898195049176,0.125270472025081,-0.217480695780863,-0.152819242261023,0.609839615938214,0.317972167945602
27,10,790,11.8683727525827,1.45318603515625,1.61666666666667,1.5,2,1690,0.898203064516386,0.720254810710297,0.0673587976960629,0.956185619766946,0.498813172876443,14.9378922160746,1.25863018692466,14.875017352351,1.08200748780862,0.631488710253284,-0.0159957089998018,1.08898195049176,0.0628748637236374,-0.183804423292238,0.0887661004570132,0.0833545066958647,-0.132796330724818
27,10,790,11.8683727525827,1.45318603515625,1.61666666666667,1.5,3,2590,1.48329260688172,0.695541852057294,-0.70918983163388,0.903806113270979,0.602324581606755,14.6868720166023,1.23747984014121,14.875017352351,1.08200748780862,0.631488710253284,-0.0159957089998018,1.08898195049176,-0.188145335748718,0.401285119073101,0.0640531418040098,-0.693194122634078,-0.185175837220785
27,11,791,13.2875059996601,1.47584533691406,1.63333333333333,1.5,1,791,0.976682194752293,0.371710791348722,0.66237339083196,1.25330643922072,0.101742380334602,16.4313679548844,1.23660286251646,16.2172859680681,0.979589823958044,0.545746523114769,0.552440958606921,1.1654968401303,0.214081986816296,-0.00290762920575027,-0.174035731766047,0.109932432225039,0.0878095990904255
27,11,791,13.2875059996601,1.47584533691406,1.63333333333333,1.5,2,1691,0.59126780832443,0.965606356411968,0.275846309978916,0.880456779129705,-0.767044548653199,15.3840078025645,1.15777993273967,16.2172859680681,0.979589823958044,0.545746523114769,0.552440958606921,1.1654968401303,-0.83327816550359,-0.388322015633613,0.419859833297199,-0.276594648628005,-0.285040061000593
27,11,791,13.2875059996601,1.47584533691406,1.63333333333333,1.5,3,2591,1.37081946879741,0.299922421583618,0.719103175009887,1.36272730204046,-0.0426694247817945,16.8364821467554,1.26709121690602,16.2172859680681,0.979589823958044,0.545746523114769,0.552440958606921,1.1654968401303,0.619196178687293,0.391229644839364,-0.245824101531152,0.166662216402966,0.197230461910167
27,12,792,14.7547409292381,1.494384765625,1.65,1.5,1,792,0.800718800732757,0.133225070130657,1.08163594607751,0.963067176646043,0.0904221855948669,17.8840203770294,1.21208637025881,18.2540395496702,0.727117256678729,0.652551482437377,0.7728745406477,0.878282075366163,-0.370019172640781,0.0736015440540282,-0.51932641230672,0.308761405429808,0.0847851012798794
27,12,792,14.7547409292381,1.494384765625,1.65,1.5,2,1692,1.1572461063218,0.870301120435897,0.86609656384351,0.731697050483738,0.342121035375265,19.561374610464,1.32576876166636,18.2540395496702,0.727117256678729,0.652551482437377,0.7728745406477,0.878282075366163,1.30733506079386,0.43012884964307,0.21774963799852,0.0932220231958102,-0.146585024882425
27,12,792,14.7547409292381,1.494384765625,1.65,1.5,3,2592,0.223386862981631,0.954128256745577,0.370891112022081,0.940081998968708,0.0975085157351392,17.3167236615171,1.17363793404208,18.2540395496702,0.727117256678729,0.652551482437377,0.7728745406477,0.878282075366163,-0.937315888153076,-0.503730393697099,0.3015767743082,-0.401983428625618,0.0617999236025453
27,13,793,16.2717079533052,1.50880432128906,1.66666666666667,1.5,1,793,1.18761927489415,0.422815851954339,0.449042940500367,0.446566814371043,0.387972524524078,19.8298230691769,1.21866881621047,19.6584886657971,0.739077126675758,0.500467726853812,0.650320650467108,0.537580674104311,0.171334403379831,0.448542148218391,-0.0776518748994731,-0.201277709966741,-0.0910138597332679
27,13,793,16.2717079533052,1.50880432128906,1.66666666666667,1.5,2,1693,0.253052267134552,0.403804784232296,0.545087268424082,0.971905593179065,1.19594460905399,19.3400977928804,1.18857208157746,19.6584886657971,0.739077126675758,0.500467726853812,0.650320650467108,0.537580674104311,-0.318390872916623,-0.486024859541206,-0.096662942621516,-0.105233382043026,0.434324919074754
27,13,793,16.2717079533052,1.50880432128906,1.66666666666667,1.5,3,2593,0.776559837998572,0.674782544374801,0.956831742476875,0.194269614762825,-0.197724844956463,19.8055451353339,1.2171767826813,19.6584886657971,0.739077126675758,0.500467726853812,0.650320650467108,0.537580674104311,0.147056469536793,0.0374827113228141,0.174314817520989,0.306511092009767,-0.343311059341486
27,14,794,17.8400927468495,1.51910400390625,1.68333333333333,1.5,1,794,0.722360341236773,0.825037611389367,0.980632795667484,1.93167540293389,-0.175433501895718,21.6217622375963,1.21197588736833,20.1978872262227,0.483621500475054,0.566720552643526,0.399992701816681,1.28796336109612,1.42387501137361,0.238738840761719,0.258317058745841,0.580640093850803,0.643712041837779
27,14,794,17.8400927468495,1.51910400390625,1.68333333333333,1.5,2,1694,0.810478413532209,0.292240517756036,0.553695273493982,1.39504754407288,0.309628147919932,20.7034030129761,1.16049861997675,20.1978872262227,0.483621500475054,0.566720552643526,0.399992701816681,1.28796336109612,0.505515786753396,0.326856913057156,-0.27448003488749,0.1537025716773,0.107084182976767
27,14,794,17.8400927468495,1.51910400390625,1.68333333333333,1.5,3,2594,-0.0819742533438209,0.582883528785174,-0.334349963711422,0.53716713628157,0.073268769830104,18.2684964280957,1.02401353442077,20.1978872262227,0.483621500475054,0.566720552643526,0.399992701816681,1.28796336109612,-1.92939079812701,-0.565595753818875,0.0161629761416482,-0.734342665528104,-0.750796224814546
27,15,795,19.4616381210038,1.52528381347656,1.7,1.5,1,795,0.904141098133757,1.05031466412399,1.00682117958912,0.335164352393121,-0.16226586061533,23.9742107408653,1.2318701330178,22.8466098930133,0.667653767879139,0.990012193266373,0.738614855945933,0.930845423991605,1.12760084785199,0.236487330254618,0.0603024708576163,0.26820632364319,-0.595681071598483
27,15,795,19.4616381210038,1.52528381347656,1.7,1.5,2,1695,0.319893195115268,1.21171432631339,0.277814875758472,1.74437511349393,-1.23094488019829,21.1952578217266,1.08907881700111,22.8466098930133,0.667653767879139,0.990012193266373,0.738614855945933,0.930845423991605,-1.65135207128669,-0.347760572763872,0.22170213304702,-0.460799980187462,0.81352968950233
27,15,795,19.4616381210038,1.52528381347656,1.7,1.5,3,2595,0.778927010388393,0.708007589361737,0.931208512490205,0.712996806087758,0.120212563968837,23.370361116448,1.20084244559176,22.8466098930133,0.667653767879139,0.990012193266373,0.738614855945933,0.930845423991605,0.523751223434708,0.111273242509254,-0.282004603904636,0.192593656544272,-0.217848617903846
27,16,796,21.1381459596826,1.52734375,1.71666666666667,1.5,1,796,1.27489259035376,1.87189544152128,0.483489201845016,1.15518403741046,0.296032171695863,27.320031671889,1.29245165228764,27.9199133692289,1.18373283918717,1.90787250888412,0.995746102850683,1.21901544015376,-0.599881697339935,0.0911597511665847,-0.0359770673628432,-0.512256901005667,-0.0638314027432918
27,16,796,21.1381459596826,1.52734375,1.71666666666667,1.5,2,1696,1.05334970235388,2.1624697870609,1.14722317674748,0.995830449389664,-0.182629837473318,27.9974177729063,1.32449732470892,27.9199133692289,1.18373283918717,1.90787250888412,0.995746102850683,1.21901544015376,0.0775044036773593,-0.130383136833299,0.254597278176783,0.151477073896792,-0.223184990764092
27,16,796,21.1381459596826,1.52734375,1.71666666666667,1.5,3,2596,1.22295622485389,1.68925229807018,1.35652592995956,1.50603183366114,0.501598150028226,28.4422906628915,1.34554329964134,27.9199133692289,1.18373283918717,1.90787250888412,0.995746102850683,1.21901544015376,0.522377293662579,0.0392233856667141,-0.21862021081394,0.360779827108875,0.287016393507384
27,17,797,22.8714792218598,1.52528381347656,1.73333333333333,1.5,1,797,0.268554054925352,-0.229041792805271,0.766720510565159,0.523977297677047,-0.00032769547796994,24.0338476710549,1.05082174344387,25.7230644016589,0.840756301531447,0.537706366972707,0.371424345848976,1.0315018742166,-1.68921673060402,-0.572202246606094,-0.766748159777978,0.395296164716183,-0.507524576539555
27,17,797,22.8714792218598,1.52528381347656,1.73333333333333,1.5,2,1697,1.72675227374141,0.688719877820053,-0.0129123861649172,1.51033238071413,0.458659704283917,27.1383387614727,1.18655809264557,25.7230644016589,0.840756301531447,0.537706366972707,0.371424345848976,1.0315018742166,1.41527435981379,0.885995972209961,0.151013510847345,-0.384336732013893,0.478830506497532
27,17,797,22.8714792218598,1.52528381347656,1.73333333333333,1.5,3,2597,0.52696257592758,1.15344101590334,0.360464913146687,1.06019594425863,-0.218235067400056,25.9970067724491,1.13665611744089,25.7230644016589,0.840756301531447,0.537706366972707,0.371424345848976,1.0315018742166,0.273942370790227,-0.313793725603866,0.615734648930633,-0.0109594327022895,0.0286940700420228
27,18,798,24.6635640117153,1.51910400390625,1.75,1.5,1,798,1.52340955576045,1.15315392898664,1.8480332755772,0.901490925970461,0.306223190710095,32.0740740472625,1.30046387586268,30.866913340314,1.08547568369879,1.10287634570498,1.82235830001515,1.3223775056062,1.20716070694849,0.437933872061656,0.0502775832816531,0.0256749755620467,-0.420886579635737
27,18,798,24.6635640117153,1.51910400390625,1.75,1.5,2,1698,0.827713412310427,1.26057832649984,2.50991096573419,2.81781918653132,-0.348386727235096,31.5434385631839,1.27894892028584,30.866913340314,1.08547568369879,1.10287634570498,1.82235830001515,1.3223775056062,0.676525222869838,-0.257762271388364,0.157701980794861,0.687552665719039,1.49544168092513
27,18,798,24.6635640117153,1.51910400390625,1.75,1.5,3,2598,0.9053040830255,0.894896781628467,1.10913065873406,0.247822404316807,-0.285353014447207,28.9832274104957,1.17514351927112,30.866913340314,1.08547568369879,1.10287634570498,1.82235830001515,1.3223775056062,-1.88368592981833,-0.180171600673291,-0.207979564076515,-0.713227641281086,-1.07455510128939
27,19,799,26.5163917189489,1.50880432128906,1.76666666666667,1.5,1,799,0.376566581253265,1.42920644461905,0.787139270516435,1.55248642364547,0.194650944788247,30.9848482400534,1.16851676383674,31.8370832643079,0.967052171676273,1.40868623319095,0.995688002506851,1.22931315015753,-0.852235024254515,-0.590485590423008,0.0205202114280971,-0.208548731990416,0.323173273487944
27,19,799,26.5163917189489,1.50880432128906,1.76666666666667,1.5,2,1699,0.860754719672103,1.34399045500481,1.04705374366259,1.03127213874443,-0.886101782790033,30.8739641294391,1.16433504440109,31.8370832643079,0.967052171676273,1.40868623319095,0.995688002506851,1.22931315015753,-0.963119134868819,-0.10629745200417,-0.0646957781861495,0.0513657411557353,-0.198041011413098
27,19,799,26.5163917189489,1.50880432128906,1.76666666666667,1.5,3,2599,1.66383521410345,1.45286179994901,1.15287099334153,1.10418088808268,0.329614940274644,33.6524374234313,1.26911827899204,31.8370832643079,0.967052171676273,1.40868623319095,0.995688002506851,1.22931315015753,1.81535415912334,0.696783042427178,0.0441755667580526,0.157182990834681,-0.125132262074846
27,20,800,28.4320212316403,1.494384765625,1.78333333333333,1.5,1,800,2.10648523105932,2.16784972040102,1.04280816368023,1.8676488014634,-1.11122501864963,35.8989065648686,1.26262238876351,35.6840498741012,1.71830471178963,1.70897832590801,1.49631170125374,2.0618408556123,0.21485669076737,0.388180519269689,0.458871394493013,-0.453503537573515,-0.194192054148893
27,20,800,28.4320212316403,1.494384765625,1.78333333333333,1.5,2,1700,1.34965900202896,1.47387451750115,1.66041964748092,2.53987004325578,0.0365456017756354,35.6045157122684,1.25226818811764,35.6840498741012,1.71830471178963,1.70897832590801,1.49631170125374,2.0618408556123,-0.0795341618328109,-0.368645709760671,-0.235103808406855,0.164107946227176,0.478029187643483
27,20,800,28.4320212316403,1.494384765625,1.78333333333333,1.5,3,2600,1.69876990228062,1.48521073982185,1.78570729260008,1.77800372211771,-0.749096506993134,35.5487273451666,1.25030602135337,35.6840498741012,1.71830471178963,1.70897832590801,1.49631170125374,2.0618408556123,-0.135322528934559,-0.0195348095090182,-0.223767586086158,0.289395591346339,-0.28383713349459
27,21,801,30.4125812241143,1.47584533691406,1.8,1.5,1,801,1.76700203887602,1.32999570869377,1.94084361560686,1.10781527239358,0.767723574615294,39.0933842171815,1.2854346011967,38.636119886723,1.95070661480535,1.71119698010812,1.49152580016333,1.7585216698884,0.45726433045845,-0.183704575929335,-0.381201271414352,0.44931781544353,-0.650706397494815
27,21,801,30.4125812241143,1.47584533691406,1.8,1.5,2,1701,2.47419516749593,2.9192583155652,1.41049825786786,2.24011348070742,0.0153519717372975,41.4498749512349,1.3629186765104,38.636119886723,1.95070661480535,1.71119698010812,1.49152580016333,1.7585216698884,2.81375506451189,0.523488552690573,1.20806133545708,-0.081027542295476,0.481591810819019
27,21,801,30.4125812241143,1.47584533691406,1.8,1.5,3,2601,1.61092263804411,0.884336916065387,1.12323552701528,1.92763625656419,-0.701613135288918,35.3651004917527,1.16284442386336,38.636119886723,1.95070661480535,1.71119698010812,1.49152580016333,1.7585216698884,-3.27101939497033,-0.339783976761239,-0.826860064042731,-0.368290273148054,0.169114586675796
27,22,802,32.4602725223537,1.45318603515625,1.81666666666667,1.5,1,802,1.92624465652857,1.95257455721169,1.04610794332593,1.0669449649437,0.177506954618424,40.5533103393906,1.24932131458427,42.0141077892298,2.02955542587718,2.01228241560299,1.91340233194517,1.49393939705348,-1.46079744983925,-0.103310769348606,-0.059707858391302,-0.867294388619234,-0.426994432109772
27,22,802,32.4602725223537,1.45318603515625,1.81666666666667,1.5,2,1702,1.74389490010699,2.0390357934769,2.85242843367643,1.45652666374476,0.272409859481641,43.2497771061153,1.33239106592009,42.0141077892298,2.02955542587718,2.01228241560299,1.91340233194517,1.49393939705348,1.23566931688552,-0.285660525770195,0.0267533778739049,0.939026101731265,-0.0374127333087133
27,22,802,32.4602725223537,1.45318603515625,1.81666666666667,1.5,3,2602,2.41852672099598,2.04523689612039,1.84167061883313,1.95834656247196,-0.213625479642124,42.2392359221835,1.3012594362261,42.0141077892298,2.02955542587718,2.01228241560299,1.91340233194517,1.49393939705348,0.225128132953735,0.388971295118801,0.0329544805173971,-0.0717317131120312,0.464407165418485
27,23,803,34.5773705495876,1.42640686035156,1.83333333333333,1.5,1,803,0.764077305569107,2.94141337448021,1.32274592540149,1.69695784508714,-0.353206263830281,42.6907594709093,1.23464447389619,41.8254818653148,1.41263169496162,1.83489578195251,1.42554106383609,2.28762127066815,0.865277605594528,-0.648554389392516,1.1065175925277,-0.102795138434601,-0.590663425581002
27,23,803,34.5773705495876,1.42640686035156,1.83333333333333,1.5,2,1703,2.24421598175205,1.15668414589386,2.32234857219426,3.05849397071933,-0.140951704944018,43.2416943762221,1.25057786896227,41.8254818653148,1.41263169496162,1.83489578195251,1.42554106383609,2.28762127066815,1.41621251090733,0.831584286790425,-0.678211636058649,0.896807508358174,0.770872700051187
27,23,803,34.5773705495876,1.42640686035156,1.83333333333333,1.5,3,2603,1.22960179756371,1.40658982548345,0.631528693912516,2.10741199619796,-0.31333229457527,39.543991748813,1.14363790884858,41.8254818653148,1.41263169496162,1.83489578195251,1.42554106383609,2.28762127066815,-2.28149011650186,-0.183029897397908,-0.428305956469055,-0.794012369923573,-0.180209274470186
27,24,804,36.766227854774,1.3955078125,1.85,1.5,1,804,2.17093019540459,1.95275064531338,2.16870507782123,1.28201090345711,-0.269083761298212,46.3923404521167,1.26181942393888,45.3946127140999,1.53705960984082,2.22558185478052,1.78414878980113,1.55531061794816,0.997727738016785,0.633870585563763,-0.272831209467131,0.3845562880201,-0.273299714491046
27,24,804,36.766227854774,1.3955078125,1.85,1.5,2,1704,1.22921565828683,2.45572731238971,1.41530466952326,2.08164785316424,-0.238010964996882,44.9096494763696,1.22149189886332,45.3946127140999,1.53705960984082,2.22558185478052,1.78414878980113,1.55531061794816,-0.484963237730284,-0.307843951553993,0.230145457609196,-0.368844120277871,0.526337235216078
27,24,804,36.766227854774,1.3955078125,1.85,1.5,3,2604,1.21103297583105,2.26826760663845,1.7684366220589,1.30227309722313,-0.423335625297479,44.8818482138134,1.22073573582517,45.3946127140999,1.53705960984082,2.22558185478052,1.78414878980113,1.55531061794816,-0.512764500286508,-0.32602663400977,0.0426857518579351,-0.0157121677422296,-0.253037520725031
27,25,805,39.0292767267848,1.36048889160156,1.86666666666667,1.5,1,805,2.46435960849943,1.0850396993963,1.34076683503288,2.25698428841968,-0.529081356202624,45.8894869342796,1.17577087721912,48.5305432243372,2.50923761798786,1.75985309714193,1.8299511451984,1.77868360223488,-2.64105629005763,-0.0448780094884307,-0.674813397745632,-0.489184310165522,0.478300686184803
27,25,805,39.0292767267848,1.36048889160156,1.86666666666667,1.5,2,1705,1.66313803024749,1.11107342325307,2.31511390258627,1.8568183890671,0.522958544511432,47.3615906639331,1.21348881239785,48.5305432243372,2.50923761798786,1.75985309714193,1.8299511451984,1.77868360223488,-1.16895256040409,-0.846099587740371,-0.648779673888858,0.485162757387865,0.0781347868322244
27,25,805,39.0292767267848,1.36048889160156,1.86666666666667,1.5,3,2605,3.40021521521666,3.08344616877642,1.83397269797606,1.22224812921785,0.178595089977247,52.340552074799,1.34105872474134,48.5305432243372,2.50923761798786,1.75985309714193,1.8299511451984,1.77868360223488,3.81000885046173,0.890977597228801,1.32359307163449,0.00402155277765681,-0.556435473017027
27,26,806,41.369031897199,1.32135009765625,1.88333333333333,1.5,1,806,2.53065346628422,2.12655671644356,1.67872891340645,3.1147470246355,-0.716189054586209,50.5198305668333,1.22119924615045,50.1318061408024,2.57266357720597,1.7021174713249,1.82544043050279,2.39163539253984,0.388024426030874,-0.0420101109217423,0.424439245118658,-0.146711517096334,0.723111632095652
27,26,806,41.369031897199,1.32135009765625,1.88333333333333,1.5,2,1706,2.59465300562913,1.2915140306237,1.75756601492511,2.56162852644329,-0.255363728703794,49.6108136175963,1.19922587845125,50.1318061408024,2.57266357720597,1.7021174713249,1.82544043050279,2.39163539253984,-0.520992523206097,0.0219894284231619,-0.410603440701198,-0.0678744155776736,0.169993133903444
27,26,806,41.369031897199,1.32135009765625,1.88333333333333,1.5,3,2606,2.59268425970455,1.68828166690744,2.04002636317679,1.49853062654075,-0.769737943081325,50.2647742379777,1.215033853412,50.1318061408024,2.57266357720597,1.7021174713249,1.82544043050279,2.39163539253984,0.13296809717523,0.02002068249858,-0.0138358044174607,0.214585932674007,-0.893104765999096
27,27,807,43.7880933347085,1.27809143066406,1.9,1.5,1,807,2.70084699947639,1.91032847494683,2.95352093599293,2.84650705243891,0.36220429029952,55.6621325369619,1.27117050088229,54.7401550026936,1.98596541573903,2.31429921957149,2.5357727780369,2.545101827912,0.921977534268315,0.714881583737356,-0.40397074462466,0.41774815795602,0.301405224526905
27,27,807,43.7880933347085,1.27809143066406,1.9,1.5,2,1707,1.82539879625457,2.16586434585401,3.00267407488551,2.63319239591359,-0.079197645488373,54.6610756177085,1.24830910539742,54.7401550026936,1.98596541573903,2.31429921957149,2.5357727780369,2.545101827912,-0.0790793849851141,-0.160566619484455,-0.148434873717485,0.466901296848609,0.0880905680015878
27,27,807,43.7880933347085,1.27809143066406,1.9,1.5,3,2607,1.43165045148613,2.86670483791364,1.65112332323228,2.15560603538351,0.355959168066817,53.8972568534104,1.23086557894698,54.7401550026936,1.98596541573903,2.31429921957149,2.5357727780369,2.545101827912,-0.842898149283194,-0.554314964252901,0.552405618342145,-0.884649454804629,-0.389495792528493
27,28,808,46.2891491342386,1.230712890625,1.91666666666667,1.5,1,808,2.52581973601425,3.61465939091612,1.57911100167233,3.07437396548822,0.882109503706318,59.5765812148838,1.28705284778754,57.7684452235785,2.5524404365248,2.9766076946213,1.62791036712938,2.74332138141152,1.80813599130526,-0.0266207005105477,0.638051696294815,-0.0487993654570591,0.331052584076697
27,28,808,46.2891491342386,1.230712890625,1.91666666666667,1.5,2,1708,2.04951485587527,2.54292679318196,2.11277578444319,2.16137340621692,-0.997466103915893,55.8571540799061,1.20670081702993,57.7684452235785,2.5524404365248,2.9766076946213,1.62791036712938,2.74332138141152,-1.91129114367244,-0.502925580649536,-0.433680901439343,0.484865417313802,-0.581947975194603
27,28,808,46.2891491342386,1.230712890625,1.91666666666667,1.5,3,2608,3.08198671768489,2.77223689976583,1.19184431527264,2.99421677252943,0.688189928723766,57.8716003759457,1.25021957539375,57.7684452235785,2.5524404365248,2.9766076946213,1.62791036712938,2.74332138141152,0.103155152367179,0.529546281160084,-0.204370794855472,-0.436066051856743,0.250895391117905
27,29,809,48.8749785039976,1.17921447753906,1.93333333333333,1.5,1,809,2.8410484299041,1.03860661082118,2.90292856257511,2.36674510240125,-0.462924078101992,58.1246254906118,1.18925117247586,59.8319456329075,2.5734416058533,2.13312918095436,2.43603316912395,2.154863286383,-1.70732014229574,0.267606824050796,-1.09452257013318,0.466895393451161,0.21188181601825
27,29,809,48.8749785039976,1.17921447753906,1.93333333333333,1.5,2,1709,2.09572189620457,2.72703181510879,2.75196502603129,1.87519783978537,-0.134730600080997,60.611762553074,1.24013890969008,59.8319456329075,2.5734416058533,2.13312918095436,2.43603316912395,2.154863286383,0.779816920166418,-0.477719709648728,0.593902634154431,0.315931856907338,-0.279665446597633
27,29,809,48.8749785039976,1.17921447753906,1.93333333333333,1.5,3,2609,2.78355449145123,2.63374911693311,1.65320591876545,2.22264691696238,1.03033875814885,60.7594488550369,1.24316062563725,59.8319456329075,2.5734416058533,2.13312918095436,2.43603316912395,2.154863286383,0.927503222129324,0.210112885597932,0.500619935978748,-0.782827250358499,0.067783630579382
27,30,810,51.5484548537714,1.12359619140625,1.95,1.5,1,810,2.44994974068742,3.35434807706764,1.93543451001793,2.81055008010918,-0.493092591703408,63.2522469751498,1.22704447988943,62.6606825746125,2.49139622873525,2.55568068143514,2.30609054433182,2.64371294795241,0.591564400537337,-0.041446488047828,0.798667395632493,-0.370656034313888,0.166837132156776
27,30,810,51.5484548537714,1.12359619140625,1.95,1.5,2,1710,3.33607308597457,2.07290357825105,2.77707151051741,2.79313177308608,0.0734726009734756,63.5780957117644,1.23336569237852,62.6606825746125,2.49139622873525,2.55568068143514,2.30609054433182,2.64371294795241,0.917413137151897,0.844676857239318,-0.482777103184097,0.470980966185599,0.149418825133669
27,30,810,51.5484548537714,1.12359619140625,1.95,1.5,3,2610,1.68816585954376,2.23979038898675,2.20576561246011,2.32745699066196,0.0301937756921793,61.1517050369233,1.18629559722777,62.6606825746125,2.49139622873525,2.55568068143514,2.30609054433182,2.64371294795241,-1.50897753768923,-0.80323036919149,-0.315890292448396,-0.10032493187171,-0.316255957290444
28,1,811,1.01685340540722,1.052978515625,1.48333333333333,1.5,1,811,0.219793755267026,0.325286030822476,-0.417422843800979,0.479304145642455,0.353121240736873,1.45778609499402,1.43362463777187,0.657227657732668,0.25253084041572,-0.417529607765306,-0.0578963557148357,0.500490200128861,0.80055843726135,-0.0327370851486942,0.742815638587782,-0.359526488086143,-0.0211860544864061
28,1,811,1.01685340540722,1.052978515625,1.48333333333333,1.5,2,1711,0.889259400094471,-1.13381918758897,0.0109161291269539,-0.334892513458929,0.799312941987218,1.08707978927829,1.06906244646242,0.657227657732668,0.25253084041572,-0.417529607765306,-0.0578963557148357,0.500490200128861,0.429852131545619,0.63672855967875,-0.716289579823664,0.0688124848417896,-0.83538271358779
28,1,811,1.01685340540722,1.052978515625,1.48333333333333,1.5,3,2611,-0.351460634114336,-0.444055666529423,0.232817647529518,1.35705896820306,-0.910499718946823,-0.573182911074302,-0.563682934065365,0.657227657732668,0.25253084041572,-0.417529607765306,-0.0578963557148357,0.500490200128861,-1.23041056880697,-0.603991474530056,-0.0265260587641172,0.290714003244354,0.856568768074197
28,2,812,2.06817317241739,1.1025390625,1.5,1.5,1,812,0.203466390487598,0.0779996219357222,0.330362115455616,0.0271580342893403,-0.059285537842446,2.84575988408041,1.37597756417763,2.94024246925533,0.0818340974597664,-0.0509056842063608,0.411656812067553,0.143998249565691,-0.0944825851749234,0.121632293027832,0.128905306142083,-0.0812946966119371,-0.116840215276351
28,2,812,2.06817317241739,1.1025390625,1.5,1.5,2,1712,0.862716883999557,-0.0289785108097459,0.158626715321313,-0.172661802322543,1.26128762899041,4.47511217266295,2.16379954654967,2.94024246925533,0.0818340974597664,-0.0509056842063608,0.411656812067553,0.143998249565691,1.53486970340761,0.780882786539791,0.021927173396615,-0.25303009674624,-0.316660051888234
28,2,812,2.06817317241739,1.1025390625,1.5,1.5,3,2612,-0.820680982107856,-0.201738163745059,0.74598160542573,0.577498516730276,-0.479850143290984,1.49985535102264,0.725207816746568,2.94024246925533,0.0818340974597664,-0.0509056842063608,0.411656812067553,0.143998249565691,-1.44038711823269,-0.902515079567623,-0.150832479538698,0.334324793358177,0.433500267164585
28,3,813,3.15512754226943,1.148681640625,1.51666666666667,1.5,1,813,0.0643940451233064,1.11426858446627,0.324051270024762,0.256792743830941,-0.411939127106137,4.993207597373,1.58256917683317,3.78696941530655,0.389957804582845,0.246765823332884,-0.069649039456002,0.258464789131266,1.20623818206645,-0.325563759459539,0.86750276113339,0.393700309480764,-0.00167204530032472
28,3,813,3.15512754226943,1.148681640625,1.51666666666667,1.5,2,1713,0.139137617772144,-0.826844074401523,0.0344768234564643,0.785815322133468,0.103981394829512,2.21660215316316,0.702539635392613,3.78696941530655,0.389957804582845,0.246765823332884,-0.069649039456002,0.258464789131266,-1.5703672621434,-0.250820186810702,-1.07360989773441,0.104125862912466,0.527350533002202
28,3,813,3.15512754226943,1.148681640625,1.51666666666667,1.5,3,2613,0.966341750853086,0.452872959933901,-0.567475211849232,-0.267213698570611,0.0503074205471437,4.1510984953835,1.31566741431875,3.78696941530655,0.389957804582845,0.246765823332884,-0.069649039456002,0.258464789131266,0.364129080076948,0.576383946270241,0.206107136601017,-0.49782617239323,-0.525678487701877
28,4,814,4.27892435387168,1.19140625,1.53333333333333,1.5,1,814,-1.38212913531139,0.1276050017242,0.453034649412491,0.0280518919147334,0.138557547828249,3.64601758834535,0.852087414222769,4.49607589931134,-0.493068745063029,0.199631264399087,0.236985246899548,-0.212968301918139,-0.850058310965982,-0.889060390248361,-0.0720262626748864,0.216049402512943,0.241020193832872
28,4,814,4.27892435387168,1.19140625,1.53333333333333,1.5,2,1714,-0.281706238262564,0.235030783976771,-0.112390183869084,-0.687855285642996,-0.0782780953219856,4.05681494524711,0.948092232940832,4.49607589931134,-0.493068745063029,0.199631264399087,0.236985246899548,-0.212968301918139,-0.439260954064226,0.211362506800465,0.0353995195776846,-0.349375430768632,-0.474886983724858
28,4,814,4.27892435387168,1.19140625,1.53333333333333,1.5,3,2614,0.184629138384867,0.236258007496288,0.370311275155237,0.0208984879738468,0.368773310172187,5.78539516434154,1.35206764267912,4.49607589931134,-0.493068745063029,0.199631264399087,0.236985246899548,-0.212968301918139,1.28931926503021,0.677697883447895,0.0366267430972018,0.133326028255689,0.233866789891986
28,5,815,5.44081238596938,1.230712890625,1.55,1.5,1,815,0.102456296853473,0.464788452021394,0.436932375002563,0.726327235938996,-0.0186568768816791,6.92407045748797,1.27261702229314,7.08495917787944,0.0388503112512575,0.326550927826644,0.690873724071209,0.506528322562149,-0.160888720391466,0.0636059856022151,0.138237524194749,-0.253941349068645,0.219798913376847
28,5,815,5.44081238596938,1.230712890625,1.55,1.5,2,1715,-0.290544857883448,0.113152536785002,1.18660864842262,0.188365384601085,0.397950934367839,7.43648542308593,1.36679688538111,7.08495917787944,0.0388503112512575,0.326550927826644,0.690873724071209,0.506528322562149,0.351526245206498,-0.329395169134706,-0.213398391041642,0.495734924351415,-0.318162937961064
28,5,815,5.44081238596938,1.230712890625,1.55,1.5,3,2615,0.304639494783748,0.401711794673537,0.449080148788439,0.604892347146367,-0.217687991055459,6.8943216530644,1.26714930859283,7.08495917787944,0.0388503112512575,0.326550927826644,0.690873724071209,0.506528322562149,-0.190637524815033,0.265789183532491,0.0751608668468924,-0.241793575282769,0.0983640245842177
28,6,816,6.6420827448051,1.2666015625,1.56666666666667,1.5,1,816,0.688529903734847,-0.0379919382160541,0.451109462114184,1.17327916561579,-0.928536900440171,7.20278238622958,1.08441623854551,7.19061992401667,0.530833251175982,-0.12266974546655,0.440882878902843,0.932475814012243,0.0121624622129142,0.157696652558865,0.084677807250496,0.0102265832113405,0.240803351603543
28,6,816,6.6420827448051,1.2666015625,1.56666666666667,1.5,2,1716,0.699352655648347,-0.111427835390531,-0.187908886790234,0.853350864445439,-0.672068835649086,6.39938146990821,0.963460064527696,7.19061992401667,0.530833251175982,-0.12266974546655,0.440882878902843,0.932475814012243,-0.791238454108453,0.168519404472365,0.0112419100760186,-0.628791765693077,-0.0791249495668034
28,6,816,6.6420827448051,1.2666015625,1.56666666666667,1.5,3,2616,0.204617194144752,-0.218589462793065,1.05944806138458,0.770797411975504,-0.178270553745402,7.9696959159122,1.19987904729815,7.19061992401667,0.530833251175982,-0.12266974546655,0.440882878902843,0.932475814012243,0.779075991895539,-0.32621605703123,-0.0959197173265146,0.618565182481737,-0.161678402036739
28,7,817,7.88407029881404,1.299072265625,1.58333333333333,1.5,1,817,0.398106238643659,0.434907107865478,0.430464060240063,0.373835725179789,0.131053922045532,9.86659200540094,1.25145916150508,10.0354634344153,0.788254256744109,0.567240349461435,0.190654812371045,0.27474906428791,-0.168871429014347,-0.39014801810045,-0.132333241595957,0.239809247869018,0.0990866608918787
28,7,817,7.88407029881404,1.299072265625,1.58333333333333,1.5,2,1717,0.516843340130542,1.140256201146,-0.0490590148238987,0.798480836855326,0.195268075443137,10.4825723526724,1.32958889956235,10.0354634344153,0.788254256744109,0.567240349461435,0.190654812371045,0.27474906428791,0.447108918257113,-0.271410916613567,0.57301585168456,-0.239713827194944,0.523731772567416
28,7,817,7.88407029881404,1.299072265625,1.58333333333333,1.5,3,2617,1.44981319145813,0.126557739372833,0.190559391696972,-0.348069369171385,-0.496478635887813,9.75722594517252,1.23758738511505,10.0354634344153,0.788254256744109,0.567240349461435,0.190654812371045,0.27474906428791,-0.278237489242764,0.661558934714017,-0.440682610088602,-9.54206740737817e-05,-0.622818433459295
28,8,818,9.16815516194857,1.328125,1.6,1.5,1,818,-0.225611465697518,1.12950750798425,-0.0587020704418689,0.850086665461855,-0.413675771337986,10.1739980698431,1.10971050229049,11.3993176737262,0.0954307050939102,0.794451812750932,0.43193038493419,0.299470032412237,-1.22531960388309,-0.321042170791428,0.335055695233322,-0.490632455376059,0.550616633049617
28,8,818,9.16815516194857,1.328125,1.6,1.5,2,1718,0.209404700945605,0.829574457958998,0.713006297847956,-0.248580779938574,0.0306030495229925,11.8737024094213,1.2951026896558,11.3993176737262,0.0954307050939102,0.794451812750932,0.43193038493419,0.299470032412237,0.474384735695114,0.113973995851695,0.0351226452080661,0.281075912913766,-0.548050812350811
28,8,818,9.16815516194857,1.328125,1.6,1.5,3,2618,0.302498880033644,0.424273472309544,0.641486927396483,0.296904211713431,0.939273108130892,12.1502525419141,1.32526689691536,11.3993176737262,0.0954307050939102,0.794451812750932,0.43193038493419,0.299470032412237,0.750934868187978,0.207068174939733,-0.370178340441388,0.209556542462293,-0.00256582069880612
28,9,819,10.4957642272801,1.353759765625,1.61666666666667,1.5,1,819,0.602649040462294,0.538944127829385,0.130619854979437,0.393075647558838,0.252444575448448,12.6312736156256,1.20346392526568,11.7572159882494,0.32103732096127,0.42850629746968,0.14472896645496,0.483519528209977,0.874057627376168,0.281611719501024,0.110437830359706,-0.0141091114755232,-0.0904438806511395
28,9,819,10.4957642272801,1.353759765625,1.61666666666667,1.5,2,1719,0.308419549232241,-0.0614395818600066,-0.259487118467439,1.30283896087671,-0.13879357939905,10.2859386228557,0.980008544410797,11.7572159882494,0.32103732096127,0.42850629746968,0.14472896645496,0.483519528209977,-1.47127736539372,-0.0126177717290292,-0.489945879329686,-0.4042160849224,0.819319432666731
28,9,819,10.4957642272801,1.353759765625,1.61666666666667,1.5,3,2619,0.0520433731892747,0.80801434643966,0.563054162852883,-0.245356023805614,-0.362653830060961,12.354435726267,1.17708777167039,11.7572159882494,0.32103732096127,0.42850629746968,0.14472896645496,0.483519528209977,0.597219738017552,-0.268993947771995,0.37950804896998,0.418325196397923,-0.728875552015592
28,10,820,11.8683727525827,1.3759765625,1.63333333333333,1.5,1,820,0.259402996228493,0.183664818841807,0.00343899219474608,0.201269386778029,0.272054185630863,12.8025037403333,1.07870758757112,13.1367454671961,0.297598122126676,0.309101726119277,0.239231813932695,0.889897974247194,-0.33424172686281,-0.0381951258981831,-0.12543690727747,-0.235792821737949,-0.688628587469165
28,10,820,11.8683727525827,1.3759765625,1.63333333333333,1.5,2,1720,0.16486821191802,0.292224149150545,0.0274454630897158,1.14810250284052,-0.12505572022351,12.4886394661068,1.0522621530731,13.1367454671961,0.297598122126676,0.309101726119277,0.239231813932695,0.889897974247194,-0.648106001089326,-0.132729910208656,-0.0168775769687315,-0.211786350842979,0.258204528593324
28,10,820,11.8683727525827,1.3759765625,1.63333333333333,1.5,3,2620,0.468523158233515,0.451416210365478,0.686810986513622,1.32032203312303,-0.161486065519613,14.1190931951482,1.18964018821163,13.1367454671961,0.297598122126676,0.309101726119277,0.239231813932695,0.889897974247194,0.982347727952137,0.170925036106839,0.142314484246202,0.447579172580927,0.430424058875841
28,11,821,13.2875059996601,1.394775390625,1.65,1.5,1,821,0.434963677627562,0.987408668266845,-0.414016419284195,0.557780421777195,0.183365722958029,15.0857480297028,1.13533329957395,15.594259060708,0.281991650053061,0.700916087508249,0.400811184944222,0.506612443957381,-0.508511031005165,0.152972027574501,0.286492580758596,-0.814827604228417,0.0511679778198149
28,11,821,13.2875059996601,1.394775390625,1.65,1.5,2,1721,0.923690385636446,0.536907176334998,0.34197728984597,1.24122754153399,0.526914733577417,16.5016241274019,1.24189024846529,15.594259060708,0.281991650053061,0.700916087508249,0.400811184944222,0.506612443957381,0.907365066693885,0.641698735583384,-0.164008911173251,-0.0588338950982518,0.734615097576611
28,11,821,13.2875059996601,1.394775390625,1.65,1.5,3,2621,-0.512679113104824,0.578432417922903,1.27447268427089,-0.279170631439046,-0.243151280373924,15.1954050250193,1.14358593895709,15.594259060708,0.281991650053061,0.700916087508249,0.400811184944222,0.506612443957381,-0.398854035688721,-0.794670763157885,-0.122483669585345,0.873661499326669,-0.785783075396426
28,12,822,14.7547409292381,1.41015625,1.66666666666667,1.5,1,822,0.587506784582345,0.797713550094167,1.96726601882444,0.742544020546871,0.122574534429796,19.986213439591,1.35456213941284,18.6994738059687,0.952551693297515,0.734505500521769,1.07491289690813,1.14745491972344,1.28673963362232,-0.36504490871517,0.0632080495723975,0.892353121916315,-0.404910899176571
28,12,822,14.7547409292381,1.41015625,1.66666666666667,1.5,2,1722,1.90150571389841,0.79022445454251,0.49196600446369,1.0160404199716,-0.63931721231238,18.8518336480567,1.27767974635866,18.6994738059687,0.952551693297515,0.734505500521769,1.07491289690813,1.14745491972344,0.152359842087947,0.948954020600894,0.0557189540207409,-0.582946892444435,-0.131414499751839
28,12,822,14.7547409292381,1.41015625,1.66666666666667,1.5,3,2622,0.368642581411791,0.615578496928631,0.765506667436246,1.68378031865185,-0.188434401875714,17.2603743302585,1.16981886791758,18.6994738059687,0.952551693297515,0.734505500521769,1.07491289690813,1.14745491972344,-1.43909947571027,-0.583909111885724,-0.118927003593138,-0.30940622947188,0.53632539892841
28,13,823,16.2717079533052,1.422119140625,1.68333333333333,1.5,1,823,0.353908054665396,0.829013234945804,0.58146386844226,0.701963904765943,-0.0105490499959941,19.0321597366924,1.16964732843711,20.0843737939512,0.922066752141764,0.332057683229537,0.985910702550976,0.866406367901417,-1.05221405725878,-0.568158697476368,0.496955551716267,-0.404446834108715,-0.164442463135474
28,13,823,16.2717079533052,1.422119140625,1.68333333333333,1.5,2,1723,0.752567031120923,0.0136781434445803,1.62314965258665,1.37005079583013,0.665175516735029,20.464872803279,1.25769666355903,20.0843737939512,0.922066752141764,0.332057683229537,0.985910702550976,0.866406367901417,0.380499009327806,-0.169499721020841,-0.318379539784957,0.637238950035672,0.50364442792871
28,13,823,16.2717079533052,1.422119140625,1.68333333333333,1.5,3,2623,1.65972517063897,0.153481671298227,0.753118586624019,0.527204403108181,0.736015261946115,20.7560888418822,1.27559374230694,20.0843737939512,0.922066752141764,0.332057683229537,0.985910702550976,0.866406367901417,0.67171504793097,0.737658418497208,-0.17857601193131,-0.232792115926957,-0.339201964793236
28,14,824,17.8400927468495,1.4306640625,1.7,1.5,1,824,1.13667704462844,1.18869992841054,1.50696870456103,0.191347312735927,0.406315510158273,24.1538541905658,1.35390855492225,22.6350253919826,1.08319659130475,0.918706676433428,1.03003998877992,0.896798033952536,1.51882879858326,0.053480453323695,0.269993251977109,0.476928715781105,-0.705450721216609
28,14,824,17.8400927468495,1.4306640625,1.7,1.5,2,1724,1.34508693072048,0.330509195132784,1.17972827016192,0.919109814764623,-0.54573013700041,21.5501881795379,1.20796390945578,22.6350253919826,1.08319659130475,0.918706676433428,1.03003998877992,0.896798033952536,-1.08483721244466,0.261890339415735,-0.588197481300644,0.149688281382,0.0223117808120873
28,14,824,17.8400927468495,1.4306640625,1.7,1.5,3,2624,0.76782579856532,1.23691090575696,0.403422991616817,1.57993697435706,0.554557255514665,22.201033805844,1.24444609794782,22.6350253919826,1.08319659130475,0.918706676433428,1.03003998877992,0.896798033952536,-0.433991586138596,-0.31537079273943,0.318204229323536,-0.626616997163105,0.683138940404522
28,15,825,19.4616381210038,1.435791015625,1.71666666666667,1.5,1,825,1.12552361690065,-0.270055023218396,1.27471591340234,0.698089643805408,0.0756352729766464,22.6017695045788,1.16134979820563,23.0441867445378,1.02497439959421,0.313316403293137,1.02433039298443,0.84799901666876,-0.442417239958992,0.100549217306439,-0.583371426511533,0.25038552041791,-0.149909372863351
28,15,825,19.4616381210038,1.435791015625,1.71666666666667,1.5,2,1725,0.864799497880641,0.566183879920735,1.04968613725181,1.17680433399616,-0.194354352390363,23.0554333177292,1.18466046765337,23.0441867445378,1.02497439959421,0.313316403293137,1.02433039298443,0.84799901666876,0.0112465731913716,-0.160174901713573,0.252867476627598,0.0253557442673844,0.328805317327401
28,15,825,19.4616381210038,1.435791015625,1.71666666666667,1.5,3,2625,1.08460008400135,0.643820353177071,0.748589128299131,0.66910307220471,0.228351602076976,23.4753574113054,1.20623748449879,23.0441867445378,1.02497439959421,0.313316403293137,1.02433039298443,0.84799901666876,0.431170666767624,0.0596256844071341,0.330503949883934,-0.275741264685295,-0.17889594446405
28,16,826,21.1381459596826,1.4375,1.73333333333333,1.5,1,826,0.742271828538084,1.03964512871769,0.445551706506827,2.32444205744363,-0.32520511204783,24.3503357173625,1.15196175500948,23.4440493493888,0.28835920810733,0.774274217309534,0.489703732748253,1.29067011362133,0.906286367973696,0.453912620430753,0.265370911408154,-0.0441520262414257,1.0337719438223
28,16,826,21.1381459596826,1.4375,1.73333333333333,1.5,2,1726,0.0915211900401843,0.854649484363585,0.870691762893502,0.74505887421456,0.216107681875803,24.273245436145,1.1483147804184,23.4440493493888,0.28835920810733,0.774274217309534,0.489703732748253,1.29067011362133,0.829196086756166,-0.196838018067146,0.0803752670540508,0.38098803014525,-0.545611239406774
28,16,826,21.1381459596826,1.4375,1.73333333333333,1.5,3,2626,0.0312846057437233,0.428528038847329,0.152867728844429,0.802509409205814,-0.446634213048941,21.7085668946589,1.02698538159706,23.4440493493888,0.28835920810733,0.774274217309534,0.489703732748253,1.29067011362133,-1.73548245472986,-0.257074602363607,-0.345746178462205,-0.336836003903824,-0.488160704415521
28,17,827,22.8714792218598,1.435791015625,1.75,1.5,1,827,1.5343302823439,1.39311532325095,0.189045798964954,1.10417786479212,1.40599878834436,29.2019761587315,1.27678563662036,29.6772145301425,1.55313739402508,1.57830384806075,0.840429255814412,0.831102341644677,-0.475238371411006,-0.0188071116811805,-0.185188524809801,-0.651383456849458,0.273075523147442
28,17,827,22.8714792218598,1.435791015625,1.75,1.5,2,1727,1.56929786713907,1.80214067621836,0.0938329720581774,1.32140209495354,0.115055781338087,28.534214423145,1.24758937305083,29.6772145301425,1.55313739402508,1.57830384806075,0.840429255814412,0.831102341644677,-1.14300010699748,0.0161604731139848,0.22383682815761,-0.746596283756234,0.49029975330886
28,17,827,22.8714792218598,1.435791015625,1.75,1.5,3,2627,1.55578403259228,1.53965554471294,2.2384089964201,0.0677270651883746,0.138182352564558,31.2954530085509,1.36831783834252,29.6772145301425,1.55313739402508,1.57830384806075,0.840429255814412,0.831102341644677,1.61823847840848,0.00264663856719571,-0.0386483033478091,1.39797974060569,-0.763375276456303
28,18,828,24.6635640117153,1.4306640625,1.76666666666667,1.5,1,828,0.227632689650022,1.20248040997603,1.18711509652001,1.70944398335419,0.456722025357734,29.3510066480098,1.19005536402071,30.3731527388015,0.923487902476164,1.49176065439783,0.978992696090014,1.27460771172185,-1.02214609079169,-0.695855212826142,-0.289280244421793,0.208122400429997,0.434836271632343
28,18,828,24.6635640117153,1.4306640625,1.76666666666667,1.5,2,1728,1.18576060566839,1.93388312783525,0.0359001174558238,0.64800183646954,0.207655855156574,30.0380219874892,1.21791084099691,30.3731527388015,0.923487902476164,1.49176065439783,0.978992696090014,1.27460771172185,-0.335130751312363,0.262272703192224,0.442122473437421,-0.943092578634191,-0.626605875252309
28,18,828,24.6635640117153,1.4306640625,1.76666666666667,1.5,3,2628,1.35707041211008,1.3389184253822,1.71396287429421,1.46637731534182,0.1889868373525,31.7304295809056,1.28653059086811,30.3731527388015,0.923487902476164,1.49176065439783,0.978992696090014,1.27460771172185,1.35727684210405,0.433582509633918,-0.152842229015627,0.734970178204194,0.191769603619966
28,19,829,26.5163917189489,1.422119140625,1.78333333333333,1.5,1,829,1.66268998069037,1.5608667772945,1.11140440095212,1.72151694719133,-0.105658282078059,33.225929037606,1.25303357220592,33.0668717515876,1.18909889012198,1.38044865869253,1.45940156724834,1.19515910180335,0.159057286018424,0.473591090568385,0.18041811860197,-0.347997166296216,0.526357845387984
28,19,829,26.5163917189489,1.422119140625,1.78333333333333,1.5,2,1729,1.17395576195434,1.44712983914551,2.11058190377329,0.836922343011222,-0.095084040354979,33.8374003733856,1.2760936982691,33.0668717515876,1.18909889012198,1.38044865869253,1.45940156724834,1.19515910180335,0.770528621797993,-0.015143128167638,0.0666811804529774,0.651180336524957,-0.358236758792128
28,19,829,26.5163917189489,1.422119140625,1.78333333333333,1.5,3,2629,0.730650927721235,1.13334935963759,1.1562183970196,1.02703801520749,0.826354168511452,32.1372858437712,1.21197809205713,33.0668717515876,1.18909889012198,1.38044865869253,1.45940156724834,1.19515910180335,-0.929585907816417,-0.458447962400747,-0.247099299054948,-0.303183170228741,-0.168121086595856
28,20,830,28.4320212316403,1.41015625,1.8,1.5,1,830,0.956098088442667,1.66367259761026,1.59837749157766,1.74879057744734,0.610171618920455,35.7826174586562,1.25853231351825,36.4939309153735,1.55260274729638,1.57904196325641,1.84717206543997,1.24644884946082,-0.711313456717306,-0.596504658853708,0.0846306343538492,-0.248794573862311,0.502341727986518
28,20,830,28.4320212316403,1.41015625,1.8,1.5,2,1730,2.12550232864104,1.40683799293672,2.66131069447291,0.785339256739585,-0.0767368452084157,37.87684920855,1.33218981865416,36.4939309153735,1.55260274729638,1.57904196325641,1.84717206543997,1.24644884946082,1.38291829317656,0.572899581344669,-0.172203970319696,0.814138629032938,-0.461109592721236
28,20,830,28.4320212316403,1.41015625,1.8,1.5,3,2630,1.57620782480542,1.66661529922226,1.28182801026934,1.20521671419554,0.244955977821605,35.8223260789142,1.25992892967629,36.4939309153735,1.55260274729638,1.57904196325641,1.84717206543997,1.24644884946082,-0.671604836459252,0.0236050775090397,0.0875733359658473,-0.565344055170628,-0.041232135265282
28,21,831,30.4125812241143,1.394775390625,1.81666666666667,1.5,1,831,1.50151253105838,1.15597995723646,1.16537279029399,1.4917000455017,-0.297130624144368,36.0578127680924,1.18562158543458,36.8194285851275,1.77567534204155,1.40281262991906,1.11887227763159,1.09256186288808,-0.761615817035093,-0.274162810983176,-0.2468326726826,0.046500512662403,0.399138182613621
28,21,831,30.4125812241143,1.394775390625,1.81666666666667,1.5,2,1731,1.27921771957778,1.24121702038136,0.785855204250874,0.840203055917998,-0.294462386531603,35.3360006255037,1.16188758741351,36.8194285851275,1.77567534204155,1.40281262991906,1.11887227763159,1.09256186288808,-1.48342795962387,-0.496457622463775,-0.161595609537698,-0.333017073380718,-0.252358806970083
28,21,831,30.4125812241143,1.394775390625,1.81666666666667,1.5,3,2631,2.5462957754885,1.81124091213935,1.40538883834991,0.945782487244542,-0.29812379514293,39.0644723617865,1.28448394675596,36.8194285851275,1.77567534204155,1.40281262991906,1.11887227763159,1.09256186288808,2.24504377665896,0.770620433446951,0.408428282220297,0.286516560718315,-0.146779375643539
28,22,832,32.4602725223537,1.3759765625,1.83333333333333,1.5,1,832,2.38597111355052,1.48340710176285,1.25631903610917,2.40457199151781,-0.156210240249809,40.1911608538804,1.23816461572228,39.7063268422639,1.91199119051687,1.62952055322025,1.28903795763238,1.95963592040527,0.484834011616464,0.47397992303365,-0.146113451457396,-0.0327189215232071,0.444936071112539
28,22,832,32.4602725223537,1.3759765625,1.83333333333333,1.5,2,1732,2.00406853443062,1.98819754636767,1.72778529132635,1.6455575296032,-0.310353746952634,41.1441768804182,1.26752407429988,39.7063268422639,1.91199119051687,1.62952055322025,1.28903795763238,1.95963592040527,1.43785003815428,0.092077343913751,0.358676993147423,0.438747333693969,-0.314078390802071
28,22,832,32.4602725223537,1.3759765625,1.83333333333333,1.5,3,2632,1.34593392356947,1.41695701153022,0.883009545461618,1.8287782400948,-0.450872102696894,37.7836427924932,1.16399647496716,39.7063268422639,1.91199119051687,1.62952055322025,1.28903795763238,1.95963592040527,-1.92268404977074,-0.566057266947401,-0.212563541690028,-0.406028412170762,-0.130857680310468
28,23,833,34.5773705495876,1.353759765625,1.85,1.5,1,833,2.0558772509843,1.85482278692595,1.55212261763035,2.33672972446983,0.195053628477924,43.3151941657703,1.25270353058373,44.4541670141216,1.7883174446293,2.60655065053394,1.50638668484486,1.94223884692033,-1.13897284835129,0.267559806354993,-0.751727863607987,0.0457359327854858,0.394490877549502
28,23,833,34.5773705495876,1.353759765625,1.85,1.5,2,1733,2.28683409750868,2.9573252837826,1.42354739377073,1.7361859412858,0.0215584415619043,45.30112584867,1.31013796389472,44.4541670141216,1.7883174446293,2.60655065053394,1.50638668484486,1.94223884692033,0.846958834548396,0.498516652879375,0.350774633248659,-0.0828392910741347,-0.206052905634524
28,23,833,34.5773705495876,1.353759765625,1.85,1.5,3,2633,1.02224098539494,3.00750388089326,1.54349004313351,1.75380087500535,0.905824517183596,44.7461810279245,1.29408859947155,44.4541670141216,1.7883174446293,2.60655065053394,1.50638668484486,1.94223884692033,0.292014013802905,-0.766076459234367,0.400953230359328,0.0371033582886486,-0.188437971914978
28,24,834,36.766227854774,1.328125,1.86666666666667,1.5,1,834,1.54285679733819,2.1201927057847,2.40588412802575,1.94508206073464,0.0634506579167264,46.4453044394923,1.26325998475967,45.5481669886799,1.65125819675633,1.64974813375272,2.00649835409313,1.64638803932696,0.897137450812373,-0.108401399418136,0.470444572031979,0.399385773932617,0.298694021407677
28,24,834,36.766227854774,1.328125,1.86666666666667,1.5,2,1734,1.86622194574038,1.0708825182213,1.79392611904188,1.41179393235638,0.738706305854533,44.6733800615576,1.21506563681258,45.5481669886799,1.65125819675633,1.64974813375272,2.00649835409313,1.64638803932696,-0.874786927122308,0.214963748984046,-0.578865615531413,-0.212572235051252,-0.234594106970587
28,24,834,36.766227854774,1.328125,1.86666666666667,1.5,3,2634,1.54469584719042,1.75816917725215,1.81968481521176,1.58228812488987,0.696596417811012,45.5258164649898,1.23825094716858,45.5481669886799,1.65125819675633,1.64974813375272,2.00649835409313,1.64638803932696,-0.0223505236900721,-0.10656234956591,0.108421043499434,-0.186813538881365,-0.0640999144370906
28,25,835,39.0292767267848,1.299072265625,1.88333333333333,1.5,1,835,2.96223308488675,1.87643152148859,1.60752771360332,1.91470194624197,0.475980530385602,49.2986497046053,1.26311973572323,47.6936013744351,2.02465149165565,2.11820306389881,1.52930699288299,2.12421157815495,1.60504833017022,0.937581593231107,-0.241771542410221,0.0782207207203298,-0.209509631912978
28,25,835,39.0292767267848,1.299072265625,1.88333333333333,1.5,2,1735,0.811851759990278,1.89079698296511,1.43721764828698,2.56907538365459,-0.297170845167313,45.5035874438344,1.16588344084292,47.6936013744351,2.02465149165565,2.11820306389881,1.52930699288299,2.12421157815495,-2.19001393060072,-1.21279973166537,-0.227406080933702,-0.0920893445960125,0.444863805499636
28,25,835,39.0292767267848,1.299072265625,1.88333333333333,1.5,3,2635,2.29986963008991,2.58738068724273,1.54317561675867,1.88885740456829,-0.926070322367318,48.2785669748656,1.23698338846575,47.6936013744351,2.02465149165565,2.11820306389881,1.52930699288299,2.12421157815495,0.584965600430507,0.275218138434263,0.469177623343924,0.0138686238756827,-0.235354173586659
28,26,836,41.369031897199,1.2666015625,1.9,1.5,1,836,1.58055256372762,0.916282272468307,3.18413482348508,2.16850517300478,-0.098079381684122,49.7900214152631,1.20355780959511,50.3280713800521,1.79398916585595,1.89234915477445,2.27961288916956,2.14122636027692,-0.538049964789025,-0.213436602128328,-0.976066882306145,0.904521934315515,0.027278812727856
28,26,836,41.369031897199,1.2666015625,1.9,1.5,2,1736,2.06540764800827,2.59089012603543,1.88070155508887,2.77323622649818,-1.00861805514145,50.7202059683249,1.22604285481863,50.3280713800521,1.79398916585595,1.89234915477445,2.27961288916956,2.14122636027692,0.392134588272818,0.271418482152323,0.698540971260981,-0.398911334080691,0.632009866221254
28,26,836,41.369031897199,1.2666015625,1.9,1.5,3,2636,1.73600728583195,2.16987506581962,1.77400228893474,1.48193768132781,0.122359260163791,50.4739867565683,1.22009107880491,50.3280713800521,1.79398916585595,1.89234915477445,2.27961288916956,2.14122636027692,0.145915376516214,-0.0579818800239951,0.277525911045164,-0.505610600234824,-0.65928867894911
28,27,837,43.7880933347085,1.230712890625,1.91666666666667,1.5,1,837,1.88657592843799,2.24385667145521,2.66704812467762,1.78028425236561,-0.134082429354177,54.277141693598,1.23954110718439,53.7978653164811,2.17898776860002,1.92197942528162,2.36568277870318,1.76453175335589,0.479276377116967,-0.292411840162032,0.321877246173593,0.301365345974435,0.0157524990097142
28,27,837,43.7880933347085,1.230712890625,1.91666666666667,1.5,2,1737,2.66594625807786,2.38564256774097,2.18730349847984,1.98846344680304,1.01685013315289,55.9393947292812,1.2775024091981,53.7978653164811,2.17898776860002,1.92197942528162,2.36568277870318,1.76453175335589,2.14152941280015,0.486958489477836,0.463663142459348,-0.178379280223347,0.223931693447152
28,27,837,43.7880933347085,1.230712890625,1.91666666666667,1.5,3,2637,1.98444111928422,1.13643903664868,2.2426967129521,1.52484756089903,-0.59553096400539,51.1770595265639,1.16874372983942,53.7978653164811,2.17898776860002,1.92197942528162,2.36568277870318,1.76453175335589,-2.62080578991713,-0.194546649315805,-0.78554038863294,-0.122986065751089,-0.239684192456866
28,28,838,46.2891491342386,1.19140625,1.93333333333333,1.5,1,838,3.04430190096337,2.35864348983911,2.67794744228151,2.82474895330407,-0.219520726515173,58.273593963196,1.25890397756508,56.7665812348916,2.37545321925489,2.08635871038575,2.20122315954776,2.56393038788717,1.50701272830443,0.668848681708474,0.272284779453365,0.476724282733749,0.260818565416903
28,28,838,46.2891491342386,1.19140625,1.93333333333333,1.5,2,1738,1.82767723948758,1.98345779553472,2.30624600731938,2.39734678754055,-0.1379695831632,55.6227397195299,1.20163668505169,56.7665812348916,2.37545321925489,2.08635871038575,2.20122315954776,2.56393038788717,-1.14384151536169,-0.54777597976731,-0.102900914851029,0.105022847771611,-0.166583600346621
28,28,838,46.2891491342386,1.19140625,1.93333333333333,1.5,3,2638,2.25438051731373,1.91697484578341,1.6194760290424,2.46969542281689,1.29301243742618,56.4034100219488,1.2185017671934,56.7665812348916,2.37545321925489,2.08635871038575,2.20122315954776,2.56393038788717,-0.363171212942738,-0.121072701941164,-0.169383864602337,-0.58174713050536,-0.0942349650702816
28,29,839,48.8749785039976,1.148681640625,1.95,1.5,1,839,2.57359822625104,2.61933204599859,1.5268514684195,2.23540911909768,-0.151139121687753,59.078059107476,1.20875877423954,59.3925556879392,2.50344955954248,2.48948413434354,1.90292979522203,2.03917335004779,-0.314496580463199,0.0701486667085578,0.129847911655053,-0.376078326802523,0.196235769049887
28,29,839,48.8749785039976,1.148681640625,1.95,1.5,2,1739,2.16971815679816,1.90405550934542,2.46000127439195,1.92922792387052,-0.41489030960564,58.3553137612482,1.19397113916838,59.3925556879392,2.50344955954248,2.48948413434354,1.90292979522203,2.03917335004779,-1.03724192669097,-0.33373140274432,-0.58542862499812,0.55707147916992,-0.109945426177271
28,29,839,48.8749785039976,1.148681640625,1.95,1.5,3,2639,2.76703229557824,2.9450648476866,1.72193664285463,1.95288300717517,0.365095076877774,60.7442941950934,1.24285055573221,59.3925556879392,2.50344955954248,2.48948413434354,1.90292979522203,2.03917335004779,1.35173850715418,0.263582736035763,0.455580713343066,-0.180993152367398,-0.0862903428726167
28,30,840,51.5484548537714,1.1025390625,1.96666666666667,1.5,1,840,2.80224118007708,2.75333501681484,2.85052982817628,2.50051267392358,0.0872404642055852,64.4159626235583,1.24961965991587,62.1094809016942,2.56947572581898,2.30962233655491,2.39071684135058,2.68199563304871,2.30648172186412,0.232765454258091,0.443712680259932,0.459812986825698,-0.18148295912513
28,30,840,51.5484548537714,1.1025390625,1.96666666666667,1.5,2,1740,2.81421274082922,2.25014391625741,2.2319412768913,2.36792336325633,-0.202213922136186,62.2222153592278,1.20706266629591,62.1094809016942,2.56947572581898,2.30962233655491,2.39071684135058,2.68199563304871,0.112734457533612,0.244737015010236,-0.059478420297495,-0.158775564459278,-0.314072269792374
28,30,840,51.5484548537714,1.1025390625,1.96666666666667,1.5,3,2640,2.09197325655066,1.92538807659247,2.08967941898416,3.17755086196621,-1.08578804363547,59.6902647222964,1.15794478984135,62.1094809016942,2.56947572581898,2.30962233655491,2.39071684135058,2.68199563304871,-2.41921617939774,-0.477502469268327,-0.384234259962438,-0.30103742236642,0.495555228917504
29,1,841,1.01685340540722,1.04115295410156,1.5,1.5,1,841,-0.218939664913012,0.135299820306055,0.502335902291389,0.525705386761997,0.506628743744974,2.25198605415417,2.21466146661751,1.21847963465886,0.198220098310214,-0.407174062927381,0.227784444559577,0.625417310307277,1.03350641949531,-0.417159763223226,0.542473883233436,0.274551457731812,-0.0997119235452791
29,1,841,1.01685340540722,1.04115295410156,1.5,1.5,2,1741,-0.0182761001258287,-0.0247262375971386,0.178900635088012,0.755912402850475,-0.104455412930721,1.12463137307735,1.10599164746561,1.21847963465886,0.198220098310214,-0.407174062927381,0.227784444559577,0.625417310307277,-0.093848261581511,-0.216496198436042,0.382447825330242,-0.0488838094715652,0.130495092543198
29,1,841,1.01685340540722,1.04115295410156,1.5,1.5,3,2641,0.831876059969482,-1.33209577149106,0.00211679629933045,0.594634141309358,0.390826316841832,0.278821476745057,0.274200268457965,1.21847963465886,0.198220098310214,-0.407174062927381,0.227784444559577,0.625417310307277,-0.939658157913804,0.633655961659269,-0.924921708563679,-0.225667648260247,-0.030783168997919
29,2,842,2.06817317241739,1.07965087890625,1.51666666666667,1.5,1,842,-0.0467461312771708,-0.183780723207988,1.06099915465953,0.572120439115634,0.245756908558148,3.57622521438052,1.72917106849444,3.41471934114239,0.124701290568533,0.181717650657471,0.328192895911733,0.384606088460935,0.161505873238129,-0.171447421845704,-0.365498373865458,0.732806258747796,0.187514350654699
29,2,842,2.06817317241739,1.07965087890625,1.51666666666667,1.5,2,1742,0.460043363217683,0.591196780967786,0.0100962037102012,0.425858867982104,0.454127171547229,3.93077932209736,1.90060454052929,3.41471934114239,0.124701290568533,0.181717650657471,0.328192895911733,0.384606088460935,0.516059980954965,0.33534207264915,0.409479130310315,-0.318096692201532,0.0412527795211691
29,2,842,2.06817317241739,1.07965087890625,1.51666666666667,1.5,3,2642,-0.0391933602349135,0.137736894212614,-0.086516670634531,0.155838958285067,0.632169510086152,2.7371534869493,1.32346436142481,3.41471934114239,0.124701290568533,0.181717650657471,0.328192895911733,0.384606088460935,-0.677565854193094,-0.163894650803446,-0.0439807564448569,-0.414709566546264,-0.228767130175868
29,3,843,3.15512754226943,1.11549377441406,1.53333333333333,1.5,1,843,0.49505880354856,0.370712943013646,0.585036491376604,-0.632177664219813,0.219529803054906,5.37287360833746,1.70290219217979,4.73337650167726,0.23135908310262,-0.0285487495379403,0.583144006309166,-0.128432615307661,0.639497106660202,0.26369972044594,0.399261692551586,0.00189248506743778,-0.503745048912152
29,3,843,3.15512754226943,1.11549377441406,1.53333333333333,1.5,2,1743,-0.148298292154356,-0.122125625521836,0.359665740286467,-0.0675810122518058,0.69027699447274,4.03221803305064,1.27798891773178,4.73337650167726,0.23135908310262,-0.0285487495379403,0.583144006309166,-0.128432615307661,-0.701158468626621,-0.379657375256976,-0.0935768759838954,-0.223478266022699,0.0608516030558547
29,3,843,3.15512754226943,1.11549377441406,1.53333333333333,1.5,3,2643,0.347316737913656,-0.334233566105631,0.804729787264427,0.314460830548637,0.557877449613753,4.79503786364368,1.51976038984297,4.73337650167726,0.23135908310262,-0.0285487495379403,0.583144006309166,-0.128432615307661,0.0616613619664195,0.115957654811036,-0.30568481656769,0.221585780955261,0.442893445856297
29,4,844,4.27892435387168,1.148681640625,1.55,1.5,1,844,0.685692967691549,0.0242990933227679,-0.802080519050004,0.914127827245519,0.0786440043937281,3.97975409743364,0.930082835849309,4.29782923117379,0.0166603902700416,0.000727717451233956,0.180042430218418,0.699927947870781,-0.318075133740149,0.669032577421507,0.023571375871534,-0.982122949268422,0.214199879374739
29,4,844,4.27892435387168,1.148681640625,1.55,1.5,2,1744,-0.479721120909461,-0.0739243702138969,0.211083691912222,1.43229430444151,-0.358640388207511,3.57127988549222,0.834620944457883,4.29782923117379,0.0166603902700416,0.000727717451233956,0.180042430218418,0.699927947870781,-0.726549345681576,-0.496381511179503,-0.0746520876651308,0.0310412616938048,0.732366356570734
29,4,844,4.27892435387168,1.148681640625,1.55,1.5,3,2644,-0.155990675971962,0.0518084292448308,1.13112411779303,-0.246638288074692,-0.534276259697524,5.34245371059552,1.24855063300232,4.29782923117379,0.0166603902700416,0.000727717451233956,0.180042430218418,0.699927947870781,1.04462447942173,-0.172651066242004,0.0510807117935968,0.951081687574617,-0.946566235945473
29,5,845,5.44081238596938,1.17921447753906,1.56666666666667,1.5,1,845,-0.0531394901796091,1.34529612034659,0.60880097841536,-0.32815917050646,-0.213967493744938,8.18501409224163,1.50437352211389,7.48839562777185,0.109467913610738,0.29574826899534,0.788062784584445,-0.0915118461199172,0.696618464469783,-0.162607403790347,1.04954785135125,-0.179261806169085,-0.236647324386543
29,5,845,5.44081238596938,1.17921447753906,1.56666666666667,1.5,2,1745,0.0390740213756308,0.308165137953663,1.20203016988827,0.043048116493852,0.21787907183514,7.99060541379947,1.46864196868935,7.48839562777185,0.109467913610738,0.29574826899534,0.788062784584445,-0.0915118461199172,0.502209786027621,-0.0703938922351074,0.0124168689583238,0.413967385303824,0.134559962613769
29,5,845,5.44081238596938,1.17921447753906,1.56666666666667,1.5,3,2645,0.342469209636193,-0.766216451314237,0.553357205449706,0.0105755156528566,0.815280306741792,6.28956737727445,1.15599784206745,7.48839562777185,0.109467913610738,0.29574826899534,0.788062784584445,-0.0915118461199172,-1.1988282504974,0.233001296025455,-1.06196472030958,-0.234705579134739,0.102087361772774
29,6,846,6.6420827448051,1.20709228515625,1.58333333333333,1.5,1,846,-0.0119066680593177,0.162657522826332,0.298719836981264,-0.435697960381581,-0.633601576842883,6.69972955408615,1.00867902606696,7.89148312614497,0.462684153439815,0.355738850452683,0.282914373666072,0.00407952396767071,-1.19175357205882,-0.474590821499133,-0.19308132762635,0.0158054633151918,-0.439777484349251
29,6,846,6.6420827448051,1.20709228515625,1.58333333333333,1.5,2,1746,0.327428901064844,1.00512984617953,0.404678814531276,0.544697406442232,0.00319348197873886,9.23898693877756,1.39097739274681,7.89148312614497,0.462684153439815,0.355738850452683,0.282914373666072,0.00407952396767071,1.34750381263259,-0.13525525237497,0.649390995726845,0.121764440865204,0.540617882474561
29,6,846,6.6420827448051,1.20709228515625,1.58333333333333,1.5,3,2646,1.07253022731392,-0.100570817647812,0.145344469485676,-0.0967608741576393,-0.259772398507546,7.7357328855712,1.16465469985623,7.89148312614497,0.462684153439815,0.355738850452683,0.282914373666072,0.00407952396767071,-0.155750240573767,0.609846073874103,-0.456309668100494,-0.137569904180395,-0.10084039812531
29,7,847,7.88407029881404,1.23231506347656,1.6,1.5,1,847,0.333369146856564,-0.290653360930811,0.112076058830211,0.219067557268113,0.550006916025869,8.5479617469656,1.08420668804176,7.97589112647324,-0.223201223866741,0.13501645053014,-0.0329260427815801,0.322017548938654,0.572070620492365,0.556570370723305,-0.42566981146095,0.145002101611791,-0.102949991670541
29,7,847,7.88407029881404,1.23231506347656,1.6,1.5,2,1747,-0.420821563147238,0.0441645766561723,-0.23972193509653,0.311108905861514,0.218606578053938,7.29517254557096,0.925305365005223,7.97589112647324,-0.223201223866741,0.13501645053014,-0.0329260427815801,0.322017548938654,-0.680718580902275,-0.197620339280498,-0.0908518738739673,-0.20679589231495,-0.0109086430771402
29,7,847,7.88407029881404,1.23231506347656,1.6,1.5,3,2647,-0.582151255309548,0.651538135865057,0.0288677479215792,0.435876183686335,-0.167900090057607,8.08453908688315,1.02542706755155,7.97589112647324,-0.223201223866741,0.13501645053014,-0.0329260427815801,0.322017548938654,0.108647960409909,-0.358950031442807,0.516521685334918,0.0617937907031593,0.113858634747681
29,8,848,9.16815516194857,1.2548828125,1.61666666666667,1.5,1,848,0.610055365913498,0.300477455331213,0.238019543692398,0.389299909737882,-0.128130173524714,10.6483741834395,1.16145222188586,12.5673495775078,0.688441584775523,0.653372879093917,0.721195025375675,0.0513066158501102,-1.9189753940683,-0.0783862188620247,-0.352895423762705,-0.483175481683277,0.337993293887772
29,8,848,9.16815516194857,1.2548828125,1.61666666666667,1.5,2,1748,0.788751031410897,0.471171710439041,0.631848270664064,0.22263899084107,0.493514967516682,12.3609602466636,1.34824946004039,12.5673495775078,0.688441584775523,0.653372879093917,0.721195025375675,0.0513066158501102,-0.206389330844146,0.100309446635374,-0.182201168654877,-0.0893467547116118,0.17133237499096
29,8,848,9.16815516194857,1.2548828125,1.61666666666667,1.5,3,2648,0.666518357002174,1.1884694715115,1.29371726177056,-0.458019053028622,0.826221838454468,14.6927143024202,1.60258133101856,12.5673495775078,0.688441584775523,0.653372879093917,0.721195025375675,0.0513066158501102,2.12536472491245,-0.0219232277733491,0.535096592417581,0.572522236394889,-0.509325668878732
29,9,849,10.4957642272801,1.27479553222656,1.63333333333333,1.5,1,849,0.344321236361338,1.32860796437294,0.82211867232232,0.633669483577735,0.287251275844337,14.6251923605145,1.39343758527859,14.046637282492,1.03197967544542,0.72214629876013,0.615437592356532,0.703314466642891,0.578555078022541,-0.687658439084082,0.606461665612815,0.206681079965788,-0.0696449830651563
29,9,849,10.4957642272801,1.27479553222656,1.63333333333333,1.5,2,1749,1.39790491825626,0.167555155413538,0.0651699191037177,1.04986036636175,-0.422256146914919,12.2269793238001,1.16494416785967,14.046637282492,1.03197967544542,0.72214629876013,0.615437592356532,0.703314466642891,-1.81965795869186,0.365925242810837,-0.554591143346591,-0.550267673252814,0.346545899718864
29,9,849,10.4957642272801,1.27479553222656,1.63333333333333,1.5,3,2649,1.35371287171867,0.670275776493906,0.959024185643558,0.426413549989184,0.532948768357966,15.2877401631613,1.45656284117227,14.046637282492,1.03197967544542,0.72214629876013,0.615437592356532,0.703314466642891,1.24110288066932,0.321733196273245,-0.0518705222662235,0.343586593287026,-0.276900916653707
29,10,850,11.8683727525827,1.29205322265625,1.65,1.5,1,850,1.33289765297083,1.73318023922834,0.104361447158136,0.321409576009807,0.585749654938436,17.192586680977,1.44860521651847,15.3686593835914,0.933047867442043,0.811966842980239,0.651773630244945,0.695030120939946,1.82392729738565,0.399849785528789,0.921213396248102,-0.547412183086808,-0.373620544930139
29,10,850,11.8683727525827,1.29205322265625,1.65,1.5,2,1750,0.47769032001692,0.355015363335016,0.572641482731339,0.686435323641534,-0.0268807661372506,13.9034308774548,1.17146900988842,15.3686593835914,0.933047867442043,0.811966842980239,0.651773630244945,0.695030120939946,-1.46522850613658,-0.455357547425123,-0.456951479645223,-0.0791321475136058,-0.00859479729841128
29,10,850,11.8683727525827,1.29205322265625,1.65,1.5,3,2650,0.988555629338377,0.34770492637736,1.27831796084536,1.0772454631685,-0.626868716692714,15.0099605923423,1.26470249167696,15.3686593835914,0.933047867442043,0.811966842980239,0.651773630244945,0.695030120939946,-0.358698791249072,0.0555077618963342,-0.464261916602879,0.626544330600414,0.38221534222855
29,11,851,13.2875059996601,1.30665588378906,1.66666666666667,1.5,1,851,0.210996443056632,1.11993368878725,0.0275415991555843,0.634427933342511,-0.0569358684388279,15.4141384217119,1.16004752299688,16.5492668748156,0.483374289443643,0.830946647805662,0.609010698229416,0.760458437424579,-1.13512845310366,-0.272377846387011,0.288987040981588,-0.581469099073832,-0.126030504082068
29,11,851,13.2875059996601,1.30665588378906,1.66666666666667,1.5,2,1751,0.917573952769537,0.261156784261239,1.05244687021444,0.682269388931781,0.583994643905274,17.084385660187,1.28574810507134,16.5492668748156,0.483374289443643,0.830946647805662,0.609010698229416,0.760458437424579,0.535118785371441,0.434199663325893,-0.569789863544422,0.443436171985025,-0.0781890484927977
29,11,851,13.2875059996601,1.30665588378906,1.66666666666667,1.5,3,2651,0.321552472504761,1.1117494703685,0.747043625318223,0.964677989999445,0.468130890817591,17.1492765425478,1.29063170643057,16.5492668748156,0.483374289443643,0.830946647805662,0.609010698229416,0.760458437424579,0.60000966773222,-0.161821816938882,0.280802822562835,0.138032927088807,0.204219552574866
29,12,852,14.7547409292381,1.318603515625,1.68333333333333,1.5,1,852,-0.146532839303513,-0.114066301515224,0.68849806295484,1.18306048377851,0.536075991634075,15.9383336906937,1.08021779353036,17.852511702825,0.195457821238399,0.369907836093723,1.13510177546802,0.756911320938354,-1.91417801213126,-0.341990660541913,-0.483974137608947,-0.446603712513178,0.42614916284016
29,12,852,14.7547409292381,1.318603515625,1.68333333333333,1.5,2,1752,0.496059079671982,0.408059998008951,1.2213266586932,0.478481290758907,0.410488161870938,18.3382253222104,1.24287003141284,17.852511702825,0.195457821238399,0.369907836093723,1.13510177546802,0.756911320938354,0.485713619385468,0.300601258433583,0.0381521619152284,0.0862248832251815,-0.278430030179447
29,12,852,14.7547409292381,1.318603515625,1.68333333333333,1.5,3,2652,0.236847223346729,0.815729811787442,1.49548060475601,0.609192188277641,0.597561494652077,19.2809760955708,1.30676480109274,17.852511702825,0.195457821238399,0.369907836093723,1.13510177546802,0.756911320938354,1.4284643927458,0.04138940210833,0.445821975693719,0.360378829287996,-0.147719132660713
29,13,853,16.2717079533052,1.32789611816406,1.7,1.5,1,853,0.957029668872051,1.22640773213482,1.19670700551965,0.228777727232446,0.746139180725399,22.1686367692023,1.36240380129852,20.1285711549335,0.746291395147008,0.939733833082565,0.705247836231575,0.877173620516536,2.04006561426882,0.210738273725043,0.286673899052255,0.491459169288077,-0.648395893284091
29,13,853,16.2717079533052,1.32789611816406,1.7,1.5,2,1753,0.439570008143014,1.22663715657534,0.688881086246385,1.33496135682857,0.0201506900662593,19.9941667463936,1.22876878098911,20.1285711549335,0.746291395147008,0.939733833082565,0.705247836231575,0.877173620516536,-0.134404408539918,-0.306721387003994,0.286903323492773,-0.0163667499851898,0.457787736312032
29,13,853,16.2717079533052,1.32789611816406,1.7,1.5,3,2653,0.842274508425958,0.366156610537537,0.230155416928687,1.0677817774886,-0.134950417574831,18.2229099492046,1.11991377927251,20.1285711549335,0.746291395147008,0.939733833082565,0.705247836231575,0.877173620516536,-1.9056612057289,0.0959831132789505,-0.573577222545028,-0.475092419302888,0.190608156972059
29,14,854,17.8400927468495,1.33453369140625,1.71666666666667,1.5,1,854,0.14939628776585,1.24311738742418,0.384771182617925,1.30325760755749,-0.996840830811192,19.7538012511046,1.10727009839078,20.5147653804475,0.422554268054124,1.06465438029578,0.587199180166771,0.903822032235228,-0.760964129342927,-0.273157980288274,0.178463007128407,-0.202427997548846,0.39943557532226
29,14,854,17.8400927468495,1.33453369140625,1.71666666666667,1.5,2,1754,-0.06409213537399,0.589468523305752,1.14312109722789,1.33151788686099,-0.150391878437098,20.3307703652516,1.13961124831271,20.5147653804475,0.422554268054124,1.06465438029578,0.587199180166771,0.903822032235228,-0.18399501519584,-0.486646403428114,-0.475185856990024,0.555921917061116,0.427695854625762
29,14,854,17.8400927468495,1.33453369140625,1.71666666666667,1.5,3,2654,1.18235865177051,1.36137723015739,0.233705260654501,0.0766906022872057,-0.645854480728578,21.4597245249863,1.20289310316372,20.5147653804475,0.422554268054124,1.06465438029578,0.587199180166771,0.903822032235228,0.944959144538764,0.759804383716388,0.296722849861617,-0.35349391951227,-0.827131429948022
29,15,855,19.4616381210038,1.33851623535156,1.73333333333333,1.5,1,855,1.06184816855382,1.04482953580707,0.794017120843168,1.01268974025761,0.03494042074893,23.9199430981707,1.22908169134824,24.0644151307885,1.06571335915097,1.06657804977601,0.726766512256361,0.673212369261089,-0.144472032617781,-0.00386519059715429,-0.02174851396894,0.0672506085868069,0.339477370996516
29,15,855,19.4616381210038,1.33851623535156,1.73333333333333,1.5,2,1755,0.405101966232867,0.984397899910549,0.754343300612337,-0.179768434300884,-0.151714621876394,22.6899637019998,1.16588149265358,24.0644151307885,1.06571335915097,1.06657804977601,0.726766512256361,0.673212369261089,-1.37445142878873,-0.660611392918104,-0.082180149865461,0.0275767883559761,-0.852980803561973
29,15,855,19.4616381210038,1.33851623535156,1.73333333333333,1.5,3,2655,1.73018994266623,1.17050671361041,0.631939115313578,1.18671580182655,0.829026166128694,25.583338592195,1.31455216838013,24.0644151307885,1.06571335915097,1.06657804977601,0.726766512256361,0.673212369261089,1.51892346140652,0.664476583515258,0.103928663834401,-0.0948273969427831,0.513503432565457
29,16,856,21.1381459596826,1.33984375,1.75,1.5,1,856,1.203001294313,1.09348843871758,0.682550178114778,1.47491268794925,0.79930623539653,26.4867159954342,1.25302928865914,25.6802031244651,1.10137096369207,0.715496135473333,1.03526246861977,1.37328440446751,0.806512870969183,0.101630330620927,0.377992303244251,-0.35271229050499,0.101628283481737
29,16,856,21.1381459596826,1.33984375,1.75,1.5,2,1756,0.717964654551381,0.891540019839208,1.26961833130637,1.09903067898849,0.238669929989387,25.8033988764717,1.22070303259743,25.6802031244651,1.10137096369207,0.715496135473333,1.03526246861977,1.37328440446751,0.123195752006669,-0.383406309140687,0.176043884365875,0.234355862686601,-0.274253725479022
29,16,856,21.1381459596826,1.33984375,1.75,1.5,3,2656,1.38314694221183,0.161459947863208,1.15361889643816,1.5459098464648,-0.25383549746537,24.7504945014892,1.17089240223322,25.6802031244651,1.10137096369207,0.715496135473333,1.03526246861977,1.37328440446751,-0.929708622975852,0.28177597851976,-0.554036187610126,0.11835642781839,0.172625441997285
29,17,857,22.8714792218598,1.33851623535156,1.76666666666667,1.5,1,857,0.373071541666964,0.425978491976813,0.985900605066297,1.42290230114074,-0.316376755153888,25.2858776922666,1.10556372182955,27.1409862553992,1.0958438580415,0.779740019794377,0.965014537140439,1.41143016275565,-1.85510856313262,-0.722772316374541,-0.353761527817564,0.0208860679258588,0.0114721383850847
29,17,857,22.8714792218598,1.33851623535156,1.76666666666667,1.5,2,1757,1.77255675199587,1.24836629261547,1.24301995724152,1.43534610128156,-0.107723624070537,29.206328641234,1.27697593836955,27.1409862553992,1.0958438580415,0.779740019794377,0.965014537140439,1.41143016275565,2.06534238583482,0.67671289395437,0.46862627282109,0.278005420101081,0.0239159385259116
29,17,857,22.8714792218598,1.33851623535156,1.76666666666667,1.5,3,2657,1.14190328046168,0.66487527479085,0.666123049113499,1.37604208584465,0.357019571603968,26.930752432697,1.17748188350483,27.1409862553992,1.0958438580415,0.779740019794377,0.965014537140439,1.41143016275565,-0.210233822702207,0.0460594224201709,-0.114864745003527,-0.29889148802694,-0.0353880769109964
29,18,858,24.6635640117153,1.33453369140625,1.78333333333333,1.5,1,858,1.412910857106,1.65659019628286,1.72718695355255,1.4502292742087,0.162640154724775,32.2568142552349,1.307873194641,31.0727639333065,1.0489266466029,1.63646331335973,1.21790447874935,1.0388878207624,1.18405032192846,0.363984210503097,0.0201268829231291,0.509282474803203,0.411341453446296
29,18,858,24.6635640117153,1.33453369140625,1.78333333333333,1.5,2,1758,-0.0360558150726,1.54914159153331,1.23149916517685,0.468153714333212,0.0896555357196097,29.3149864334491,1.1885949013502,31.0727639333065,1.0489266466029,1.63646331335973,1.21790447874935,1.0388878207624,-1.75777749985741,-1.0849824616755,-0.0873217218264231,0.0135946864275054,-0.57073410642919
29,18,858,24.6635640117153,1.33453369140625,1.78333333333333,1.5,3,2658,1.7699248977753,1.70365815226302,0.695027317518638,1.1982804737453,0.540171344366585,31.6464911112354,1.2831272518523,31.0727639333065,1.0489266466029,1.63646331335973,1.21790447874935,1.0388878207624,0.573727177928959,0.7209982511724,0.0671948389032939,-0.522877161230708,0.159392652982894
29,19,859,26.5163917189489,1.32789611816406,1.8,1.5,1,859,0.876613496994194,1.65285681785651,0.746312209899398,1.53644938458939,0.257059548035563,32.0321135137641,1.20801177827199,31.7175519541902,0.755790261052941,1.30675817814293,1.38162695540827,1.40359039333024,0.314561559573896,0.120823235941253,0.346098639713586,-0.635314745508874,0.132858991259148
29,19,859,26.5163917189489,1.32789611816406,1.8,1.5,2,1759,0.492519619494073,1.37434538512144,1.23792633603983,1.22165080455688,-0.134755743844793,31.3663620632282,1.18290461219931,31.7175519541902,0.755790261052941,1.30675817814293,1.38162695540827,1.40359039333024,-0.351189890961944,-0.263270641558868,0.0675872069785088,-0.143700619368443,-0.181939588773359
29,19,859,26.5163917189489,1.32789611816406,1.8,1.5,3,2659,0.898237666670556,0.893072331450834,2.16064232028559,1.45267099084445,-0.803471421171104,31.7541802855782,1.19753021535303,31.7175519541902,0.755790261052941,1.30675817814293,1.38162695540827,1.40359039333024,0.0366283313880515,0.142447405617615,-0.413685846692095,0.779015364877316,0.0490805975142101
29,20,860,28.4320212316403,1.318603515625,1.81666666666667,1.5,1,860,0.987929324372788,2.16162118302796,1.25886504511622,0.281919188270966,0.328120841641347,35.8780718704304,1.26188959898862,35.072771140756,1.26973923424733,1.46953368277096,1.58487001524715,1.25486838843015,0.805300729674371,-0.281809909874539,0.692087500256999,-0.326004970130934,-0.972949200159181
29,20,860,28.4320212316403,1.318603515625,1.81666666666667,1.5,2,1760,1.52250542950012,0.948370400659198,2.21932779564672,1.80946567291708,-0.208115946013676,35.2833508855246,1.2409723036595,35.072771140756,1.26973923424733,1.46953368277096,1.58487001524715,1.25486838843015,0.21057974476853,0.252766195252794,-0.521163282111765,0.634457780399564,0.554597284486937
29,20,860,28.4320212316403,1.318603515625,1.81666666666667,1.5,3,2660,1.29878294886907,1.29860946462573,1.27641720497852,1.67322030410239,-0.361476662610906,34.0568906663131,1.19783572152138,35.072771140756,1.26973923424733,1.46953368277096,1.58487001524715,1.25486838843015,-1.01588047444291,0.0290437146217459,-0.170924218145233,-0.308452810268631,0.418351915672243
29,21,861,30.4125812241143,1.30665588378906,1.83333333333333,1.5,1,861,0.986409666487912,0.818509627705466,1.3106535160591,1.64353871207674,-1.0260211604586,34.1420393164139,1.12262879184166,36.2694258684654,0.906349563646113,1.41659678626172,1.5504599373504,1.69218629381918,-2.1273865520515,0.0800601028417994,-0.59808715855625,-0.239806421291306,-0.0486475817424457
29,21,861,30.4125812241143,1.30665588378906,1.83333333333333,1.5,2,1761,0.920495321852319,1.938368711877,2.20966120485076,1.24732224749024,-0.0765595995177479,38.4069600319458,1.26286419915889,36.2694258684654,0.906349563646113,1.41659678626172,1.5504599373504,1.69218629381918,2.13753416348046,0.0141457582062061,0.521771925615281,0.659201267500359,-0.444864046328942
29,21,861,30.4125812241143,1.30665588378906,1.83333333333333,1.5,3,2661,0.812143702598107,1.49291201920269,1.13106509114135,2.18569792189057,0.351901680189772,36.2592782570364,1.19224599812285,36.2694258684654,0.906349563646113,1.41659678626172,1.5504599373504,1.69218629381918,-0.0101476114289625,-0.0942058610480055,0.0763152329409693,-0.419394846209052,0.493511628071388
29,22,862,32.4602725223537,1.29205322265625,1.85,1.5,1,862,0.965974732370639,1.4354058059077,1.40466885648991,1.20565576289877,1.00108427435239,39.4719515883342,1.21600801598791,40.3659639736402,1.61951393237672,1.67150432693819,1.53529110270354,1.56459799719375,-0.894012385305992,-0.653539200006079,-0.236098521030483,-0.130622246213629,-0.35894223429498
29,22,862,32.4602725223537,1.29205322265625,1.85,1.5,2,1762,2.38388519303119,1.91055176789552,1.29955686049564,1.34209372323892,-0.46970164688558,40.5545334829167,1.24935899583064,40.3659639736402,1.61951393237672,1.67150432693819,1.53529110270354,1.56459799719375,0.188569509276576,0.76437126065447,0.239047440957336,-0.235734242207894,-0.222504273954831
29,22,862,32.4602725223537,1.29205322265625,1.85,1.5,3,2662,1.50868187172833,1.66855540701133,1.90164759112506,2.14604450544356,0.722538163327706,41.0714068496696,1.26528225606812,40.3659639736402,1.61951393237672,1.67150432693819,1.53529110270354,1.56459799719375,0.705442876029416,-0.110832060648391,-0.00294891992685264,0.366356488421523,0.581446508249812
29,23,863,34.5773705495876,1.27479553222656,1.86666666666667,1.5,1,863,2.31405011235788,1.50931243620305,1.42628227491065,2.06294106467835,-0.510614368073214,41.9735035527083,1.21390096718065,43.4616088989753,2.41182312535417,2.02484987515289,1.8582716307681,2.02723972954732,-1.48810534626706,-0.0977730129962922,-0.515537438949838,-0.43198935585745,0.0357013351310225
29,23,863,34.5773705495876,1.27479553222656,1.86666666666667,1.5,2,1763,2.23862066306999,2.22989027257502,1.69328157449643,1.32541536800383,-0.210787298364926,43.9227510747391,1.27027447074812,43.4616088989753,2.41182312535417,2.02484987515289,1.8582716307681,2.02723972954732,0.461142175763726,-0.173202462284181,0.205040397422133,-0.164990056271671,-0.701824361543499
29,23,863,34.5773705495876,1.27479553222656,1.86666666666667,1.5,3,2663,2.68279860063464,2.33534691668059,2.45525104289722,2.6933627559598,-1.55100895887796,44.4885720694787,1.28663838118278,43.4616088989753,2.41182312535417,2.02484987515289,1.8582716307681,2.02723972954732,1.02696317050332,0.270975475280474,0.310497041527705,0.59697941212912,0.666123026412477
29,24,864,36.766227854774,1.2548828125,1.88333333333333,1.5,1,864,1.64421605232684,2.08423472606895,1.84079824158858,2.18889146794557,0.281861588918454,45.7978940042734,1.24565114988609,45.6193873670648,1.78946901974824,1.99355405084889,1.88098623938857,1.98102991186927,0.178506637208635,-0.1452529674214,0.0906806752200582,-0.0401879977999886,0.207861556076304
29,24,864,36.766227854774,1.2548828125,1.88333333333333,1.5,2,1764,2.17801269434013,1.89770697248493,0.747617160728266,2.22771170584253,-0.740084119092985,43.4547349704876,1.18191986249264,45.6193873670648,1.78946901974824,1.99355405084889,1.88098623938857,1.98102991186927,-2.16465239657717,0.388543674591891,-0.095847078363964,-1.13336907866031,0.246681793973261
29,24,864,36.766227854774,1.2548828125,1.88333333333333,1.5,3,2664,1.54617831257775,1.9987204539928,3.05454331584887,1.52648656181971,0.552960853352167,47.6055331264333,1.29481689866239,45.6193873670648,1.78946901974824,1.99355405084889,1.88098623938857,1.98102991186927,1.98614575936854,-0.243290707170492,0.0051664031439056,1.1735570764603,-0.454543350049564
29,25,865,39.0292767267848,1.23231506347656,1.9,1.5,1,865,1.27597826357989,2.45600771186352,1.30857290233572,1.78078465582483,-0.293612757219778,46.9373452104874,1.20261888374364,46.6245563543369,1.97348163984267,1.75391272637201,1.16842353019836,1.96524051891144,0.312788856150569,-0.697503376262776,0.702094985491519,0.140149372137361,-0.184455863086608
29,25,865,39.0292767267848,1.23231506347656,1.9,1.5,2,1765,1.53464552936017,1.66933881551226,0.25557233474579,1.42868361600797,0.280665861859229,44.7562116431635,1.1467343337277,46.6245563543369,1.97348163984267,1.75391272637201,1.16842353019836,1.96524051891144,-1.86834471117339,-0.438836110482497,-0.0845739108597432,-0.912851195452571,-0.536556902903473
29,25,865,39.0292767267848,1.23231506347656,1.9,1.5,3,2665,3.10982112658794,1.13639165174023,1.94112535351357,2.68625328490152,0.247723894986149,48.1801122093597,1.23446080096829,46.6245563543369,1.97348163984267,1.75391272637201,1.16842353019836,1.96524051891144,1.55555585502282,1.13633948674527,-0.617521074631776,0.77270182331521,0.721012765990081
29,26,866,41.369031897199,1.20709228515625,1.91666666666667,1.5,1,866,2.31103590746497,2.49109073838707,1.74771594457231,2.89284867623704,-0.456079922390327,51.0987500881958,1.23519327730885,50.4586422478292,2.29356697227572,1.87601708291915,2.05118491188362,2.62931313942845,0.64010784036654,0.0174689351892536,0.615073655467919,-0.303468967311314,0.263535536808585
29,26,866,41.369031897199,1.20709228515625,1.91666666666667,1.5,2,1766,1.99806908439375,1.69275028806841,2.57279924226412,2.36563555146423,-0.295767454024925,50.5887551356823,1.22286533708098,50.4586422478292,2.29356697227572,1.87601708291915,2.05118491188362,2.62931313942845,0.13011288785308,-0.295497887881975,-0.18326679485074,0.521614330380497,-0.263677587964228
29,26,866,41.369031897199,1.20709228515625,1.91666666666667,1.5,3,2666,2.57159592496844,1.44421022230197,1.83303954881444,2.6294551905841,-0.30239289512519,49.6884215196096,1.20110186873805,50.4586422478292,2.29356697227572,1.87601708291915,2.05118491188362,2.62931313942845,-0.770220728219627,0.278028952692721,-0.431806860617179,-0.218145363069183,0.000142051155643141
29,27,867,43.7880933347085,1.17921447753906,1.93333333333333,1.5,1,867,2.14679367476772,2.29764910789361,1.86094459978342,2.01568897685331,0.454288486685995,54.0074505112393,1.233382099979,53.2410346954785,2.24553198485252,1.86124267510532,1.92676899366635,2.07599450681144,0.766415815760844,-0.098738310084804,0.43640643278829,-0.0658243938829315,-0.0603055299581277
29,27,867,43.7880933347085,1.17921447753906,1.93333333333333,1.5,2,1767,1.93542950801141,1.74946310868529,2.27045183304499,1.8037326449104,0.515520181651248,53.3738731054888,1.21891292908116,53.2410346954785,2.24553198485252,1.86124267510532,1.92676899366635,2.07599450681144,0.132838410010343,-0.310102476841107,-0.111779566420033,0.343682839378634,-0.272261861901045
29,27,867,43.7880933347085,1.17921447753906,1.93333333333333,1.5,3,2667,2.65437277177843,1.53661580873707,1.64891054817065,2.40856189867061,-0.020544052082115,52.3417804697073,1.19534276291995,53.2410346954785,2.24553198485252,1.86124267510532,1.92676899366635,2.07599450681144,-0.89925422577118,0.408840786925911,-0.324626866368257,-0.277858445495702,0.332567391859172
29,28,868,46.2891491342386,1.148681640625,1.95,1.5,1,868,3.17254084294558,2.36078813167122,2.59513493707027,2.49679802816264,-0.0379660435480004,58.3916617734795,1.26145463603454,56.907157754857,2.86042520505489,1.94749969396758,2.62133278025157,2.030239979423,1.4845040186225,0.312115637890694,0.413288437703643,-0.0261978431812953,0.466558048739643
29,28,868,46.2891491342386,1.148681640625,1.95,1.5,2,1768,2.29787214193529,2.17482909527569,2.79318331081877,1.00676389764578,-0.321230347124493,57.0381340310746,1.23221392265526,56.907157754857,2.86042520505489,1.94749969396758,2.62133278025157,2.030239979423,0.130976276217645,-0.562553063119598,0.227329401308114,0.171850530567205,-1.02347608177722
29,28,868,46.2891491342386,1.148681640625,1.95,1.5,3,2668,3.11086263028379,1.30688185495582,2.47568009286566,2.58715801246057,-0.832802220597527,55.2916774600168,1.19448463612219,56.907157754857,2.86042520505489,1.94749969396758,2.62133278025157,2.030239979423,-1.61548029484014,0.250437425228903,-0.640617839011757,-0.145652687385909,0.556918033037578
29,29,869,48.8749785039976,1.11549377441406,1.96666666666667,1.5,1,869,1.96932177343117,1.71966554230015,2.00395208491553,1.93110876721884,0.485949867739134,57.9456315770476,1.18558889130372,59.2765619546578,2.69945527303961,1.85276766715008,2.17208667579075,2.39040611938801,-1.33093037761018,-0.73013349960844,-0.133102124849929,-0.168134590875224,-0.459297352169171
29,29,869,48.8749785039976,1.11549377441406,1.96666666666667,1.5,2,1769,2.4439642166175,2.20332239342186,2.34486830723198,3.04839563867927,0.812293514770439,60.2640020552066,1.23302360225647,59.2765619546578,2.69945527303961,1.85276766715008,2.17208667579075,2.39040611938801,0.987440100548852,-0.25549105642212,0.350554726271782,0.172781631441229,0.65798951929126
29,29,869,48.8749785039976,1.11549377441406,1.96666666666667,1.5,3,2669,3.68507982907017,1.63531506572823,2.16743963522475,2.19171395226592,0.16711103807219,59.6200522317191,1.21984815250287,59.2765619546578,2.69945527303961,1.85276766715008,2.17208667579075,2.39040611938801,0.343490277061335,0.98562455603056,-0.217452601421853,-0.00464704056600462,-0.198692167122089
29,30,870,51.5484548537714,1.07965087890625,1.98333333333333,1.5,1,870,3.36932413522602,3.14528598063292,3.25359796951151,2.83192533637318,-0.0259475167118996,66.2787485834988,1.28575626120149,63.5091547549592,2.77060685381283,2.73027653151458,2.68129364692442,2.3751853798044,2.76959382853966,0.598717281413189,0.415009449118342,0.572304322587085,0.456739956568781
29,30,870,51.5484548537714,1.07965087890625,1.98333333333333,1.5,2,1770,2.95110829991263,1.7705150764792,2.52067836311697,1.87029636410087,-0.159016594267863,61.8681440422776,1.20019395766139,63.5091547549592,2.77060685381283,2.73027653151458,2.68129364692442,2.3751853798044,-1.64101071268161,0.180501446099795,-0.959761455035372,-0.160615283807457,-0.504889015703532
29,30,870,51.5484548537714,1.07965087890625,1.98333333333333,1.5,3,2670,1.99138812629985,3.27502853743161,2.2696046081448,2.42333443893915,-1.21776733359656,62.3805716391011,1.21013465517167,63.5091547549592,2.77060685381283,2.73027653151458,2.68129364692442,2.3751853798044,-1.12858311585805,-0.779218727512984,0.544752005917031,-0.411689038779628,0.0481490591347513
30,1,871,1.01685340540722,1.02838134765625,1.51666666666667,1.5,1,871,0.43759168589599,0.118720487556494,0.535124821036961,-1.11709356549913,-0.858179471572404,1.5914316991825,1.5650551895877,1.66274737457065,0.188654612363529,0.161967947947437,0.45519917034541,-0.331654439226505,-0.0713156753881512,0.248937073532461,-0.0432474603909423,0.0799256506915508,-0.785439126272625
30,1,871,1.01685340540722,1.02838134765625,1.51666666666667,1.5,2,1771,0.238428901279151,0.0818799931701032,0.256931603636395,0.0298748689197928,-0.378062458504771,1.39356884348269,1.37047172785403,1.66274737457065,0.188654612363529,0.161967947947437,0.45519917034541,-0.331654439226505,-0.269178531087963,0.0497742889156219,-0.0800879547773336,-0.198267566709014,0.361529308146298
30,1,871,1.01685340540722,1.02838134765625,1.51666666666667,1.5,3,2671,-0.110056750084555,0.285303363115713,0.573541086362873,0.0922553788998226,-0.193453245659645,2.00324158104676,1.97003970325941,1.66274737457065,0.188654612363529,0.161967947947437,0.45519917034541,-0.331654439226505,0.340494206476114,-0.298711362448083,0.123335415168276,0.118341916017464,0.423909818126328
30,2,872,2.06817317241739,1.054931640625,1.53333333333333,1.5,1,872,0.449826713997128,0.466302319444501,-0.0277714331187264,0.0686873592663737,0.239804765441125,3.45585411138927,1.67096941275468,3.07078948795982,0.324813254957571,0.270454009995616,0.2879607316481,-0.00593253491867836,0.385064623429452,0.125013459039557,0.195848309448884,-0.315732164766827,0.074619894185052
30,2,872,2.06817317241739,1.054931640625,1.53333333333333,1.5,2,1772,0.265120478903938,0.17096321473291,0.0902319081390853,0.078857103864714,-1.38289253830086,1.36245607402237,0.658772723770448,3.07078948795982,0.324813254957571,0.270454009995616,0.2879607316481,-0.00593253491867836,-1.70833341393745,-0.059692776053633,-0.0994907952627067,-0.197728823509015,0.0847896387833923
30,2,872,2.06817317241739,1.054931640625,1.53333333333333,1.5,3,2672,0.259492571971647,0.174096495809439,0.801421719923942,-0.165342067887123,0.58305764124332,4.39405827846781,2.12460848882002,3.07078948795982,0.324813254957571,0.270454009995616,0.2879607316481,-0.00593253491867836,1.32326879050799,-0.0653206829859242,-0.0963575141861778,0.513460988275841,-0.159409532968444
30,3,873,3.15512754226943,1.07965087890625,1.55,1.5,1,873,-1.43550024284009,-0.23553452269624,0.27209513091492,0.295856227369751,-0.100431338569253,1.54792129104095,0.490604981986737,2.7376226460396,-0.106023908385205,0.28727162409064,-0.351102001101145,0.287893081234826,-1.18970135499865,-1.32947633445488,-0.52280614678688,0.623197132016065,0.00796314613492571
30,3,873,3.15512754226943,1.07965087890625,1.55,1.5,2,1773,0.217688592567012,0.118198216402187,-0.407787009685609,0.138297182436,-0.689843004489456,2.27183893896779,0.720046625225709,2.7376226460396,-0.106023908385205,0.28727162409064,-0.351102001101145,0.287893081234826,-0.465783707071814,0.323712500952217,-0.169073407688453,-0.0566850085844646,-0.149595898798826
30,3,873,3.15512754226943,1.07965087890625,1.55,1.5,3,2673,0.899739925117459,0.979151178565972,-0.917614124532746,0.429525833898726,0.125312024922393,4.39310770811007,1.39237087859535,2.7376226460396,-0.106023908385205,0.28727162409064,-0.351102001101145,0.287893081234826,1.65548506207047,1.00576383350266,0.691879554475333,-0.566512123431601,0.1416327526639
30,4,874,4.27892435387168,1.1025390625,1.56666666666667,1.5,1,874,0.181142705219799,0.916690898624775,-0.408135643682341,0.847014936638997,-0.355402870372913,4.94718400087915,1.15617468123801,4.84322552719147,-0.23000696427364,0.499758714484097,0.0432879630991624,0.191811173116262,0.103958473687685,0.411149669493439,0.416932184140679,-0.451423606781503,0.655203763522736
30,4,874,4.27892435387168,1.1025390625,1.56666666666667,1.5,2,1774,-0.277777952831172,0.163967928217823,-0.0474768162114511,-0.956938022180244,-0.30877680641122,3.84955436698689,0.89965469090467,4.84322552719147,-0.23000696427364,0.499758714484097,0.0432879630991624,0.191811173116262,-0.993671160204579,-0.0477709885575319,-0.335790786266274,-0.0907647793106134,-1.14874919529651
30,4,874,4.27892435387168,1.1025390625,1.56666666666667,1.5,3,2674,-0.593385645209547,0.418617316609692,0.585476349191279,0.685356604890031,0.574196392998204,5.73293821370836,1.3398082647853,4.84322552719147,-0.23000696427364,0.499758714484097,0.0432879630991624,0.191811173116262,0.889712686516894,-0.363378680935907,-0.0811413978744046,0.542188386092117,0.49354543177377
30,5,875,5.44081238596938,1.12359619140625,1.58333333333333,1.5,1,875,0.269988068238664,0.712824619967306,-0.616639527078936,0.447138336604619,0.112433848391267,6.06028349055523,1.11385636199905,6.3922392805747,0.299760943272897,0.23326218665548,0.224962330491809,0.638907911827075,-0.331955790019463,-0.029772875034233,0.479562433311826,-0.841601857570745,-0.191769575222456
30,5,875,5.44081238596938,1.12359619140625,1.58333333333333,1.5,2,1775,-0.341282988524234,-0.135317101293667,0.829488020992552,0.484575442347202,-0.51690207791821,5.57042599639412,1.02382247378332,6.3922392805747,0.299760943272897,0.23326218665548,0.224962330491809,0.638907911827075,-0.821813284180581,-0.641043931797131,-0.368579287949148,0.604525690500743,-0.154332469479874
30,5,875,5.44081238596938,1.12359619140625,1.58333333333333,1.5,3,2675,0.970577750104262,0.122279041292802,0.462038497561811,0.985009956529406,0.127992276934917,7.54600835477474,1.38692677112598,6.3922392805747,0.299760943272897,0.23326218665548,0.224962330491809,0.638907911827075,1.15376907420004,0.670816806831364,-0.110983145362678,0.237076167070002,0.34610204470233
30,6,876,6.6420827448051,1.142822265625,1.6,1.5,1,876,1.11314648408107,0.662053637149568,0.694928075968757,0.844925605642088,-0.162716664572903,9.85317260053467,1.48344622900716,9.36814508572659,0.790500908622835,0.366286469338346,0.928531543981906,0.510039253123906,0.485027514808079,0.322645575458233,0.295767167811222,-0.233603468013149,0.334886352518181
30,6,876,6.6420827448051,1.142822265625,1.6,1.5,2,1776,1.32173089353138,0.76732968698718,2.0242359374861,0.313726476502526,0.398181715815951,12.8148493603218,1.92934202307921,9.36814508572659,0.790500908622835,0.366286469338346,0.928531543981906,0.510039253123906,3.44670427459518,0.531229984908547,0.401043217648834,1.09570439350419,-0.19631277662138
30,6,876,6.6420827448051,1.142822265625,1.6,1.5,3,2676,-0.0633746517439452,-0.33052391612171,0.0664306184908638,0.371465677227105,-0.704051147334118,5.43641329632333,0.818480212486852,9.36814508572659,0.790500908622835,0.366286469338346,0.928531543981906,0.510039253123906,-3.93173178940326,-0.85387556036678,-0.696810385460056,-0.862100925491042,-0.138573575896801
30,7,877,7.88407029881404,1.16021728515625,1.61666666666667,1.5,1,877,0.386912079324065,0.693257010140927,0.123831539915537,0.769132460056061,-0.329553160444071,9.30993203023863,1.1808535029982,9.51798920783069,0.212264627177612,0.540704200433643,0.47259155132791,0.223669098229835,-0.208057177592057,0.174647452146453,0.152552809707284,-0.348760011412374,0.545463361826226
30,7,877,7.88407029881404,1.16021728515625,1.61666666666667,1.5,2,1777,-0.375037486630556,0.142373897340668,0.562422379934627,0.1224772412068,-0.135606842421341,8.3871431857584,1.06380877743062,9.51798920783069,0.212264627177612,0.540704200433643,0.47259155132791,0.223669098229835,-1.1308460220723,-0.587302113808167,-0.398330303092975,0.0898308286067171,-0.101191857023034
30,7,877,7.88407029881404,1.16021728515625,1.61666666666667,1.5,3,2677,0.624919288839326,0.786481693819335,0.731520734133567,-0.220602406573357,-0.120979891599542,10.856892407495,1.3770669205129,9.51798920783069,0.212264627177612,0.540704200433643,0.47259155132791,0.223669098229835,1.33890319966435,0.412654661661714,0.245777493385691,0.258929182805656,-0.444271504803192
30,8,878,9.16815516194857,1.17578125,1.63333333333333,1.5,1,878,0.516812530589632,0.714999549838113,-0.530134563622546,0.874481316544336,-0.0794261608592846,10.0690182369567,1.09826001622956,10.8205319461505,0.470606173097171,0.501069128453859,-0.0514728280011114,0.557431098652218,-0.751513709193777,0.0462063574924611,0.213930421384254,-0.478661735621435,0.317050217892118
30,8,878,9.16815516194857,1.17578125,1.63333333333333,1.5,2,1778,-0.0945293535450255,-0.173684806643409,0.0408417704196914,0.341549778782842,0.942379455920305,9.77696624784131,1.06640497189877,10.8205319461505,0.470606173097171,0.501069128453859,-0.0514728280011114,0.557431098652218,-1.04356569830919,-0.565135526642197,-0.674753935097268,0.0923145984208029,-0.215881319869376
30,8,878,9.16815516194857,1.17578125,1.63333333333333,1.5,3,2678,0.989535342246907,0.961892642166872,0.33487430919952,0.456262200629475,0.210576310740145,12.6156113536535,1.37602507056307,10.8205319461505,0.470606173097171,0.501069128453859,-0.0514728280011114,0.557431098652218,1.79507940750296,0.518929169149736,0.460823513713013,0.386347137200632,-0.101168898022742
30,9,879,10.4957642272801,1.18951416015625,1.65,1.5,1,879,0.395942754699495,0.264118930555376,0.549104515671655,-0.60545691670995,-0.547025931644728,11.6791708178855,1.11275087406495,13.1128765994873,0.238813568703458,0.780116430514509,0.758820615437759,0.590939667909502,-1.43370578160177,0.157129185996037,-0.515997499959132,-0.209716099766104,-1.19639658461945
30,9,879,10.4957642272801,1.18951416015625,1.65,1.5,2,1779,0.0385143197706411,1.02107702486584,0.552882675756202,1.2758775316883,0.715049762643008,13.770728423322,1.31202722594795,13.1128765994873,0.238813568703458,0.780116430514509,0.758820615437759,0.590939667909502,0.657851823834687,-0.200299248932817,0.240960594351328,-0.205937939681557,0.684937863778795
30,9,879,10.4957642272801,1.18951416015625,1.65,1.5,3,2679,0.281983631640238,1.05515333612231,1.17447465488542,1.10239838875016,-0.445172179723996,13.8887305572544,1.32327005985476,13.1128765994873,0.238813568703458,0.780116430514509,0.758820615437759,0.590939667909502,0.775853957767081,0.0431700629367797,0.275036905607805,0.415654039447661,0.511458720840657
30,10,880,11.8683727525827,1.201416015625,1.66666666666667,1.5,1,880,0.437460511646273,0.917790422396764,0.617720829716121,1.13599765463952,-0.323608589095678,14.5265681769511,1.22397303150004,14.4125284717757,1.00321436245563,0.500516637751494,0.560917409555025,0.728896833158934,0.114039705175424,-0.565753850809358,0.41727378464527,0.0568034201610957,0.407100821480582
30,10,880,11.8683727525827,1.201416015625,1.66666666666667,1.5,2,1780,0.901996052123867,0.743463988823738,0.682764969628411,0.386459741708509,-0.560688718431226,14.6546106396858,1.23476157559146,14.4125284717757,1.00321436245563,0.500516637751494,0.560917409555025,0.728896833158934,0.242082167910064,-0.101218310331764,0.242947351072244,0.121847560073386,-0.342437091450424
30,10,880,11.8683727525827,1.201416015625,1.66666666666667,1.5,3,2680,1.67018652359675,-0.15970449796602,0.382266429320543,0.664233103128776,-0.125780473126759,14.0564065986902,1.18435836923233,14.4125284717757,1.00321436245563,0.500516637751494,0.560917409555025,0.728896833158934,-0.356121873085488,0.666972161141123,-0.660221135717514,-0.178650980234482,-0.0646637300301578
30,11,881,13.2875059996601,1.21148681640625,1.68333333333333,1.5,1,881,0.47235418967332,0.49968253551242,1.03903277862236,-0.100094731202295,0.103269284823755,16.3627075939935,1.23143557522473,15.6850695571342,0.709612730019019,0.473821366203036,0.437985242135217,0.72464110261607,0.67763803685922,-0.237258540345699,0.0258611693093843,0.601047536487143,-0.824735833818365
30,11,881,13.2875059996601,1.21148681640625,1.68333333333333,1.5,2,1781,0.603321217148458,0.199131271773567,-0.387350674963933,1.1976778719268,-0.56941251349722,13.203187481836,0.993654300677174,15.6850695571342,0.709612730019019,0.473821366203036,0.437985242135217,0.72464110261607,-2.48188207529822,-0.10629151287056,-0.274690094429469,-0.825335917099149,0.47303676931073
30,11,881,13.2875059996601,1.21148681640625,1.68333333333333,1.5,3,2681,1.05316278323528,0.72265029132312,0.662273622747223,1.0763401671237,0.716043010645793,17.4893135955732,1.31622244204598,15.6850695571342,0.709612730019019,0.473821366203036,0.437985242135217,0.72464110261607,1.804244038439,0.343550053216259,0.248828925120084,0.224288380612007,0.351699064507635
30,12,882,14.7547409292381,1.2197265625,1.7,1.5,1,882,-0.277938032180347,1.27883586339917,0.565624921070432,1.29640871153662,0.75832350877061,18.1965143868136,1.2332655974159,18.2758473340359,0.557141286262596,0.834502530630885,0.524307152617569,0.958671614680271,-0.0793329472223157,-0.835079318442943,0.444333332768282,0.0413177684528629,0.337737096856348
30,12,882,14.7547409292381,1.2197265625,1.7,1.5,2,1782,0.744083343172563,1.15249769012219,-0.00705719498707214,0.471849138942605,0.196996002776839,17.8079754311234,1.2069324372775,18.2758473340359,0.557141286262596,0.834502530630885,0.524307152617569,0.958671614680271,-0.467871902912478,0.186942056909967,0.317995159491304,-0.531364347604641,-0.486822475737666
30,12,882,14.7547409292381,1.2197265625,1.7,1.5,3,2682,1.20527854779557,0.0721740383712989,1.01435373176935,1.10775699356159,0.953974532089692,18.8230521841707,1.27572908765011,18.2758473340359,0.557141286262596,0.834502530630885,0.524307152617569,0.958671614680271,0.547204850134797,0.648137261532976,-0.762328492259586,0.490046579151778,0.149085378881317
30,13,883,16.2717079533052,1.22613525390625,1.71666666666667,1.5,1,883,1.04002320139766,0.103248782897744,1.09450350848427,-0.100308931862554,0.858883554620724,20.2247996267409,1.24294263913658,18.2395964164146,0.623898983280684,0.246062575128824,0.533760828450974,0.464338577858503,1.98520321032633,0.416124218116976,-0.142813792231079,0.5607426800333,-0.564647509721057
30,13,883,16.2717079533052,1.22613525390625,1.71666666666667,1.5,2,1783,0.938525770756353,0.669113928728421,0.382373080528311,1.29372016256131,-0.335003995529366,18.8096686904427,1.15597383780612,18.2395964164146,0.623898983280684,0.246062575128824,0.533760828450974,0.464338577858503,0.570072274028082,0.314626787475669,0.423051353599597,-0.151387747922663,0.829381584702807
30,13,883,16.2717079533052,1.22613525390625,1.71666666666667,1.5,3,2683,-0.106852022311961,-0.0341749862396938,0.124405896340336,0.199604502876753,-0.584313774536191,15.6843209320602,0.963901329661849,18.2395964164146,0.623898983280684,0.246062575128824,0.533760828450974,0.464338577858503,-2.55527548435441,-0.730751005592645,-0.280237561368518,-0.409354932110637,-0.26473407498175
30,14,884,17.8400927468495,1.230712890625,1.73333333333333,1.5,1,884,1.09862189575693,1.05574288969616,1.89315726656298,0.405803323038355,0.0899259155105803,23.9517970333755,1.34258253997056,22.4817239857249,1.30521573768292,0.818228806457349,1.12846267670613,0.59706280740183,1.47007304765052,-0.206593841925996,0.237514083238815,0.764694589856847,-0.191259484363475
30,14,884,17.8400927468495,1.230712890625,1.73333333333333,1.5,2,1784,1.02252982577068,0.453747823021997,0.43703104953983,0.481182030545553,-0.0998860227858224,20.4406901625694,1.14577263989724,22.4817239857249,1.30521573768292,0.818228806457349,1.12846267670613,0.59706280740183,-2.04103382315558,-0.282685911912244,-0.364480983435352,-0.691431627166303,-0.115880776856277
30,14,884,17.8400927468495,1.230712890625,1.73333333333333,1.5,3,2684,1.79449549152116,0.945195706653887,1.05519971401559,0.904203068621581,-0.217055515093122,23.05268476123,1.29218413201922,22.4817239857249,1.30521573768292,0.818228806457349,1.12846267670613,0.59706280740183,0.57096077550506,0.48927975383824,0.126966900196537,-0.0732629626905437,0.307140261219752
30,15,885,19.4616381210038,1.23345947265625,1.75,1.5,1,885,1.1302817441017,0.119217646637165,-0.468881964649918,0.0789714901235019,-0.0211203714651069,20.3399824082116,1.04513208403869,21.3523492921434,0.785693475252661,0.542816000884105,0.0820751406117965,0.968562899437275,-1.0123668839318,0.344588268849036,-0.42359835424694,-0.550957105261714,-0.889591409313773
30,15,885,19.4616381210038,1.23345947265625,1.75,1.5,2,1785,0.802119680470206,0.819654476033319,0.35099095700872,1.26175848216976,-0.125232499560728,22.2866695080945,1.14515897220603,21.3523492921434,0.785693475252661,0.542816000884105,0.0820751406117965,0.968562899437275,0.934320215951114,0.0164262052175448,0.276838475149214,0.268915816396924,0.293195582732484
30,15,885,19.4616381210038,1.23345947265625,1.75,1.5,3,2685,0.42467900118608,0.689575879981831,0.364116429476587,1.56495872601856,-0.307998931914039,21.4303959601241,1.10116095196506,21.3523492921434,0.785693475252661,0.542816000884105,0.0820751406117965,0.968562899437275,0.0780466679806864,-0.361014474066581,0.146759879097726,0.282041288864791,0.596395826581289
30,16,886,21.1381459596826,1.234375,1.76666666666667,1.5,1,886,1.24969972395708,0.665317051691852,1.74667982383982,1.59601817518035,0.282873501176295,26.7590307513671,1.26591191121517,26.2783487717706,1.12955683974589,1.3367285099992,0.968400289668136,1.14063177486169,0.480681979596529,0.120142884211183,-0.671411458307348,0.778279534171688,0.455386400318669
30,16,886,21.1381459596826,1.234375,1.76666666666667,1.5,2,1786,1.07834660399439,2.21573248808055,0.857900359210742,1.24876762093186,0.158496034243195,27.8290373509898,1.3165316108645,26.2783487717706,1.12955683974589,1.3367285099992,0.968400289668136,1.14063177486169,1.55068857921923,-0.0512102357515067,0.879003978081352,-0.110499930457393,0.108135846070176
30,16,886,21.1381459596826,1.234375,1.76666666666667,1.5,3,2686,1.06062419128622,1.1291359902252,0.300620685953841,0.57710952847284,-0.646113677842002,24.2469782129548,1.14707213485997,26.2783487717706,1.12955683974589,1.3367285099992,0.968400289668136,1.14063177486169,-2.03137055881576,-0.0689326484596764,-0.207592519774004,-0.667779603714295,-0.563522246388845
30,17,887,22.8714792218598,1.23345947265625,1.78333333333333,1.5,1,887,1.86037656468285,0.345617869039813,1.18472729957857,1.40443340213587,-0.693006709839894,26.8666144242578,1.17467760452414,27.1087067452927,1.28594888069839,0.94111864726173,0.979485060887642,1.57224824761263,-0.242092321034924,0.574427683984462,-0.595500778221917,0.205242238690924,-0.16781484547676
30,17,887,22.8714792218598,1.23345947265625,1.78333333333333,1.5,2,1787,0.512475405075876,1.08248168568824,0.896929626795435,1.72169484229922,-0.381624601443839,26.397792376314,1.15417949666692,27.1087067452927,1.28594888069839,0.94111864726173,0.979485060887642,1.57224824761263,-0.710914368978763,-0.773473475622511,0.141363038426513,-0.0825554340922064,0.149446594686588
30,17,887,22.8714792218598,1.23345947265625,1.78333333333333,1.5,3,2687,1.48499467233644,1.39525638705713,0.856798256288924,1.59061649840281,-0.4148511400094,28.0617134353064,1.22693041246261,27.1087067452927,1.28594888069839,0.94111864726173,0.979485060887642,1.57224824761263,0.953006690013687,0.199045791638049,0.454137739795404,-0.122686804598717,0.0183682507901719
30,18,888,24.6635640117153,1.230712890625,1.8,1.5,1,888,0.961806353215514,1.80605146261324,1.59075591554764,1.73208884313968,-0.304851247995257,31.1794467469327,1.26419063895722,30.9661760692273,1.17660943464726,1.34061516308696,1.65697561372542,1.59948315031036,0.213270677705349,-0.214803081431742,0.46543629952628,-0.0662196981777896,0.132605692829325
30,18,888,24.6635640117153,1.230712890625,1.8,1.5,2,1788,1.30800386184479,1.02982304162124,1.24092101447613,1.40480122616173,0.00865903598453305,29.9970632580919,1.21625014307921,30.9661760692273,1.17660943464726,1.34061516308696,1.65697561372542,1.59948315031036,-0.96911281113541,0.131394427197533,-0.310792121465722,-0.416054599249292,-0.194681924148631
30,18,888,24.6635640117153,1.230712890625,1.8,1.5,3,2688,1.26001808888147,1.1859709850264,2.13924991115251,1.66155938162966,0.164111046758713,31.7220182026574,1.28618954614951,30.9661760692273,1.17660943464726,1.34061516308696,1.65697561372542,1.59948315031036,0.755842133430058,0.0834086542342087,-0.154644178060558,0.482274297427081,0.0620762313193055
30,19,889,26.5163917189489,1.22613525390625,1.81666666666667,1.5,1,889,1.0664716260187,1.76722836512109,1.81022232382715,1.83867289398658,0.46543694373269,34.2152654696779,1.29034394393968,33.3690831527226,0.927153391084365,1.69955631237373,1.5417971236211,1.27223472479591,0.846182316955229,0.139318234934339,0.0676720527473638,0.268425200206054,0.566438169190668
30,19,889,26.5163917189489,1.22613525390625,1.81666666666667,1.5,2,1789,1.27439020490788,2.53117537273588,1.42101938578801,0.428067984883584,-0.235494479194091,34.573303003044,1.30384644221173,33.3690831527226,0.927153391084365,1.69955631237373,1.5417971236211,1.27223472479591,1.20421985032137,0.347236813823516,0.831619060362156,-0.120777737833093,-0.844166739912326
30,19,889,26.5163917189489,1.22613525390625,1.81666666666667,1.5,3,2689,0.440598342326511,0.800265199264208,1.39414966124814,1.54996329551757,0.717016502289118,31.318680985446,1.18110643851537,33.3690831527226,0.927153391084365,1.69955631237373,1.5417971236211,1.27223472479591,-2.0504021672766,-0.486555048757854,-0.89929111310952,-0.147647462372961,0.277728570721659
30,20,890,28.4320212316403,1.2197265625,1.83333333333333,1.5,1,890,0.884679969643864,0.937539489887495,1.18125630847082,0.877588611212056,0.0199184905028585,33.0217142412628,1.16142689864465,34.4390388277425,1.0712025195284,1.34516136745747,1.42374770324784,0.836058622070295,-1.41732458647976,-0.186522549884534,-0.407621877569977,-0.242491394777016,0.0415299891417613
30,20,890,28.4320212316403,1.2197265625,1.83333333333333,1.5,2,1790,1.55685144394711,1.36401464378162,1.46028878718537,0.660390717277723,0.184934682439504,35.2070156685062,1.23828747107597,34.4390388277425,1.0712025195284,1.34516136745747,1.42374770324784,0.836058622070295,0.76797684076373,0.485648924418717,0.018853276324146,0.0365410839375306,-0.175667904792572
30,20,890,28.4320212316403,1.2197265625,1.83333333333333,1.5,3,2690,0.772076144994214,1.7339299687033,1.62969801408733,0.970196537721105,0.0912249290758527,35.0883865734585,1.23411509465288,34.4390388277425,1.0712025195284,1.34516136745747,1.42374770324784,0.836058622070295,0.649347745716028,-0.299126374534184,0.388768601245831,0.205950310839485,0.13413791565081
30,21,891,30.4125812241143,1.21148681640625,1.85,1.5,1,891,1.8469112199094,1.1697858863356,1.66091070327206,1.48302628409554,0.410996665713026,37.7165564284493,1.24016294935675,37.2722034719152,1.78613191254931,1.52319098952579,1.35363400163376,1.40340428994312,0.444352956534139,0.0607793073600902,-0.353405103190183,0.307276701638298,0.0796219941524112
30,21,891,30.4125812241143,1.21148681640625,1.85,1.5,2,1791,1.52678547673584,1.87358071484917,0.957615859046942,1.09970815293457,-0.595836582370775,36.5689732293309,1.2024291183918,37.2722034719152,1.78613191254931,1.52319098952579,1.35363400163376,1.40340428994312,-0.703230242584247,-0.259346435813466,0.350389725323384,-0.396018142586818,-0.30369613700855
30,21,891,30.4125812241143,1.21148681640625,1.85,1.5,3,2691,1.98469904100268,1.52620636739258,1.44237544258228,1.62747843279926,-0.272982132407611,37.5310807579653,1.23406429994856,37.2722034719152,1.78613191254931,1.52319098952579,1.35363400163376,1.40340428994312,0.258877286050108,0.198567128453376,0.00301537786679873,0.0887414409485203,0.224074142856139
30,22,892,32.4602725223537,1.201416015625,1.86666666666667,1.5,1,892,2.03202093272375,2.73577755437028,1.97667446402359,2.00712150429618,-0.565712864997188,42.4076586142093,1.30644801533953,40.8205067016361,1.77881540186107,2.11438179974374,1.29215580458799,1.62268250031487,1.58715191257318,0.25320553086268,0.621395754626534,0.684518659435598,0.384439003981312
30,22,892,32.4602725223537,1.201416015625,1.86666666666667,1.5,2,1792,1.68559236365551,2.69067207290721,0.959006554037951,1.58322754033774,1.00892568902089,41.9553935733692,1.29251513660203,40.8205067016361,1.77881540186107,2.11438179974374,1.29215580458799,1.62268250031487,1.1348868717331,-0.0932230382055592,0.576290273163468,-0.333149250550038,-0.0394549599771248
30,22,892,32.4602725223537,1.201416015625,1.86666666666667,1.5,3,2692,1.61883290920395,0.916695771953739,0.94078639570243,1.27769845631068,0.570958576703757,38.0984679173298,1.17369525752113,40.8205067016361,1.77881540186107,2.11438179974374,1.29215580458799,1.62268250031487,-2.72203878430627,-0.159982492657121,-1.19768602779,-0.351369408885559,-0.344984044004187
30,23,893,34.5773705495876,1.18951416015625,1.88333333333333,1.5,1,893,1.41266486015514,1.68745990599235,2.20476920697736,2.31683207554564,0.161265619435703,42.904224323818,1.24081801599947,43.6355771336973,1.63270793127078,1.86476713387253,2.25194336832752,1.89592607133749,-0.731352809879304,-0.22004307111564,-0.177307227880183,-0.0471741613501537,0.420906004208143
30,23,893,34.5773705495876,1.18951416015625,1.88333333333333,1.5,2,1793,1.43994024460241,2.12153142583051,1.89374118139859,1.59451066301224,0.524748255858595,43.6511107402583,1.26241845595685,43.6355771336973,1.63270793127078,1.86476713387253,2.25194336832752,1.89592607133749,0.0155336065610427,-0.192767686668373,0.256764291957985,-0.358202186928923,-0.301415408325252
30,23,893,34.5773705495876,1.18951416015625,1.88333333333333,1.5,3,2693,2.0455186890548,1.78531006979473,2.65731971660659,1.7764354754546,-0.0074611977569523,44.3513963370156,1.28267116996103,43.6355771336973,1.63270793127078,1.86476713387253,2.25194336832752,1.89592607133749,0.715819203318269,0.412810757784013,-0.0794570640778023,0.405376348279077,-0.119490595882891
30,24,894,36.766227854774,1.17578125,1.9,1.5,1,894,1.48667722060007,1.6855252387138,1.79656305078647,3.2398606371275,-0.53429923186968,43.877278353424,1.19341256673756,44.2125600534907,1.81605239013421,1.42484815695894,1.44807583706512,2.76478730158305,-0.335281700066759,-0.329375169534136,0.260677081754853,0.348487213721357,0.475073335544451
30,24,894,36.766227854774,1.17578125,1.9,1.5,2,1794,2.35679263873089,0.914439240063588,1.79418821804964,2.95898861222677,0.581200318350208,44.5472176510773,1.21163416130254,44.2125600534907,1.81605239013421,1.42484815695894,1.44807583706512,2.76478730158305,0.334657597586606,0.540740248596677,-0.510408916895354,0.346112380984529,0.194201310643726
30,24,894,36.766227854774,1.17578125,1.9,1.5,3,2694,1.60468731107167,1.67457999209944,0.75347624235923,2.09551265539487,1.24827870019806,44.2131841559709,1.20254882634716,44.2125600534907,1.81605239013421,1.42484815695894,1.44807583706512,2.76478730158305,0.00062410248015965,-0.21136507906254,0.249731835140501,-0.694599594705885,-0.669274646188177
30,25,895,39.0292767267848,1.16021728515625,1.91666666666667,1.5,1,895,2.85847091572298,1.75404029540039,2.8918958985567,2.78800437237297,-0.970607146509256,49.0748713598328,1.25738613357788,47.1393794264407,2.55685790816704,1.50973574318197,2.05469222988524,2.04446387633717,1.93549193339213,0.301613007555946,0.244304552218419,0.837203668671457,0.7435404960358
30,25,895,39.0292767267848,1.16021728515625,1.91666666666667,1.5,2,1795,2.99238998858967,1.57967430396149,1.77331689428123,1.51752598777327,-0.480249837119788,47.7085339023699,1.22237811979818,47.1393794264407,2.55685790816704,1.50973574318197,2.05469222988524,2.04446387633717,0.569154475929217,0.435532080422635,0.0699385607795189,-0.281375335604006,-0.526937888563896
30,25,895,39.0292767267848,1.16021728515625,1.91666666666667,1.5,3,2695,1.81971282018845,1.19549263018403,1.49886389681779,1.82786126886526,-1.04546269741453,44.6347330171194,1.14362183367051,47.1393794264407,2.55685790816704,1.50973574318197,2.05469222988524,2.04446387633717,-2.50464640932134,-0.737145087978582,-0.314243112997938,-0.555828333067452,-0.216602607471904
30,26,896,41.369031897199,1.142822265625,1.93333333333333,1.5,1,896,2.51203955040701,2.2609636032072,2.47364406394096,2.5552894347565,0.311870064497815,52.633379087478,1.27228935930313,49.9981395156933,1.93350159037124,1.82350697622442,2.09615328684723,2.21676214359679,2.63523957178465,0.578537960035777,0.437456626982782,0.377490777093732,0.338527291159717
30,26,896,41.369031897199,1.142822265625,1.93333333333333,1.5,2,1796,2.1701601780085,1.33280530146607,1.91718387115857,2.85829093318185,-0.860007072475796,48.4416649190297,1.17096443154401,49.9981395156933,1.93350159037124,1.82350697622442,2.09615328684723,2.21676214359679,-1.55647459666364,0.236658587637268,-0.490701674758348,-0.178969415688655,0.641528789585065
30,26,896,41.369031897199,1.142822265625,1.93333333333333,1.5,3,2696,1.11830504269819,1.87675202399998,1.89763192544215,1.236706062852,-0.202516393746154,48.9193745405723,1.18251194908635,49.9981395156933,1.93350159037124,1.82350697622442,2.09615328684723,2.21676214359679,-1.07876497512102,-0.815196547673045,0.0532450477755666,-0.198521361405076,-0.980056080744783
30,27,897,43.7880933347085,1.12359619140625,1.95,1.5,1,897,1.77085617802341,1.58532438411767,1.45345996986019,1.18302443330043,0.180912357171338,51.2303054528549,1.16995972081404,52.1615964197536,2.01285055720813,1.6095208338379,1.9773516068796,2.06698778707291,-0.931290966898693,-0.241994379184723,-0.0241964497202285,-0.523891637019409,-0.883963353772479
30,27,897,43.7880933347085,1.12359619140625,1.95,1.5,2,1797,2.38145272457596,0.394908298815283,2.156383694594,2.63729392120206,-0.197294597640837,50.271236672996,1.14805721931603,52.1615964197536,2.01285055720813,1.6095208338379,1.9773516068796,2.06698778707291,-1.89035974675755,0.368602167367825,-1.21461253502261,0.179032087714398,0.570306134129151
30,27,897,43.7880933347085,1.12359619140625,1.95,1.5,3,2697,1.88624276902503,2.84832981858073,2.32221115618461,2.38064500671624,0.0382187268478857,54.9832471334098,1.25566661953348,52.1615964197536,2.01285055720813,1.6095208338379,1.9773516068796,2.06698778707291,2.82165071365625,-0.126607788183102,1.23880898474284,0.344859549305011,0.313657219643328
30,28,898,46.2891491342386,1.1025390625,1.96666666666667,1.5,1,898,1.90595310044488,3.16434246766682,2.78906359021094,1.87804628858116,0.317978274550239,59.1153173917168,1.27708801084855,57.584487562509,1.85919515803969,2.62513226889924,2.4641147746332,2.25177402144419,1.53082982920783,0.0467579424051914,0.539210198767577,0.324948815577734,-0.373727732863029
30,28,898,46.2891491342386,1.1025390625,1.96666666666667,1.5,2,1798,1.31911357013637,2.78228078969815,2.59012537232552,3.32690091179276,-0.109149663421705,56.9913806546608,1.23120389379778,57.584487562509,1.85919515803969,2.62513226889924,2.4641147746332,2.25177402144419,-0.593106907848231,-0.540081587903315,0.157148520798911,0.126010597692315,1.07512689034857
30,28,898,46.2891491342386,1.1025390625,1.96666666666667,1.5,3,2698,2.35251880353781,1.92877354933275,2.01315536136315,1.55037486395865,0.950883941678756,56.6467646411494,1.22375903857886,57.584487562509,1.85919515803969,2.62513226889924,2.4641147746332,2.25177402144419,-0.937722921359594,0.493323645498124,-0.696358719566488,-0.450959413270049,-0.701399157485536
30,29,899,48.8749785039976,1.07965087890625,1.98333333333333,1.5,1,899,2.96696935840979,2.42770849941324,2.03207209544457,2.675307499019,0.849294199214648,60.7906271123771,1.24379854422657,59.6628811182253,2.36575345713506,2.34468276613228,2.18232166001033,2.41611960708451,1.12774599415179,0.601215901274729,0.0830257332809552,-0.150249564565763,0.259187891934495
30,29,899,48.8749785039976,1.07965087890625,1.98333333333333,1.5,2,1799,2.52358743989983,2.77767616032314,1.83352872786199,2.14903015792822,-0.024317938465908,59.8346047727836,1.22423797624565,59.6628811182253,2.36575345713506,2.34468276613228,2.18232166001033,2.41611960708451,0.171723654558271,0.157833982764767,0.432993394190862,-0.348792932148342,-0.267089449156289
30,29,899,48.8749785039976,1.07965087890625,1.98333333333333,1.5,3,2699,1.60670357309556,1.82866363866046,2.68136415672444,2.4240211643063,0.104858255586579,58.3634114695152,1.19413682125183,59.6628811182253,2.36575345713506,2.34468276613228,2.18232166001033,2.41611960708451,-1.29946964871007,-0.759049884039496,-0.516019127471818,0.499042496714104,0.00790155722179531
30,30,900,51.5484548537714,1.054931640625,2,1.5,1,900,2.26912575341703,2.85841820773688,2.54224329907947,3.02012792627502,0.507853171874498,63.9802819435755,1.2411677930031,64.2519273483763,2.81194899408147,2.71313026944832,2.75594362411694,2.77239923974932,-0.271645404800843,-0.54282324066444,0.145287938288565,-0.213700325037469,0.247728686525692
30,30,900,51.5484548537714,1.054931640625,2,1.5,2,1800,2.67190527043636,2.06612362100197,3.17126001884168,2.17866478657244,-0.170567016193985,63.0857025183798,1.22381364673949,64.2519273483763,2.81194899408147,2.71313026944832,2.75594362411694,2.77239923974932,-1.16622482999649,-0.140043723645114,-0.647006648446349,0.415316394724747,-0.59373445317688
30,30,900,51.5484548537714,1.054931640625,2,1.5,3,2700,3.49481595839103,3.2148489796061,2.55432755442966,3.11840500640051,0.193361505877728,65.6897975831737,1.27433106907893,64.2519273483763,2.81194899408147,2.71313026944832,2.75594362411694,2.77239923974932,1.43787023479732,0.682866964309555,0.501718710157784,-0.201616069687279,0.346005766651188
