ai,std_ai,t_value,p_values,significance
0.8718458961293973,0.27715813431558967,3.145662306763325,0.0016842646164236807,1
0.8718458961293973,0.27715813431558967,3.145662306763325,0.0016842646164236807,1
0.8718458961293973,0.27715813431558967,3.145662306763325,0.0016842646164236807,1
2.0747160159379803,0.2744469666813184,7.559624509703886,6.394884621840902e-14,1
2.0747160159379803,0.2744469666813184,7.559624509703886,6.394884621840902e-14,1
2.0747160159379803,0.2744469666813184,7.559624509703886,6.394884621840902e-14,1
3.119772526090756,0.27228126531137403,11.457903732462322,0.0,1
3.119772526090756,0.27228126531137403,11.457903732462322,0.0,1
3.119772526090756,0.27228126531137403,11.457903732462322,0.0,1
4.039186550569617,0.27455126568215316,14.711957493744599,0.0,1
4.039186550569617,0.27455126568215316,14.711957493744599,0.0,1
4.039186550569617,0.27455126568215316,14.711957493744599,0.0,1
5.297727709041681,0.2733426620300782,19.381269172167233,0.0,1
5.297727709041681,0.2733426620300782,19.381269172167233,0.0,1
5.297727709041681,0.2733426620300782,19.381269172167233,0.0,1
6.37325558172151,0.2742152822523877,23.241795750302373,0.0,1
6.37325558172151,0.2742152822523877,23.241795750302373,0.0,1
6.37325558172151,0.2742152822523877,23.241795750302373,0.0,1
7.233560253212198,0.29896957932235996,24.194970838195907,0.0,1
7.233560253212198,0.29896957932235996,24.194970838195907,0.0,1
7.233560253212198,0.29896957932235996,24.194970838195907,0.0,1
9.256147897516993,0.294625752356536,31.416628802752566,0.0,1
9.256147897516993,0.294625752356536,31.416628802752566,0.0,1
9.256147897516993,0.294625752356536,31.416628802752566,0.0,1
10.112441596225137,0.27967293214215116,36.15809910086408,0.0,1
10.112441596225137,0.27967293214215116,36.15809910086408,0.0,1
10.112441596225137,0.27967293214215116,36.15809910086408,0.0,1
12.28915908734432,0.28248651535534386,43.5035246616484,0.0,1
12.28915908734432,0.28248651535534386,43.5035246616484,0.0,1
12.28915908734432,0.28248651535534386,43.5035246616484,0.0,1
13.65464089073906,0.2908489242228339,46.94753789179415,0.0,1
13.65464089073906,0.2908489242228339,46.94753789179415,0.0,1
13.65464089073906,0.2908489242228339,46.94753789179415,0.0,1
14.859044872205136,0.30914320065506196,48.0652488578737,0.0,1
14.859044872205136,0.30914320065506196,48.0652488578737,0.0,1
14.859044872205136,0.30914320065506196,48.0652488578737,0.0,1
16.678220022439373,0.31028359140172557,53.75153725369256,0.0,1
16.678220022439373,0.31028359140172557,53.75153725369256,0.0,1
16.678220022439373,0.31028359140172557,53.75153725369256,0.0,1
18.50705834352746,0.2902903520491905,63.753611557821905,0.0,1
18.50705834352746,0.2902903520491905,63.753611557821905,0.0,1
18.50705834352746,0.2902903520491905,63.753611557821905,0.0,1
19.005723116517157,0.3165908727406062,60.032441718840076,0.0,1
19.005723116517157,0.3165908727406062,60.032441718840076,0.0,1
19.005723116517157,0.3165908727406062,60.032441718840076,0.0,1
20.805522269233826,0.30308511786563813,68.64580622020908,0.0,1
20.805522269233826,0.30308511786563813,68.64580622020908,0.0,1
20.805522269233826,0.30308511786563813,68.64580622020908,0.0,1
23.078622058642747,0.3300634662847138,69.92177085947178,0.0,1
23.078622058642747,0.3300634662847138,69.92177085947178,0.0,1
23.078622058642747,0.3300634662847138,69.92177085947178,0.0,1
24.88614887420594,0.3368193928051622,73.88573640889399,0.0,1
24.88614887420594,0.3368193928051622,73.88573640889399,0.0,1
24.88614887420594,0.3368193928051622,73.88573640889399,0.0,1
26.90285075421241,0.35033745927367443,76.79124810115326,0.0,1
26.90285075421241,0.35033745927367443,76.79124810115326,0.0,1
26.90285075421241,0.35033745927367443,76.79124810115326,0.0,1
28.180581032605232,0.35365464914168515,79.68389812207786,0.0,1
28.180581032605232,0.35365464914168515,79.68389812207786,0.0,1
28.180581032605232,0.35365464914168515,79.68389812207786,0.0,1
30.445144825479062,0.35009399779042427,86.9627729056479,0.0,1
30.445144825479062,0.35009399779042427,86.9627729056479,0.0,1
30.445144825479062,0.35009399779042427,86.9627729056479,0.0,1
32.478035458939445,0.3841888019209132,84.53665306368086,0.0,1
32.478035458939445,0.3841888019209132,84.53665306368086,0.0,1
32.478035458939445,0.3841888019209132,84.53665306368086,0.0,1
34.16623760543324,0.3475374062617137,98.30952579448179,0.0,1
34.16623760543324,0.3475374062617137,98.30952579448179,0.0,1
34.16623760543324,0.3475374062617137,98.30952579448179,0.0,1
37.15825876112556,0.3829179290939952,97.03974647790464,0.0,1
37.15825876112556,0.3829179290939952,97.03974647790464,0.0,1
37.15825876112556,0.3829179290939952,97.03974647790464,0.0,1
39.8083484380719,0.38105823473806644,104.46788655659299,0.0,1
39.8083484380719,0.38105823473806644,104.46788655659299,0.0,1
39.8083484380719,0.38105823473806644,104.46788655659299,0.0,1
41.83637392786106,0.4091473522199472,102.2525838206351,0.0,1
41.83637392786106,0.4091473522199472,102.2525838206351,0.0,1
41.83637392786106,0.4091473522199472,102.2525838206351,0.0,1
44.061603340844115,0.4168544999315991,105.70019838594546,0.0,1
44.061603340844115,0.4168544999315991,105.70019838594546,0.0,1
44.061603340844115,0.4168544999315991,105.70019838594546,0.0,1
47.192638381848596,0.4936808200186699,95.59342082616025,0.0,1
47.192638381848596,0.4936808200186699,95.59342082616025,0.0,1
47.192638381848596,0.4936808200186699,95.59342082616025,0.0,1
49.53060375560065,0.5150054900080507,96.17490437786668,0.0,1
49.53060375560065,0.5150054900080507,96.17490437786668,0.0,1
49.53060375560065,0.5150054900080507,96.17490437786668,0.0,1
52.30255300723245,0.46082704302793565,113.49714344794177,0.0,1
52.30255300723245,0.46082704302793565,113.49714344794177,0.0,1
52.30255300723245,0.46082704302793565,113.49714344794177,0.0,1
0.9326250572329879,0.27471003409980493,3.3949435457976604,0.000701367056957114,1
0.9326250572329879,0.27471003409980493,3.3949435457976604,0.000701367056957114,1
0.9326250572329879,0.27471003409980493,3.3949435457976604,0.000701367056957114,1
2.2995504383785064,0.27616036792314136,8.326866217887202,2.220446049250313e-16,1
2.2995504383785064,0.27616036792314136,8.326866217887202,2.220446049250313e-16,1
2.2995504383785064,0.27616036792314136,8.326866217887202,2.220446049250313e-16,1
3.3170034356972846,0.2747479778955495,12.07289480746717,0.0,1
3.3170034356972846,0.2747479778955495,12.07289480746717,0.0,1
3.3170034356972846,0.2747479778955495,12.07289480746717,0.0,1
4.610526958603088,0.27352882831527303,16.855725910136726,0.0,1
4.610526958603088,0.27352882831527303,16.855725910136726,0.0,1
4.610526958603088,0.27352882831527303,16.855725910136726,0.0,1
5.799163170461408,0.2841395308973198,20.40956128894668,0.0,1
5.799163170461408,0.2841395308973198,20.40956128894668,0.0,1
5.799163170461408,0.2841395308973198,20.40956128894668,0.0,1
6.393417989175652,0.2828921397774813,22.600196648109836,0.0,1
6.393417989175652,0.2828921397774813,22.600196648109836,0.0,1
6.393417989175652,0.2828921397774813,22.600196648109836,0.0,1
7.568492820645206,0.2810766314325528,26.926794952932056,0.0,1
7.568492820645206,0.2810766314325528,26.926794952932056,0.0,1
7.568492820645206,0.2810766314325528,26.926794952932056,0.0,1
9.263596923773017,0.2729439183981388,33.93956157052146,0.0,1
9.263596923773017,0.2729439183981388,33.93956157052146,0.0,1
9.263596923773017,0.2729439183981388,33.93956157052146,0.0,1
9.970895328085124,0.28031157405632545,35.5707585805272,0.0,1
9.970895328085124,0.28031157405632545,35.5707585805272,0.0,1
9.970895328085124,0.28031157405632545,35.5707585805272,0.0,1
11.836494800702045,0.2819547880681837,41.98011632219448,0.0,1
11.836494800702045,0.2819547880681837,41.98011632219448,0.0,1
11.836494800702045,0.2819547880681837,41.98011632219448,0.0,1
13.542275693932613,0.274172465686723,49.393273901568186,0.0,1
13.542275693932613,0.274172465686723,49.393273901568186,0.0,1
13.542275693932613,0.274172465686723,49.393273901568186,0.0,1
14.315825010096336,0.288592364439258,49.60569569438309,0.0,1
14.315825010096336,0.288592364439258,49.60569569438309,0.0,1
14.315825010096336,0.288592364439258,49.60569569438309,0.0,1
16.374348861183588,0.2939321405954468,55.707922338851695,0.0,1
16.374348861183588,0.2939321405954468,55.707922338851695,0.0,1
16.374348861183588,0.2939321405954468,55.707922338851695,0.0,1
17.45221653549818,0.337496445857318,51.710815772194486,0.0,1
17.45221653549818,0.337496445857318,51.710815772194486,0.0,1
17.45221653549818,0.337496445857318,51.710815772194486,0.0,1
19.313009457772186,0.3165353045658164,61.013761116673415,0.0,1
19.313009457772186,0.3165353045658164,61.013761116673415,0.0,1
19.313009457772186,0.3165353045658164,61.013761116673415,0.0,1
21.284041701208707,0.34093468547451966,62.42850202109872,0.0,1
21.284041701208707,0.34093468547451966,62.42850202109872,0.0,1
21.284041701208707,0.34093468547451966,62.42850202109872,0.0,1
23.191115395095004,0.3304833205149584,70.17333086268518,0.0,1
23.191115395095004,0.3304833205149584,70.17333086268518,0.0,1
23.191115395095004,0.3304833205149584,70.17333086268518,0.0,1
24.22982751589635,0.31574243823320924,76.73921710201039,0.0,1
24.22982751589635,0.31574243823320924,76.73921710201039,0.0,1
24.22982751589635,0.31574243823320924,76.73921710201039,0.0,1
26.42613294162391,0.33584045753399433,78.68656782945519,0.0,1
26.42613294162391,0.33584045753399433,78.68656782945519,0.0,1
26.42613294162391,0.33584045753399433,78.68656782945519,0.0,1
28.32592989582318,0.34251050817412737,82.70090762127126,0.0,1
28.32592989582318,0.34251050817412737,82.70090762127126,0.0,1
28.32592989582318,0.34251050817412737,82.70090762127126,0.0,1
29.992413113106593,0.40449636109020054,74.14754741494063,0.0,1
29.992413113106593,0.40449636109020054,74.14754741494063,0.0,1
29.992413113106593,0.40449636109020054,74.14754741494063,0.0,1
31.95410711342779,0.3705096167798743,86.24366458053971,0.0,1
31.95410711342779,0.3705096167798743,86.24366458053971,0.0,1
31.95410711342779,0.3705096167798743,86.24366458053971,0.0,1
34.47777011458508,0.42645137653956827,80.84806852859592,0.0,1
34.47777011458508,0.42645137653956827,80.84806852859592,0.0,1
34.47777011458508,0.42645137653956827,80.84806852859592,0.0,1
36.84317662226895,0.4063051477867854,90.67858682805306,0.0,1
36.84317662226895,0.4063051477867854,90.67858682805306,0.0,1
36.84317662226895,0.4063051477867854,90.67858682805306,0.0,1
39.574313971527616,0.3728718137505341,106.13383074861322,0.0,1
39.574313971527616,0.3728718137505341,106.13383074861322,0.0,1
39.574313971527616,0.3728718137505341,106.13383074861322,0.0,1
42.07893949736025,0.4026077901015241,104.5159595316061,0.0,1
42.07893949736025,0.4026077901015241,104.5159595316061,0.0,1
42.07893949736025,0.4026077901015241,104.5159595316061,0.0,1
44.917059389914755,0.4119111129068776,109.045514875607,0.0,1
44.917059389914755,0.4119111129068776,109.045514875607,0.0,1
44.917059389914755,0.4119111129068776,109.045514875607,0.0,1
47.13346359571084,0.47175098935154036,99.91174297376584,0.0,1
47.13346359571084,0.47175098935154036,99.91174297376584,0.0,1
47.13346359571084,0.47175098935154036,99.91174297376584,0.0,1
50.191825613887005,0.45674631930881754,109.88993997771236,0.0,1
50.191825613887005,0.45674631930881754,109.88993997771236,0.0,1
50.191825613887005,0.45674631930881754,109.88993997771236,0.0,1
52.8380018561636,0.5169651868224724,102.20804650489619,0.0,1
52.8380018561636,0.5169651868224724,102.20804650489619,0.0,1
52.8380018561636,0.5169651868224724,102.20804650489619,0.0,1
1.3686118583451035,0.2818237338249456,4.856268986895245,1.2999182272821486e-06,1
1.3686118583451035,0.2818237338249456,4.856268986895245,1.2999182272821486e-06,1
1.3686118583451035,0.2818237338249456,4.856268986895245,1.2999182272821486e-06,1
1.8285618382896531,0.27465890739652693,6.6575734084958915,3.6875169584504874e-11,1
1.8285618382896531,0.27465890739652693,6.6575734084958915,3.6875169584504874e-11,1
1.8285618382896531,0.27465890739652693,6.6575734084958915,3.6875169584504874e-11,1
3.1071011055214237,0.280104496169168,11.092649878939831,0.0,1
3.1071011055214237,0.280104496169168,11.092649878939831,0.0,1
3.1071011055214237,0.280104496169168,11.092649878939831,0.0,1
4.387754129029678,0.27365320960217976,16.03399476077158,0.0,1
4.387754129029678,0.27365320960217976,16.03399476077158,0.0,1
4.387754129029678,0.27365320960217976,16.03399476077158,0.0,1
4.915397645610593,0.27306565462031623,18.00079051481301,0.0,1
4.915397645610593,0.27306565462031623,18.00079051481301,0.0,1
4.915397645610593,0.27306565462031623,18.00079051481301,0.0,1
6.685782380547451,0.27650087004848334,24.179968690062804,0.0,1
6.685782380547451,0.27650087004848334,24.179968690062804,0.0,1
6.685782380547451,0.27650087004848334,24.179968690062804,0.0,1
7.275120659507516,0.2858725329504805,25.448827085349013,0.0,1
7.275120659507516,0.2858725329504805,25.448827085349013,0.0,1
7.275120659507516,0.2858725329504805,25.448827085349013,0.0,1
9.276446671313202,0.2804398103775847,33.07820904180251,0.0,1
9.276446671313202,0.2804398103775847,33.07820904180251,0.0,1
9.276446671313202,0.2804398103775847,33.07820904180251,0.0,1
10.050789281542796,0.28321577830679445,35.48809795002044,0.0,1
10.050789281542796,0.28321577830679445,35.48809795002044,0.0,1
10.050789281542796,0.28321577830679445,35.48809795002044,0.0,1
12.055897799003507,0.27828115743139603,43.32272407619124,0.0,1
12.055897799003507,0.27828115743139603,43.32272407619124,0.0,1
12.055897799003507,0.27828115743139603,43.32272407619124,0.0,1
12.637345837159305,0.29804448185472876,42.40087170383826,0.0,1
12.637345837159305,0.29804448185472876,42.40087170383826,0.0,1
12.637345837159305,0.29804448185472876,42.40087170383826,0.0,1
14.924517882237042,0.3207840027598255,46.52513140878535,0.0,1
14.924517882237042,0.3207840027598255,46.52513140878535,0.0,1
14.924517882237042,0.3207840027598255,46.52513140878535,0.0,1
16.328366503931253,0.30043198985491343,54.349626721896875,0.0,1
16.328366503931253,0.30043198985491343,54.349626721896875,0.0,1
16.328366503931253,0.30043198985491343,54.349626721896875,0.0,1
17.711845483733075,0.3272342310730498,54.12589454854187,0.0,1
17.711845483733075,0.3272342310730498,54.12589454854187,0.0,1
17.711845483733075,0.3272342310730498,54.12589454854187,0.0,1
19.55361146675998,0.3696710446020678,52.89462551173964,0.0,1
19.55361146675998,0.3696710446020678,52.89462551173964,0.0,1
19.55361146675998,0.3696710446020678,52.89462551173964,0.0,1
21.032813527702004,0.330415187938385,63.655710437935895,0.0,1
21.032813527702004,0.330415187938385,63.655710437935895,0.0,1
21.032813527702004,0.330415187938385,63.655710437935895,0.0,1
23.262348867671236,0.31241683117599633,74.4593330010657,0.0,1
23.262348867671236,0.31241683117599633,74.4593330010657,0.0,1
23.262348867671236,0.31241683117599633,74.4593330010657,0.0,1
24.786151368783273,0.339304834122204,73.04980323344374,0.0,1
24.786151368783273,0.339304834122204,73.04980323344374,0.0,1
24.786151368783273,0.339304834122204,73.04980323344374,0.0,1
26.889536824422894,0.3487558301554772,77.10132562496632,0.0,1
26.889536824422894,0.3487558301554772,77.10132562496632,0.0,1
26.889536824422894,0.3487558301554772,77.10132562496632,0.0,1
28.73847437652752,0.32355283653843775,88.82158068521034,0.0,1
28.73847437652752,0.32355283653843775,88.82158068521034,0.0,1
28.73847437652752,0.32355283653843775,88.82158068521034,0.0,1
30.650212427853454,0.3579126525584169,85.63601261022998,0.0,1
30.650212427853454,0.3579126525584169,85.63601261022998,0.0,1
30.650212427853454,0.3579126525584169,85.63601261022998,0.0,1
33.11029315479269,0.35809673790880203,92.46186756167835,0.0,1
33.11029315479269,0.35809673790880203,92.46186756167835,0.0,1
33.11029315479269,0.35809673790880203,92.46186756167835,0.0,1
35.08988070184064,0.4211534003632614,83.31852638866086,0.0,1
35.08988070184064,0.4211534003632614,83.31852638866086,0.0,1
35.08988070184064,0.4211534003632614,83.31852638866086,0.0,1
37.92015944389763,0.40083429840535056,94.6030806115055,0.0,1
37.92015944389763,0.40083429840535056,94.6030806115055,0.0,1
37.92015944389763,0.40083429840535056,94.6030806115055,0.0,1
39.792201680623734,0.4020680493882876,98.96882316603916,0.0,1
39.792201680623734,0.4020680493882876,98.96882316603916,0.0,1
39.792201680623734,0.4020680493882876,98.96882316603916,0.0,1
41.5770010153728,0.40484641327869264,102.69820764535604,0.0,1
41.5770010153728,0.40484641327869264,102.69820764535604,0.0,1
41.5770010153728,0.40484641327869264,102.69820764535604,0.0,1
44.585089034759704,0.4264942931474245,104.53853603932788,0.0,1
44.585089034759704,0.4264942931474245,104.53853603932788,0.0,1
44.585089034759704,0.4264942931474245,104.53853603932788,0.0,1
47.0216626302781,0.42970694114122127,109.42728201084525,0.0,1
47.0216626302781,0.42970694114122127,109.42728201084525,0.0,1
47.0216626302781,0.42970694114122127,109.42728201084525,0.0,1
49.777751659271075,0.4888890309497822,101.81809880775205,0.0,1
49.777751659271075,0.4888890309497822,101.81809880775205,0.0,1
49.777751659271075,0.4888890309497822,101.81809880775205,0.0,1
52.481987656850755,0.42497197617338117,123.4951728568545,0.0,1
52.481987656850755,0.42497197617338117,123.4951728568545,0.0,1
52.481987656850755,0.42497197617338117,123.4951728568545,0.0,1
1.5311848124573113,0.2796018481773649,5.476304332173109,4.9557807413336263e-08,1
1.5311848124573113,0.2796018481773649,5.476304332173109,4.9557807413336263e-08,1
1.5311848124573113,0.2796018481773649,5.476304332173109,4.9557807413336263e-08,1
1.4697440112360125,0.2833147663687586,5.187671754895451,2.3702283469262397e-07,1
1.4697440112360125,0.2833147663687586,5.187671754895451,2.3702283469262397e-07,1
1.4697440112360125,0.2833147663687586,5.187671754895451,2.3702283469262397e-07,1
3.512199207547686,0.27211723518618264,12.90693404680758,0.0,1
3.512199207547686,0.27211723518618264,12.90693404680758,0.0,1
3.512199207547686,0.27211723518618264,12.90693404680758,0.0,1
4.549427053924015,0.2795785506734763,16.272446662896378,0.0,1
4.549427053924015,0.2795785506734763,16.272446662896378,0.0,1
4.549427053924015,0.2795785506734763,16.272446662896378,0.0,1
5.608721406269199,0.2854990732398167,19.64532263667953,0.0,1
5.608721406269199,0.2854990732398167,19.64532263667953,0.0,1
5.608721406269199,0.2854990732398167,19.64532263667953,0.0,1
7.24801516596449,0.27700633688659115,26.16552114810244,0.0,1
7.24801516596449,0.27700633688659115,26.16552114810244,0.0,1
7.24801516596449,0.27700633688659115,26.16552114810244,0.0,1
7.898152160229529,0.29598960766338683,26.683883338267997,0.0,1
7.898152160229529,0.29598960766338683,26.683883338267997,0.0,1
7.898152160229529,0.29598960766338683,26.683883338267997,0.0,1
9.354618062823242,0.27726966150394494,33.738339824424486,0.0,1
9.354618062823242,0.27726966150394494,33.738339824424486,0.0,1
9.354618062823242,0.27726966150394494,33.738339824424486,0.0,1
10.307410947869649,0.2802319554813196,36.781711529528785,0.0,1
10.307410947869649,0.2802319554813196,36.781711529528785,0.0,1
10.307410947869649,0.2802319554813196,36.781711529528785,0.0,1
11.548994048786678,0.2858354831034788,40.404340018925105,0.0,1
11.548994048786678,0.2858354831034788,40.404340018925105,0.0,1
11.548994048786678,0.2858354831034788,40.404340018925105,0.0,1
13.21340228049052,0.29342836740138745,45.03110042668643,0.0,1
13.21340228049052,0.29342836740138745,45.03110042668643,0.0,1
13.21340228049052,0.29342836740138745,45.03110042668643,0.0,1
14.779467563788856,0.28147177124445394,52.507814543694025,0.0,1
14.779467563788856,0.28147177124445394,52.507814543694025,0.0,1
14.779467563788856,0.28147177124445394,52.507814543694025,0.0,1
16.398860436339614,0.29867458436355393,54.9054432310803,0.0,1
16.398860436339614,0.29867458436355393,54.9054432310803,0.0,1
16.398860436339614,0.29867458436355393,54.9054432310803,0.0,1
18.008228611272436,0.2842615245468814,63.35091827843362,0.0,1
18.008228611272436,0.2842615245468814,63.35091827843362,0.0,1
18.008228611272436,0.2842615245468814,63.35091827843362,0.0,1
19.94302087578818,0.3561491528311544,55.99626088467183,0.0,1
19.94302087578818,0.3561491528311544,55.99626088467183,0.0,1
19.94302087578818,0.3561491528311544,55.99626088467183,0.0,1
20.79765084649443,0.32160780083674,64.66774373129117,0.0,1
20.79765084649443,0.32160780083674,64.66774373129117,0.0,1
20.79765084649443,0.32160780083674,64.66774373129117,0.0,1
23.084185448268606,0.36525639750959765,63.19994832578404,0.0,1
23.084185448268606,0.36525639750959765,63.19994832578404,0.0,1
23.084185448268606,0.36525639750959765,63.19994832578404,0.0,1
24.533079937181405,0.32658689414592307,75.11960944219557,0.0,1
24.533079937181405,0.32658689414592307,75.11960944219557,0.0,1
24.533079937181405,0.32658689414592307,75.11960944219557,0.0,1
26.673370449495337,0.3410046244492636,78.21996693614909,0.0,1
26.673370449495337,0.3410046244492636,78.21996693614909,0.0,1
26.673370449495337,0.3410046244492636,78.21996693614909,0.0,1
28.5784407846256,0.3405133301927761,83.92752427179981,0.0,1
28.5784407846256,0.3405133301927761,83.92752427179981,0.0,1
28.5784407846256,0.3405133301927761,83.92752427179981,0.0,1
30.86492530831616,0.3285002844634538,93.95707330582215,0.0,1
30.86492530831616,0.3285002844634538,93.95707330582215,0.0,1
30.86492530831616,0.3285002844634538,93.95707330582215,0.0,1
33.13313241011929,0.37620099516557615,88.0729525862538,0.0,1
33.13313241011929,0.37620099516557615,88.0729525862538,0.0,1
33.13313241011929,0.37620099516557615,88.0729525862538,0.0,1
35.52490368625737,0.43056942769634804,82.50679542280628,0.0,1
35.52490368625737,0.43056942769634804,82.50679542280628,0.0,1
35.52490368625737,0.43056942769634804,82.50679542280628,0.0,1
37.59814062511912,0.40194768977933254,93.539884868502,0.0,1
37.59814062511912,0.40194768977933254,93.539884868502,0.0,1
37.59814062511912,0.40194768977933254,93.539884868502,0.0,1
40.61978433373734,0.4493853666118453,90.38964628508366,0.0,1
40.61978433373734,0.4493853666118453,90.38964628508366,0.0,1
40.61978433373734,0.4493853666118453,90.38964628508366,0.0,1
42.122843425634315,0.46770991048010757,90.06190051092763,0.0,1
42.122843425634315,0.46770991048010757,90.06190051092763,0.0,1
42.122843425634315,0.46770991048010757,90.06190051092763,0.0,1
45.70138344249751,0.4719461244395002,96.83601808739097,0.0,1
45.70138344249751,0.4719461244395002,96.83601808739097,0.0,1
45.70138344249751,0.4719461244395002,96.83601808739097,0.0,1
47.64533896529595,0.46693981239534893,102.03743116458779,0.0,1
47.64533896529595,0.46693981239534893,102.03743116458779,0.0,1
47.64533896529595,0.46693981239534893,102.03743116458779,0.0,1
50.045261336682096,0.4293465562822573,116.56145974484484,0.0,1
50.045261336682096,0.4293465562822573,116.56145974484484,0.0,1
50.045261336682096,0.4293465562822573,116.56145974484484,0.0,1
52.76986522318205,0.504441442766704,104.61048746065707,0.0,1
52.76986522318205,0.504441442766704,104.61048746065707,0.0,1
52.76986522318205,0.504441442766704,104.61048746065707,0.0,1
1.6408959065303985,0.27330297973101836,6.003944443435448,2.324856529511976e-09,1
1.6408959065303985,0.27330297973101836,6.003944443435448,2.324856529511976e-09,1
1.6408959065303985,0.27330297973101836,6.003944443435448,2.324856529511976e-09,1
2.489904389141974,0.2807250875496544,8.86954711057508,0.0,1
2.489904389141974,0.2807250875496544,8.86954711057508,0.0,1
2.489904389141974,0.2807250875496544,8.86954711057508,0.0,1
3.352490468366285,0.2725235576492618,12.301653836036241,0.0,1
3.352490468366285,0.2725235576492618,12.301653836036241,0.0,1
3.352490468366285,0.2725235576492618,12.301653836036241,0.0,1
3.919437402744735,0.2827022862563096,13.864187144178986,0.0,1
3.919437402744735,0.2827022862563096,13.864187144178986,0.0,1
3.919437402744735,0.2827022862563096,13.864187144178986,0.0,1
5.314529353347024,0.2812410596875617,18.896705051712857,0.0,1
5.314529353347024,0.2812410596875617,18.896705051712857,0.0,1
5.314529353347024,0.2812410596875617,18.896705051712857,0.0,1
5.862297274294112,0.2757280677435259,21.261155319693632,0.0,1
5.862297274294112,0.2757280677435259,21.261155319693632,0.0,1
5.862297274294112,0.2757280677435259,21.261155319693632,0.0,1
7.933409181351493,0.2861421506746928,27.725412570798664,0.0,1
7.933409181351493,0.2861421506746928,27.725412570798664,0.0,1
7.933409181351493,0.2861421506746928,27.725412570798664,0.0,1
8.848836321092726,0.29500536707286396,29.995509603413876,0.0,1
8.848836321092726,0.29500536707286396,29.995509603413876,0.0,1
8.848836321092726,0.29500536707286396,29.995509603413876,0.0,1
10.257952578755466,0.2902753571776811,35.33869591443289,0.0,1
10.257952578755466,0.2902753571776811,35.33869591443289,0.0,1
10.257952578755466,0.2902753571776811,35.33869591443289,0.0,1
11.75685292760813,0.29473199452787857,39.88997850891975,0.0,1
11.75685292760813,0.29473199452787857,39.88997850891975,0.0,1
11.75685292760813,0.29473199452787857,39.88997850891975,0.0,1
13.74887324203314,0.3056189618766423,44.98697710904021,0.0,1
13.74887324203314,0.3056189618766423,44.98697710904021,0.0,1
13.74887324203314,0.3056189618766423,44.98697710904021,0.0,1
15.059153369123006,0.29596335616062247,50.88181714276224,0.0,1
15.059153369123006,0.29596335616062247,50.88181714276224,0.0,1
15.059153369123006,0.29596335616062247,50.88181714276224,0.0,1
16.2872008000451,0.2791196581182045,58.3520376524237,0.0,1
16.2872008000451,0.2791196581182045,58.3520376524237,0.0,1
16.2872008000451,0.2791196581182045,58.3520376524237,0.0,1
17.827178188793287,0.2915822696997685,61.139445162935566,0.0,1
17.827178188793287,0.2915822696997685,61.139445162935566,0.0,1
17.827178188793287,0.2915822696997685,61.139445162935566,0.0,1
19.440632781899275,0.3431156118191976,56.65913211825343,0.0,1
19.440632781899275,0.3431156118191976,56.65913211825343,0.0,1
19.440632781899275,0.3431156118191976,56.65913211825343,0.0,1
21.75872546740475,0.3114493724116054,69.86280081068472,0.0,1
21.75872546740475,0.3114493724116054,69.86280081068472,0.0,1
21.75872546740475,0.3114493724116054,69.86280081068472,0.0,1
23.428153875297596,0.33837144873887226,69.23797490188822,0.0,1
23.428153875297596,0.33837144873887226,69.23797490188822,0.0,1
23.428153875297596,0.33837144873887226,69.23797490188822,0.0,1
24.801155291833325,0.3369588778352364,73.60291395545424,0.0,1
24.801155291833325,0.3369588778352364,73.60291395545424,0.0,1
24.801155291833325,0.3369588778352364,73.60291395545424,0.0,1
26.636767671686293,0.3302556044041818,80.6550057484778,0.0,1
26.636767671686293,0.3302556044041818,80.6550057484778,0.0,1
26.636767671686293,0.3302556044041818,80.6550057484778,0.0,1
28.526920621181777,0.3558092994771884,80.17474715556357,0.0,1
28.526920621181777,0.3558092994771884,80.17474715556357,0.0,1
28.526920621181777,0.3558092994771884,80.17474715556357,0.0,1
31.189414895241697,0.3889100079838992,80.196997390031,0.0,1
31.189414895241697,0.3889100079838992,80.196997390031,0.0,1
31.189414895241697,0.3889100079838992,80.196997390031,0.0,1
33.01517644908196,0.4277253911974175,77.18778713757432,0.0,1
33.01517644908196,0.4277253911974175,77.18778713757432,0.0,1
33.01517644908196,0.4277253911974175,77.18778713757432,0.0,1
35.63930417653719,0.44789352277028704,79.57093006414308,0.0,1
35.63930417653719,0.44789352277028704,79.57093006414308,0.0,1
35.63930417653719,0.44789352277028704,79.57093006414308,0.0,1
37.185661117444866,0.4003534989255102,92.88206851506406,0.0,1
37.185661117444866,0.4003534989255102,92.88206851506406,0.0,1
37.185661117444866,0.4003534989255102,92.88206851506406,0.0,1
40.480150102324615,0.4521412657534366,89.52987300300832,0.0,1
40.480150102324615,0.4521412657534366,89.52987300300832,0.0,1
40.480150102324615,0.4521412657534366,89.52987300300832,0.0,1
42.60367387347547,0.41853221400950774,101.7930578517133,0.0,1
42.60367387347547,0.41853221400950774,101.7930578517133,0.0,1
42.60367387347547,0.41853221400950774,101.7930578517133,0.0,1
45.52206645969399,0.4687927534010506,97.10488511060669,0.0,1
45.52206645969399,0.4687927534010506,97.10488511060669,0.0,1
45.52206645969399,0.4687927534010506,97.10488511060669,0.0,1
47.581112093033674,0.4436477963065263,107.24974290227019,0.0,1
47.581112093033674,0.4436477963065263,107.24974290227019,0.0,1
47.581112093033674,0.4436477963065263,107.24974290227019,0.0,1
50.02708105471921,0.46690125249613545,107.14702688687537,0.0,1
50.02708105471921,0.46690125249613545,107.14702688687537,0.0,1
50.02708105471921,0.46690125249613545,107.14702688687537,0.0,1
52.44860258646381,0.41417679461655105,126.6333683301143,0.0,1
52.44860258646381,0.41417679461655105,126.6333683301143,0.0,1
52.44860258646381,0.41417679461655105,126.6333683301143,0.0,1
0.9700606791742907,0.27567285175418543,3.518883607876207,0.000444158902221492,1
0.9700606791742907,0.27567285175418543,3.518883607876207,0.000444158902221492,1
0.9700606791742907,0.27567285175418543,3.518883607876207,0.000444158902221492,1
2.3037004700220165,0.2773833252943089,8.305115196011682,2.220446049250313e-16,1
2.3037004700220165,0.2773833252943089,8.305115196011682,2.220446049250313e-16,1
2.3037004700220165,0.2773833252943089,8.305115196011682,2.220446049250313e-16,1
2.659359729181738,0.2726524792938815,9.753660542786841,0.0,1
2.659359729181738,0.2726524792938815,9.753660542786841,0.0,1
2.659359729181738,0.2726524792938815,9.753660542786841,0.0,1
4.03454892664966,0.27606637293588676,14.614416394664039,0.0,1
4.03454892664966,0.27606637293588676,14.614416394664039,0.0,1
4.03454892664966,0.27606637293588676,14.614416394664039,0.0,1
5.545424903536404,0.2741050339265816,20.231021751398163,0.0,1
5.545424903536404,0.2741050339265816,20.231021751398163,0.0,1
5.545424903536404,0.2741050339265816,20.231021751398163,0.0,1
7.125012279589174,0.27676448626759065,25.74395427562311,0.0,1
7.125012279589174,0.27676448626759065,25.74395427562311,0.0,1
7.125012279589174,0.27676448626759065,25.74395427562311,0.0,1
7.6938171587095665,0.2887349036249034,26.64664736447878,0.0,1
7.6938171587095665,0.2887349036249034,26.64664736447878,0.0,1
7.6938171587095665,0.2887349036249034,26.64664736447878,0.0,1
9.154410982002972,0.2797106386334719,32.72814729796087,0.0,1
9.154410982002972,0.2797106386334719,32.72814729796087,0.0,1
9.154410982002972,0.2797106386334719,32.72814729796087,0.0,1
10.48931974336001,0.30834009859447653,34.01866896707255,0.0,1
10.48931974336001,0.30834009859447653,34.01866896707255,0.0,1
10.48931974336001,0.30834009859447653,34.01866896707255,0.0,1
11.263680314751461,0.2930449274132011,38.43670120544136,0.0,1
11.263680314751461,0.2930449274132011,38.43670120544136,0.0,1
11.263680314751461,0.2930449274132011,38.43670120544136,0.0,1
13.828016648695636,0.2869563178422372,48.18857710704945,0.0,1
13.828016648695636,0.2869563178422372,48.18857710704945,0.0,1
13.828016648695636,0.2869563178422372,48.18857710704945,0.0,1
15.245039540522964,0.2952177623537977,51.63998066706046,0.0,1
15.245039540522964,0.2952177623537977,51.63998066706046,0.0,1
15.245039540522964,0.2952177623537977,51.63998066706046,0.0,1
17.00192300500643,0.3285886237549769,51.742275221568484,0.0,1
17.00192300500643,0.3285886237549769,51.742275221568484,0.0,1
17.00192300500643,0.3285886237549769,51.742275221568484,0.0,1
18.229854668545247,0.32319298664730134,56.40547728976367,0.0,1
18.229854668545247,0.32319298664730134,56.40547728976367,0.0,1
18.229854668545247,0.32319298664730134,56.40547728976367,0.0,1
19.823360476439504,0.36161029410208406,54.8196796378902,0.0,1
19.823360476439504,0.36161029410208406,54.8196796378902,0.0,1
19.823360476439504,0.36161029410208406,54.8196796378902,0.0,1
21.32300022565298,0.35898665355037984,59.39775201882409,0.0,1
21.32300022565298,0.35898665355037984,59.39775201882409,0.0,1
21.32300022565298,0.35898665355037984,59.39775201882409,0.0,1
23.082250807654155,0.33200859385360004,69.52305221904084,0.0,1
23.082250807654155,0.33200859385360004,69.52305221904084,0.0,1
23.082250807654155,0.33200859385360004,69.52305221904084,0.0,1
25.50304061575374,0.3369453217328041,75.68895892247323,0.0,1
25.50304061575374,0.3369453217328041,75.68895892247323,0.0,1
25.50304061575374,0.3369453217328041,75.68895892247323,0.0,1
27.252430063900412,0.3467484036284227,78.5942481024491,0.0,1
27.252430063900412,0.3467484036284227,78.5942481024491,0.0,1
27.252430063900412,0.3467484036284227,78.5942481024491,0.0,1
29.09012931184802,0.35536913398525805,81.85890818828058,0.0,1
29.09012931184802,0.35536913398525805,81.85890818828058,0.0,1
29.09012931184802,0.35536913398525805,81.85890818828058,0.0,1
30.773035569525916,0.3667330560957635,83.91126749558752,0.0,1
30.773035569525916,0.3667330560957635,83.91126749558752,0.0,1
30.773035569525916,0.3667330560957635,83.91126749558752,0.0,1
32.78392448113884,0.39373591602596114,83.26373883295223,0.0,1
32.78392448113884,0.39373591602596114,83.26373883295223,0.0,1
32.78392448113884,0.39373591602596114,83.26373883295223,0.0,1
35.03485458257979,0.37373813349615803,93.74171764289592,0.0,1
35.03485458257979,0.37373813349615803,93.74171764289592,0.0,1
35.03485458257979,0.37373813349615803,93.74171764289592,0.0,1
36.818949628352314,0.47860418518643394,76.9298530350502,0.0,1
36.818949628352314,0.47860418518643394,76.9298530350502,0.0,1
36.818949628352314,0.47860418518643394,76.9298530350502,0.0,1
38.996171234766116,0.421342929457601,92.55209594941175,0.0,1
38.996171234766116,0.421342929457601,92.55209594941175,0.0,1
38.996171234766116,0.421342929457601,92.55209594941175,0.0,1
41.611813080283085,0.40871340244326165,101.81171655133015,0.0,1
41.611813080283085,0.40871340244326165,101.81171655133015,0.0,1
41.611813080283085,0.40871340244326165,101.81171655133015,0.0,1
44.3934224279734,0.479605169226868,92.56243526218947,0.0,1
44.3934224279734,0.479605169226868,92.56243526218947,0.0,1
44.3934224279734,0.479605169226868,92.56243526218947,0.0,1
47.1265409104952,0.3999201428128269,117.83987817925855,0.0,1
47.1265409104952,0.3999201428128269,117.83987817925855,0.0,1
47.1265409104952,0.3999201428128269,117.83987817925855,0.0,1
50.00780946039885,0.45084274820482984,110.92073602053144,0.0,1
50.00780946039885,0.45084274820482984,110.92073602053144,0.0,1
50.00780946039885,0.45084274820482984,110.92073602053144,0.0,1
52.301538749472996,0.4707189939486957,111.1098966088745,0.0,1
52.301538749472996,0.4707189939486957,111.1098966088745,0.0,1
52.301538749472996,0.4707189939486957,111.1098966088745,0.0,1
0.9916275421742203,0.27705405022924334,3.5791844275646434,0.0003538197857755332,1
0.9916275421742203,0.27705405022924334,3.5791844275646434,0.0003538197857755332,1
0.9916275421742203,0.27705405022924334,3.5791844275646434,0.0003538197857755332,1
1.8875843971349187,0.2718779392404194,6.942764103658088,5.353051335532655e-12,1
1.8875843971349187,0.2718779392404194,6.942764103658088,5.353051335532655e-12,1
1.8875843971349187,0.2718779392404194,6.942764103658088,5.353051335532655e-12,1
3.2836182164255803,0.28108516885635415,11.681933379073591,0.0,1
3.2836182164255803,0.28108516885635415,11.681933379073591,0.0,1
3.2836182164255803,0.28108516885635415,11.681933379073591,0.0,1
4.451715785109051,0.27410286489882585,16.241040701096736,0.0,1
4.451715785109051,0.27410286489882585,16.241040701096736,0.0,1
4.451715785109051,0.27410286489882585,16.241040701096736,0.0,1
5.473381767177785,0.28221986937804916,19.39403408852793,0.0,1
5.473381767177785,0.28221986937804916,19.39403408852793,0.0,1
5.473381767177785,0.28221986937804916,19.39403408852793,0.0,1
6.064894474738559,0.2840074393948608,21.354702847436418,0.0,1
6.064894474738559,0.2840074393948608,21.354702847436418,0.0,1
6.064894474738559,0.2840074393948608,21.354702847436418,0.0,1
8.120473436303495,0.2810271472966737,28.89569037873378,0.0,1
8.120473436303495,0.2810271472966737,28.89569037873378,0.0,1
8.120473436303495,0.2810271472966737,28.89569037873378,0.0,1
9.338774966446891,0.2822214515589297,33.09023787830988,0.0,1
9.338774966446891,0.2822214515589297,33.09023787830988,0.0,1
9.338774966446891,0.2822214515589297,33.09023787830988,0.0,1
10.264138777191429,0.2818167987116035,36.42131634493233,0.0,1
10.264138777191429,0.2818167987116035,36.42131634493233,0.0,1
10.264138777191429,0.2818167987116035,36.42131634493233,0.0,1
12.157089558664117,0.29436210774991023,41.29977751413836,0.0,1
12.157089558664117,0.29436210774991023,41.29977751413836,0.0,1
12.157089558664117,0.29436210774991023,41.29977751413836,0.0,1
13.635550688778633,0.3198090523331947,42.63653761298903,0.0,1
13.635550688778633,0.3198090523331947,42.63653761298903,0.0,1
13.635550688778633,0.3198090523331947,42.63653761298903,0.0,1
15.27636127148806,0.3451694816204039,44.25756645626064,0.0,1
15.27636127148806,0.3451694816204039,44.25756645626064,0.0,1
15.27636127148806,0.3451694816204039,44.25756645626064,0.0,1
16.533357065920313,0.311734097241123,53.03672973935841,0.0,1
16.533357065920313,0.311734097241123,53.03672973935841,0.0,1
16.533357065920313,0.311734097241123,53.03672973935841,0.0,1
18.298568623371658,0.32001647675571593,57.18008275348848,0.0,1
18.298568623371658,0.32001647675571593,57.18008275348848,0.0,1
18.298568623371658,0.32001647675571593,57.18008275348848,0.0,1
19.745317375838006,0.3260526815433266,60.55867193723479,0.0,1
19.745317375838006,0.3260526815433266,60.55867193723479,0.0,1
19.745317375838006,0.3260526815433266,60.55867193723479,0.0,1
21.696467400039992,0.36058841838656747,60.16961802910812,0.0,1
21.696467400039992,0.36058841838656747,60.16961802910812,0.0,1
21.696467400039992,0.36058841838656747,60.16961802910812,0.0,1
23.14715565667149,0.32814687098651696,70.5390107395617,0.0,1
23.14715565667149,0.32814687098651696,70.5390107395617,0.0,1
23.14715565667149,0.32814687098651696,70.5390107395617,0.0,1
24.93393938286608,0.32061790883669905,77.76839251847822,0.0,1
24.93393938286608,0.32061790883669905,77.76839251847822,0.0,1
24.93393938286608,0.32061790883669905,77.76839251847822,0.0,1
27.370091431964415,0.3542600032902901,77.2598971878195,0.0,1
27.370091431964415,0.3542600032902901,77.2598971878195,0.0,1
27.370091431964415,0.3542600032902901,77.2598971878195,0.0,1
29.135270296950488,0.3666091294503269,79.47229885037034,0.0,1
29.135270296950488,0.3666091294503269,79.47229885037034,0.0,1
29.135270296950488,0.3666091294503269,79.47229885037034,0.0,1
31.621711375853273,0.37005484712923914,85.45141786728064,0.0,1
31.621711375853273,0.37005484712923914,85.45141786728064,0.0,1
31.621711375853273,0.37005484712923914,85.45141786728064,0.0,1
32.79771956835256,0.3702465501323705,88.58345758151351,0.0,1
32.79771956835256,0.3702465501323705,88.58345758151351,0.0,1
32.79771956835256,0.3702465501323705,88.58345758151351,0.0,1
34.450559501512664,0.4064661130033265,84.75628939141286,0.0,1
34.450559501512664,0.4064661130033265,84.75628939141286,0.0,1
34.450559501512664,0.4064661130033265,84.75628939141286,0.0,1
36.53698796228869,0.3782489821571134,96.5950727849211,0.0,1
36.53698796228869,0.3782489821571134,96.5950727849211,0.0,1
36.53698796228869,0.3782489821571134,96.5950727849211,0.0,1
38.38429405408229,0.44626956033821624,86.01145465756575,0.0,1
38.38429405408229,0.44626956033821624,86.01145465756575,0.0,1
38.38429405408229,0.44626956033821624,86.01145465756575,0.0,1
41.31212341949886,0.49253857937839396,83.87591378453367,0.0,1
41.31212341949886,0.49253857937839396,83.87591378453367,0.0,1
41.31212341949886,0.49253857937839396,83.87591378453367,0.0,1
44.030430206771584,0.477388568990296,92.23184857546642,0.0,1
44.030430206771584,0.477388568990296,92.23184857546642,0.0,1
44.030430206771584,0.477388568990296,92.23184857546642,0.0,1
46.60785300958362,0.4342078100952557,107.33996930953148,0.0,1
46.60785300958362,0.4342078100952557,107.33996930953148,0.0,1
46.60785300958362,0.4342078100952557,107.33996930953148,0.0,1
49.56643455436684,0.4914977398801545,100.84773648491851,0.0,1
49.56643455436684,0.4914977398801545,100.84773648491851,0.0,1
49.56643455436684,0.4914977398801545,100.84773648491851,0.0,1
51.54145962974556,0.48528369795953713,106.20892448368022,0.0,1
51.54145962974556,0.48528369795953713,106.20892448368022,0.0,1
51.54145962974556,0.48528369795953713,106.20892448368022,0.0,1
0.6191005203573868,0.273152713083931,2.2664996198194713,0.023539309180030665,1
0.6191005203573868,0.273152713083931,2.2664996198194713,0.023539309180030665,1
0.6191005203573868,0.273152713083931,2.2664996198194713,0.023539309180030665,1
2.431202509587775,0.27674972048586133,8.784841788889832,0.0,1
2.431202509587775,0.27674972048586133,8.784841788889832,0.0,1
2.431202509587775,0.27674972048586133,8.784841788889832,0.0,1
2.992640544561505,0.28931702061018966,10.343810876559624,0.0,1
2.992640544561505,0.28931702061018966,10.343810876559624,0.0,1
2.992640544561505,0.28931702061018966,10.343810876559624,0.0,1
3.829352667654204,0.2778195046596236,13.783599075758977,0.0,1
3.829352667654204,0.2778195046596236,13.783599075758977,0.0,1
3.829352667654204,0.2778195046596236,13.783599075758977,0.0,1
5.648139642336075,0.2821785147303508,20.016193110001392,0.0,1
5.648139642336075,0.2821785147303508,20.016193110001392,0.0,1
5.648139642336075,0.2821785147303508,20.016193110001392,0.0,1
6.433405545379514,0.277108093188674,23.216231151355128,0.0,1
6.433405545379514,0.277108093188674,23.216231151355128,0.0,1
6.433405545379514,0.277108093188674,23.216231151355128,0.0,1
8.030044844306051,0.2777690725840847,28.909067412014494,0.0,1
8.030044844306051,0.2777690725840847,28.909067412014494,0.0,1
8.030044844306051,0.2777690725840847,28.909067412014494,0.0,1
9.023417714193538,0.27832681022356026,32.42022465225561,0.0,1
9.023417714193538,0.27832681022356026,32.42022465225561,0.0,1
9.023417714193538,0.27832681022356026,32.42022465225561,0.0,1
11.032839008749503,0.3028975418740507,36.42432665675815,0.0,1
11.032839008749503,0.3028975418740507,36.42432665675815,0.0,1
11.032839008749503,0.3028975418740507,36.42432665675815,0.0,1
12.022953030418769,0.29539582385725305,40.70116115192182,0.0,1
12.022953030418769,0.29539582385725305,40.70116115192182,0.0,1
12.022953030418769,0.29539582385725305,40.70116115192182,0.0,1
13.774866044889706,0.28213899907901024,48.82297764525701,0.0,1
13.774866044889706,0.28213899907901024,48.82297764525701,0.0,1
13.774866044889706,0.28213899907901024,48.82297764525701,0.0,1
15.077095528711101,0.28827719021798953,52.30068850508116,0.0,1
15.077095528711101,0.28827719021798953,52.30068850508116,0.0,1
15.077095528711101,0.28827719021798953,52.30068850508116,0.0,1
16.745127368533304,0.3216601560606996,52.05844445767594,0.0,1
16.745127368533304,0.3216601560606996,52.05844445767594,0.0,1
16.745127368533304,0.3216601560606996,52.05844445767594,0.0,1
17.96682540503876,0.3224298483658391,55.723207687189785,0.0,1
17.96682540503876,0.3224298483658391,55.723207687189785,0.0,1
17.96682540503876,0.3224298483658391,55.723207687189785,0.0,1
19.52263057556324,0.3266842867136547,59.75993143703057,0.0,1
19.52263057556324,0.3266842867136547,59.75993143703057,0.0,1
19.52263057556324,0.3266842867136547,59.75993143703057,0.0,1
21.024533581863533,0.31294579277758167,67.18266890651631,0.0,1
21.024533581863533,0.31294579277758167,67.18266890651631,0.0,1
21.024533581863533,0.31294579277758167,67.18266890651631,0.0,1
23.353235160334105,0.34952878625576,66.81348168916162,0.0,1
23.353235160334105,0.34952878625576,66.81348168916162,0.0,1
23.353235160334105,0.34952878625576,66.81348168916162,0.0,1
25.164109379703476,0.36768231948121144,68.43981351947863,0.0,1
25.164109379703476,0.36768231948121144,68.43981351947863,0.0,1
25.164109379703476,0.36768231948121144,68.43981351947863,0.0,1
26.694977563593753,0.3441272245787718,77.57298945548317,0.0,1
26.694977563593753,0.3441272245787718,77.57298945548317,0.0,1
26.694977563593753,0.3441272245787718,77.57298945548317,0.0,1
29.23721178428669,0.37736564151997865,77.47714303433425,0.0,1
29.23721178428669,0.37736564151997865,77.47714303433425,0.0,1
29.23721178428669,0.37736564151997865,77.47714303433425,0.0,1
30.6199284585041,0.3440757098048045,88.9918340236075,0.0,1
30.6199284585041,0.3440757098048045,88.9918340236075,0.0,1
30.6199284585041,0.3440757098048045,88.9918340236075,0.0,1
32.6829834196096,0.40311334378155866,81.07641169358075,0.0,1
32.6829834196096,0.40311334378155866,81.07641169358075,0.0,1
32.6829834196096,0.40311334378155866,81.07641169358075,0.0,1
34.17334017031672,0.3916010374968358,87.26570386216827,0.0,1
34.17334017031672,0.3916010374968358,87.26570386216827,0.0,1
34.17334017031672,0.3916010374968358,87.26570386216827,0.0,1
36.66431583857255,0.42320881183285103,86.63410310334784,0.0,1
36.66431583857255,0.42320881183285103,86.63410310334784,0.0,1
36.66431583857255,0.42320881183285103,86.63410310334784,0.0,1
38.37840921229319,0.4772046932449087,80.42336916539253,0.0,1
38.37840921229319,0.4772046932449087,80.42336916539253,0.0,1
38.37840921229319,0.4772046932449087,80.42336916539253,0.0,1
40.7759259309919,0.45177324673333885,90.2575046792447,0.0,1
40.7759259309919,0.45177324673333885,90.2575046792447,0.0,1
40.7759259309919,0.45177324673333885,90.2575046792447,0.0,1
43.96411250348329,0.47556720450364903,92.44563562655414,0.0,1
43.96411250348329,0.47556720450364903,92.44563562655414,0.0,1
43.96411250348329,0.47556720450364903,92.44563562655414,0.0,1
46.54343932893803,0.41160562556370356,113.0777531652919,0.0,1
46.54343932893803,0.41160562556370356,113.0777531652919,0.0,1
46.54343932893803,0.41160562556370356,113.0777531652919,0.0,1
48.49091156173191,0.47587696012425673,101.89800226737265,0.0,1
48.49091156173191,0.47587696012425673,101.89800226737265,0.0,1
48.49091156173191,0.47587696012425673,101.89800226737265,0.0,1
51.06528693328739,0.5212112746170346,97.97425616091697,0.0,1
51.06528693328739,0.5212112746170346,97.97425616091697,0.0,1
51.06528693328739,0.5212112746170346,97.97425616091697,0.0,1
1.2532315058913435,0.2740024101013464,4.573797381664656,5.117120744912995e-06,1
1.2532315058913435,0.2740024101013464,4.573797381664656,5.117120744912995e-06,1
1.2532315058913435,0.2740024101013464,4.573797381664656,5.117120744912995e-06,1
2.3556481929018345,0.28144105312313666,8.369952310657345,0.0,1
2.3556481929018345,0.28144105312313666,8.369952310657345,0.0,1
2.3556481929018345,0.28144105312313666,8.369952310657345,0.0,1
3.118211569708619,0.27773460738774053,11.227306524877317,0.0,1
3.118211569708619,0.27773460738774053,11.227306524877317,0.0,1
3.118211569708619,0.27773460738774053,11.227306524877317,0.0,1
3.9861007477296324,0.27815727689504055,14.330384565972516,0.0,1
3.9861007477296324,0.27815727689504055,14.330384565972516,0.0,1
3.9861007477296324,0.27815727689504055,14.330384565972516,0.0,1
5.598598481644226,0.30094050781231746,18.60367194281406,0.0,1
5.598598481644226,0.30094050781231746,18.60367194281406,0.0,1
5.598598481644226,0.30094050781231746,18.60367194281406,0.0,1
7.052027766560524,0.30188096177210744,23.360293160468203,0.0,1
7.052027766560524,0.30188096177210744,23.360293160468203,0.0,1
7.052027766560524,0.30188096177210744,23.360293160468203,0.0,1
8.14193177767632,0.2893085338015408,28.14272939235696,0.0,1
8.14193177767632,0.2893085338015408,28.14272939235696,0.0,1
8.14193177767632,0.2893085338015408,28.14272939235696,0.0,1
9.717253695693113,0.28849656937030227,33.682389072781135,0.0,1
9.717253695693113,0.28849656937030227,33.682389072781135,0.0,1
9.717253695693113,0.28849656937030227,33.682389072781135,0.0,1
10.557075347166172,0.30260502938701156,34.88730960140249,0.0,1
10.557075347166172,0.30260502938701156,34.88730960140249,0.0,1
10.557075347166172,0.30260502938701156,34.88730960140249,0.0,1
12.042107552230014,0.30762847466361465,39.14497045632011,0.0,1
12.042107552230014,0.30762847466361465,39.14497045632011,0.0,1
12.042107552230014,0.30762847466361465,39.14497045632011,0.0,1
13.399770360076495,0.30616521577690425,43.76646878736417,0.0,1
13.399770360076495,0.30616521577690425,43.76646878736417,0.0,1
13.399770360076495,0.30616521577690425,43.76646878736417,0.0,1
15.26349458802502,0.3322310387427425,45.94240997405438,0.0,1
15.26349458802502,0.3322310387427425,45.94240997405438,0.0,1
15.26349458802502,0.3322310387427425,45.94240997405438,0.0,1
16.536615042451547,0.2982619350056009,55.443263459485756,0.0,1
16.536615042451547,0.2982619350056009,55.443263459485756,0.0,1
16.536615042451547,0.2982619350056009,55.443263459485756,0.0,1
18.290564042407297,0.32720052882254613,55.90016650714828,0.0,1
18.290564042407297,0.32720052882254613,55.90016650714828,0.0,1
18.290564042407297,0.32720052882254613,55.90016650714828,0.0,1
19.476466299609907,0.3155849062752575,61.71545568983032,0.0,1
19.476466299609907,0.3155849062752575,61.71545568983032,0.0,1
19.476466299609907,0.3155849062752575,61.71545568983032,0.0,1
21.35534823411377,0.32209264507025953,66.30188103008508,0.0,1
21.35534823411377,0.32209264507025953,66.30188103008508,0.0,1
21.35534823411377,0.32209264507025953,66.30188103008508,0.0,1
23.085431833570663,0.3411894935052795,67.66161406788291,0.0,1
23.085431833570663,0.3411894935052795,67.66161406788291,0.0,1
23.085431833570663,0.3411894935052795,67.66161406788291,0.0,1
25.274467046750697,0.3287477361248896,76.88103755381924,0.0,1
25.274467046750697,0.3287477361248896,76.88103755381924,0.0,1
25.274467046750697,0.3287477361248896,76.88103755381924,0.0,1
26.700532317456656,0.35630715481755443,74.93684018534107,0.0,1
26.700532317456656,0.35630715481755443,74.93684018534107,0.0,1
26.700532317456656,0.35630715481755443,74.93684018534107,0.0,1
28.900972424713693,0.35749511012875634,80.84298667555102,0.0,1
28.900972424713693,0.35749511012875634,80.84298667555102,0.0,1
28.900972424713693,0.35749511012875634,80.84298667555102,0.0,1
30.533866750234278,0.3625009102605423,84.23114504261106,0.0,1
30.533866750234278,0.3625009102605423,84.23114504261106,0.0,1
30.533866750234278,0.3625009102605423,84.23114504261106,0.0,1
32.961432605682845,0.40419731973513784,81.54787524885566,0.0,1
32.961432605682845,0.40419731973513784,81.54787524885566,0.0,1
32.961432605682845,0.40419731973513784,81.54787524885566,0.0,1
35.181172974943166,0.41265778688456406,85.2550808275058,0.0,1
35.181172974943166,0.41265778688456406,85.2550808275058,0.0,1
35.181172974943166,0.41265778688456406,85.2550808275058,0.0,1
36.75809190647413,0.40776399287275056,90.14550707998657,0.0,1
36.75809190647413,0.40776399287275056,90.14550707998657,0.0,1
36.75809190647413,0.40776399287275056,90.14550707998657,0.0,1
38.99444103486847,0.4785572069778452,81.48334298656528,0.0,1
38.99444103486847,0.4785572069778452,81.48334298656528,0.0,1
38.99444103486847,0.4785572069778452,81.48334298656528,0.0,1
41.68509337684289,0.4644226011274508,89.75681475373183,0.0,1
41.68509337684289,0.4644226011274508,89.75681475373183,0.0,1
41.68509337684289,0.4644226011274508,89.75681475373183,0.0,1
43.56296956485755,0.4789876425446758,90.94800302868853,0.0,1
43.56296956485755,0.4789876425446758,90.94800302868853,0.0,1
43.56296956485755,0.4789876425446758,90.94800302868853,0.0,1
45.94426446249149,0.4228964275966877,108.64188360159925,0.0,1
45.94426446249149,0.4228964275966877,108.64188360159925,0.0,1
45.94426446249149,0.4228964275966877,108.64188360159925,0.0,1
47.89815474041886,0.4992792234094333,95.9346043148686,0.0,1
47.89815474041886,0.4992792234094333,95.9346043148686,0.0,1
47.89815474041886,0.4992792234094333,95.9346043148686,0.0,1
50.270347097686006,0.48653223260679684,103.32377534031387,0.0,1
50.270347097686006,0.48653223260679684,103.32377534031387,0.0,1
50.270347097686006,0.48653223260679684,103.32377534031387,0.0,1
0.5255046829361203,0.2789803783571234,1.8836618045711464,0.05977216898739024,0
0.5255046829361203,0.2789803783571234,1.8836618045711464,0.05977216898739024,0
0.5255046829361203,0.2789803783571234,1.8836618045711464,0.05977216898739024,0
2.1922776516579257,0.27224182300174343,8.052685026443884,1.3322676295501878e-15,1
2.1922776516579257,0.27224182300174343,8.052685026443884,1.3322676295501878e-15,1
2.1922776516579257,0.27224182300174343,8.052685026443884,1.3322676295501878e-15,1
3.4603639446962147,0.2755686361415599,12.5571762924378,0.0,1
3.4603639446962147,0.2755686361415599,12.5571762924378,0.0,1
3.4603639446962147,0.2755686361415599,12.5571762924378,0.0,1
4.191396913460144,0.27206130371665516,15.406075234519115,0.0,1
4.191396913460144,0.27206130371665516,15.406075234519115,0.0,1
4.191396913460144,0.27206130371665516,15.406075234519115,0.0,1
5.17422707227912,0.2732467669011354,18.936096228912486,0.0,1
5.17422707227912,0.2732467669011354,18.936096228912486,0.0,1
5.17422707227912,0.2732467669011354,18.936096228912486,0.0,1
6.594831948401518,0.27622323692772455,23.875007844206444,0.0,1
6.594831948401518,0.27622323692772455,23.875007844206444,0.0,1
6.594831948401518,0.27622323692772455,23.875007844206444,0.0,1
7.94478892297394,0.2757899580681452,28.807390155267562,0.0,1
7.94478892297394,0.2757899580681452,28.807390155267562,0.0,1
7.94478892297394,0.2757899580681452,28.807390155267562,0.0,1
9.638420731741629,0.285443615710019,33.76646104964303,0.0,1
9.638420731741629,0.285443615710019,33.76646104964303,0.0,1
9.638420731741629,0.285443615710019,33.76646104964303,0.0,1
10.510595132851378,0.30007370086439883,35.026712112972014,0.0,1
10.510595132851378,0.30007370086439883,35.026712112972014,0.0,1
10.510595132851378,0.30007370086439883,35.026712112972014,0.0,1
11.883302183732814,0.2944750191431018,40.35419445191735,0.0,1
11.883302183732814,0.2944750191431018,40.35419445191735,0.0,1
11.883302183732814,0.2944750191431018,40.35419445191735,0.0,1
13.569743379567747,0.30342733335762817,44.72155896243552,0.0,1
13.569743379567747,0.30342733335762817,44.72155896243552,0.0,1
13.569743379567747,0.30342733335762817,44.72155896243552,0.0,1
15.504134619380192,0.28682049800267895,54.05518338942212,0.0,1
15.504134619380192,0.28682049800267895,54.05518338942212,0.0,1
15.504134619380192,0.28682049800267895,54.05518338942212,0.0,1
16.120827845443426,0.3034763005416326,53.12054950146553,0.0,1
16.120827845443426,0.3034763005416326,53.12054950146553,0.0,1
16.120827845443426,0.3034763005416326,53.12054950146553,0.0,1
18.531242705353236,0.31747006891794566,58.37162151542192,0.0,1
18.531242705353236,0.31747006891794566,58.37162151542192,0.0,1
18.531242705353236,0.31747006891794566,58.37162151542192,0.0,1
19.63072929503531,0.34699144693255274,56.574101375043625,0.0,1
19.63072929503531,0.34699144693255274,56.574101375043625,0.0,1
19.63072929503531,0.34699144693255274,56.574101375043625,0.0,1
21.310224262908594,0.3420924320745446,62.2937611734858,0.0,1
21.310224262908594,0.3420924320745446,62.2937611734858,0.0,1
21.310224262908594,0.3420924320745446,62.2937611734858,0.0,1
23.221420047923786,0.34281667077576367,67.73713774005148,0.0,1
23.221420047923786,0.34281667077576367,67.73713774005148,0.0,1
23.221420047923786,0.34281667077576367,67.73713774005148,0.0,1
25.27300043346297,0.35005251395024656,72.1977401283713,0.0,1
25.27300043346297,0.35005251395024656,72.1977401283713,0.0,1
25.27300043346297,0.35005251395024656,72.1977401283713,0.0,1
25.795820704520718,0.3480094796342809,74.12390240527138,0.0,1
25.795820704520718,0.3480094796342809,74.12390240527138,0.0,1
25.795820704520718,0.3480094796342809,74.12390240527138,0.0,1
28.983770825005127,0.37799957645324195,76.67672831001275,0.0,1
28.983770825005127,0.37799957645324195,76.67672831001275,0.0,1
28.983770825005127,0.37799957645324195,76.67672831001275,0.0,1
30.64026737620295,0.3780637102750221,81.04524857441015,0.0,1
30.64026737620295,0.3780637102750221,81.04524857441015,0.0,1
30.64026737620295,0.3780637102750221,81.04524857441015,0.0,1
32.337879373167716,0.3706467986191865,87.24715684484467,0.0,1
32.337879373167716,0.3706467986191865,87.24715684484467,0.0,1
32.337879373167716,0.3706467986191865,87.24715684484467,0.0,1
34.60931443355771,0.3784433163534187,91.45177874204266,0.0,1
34.60931443355771,0.3784433163534187,91.45177874204266,0.0,1
34.60931443355771,0.3784433163534187,91.45177874204266,0.0,1
36.76152783591257,0.4426990059234883,83.0395536109834,0.0,1
36.76152783591257,0.4426990059234883,83.0395536109834,0.0,1
36.76152783591257,0.4426990059234883,83.0395536109834,0.0,1
39.371256309969645,0.422205744561358,93.2513515439578,0.0,1
39.371256309969645,0.422205744561358,93.2513515439578,0.0,1
39.371256309969645,0.422205744561358,93.2513515439578,0.0,1
42.103842555495966,0.4726151884711669,89.08694342154985,0.0,1
42.103842555495966,0.4726151884711669,89.08694342154985,0.0,1
42.103842555495966,0.4726151884711669,89.08694342154985,0.0,1
44.17122573867036,0.5225570938801121,84.52899454620047,0.0,1
44.17122573867036,0.5225570938801121,84.52899454620047,0.0,1
44.17122573867036,0.5225570938801121,84.52899454620047,0.0,1
45.86564912406358,0.442585308907446,103.6312055573789,0.0,1
45.86564912406358,0.442585308907446,103.6312055573789,0.0,1
45.86564912406358,0.442585308907446,103.6312055573789,0.0,1
47.35251902714634,0.5102766565646866,92.79773710585873,0.0,1
47.35251902714634,0.5102766565646866,92.79773710585873,0.0,1
47.35251902714634,0.5102766565646866,92.79773710585873,0.0,1
50.66513656597925,0.47055909286862424,107.67008295836818,0.0,1
50.66513656597925,0.47055909286862424,107.67008295836818,0.0,1
50.66513656597925,0.47055909286862424,107.67008295836818,0.0,1
1.2451584495025463,0.2762619338800549,4.507166195553959,6.9939163915844205e-06,1
1.2451584495025463,0.2762619338800549,4.507166195553959,6.9939163915844205e-06,1
1.2451584495025463,0.2762619338800549,4.507166195553959,6.9939163915844205e-06,1
1.9945772126752643,0.2794502846689822,7.137502883698633,1.3737899706711687e-12,1
1.9945772126752643,0.2794502846689822,7.137502883698633,1.3737899706711687e-12,1
1.9945772126752643,0.2794502846689822,7.137502883698633,1.3737899706711687e-12,1
2.934761439229608,0.27237620990743855,10.774661414911847,0.0,1
2.934761439229608,0.27237620990743855,10.774661414911847,0.0,1
2.934761439229608,0.27237620990743855,10.774661414911847,0.0,1
4.119818158778854,0.30354289747805896,13.57244130239169,0.0,1
4.119818158778854,0.30354289747805896,13.57244130239169,0.0,1
4.119818158778854,0.30354289747805896,13.57244130239169,0.0,1
5.3366484565259995,0.27307578710469277,19.54273761547382,0.0,1
5.3366484565259995,0.27307578710469277,19.54273761547382,0.0,1
5.3366484565259995,0.27307578710469277,19.54273761547382,0.0,1
6.991625711944214,0.2750583946875565,25.418695982306303,0.0,1
6.991625711944214,0.2750583946875565,25.418695982306303,0.0,1
6.991625711944214,0.2750583946875565,25.418695982306303,0.0,1
8.402137471834951,0.2904711717647271,28.925891064468285,0.0,1
8.402137471834951,0.2904711717647271,28.925891064468285,0.0,1
8.402137471834951,0.2904711717647271,28.925891064468285,0.0,1
9.43230705211117,0.2844258010194161,33.16262806786393,0.0,1
9.43230705211117,0.2844258010194161,33.16262806786393,0.0,1
9.43230705211117,0.2844258010194161,33.16262806786393,0.0,1
10.521955217953835,0.2808564925730581,37.46381335733871,0.0,1
10.521955217953835,0.2808564925730581,37.46381335733871,0.0,1
10.521955217953835,0.2808564925730581,37.46381335733871,0.0,1
11.920132959103661,0.297766142028392,40.03186150683,0.0,1
11.920132959103661,0.297766142028392,40.03186150683,0.0,1
11.920132959103661,0.297766142028392,40.03186150683,0.0,1
12.950928247972076,0.3260991263178986,39.71469777979972,0.0,1
12.950928247972076,0.3260991263178986,39.71469777979972,0.0,1
12.950928247972076,0.3260991263178986,39.71469777979972,0.0,1
14.627702683798281,0.32505882255189095,45.00017125812107,0.0,1
14.627702683798281,0.32505882255189095,45.00017125812107,0.0,1
14.627702683798281,0.32505882255189095,45.00017125812107,0.0,1
16.331406754794568,0.35987459308194975,45.38082729023224,0.0,1
16.331406754794568,0.35987459308194975,45.38082729023224,0.0,1
16.331406754794568,0.35987459308194975,45.38082729023224,0.0,1
17.913526268908328,0.32173971831903886,55.67707450761543,0.0,1
17.913526268908328,0.32173971831903886,55.67707450761543,0.0,1
17.913526268908328,0.32173971831903886,55.67707450761543,0.0,1
19.56203809221587,0.326500053703684,59.914348773643546,0.0,1
19.56203809221587,0.326500053703684,59.914348773643546,0.0,1
19.56203809221587,0.326500053703684,59.914348773643546,0.0,1
21.30559889195352,0.3303189592762558,64.50007876821566,0.0,1
21.30559889195352,0.3303189592762558,64.50007876821566,0.0,1
21.30559889195352,0.3303189592762558,64.50007876821566,0.0,1
22.907817385502916,0.31433090640983247,72.87803050341837,0.0,1
22.907817385502916,0.31433090640983247,72.87803050341837,0.0,1
22.907817385502916,0.31433090640983247,72.87803050341837,0.0,1
25.007279569695612,0.34613815983487506,72.24652601615874,0.0,1
25.007279569695612,0.34613815983487506,72.24652601615874,0.0,1
25.007279569695612,0.34613815983487506,72.24652601615874,0.0,1
27.53081804499037,0.3661031795295039,75.1996147107258,0.0,1
27.53081804499037,0.3661031795295039,75.1996147107258,0.0,1
27.53081804499037,0.3661031795295039,75.1996147107258,0.0,1
29.431719283766387,0.3589083081101556,82.00344940115805,0.0,1
29.431719283766387,0.3589083081101556,82.00344940115805,0.0,1
29.431719283766387,0.3589083081101556,82.00344940115805,0.0,1
31.035216119320697,0.3982922582536764,77.92071142782306,0.0,1
31.035216119320697,0.3982922582536764,77.92071142782306,0.0,1
31.035216119320697,0.3982922582536764,77.92071142782306,0.0,1
33.06555157371213,0.3991748148215427,82.83476398302983,0.0,1
33.06555157371213,0.3991748148215427,82.83476398302983,0.0,1
33.06555157371213,0.3991748148215427,82.83476398302983,0.0,1
34.577357471332874,0.37143433786733643,93.09144025257761,0.0,1
34.577357471332874,0.37143433786733643,93.09144025257761,0.0,1
34.577357471332874,0.37143433786733643,93.09144025257761,0.0,1
37.37018948658319,0.38427320127166054,97.24901284532844,0.0,1
37.37018948658319,0.38427320127166054,97.24901284532844,0.0,1
37.37018948658319,0.38427320127166054,97.24901284532844,0.0,1
39.6107176051261,0.4217534848363578,93.91912344362781,0.0,1
39.6107176051261,0.4217534848363578,93.91912344362781,0.0,1
39.6107176051261,0.4217534848363578,93.91912344362781,0.0,1
41.98561937474633,0.44588964762793637,94.16145810539288,0.0,1
41.98561937474633,0.44588964762793637,94.16145810539288,0.0,1
41.98561937474633,0.44588964762793637,94.16145810539288,0.0,1
44.331277192509106,0.4247941490026463,104.35943455575453,0.0,1
44.331277192509106,0.4247941490026463,104.35943455575453,0.0,1
44.331277192509106,0.4247941490026463,104.35943455575453,0.0,1
45.327597581319765,0.47669805223141015,95.08660119155628,0.0,1
45.327597581319765,0.47669805223141015,95.08660119155628,0.0,1
45.327597581319765,0.47669805223141015,95.08660119155628,0.0,1
47.881968392493434,0.5225212325728077,91.6364071115935,0.0,1
47.881968392493434,0.5225212325728077,91.6364071115935,0.0,1
47.881968392493434,0.5225212325728077,91.6364071115935,0.0,1
49.399624764834755,0.5891491707119795,83.84909496713017,0.0,1
49.399624764834755,0.5891491707119795,83.84909496713017,0.0,1
49.399624764834755,0.5891491707119795,83.84909496713017,0.0,1
1.3069617735664611,0.2727499666024538,4.791794440332309,1.7888745196259492e-06,1
1.3069617735664611,0.2727499666024538,4.791794440332309,1.7888745196259492e-06,1
1.3069617735664611,0.2727499666024538,4.791794440332309,1.7888745196259492e-06,1
2.0895828663256095,0.2739128988749688,7.628639888475743,3.8191672047105385e-14,1
2.0895828663256095,0.2739128988749688,7.628639888475743,3.8191672047105385e-14,1
2.0895828663256095,0.2739128988749688,7.628639888475743,3.8191672047105385e-14,1
3.623065444090811,0.2851202989150184,12.707146625048555,0.0,1
3.623065444090811,0.2851202989150184,12.707146625048555,0.0,1
3.623065444090811,0.2851202989150184,12.707146625048555,0.0,1
4.2599478463954865,0.2739092070068662,15.552408379937008,0.0,1
4.2599478463954865,0.2739092070068662,15.552408379937008,0.0,1
4.2599478463954865,0.2739092070068662,15.552408379937008,0.0,1
5.023885028381541,0.27848036591379116,18.04035631702947,0.0,1
5.023885028381541,0.27848036591379116,18.04035631702947,0.0,1
5.023885028381541,0.27848036591379116,18.04035631702947,0.0,1
7.019989477508737,0.2849270042150026,24.63785241012654,0.0,1
7.019989477508737,0.2849270042150026,24.63785241012654,0.0,1
7.019989477508737,0.2849270042150026,24.63785241012654,0.0,1
7.20243801793566,0.2865351160528274,25.13631877709458,0.0,1
7.20243801793566,0.2865351160528274,25.13631877709458,0.0,1
7.20243801793566,0.2865351160528274,25.13631877709458,0.0,1
9.668751002741555,0.292132500291104,33.09714254013793,0.0,1
9.668751002741555,0.292132500291104,33.09714254013793,0.0,1
9.668751002741555,0.292132500291104,33.09714254013793,0.0,1
10.790760301131726,0.29289988931781835,36.841121129352636,0.0,1
10.790760301131726,0.29289988931781835,36.841121129352636,0.0,1
10.790760301131726,0.29289988931781835,36.841121129352636,0.0,1
12.009582536218645,0.3176976784051197,37.80192098509559,0.0,1
12.009582536218645,0.3176976784051197,37.80192098509559,0.0,1
12.009582536218645,0.3176976784051197,37.80192098509559,0.0,1
13.445183599887518,0.3044266942878521,44.16558682982762,0.0,1
13.445183599887518,0.3044266942878521,44.16558682982762,0.0,1
13.445183599887518,0.3044266942878521,44.16558682982762,0.0,1
15.169674081966471,0.2915524787471138,52.03068122471465,0.0,1
15.169674081966471,0.2915524787471138,52.03068122471465,0.0,1
15.169674081966471,0.2915524787471138,52.03068122471465,0.0,1
16.719829701008962,0.30559066370062166,54.713156149917246,0.0,1
16.719829701008962,0.30559066370062166,54.713156149917246,0.0,1
16.719829701008962,0.30559066370062166,54.713156149917246,0.0,1
17.686169391992685,0.2931408335515855,60.33335300890573,0.0,1
17.686169391992685,0.2931408335515855,60.33335300890573,0.0,1
17.686169391992685,0.2931408335515855,60.33335300890573,0.0,1
19.659137678628,0.3277662468885114,59.979140211209696,0.0,1
19.659137678628,0.3277662468885114,59.979140211209696,0.0,1
19.659137678628,0.3277662468885114,59.979140211209696,0.0,1
21.63729092457396,0.30202798227472183,71.64002077427675,0.0,1
21.63729092457396,0.30202798227472183,71.64002077427675,0.0,1
21.63729092457396,0.30202798227472183,71.64002077427675,0.0,1
23.830084886408862,0.3252485769395869,73.26729946257433,0.0,1
23.830084886408862,0.3252485769395869,73.26729946257433,0.0,1
23.830084886408862,0.3252485769395869,73.26729946257433,0.0,1
25.292930407807184,0.3068559200527551,82.42607932562875,0.0,1
25.292930407807184,0.3068559200527551,82.42607932562875,0.0,1
25.292930407807184,0.3068559200527551,82.42607932562875,0.0,1
27.292405543724314,0.32879647780228194,83.00698877965564,0.0,1
27.292405543724314,0.32879647780228194,83.00698877965564,0.0,1
27.292405543724314,0.32879647780228194,83.00698877965564,0.0,1
29.218352316939942,0.34882329155721675,83.76261856398233,0.0,1
29.218352316939942,0.34882329155721675,83.76261856398233,0.0,1
29.218352316939942,0.34882329155721675,83.76261856398233,0.0,1
30.96255113174769,0.3294936978350074,93.97008602954239,0.0,1
30.96255113174769,0.3294936978350074,93.97008602954239,0.0,1
30.96255113174769,0.3294936978350074,93.97008602954239,0.0,1
33.36934998254049,0.352772495382874,94.59169980449805,0.0,1
33.36934998254049,0.352772495382874,94.59169980449805,0.0,1
33.36934998254049,0.352772495382874,94.59169980449805,0.0,1
35.070088991617006,0.3495349298730387,100.3335746855271,0.0,1
35.070088991617006,0.3495349298730387,100.3335746855271,0.0,1
35.070088991617006,0.3495349298730387,100.3335746855271,0.0,1
37.910709476429886,0.399145758432979,94.97961252366788,0.0,1
37.910709476429886,0.399145758432979,94.97961252366788,0.0,1
37.910709476429886,0.399145758432979,94.97961252366788,0.0,1
40.102571951710985,0.3893407587755477,103.00121692327066,0.0,1
40.102571951710985,0.3893407587755477,103.00121692327066,0.0,1
40.102571951710985,0.3893407587755477,103.00121692327066,0.0,1
41.95521907227629,0.4302022157380143,97.5244141881089,0.0,1
41.95521907227629,0.4302022157380143,97.5244141881089,0.0,1
41.95521907227629,0.4302022157380143,97.5244141881089,0.0,1
44.02422339494988,0.481131406142196,91.50145434891593,0.0,1
44.02422339494988,0.481131406142196,91.50145434891593,0.0,1
44.02422339494988,0.481131406142196,91.50145434891593,0.0,1
46.064039357359704,0.47777394578237287,96.4138789149084,0.0,1
46.064039357359704,0.47777394578237287,96.4138789149084,0.0,1
46.064039357359704,0.47777394578237287,96.4138789149084,0.0,1
47.47715896017519,0.570026955429968,83.28932256258557,0.0,1
47.47715896017519,0.570026955429968,83.28932256258557,0.0,1
47.47715896017519,0.570026955429968,83.28932256258557,0.0,1
48.96477802846249,0.6214204128574009,78.79493015576007,0.0,1
48.96477802846249,0.6214204128574009,78.79493015576007,0.0,1
48.96477802846249,0.6214204128574009,78.79493015576007,0.0,1
0.20682740040417286,0.27324257541419206,0.756936945461942,0.44918692513958813,0
0.20682740040417286,0.27324257541419206,0.756936945461942,0.44918692513958813,0
0.20682740040417286,0.27324257541419206,0.756936945461942,0.44918692513958813,0
1.5565063398559034,0.2757111468312699,5.645424052472047,1.9113921112534626e-08,1
1.5565063398559034,0.2757111468312699,5.645424052472047,1.9113921112534626e-08,1
1.5565063398559034,0.2757111468312699,5.645424052472047,1.9113921112534626e-08,1
3.2875185507083375,0.2805544377578891,11.71793459045327,0.0,1
3.2875185507083375,0.2805544377578891,11.71793459045327,0.0,1
3.2875185507083375,0.2805544377578891,11.71793459045327,0.0,1
4.3515723801698565,0.2730611562705027,15.936255597845108,0.0,1
4.3515723801698565,0.2730611562705027,15.936255597845108,0.0,1
4.3515723801698565,0.2730611562705027,15.936255597845108,0.0,1
5.627210664195717,0.27709613473257866,20.307791985718076,0.0,1
5.627210664195717,0.27709613473257866,20.307791985718076,0.0,1
5.627210664195717,0.27709613473257866,20.307791985718076,0.0,1
7.255688166986236,0.288409750677763,25.15756887530802,0.0,1
7.255688166986236,0.288409750677763,25.15756887530802,0.0,1
7.255688166986236,0.288409750677763,25.15756887530802,0.0,1
8.194515388429856,0.28610630122888564,28.641506157790726,0.0,1
8.194515388429856,0.28610630122888564,28.641506157790726,0.0,1
8.194515388429856,0.28610630122888564,28.641506157790726,0.0,1
9.108161960864008,0.28287096096833764,32.198999606338184,0.0,1
9.108161960864008,0.28287096096833764,32.198999606338184,0.0,1
9.108161960864008,0.28287096096833764,32.198999606338184,0.0,1
10.611772369344108,0.27796809122774213,38.176224912987486,0.0,1
10.611772369344108,0.27796809122774213,38.176224912987486,0.0,1
10.611772369344108,0.27796809122774213,38.176224912987486,0.0,1
11.568227382460739,0.31885918269108576,36.280050914099476,0.0,1
11.568227382460739,0.31885918269108576,36.280050914099476,0.0,1
11.568227382460739,0.31885918269108576,36.280050914099476,0.0,1
13.479039434319898,0.3021523157262765,44.61008151441979,0.0,1
13.479039434319898,0.3021523157262765,44.61008151441979,0.0,1
13.479039434319898,0.3021523157262765,44.61008151441979,0.0,1
15.390752058469683,0.32639963019953777,47.15309281772427,0.0,1
15.390752058469683,0.32639963019953777,47.15309281772427,0.0,1
15.390752058469683,0.32639963019953777,47.15309281772427,0.0,1
16.537186171270363,0.3274896857795181,50.49681528719655,0.0,1
16.537186171270363,0.3274896857795181,50.49681528719655,0.0,1
16.537186171270363,0.3274896857795181,50.49681528719655,0.0,1
17.544712177250418,0.2915230850027062,60.182925743556645,0.0,1
17.544712177250418,0.2915230850027062,60.182925743556645,0.0,1
17.544712177250418,0.2915230850027062,60.182925743556645,0.0,1
19.020441601786644,0.336208597358477,56.573334980801825,0.0,1
19.020441601786644,0.336208597358477,56.573334980801825,0.0,1
19.020441601786644,0.336208597358477,56.573334980801825,0.0,1
21.82622372490148,0.3053521316710143,71.47886476331203,0.0,1
21.82622372490148,0.3053521316710143,71.47886476331203,0.0,1
21.82622372490148,0.3053521316710143,71.47886476331203,0.0,1
23.056372693632436,0.29467981831739354,78.242116563269,0.0,1
23.056372693632436,0.29467981831739354,78.242116563269,0.0,1
23.056372693632436,0.29467981831739354,78.242116563269,0.0,1
24.61191798700387,0.3152732645282822,78.06535078015158,0.0,1
24.61191798700387,0.3152732645282822,78.06535078015158,0.0,1
24.61191798700387,0.3152732645282822,78.06535078015158,0.0,1
26.98620416806935,0.3360440026019973,80.30556700644702,0.0,1
26.98620416806935,0.3360440026019973,80.30556700644702,0.0,1
26.98620416806935,0.3360440026019973,80.30556700644702,0.0,1
29.256630325030837,0.35704822876782977,81.94027576049098,0.0,1
29.256630325030837,0.35704822876782977,81.94027576049098,0.0,1
29.256630325030837,0.35704822876782977,81.94027576049098,0.0,1
30.822585577210727,0.3763529896221746,81.89807554911123,0.0,1
30.822585577210727,0.3763529896221746,81.89807554911123,0.0,1
30.822585577210727,0.3763529896221746,81.89807554911123,0.0,1
32.55667981920876,0.3519190822113328,92.51183429620897,0.0,1
32.55667981920876,0.3519190822113328,92.51183429620897,0.0,1
32.55667981920876,0.3519190822113328,92.51183429620897,0.0,1
35.5274350544007,0.3530256852674995,100.63696931139829,0.0,1
35.5274350544007,0.3530256852674995,100.63696931139829,0.0,1
35.5274350544007,0.3530256852674995,100.63696931139829,0.0,1
37.4428888668308,0.38528897575591653,97.18131382651123,0.0,1
37.4428888668308,0.38528897575591653,97.18131382651123,0.0,1
37.4428888668308,0.38528897575591653,97.18131382651123,0.0,1
39.39658086714436,0.3797305428732427,103.74878083034599,0.0,1
39.39658086714436,0.3797305428732427,103.74878083034599,0.0,1
39.39658086714436,0.3797305428732427,103.74878083034599,0.0,1
41.78291869726608,0.3687396980119318,113.31277571289343,0.0,1
41.78291869726608,0.3687396980119318,113.31277571289343,0.0,1
41.78291869726608,0.3687396980119318,113.31277571289343,0.0,1
44.264919877727074,0.4731911563593956,93.54553499750367,0.0,1
44.264919877727074,0.4731911563593956,93.54553499750367,0.0,1
44.264919877727074,0.4731911563593956,93.54553499750367,0.0,1
45.79666628117717,0.46163587485270036,99.20517181596871,0.0,1
45.79666628117717,0.46163587485270036,99.20517181596871,0.0,1
45.79666628117717,0.46163587485270036,99.20517181596871,0.0,1
47.48753669377247,0.5476992537873137,86.70367243591892,0.0,1
47.48753669377247,0.5476992537873137,86.70367243591892,0.0,1
47.48753669377247,0.5476992537873137,86.70367243591892,0.0,1
49.96600284420596,0.5751321872275937,86.87742392764605,0.0,1
49.96600284420596,0.5751321872275937,86.87742392764605,0.0,1
49.96600284420596,0.5751321872275937,86.87742392764605,0.0,1
0.9012037936709323,0.27599518825245994,3.265288063089628,0.0011141071110349898,1
0.9012037936709323,0.27599518825245994,3.265288063089628,0.0011141071110349898,1
0.9012037936709323,0.27599518825245994,3.265288063089628,0.0011141071110349898,1
2.3940026907419583,0.27762136460219217,8.62326533900718,0.0,1
2.3940026907419583,0.27762136460219217,8.62326533900718,0.0,1
2.3940026907419583,0.27762136460219217,8.62326533900718,0.0,1
2.986038479500161,0.28706105812648613,10.402102253049033,0.0,1
2.986038479500161,0.28706105812648613,10.402102253049033,0.0,1
2.986038479500161,0.28706105812648613,10.402102253049033,0.0,1
4.179115315598108,0.27408400848654896,15.247570767351805,0.0,1
4.179115315598108,0.27408400848654896,15.247570767351805,0.0,1
4.179115315598108,0.27408400848654896,15.247570767351805,0.0,1
5.382557856789003,0.27368577692945895,19.666925761276694,0.0,1
5.382557856789003,0.27368577692945895,19.666925761276694,0.0,1
5.382557856789003,0.27368577692945895,19.666925761276694,0.0,1
6.846693607651366,0.2805920817968716,24.400879610736403,0.0,1
6.846693607651366,0.2805920817968716,24.400879610736403,0.0,1
6.846693607651366,0.2805920817968716,24.400879610736403,0.0,1
8.288673552157654,0.2786562884576644,29.74515162760066,0.0,1
8.288673552157654,0.2786562884576644,29.74515162760066,0.0,1
8.288673552157654,0.2786562884576644,29.74515162760066,0.0,1
9.324110152331873,0.30308017538983073,30.764500318567272,0.0,1
9.324110152331873,0.30308017538983073,30.764500318567272,0.0,1
9.324110152331873,0.30308017538983073,30.764500318567272,0.0,1
10.296332434627267,0.2822575104979044,36.478506511534306,0.0,1
10.296332434627267,0.2822575104979044,36.478506511534306,0.0,1
10.296332434627267,0.2822575104979044,36.478506511534306,0.0,1
11.984193443381361,0.28160055192104794,42.55742171535714,0.0,1
11.984193443381361,0.28160055192104794,42.55742171535714,0.0,1
11.984193443381361,0.28160055192104794,42.55742171535714,0.0,1
13.505649558876003,0.27872791627434124,48.45459952272204,0.0,1
13.505649558876003,0.27872791627434124,48.45459952272204,0.0,1
13.505649558876003,0.27872791627434124,48.45459952272204,0.0,1
15.105549444756068,0.31128991123564803,48.525663375325685,0.0,1
15.105549444756068,0.31128991123564803,48.525663375325685,0.0,1
15.105549444756068,0.31128991123564803,48.525663375325685,0.0,1
16.10780765025809,0.2897940999414174,55.583628698839355,0.0,1
16.10780765025809,0.2897940999414174,55.583628698839355,0.0,1
16.10780765025809,0.2897940999414174,55.583628698839355,0.0,1
18.203475244371,0.31523919536836925,57.744961641269036,0.0,1
18.203475244371,0.31523919536836925,57.744961641269036,0.0,1
18.203475244371,0.31523919536836925,57.744961641269036,0.0,1
19.52696493841314,0.3331952378735972,58.60517414063702,0.0,1
19.52696493841314,0.3331952378735972,58.60517414063702,0.0,1
19.52696493841314,0.3331952378735972,58.60517414063702,0.0,1
20.944193167113145,0.3018310411660344,69.39045462720298,0.0,1
20.944193167113145,0.3018310411660344,69.39045462720298,0.0,1
20.944193167113145,0.3018310411660344,69.39045462720298,0.0,1
23.291191535506453,0.3033350713657353,76.7837079657167,0.0,1
23.291191535506453,0.3033350713657353,76.7837079657167,0.0,1
23.291191535506453,0.3033350713657353,76.7837079657167,0.0,1
25.33094779798397,0.3069396109074387,82.52746435396642,0.0,1
25.33094779798397,0.3069396109074387,82.52746435396642,0.0,1
25.33094779798397,0.3069396109074387,82.52746435396642,0.0,1
27.171814944776646,0.331078088140927,82.07071358105303,0.0,1
27.171814944776646,0.331078088140927,82.07071358105303,0.0,1
27.171814944776646,0.331078088140927,82.07071358105303,0.0,1
29.212582122355165,0.327761001357693,89.12769365893783,0.0,1
29.212582122355165,0.327761001357693,89.12769365893783,0.0,1
29.212582122355165,0.327761001357693,89.12769365893783,0.0,1
31.11613276524196,0.36827786095940473,84.49091314960117,0.0,1
31.11613276524196,0.36827786095940473,84.49091314960117,0.0,1
31.11613276524196,0.36827786095940473,84.49091314960117,0.0,1
32.605194727613124,0.4098208569780524,79.55962751148917,0.0,1
32.605194727613124,0.4098208569780524,79.55962751148917,0.0,1
32.605194727613124,0.4098208569780524,79.55962751148917,0.0,1
35.54140460487159,0.37642040348622124,94.41944239925499,0.0,1
35.54140460487159,0.37642040348622124,94.41944239925499,0.0,1
35.54140460487159,0.37642040348622124,94.41944239925499,0.0,1
37.7927680801822,0.38063688882242347,99.28824344141132,0.0,1
37.7927680801822,0.38063688882242347,99.28824344141132,0.0,1
37.7927680801822,0.38063688882242347,99.28824344141132,0.0,1
40.45940140062564,0.41153573709037133,98.31321499969987,0.0,1
40.45940140062564,0.41153573709037133,98.31321499969987,0.0,1
40.45940140062564,0.41153573709037133,98.31321499969987,0.0,1
41.764350498798485,0.415275651969358,100.57018826107377,0.0,1
41.764350498798485,0.415275651969358,100.57018826107377,0.0,1
41.764350498798485,0.415275651969358,100.57018826107377,0.0,1
44.32962193325936,0.4345837494380982,102.00478501687198,0.0,1
44.32962193325936,0.4345837494380982,102.00478501687198,0.0,1
44.32962193325936,0.4345837494380982,102.00478501687198,0.0,1
45.900215336945394,0.446948571089598,102.69686112889252,0.0,1
45.900215336945394,0.446948571089598,102.69686112889252,0.0,1
45.900215336945394,0.446948571089598,102.69686112889252,0.0,1
48.14400700782801,0.49459453371590195,97.34035401912107,0.0,1
48.14400700782801,0.49459453371590195,97.34035401912107,0.0,1
48.14400700782801,0.49459453371590195,97.34035401912107,0.0,1
50.52521981161931,0.5457750229036299,92.57517785041766,0.0,1
50.52521981161931,0.5457750229036299,92.57517785041766,0.0,1
50.52521981161931,0.5457750229036299,92.57517785041766,0.0,1
1.031784281700888,0.27435161726127305,3.7608099124791736,0.00017479010594145805,1
1.031784281700888,0.27435161726127305,3.7608099124791736,0.00017479010594145805,1
1.031784281700888,0.27435161726127305,3.7608099124791736,0.00017479010594145805,1
2.5415294188212485,0.27296299811711444,9.310893550966965,0.0,1
2.5415294188212485,0.27296299811711444,9.310893550966965,0.0,1
2.5415294188212485,0.27296299811711444,9.310893550966965,0.0,1
3.8080850928852215,0.27336521939307973,13.930393564111263,0.0,1
3.8080850928852215,0.27336521939307973,13.930393564111263,0.0,1
3.8080850928852215,0.27336521939307973,13.930393564111263,0.0,1
4.160069097544683,0.27898537023152686,14.911423828755922,0.0,1
4.160069097544683,0.27898537023152686,14.911423828755922,0.0,1
4.160069097544683,0.27898537023152686,14.911423828755922,0.0,1
5.642449654172445,0.28349231245138545,19.903360360574286,0.0,1
5.642449654172445,0.28349231245138545,19.903360360574286,0.0,1
5.642449654172445,0.28349231245138545,19.903360360574286,0.0,1
6.571413536015851,0.2785345709702317,23.592811165685312,0.0,1
6.571413536015851,0.2785345709702317,23.592811165685312,0.0,1
6.571413536015851,0.2785345709702317,23.592811165685312,0.0,1
7.757678435279215,0.27721938935441215,27.98389554693587,0.0,1
7.757678435279215,0.27721938935441215,27.98389554693587,0.0,1
7.757678435279215,0.27721938935441215,27.98389554693587,0.0,1
10.110874631763238,0.3158744097591571,32.00916034784969,0.0,1
10.110874631763238,0.3158744097591571,32.00916034784969,0.0,1
10.110874631763238,0.3158744097591571,32.00916034784969,0.0,1
10.19183574289973,0.30043686049698903,33.923386518019726,0.0,1
10.19183574289973,0.30043686049698903,33.923386518019726,0.0,1
10.19183574289973,0.30043686049698903,33.923386518019726,0.0,1
11.991317589063906,0.2829263289886889,42.38318021488663,0.0,1
11.991317589063906,0.2829263289886889,42.38318021488663,0.0,1
11.991317589063906,0.2829263289886889,42.38318021488663,0.0,1
13.20702392669091,0.2916041866683503,45.29092698422616,0.0,1
13.20702392669091,0.2916041866683503,45.29092698422616,0.0,1
13.20702392669091,0.2916041866683503,45.29092698422616,0.0,1
14.933009793667495,0.30800412093638946,48.48314934315938,0.0,1
14.933009793667495,0.30800412093638946,48.48314934315938,0.0,1
14.933009793667495,0.30800412093638946,48.48314934315938,0.0,1
16.19965730117838,0.2992288356988579,54.138022037025934,0.0,1
16.19965730117838,0.2992288356988579,54.138022037025934,0.0,1
16.19965730117838,0.2992288356988579,54.138022037025934,0.0,1
17.961060446144906,0.2884173227493456,62.274555061154544,0.0,1
17.961060446144906,0.2884173227493456,62.274555061154544,0.0,1
17.961060446144906,0.2884173227493456,62.274555061154544,0.0,1
19.391211815673657,0.28804734120573516,67.31953065251057,0.0,1
19.391211815673657,0.28804734120573516,67.31953065251057,0.0,1
19.391211815673657,0.28804734120573516,67.31953065251057,0.0,1
21.5010793318037,0.31871625104796053,67.46150929269123,0.0,1
21.5010793318037,0.31871625104796053,67.46150929269123,0.0,1
21.5010793318037,0.31871625104796053,67.46150929269123,0.0,1
23.435775495880797,0.3061647392192402,76.54629189385122,0.0,1
23.435775495880797,0.3061647392192402,76.54629189385122,0.0,1
23.435775495880797,0.3061647392192402,76.54629189385122,0.0,1
25.23665287244595,0.32499266556490936,77.65299204084822,0.0,1
25.23665287244595,0.32499266556490936,77.65299204084822,0.0,1
25.23665287244595,0.32499266556490936,77.65299204084822,0.0,1
27.196290464285006,0.3494852392435337,77.81813767915293,0.0,1
27.196290464285006,0.3494852392435337,77.81813767915293,0.0,1
27.196290464285006,0.3494852392435337,77.81813767915293,0.0,1
28.914188413391066,0.33270099736401765,86.9074293208542,0.0,1
28.914188413391066,0.33270099736401765,86.9074293208542,0.0,1
28.914188413391066,0.33270099736401765,86.9074293208542,0.0,1
30.359730604485723,0.344247694608949,88.19152918067645,0.0,1
30.359730604485723,0.344247694608949,88.19152918067645,0.0,1
30.359730604485723,0.344247694608949,88.19152918067645,0.0,1
32.009315187227905,0.39366570763402403,81.31090558943413,0.0,1
32.009315187227905,0.39366570763402403,81.31090558943413,0.0,1
32.009315187227905,0.39366570763402403,81.31090558943413,0.0,1
34.79333494030179,0.4148517484299025,83.8693221662553,0.0,1
34.79333494030179,0.4148517484299025,83.8693221662553,0.0,1
34.79333494030179,0.4148517484299025,83.8693221662553,0.0,1
36.804791857949624,0.3739247145929921,98.42834779725844,0.0,1
36.804791857949624,0.3739247145929921,98.42834779725844,0.0,1
36.804791857949624,0.3739247145929921,98.42834779725844,0.0,1
40.081323813205266,0.41832937522141256,95.81283597880523,0.0,1
40.081323813205266,0.41832937522141256,95.81283597880523,0.0,1
40.081323813205266,0.41832937522141256,95.81283597880523,0.0,1
41.679904214831566,0.3842445976052033,108.4723232925088,0.0,1
41.679904214831566,0.3842445976052033,108.4723232925088,0.0,1
41.679904214831566,0.3842445976052033,108.4723232925088,0.0,1
43.45480551207812,0.45074836549696645,96.40590812607299,0.0,1
43.45480551207812,0.45074836549696645,96.40590812607299,0.0,1
43.45480551207812,0.45074836549696645,96.40590812607299,0.0,1
46.671763433081765,0.46839686858290935,99.64149327958317,0.0,1
46.671763433081765,0.46839686858290935,99.64149327958317,0.0,1
46.671763433081765,0.46839686858290935,99.64149327958317,0.0,1
48.48889466306281,0.4999518435153115,96.98713044465009,0.0,1
48.48889466306281,0.4999518435153115,96.98713044465009,0.0,1
48.48889466306281,0.4999518435153115,96.98713044465009,0.0,1
51.38778455587139,0.48084267977010126,106.8702648867208,0.0,1
51.38778455587139,0.48084267977010126,106.8702648867208,0.0,1
51.38778455587139,0.48084267977010126,106.8702648867208,0.0,1
1.1459681077376869,0.2748488986258362,4.16944769823416,3.19878647294658e-05,1
1.1459681077376869,0.2748488986258362,4.16944769823416,3.19878647294658e-05,1
1.1459681077376869,0.2748488986258362,4.16944769823416,3.19878647294658e-05,1
2.1099867476210714,0.27531450420559267,7.663914234047861,2.930988785010413e-14,1
2.1099867476210714,0.27531450420559267,7.663914234047861,2.930988785010413e-14,1
2.1099867476210714,0.27531450420559267,7.663914234047861,2.930988785010413e-14,1
2.860184865012362,0.27429675765593053,10.427337491900252,0.0,1
2.860184865012362,0.27429675765593053,10.427337491900252,0.0,1
2.860184865012362,0.27429675765593053,10.427337491900252,0.0,1
4.087247994257374,0.2740249724278412,14.915604070843091,0.0,1
4.087247994257374,0.2740249724278412,14.915604070843091,0.0,1
4.087247994257374,0.2740249724278412,14.915604070843091,0.0,1
5.7979623477645745,0.27465562397438215,21.109934920922523,0.0,1
5.7979623477645745,0.27465562397438215,21.109934920922523,0.0,1
5.7979623477645745,0.27465562397438215,21.109934920922523,0.0,1
6.47473586059523,0.27657842338570765,23.410126434793376,0.0,1
6.47473586059523,0.27657842338570765,23.410126434793376,0.0,1
6.47473586059523,0.27657842338570765,23.410126434793376,0.0,1
7.745488007575605,0.2789893624453737,27.762664281123538,0.0,1
7.745488007575605,0.2789893624453737,27.762664281123538,0.0,1
7.745488007575605,0.2789893624453737,27.762664281123538,0.0,1
9.282816871030027,0.2801958680741296,33.12974218654121,0.0,1
9.282816871030027,0.2801958680741296,33.12974218654121,0.0,1
9.282816871030027,0.2801958680741296,33.12974218654121,0.0,1
10.784087842869951,0.30241929457505085,35.65939090633545,0.0,1
10.784087842869951,0.30241929457505085,35.65939090633545,0.0,1
10.784087842869951,0.30241929457505085,35.65939090633545,0.0,1
11.417423276124659,0.3156164510670088,36.17499416625978,0.0,1
11.417423276124659,0.3156164510670088,36.17499416625978,0.0,1
11.417423276124659,0.3156164510670088,36.17499416625978,0.0,1
12.635428105601747,0.3076401387248884,41.07210508346949,0.0,1
12.635428105601747,0.3076401387248884,41.07210508346949,0.0,1
12.635428105601747,0.3076401387248884,41.07210508346949,0.0,1
14.971757031208575,0.28904573425558205,51.797190744804915,0.0,1
14.971757031208575,0.28904573425558205,51.797190744804915,0.0,1
14.971757031208575,0.28904573425558205,51.797190744804915,0.0,1
16.626665207418075,0.2887801309411483,57.57551654690015,0.0,1
16.626665207418075,0.2887801309411483,57.57551654690015,0.0,1
16.626665207418075,0.2887801309411483,57.57551654690015,0.0,1
18.064985783953006,0.3447473659850096,52.4006491894082,0.0,1
18.064985783953006,0.3447473659850096,52.4006491894082,0.0,1
18.064985783953006,0.3447473659850096,52.4006491894082,0.0,1
19.45288623959505,0.3117091789341094,62.40716524971854,0.0,1
19.45288623959505,0.3117091789341094,62.40716524971854,0.0,1
19.45288623959505,0.3117091789341094,62.40716524971854,0.0,1
21.52925724585197,0.3066021906608797,70.2188630793725,0.0,1
21.52925724585197,0.3066021906608797,70.2188630793725,0.0,1
21.52925724585197,0.3066021906608797,70.2188630793725,0.0,1
22.98236265684105,0.37512179109933347,61.26640254486108,0.0,1
22.98236265684105,0.37512179109933347,61.26640254486108,0.0,1
22.98236265684105,0.37512179109933347,61.26640254486108,0.0,1
24.9613019354437,0.3478800792547455,71.75260506125458,0.0,1
24.9613019354437,0.3478800792547455,71.75260506125458,0.0,1
24.9613019354437,0.3478800792547455,71.75260506125458,0.0,1
27.298830640598474,0.3800665728196163,71.82644460962578,0.0,1
27.298830640598474,0.3800665728196163,71.82644460962578,0.0,1
27.298830640598474,0.3800665728196163,71.82644460962578,0.0,1
28.413806940297672,0.3386298602445564,83.90815541127235,0.0,1
28.413806940297672,0.3386298602445564,83.90815541127235,0.0,1
28.413806940297672,0.3386298602445564,83.90815541127235,0.0,1
30.754279590335816,0.3780765357637384,81.34405783265612,0.0,1
30.754279590335816,0.3780765357637384,81.34405783265612,0.0,1
30.754279590335816,0.3780765357637384,81.34405783265612,0.0,1
32.09202179284406,0.39775492392314826,80.68290261830845,0.0,1
32.09202179284406,0.39775492392314826,80.68290261830845,0.0,1
32.09202179284406,0.39775492392314826,80.68290261830845,0.0,1
33.618351015384135,0.46667794283781877,72.03758294414887,0.0,1
33.618351015384135,0.46667794283781877,72.03758294414887,0.0,1
33.618351015384135,0.46667794283781877,72.03758294414887,0.0,1
36.367963507840706,0.4359814437387542,83.41631055663201,0.0,1
36.367963507840706,0.4359814437387542,83.41631055663201,0.0,1
36.367963507840706,0.4359814437387542,83.41631055663201,0.0,1
39.69287764950232,0.3644060883373268,108.92484763525425,0.0,1
39.69287764950232,0.3644060883373268,108.92484763525425,0.0,1
39.69287764950232,0.3644060883373268,108.92484763525425,0.0,1
41.98057498811773,0.36226181372769095,115.88462652504181,0.0,1
41.98057498811773,0.36226181372769095,115.88462652504181,0.0,1
41.98057498811773,0.36226181372769095,115.88462652504181,0.0,1
43.72601003502754,0.4125771176173003,105.98263492544699,0.0,1
43.72601003502754,0.4125771176173003,105.98263492544699,0.0,1
43.72601003502754,0.4125771176173003,105.98263492544699,0.0,1
46.76908644655681,0.5157922589889973,90.67426978882689,0.0,1
46.76908644655681,0.5157922589889973,90.67426978882689,0.0,1
46.76908644655681,0.5157922589889973,90.67426978882689,0.0,1
48.23957991683497,0.4506489202935392,107.0447031924833,0.0,1
48.23957991683497,0.4506489202935392,107.0447031924833,0.0,1
48.23957991683497,0.4506489202935392,107.0447031924833,0.0,1
51.66460276068145,0.47949977902335245,107.74687501610985,0.0,1
51.66460276068145,0.47949977902335245,107.74687501610985,0.0,1
51.66460276068145,0.47949977902335245,107.74687501610985,0.0,1
0.548751864901233,0.27790891660175326,1.974574517476173,0.04846942284479816,1
0.548751864901233,0.27790891660175326,1.974574517476173,0.04846942284479816,1
0.548751864901233,0.27790891660175326,1.974574517476173,0.04846942284479816,1
2.283460587491006,0.27422007714936236,8.327109419662403,2.220446049250313e-16,1
2.283460587491006,0.27422007714936236,8.327109419662403,2.220446049250313e-16,1
2.283460587491006,0.27422007714936236,8.327109419662403,2.220446049250313e-16,1
2.8221495693611,0.2748077048456277,10.269543100861865,0.0,1
2.8221495693611,0.2748077048456277,10.269543100861865,0.0,1
2.8221495693611,0.2748077048456277,10.269543100861865,0.0,1
4.3085309176199065,0.2818648307878835,15.28580527615479,0.0,1
4.3085309176199065,0.2818648307878835,15.28580527615479,0.0,1
4.3085309176199065,0.2818648307878835,15.28580527615479,0.0,1
5.543345746921828,0.28254017778932344,19.61967246674288,0.0,1
5.543345746921828,0.28254017778932344,19.61967246674288,0.0,1
5.543345746921828,0.28254017778932344,19.61967246674288,0.0,1
7.054793827703749,0.2776277172252731,25.410985251084778,0.0,1
7.054793827703749,0.2776277172252731,25.410985251084778,0.0,1
7.054793827703749,0.2776277172252731,25.410985251084778,0.0,1
8.146001493951266,0.29318155276318814,27.78483645091765,0.0,1
8.146001493951266,0.29318155276318814,27.78483645091765,0.0,1
8.146001493951266,0.29318155276318814,27.78483645091765,0.0,1
8.783501397771397,0.28707111744514074,30.59695268525202,0.0,1
8.783501397771397,0.28707111744514074,30.59695268525202,0.0,1
8.783501397771397,0.28707111744514074,30.59695268525202,0.0,1
10.44234377538304,0.29435231964917286,35.4756632726009,0.0,1
10.44234377538304,0.29435231964917286,35.4756632726009,0.0,1
10.44234377538304,0.29435231964917286,35.4756632726009,0.0,1
11.454383736493735,0.3027954096709993,37.82878924399624,0.0,1
11.454383736493735,0.3027954096709993,37.82878924399624,0.0,1
11.454383736493735,0.3027954096709993,37.82878924399624,0.0,1
13.761093420359327,0.29671548255502567,46.37807674160496,0.0,1
13.761093420359327,0.29671548255502567,46.37807674160496,0.0,1
13.761093420359327,0.29671548255502567,46.37807674160496,0.0,1
14.847833780462956,0.29400784757655984,50.50148798016886,0.0,1
14.847833780462956,0.29400784757655984,50.50148798016886,0.0,1
14.847833780462956,0.29400784757655984,50.50148798016886,0.0,1
16.460087969702407,0.31224310025729646,52.71561791481978,0.0,1
16.460087969702407,0.31224310025729646,52.71561791481978,0.0,1
16.460087969702407,0.31224310025729646,52.71561791481978,0.0,1
18.188383827011048,0.3078195523082612,59.08781196847616,0.0,1
18.188383827011048,0.3078195523082612,59.08781196847616,0.0,1
18.188383827011048,0.3078195523082612,59.08781196847616,0.0,1
18.902144713918815,0.32883135465858054,57.482793067420715,0.0,1
18.902144713918815,0.32883135465858054,57.482793067420715,0.0,1
18.902144713918815,0.32883135465858054,57.482793067420715,0.0,1
21.09505776360239,0.31802220488752203,66.3320278880001,0.0,1
21.09505776360239,0.31802220488752203,66.3320278880001,0.0,1
21.09505776360239,0.31802220488752203,66.3320278880001,0.0,1
22.870116181857544,0.3810205218886966,60.02331860890774,0.0,1
22.870116181857544,0.3810205218886966,60.02331860890774,0.0,1
22.870116181857544,0.3810205218886966,60.02331860890774,0.0,1
25.219755506449776,0.38134377789308765,66.13391110191473,0.0,1
25.219755506449776,0.38134377789308765,66.13391110191473,0.0,1
25.219755506449776,0.38134377789308765,66.13391110191473,0.0,1
26.850591711034724,0.3462682027226246,77.54275876304813,0.0,1
26.850591711034724,0.3462682027226246,77.54275876304813,0.0,1
26.850591711034724,0.3462682027226246,77.54275876304813,0.0,1
28.27374942374731,0.3943403137378735,71.69885613709148,0.0,1
28.27374942374731,0.3943403137378735,71.69885613709148,0.0,1
28.27374942374731,0.3943403137378735,71.69885613709148,0.0,1
30.12958547130758,0.38480888338571917,78.2975309878871,0.0,1
30.12958547130758,0.38480888338571917,78.2975309878871,0.0,1
30.12958547130758,0.38480888338571917,78.2975309878871,0.0,1
31.772149146469175,0.4141966223301859,76.70789048864168,0.0,1
31.772149146469175,0.4141966223301859,76.70789048864168,0.0,1
31.772149146469175,0.4141966223301859,76.70789048864168,0.0,1
34.57072574388421,0.46873508716389717,73.75322797586148,0.0,1
34.57072574388421,0.46873508716389717,73.75322797586148,0.0,1
34.57072574388421,0.46873508716389717,73.75322797586148,0.0,1
36.782018504669466,0.38492360879920756,95.55667063242286,0.0,1
36.782018504669466,0.38492360879920756,95.55667063242286,0.0,1
36.782018504669466,0.38492360879920756,95.55667063242286,0.0,1
40.079579927048144,0.4441139885648033,90.24615517419105,0.0,1
40.079579927048144,0.4441139885648033,90.24615517419105,0.0,1
40.079579927048144,0.4441139885648033,90.24615517419105,0.0,1
42.01919628770911,0.4029493412395166,104.27910406418194,0.0,1
42.01919628770911,0.4029493412395166,104.27910406418194,0.0,1
42.01919628770911,0.4029493412395166,104.27910406418194,0.0,1
44.59058386472353,0.4345926522200357,102.60317020304147,0.0,1
44.59058386472353,0.4345926522200357,102.60317020304147,0.0,1
44.59058386472353,0.4345926522200357,102.60317020304147,0.0,1
46.34352849937068,0.4001528160065987,115.8145754461127,0.0,1
46.34352849937068,0.4001528160065987,115.8145754461127,0.0,1
46.34352849937068,0.4001528160065987,115.8145754461127,0.0,1
48.80275620723582,0.4944654453483968,98.69801149168218,0.0,1
48.80275620723582,0.4944654453483968,98.69801149168218,0.0,1
48.80275620723582,0.4944654453483968,98.69801149168218,0.0,1
51.82084973580046,0.4645729197339345,111.5451364782062,0.0,1
51.82084973580046,0.4645729197339345,111.5451364782062,0.0,1
51.82084973580046,0.4645729197339345,111.5451364782062,0.0,1
0.948898300781398,0.2762303967044947,3.435169742729324,0.0006056531747484772,1
0.948898300781398,0.2762303967044947,3.435169742729324,0.0006056531747484772,1
0.948898300781398,0.2762303967044947,3.435169742729324,0.0006056531747484772,1
2.2417299346380766,0.2723998264867739,8.229557131332907,2.220446049250313e-16,1
2.2417299346380766,0.2723998264867739,8.229557131332907,2.220446049250313e-16,1
2.2417299346380766,0.2723998264867739,8.229557131332907,2.220446049250313e-16,1
2.7267808207572695,0.2722817460883328,10.014556098346217,0.0,1
2.7267808207572695,0.2722817460883328,10.014556098346217,0.0,1
2.7267808207572695,0.2722817460883328,10.014556098346217,0.0,1
4.316967456113641,0.27391613116763336,15.760179722572488,0.0,1
4.316967456113641,0.27391613116763336,15.760179722572488,0.0,1
4.316967456113641,0.27391613116763336,15.760179722572488,0.0,1
5.568539851471896,0.2728062366928525,20.412069456247117,0.0,1
5.568539851471896,0.2728062366928525,20.412069456247117,0.0,1
5.568539851471896,0.2728062366928525,20.412069456247117,0.0,1
6.521395200869932,0.28140757910446884,23.17419886707796,0.0,1
6.521395200869932,0.28140757910446884,23.17419886707796,0.0,1
6.521395200869932,0.28140757910446884,23.17419886707796,0.0,1
7.905415614918708,0.27498471386207074,28.74856388884211,0.0,1
7.905415614918708,0.27498471386207074,28.74856388884211,0.0,1
7.905415614918708,0.27498471386207074,28.74856388884211,0.0,1
9.337233864624634,0.2992983243073098,31.197080325239195,0.0,1
9.337233864624634,0.2992983243073098,31.197080325239195,0.0,1
9.337233864624634,0.2992983243073098,31.197080325239195,0.0,1
9.838023742103154,0.3029500991948437,32.4740733482176,0.0,1
9.838023742103154,0.3029500991948437,32.4740733482176,0.0,1
9.838023742103154,0.3029500991948437,32.4740733482176,0.0,1
12.202759230063712,0.30972641850649957,39.398509461690104,0.0,1
12.202759230063712,0.30972641850649957,39.398509461690104,0.0,1
12.202759230063712,0.30972641850649957,39.398509461690104,0.0,1
12.913230025094368,0.30230683760966237,42.71563993457498,0.0,1
12.913230025094368,0.30230683760966237,42.71563993457498,0.0,1
12.913230025094368,0.30230683760966237,42.71563993457498,0.0,1
14.58865132935182,0.30386154606530275,48.01085072547014,0.0,1
14.58865132935182,0.30386154606530275,48.01085072547014,0.0,1
14.58865132935182,0.30386154606530275,48.01085072547014,0.0,1
15.916814356590582,0.3174414693098338,50.140942174934374,0.0,1
15.916814356590582,0.3174414693098338,50.140942174934374,0.0,1
15.916814356590582,0.3174414693098338,50.140942174934374,0.0,1
17.629016081379923,0.2872491096989639,61.371873701732525,0.0,1
17.629016081379923,0.2872491096989639,61.371873701732525,0.0,1
17.629016081379923,0.2872491096989639,61.371873701732525,0.0,1
19.51569695527334,0.34312654617755234,56.87609184622765,0.0,1
19.51569695527334,0.34312654617755234,56.87609184622765,0.0,1
19.51569695527334,0.34312654617755234,56.87609184622765,0.0,1
21.33168836447791,0.35657759578722775,59.823411836582885,0.0,1
21.33168836447791,0.35657759578722775,59.823411836582885,0.0,1
21.33168836447791,0.35657759578722775,59.823411836582885,0.0,1
23.043097445028685,0.3015368891783219,76.41883388735742,0.0,1
23.043097445028685,0.3015368891783219,76.41883388735742,0.0,1
23.043097445028685,0.3015368891783219,76.41883388735742,0.0,1
25.1544371955523,0.3654659295170545,68.82840550634275,0.0,1
25.1544371955523,0.3654659295170545,68.82840550634275,0.0,1
25.1544371955523,0.3654659295170545,68.82840550634275,0.0,1
27.107562605914794,0.36211698519173513,74.85857806852604,0.0,1
27.107562605914794,0.36211698519173513,74.85857806852604,0.0,1
27.107562605914794,0.36211698519173513,74.85857806852604,0.0,1
28.567752941824416,0.34204443055058,83.52059086546052,0.0,1
28.567752941824416,0.34204443055058,83.52059086546052,0.0,1
28.567752941824416,0.34204443055058,83.52059086546052,0.0,1
30.48320377060253,0.37081244264077046,82.20652886810905,0.0,1
30.48320377060253,0.37081244264077046,82.20652886810905,0.0,1
30.48320377060253,0.37081244264077046,82.20652886810905,0.0,1
32.33360402042798,0.39011416355092815,82.88241505029829,0.0,1
32.33360402042798,0.39011416355092815,82.88241505029829,0.0,1
32.33360402042798,0.39011416355092815,82.88241505029829,0.0,1
34.7923736429192,0.42467912533389063,81.9262628356522,0.0,1
34.7923736429192,0.42467912533389063,81.9262628356522,0.0,1
34.7923736429192,0.42467912533389063,81.9262628356522,0.0,1
37.122077228395696,0.42892074359913973,86.54763795497195,0.0,1
37.122077228395696,0.42892074359913973,86.54763795497195,0.0,1
37.122077228395696,0.42892074359913973,86.54763795497195,0.0,1
39.845133063200066,0.450716668624719,88.40394828258812,0.0,1
39.845133063200066,0.450716668624719,88.40394828258812,0.0,1
39.845133063200066,0.450716668624719,88.40394828258812,0.0,1
41.81023839077201,0.42333710981581424,98.76346160383348,0.0,1
41.81023839077201,0.42333710981581424,98.76346160383348,0.0,1
41.81023839077201,0.42333710981581424,98.76346160383348,0.0,1
44.71912833525402,0.43041934621963457,103.89665038995417,0.0,1
44.71912833525402,0.43041934621963457,103.89665038995417,0.0,1
44.71912833525402,0.43041934621963457,103.89665038995417,0.0,1
46.831252821647496,0.4137593853530657,113.18475055662083,0.0,1
46.831252821647496,0.4137593853530657,113.18475055662083,0.0,1
46.831252821647496,0.4137593853530657,113.18475055662083,0.0,1
49.32540058547882,0.417964977307759,118.01323858089474,0.0,1
49.32540058547882,0.417964977307759,118.01323858089474,0.0,1
49.32540058547882,0.417964977307759,118.01323858089474,0.0,1
52.20841710676425,0.4792165521097372,108.94535440589058,0.0,1
52.20841710676425,0.4792165521097372,108.94535440589058,0.0,1
52.20841710676425,0.4792165521097372,108.94535440589058,0.0,1
0.8884894373067398,0.27547848346356596,3.2252589245295775,0.0012812114637457128,1
0.8884894373067398,0.27547848346356596,3.2252589245295775,0.0012812114637457128,1
0.8884894373067398,0.27547848346356596,3.2252589245295775,0.0012812114637457128,1
2.3626882311513855,0.2817494236239632,8.385778401111288,2.220446049250313e-16,1
2.3626882311513855,0.2817494236239632,8.385778401111288,2.220446049250313e-16,1
2.3626882311513855,0.2817494236239632,8.385778401111288,2.220446049250313e-16,1
2.946905412398693,0.2756146516581931,10.692121752849824,0.0,1
2.946905412398693,0.2756146516581931,10.692121752849824,0.0,1
2.946905412398693,0.2756146516581931,10.692121752849824,0.0,1
4.017999871931488,0.2739364676449958,14.66763409221791,0.0,1
4.017999871931488,0.2739364676449958,14.66763409221791,0.0,1
4.017999871931488,0.2739364676449958,14.66763409221791,0.0,1
5.0154798204691975,0.2824811636875849,17.755094729134424,0.0,1
5.0154798204691975,0.2824811636875849,17.755094729134424,0.0,1
5.0154798204691975,0.2824811636875849,17.755094729134424,0.0,1
5.97810095362762,0.2724944518865181,21.938431818484272,0.0,1
5.97810095362762,0.2724944518865181,21.938431818484272,0.0,1
5.97810095362762,0.2724944518865181,21.938431818484272,0.0,1
7.748333626345506,0.27750337510350437,27.92158338058231,0.0,1
7.748333626345506,0.27750337510350437,27.92158338058231,0.0,1
7.748333626345506,0.27750337510350437,27.92158338058231,0.0,1
9.429629352000674,0.28055088998126154,33.61111901170762,0.0,1
9.429629352000674,0.28055088998126154,33.61111901170762,0.0,1
9.429629352000674,0.28055088998126154,33.61111901170762,0.0,1
10.533880266034078,0.30546787629130473,34.48441254748701,0.0,1
10.533880266034078,0.30546787629130473,34.48441254748701,0.0,1
10.533880266034078,0.30546787629130473,34.48441254748701,0.0,1
11.780910260720342,0.2773625642191547,42.47476689540481,0.0,1
11.780910260720342,0.2773625642191547,42.47476689540481,0.0,1
11.780910260720342,0.2773625642191547,42.47476689540481,0.0,1
13.405370393645374,0.2920303541352338,45.90403087837094,0.0,1
13.405370393645374,0.2920303541352338,45.90403087837094,0.0,1
13.405370393645374,0.2920303541352338,45.90403087837094,0.0,1
14.245932196885452,0.310153168772003,45.931925355751545,0.0,1
14.245932196885452,0.310153168772003,45.931925355751545,0.0,1
14.245932196885452,0.310153168772003,45.931925355751545,0.0,1
16.029573909896015,0.29609713598322074,54.13620046228472,0.0,1
16.029573909896015,0.29609713598322074,54.13620046228472,0.0,1
16.029573909896015,0.29609713598322074,54.13620046228472,0.0,1
17.64890001125844,0.3120923662111059,56.55024576705073,0.0,1
17.64890001125844,0.3120923662111059,56.55024576705073,0.0,1
17.64890001125844,0.3120923662111059,56.55024576705073,0.0,1
19.56748100821866,0.3228384061914384,60.6107595408442,0.0,1
19.56748100821866,0.3228384061914384,60.6107595408442,0.0,1
19.56748100821866,0.3228384061914384,60.6107595408442,0.0,1
21.592836655569933,0.314803307687936,68.59151771357776,0.0,1
21.592836655569933,0.314803307687936,68.59151771357776,0.0,1
21.592836655569933,0.314803307687936,68.59151771357776,0.0,1
22.894083172055947,0.32658763945335767,70.10088688713405,0.0,1
22.894083172055947,0.32658763945335767,70.10088688713405,0.0,1
22.894083172055947,0.32658763945335767,70.10088688713405,0.0,1
24.83930255815545,0.33013424411266246,75.24000615240243,0.0,1
24.83930255815545,0.33013424411266246,75.24000615240243,0.0,1
24.83930255815545,0.33013424411266246,75.24000615240243,0.0,1
26.154524515357306,0.345951555999132,75.60169642775917,0.0,1
26.154524515357306,0.345951555999132,75.60169642775917,0.0,1
26.154524515357306,0.345951555999132,75.60169642775917,0.0,1
28.983657606129483,0.35495781666199283,81.65380855305705,0.0,1
28.983657606129483,0.35495781666199283,81.65380855305705,0.0,1
28.983657606129483,0.35495781666199283,81.65380855305705,0.0,1
30.82421664241997,0.3686118977085133,83.62241380172375,0.0,1
30.82421664241997,0.3686118977085133,83.62241380172375,0.0,1
30.82421664241997,0.3686118977085133,83.62241380172375,0.0,1
32.15941294446644,0.4311328401335505,74.5928167627048,0.0,1
32.15941294446644,0.4311328401335505,74.5928167627048,0.0,1
32.15941294446644,0.4311328401335505,74.5928167627048,0.0,1
34.57599255682612,0.37543450583185267,92.09593689374894,0.0,1
34.57599255682612,0.37543450583185267,92.09593689374894,0.0,1
34.57599255682612,0.37543450583185267,92.09593689374894,0.0,1
37.23586909410115,0.4381868323908944,84.9771520767289,0.0,1
37.23586909410115,0.4381868323908944,84.9771520767289,0.0,1
37.23586909410115,0.4381868323908944,84.9771520767289,0.0,1
39.23359281924185,0.42030814895861884,93.34483025477711,0.0,1
39.23359281924185,0.42030814895861884,93.34483025477711,0.0,1
39.23359281924185,0.42030814895861884,93.34483025477711,0.0,1
41.3401540744003,0.3688052666889335,112.09209251685768,0.0,1
41.3401540744003,0.3688052666889335,112.09209251685768,0.0,1
41.3401540744003,0.3688052666889335,112.09209251685768,0.0,1
44.36867834417036,0.4157655689932541,106.71561488750949,0.0,1
44.36867834417036,0.4157655689932541,106.71561488750949,0.0,1
44.36867834417036,0.4157655689932541,106.71561488750949,0.0,1
46.58361166690476,0.40002009700090546,116.45317826818915,0.0,1
46.58361166690476,0.40002009700090546,116.45317826818915,0.0,1
46.58361166690476,0.40002009700090546,116.45317826818915,0.0,1
49.43615423460822,0.44415483442035775,111.30387514328116,0.0,1
49.43615423460822,0.44415483442035775,111.30387514328116,0.0,1
49.43615423460822,0.44415483442035775,111.30387514328116,0.0,1
52.27802595174073,0.46679637889111525,111.99321227797074,0.0,1
52.27802595174073,0.46679637889111525,111.99321227797074,0.0,1
52.27802595174073,0.46679637889111525,111.99321227797074,0.0,1
0.8634331588524494,0.27157658568349424,3.179335790968105,0.0015012891261956263,1
0.8634331588524494,0.27157658568349424,3.179335790968105,0.0015012891261956263,1
0.8634331588524494,0.27157658568349424,3.179335790968105,0.0015012891261956263,1
1.897477863045576,0.2718214199060569,6.980604632634748,4.120703778198731e-12,1
1.897477863045576,0.2718214199060569,6.980604632634748,4.120703778198731e-12,1
1.897477863045576,0.2718214199060569,6.980604632634748,4.120703778198731e-12,1
3.725037366673365,0.2755971835334865,13.516238877748739,0.0,1
3.725037366673365,0.2755971835334865,13.516238877748739,0.0,1
3.725037366673365,0.2755971835334865,13.516238877748739,0.0,1
4.229008309826712,0.2780308065533951,15.210574548380277,0.0,1
4.229008309826712,0.2780308065533951,15.210574548380277,0.0,1
4.229008309826712,0.2780308065533951,15.210574548380277,0.0,1
5.455453242232389,0.27298339238999864,19.984560945152435,0.0,1
5.455453242232389,0.27298339238999864,19.984560945152435,0.0,1
5.455453242232389,0.27298339238999864,19.984560945152435,0.0,1
6.945359990221277,0.28293229695404215,24.547780741162402,0.0,1
6.945359990221277,0.28293229695404215,24.547780741162402,0.0,1
6.945359990221277,0.28293229695404215,24.547780741162402,0.0,1
8.355789186574391,0.28274866952406386,29.552001785328493,0.0,1
8.355789186574391,0.28274866952406386,29.552001785328493,0.0,1
8.355789186574391,0.28274866952406386,29.552001785328493,0.0,1
9.291055598802041,0.2843281469488866,32.67722769801009,0.0,1
9.291055598802041,0.2843281469488866,32.67722769801009,0.0,1
9.291055598802041,0.2843281469488866,32.67722769801009,0.0,1
10.194992224967322,0.27585029697831664,36.95842395909657,0.0,1
10.194992224967322,0.27585029697831664,36.95842395909657,0.0,1
10.194992224967322,0.27585029697831664,36.95842395909657,0.0,1
11.6168813454265,0.28800049437021213,40.33632432065725,0.0,1
11.6168813454265,0.28800049437021213,40.33632432065725,0.0,1
11.6168813454265,0.28800049437021213,40.33632432065725,0.0,1
12.92586694644788,0.29875025992493215,43.266462595533135,0.0,1
12.92586694644788,0.29875025992493215,43.266462595533135,0.0,1
12.92586694644788,0.29875025992493215,43.266462595533135,0.0,1
14.147185797450765,0.3037798036899602,46.57052781523778,0.0,1
14.147185797450765,0.3037798036899602,46.57052781523778,0.0,1
14.147185797450765,0.3037798036899602,46.57052781523778,0.0,1
15.963626202248463,0.29642559500760507,53.85373756891304,0.0,1
15.963626202248463,0.29642559500760507,53.85373756891304,0.0,1
15.963626202248463,0.29642559500760507,53.85373756891304,0.0,1
18.061886220372667,0.3273136262210989,55.182200719538464,0.0,1
18.061886220372667,0.3273136262210989,55.182200719538464,0.0,1
18.061886220372667,0.3273136262210989,55.182200719538464,0.0,1
19.833755205049528,0.30279580407722106,65.50208073554212,0.0,1
19.833755205049528,0.30279580407722106,65.50208073554212,0.0,1
19.833755205049528,0.30279580407722106,65.50208073554212,0.0,1
21.328300972344437,0.3438935441085609,62.020067947572414,0.0,1
21.328300972344437,0.3438935441085609,62.020067947572414,0.0,1
21.328300972344437,0.3438935441085609,62.020067947572414,0.0,1
23.21340669908358,0.3386387424246058,68.54917583522445,0.0,1
23.21340669908358,0.3386387424246058,68.54917583522445,0.0,1
23.21340669908358,0.3386387424246058,68.54917583522445,0.0,1
24.99657593119312,0.33460906178965205,74.70382241741832,0.0,1
24.99657593119312,0.33460906178965205,74.70382241741832,0.0,1
24.99657593119312,0.33460906178965205,74.70382241741832,0.0,1
27.234059391165186,0.3384639585239643,80.46369105275629,0.0,1
27.234059391165186,0.3384639585239643,80.46369105275629,0.0,1
27.234059391165186,0.3384639585239643,80.46369105275629,0.0,1
28.971240607215275,0.3477964152099348,83.2994227089081,0.0,1
28.971240607215275,0.3477964152099348,83.2994227089081,0.0,1
28.971240607215275,0.3477964152099348,83.2994227089081,0.0,1
30.04356444464493,0.42376870991942034,70.89613683454287,0.0,1
30.04356444464493,0.42376870991942034,70.89613683454287,0.0,1
30.04356444464493,0.42376870991942034,70.89613683454287,0.0,1
33.04237749067076,0.3701368112142597,89.2707142050339,0.0,1
33.04237749067076,0.3701368112142597,89.2707142050339,0.0,1
33.04237749067076,0.3701368112142597,89.2707142050339,0.0,1
35.011791603268506,0.38070263890610734,91.96624353293086,0.0,1
35.011791603268506,0.38070263890610734,91.96624353293086,0.0,1
35.011791603268506,0.38070263890610734,91.96624353293086,0.0,1
36.75769838531878,0.41950266324423885,87.62208587914986,0.0,1
36.75769838531878,0.41950266324423885,87.62208587914986,0.0,1
36.75769838531878,0.41950266324423885,87.62208587914986,0.0,1
38.909211019966534,0.39333657216306905,98.92090838640755,0.0,1
38.909211019966534,0.39333657216306905,98.92090838640755,0.0,1
38.909211019966534,0.39333657216306905,98.92090838640755,0.0,1
40.76393388574964,0.439642909438919,92.72055345501506,0.0,1
40.76393388574964,0.439642909438919,92.72055345501506,0.0,1
40.76393388574964,0.439642909438919,92.72055345501506,0.0,1
43.33758994508749,0.46403593939348375,93.39274453985547,0.0,1
43.33758994508749,0.46403593939348375,93.39274453985547,0.0,1
43.33758994508749,0.46403593939348375,93.39274453985547,0.0,1
46.67150274747179,0.4255190215855799,109.68135472196575,0.0,1
46.67150274747179,0.4255190215855799,109.68135472196575,0.0,1
46.67150274747179,0.4255190215855799,109.68135472196575,0.0,1
49.50326523848446,0.46410742469594474,106.6633770638684,0.0,1
49.50326523848446,0.46410742469594474,106.6633770638684,0.0,1
49.50326523848446,0.46410742469594474,106.6633770638684,0.0,1
52.310280714054386,0.46799632198474445,111.77498253022505,0.0,1
52.310280714054386,0.46799632198474445,111.77498253022505,0.0,1
52.310280714054386,0.46799632198474445,111.77498253022505,0.0,1
1.0443658434592897,0.2738002273155771,3.814335195038289,0.00014116700888355815,1
1.0443658434592897,0.2738002273155771,3.814335195038289,0.00014116700888355815,1
1.0443658434592897,0.2738002273155771,3.814335195038289,0.00014116700888355815,1
2.266751391309656,0.274702394087013,8.25166230838037,2.220446049250313e-16,1
2.266751391309656,0.274702394087013,8.25166230838037,2.220446049250313e-16,1
2.266751391309656,0.274702394087013,8.25166230838037,2.220446049250313e-16,1
3.458431972215508,0.2751981839247213,12.567059574642906,0.0,1
3.458431972215508,0.2751981839247213,12.567059574642906,0.0,1
3.458431972215508,0.2751981839247213,12.567059574642906,0.0,1
4.192915382286829,0.2759092242955436,15.196720562685993,0.0,1
4.192915382286829,0.2759092242955436,15.196720562685993,0.0,1
4.192915382286829,0.2759092242955436,15.196720562685993,0.0,1
5.857677786123813,0.27263194406519875,21.48566194694696,0.0,1
5.857677786123813,0.27263194406519875,21.48566194694696,0.0,1
5.857677786123813,0.27263194406519875,21.48566194694696,0.0,1
6.608844003310677,0.2752374056518839,24.011431104932885,0.0,1
6.608844003310677,0.2752374056518839,24.011431104932885,0.0,1
6.608844003310677,0.2752374056518839,24.011431104932885,0.0,1
8.39402853564751,0.30385294474882374,27.62529927951276,0.0,1
8.39402853564751,0.30385294474882374,27.62529927951276,0.0,1
8.39402853564751,0.30385294474882374,27.62529927951276,0.0,1
9.114357896246545,0.31235945502795526,29.179068376306514,0.0,1
9.114357896246545,0.31235945502795526,29.179068376306514,0.0,1
9.114357896246545,0.31235945502795526,29.179068376306514,0.0,1
10.304801770492809,0.28138678386727767,36.62148459450497,0.0,1
10.304801770492809,0.28138678386727767,36.62148459450497,0.0,1
10.304801770492809,0.28138678386727767,36.62148459450497,0.0,1
11.660567042153152,0.29113886077376033,40.05156512312661,0.0,1
11.660567042153152,0.29113886077376033,40.05156512312661,0.0,1
11.660567042153152,0.29113886077376033,40.05156512312661,0.0,1
13.496195140983549,0.30000485492192,44.98658911535316,0.0,1
13.496195140983549,0.30000485492192,44.98658911535316,0.0,1
13.496195140983549,0.30000485492192,44.98658911535316,0.0,1
14.137350626902577,0.3383588257367474,41.782124630914254,0.0,1
14.137350626902577,0.3383588257367474,41.782124630914254,0.0,1
14.137350626902577,0.3383588257367474,41.782124630914254,0.0,1
16.733629081386155,0.2853392276592772,58.64468484987888,0.0,1
16.733629081386155,0.2853392276592772,58.64468484987888,0.0,1
16.733629081386155,0.2853392276592772,58.64468484987888,0.0,1
18.106222187130257,0.32043552065859093,56.50504085788164,0.0,1
18.106222187130257,0.32043552065859093,56.50504085788164,0.0,1
18.106222187130257,0.32043552065859093,56.50504085788164,0.0,1
19.463215752861675,0.28920789985453144,67.29835444554409,0.0,1
19.463215752861675,0.28920789985453144,67.29835444554409,0.0,1
19.463215752861675,0.28920789985453144,67.29835444554409,0.0,1
21.413576754486947,0.30604283071154137,69.96921543530674,0.0,1
21.413576754486947,0.30604283071154137,69.96921543530674,0.0,1
21.413576754486947,0.30604283071154137,69.96921543530674,0.0,1
23.067345642950016,0.3237940290150816,71.2407999403707,0.0,1
23.067345642950016,0.3237940290150816,71.2407999403707,0.0,1
23.067345642950016,0.3237940290150816,71.2407999403707,0.0,1
25.027552343201037,0.34410310384122855,72.73271314271236,0.0,1
25.027552343201037,0.34410310384122855,72.73271314271236,0.0,1
25.027552343201037,0.34410310384122855,72.73271314271236,0.0,1
27.09422393715464,0.37486849832474545,72.27660915290657,0.0,1
27.09422393715464,0.37486849832474545,72.27660915290657,0.0,1
27.09422393715464,0.37486849832474545,72.27660915290657,0.0,1
28.692206165790516,0.3599168708716258,79.71898093108388,0.0,1
28.692206165790516,0.3599168708716258,79.71898093108388,0.0,1
28.692206165790516,0.3599168708716258,79.71898093108388,0.0,1
30.8142768869876,0.4014779781513676,76.75209740986047,0.0,1
30.8142768869876,0.4014779781513676,76.75209740986047,0.0,1
30.8142768869876,0.4014779781513676,76.75209740986047,0.0,1
32.30941084138756,0.39536411195623494,81.72064652384046,0.0,1
32.30941084138756,0.39536411195623494,81.72064652384046,0.0,1
32.30941084138756,0.39536411195623494,81.72064652384046,0.0,1
34.49741634679986,0.40196679867555374,85.82155655757117,0.0,1
34.49741634679986,0.40196679867555374,85.82155655757117,0.0,1
34.49741634679986,0.40196679867555374,85.82155655757117,0.0,1
35.94474625484271,0.47945752015678383,74.96961616764023,0.0,1
35.94474625484271,0.47945752015678383,74.96961616764023,0.0,1
35.94474625484271,0.47945752015678383,74.96961616764023,0.0,1
37.73813542697541,0.4461142984767695,84.59297439205605,0.0,1
37.73813542697541,0.4461142984767695,84.59297439205605,0.0,1
37.73813542697541,0.4461142984767695,84.59297439205605,0.0,1
40.61285756574133,0.4489364792127248,90.46459676647767,0.0,1
40.61285756574133,0.4489364792127248,90.46459676647767,0.0,1
40.61285756574133,0.4489364792127248,90.46459676647767,0.0,1
43.296063667822885,0.43527991807569444,99.46717473029338,0.0,1
43.296063667822885,0.43527991807569444,99.46717473029338,0.0,1
43.296063667822885,0.43527991807569444,99.46717473029338,0.0,1
46.26290459819721,0.4001746826587482,115.60677524831881,0.0,1
46.26290459819721,0.4001746826587482,115.60677524831881,0.0,1
46.26290459819721,0.4001746826587482,115.60677524831881,0.0,1
49.037358164710106,0.4549439909423666,107.78768187076084,0.0,1
49.037358164710106,0.4549439909423666,107.78768187076084,0.0,1
49.037358164710106,0.4549439909423666,107.78768187076084,0.0,1
51.408647076681376,0.45139826801356686,113.88755943373775,0.0,1
51.408647076681376,0.45139826801356686,113.88755943373775,0.0,1
51.408647076681376,0.45139826801356686,113.88755943373775,0.0,1
1.0257024247020587,0.2762474903251658,3.7129836853711264,0.00021108039285633318,1
1.0257024247020587,0.2762474903251658,3.7129836853711264,0.00021108039285633318,1
1.0257024247020587,0.2762474903251658,3.7129836853711264,0.00021108039285633318,1
1.5173171850553209,0.2847011480765089,5.329508487431761,1.1090902796162538e-07,1
1.5173171850553209,0.2847011480765089,5.329508487431761,1.1090902796162538e-07,1
1.5173171850553209,0.2847011480765089,5.329508487431761,1.1090902796162538e-07,1
2.7047535723411107,0.2813206168468279,9.61448756460598,0.0,1
2.7047535723411107,0.2813206168468279,9.61448756460598,0.0,1
2.7047535723411107,0.2813206168468279,9.61448756460598,0.0,1
4.754268884174676,0.2743298365511985,17.33048414982517,0.0,1
4.754268884174676,0.2743298365511985,17.33048414982517,0.0,1
4.754268884174676,0.2743298365511985,17.33048414982517,0.0,1
5.203812286351364,0.27833454180331785,18.696250392193804,0.0,1
5.203812286351364,0.27833454180331785,18.696250392193804,0.0,1
5.203812286351364,0.27833454180331785,18.696250392193804,0.0,1
6.969031722050587,0.2827498105311464,24.64734356128918,0.0,1
6.969031722050587,0.2827498105311464,24.64734356128918,0.0,1
6.969031722050587,0.2827498105311464,24.64734356128918,0.0,1
7.835331879409164,0.2775179415215762,28.233604776864453,0.0,1
7.835331879409164,0.2775179415215762,28.233604776864453,0.0,1
7.835331879409164,0.2775179415215762,28.233604776864453,0.0,1
8.744729830720507,0.28372530264104956,30.821113765041108,0.0,1
8.744729830720507,0.28372530264104956,30.821113765041108,0.0,1
8.744729830720507,0.28372530264104956,30.821113765041108,0.0,1
10.366086761503617,0.2771977865743953,37.395993992619886,0.0,1
10.366086761503617,0.2771977865743953,37.395993992619886,0.0,1
10.366086761503617,0.2771977865743953,37.395993992619886,0.0,1
12.021932109444972,0.31621828244827305,38.01782748412568,0.0,1
12.021932109444972,0.31621828244827305,38.01782748412568,0.0,1
12.021932109444972,0.31621828244827305,38.01782748412568,0.0,1
12.991504412417061,0.295991907648099,43.89141755815329,0.0,1
12.991504412417061,0.295991907648099,43.89141755815329,0.0,1
12.991504412417061,0.295991907648099,43.89141755815329,0.0,1
15.013321638796604,0.2949173012158665,50.906886699765074,0.0,1
15.013321638796604,0.2949173012158665,50.906886699765074,0.0,1
15.013321638796604,0.2949173012158665,50.906886699765074,0.0,1
16.650726428527474,0.2864498522673462,58.12789323063502,0.0,1
16.650726428527474,0.2864498522673462,58.12789323063502,0.0,1
16.650726428527474,0.2864498522673462,58.12789323063502,0.0,1
18.311791238248638,0.28827851337304145,63.52117965362408,0.0,1
18.311791238248638,0.28827851337304145,63.52117965362408,0.0,1
18.311791238248638,0.28827851337304145,63.52117965362408,0.0,1
19.910324921960118,0.3270829926409095,60.87239437673489,0.0,1
19.910324921960118,0.3270829926409095,60.87239437673489,0.0,1
19.910324921960118,0.3270829926409095,60.87239437673489,0.0,1
21.77713017608705,0.31268324117041124,69.64597812972839,0.0,1
21.77713017608705,0.31268324117041124,69.64597812972839,0.0,1
21.77713017608705,0.31268324117041124,69.64597812972839,0.0,1
22.932477999271946,0.328108856226829,69.89289549507987,0.0,1
22.932477999271946,0.328108856226829,69.89289549507987,0.0,1
22.932477999271946,0.328108856226829,69.89289549507987,0.0,1
24.91301041179875,0.3255472226888047,76.52656412189226,0.0,1
24.91301041179875,0.3255472226888047,76.52656412189226,0.0,1
24.91301041179875,0.3255472226888047,76.52656412189226,0.0,1
26.43828067584672,0.3534703915619861,74.79630913077591,0.0,1
26.43828067584672,0.3534703915619861,74.79630913077591,0.0,1
26.43828067584672,0.3534703915619861,74.79630913077591,0.0,1
28.71025558877779,0.3478782090712464,82.52961766541075,0.0,1
28.71025558877779,0.3478782090712464,82.52961766541075,0.0,1
28.71025558877779,0.3478782090712464,82.52961766541075,0.0,1
30.8920324957697,0.366926884419328,84.19124846808977,0.0,1
30.8920324957697,0.366926884419328,84.19124846808977,0.0,1
30.8920324957697,0.366926884419328,84.19124846808977,0.0,1
31.86448158968825,0.39525769412483475,80.6169799179784,0.0,1
31.86448158968825,0.39525769412483475,80.6169799179784,0.0,1
31.86448158968825,0.39525769412483475,80.6169799179784,0.0,1
34.042668425077686,0.4208521762038297,80.88984767085992,0.0,1
34.042668425077686,0.4208521762038297,80.88984767085992,0.0,1
34.042668425077686,0.4208521762038297,80.88984767085992,0.0,1
35.441815113810605,0.4462078985663671,79.4289281469076,0.0,1
35.441815113810605,0.4462078985663671,79.4289281469076,0.0,1
35.441815113810605,0.4462078985663671,79.4289281469076,0.0,1
38.860701058430365,0.4485815529852141,86.63018084408671,0.0,1
38.860701058430365,0.4485815529852141,86.63018084408671,0.0,1
38.860701058430365,0.4485815529852141,86.63018084408671,0.0,1
41.18847735515685,0.4948557206884612,83.23330545285795,0.0,1
41.18847735515685,0.4948557206884612,83.23330545285795,0.0,1
41.18847735515685,0.4948557206884612,83.23330545285795,0.0,1
43.50891974893537,0.4904797724149084,88.70685845965967,0.0,1
43.50891974893537,0.4904797724149084,88.70685845965967,0.0,1
43.50891974893537,0.4904797724149084,88.70685845965967,0.0,1
45.86475511992967,0.42534911666166164,107.82849504872061,0.0,1
45.86475511992967,0.42534911666166164,107.82849504872061,0.0,1
45.86475511992967,0.42534911666166164,107.82849504872061,0.0,1
48.91596516112814,0.44226750837546797,110.60266520777371,0.0,1
48.91596516112814,0.44226750837546797,110.60266520777371,0.0,1
48.91596516112814,0.44226750837546797,110.60266520777371,0.0,1
51.67241296981548,0.4858709031699661,106.35008730238692,0.0,1
51.67241296981548,0.4858709031699661,106.35008730238692,0.0,1
51.67241296981548,0.4858709031699661,106.35008730238692,0.0,1
0.9905140279949287,0.2720662979542399,3.6407082958931127,0.00027958914985082295,1
0.9905140279949287,0.2720662979542399,3.6407082958931127,0.00027958914985082295,1
0.9905140279949287,0.2720662979542399,3.6407082958931127,0.00027958914985082295,1
2.527538776746305,0.2724090227769331,9.27846938027462,0.0,1
2.527538776746305,0.2724090227769331,9.27846938027462,0.0,1
2.527538776746305,0.2724090227769331,9.27846938027462,0.0,1
3.4371206528623084,0.2773615455447479,12.392203274291978,0.0,1
3.4371206528623084,0.2773615455447479,12.392203274291978,0.0,1
3.4371206528623084,0.2773615455447479,12.392203274291978,0.0,1
4.373492013964507,0.27493312481015725,15.907475743362774,0.0,1
4.373492013964507,0.27493312481015725,15.907475743362774,0.0,1
4.373492013964507,0.27493312481015725,15.907475743362774,0.0,1
5.473148740190578,0.28892246966851537,18.94331287722272,0.0,1
5.473148740190578,0.28892246966851537,18.94331287722272,0.0,1
5.473148740190578,0.28892246966851537,18.94331287722272,0.0,1
6.635325415580912,0.2891296590308259,22.949307372418264,0.0,1
6.635325415580912,0.2891296590308259,22.949307372418264,0.0,1
6.635325415580912,0.2891296590308259,22.949307372418264,0.0,1
7.543587586313495,0.29174367313380734,25.8569020718871,0.0,1
7.543587586313495,0.29174367313380734,25.8569020718871,0.0,1
7.543587586313495,0.29174367313380734,25.8569020718871,0.0,1
8.955376529739844,0.2830712484986785,31.636475188618995,0.0,1
8.955376529739844,0.2830712484986785,31.636475188618995,0.0,1
8.955376529739844,0.2830712484986785,31.636475188618995,0.0,1
10.355080935432731,0.28596256621998445,36.21131630028388,0.0,1
10.355080935432731,0.28596256621998445,36.21131630028388,0.0,1
10.355080935432731,0.28596256621998445,36.21131630028388,0.0,1
10.954654259260812,0.29052935228162613,37.705843396648824,0.0,1
10.954654259260812,0.29052935228162613,37.705843396648824,0.0,1
10.954654259260812,0.29052935228162613,37.705843396648824,0.0,1
13.405672872979281,0.30392775051795984,44.1080909858776,0.0,1
13.405672872979281,0.30392775051795984,44.1080909858776,0.0,1
13.405672872979281,0.30392775051795984,44.1080909858776,0.0,1
14.9802645322839,0.28956869470161406,51.73302503476872,0.0,1
14.9802645322839,0.28956869470161406,51.73302503476872,0.0,1
14.9802645322839,0.28956869470161406,51.73302503476872,0.0,1
16.43626470743962,0.28845138112125746,56.98105740922156,0.0,1
16.43626470743962,0.28845138112125746,56.98105740922156,0.0,1
16.43626470743962,0.28845138112125746,56.98105740922156,0.0,1
17.836300128624757,0.29596533800911884,60.26482779573063,0.0,1
17.836300128624757,0.29596533800911884,60.26482779573063,0.0,1
17.836300128624757,0.29596533800911884,60.26482779573063,0.0,1
19.736006022764755,0.3156716418847823,62.52068099917649,0.0,1
19.736006022764755,0.3156716418847823,62.52068099917649,0.0,1
19.736006022764755,0.3156716418847823,62.52068099917649,0.0,1
21.867009023959206,0.31295470826895816,69.8727593679989,0.0,1
21.867009023959206,0.31295470826895816,69.8727593679989,0.0,1
21.867009023959206,0.31295470826895816,69.8727593679989,0.0,1
22.98338191567677,0.29731411737732105,77.30336560678208,0.0,1
22.98338191567677,0.29731411737732105,77.30336560678208,0.0,1
22.98338191567677,0.29731411737732105,77.30336560678208,0.0,1
24.710132685760858,0.32468618632151425,76.10466267663178,0.0,1
24.710132685760858,0.32468618632151425,76.10466267663178,0.0,1
24.710132685760858,0.32468618632151425,76.10466267663178,0.0,1
26.395829185237744,0.3261628208651301,80.9283814605974,0.0,1
26.395829185237744,0.3261628208651301,80.9283814605974,0.0,1
26.395829185237744,0.3261628208651301,80.9283814605974,0.0,1
28.575572019734004,0.37077145976780895,77.07058153189327,0.0,1
28.575572019734004,0.37077145976780895,77.07058153189327,0.0,1
28.575572019734004,0.37077145976780895,77.07058153189327,0.0,1
30.455797996601234,0.4032851501556193,75.51926468120381,0.0,1
30.455797996601234,0.4032851501556193,75.51926468120381,0.0,1
30.455797996601234,0.4032851501556193,75.51926468120381,0.0,1
32.05620171242505,0.42517228197824747,75.39579382567817,0.0,1
32.05620171242505,0.42517228197824747,75.39579382567817,0.0,1
32.05620171242505,0.42517228197824747,75.39579382567817,0.0,1
34.533426082227415,0.3788170191964733,91.16123176165078,0.0,1
34.533426082227415,0.3788170191964733,91.16123176165078,0.0,1
34.533426082227415,0.3788170191964733,91.16123176165078,0.0,1
36.48790321674975,0.40697604471450466,89.65614485330742,0.0,1
36.48790321674975,0.40697604471450466,89.65614485330742,0.0,1
36.48790321674975,0.40697604471450466,89.65614485330742,0.0,1
39.229329534475994,0.44911203664075,87.34864874230925,0.0,1
39.229329534475994,0.44911203664075,87.34864874230925,0.0,1
39.229329534475994,0.44911203664075,87.34864874230925,0.0,1
41.30343119797597,0.500603409182436,82.50729108183855,0.0,1
41.30343119797597,0.500603409182436,82.50729108183855,0.0,1
41.30343119797597,0.500603409182436,82.50729108183855,0.0,1
44.30682292854795,0.47054006135373805,94.16163801457789,0.0,1
44.30682292854795,0.47054006135373805,94.16163801457789,0.0,1
44.30682292854795,0.47054006135373805,94.16163801457789,0.0,1
46.5107474372015,0.44148470711154364,105.35075550295403,0.0,1
46.5107474372015,0.44148470711154364,105.35075550295403,0.0,1
46.5107474372015,0.44148470711154364,105.35075550295403,0.0,1
48.46469254994123,0.5011382884553403,96.70921912457352,0.0,1
48.46469254994123,0.5011382884553403,96.70921912457352,0.0,1
48.46469254994123,0.5011382884553403,96.70921912457352,0.0,1
51.0019434576062,0.47092511913122503,108.30159909859113,0.0,1
51.0019434576062,0.47092511913122503,108.30159909859113,0.0,1
51.0019434576062,0.47092511913122503,108.30159909859113,0.0,1
0.6668214997229748,0.2719646257423111,2.4518685027618043,0.014306282590289099,1
0.6668214997229748,0.2719646257423111,2.4518685027618043,0.014306282590289099,1
0.6668214997229748,0.2719646257423111,2.4518685027618043,0.014306282590289099,1
2.082298954936672,0.27508784263498653,7.569578266312809,5.950795411990839e-14,1
2.082298954936672,0.27508784263498653,7.569578266312809,5.950795411990839e-14,1
2.082298954936672,0.27508784263498653,7.569578266312809,5.950795411990839e-14,1
3.4984568704977206,0.2781195115014749,12.578969564597296,0.0,1
3.4984568704977206,0.2781195115014749,12.578969564597296,0.0,1
3.4984568704977206,0.2781195115014749,12.578969564597296,0.0,1
4.163311072663468,0.27776993599481403,14.988342988786222,0.0,1
4.163311072663468,0.27776993599481403,14.988342988786222,0.0,1
4.163311072663468,0.27776993599481403,14.988342988786222,0.0,1
5.57551040215479,0.286052043934424,19.491244759058414,0.0,1
5.57551040215479,0.286052043934424,19.491244759058414,0.0,1
5.57551040215479,0.286052043934424,19.491244759058414,0.0,1
6.6550343144594715,0.2777300437401183,23.962241264351004,0.0,1
6.6550343144594715,0.2777300437401183,23.962241264351004,0.0,1
6.6550343144594715,0.2777300437401183,23.962241264351004,0.0,1
7.631294746064308,0.28485948700359265,26.789680857524193,0.0,1
7.631294746064308,0.28485948700359265,26.789680857524193,0.0,1
7.631294746064308,0.28485948700359265,26.789680857524193,0.0,1
8.885262608099147,0.30934662914117467,28.722674731471642,0.0,1
8.885262608099147,0.30934662914117467,28.722674731471642,0.0,1
8.885262608099147,0.30934662914117467,28.722674731471642,0.0,1
10.266058381515553,0.2875012638588309,35.70787218019466,0.0,1
10.266058381515553,0.2875012638588309,35.70787218019466,0.0,1
10.266058381515553,0.2875012638588309,35.70787218019466,0.0,1
11.668376967399897,0.2961283336756923,39.40310885677906,0.0,1
11.668376967399897,0.2961283336756923,39.40310885677906,0.0,1
11.668376967399897,0.2961283336756923,39.40310885677906,0.0,1
12.634860610812256,0.3033635233707011,41.649241380193345,0.0,1
12.634860610812256,0.3033635233707011,41.649241380193345,0.0,1
12.634860610812256,0.3033635233707011,41.649241380193345,0.0,1
14.976403570609389,0.30147702292943485,49.67676615977078,0.0,1
14.976403570609389,0.30147702292943485,49.67676615977078,0.0,1
14.976403570609389,0.30147702292943485,49.67676615977078,0.0,1
16.581191740993596,0.3072781070090269,53.96151356955115,0.0,1
16.581191740993596,0.3072781070090269,53.96151356955115,0.0,1
16.581191740993596,0.3072781070090269,53.96151356955115,0.0,1
18.079376306282363,0.3201136708294067,56.47798877017385,0.0,1
18.079376306282363,0.3201136708294067,56.47798877017385,0.0,1
18.079376306282363,0.3201136708294067,56.47798877017385,0.0,1
19.750805079579333,0.3154307671886115,62.61534109565589,0.0,1
19.750805079579333,0.3154307671886115,62.61534109565589,0.0,1
19.750805079579333,0.3154307671886115,62.61534109565589,0.0,1
21.25078742139694,0.3249876090086752,65.38953126926656,0.0,1
21.25078742139694,0.3249876090086752,65.38953126926656,0.0,1
21.25078742139694,0.3249876090086752,65.38953126926656,0.0,1
23.1702013390833,0.3179016406801299,72.88481207430122,0.0,1
23.1702013390833,0.3179016406801299,72.88481207430122,0.0,1
23.1702013390833,0.3179016406801299,72.88481207430122,0.0,1
24.698881212972147,0.34711789098769674,71.1541578646189,0.0,1
24.698881212972147,0.34711789098769674,71.1541578646189,0.0,1
24.698881212972147,0.34711789098769674,71.1541578646189,0.0,1
26.943637567196657,0.38297205339487295,70.35405672125047,0.0,1
26.943637567196657,0.38297205339487295,70.35405672125047,0.0,1
26.943637567196657,0.38297205339487295,70.35405672125047,0.0,1
28.434871862720865,0.37344793336154986,76.14146263112917,0.0,1
28.434871862720865,0.37344793336154986,76.14146263112917,0.0,1
28.434871862720865,0.37344793336154986,76.14146263112917,0.0,1
30.103182329726565,0.3761251855272471,80.03500825803073,0.0,1
30.103182329726565,0.3761251855272471,80.03500825803073,0.0,1
30.103182329726565,0.3761251855272471,80.03500825803073,0.0,1
31.400538013813403,0.417565155557054,75.19913382600956,0.0,1
31.400538013813403,0.417565155557054,75.19913382600956,0.0,1
31.400538013813403,0.417565155557054,75.19913382600956,0.0,1
34.396510039587916,0.3610015649203479,95.28077820708957,0.0,1
34.396510039587916,0.3610015649203479,95.28077820708957,0.0,1
34.396510039587916,0.3610015649203479,95.28077820708957,0.0,1
36.395077275846006,0.371508603853792,97.96563766843303,0.0,1
36.395077275846006,0.371508603853792,97.96563766843303,0.0,1
36.395077275846006,0.371508603853792,97.96563766843303,0.0,1
39.50635257243991,0.4054631203201378,97.43513180988505,0.0,1
39.50635257243991,0.4054631203201378,97.43513180988505,0.0,1
39.50635257243991,0.4054631203201378,97.43513180988505,0.0,1
41.77412592925835,0.47538083116919544,87.87507444613452,0.0,1
41.77412592925835,0.47538083116919544,87.87507444613452,0.0,1
41.77412592925835,0.47538083116919544,87.87507444613452,0.0,1
43.7524394664713,0.45209466329951276,96.77716420528792,0.0,1
43.7524394664713,0.45209466329951276,96.77716420528792,0.0,1
43.7524394664713,0.45209466329951276,96.77716420528792,0.0,1
46.04257026577795,0.44824685425254973,102.71699584496537,0.0,1
46.04257026577795,0.44824685425254973,102.71699584496537,0.0,1
46.04257026577795,0.44824685425254973,102.71699584496537,0.0,1
48.226623924293925,0.47140994986102996,102.30294022964719,0.0,1
48.226623924293925,0.47140994986102996,102.30294022964719,0.0,1
48.226623924293925,0.47140994986102996,102.30294022964719,0.0,1
50.717948350095064,0.5524762344550277,91.80114036963806,0.0,1
50.717948350095064,0.5524762344550277,91.80114036963806,0.0,1
50.717948350095064,0.5524762344550277,91.80114036963806,0.0,1
0.9251028768888573,0.273829911783932,3.3783850378581657,0.0007447101121706989,1
0.9251028768888573,0.273829911783932,3.3783850378581657,0.0007447101121706989,1
0.9251028768888573,0.273829911783932,3.3783850378581657,0.0007447101121706989,1
1.962775128937198,0.27177640070862835,7.222021940902406,7.533973445106312e-13,1
1.962775128937198,0.27177640070862835,7.222021940902406,7.533973445106312e-13,1
1.962775128937198,0.27177640070862835,7.222021940902406,7.533973445106312e-13,1
3.2382624427307727,0.2733879607359958,11.844934334390405,0.0,1
3.2382624427307727,0.2733879607359958,11.844934334390405,0.0,1
3.2382624427307727,0.2733879607359958,11.844934334390405,0.0,1
3.8331437833252595,0.3076421228890519,12.459749488556367,0.0,1
3.8331437833252595,0.3076421228890519,12.459749488556367,0.0,1
3.8331437833252595,0.3076421228890519,12.459749488556367,0.0,1
5.362136571657107,0.2813864171379076,19.056131515506387,0.0,1
5.362136571657107,0.2813864171379076,19.056131515506387,0.0,1
5.362136571657107,0.2813864171379076,19.056131515506387,0.0,1
6.50413624020153,0.2773216279385736,23.453404224362146,0.0,1
6.50413624020153,0.2773216279385736,23.453404224362146,0.0,1
6.50413624020153,0.2773216279385736,23.453404224362146,0.0,1
8.120191203480662,0.2871434839569009,28.279211116277565,0.0,1
8.120191203480662,0.2871434839569009,28.279211116277565,0.0,1
8.120191203480662,0.2871434839569009,28.279211116277565,0.0,1
9.962400389718676,0.2856929057136213,34.87101076183176,0.0,1
9.962400389718676,0.2856929057136213,34.87101076183176,0.0,1
9.962400389718676,0.2856929057136213,34.87101076183176,0.0,1
10.583683823251032,0.29651008873748924,35.694177787728286,0.0,1
10.583683823251032,0.29651008873748924,35.694177787728286,0.0,1
10.583683823251032,0.29651008873748924,35.694177787728286,0.0,1
11.840151051463605,0.3104821963941486,38.134718154444066,0.0,1
11.840151051463605,0.3104821963941486,38.134718154444066,0.0,1
11.840151051463605,0.3104821963941486,38.134718154444066,0.0,1
13.058678689719692,0.2770367980515484,47.13698245707364,0.0,1
13.058678689719692,0.2770367980515484,47.13698245707364,0.0,1
13.058678689719692,0.2770367980515484,47.13698245707364,0.0,1
14.804590721995584,0.2953406110291176,50.127175773114395,0.0,1
14.804590721995584,0.2953406110291176,50.127175773114395,0.0,1
14.804590721995584,0.2953406110291176,50.127175773114395,0.0,1
16.367989324422663,0.28795557087376483,56.8420651656645,0.0,1
16.367989324422663,0.28795557087376483,56.8420651656645,0.0,1
16.367989324422663,0.28795557087376483,56.8420651656645,0.0,1
17.964526066181143,0.28681400093658965,62.63475983570563,0.0,1
17.964526066181143,0.28681400093658965,62.63475983570563,0.0,1
17.964526066181143,0.28681400093658965,62.63475983570563,0.0,1
19.400629678177417,0.2861170712351036,67.80661354608876,0.0,1
19.400629678177417,0.2861170712351036,67.80661354608876,0.0,1
19.400629678177417,0.2861170712351036,67.80661354608876,0.0,1
20.724489620755346,0.31165734377995274,66.4976777681452,0.0,1
20.724489620755346,0.31165734377995274,66.4976777681452,0.0,1
20.724489620755346,0.31165734377995274,66.4976777681452,0.0,1
22.92174154536444,0.3486006638573381,65.75357973140571,0.0,1
22.92174154536444,0.3486006638573381,65.75357973140571,0.0,1
22.92174154536444,0.3486006638573381,65.75357973140571,0.0,1
24.189990982623506,0.33781795304982787,71.60658799876009,0.0,1
24.189990982623506,0.33781795304982787,71.60658799876009,0.0,1
24.189990982623506,0.33781795304982787,71.60658799876009,0.0,1
26.717476134602542,0.36547152315492515,73.10412560728261,0.0,1
26.717476134602542,0.36547152315492515,73.10412560728261,0.0,1
26.717476134602542,0.36547152315492515,73.10412560728261,0.0,1
28.510354042201364,0.35604481901669505,80.07518300909331,0.0,1
28.510354042201364,0.35604481901669505,80.07518300909331,0.0,1
28.510354042201364,0.35604481901669505,80.07518300909331,0.0,1
30.1514115902183,0.4175169819985358,72.2160124982031,0.0,1
30.1514115902183,0.4175169819985358,72.2160124982031,0.0,1
30.1514115902183,0.4175169819985358,72.2160124982031,0.0,1
31.50760976378111,0.39996193041176586,78.77652188382936,0.0,1
31.50760976378111,0.39996193041176586,78.77652188382936,0.0,1
31.50760976378111,0.39996193041176586,78.77652188382936,0.0,1
34.53149316594791,0.34788580400471525,99.26100107689322,0.0,1
34.53149316594791,0.34788580400471525,99.26100107689322,0.0,1
34.53149316594791,0.34788580400471525,99.26100107689322,0.0,1
36.98031948091965,0.374597646301873,98.72010634876952,0.0,1
36.98031948091965,0.374597646301873,98.72010634876952,0.0,1
36.98031948091965,0.374597646301873,98.72010634876952,0.0,1
39.33682999930207,0.41007853044578185,95.9251145299911,0.0,1
39.33682999930207,0.41007853044578185,95.9251145299911,0.0,1
39.33682999930207,0.41007853044578185,95.9251145299911,0.0,1
41.904410903662715,0.4002004001873775,104.70856821742977,0.0,1
41.904410903662715,0.4002004001873775,104.70856821742977,0.0,1
41.904410903662715,0.4002004001873775,104.70856821742977,0.0,1
43.23346720179495,0.4481731119193529,96.46599952559103,0.0,1
43.23346720179495,0.4481731119193529,96.46599952559103,0.0,1
43.23346720179495,0.4481731119193529,96.46599952559103,0.0,1
45.86420968299446,0.46442803890062334,98.75417899307394,0.0,1
45.86420968299446,0.46442803890062334,98.75417899307394,0.0,1
45.86420968299446,0.46442803890062334,98.75417899307394,0.0,1
48.2017636114363,0.48604703410492783,99.17098599357054,0.0,1
48.2017636114363,0.48604703410492783,99.17098599357054,0.0,1
48.2017636114363,0.48604703410492783,99.17098599357054,0.0,1
50.71715501344965,0.4982060954084197,101.79954737782305,0.0,1
50.71715501344965,0.4982060954084197,101.79954737782305,0.0,1
50.71715501344965,0.4982060954084197,101.79954737782305,0.0,1
0.7152328455375505,0.2793646197504516,2.5602126932767915,0.010541984689088846,1
0.7152328455375505,0.2793646197504516,2.5602126932767915,0.010541984689088846,1
0.7152328455375505,0.2793646197504516,2.5602126932767915,0.010541984689088846,1
1.882411480883591,0.280453858580934,6.712018477507809,2.5656587965272593e-11,1
1.882411480883591,0.280453858580934,6.712018477507809,2.5656587965272593e-11,1
1.882411480883591,0.280453858580934,6.712018477507809,2.5656587965272593e-11,1
3.209893033194867,0.2792245503141889,11.495740720445365,0.0,1
3.209893033194867,0.2792245503141889,11.495740720445365,0.0,1
3.209893033194867,0.2792245503141889,11.495740720445365,0.0,1
3.751064689773217,0.2732456802227549,13.727809664603956,0.0,1
3.751064689773217,0.2732456802227549,13.727809664603956,0.0,1
3.751064689773217,0.2732456802227549,13.727809664603956,0.0,1
5.777244037104986,0.27647990489518054,20.895710447004326,0.0,1
5.777244037104986,0.27647990489518054,20.895710447004326,0.0,1
5.777244037104986,0.27647990489518054,20.895710447004326,0.0,1
6.290977520317699,0.28530537907560793,22.049978660411256,0.0,1
6.290977520317699,0.28530537907560793,22.049978660411256,0.0,1
6.290977520317699,0.28530537907560793,22.049978660411256,0.0,1
7.953837734572808,0.28494812840217426,27.91328295143881,0.0,1
7.953837734572808,0.28494812840217426,27.91328295143881,0.0,1
7.953837734572808,0.28494812840217426,27.91328295143881,0.0,1
9.161128856578538,0.28487910651722453,32.157952784173844,0.0,1
9.161128856578538,0.28487910651722453,32.157952784173844,0.0,1
9.161128856578538,0.28487910651722453,32.157952784173844,0.0,1
10.357071767191172,0.27912503388677584,37.10549219813946,0.0,1
10.357071767191172,0.27912503388677584,37.10549219813946,0.0,1
10.357071767191172,0.27912503388677584,37.10549219813946,0.0,1
11.974736606906406,0.28070873983966477,42.65893756548562,0.0,1
11.974736606906406,0.28070873983966477,42.65893756548562,0.0,1
11.974736606906406,0.28070873983966477,42.65893756548562,0.0,1
13.321676049194988,0.3101358230274515,42.95432858788398,0.0,1
13.321676049194988,0.3101358230274515,42.95432858788398,0.0,1
13.321676049194988,0.3101358230274515,42.95432858788398,0.0,1
14.968474498266664,0.2870344354973005,52.14870638198196,0.0,1
14.968474498266664,0.2870344354973005,52.14870638198196,0.0,1
14.968474498266664,0.2870344354973005,52.14870638198196,0.0,1
16.372278473290503,0.34397072534692447,47.597883386086515,0.0,1
16.372278473290503,0.34397072534692447,47.597883386086515,0.0,1
16.372278473290503,0.34397072534692447,47.597883386086515,0.0,1
17.628804172044664,0.2870421885777315,61.415376810613864,0.0,1
17.628804172044664,0.2870421885777315,61.415376810613864,0.0,1
17.628804172044664,0.2870421885777315,61.415376810613864,0.0,1
19.42838107753665,0.2922397441654036,66.48096799092616,0.0,1
19.42838107753665,0.2922397441654036,66.48096799092616,0.0,1
19.42838107753665,0.2922397441654036,66.48096799092616,0.0,1
21.356542646427354,0.3122323120384136,68.39952760494526,0.0,1
21.356542646427354,0.3122323120384136,68.39952760494526,0.0,1
21.356542646427354,0.3122323120384136,68.39952760494526,0.0,1
22.773549715299943,0.31110370825909905,73.20243735678413,0.0,1
22.773549715299943,0.31110370825909905,73.20243735678413,0.0,1
22.773549715299943,0.31110370825909905,73.20243735678413,0.0,1
24.54773237503841,0.3343140437300276,73.42716477343596,0.0,1
24.54773237503841,0.3343140437300276,73.42716477343596,0.0,1
24.54773237503841,0.3343140437300276,73.42716477343596,0.0,1
26.842339890666725,0.3353052208845923,80.0534504647797,0.0,1
26.842339890666725,0.3353052208845923,80.0534504647797,0.0,1
26.842339890666725,0.3353052208845923,80.0534504647797,0.0,1
28.39580346218476,0.3752670371546276,75.66825926809115,0.0,1
28.39580346218476,0.3752670371546276,75.66825926809115,0.0,1
28.39580346218476,0.3752670371546276,75.66825926809115,0.0,1
29.941389410584737,0.3384551690652856,88.46486077690619,0.0,1
29.941389410584737,0.3384551690652856,88.46486077690619,0.0,1
29.941389410584737,0.3384551690652856,88.46486077690619,0.0,1
32.670334160064755,0.37165618671792316,87.90472304140773,0.0,1
32.670334160064755,0.37165618671792316,87.90472304140773,0.0,1
32.670334160064755,0.37165618671792316,87.90472304140773,0.0,1
34.449712465050325,0.4039443256968589,85.28331820386359,0.0,1
34.449712465050325,0.4039443256968589,85.28331820386359,0.0,1
34.449712465050325,0.4039443256968589,85.28331820386359,0.0,1
36.74289265858023,0.33471992812232887,109.7720499185574,0.0,1
36.74289265858023,0.33471992812232887,109.7720499185574,0.0,1
36.74289265858023,0.33471992812232887,109.7720499185574,0.0,1
39.50241287675433,0.3955094934579837,99.87728115292586,0.0,1
39.50241287675433,0.3955094934579837,99.87728115292586,0.0,1
39.50241287675433,0.3955094934579837,99.87728115292586,0.0,1
40.66709357279936,0.43110999295572644,94.33113181622709,0.0,1
40.66709357279936,0.43110999295572644,94.33113181622709,0.0,1
40.66709357279936,0.43110999295572644,94.33113181622709,0.0,1
43.1870219644263,0.4490798695594656,96.16779751626703,0.0,1
43.1870219644263,0.4490798695594656,96.16779751626703,0.0,1
43.1870219644263,0.4490798695594656,96.16779751626703,0.0,1
45.07457335860341,0.4491195974590962,100.36207195948202,0.0,1
45.07457335860341,0.4491195974590962,100.36207195948202,0.0,1
45.07457335860341,0.4491195974590962,100.36207195948202,0.0,1
48.26472817430373,0.5238563622819641,92.13351530953706,0.0,1
48.26472817430373,0.5238563622819641,92.13351530953706,0.0,1
48.26472817430373,0.5238563622819641,92.13351530953706,0.0,1
50.26240728567238,0.5326616788903377,94.36084718987306,0.0,1
50.26240728567238,0.5326616788903377,94.36084718987306,0.0,1
50.26240728567238,0.5326616788903377,94.36084718987306,0.0,1
1.1641387019699707,0.27439961380533145,4.242493951889637,2.323098261913792e-05,1
1.1641387019699707,0.27439961380533145,4.242493951889637,2.323098261913792e-05,1
1.1641387019699707,0.27439961380533145,4.242493951889637,2.323098261913792e-05,1
1.7763020729519945,0.27221652708057453,6.525327804311526,8.800515871598691e-11,1
1.7763020729519945,0.27221652708057453,6.525327804311526,8.800515871598691e-11,1
1.7763020729519945,0.27221652708057453,6.525327804311526,8.800515871598691e-11,1
3.475730452610904,0.27604632244098193,12.591113048984766,0.0,1
3.475730452610904,0.27604632244098193,12.591113048984766,0.0,1
3.475730452610904,0.27604632244098193,12.591113048984766,0.0,1
4.403117781648169,0.2727388351951045,16.144080759523618,0.0,1
4.403117781648169,0.2727388351951045,16.144080759523618,0.0,1
4.403117781648169,0.2727388351951045,16.144080759523618,0.0,1
6.336761761567819,0.27471037694322153,23.06706369114528,0.0,1
6.336761761567819,0.27471037694322153,23.06706369114528,0.0,1
6.336761761567819,0.27471037694322153,23.06706369114528,0.0,1
6.754385028145089,0.27773225714120203,24.319771486648335,0.0,1
6.754385028145089,0.27773225714120203,24.319771486648335,0.0,1
6.754385028145089,0.27773225714120203,24.319771486648335,0.0,1
8.439810342512878,0.2854262536932711,29.569145211086955,0.0,1
8.439810342512878,0.2854262536932711,29.569145211086955,0.0,1
8.439810342512878,0.2854262536932711,29.569145211086955,0.0,1
9.112693208461375,0.28243431967289384,32.264822557738015,0.0,1
9.112693208461375,0.28243431967289384,32.264822557738015,0.0,1
9.112693208461375,0.28243431967289384,32.264822557738015,0.0,1
10.829297570519678,0.2879481057633882,37.60850428868004,0.0,1
10.829297570519678,0.2879481057633882,37.60850428868004,0.0,1
10.829297570519678,0.2879481057633882,37.60850428868004,0.0,1
12.409428556894749,0.32584116727560425,38.0842870796573,0.0,1
12.409428556894749,0.32584116727560425,38.0842870796573,0.0,1
12.409428556894749,0.32584116727560425,38.0842870796573,0.0,1
13.129512517232634,0.32766495731498735,40.069931874378355,0.0,1
13.129512517232634,0.32766495731498735,40.069931874378355,0.0,1
13.129512517232634,0.32766495731498735,40.069931874378355,0.0,1
14.97063415298326,0.30047724487157296,49.82285483675099,0.0,1
14.97063415298326,0.30047724487157296,49.82285483675099,0.0,1
14.97063415298326,0.30047724487157296,49.82285483675099,0.0,1
16.747488200342147,0.29061975483059516,57.62680589316582,0.0,1
16.747488200342147,0.29061975483059516,57.62680589316582,0.0,1
16.747488200342147,0.29061975483059516,57.62680589316582,0.0,1
17.950276366650854,0.3044564885636445,58.95842933529227,0.0,1
17.950276366650854,0.3044564885636445,58.95842933529227,0.0,1
17.950276366650854,0.3044564885636445,58.95842933529227,0.0,1
18.940024311655925,0.3023318882154184,62.64646585397808,0.0,1
18.940024311655925,0.3023318882154184,62.64646585397808,0.0,1
18.940024311655925,0.3023318882154184,62.64646585397808,0.0,1
21.073255891456448,0.34459269339437526,61.15409959473164,0.0,1
21.073255891456448,0.34459269339437526,61.15409959473164,0.0,1
21.073255891456448,0.34459269339437526,61.15409959473164,0.0,1
22.777076114781167,0.3099284846422659,73.49139315500976,0.0,1
22.777076114781167,0.3099284846422659,73.49139315500976,0.0,1
22.777076114781167,0.3099284846422659,73.49139315500976,0.0,1
24.375988940176008,0.33474213430415084,72.82019931804487,0.0,1
24.375988940176008,0.33474213430415084,72.82019931804487,0.0,1
24.375988940176008,0.33474213430415084,72.82019931804487,0.0,1
26.344605126264696,0.32230952110112077,81.73697455868637,0.0,1
26.344605126264696,0.32230952110112077,81.73697455868637,0.0,1
26.344605126264696,0.32230952110112077,81.73697455868637,0.0,1
27.905400013975466,0.39546960024722155,70.56269305284363,0.0,1
27.905400013975466,0.39546960024722155,70.56269305284363,0.0,1
27.905400013975466,0.39546960024722155,70.56269305284363,0.0,1
30.625208357737954,0.40954067819691586,74.77940529026692,0.0,1
30.625208357737954,0.40954067819691586,74.77940529026692,0.0,1
30.625208357737954,0.40954067819691586,74.77940529026692,0.0,1
32.781362913809986,0.41362432729572207,79.2539528033438,0.0,1
32.781362913809986,0.41362432729572207,79.2539528033438,0.0,1
32.781362913809986,0.41362432729572207,79.2539528033438,0.0,1
34.4179467100992,0.4157250600229336,82.79016595295104,0.0,1
34.4179467100992,0.4157250600229336,82.79016595295104,0.0,1
34.4179467100992,0.4157250600229336,82.79016595295104,0.0,1
36.685676750625476,0.3546299606668251,103.44776476765783,0.0,1
36.685676750625476,0.3546299606668251,103.44776476765783,0.0,1
36.685676750625476,0.3546299606668251,103.44776476765783,0.0,1
39.3047891038999,0.4048901374196581,97.07519514895347,0.0,1
39.3047891038999,0.4048901374196581,97.07519514895347,0.0,1
39.3047891038999,0.4048901374196581,97.07519514895347,0.0,1
40.610469781156105,0.46063020096996166,88.16284667319148,0.0,1
40.610469781156105,0.46063020096996166,88.16284667319148,0.0,1
40.610469781156105,0.46063020096996166,88.16284667319148,0.0,1
43.36551036711501,0.4798382194745492,90.37527359659421,0.0,1
43.36551036711501,0.4798382194745492,90.37527359659421,0.0,1
43.36551036711501,0.4798382194745492,90.37527359659421,0.0,1
45.63268391137653,0.5176704479159455,88.15006553896609,0.0,1
45.63268391137653,0.5176704479159455,88.15006553896609,0.0,1
45.63268391137653,0.5176704479159455,88.15006553896609,0.0,1
48.22298463546544,0.4756524477959886,101.38281608538823,0.0,1
48.22298463546544,0.4756524477959886,101.38281608538823,0.0,1
48.22298463546544,0.4756524477959886,101.38281608538823,0.0,1
50.50256071309586,0.5162486738090204,97.82603476823388,0.0,1
50.50256071309586,0.5162486738090204,97.82603476823388,0.0,1
50.50256071309586,0.5162486738090204,97.82603476823388,0.0,1
0.9621267590998964,0.2771304566236351,3.4717467391414867,0.0005293234677725689,1
0.9621267590998964,0.2771304566236351,3.4717467391414867,0.0005293234677725689,1
0.9621267590998964,0.2771304566236351,3.4717467391414867,0.0005293234677725689,1
2.2475103594546284,0.2720013522512666,8.262864654358212,2.220446049250313e-16,1
2.2475103594546284,0.2720013522512666,8.262864654358212,2.220446049250313e-16,1
2.2475103594546284,0.2720013522512666,8.262864654358212,2.220446049250313e-16,1
2.9227026804254446,0.2746951393168693,10.639804867657368,0.0,1
2.9227026804254446,0.2746951393168693,10.639804867657368,0.0,1
2.9227026804254446,0.2746951393168693,10.639804867657368,0.0,1
4.580299386223978,0.27592096887091966,16.60004096450791,0.0,1
4.580299386223978,0.27592096887091966,16.60004096450791,0.0,1
4.580299386223978,0.27592096887091966,16.60004096450791,0.0,1
5.385151557184516,0.27796582616093385,19.373430293789696,0.0,1
5.385151557184516,0.27796582616093385,19.373430293789696,0.0,1
5.385151557184516,0.27796582616093385,19.373430293789696,0.0,1
5.8525594887578904,0.2903273095205797,20.15848766835706,0.0,1
5.8525594887578904,0.2903273095205797,20.15848766835706,0.0,1
5.8525594887578904,0.2903273095205797,20.15848766835706,0.0,1
7.7703399004425675,0.28452495645692943,27.309871152265053,0.0,1
7.7703399004425675,0.28452495645692943,27.309871152265053,0.0,1
7.7703399004425675,0.28452495645692943,27.309871152265053,0.0,1
9.360530658174518,0.2756967862189639,33.95226613465199,0.0,1
9.360530658174518,0.2756967862189639,33.95226613465199,0.0,1
9.360530658174518,0.2756967862189639,33.95226613465199,0.0,1
10.419891901782513,0.2777920821907086,37.50967925222971,0.0,1
10.419891901782513,0.2777920821907086,37.50967925222971,0.0,1
10.419891901782513,0.2777920821907086,37.50967925222971,0.0,1
11.876508625544648,0.2881379774878801,41.21813003995354,0.0,1
11.876508625544648,0.2881379774878801,41.21813003995354,0.0,1
11.876508625544648,0.2881379774878801,41.21813003995354,0.0,1
13.443086053550033,0.2786283888375625,48.24736671533931,0.0,1
13.443086053550033,0.2786283888375625,48.24736671533931,0.0,1
13.443086053550033,0.2786283888375625,48.24736671533931,0.0,1
14.465413796939444,0.30732442797522536,47.068870809402625,0.0,1
14.465413796939444,0.30732442797522536,47.068870809402625,0.0,1
14.465413796939444,0.30732442797522536,47.068870809402625,0.0,1
16.6525090178835,0.29677393577902045,56.11176390598887,0.0,1
16.6525090178835,0.29677393577902045,56.11176390598887,0.0,1
16.6525090178835,0.29677393577902045,56.11176390598887,0.0,1
17.83876444760189,0.3066790910013228,58.167527461221496,0.0,1
17.83876444760189,0.3066790910013228,58.167527461221496,0.0,1
17.83876444760189,0.3066790910013228,58.167527461221496,0.0,1
19.30008693223315,0.3042128576117827,63.44270614906983,0.0,1
19.30008693223315,0.3042128576117827,63.44270614906983,0.0,1
19.30008693223315,0.3042128576117827,63.44270614906983,0.0,1
20.895379120518694,0.3010516662438642,69.40795040673378,0.0,1
20.895379120518694,0.3010516662438642,69.40795040673378,0.0,1
20.895379120518694,0.3010516662438642,69.40795040673378,0.0,1
23.147763784345145,0.3403207126508719,68.01749915260658,0.0,1
23.147763784345145,0.3403207126508719,68.01749915260658,0.0,1
23.147763784345145,0.3403207126508719,68.01749915260658,0.0,1
24.827367020588227,0.3248857068377646,76.41877281165237,0.0,1
24.827367020588227,0.3248857068377646,76.41877281165237,0.0,1
24.827367020588227,0.3248857068377646,76.41877281165237,0.0,1
26.699871931524335,0.32847027988601685,81.28550303177965,0.0,1
26.699871931524335,0.32847027988601685,81.28550303177965,0.0,1
26.699871931524335,0.32847027988601685,81.28550303177965,0.0,1
28.88848451099372,0.34679356125034266,83.30167494124771,0.0,1
28.88848451099372,0.34679356125034266,83.30167494124771,0.0,1
28.88848451099372,0.34679356125034266,83.30167494124771,0.0,1
30.614344360334158,0.3579062790258208,85.53732123298546,0.0,1
30.614344360334158,0.3579062790258208,85.53732123298546,0.0,1
30.614344360334158,0.3579062790258208,85.53732123298546,0.0,1
32.80382689519196,0.41399090160233665,79.23803824728019,0.0,1
32.80382689519196,0.41399090160233665,79.23803824728019,0.0,1
32.80382689519196,0.41399090160233665,79.23803824728019,0.0,1
35.569117931256635,0.39832952343136135,89.29571080961006,0.0,1
35.569117931256635,0.39832952343136135,89.29571080961006,0.0,1
35.569117931256635,0.39832952343136135,89.29571080961006,0.0,1
37.75572745815853,0.36455752326425184,103.5658985174503,0.0,1
37.75572745815853,0.36455752326425184,103.5658985174503,0.0,1
37.75572745815853,0.36455752326425184,103.5658985174503,0.0,1
39.20547585721701,0.4032250670971323,97.22975840629685,0.0,1
39.20547585721701,0.4032250670971323,97.22975840629685,0.0,1
39.20547585721701,0.4032250670971323,97.22975840629685,0.0,1
41.18605871001916,0.4015479680774963,102.56821596484956,0.0,1
41.18605871001916,0.4015479680774963,102.56821596484956,0.0,1
41.18605871001916,0.4015479680774963,102.56821596484956,0.0,1
43.58835210433077,0.41093778467295705,106.07044114724168,0.0,1
43.58835210433077,0.41093778467295705,106.07044114724168,0.0,1
43.58835210433077,0.41093778467295705,106.07044114724168,0.0,1
46.10371593157109,0.4680484153833978,98.5020233297994,0.0,1
46.10371593157109,0.4680484153833978,98.5020233297994,0.0,1
46.10371593157109,0.4680484153833978,98.5020233297994,0.0,1
48.16579939228907,0.45356268369894837,106.19436105166679,0.0,1
48.16579939228907,0.45356268369894837,106.19436105166679,0.0,1
48.16579939228907,0.45356268369894837,106.19436105166679,0.0,1
50.36844541884389,0.5020549568459668,100.32456553216983,0.0,1
50.36844541884389,0.5020549568459668,100.32456553216983,0.0,1
50.36844541884389,0.5020549568459668,100.32456553216983,0.0,1
1.1450953415742413,0.2800202754237186,4.089330102406035,4.517318259855685e-05,1
1.1450953415742413,0.2800202754237186,4.089330102406035,4.517318259855685e-05,1
1.1450953415742413,0.2800202754237186,4.089330102406035,4.517318259855685e-05,1
2.4225361804022745,0.2746707065325913,8.819783554584575,0.0,1
2.4225361804022745,0.2746707065325913,8.819783554584575,0.0,1
2.4225361804022745,0.2746707065325913,8.819783554584575,0.0,1
3.552083959681527,0.27305401132903995,13.008722861797247,0.0,1
3.552083959681527,0.27305401132903995,13.008722861797247,0.0,1
3.552083959681527,0.27305401132903995,13.008722861797247,0.0,1
3.9101486413706232,0.28177313787490366,13.87693898311406,0.0,1
3.9101486413706232,0.28177313787490366,13.87693898311406,0.0,1
3.9101486413706232,0.28177313787490366,13.87693898311406,0.0,1
5.674944383060158,0.2728326122887611,20.800095470456075,0.0,1
5.674944383060158,0.2728326122887611,20.800095470456075,0.0,1
5.674944383060158,0.2728326122887611,20.800095470456075,0.0,1
6.259818450054237,0.2762705118701241,22.65829388623641,0.0,1
6.259818450054237,0.2762705118701241,22.65829388623641,0.0,1
6.259818450054237,0.2762705118701241,22.65829388623641,0.0,1
8.115490881642305,0.27498140410055544,29.51287163649301,0.0,1
8.115490881642305,0.27498140410055544,29.51287163649301,0.0,1
8.115490881642305,0.27498140410055544,29.51287163649301,0.0,1
9.50083995687662,0.28383731836085274,33.47283581927678,0.0,1
9.50083995687662,0.28383731836085274,33.47283581927678,0.0,1
9.50083995687662,0.28383731836085274,33.47283581927678,0.0,1
10.544123750458848,0.3022232775970339,34.88852293011573,0.0,1
10.544123750458848,0.3022232775970339,34.88852293011573,0.0,1
10.544123750458848,0.3022232775970339,34.88852293011573,0.0,1
11.733341739928484,0.3001923529711645,39.08607805561107,0.0,1
11.733341739928484,0.3001923529711645,39.08607805561107,0.0,1
11.733341739928484,0.3001923529711645,39.08607805561107,0.0,1
13.560584003965015,0.287697675658099,47.13484032481536,0.0,1
13.560584003965015,0.287697675658099,47.13484032481536,0.0,1
13.560584003965015,0.287697675658099,47.13484032481536,0.0,1
15.219015069368176,0.2818545111204623,53.99599605082672,0.0,1
15.219015069368176,0.2818545111204623,53.99599605082672,0.0,1
15.219015069368176,0.2818545111204623,53.99599605082672,0.0,1
16.366759615948673,0.2942996246304083,55.6125738743385,0.0,1
16.366759615948673,0.2942996246304083,55.6125738743385,0.0,1
16.366759615948673,0.2942996246304083,55.6125738743385,0.0,1
17.182374209916915,0.29080539565314534,59.08547250756993,0.0,1
17.182374209916915,0.29080539565314534,59.08547250756993,0.0,1
17.182374209916915,0.29080539565314534,59.08547250756993,0.0,1
19.47666977492912,0.3077087158670381,63.295801420669065,0.0,1
19.47666977492912,0.3077087158670381,63.295801420669065,0.0,1
19.47666977492912,0.3077087158670381,63.295801420669065,0.0,1
21.118733191883447,0.3336954160868081,63.287453689173795,0.0,1
21.118733191883447,0.3336954160868081,63.287453689173795,0.0,1
21.118733191883447,0.3336954160868081,63.287453689173795,0.0,1
22.592224314362106,0.3367262504888435,67.09374241409384,0.0,1
22.592224314362106,0.3367262504888435,67.09374241409384,0.0,1
22.592224314362106,0.3367262504888435,67.09374241409384,0.0,1
24.78903517996063,0.32671794912018776,75.87289050606044,0.0,1
24.78903517996063,0.32671794912018776,75.87289050606044,0.0,1
24.78903517996063,0.32671794912018776,75.87289050606044,0.0,1
26.231101071890073,0.325749838637847,80.525292603606,0.0,1
26.231101071890073,0.325749838637847,80.525292603606,0.0,1
26.231101071890073,0.325749838637847,80.525292603606,0.0,1
28.59791479728311,0.3444179823262233,83.03258327027753,0.0,1
28.59791479728311,0.3444179823262233,83.03258327027753,0.0,1
28.59791479728311,0.3444179823262233,83.03258327027753,0.0,1
30.591417422317107,0.3556540616797009,86.01453130561316,0.0,1
30.591417422317107,0.3556540616797009,86.01453130561316,0.0,1
30.591417422317107,0.3556540616797009,86.01453130561316,0.0,1
33.62711987289916,0.3863429611523167,87.03955618241892,0.0,1
33.62711987289916,0.3863429611523167,87.03955618241892,0.0,1
33.62711987289916,0.3863429611523167,87.03955618241892,0.0,1
34.74119819807903,0.4506514945879409,77.09105287633652,0.0,1
34.74119819807903,0.4506514945879409,77.09105287633652,0.0,1
34.74119819807903,0.4506514945879409,77.09105287633652,0.0,1
37.507433192267044,0.40850538063597536,91.8162525396218,0.0,1
37.507433192267044,0.40850538063597536,91.8162525396218,0.0,1
37.507433192267044,0.40850538063597536,91.8162525396218,0.0,1
39.59798394538822,0.41413825205914,95.61537421018893,0.0,1
39.59798394538822,0.41413825205914,95.61537421018893,0.0,1
39.59798394538822,0.41413825205914,95.61537421018893,0.0,1
41.33279343804695,0.478935973185391,86.30129234841891,0.0,1
41.33279343804695,0.478935973185391,86.30129234841891,0.0,1
41.33279343804695,0.478935973185391,86.30129234841891,0.0,1
43.95158047374583,0.42775819417913064,102.74865817144439,0.0,1
43.95158047374583,0.42775819417913064,102.74865817144439,0.0,1
43.95158047374583,0.42775819417913064,102.74865817144439,0.0,1
45.36039144887774,0.4614413740403677,98.30152647930858,0.0,1
45.36039144887774,0.4614413740403677,98.30152647930858,0.0,1
45.36039144887774,0.4614413740403677,98.30152647930858,0.0,1
48.75427349575446,0.4733137373416556,103.00625071560472,0.0,1
48.75427349575446,0.4733137373416556,103.00625071560472,0.0,1
48.75427349575446,0.4733137373416556,103.00625071560472,0.0,1
50.37622942481439,0.5026420056148073,100.22288002610651,0.0,1
50.37622942481439,0.5026420056148073,100.22288002610651,0.0,1
50.37622942481439,0.5026420056148073,100.22288002610651,0.0,1
0.4623108408218046,0.27546868201172475,1.6782700575818172,0.09346836345199505,0
0.4623108408218046,0.27546868201172475,1.6782700575818172,0.09346836345199505,0
0.4623108408218046,0.27546868201172475,1.6782700575818172,0.09346836345199505,0
1.7510192933221547,0.2736450388046451,6.3988709642647885,1.9919532689982589e-10,1
1.7510192933221547,0.2736450388046451,6.3988709642647885,1.9919532689982589e-10,1
1.7510192933221547,0.2736450388046451,6.3988709642647885,1.9919532689982589e-10,1
2.9672210483689114,0.27402874416007444,10.8281379658318,0.0,1
2.9672210483689114,0.27402874416007444,10.8281379658318,0.0,1
2.9672210483689114,0.27402874416007444,10.8281379658318,0.0,1
4.310586094264305,0.2739819667892564,15.733101505837261,0.0,1
4.310586094264305,0.2739819667892564,15.733101505837261,0.0,1
4.310586094264305,0.2739819667892564,15.733101505837261,0.0,1
5.195051975334402,0.2836695820107546,18.313743541023886,0.0,1
5.195051975334402,0.2836695820107546,18.313743541023886,0.0,1
5.195051975334402,0.2836695820107546,18.313743541023886,0.0,1
6.24791360420712,0.29005193597813295,21.540671959790508,0.0,1
6.24791360420712,0.29005193597813295,21.540671959790508,0.0,1
6.24791360420712,0.29005193597813295,21.540671959790508,0.0,1
7.646608114197277,0.27471492266128367,27.834702389376005,0.0,1
7.646608114197277,0.27471492266128367,27.834702389376005,0.0,1
7.646608114197277,0.27471492266128367,27.834702389376005,0.0,1
9.460505452043295,0.28296980445947734,33.432915113026084,0.0,1
9.460505452043295,0.28296980445947734,33.432915113026084,0.0,1
9.460505452043295,0.28296980445947734,33.432915113026084,0.0,1
10.365844867361396,0.28206304477484073,36.7500991689146,0.0,1
10.365844867361396,0.28206304477484073,36.7500991689146,0.0,1
10.365844867361396,0.28206304477484073,36.7500991689146,0.0,1
11.325170961871544,0.3010011847572786,37.62500460256971,0.0,1
11.325170961871544,0.3010011847572786,37.62500460256971,0.0,1
11.325170961871544,0.3010011847572786,37.62500460256971,0.0,1
13.210610267950253,0.29059666793640687,45.46029506037287,0.0,1
13.210610267950253,0.29059666793640687,45.46029506037287,0.0,1
13.210610267950253,0.29059666793640687,45.46029506037287,0.0,1
15.259790868767658,0.29263028761943555,52.14699747215828,0.0,1
15.259790868767658,0.29263028761943555,52.14699747215828,0.0,1
15.259790868767658,0.29263028761943555,52.14699747215828,0.0,1
16.068239197582294,0.2823841769133571,56.90205227934019,0.0,1
16.068239197582294,0.2823841769133571,56.90205227934019,0.0,1
16.068239197582294,0.2823841769133571,56.90205227934019,0.0,1
17.383013678089288,0.31156313580559075,55.792908981812104,0.0,1
17.383013678089288,0.31156313580559075,55.792908981812104,0.0,1
17.383013678089288,0.31156313580559075,55.792908981812104,0.0,1
19.09765078727297,0.3003913038680129,63.575910958008855,0.0,1
19.09765078727297,0.3003913038680129,63.575910958008855,0.0,1
19.09765078727297,0.3003913038680129,63.575910958008855,0.0,1
20.751143882430117,0.3283491021131608,63.198418234987386,0.0,1
20.751143882430117,0.3283491021131608,63.198418234987386,0.0,1
20.751143882430117,0.3283491021131608,63.198418234987386,0.0,1
21.996513027154734,0.3517632087390468,62.53215936369485,0.0,1
21.996513027154734,0.3517632087390468,62.53215936369485,0.0,1
21.996513027154734,0.3517632087390468,62.53215936369485,0.0,1
24.318196901892573,0.3525902993515065,68.97012466485678,0.0,1
24.318196901892573,0.3525902993515065,68.97012466485678,0.0,1
24.318196901892573,0.3525902993515065,68.97012466485678,0.0,1
26.74747994822256,0.33090387691104944,80.83157017653369,0.0,1
26.74747994822256,0.33090387691104944,80.83157017653369,0.0,1
26.74747994822256,0.33090387691104944,80.83157017653369,0.0,1
28.69105081507428,0.319213198621388,89.8805279323808,0.0,1
28.69105081507428,0.319213198621388,89.8805279323808,0.0,1
28.69105081507428,0.319213198621388,89.8805279323808,0.0,1
30.832923682064376,0.3828148573469815,80.54265159859656,0.0,1
30.832923682064376,0.3828148573469815,80.54265159859656,0.0,1
30.832923682064376,0.3828148573469815,80.54265159859656,0.0,1
33.50703466592736,0.3952823090297299,84.76735209368358,0.0,1
33.50703466592736,0.3952823090297299,84.76735209368358,0.0,1
33.50703466592736,0.3952823090297299,84.76735209368358,0.0,1
35.54865960800307,0.40529383714786776,87.71083186994888,0.0,1
35.54865960800307,0.40529383714786776,87.71083186994888,0.0,1
35.54865960800307,0.40529383714786776,87.71083186994888,0.0,1
38.20247116522913,0.46870710275760874,81.50606410798406,0.0,1
38.20247116522913,0.46870710275760874,81.50606410798406,0.0,1
38.20247116522913,0.46870710275760874,81.50606410798406,0.0,1
38.61742935303982,0.4679304797898804,82.52813403046666,0.0,1
38.61742935303982,0.4679304797898804,82.52813403046666,0.0,1
38.61742935303982,0.4679304797898804,82.52813403046666,0.0,1
41.438394605721854,0.43749112980777805,94.71825091386145,0.0,1
41.438394605721854,0.43749112980777805,94.71825091386145,0.0,1
41.438394605721854,0.43749112980777805,94.71825091386145,0.0,1
43.74548676225716,0.42190591670440436,103.68540717314973,0.0,1
43.74548676225716,0.42190591670440436,103.68540717314973,0.0,1
43.74548676225716,0.42190591670440436,103.68540717314973,0.0,1
46.583325958474425,0.4287509829759453,108.648907659969,0.0,1
46.583325958474425,0.4287509829759453,108.648907659969,0.0,1
46.583325958474425,0.4287509829759453,108.648907659969,0.0,1
48.790825838973966,0.46745615238357546,104.37519239010508,0.0,1
48.790825838973966,0.46745615238357546,104.37519239010508,0.0,1
48.790825838973966,0.46745615238357546,104.37519239010508,0.0,1
51.1170060200605,0.5215256463949858,98.01436683584727,0.0,1
51.1170060200605,0.5215256463949858,98.01436683584727,0.0,1
51.1170060200605,0.5215256463949858,98.01436683584727,0.0,1
