-6.160352483191315898e-01,1.464865341896010725e-02,-4.205405307233102263e+01,0.000000000000000000e+00,1.000000000000000000e+00
-6.160352483191315898e-01,1.464865341896010725e-02,-4.205405307233102263e+01,0.000000000000000000e+00,1.000000000000000000e+00
-6.160352483191315898e-01,1.464865341896010725e-02,-4.205405307233102263e+01,0.000000000000000000e+00,1.000000000000000000e+00
-6.160352483191315898e-01,1.464865341896010725e-02,-4.205405307233102263e+01,0.000000000000000000e+00,1.000000000000000000e+00
-6.160352483191315898e-01,1.464865341896010725e-02,-4.205405307233102263e+01,0.000000000000000000e+00,1.000000000000000000e+00
-9.601480952362561050e-01,1.944016739598211987e-02,-4.938990882530666227e+01,0.000000000000000000e+00,1.000000000000000000e+00
-9.601480952362561050e-01,1.944016739598211987e-02,-4.938990882530666227e+01,0.000000000000000000e+00,1.000000000000000000e+00
-9.601480952362561050e-01,1.944016739598211987e-02,-4.938990882530666227e+01,0.000000000000000000e+00,1.000000000000000000e+00
-9.601480952362561050e-01,1.944016739598211987e-02,-4.938990882530666227e+01,0.000000000000000000e+00,1.000000000000000000e+00
-9.601480952362561050e-01,1.944016739598211987e-02,-4.938990882530666227e+01,0.000000000000000000e+00,1.000000000000000000e+00
-5.483299155631504718e-01,1.698710266290738222e-02,-3.227919006814918390e+01,0.000000000000000000e+00,1.000000000000000000e+00
-5.483299155631504718e-01,1.698710266290738222e-02,-3.227919006814918390e+01,0.000000000000000000e+00,1.000000000000000000e+00
-5.483299155631504718e-01,1.698710266290738222e-02,-3.227919006814918390e+01,0.000000000000000000e+00,1.000000000000000000e+00
-5.483299155631504718e-01,1.698710266290738222e-02,-3.227919006814918390e+01,0.000000000000000000e+00,1.000000000000000000e+00
-5.483299155631504718e-01,1.698710266290738222e-02,-3.227919006814918390e+01,0.000000000000000000e+00,1.000000000000000000e+00
-1.782354193282356114e+00,1.022655951399070035e-02,-1.742867863668090820e+02,0.000000000000000000e+00,1.000000000000000000e+00
-1.782354193282356114e+00,1.022655951399070035e-02,-1.742867863668090820e+02,0.000000000000000000e+00,1.000000000000000000e+00
-1.782354193282356114e+00,1.022655951399070035e-02,-1.742867863668090820e+02,0.000000000000000000e+00,1.000000000000000000e+00
-1.782354193282356114e+00,1.022655951399070035e-02,-1.742867863668090820e+02,0.000000000000000000e+00,1.000000000000000000e+00
-1.782354193282356114e+00,1.022655951399070035e-02,-1.742867863668090820e+02,0.000000000000000000e+00,1.000000000000000000e+00
6.389740225833918652e-01,1.535066787055818990e-02,4.162516106604794430e+01,0.000000000000000000e+00,1.000000000000000000e+00
6.389740225833918652e-01,1.535066787055818990e-02,4.162516106604794430e+01,0.000000000000000000e+00,1.000000000000000000e+00
6.389740225833918652e-01,1.535066787055818990e-02,4.162516106604794430e+01,0.000000000000000000e+00,1.000000000000000000e+00
6.389740225833918652e-01,1.535066787055818990e-02,4.162516106604794430e+01,0.000000000000000000e+00,1.000000000000000000e+00
6.389740225833918652e-01,1.535066787055818990e-02,4.162516106604794430e+01,0.000000000000000000e+00,1.000000000000000000e+00
-1.507245280879953575e-01,2.680013787586907892e-01,-5.624020622062103625e-01,5.740412189236017149e-01,0.000000000000000000e+00
-1.507245280879953575e-01,2.680013787586907892e-01,-5.624020622062103625e-01,5.740412189236017149e-01,0.000000000000000000e+00
-1.507245280879953575e-01,2.680013787586907892e-01,-5.624020622062103625e-01,5.740412189236017149e-01,0.000000000000000000e+00
-1.507245280879953575e-01,2.680013787586907892e-01,-5.624020622062103625e-01,5.740412189236017149e-01,0.000000000000000000e+00
-1.507245280879953575e-01,2.680013787586907892e-01,-5.624020622062103625e-01,5.740412189236017149e-01,0.000000000000000000e+00
1.456280550978073407e+00,3.196961665306037592e-02,4.555201792945700134e+01,0.000000000000000000e+00,1.000000000000000000e+00
1.456280550978073407e+00,3.196961665306037592e-02,4.555201792945700134e+01,0.000000000000000000e+00,1.000000000000000000e+00
1.456280550978073407e+00,3.196961665306037592e-02,4.555201792945700134e+01,0.000000000000000000e+00,1.000000000000000000e+00
1.456280550978073407e+00,3.196961665306037592e-02,4.555201792945700134e+01,0.000000000000000000e+00,1.000000000000000000e+00
1.456280550978073407e+00,3.196961665306037592e-02,4.555201792945700134e+01,0.000000000000000000e+00,1.000000000000000000e+00
8.641285265103997304e-01,1.982125511720776376e-02,4.359605491179058134e+01,0.000000000000000000e+00,1.000000000000000000e+00
8.641285265103997304e-01,1.982125511720776376e-02,4.359605491179058134e+01,0.000000000000000000e+00,1.000000000000000000e+00
8.641285265103997304e-01,1.982125511720776376e-02,4.359605491179058134e+01,0.000000000000000000e+00,1.000000000000000000e+00
8.641285265103997304e-01,1.982125511720776376e-02,4.359605491179058134e+01,0.000000000000000000e+00,1.000000000000000000e+00
8.641285265103997304e-01,1.982125511720776376e-02,4.359605491179058134e+01,0.000000000000000000e+00,1.000000000000000000e+00
-1.036970725627054946e-01,1.384478409611881837e-02,-7.489973974514737343e+00,2.324807013565077796e-13,1.000000000000000000e+00
-1.036970725627054946e-01,1.384478409611881837e-02,-7.489973974514737343e+00,2.324807013565077796e-13,1.000000000000000000e+00
-1.036970725627054946e-01,1.384478409611881837e-02,-7.489973974514737343e+00,2.324807013565077796e-13,1.000000000000000000e+00
-1.036970725627054946e-01,1.384478409611881837e-02,-7.489973974514737343e+00,2.324807013565077796e-13,1.000000000000000000e+00
-1.036970725627054946e-01,1.384478409611881837e-02,-7.489973974514737343e+00,2.324807013565077796e-13,1.000000000000000000e+00
-4.958397493364401498e-01,1.674992842064172358e-02,-2.960249959787252294e+01,0.000000000000000000e+00,1.000000000000000000e+00
-4.958397493364401498e-01,1.674992842064172358e-02,-2.960249959787252294e+01,0.000000000000000000e+00,1.000000000000000000e+00
-4.958397493364401498e-01,1.674992842064172358e-02,-2.960249959787252294e+01,0.000000000000000000e+00,1.000000000000000000e+00
-4.958397493364401498e-01,1.674992842064172358e-02,-2.960249959787252294e+01,0.000000000000000000e+00,1.000000000000000000e+00
-4.958397493364401498e-01,1.674992842064172358e-02,-2.960249959787252294e+01,0.000000000000000000e+00,1.000000000000000000e+00
1.645912635632940546e+00,2.169123154733178932e-02,7.587916951794294107e+01,0.000000000000000000e+00,1.000000000000000000e+00
1.645912635632940546e+00,2.169123154733178932e-02,7.587916951794294107e+01,0.000000000000000000e+00,1.000000000000000000e+00
1.645912635632940546e+00,2.169123154733178932e-02,7.587916951794294107e+01,0.000000000000000000e+00,1.000000000000000000e+00
1.645912635632940546e+00,2.169123154733178932e-02,7.587916951794294107e+01,0.000000000000000000e+00,1.000000000000000000e+00
1.645912635632940546e+00,2.169123154733178932e-02,7.587916951794294107e+01,0.000000000000000000e+00,1.000000000000000000e+00
-2.362450026268440306e-01,7.958525297238701682e-03,-2.968451990833174037e+01,0.000000000000000000e+00,1.000000000000000000e+00
-2.362450026268440306e-01,7.958525297238701682e-03,-2.968451990833174037e+01,0.000000000000000000e+00,1.000000000000000000e+00
-2.362450026268440306e-01,7.958525297238701682e-03,-2.968451990833174037e+01,0.000000000000000000e+00,1.000000000000000000e+00
-2.362450026268440306e-01,7.958525297238701682e-03,-2.968451990833174037e+01,0.000000000000000000e+00,1.000000000000000000e+00
-2.362450026268440306e-01,7.958525297238701682e-03,-2.968451990833174037e+01,0.000000000000000000e+00,1.000000000000000000e+00
-4.948126544998865395e-01,3.425160162449914641e-02,-1.444640924896083867e+01,0.000000000000000000e+00,1.000000000000000000e+00
-4.948126544998865395e-01,3.425160162449914641e-02,-1.444640924896083867e+01,0.000000000000000000e+00,1.000000000000000000e+00
-4.948126544998865395e-01,3.425160162449914641e-02,-1.444640924896083867e+01,0.000000000000000000e+00,1.000000000000000000e+00
-4.948126544998865395e-01,3.425160162449914641e-02,-1.444640924896083867e+01,0.000000000000000000e+00,1.000000000000000000e+00
-4.948126544998865395e-01,3.425160162449914641e-02,-1.444640924896083867e+01,0.000000000000000000e+00,1.000000000000000000e+00
-7.699294743005825614e-01,9.643152459414577882e-03,-7.984209287792634768e+01,0.000000000000000000e+00,1.000000000000000000e+00
-7.699294743005825614e-01,9.643152459414577882e-03,-7.984209287792634768e+01,0.000000000000000000e+00,1.000000000000000000e+00
-7.699294743005825614e-01,9.643152459414577882e-03,-7.984209287792634768e+01,0.000000000000000000e+00,1.000000000000000000e+00
-7.699294743005825614e-01,9.643152459414577882e-03,-7.984209287792634768e+01,0.000000000000000000e+00,1.000000000000000000e+00
-7.699294743005825614e-01,9.643152459414577882e-03,-7.984209287792634768e+01,0.000000000000000000e+00,1.000000000000000000e+00
-1.182907747005273180e-01,2.210657975238017325e-02,-5.350930629049081233e+00,1.224648764619473695e-07,1.000000000000000000e+00
-1.182907747005273180e-01,2.210657975238017325e-02,-5.350930629049081233e+00,1.224648764619473695e-07,1.000000000000000000e+00
-1.182907747005273180e-01,2.210657975238017325e-02,-5.350930629049081233e+00,1.224648764619473695e-07,1.000000000000000000e+00
-1.182907747005273180e-01,2.210657975238017325e-02,-5.350930629049081233e+00,1.224648764619473695e-07,1.000000000000000000e+00
-1.182907747005273180e-01,2.210657975238017325e-02,-5.350930629049081233e+00,1.224648764619473695e-07,1.000000000000000000e+00
2.361400884519831433e-01,8.808346893887902818e-03,2.680867264842173370e+01,0.000000000000000000e+00,1.000000000000000000e+00
2.361400884519831433e-01,8.808346893887902818e-03,2.680867264842173370e+01,0.000000000000000000e+00,1.000000000000000000e+00
2.361400884519831433e-01,8.808346893887902818e-03,2.680867264842173370e+01,0.000000000000000000e+00,1.000000000000000000e+00
2.361400884519831433e-01,8.808346893887902818e-03,2.680867264842173370e+01,0.000000000000000000e+00,1.000000000000000000e+00
2.361400884519831433e-01,8.808346893887902818e-03,2.680867264842173370e+01,0.000000000000000000e+00,1.000000000000000000e+00
-8.228597564851939383e-01,2.469186999048538639e-02,-3.332512915393891717e+01,0.000000000000000000e+00,1.000000000000000000e+00
-8.228597564851939383e-01,2.469186999048538639e-02,-3.332512915393891717e+01,0.000000000000000000e+00,1.000000000000000000e+00
-8.228597564851939383e-01,2.469186999048538639e-02,-3.332512915393891717e+01,0.000000000000000000e+00,1.000000000000000000e+00
-8.228597564851939383e-01,2.469186999048538639e-02,-3.332512915393891717e+01,0.000000000000000000e+00,1.000000000000000000e+00
-8.228597564851939383e-01,2.469186999048538639e-02,-3.332512915393891717e+01,0.000000000000000000e+00,1.000000000000000000e+00
3.950585900120061611e-01,9.327430451096019315e-03,4.235449324262555137e+01,0.000000000000000000e+00,1.000000000000000000e+00
3.950585900120061611e-01,9.327430451096019315e-03,4.235449324262555137e+01,0.000000000000000000e+00,1.000000000000000000e+00
3.950585900120061611e-01,9.327430451096019315e-03,4.235449324262555137e+01,0.000000000000000000e+00,1.000000000000000000e+00
3.950585900120061611e-01,9.327430451096019315e-03,4.235449324262555137e+01,0.000000000000000000e+00,1.000000000000000000e+00
3.950585900120061611e-01,9.327430451096019315e-03,4.235449324262555137e+01,0.000000000000000000e+00,1.000000000000000000e+00
-1.061173767113236410e+00,1.806567739914403947e-02,-5.873977175987407406e+01,0.000000000000000000e+00,1.000000000000000000e+00
-1.061173767113236410e+00,1.806567739914403947e-02,-5.873977175987407406e+01,0.000000000000000000e+00,1.000000000000000000e+00
-1.061173767113236410e+00,1.806567739914403947e-02,-5.873977175987407406e+01,0.000000000000000000e+00,1.000000000000000000e+00
-1.061173767113236410e+00,1.806567739914403947e-02,-5.873977175987407406e+01,0.000000000000000000e+00,1.000000000000000000e+00
-1.061173767113236410e+00,1.806567739914403947e-02,-5.873977175987407406e+01,0.000000000000000000e+00,1.000000000000000000e+00
-1.403875397397630620e-01,1.623058275991465585e-02,-8.649568645587020654e+00,0.000000000000000000e+00,1.000000000000000000e+00
-1.403875397397630620e-01,1.623058275991465585e-02,-8.649568645587020654e+00,0.000000000000000000e+00,1.000000000000000000e+00
-1.403875397397630620e-01,1.623058275991465585e-02,-8.649568645587020654e+00,0.000000000000000000e+00,1.000000000000000000e+00
-1.403875397397630620e-01,1.623058275991465585e-02,-8.649568645587020654e+00,0.000000000000000000e+00,1.000000000000000000e+00
-1.403875397397630620e-01,1.623058275991465585e-02,-8.649568645587020654e+00,0.000000000000000000e+00,1.000000000000000000e+00
-4.637434918874923651e-01,1.163090438292350981e-02,-3.987166230756400864e+01,0.000000000000000000e+00,1.000000000000000000e+00
-4.637434918874923651e-01,1.163090438292350981e-02,-3.987166230756400864e+01,0.000000000000000000e+00,1.000000000000000000e+00
-4.637434918874923651e-01,1.163090438292350981e-02,-3.987166230756400864e+01,0.000000000000000000e+00,1.000000000000000000e+00
-4.637434918874923651e-01,1.163090438292350981e-02,-3.987166230756400864e+01,0.000000000000000000e+00,1.000000000000000000e+00
-4.637434918874923651e-01,1.163090438292350981e-02,-3.987166230756400864e+01,0.000000000000000000e+00,1.000000000000000000e+00
8.764347204790977619e-01,1.115959708991256898e-02,7.853641250823727660e+01,0.000000000000000000e+00,1.000000000000000000e+00
8.764347204790977619e-01,1.115959708991256898e-02,7.853641250823727660e+01,0.000000000000000000e+00,1.000000000000000000e+00
8.764347204790977619e-01,1.115959708991256898e-02,7.853641250823727660e+01,0.000000000000000000e+00,1.000000000000000000e+00
8.764347204790977619e-01,1.115959708991256898e-02,7.853641250823727660e+01,0.000000000000000000e+00,1.000000000000000000e+00
8.764347204790977619e-01,1.115959708991256898e-02,7.853641250823727660e+01,0.000000000000000000e+00,1.000000000000000000e+00
1.429492739715996441e+00,3.361549274558497252e-02,4.252481885465577705e+01,0.000000000000000000e+00,1.000000000000000000e+00
1.429492739715996441e+00,3.361549274558497252e-02,4.252481885465577705e+01,0.000000000000000000e+00,1.000000000000000000e+00
1.429492739715996441e+00,3.361549274558497252e-02,4.252481885465577705e+01,0.000000000000000000e+00,1.000000000000000000e+00
1.429492739715996441e+00,3.361549274558497252e-02,4.252481885465577705e+01,0.000000000000000000e+00,1.000000000000000000e+00
1.429492739715996441e+00,3.361549274558497252e-02,4.252481885465577705e+01,0.000000000000000000e+00,1.000000000000000000e+00
-1.242326990394512443e+00,1.049054648469751987e-02,-1.184234770044330247e+02,0.000000000000000000e+00,1.000000000000000000e+00
-1.242326990394512443e+00,1.049054648469751987e-02,-1.184234770044330247e+02,0.000000000000000000e+00,1.000000000000000000e+00
-1.242326990394512443e+00,1.049054648469751987e-02,-1.184234770044330247e+02,0.000000000000000000e+00,1.000000000000000000e+00
-1.242326990394512443e+00,1.049054648469751987e-02,-1.184234770044330247e+02,0.000000000000000000e+00,1.000000000000000000e+00
-1.242326990394512443e+00,1.049054648469751987e-02,-1.184234770044330247e+02,0.000000000000000000e+00,1.000000000000000000e+00
1.367439497997493314e+00,2.254909932813390153e-02,6.064275464392389381e+01,0.000000000000000000e+00,1.000000000000000000e+00
1.367439497997493314e+00,2.254909932813390153e-02,6.064275464392389381e+01,0.000000000000000000e+00,1.000000000000000000e+00
1.367439497997493314e+00,2.254909932813390153e-02,6.064275464392389381e+01,0.000000000000000000e+00,1.000000000000000000e+00
1.367439497997493314e+00,2.254909932813390153e-02,6.064275464392389381e+01,0.000000000000000000e+00,1.000000000000000000e+00
1.367439497997493314e+00,2.254909932813390153e-02,6.064275464392389381e+01,0.000000000000000000e+00,1.000000000000000000e+00
-4.545289733639888974e-01,9.182208953884623062e-03,-4.950104878322290602e+01,0.000000000000000000e+00,1.000000000000000000e+00
-4.545289733639888974e-01,9.182208953884623062e-03,-4.950104878322290602e+01,0.000000000000000000e+00,1.000000000000000000e+00
-4.545289733639888974e-01,9.182208953884623062e-03,-4.950104878322290602e+01,0.000000000000000000e+00,1.000000000000000000e+00
-4.545289733639888974e-01,9.182208953884623062e-03,-4.950104878322290602e+01,0.000000000000000000e+00,1.000000000000000000e+00
-4.545289733639888974e-01,9.182208953884623062e-03,-4.950104878322290602e+01,0.000000000000000000e+00,1.000000000000000000e+00
1.090383649366661323e-01,2.520117574796701745e-02,4.326717373313912596e+00,1.758481198743666596e-05,1.000000000000000000e+00
1.090383649366661323e-01,2.520117574796701745e-02,4.326717373313912596e+00,1.758481198743666596e-05,1.000000000000000000e+00
1.090383649366661323e-01,2.520117574796701745e-02,4.326717373313912596e+00,1.758481198743666596e-05,1.000000000000000000e+00
1.090383649366661323e-01,2.520117574796701745e-02,4.326717373313912596e+00,1.758481198743666596e-05,1.000000000000000000e+00
1.090383649366661323e-01,2.520117574796701745e-02,4.326717373313912596e+00,1.758481198743666596e-05,1.000000000000000000e+00
1.468440252521093115e+00,3.422549757334916037e-02,4.290486206589275753e+01,0.000000000000000000e+00,1.000000000000000000e+00
1.468440252521093115e+00,3.422549757334916037e-02,4.290486206589275753e+01,0.000000000000000000e+00,1.000000000000000000e+00
1.468440252521093115e+00,3.422549757334916037e-02,4.290486206589275753e+01,0.000000000000000000e+00,1.000000000000000000e+00
1.468440252521093115e+00,3.422549757334916037e-02,4.290486206589275753e+01,0.000000000000000000e+00,1.000000000000000000e+00
1.468440252521093115e+00,3.422549757334916037e-02,4.290486206589275753e+01,0.000000000000000000e+00,1.000000000000000000e+00
2.303877831741973026e+00,2.837489443812352685e-01,8.119423445842189224e+00,2.442490654175344389e-15,1.000000000000000000e+00
2.303877831741973026e+00,2.837489443812352685e-01,8.119423445842189224e+00,2.442490654175344389e-15,1.000000000000000000e+00
2.303877831741973026e+00,2.837489443812352685e-01,8.119423445842189224e+00,2.442490654175344389e-15,1.000000000000000000e+00
2.303877831741973026e+00,2.837489443812352685e-01,8.119423445842189224e+00,2.442490654175344389e-15,1.000000000000000000e+00
2.303877831741973026e+00,2.837489443812352685e-01,8.119423445842189224e+00,2.442490654175344389e-15,1.000000000000000000e+00
-1.460859544444684355e+00,2.345660040700325508e-02,-6.227925270912347600e+01,0.000000000000000000e+00,1.000000000000000000e+00
-1.460859544444684355e+00,2.345660040700325508e-02,-6.227925270912347600e+01,0.000000000000000000e+00,1.000000000000000000e+00
-1.460859544444684355e+00,2.345660040700325508e-02,-6.227925270912347600e+01,0.000000000000000000e+00,1.000000000000000000e+00
-1.460859544444684355e+00,2.345660040700325508e-02,-6.227925270912347600e+01,0.000000000000000000e+00,1.000000000000000000e+00
-1.460859544444684355e+00,2.345660040700325508e-02,-6.227925270912347600e+01,0.000000000000000000e+00,1.000000000000000000e+00
2.532648515035957004e+00,4.805593941961896348e-02,5.270209147138213268e+01,0.000000000000000000e+00,1.000000000000000000e+00
2.532648515035957004e+00,4.805593941961896348e-02,5.270209147138213268e+01,0.000000000000000000e+00,1.000000000000000000e+00
2.532648515035957004e+00,4.805593941961896348e-02,5.270209147138213268e+01,0.000000000000000000e+00,1.000000000000000000e+00
2.532648515035957004e+00,4.805593941961896348e-02,5.270209147138213268e+01,0.000000000000000000e+00,1.000000000000000000e+00
2.532648515035957004e+00,4.805593941961896348e-02,5.270209147138213268e+01,0.000000000000000000e+00,1.000000000000000000e+00
-1.813940334352528883e+00,1.345209207218205603e-02,-1.348444780647632513e+02,0.000000000000000000e+00,1.000000000000000000e+00
-1.813940334352528883e+00,1.345209207218205603e-02,-1.348444780647632513e+02,0.000000000000000000e+00,1.000000000000000000e+00
-1.813940334352528883e+00,1.345209207218205603e-02,-1.348444780647632513e+02,0.000000000000000000e+00,1.000000000000000000e+00
-1.813940334352528883e+00,1.345209207218205603e-02,-1.348444780647632513e+02,0.000000000000000000e+00,1.000000000000000000e+00
-1.813940334352528883e+00,1.345209207218205603e-02,-1.348444780647632513e+02,0.000000000000000000e+00,1.000000000000000000e+00
2.501132008340003043e+00,5.287493749024196193e-02,4.730278894044244709e+01,0.000000000000000000e+00,1.000000000000000000e+00
2.501132008340003043e+00,5.287493749024196193e-02,4.730278894044244709e+01,0.000000000000000000e+00,1.000000000000000000e+00
2.501132008340003043e+00,5.287493749024196193e-02,4.730278894044244709e+01,0.000000000000000000e+00,1.000000000000000000e+00
2.501132008340003043e+00,5.287493749024196193e-02,4.730278894044244709e+01,0.000000000000000000e+00,1.000000000000000000e+00
2.501132008340003043e+00,5.287493749024196193e-02,4.730278894044244709e+01,0.000000000000000000e+00,1.000000000000000000e+00
-6.695877575570979845e-02,7.594131777457015925e-03,-8.817173275090537388e+00,0.000000000000000000e+00,1.000000000000000000e+00
-6.695877575570979845e-02,7.594131777457015925e-03,-8.817173275090537388e+00,0.000000000000000000e+00,1.000000000000000000e+00
-6.695877575570979845e-02,7.594131777457015925e-03,-8.817173275090537388e+00,0.000000000000000000e+00,1.000000000000000000e+00
-6.695877575570979845e-02,7.594131777457015925e-03,-8.817173275090537388e+00,0.000000000000000000e+00,1.000000000000000000e+00
-6.695877575570979845e-02,7.594131777457015925e-03,-8.817173275090537388e+00,0.000000000000000000e+00,1.000000000000000000e+00
4.833886026742646724e-02,1.143838154146098463e-02,4.226022719404087802e+00,2.728612593427826027e-05,1.000000000000000000e+00
4.833886026742646724e-02,1.143838154146098463e-02,4.226022719404087802e+00,2.728612593427826027e-05,1.000000000000000000e+00
4.833886026742646724e-02,1.143838154146098463e-02,4.226022719404087802e+00,2.728612593427826027e-05,1.000000000000000000e+00
4.833886026742646724e-02,1.143838154146098463e-02,4.226022719404087802e+00,2.728612593427826027e-05,1.000000000000000000e+00
4.833886026742646724e-02,1.143838154146098463e-02,4.226022719404087802e+00,2.728612593427826027e-05,1.000000000000000000e+00
1.450458721428381281e+00,2.219863798755685944e-02,6.533998717585357952e+01,0.000000000000000000e+00,1.000000000000000000e+00
1.450458721428381281e+00,2.219863798755685944e-02,6.533998717585357952e+01,0.000000000000000000e+00,1.000000000000000000e+00
1.450458721428381281e+00,2.219863798755685944e-02,6.533998717585357952e+01,0.000000000000000000e+00,1.000000000000000000e+00
1.450458721428381281e+00,2.219863798755685944e-02,6.533998717585357952e+01,0.000000000000000000e+00,1.000000000000000000e+00
1.450458721428381281e+00,2.219863798755685944e-02,6.533998717585357952e+01,0.000000000000000000e+00,1.000000000000000000e+00
-3.875501647856681442e-02,7.144917833851104245e-03,-5.424137461029120644e+00,8.297377807053862853e-08,1.000000000000000000e+00
-3.875501647856681442e-02,7.144917833851104245e-03,-5.424137461029120644e+00,8.297377807053862853e-08,1.000000000000000000e+00
-3.875501647856681442e-02,7.144917833851104245e-03,-5.424137461029120644e+00,8.297377807053862853e-08,1.000000000000000000e+00
-3.875501647856681442e-02,7.144917833851104245e-03,-5.424137461029120644e+00,8.297377807053862853e-08,1.000000000000000000e+00
-3.875501647856681442e-02,7.144917833851104245e-03,-5.424137461029120644e+00,8.297377807053862853e-08,1.000000000000000000e+00
1.078478950969853134e+00,1.907531248990570333e-02,5.653794408561138596e+01,0.000000000000000000e+00,1.000000000000000000e+00
1.078478950969853134e+00,1.907531248990570333e-02,5.653794408561138596e+01,0.000000000000000000e+00,1.000000000000000000e+00
1.078478950969853134e+00,1.907531248990570333e-02,5.653794408561138596e+01,0.000000000000000000e+00,1.000000000000000000e+00
1.078478950969853134e+00,1.907531248990570333e-02,5.653794408561138596e+01,0.000000000000000000e+00,1.000000000000000000e+00
1.078478950969853134e+00,1.907531248990570333e-02,5.653794408561138596e+01,0.000000000000000000e+00,1.000000000000000000e+00
-5.781133914382313721e-01,9.846087994610586494e-03,-5.871503400687369378e+01,0.000000000000000000e+00,1.000000000000000000e+00
-5.781133914382313721e-01,9.846087994610586494e-03,-5.871503400687369378e+01,0.000000000000000000e+00,1.000000000000000000e+00
-5.781133914382313721e-01,9.846087994610586494e-03,-5.871503400687369378e+01,0.000000000000000000e+00,1.000000000000000000e+00
-5.781133914382313721e-01,9.846087994610586494e-03,-5.871503400687369378e+01,0.000000000000000000e+00,1.000000000000000000e+00
-5.781133914382313721e-01,9.846087994610586494e-03,-5.871503400687369378e+01,0.000000000000000000e+00,1.000000000000000000e+00
2.093668033272067658e-02,1.276117184289526744e-02,1.640654995518855186e+00,1.013658185646006960e-01,0.000000000000000000e+00
2.093668033272067658e-02,1.276117184289526744e-02,1.640654995518855186e+00,1.013658185646006960e-01,0.000000000000000000e+00
2.093668033272067658e-02,1.276117184289526744e-02,1.640654995518855186e+00,1.013658185646006960e-01,0.000000000000000000e+00
2.093668033272067658e-02,1.276117184289526744e-02,1.640654995518855186e+00,1.013658185646006960e-01,0.000000000000000000e+00
2.093668033272067658e-02,1.276117184289526744e-02,1.640654995518855186e+00,1.013658185646006960e-01,0.000000000000000000e+00
2.767140289214973792e-01,3.581499700383522500e-02,7.726205558299101384e+00,4.352074256530613638e-14,1.000000000000000000e+00
2.767140289214973792e-01,3.581499700383522500e-02,7.726205558299101384e+00,4.352074256530613638e-14,1.000000000000000000e+00
2.767140289214973792e-01,3.581499700383522500e-02,7.726205558299101384e+00,4.352074256530613638e-14,1.000000000000000000e+00
2.767140289214973792e-01,3.581499700383522500e-02,7.726205558299101384e+00,4.352074256530613638e-14,1.000000000000000000e+00
2.767140289214973792e-01,3.581499700383522500e-02,7.726205558299101384e+00,4.352074256530613638e-14,1.000000000000000000e+00
2.805758901538270011e-01,3.195094009340744556e-02,8.781459616949401692e+00,0.000000000000000000e+00,1.000000000000000000e+00
2.805758901538270011e-01,3.195094009340744556e-02,8.781459616949401692e+00,0.000000000000000000e+00,1.000000000000000000e+00
2.805758901538270011e-01,3.195094009340744556e-02,8.781459616949401692e+00,0.000000000000000000e+00,1.000000000000000000e+00
2.805758901538270011e-01,3.195094009340744556e-02,8.781459616949401692e+00,0.000000000000000000e+00,1.000000000000000000e+00
2.805758901538270011e-01,3.195094009340744556e-02,8.781459616949401692e+00,0.000000000000000000e+00,1.000000000000000000e+00
-4.887140109356047368e-01,9.821126131295860803e-03,-4.976150437354384337e+01,0.000000000000000000e+00,1.000000000000000000e+00
-4.887140109356047368e-01,9.821126131295860803e-03,-4.976150437354384337e+01,0.000000000000000000e+00,1.000000000000000000e+00
-4.887140109356047368e-01,9.821126131295860803e-03,-4.976150437354384337e+01,0.000000000000000000e+00,1.000000000000000000e+00
-4.887140109356047368e-01,9.821126131295860803e-03,-4.976150437354384337e+01,0.000000000000000000e+00,1.000000000000000000e+00
-4.887140109356047368e-01,9.821126131295860803e-03,-4.976150437354384337e+01,0.000000000000000000e+00,1.000000000000000000e+00
2.678042691402271025e+00,5.854624160070338174e-02,4.574235028897391686e+01,0.000000000000000000e+00,1.000000000000000000e+00
2.678042691402271025e+00,5.854624160070338174e-02,4.574235028897391686e+01,0.000000000000000000e+00,1.000000000000000000e+00
2.678042691402271025e+00,5.854624160070338174e-02,4.574235028897391686e+01,0.000000000000000000e+00,1.000000000000000000e+00
2.678042691402271025e+00,5.854624160070338174e-02,4.574235028897391686e+01,0.000000000000000000e+00,1.000000000000000000e+00
2.678042691402271025e+00,5.854624160070338174e-02,4.574235028897391686e+01,0.000000000000000000e+00,1.000000000000000000e+00
-5.069217144741625658e-01,7.939827891138314178e-03,-6.384542856904249675e+01,0.000000000000000000e+00,1.000000000000000000e+00
-5.069217144741625658e-01,7.939827891138314178e-03,-6.384542856904249675e+01,0.000000000000000000e+00,1.000000000000000000e+00
-5.069217144741625658e-01,7.939827891138314178e-03,-6.384542856904249675e+01,0.000000000000000000e+00,1.000000000000000000e+00
-5.069217144741625658e-01,7.939827891138314178e-03,-6.384542856904249675e+01,0.000000000000000000e+00,1.000000000000000000e+00
-5.069217144741625658e-01,7.939827891138314178e-03,-6.384542856904249675e+01,0.000000000000000000e+00,1.000000000000000000e+00
-6.707247896609189741e-01,1.442961784576741145e-02,-4.648250541559978188e+01,0.000000000000000000e+00,1.000000000000000000e+00
-6.707247896609189741e-01,1.442961784576741145e-02,-4.648250541559978188e+01,0.000000000000000000e+00,1.000000000000000000e+00
-6.707247896609189741e-01,1.442961784576741145e-02,-4.648250541559978188e+01,0.000000000000000000e+00,1.000000000000000000e+00
-6.707247896609189741e-01,1.442961784576741145e-02,-4.648250541559978188e+01,0.000000000000000000e+00,1.000000000000000000e+00
-6.707247896609189741e-01,1.442961784576741145e-02,-4.648250541559978188e+01,0.000000000000000000e+00,1.000000000000000000e+00
9.695206866989846128e-01,1.968699567686933369e-02,4.924675672266717896e+01,0.000000000000000000e+00,1.000000000000000000e+00
9.695206866989846128e-01,1.968699567686933369e-02,4.924675672266717896e+01,0.000000000000000000e+00,1.000000000000000000e+00
9.695206866989846128e-01,1.968699567686933369e-02,4.924675672266717896e+01,0.000000000000000000e+00,1.000000000000000000e+00
9.695206866989846128e-01,1.968699567686933369e-02,4.924675672266717896e+01,0.000000000000000000e+00,1.000000000000000000e+00
9.695206866989846128e-01,1.968699567686933369e-02,4.924675672266717896e+01,0.000000000000000000e+00,1.000000000000000000e+00
1.704449475342781462e+00,3.114823425138796634e-02,5.472058099944561604e+01,0.000000000000000000e+00,1.000000000000000000e+00
1.704449475342781462e+00,3.114823425138796634e-02,5.472058099944561604e+01,0.000000000000000000e+00,1.000000000000000000e+00
1.704449475342781462e+00,3.114823425138796634e-02,5.472058099944561604e+01,0.000000000000000000e+00,1.000000000000000000e+00
1.704449475342781462e+00,3.114823425138796634e-02,5.472058099944561604e+01,0.000000000000000000e+00,1.000000000000000000e+00
1.704449475342781462e+00,3.114823425138796634e-02,5.472058099944561604e+01,0.000000000000000000e+00,1.000000000000000000e+00
-1.126207181223694898e+00,1.415623359431202044e-02,-7.955556636732848119e+01,0.000000000000000000e+00,1.000000000000000000e+00
-1.126207181223694898e+00,1.415623359431202044e-02,-7.955556636732848119e+01,0.000000000000000000e+00,1.000000000000000000e+00
-1.126207181223694898e+00,1.415623359431202044e-02,-7.955556636732848119e+01,0.000000000000000000e+00,1.000000000000000000e+00
-1.126207181223694898e+00,1.415623359431202044e-02,-7.955556636732848119e+01,0.000000000000000000e+00,1.000000000000000000e+00
-1.126207181223694898e+00,1.415623359431202044e-02,-7.955556636732848119e+01,0.000000000000000000e+00,1.000000000000000000e+00
-1.707328734447770779e+00,3.154189001653247282e-02,-5.412892929221697358e+01,0.000000000000000000e+00,1.000000000000000000e+00
-1.707328734447770779e+00,3.154189001653247282e-02,-5.412892929221697358e+01,0.000000000000000000e+00,1.000000000000000000e+00
-1.707328734447770779e+00,3.154189001653247282e-02,-5.412892929221697358e+01,0.000000000000000000e+00,1.000000000000000000e+00
-1.707328734447770779e+00,3.154189001653247282e-02,-5.412892929221697358e+01,0.000000000000000000e+00,1.000000000000000000e+00
-1.707328734447770779e+00,3.154189001653247282e-02,-5.412892929221697358e+01,0.000000000000000000e+00,1.000000000000000000e+00
2.625230769666992980e-01,2.142895307087236759e-02,1.225085873763650213e+01,0.000000000000000000e+00,1.000000000000000000e+00
2.625230769666992980e-01,2.142895307087236759e-02,1.225085873763650213e+01,0.000000000000000000e+00,1.000000000000000000e+00
2.625230769666992980e-01,2.142895307087236759e-02,1.225085873763650213e+01,0.000000000000000000e+00,1.000000000000000000e+00
2.625230769666992980e-01,2.142895307087236759e-02,1.225085873763650213e+01,0.000000000000000000e+00,1.000000000000000000e+00
2.625230769666992980e-01,2.142895307087236759e-02,1.225085873763650213e+01,0.000000000000000000e+00,1.000000000000000000e+00
-5.082347828219624386e-01,2.630429063118531197e-01,-1.932136433359733507e+00,5.378857327886432671e-02,0.000000000000000000e+00
-5.082347828219624386e-01,2.630429063118531197e-01,-1.932136433359733507e+00,5.378857327886432671e-02,0.000000000000000000e+00
-5.082347828219624386e-01,2.630429063118531197e-01,-1.932136433359733507e+00,5.378857327886432671e-02,0.000000000000000000e+00
-5.082347828219624386e-01,2.630429063118531197e-01,-1.932136433359733507e+00,5.378857327886432671e-02,0.000000000000000000e+00
-5.082347828219624386e-01,2.630429063118531197e-01,-1.932136433359733507e+00,5.378857327886432671e-02,0.000000000000000000e+00
-6.952976409262356938e-01,1.206090844849271038e-02,-5.764886151781785628e+01,0.000000000000000000e+00,1.000000000000000000e+00
-6.952976409262356938e-01,1.206090844849271038e-02,-5.764886151781785628e+01,0.000000000000000000e+00,1.000000000000000000e+00
-6.952976409262356938e-01,1.206090844849271038e-02,-5.764886151781785628e+01,0.000000000000000000e+00,1.000000000000000000e+00
-6.952976409262356938e-01,1.206090844849271038e-02,-5.764886151781785628e+01,0.000000000000000000e+00,1.000000000000000000e+00
-6.952976409262356938e-01,1.206090844849271038e-02,-5.764886151781785628e+01,0.000000000000000000e+00,1.000000000000000000e+00
-2.341269524959022630e-01,7.781467217205028514e-03,-3.008776442291518194e+01,0.000000000000000000e+00,1.000000000000000000e+00
-2.341269524959022630e-01,7.781467217205028514e-03,-3.008776442291518194e+01,0.000000000000000000e+00,1.000000000000000000e+00
-2.341269524959022630e-01,7.781467217205028514e-03,-3.008776442291518194e+01,0.000000000000000000e+00,1.000000000000000000e+00
-2.341269524959022630e-01,7.781467217205028514e-03,-3.008776442291518194e+01,0.000000000000000000e+00,1.000000000000000000e+00
-2.341269524959022630e-01,7.781467217205028514e-03,-3.008776442291518194e+01,0.000000000000000000e+00,1.000000000000000000e+00
-6.060184813250417413e-02,3.487731656454107210e-02,-1.737571983795238806e+00,8.277261854287121245e-02,0.000000000000000000e+00
-6.060184813250417413e-02,3.487731656454107210e-02,-1.737571983795238806e+00,8.277261854287121245e-02,0.000000000000000000e+00
-6.060184813250417413e-02,3.487731656454107210e-02,-1.737571983795238806e+00,8.277261854287121245e-02,0.000000000000000000e+00
-6.060184813250417413e-02,3.487731656454107210e-02,-1.737571983795238806e+00,8.277261854287121245e-02,0.000000000000000000e+00
-6.060184813250417413e-02,3.487731656454107210e-02,-1.737571983795238806e+00,8.277261854287121245e-02,0.000000000000000000e+00
1.512482729125991243e+00,4.001308829506139420e-02,3.779969988751578569e+01,0.000000000000000000e+00,1.000000000000000000e+00
1.512482729125991243e+00,4.001308829506139420e-02,3.779969988751578569e+01,0.000000000000000000e+00,1.000000000000000000e+00
1.512482729125991243e+00,4.001308829506139420e-02,3.779969988751578569e+01,0.000000000000000000e+00,1.000000000000000000e+00
1.512482729125991243e+00,4.001308829506139420e-02,3.779969988751578569e+01,0.000000000000000000e+00,1.000000000000000000e+00
1.512482729125991243e+00,4.001308829506139420e-02,3.779969988751578569e+01,0.000000000000000000e+00,1.000000000000000000e+00
7.302108909895318467e-01,1.753547066483815767e-02,4.164193279703287232e+01,0.000000000000000000e+00,1.000000000000000000e+00
7.302108909895318467e-01,1.753547066483815767e-02,4.164193279703287232e+01,0.000000000000000000e+00,1.000000000000000000e+00
7.302108909895318467e-01,1.753547066483815767e-02,4.164193279703287232e+01,0.000000000000000000e+00,1.000000000000000000e+00
7.302108909895318467e-01,1.753547066483815767e-02,4.164193279703287232e+01,0.000000000000000000e+00,1.000000000000000000e+00
7.302108909895318467e-01,1.753547066483815767e-02,4.164193279703287232e+01,0.000000000000000000e+00,1.000000000000000000e+00
1.642291751593455640e+00,5.660527390629398886e-02,2.901305193420940043e+01,0.000000000000000000e+00,1.000000000000000000e+00
1.642291751593455640e+00,5.660527390629398886e-02,2.901305193420940043e+01,0.000000000000000000e+00,1.000000000000000000e+00
1.642291751593455640e+00,5.660527390629398886e-02,2.901305193420940043e+01,0.000000000000000000e+00,1.000000000000000000e+00
1.642291751593455640e+00,5.660527390629398886e-02,2.901305193420940043e+01,0.000000000000000000e+00,1.000000000000000000e+00
1.642291751593455640e+00,5.660527390629398886e-02,2.901305193420940043e+01,0.000000000000000000e+00,1.000000000000000000e+00
-9.562903910354136894e-02,2.681128699104059487e-01,-3.566745570083871275e-01,7.214543150372207947e-01,0.000000000000000000e+00
-9.562903910354136894e-02,2.681128699104059487e-01,-3.566745570083871275e-01,7.214543150372207947e-01,0.000000000000000000e+00
-9.562903910354136894e-02,2.681128699104059487e-01,-3.566745570083871275e-01,7.214543150372207947e-01,0.000000000000000000e+00
-9.562903910354136894e-02,2.681128699104059487e-01,-3.566745570083871275e-01,7.214543150372207947e-01,0.000000000000000000e+00
-9.562903910354136894e-02,2.681128699104059487e-01,-3.566745570083871275e-01,7.214543150372207947e-01,0.000000000000000000e+00
2.382245008406567166e+00,5.661521271301733771e-02,4.207782492105387462e+01,0.000000000000000000e+00,1.000000000000000000e+00
2.382245008406567166e+00,5.661521271301733771e-02,4.207782492105387462e+01,0.000000000000000000e+00,1.000000000000000000e+00
2.382245008406567166e+00,5.661521271301733771e-02,4.207782492105387462e+01,0.000000000000000000e+00,1.000000000000000000e+00
2.382245008406567166e+00,5.661521271301733771e-02,4.207782492105387462e+01,0.000000000000000000e+00,1.000000000000000000e+00
2.382245008406567166e+00,5.661521271301733771e-02,4.207782492105387462e+01,0.000000000000000000e+00,1.000000000000000000e+00
-4.468205956432751147e-02,3.168762465876976547e-02,-1.410079172720869911e+00,1.590074690963050319e-01,0.000000000000000000e+00
-4.468205956432751147e-02,3.168762465876976547e-02,-1.410079172720869911e+00,1.590074690963050319e-01,0.000000000000000000e+00
-4.468205956432751147e-02,3.168762465876976547e-02,-1.410079172720869911e+00,1.590074690963050319e-01,0.000000000000000000e+00
-4.468205956432751147e-02,3.168762465876976547e-02,-1.410079172720869911e+00,1.590074690963050319e-01,0.000000000000000000e+00
-4.468205956432751147e-02,3.168762465876976547e-02,-1.410079172720869911e+00,1.590074690963050319e-01,0.000000000000000000e+00
-1.107172582695163054e+00,2.531277620679692891e-02,-4.373967413332827903e+01,0.000000000000000000e+00,1.000000000000000000e+00
-1.107172582695163054e+00,2.531277620679692891e-02,-4.373967413332827903e+01,0.000000000000000000e+00,1.000000000000000000e+00
-1.107172582695163054e+00,2.531277620679692891e-02,-4.373967413332827903e+01,0.000000000000000000e+00,1.000000000000000000e+00
-1.107172582695163054e+00,2.531277620679692891e-02,-4.373967413332827903e+01,0.000000000000000000e+00,1.000000000000000000e+00
-1.107172582695163054e+00,2.531277620679692891e-02,-4.373967413332827903e+01,0.000000000000000000e+00,1.000000000000000000e+00
4.505384041820814089e-01,1.064720078494416945e-02,4.231519751361990700e+01,0.000000000000000000e+00,1.000000000000000000e+00
4.505384041820814089e-01,1.064720078494416945e-02,4.231519751361990700e+01,0.000000000000000000e+00,1.000000000000000000e+00
4.505384041820814089e-01,1.064720078494416945e-02,4.231519751361990700e+01,0.000000000000000000e+00,1.000000000000000000e+00
4.505384041820814089e-01,1.064720078494416945e-02,4.231519751361990700e+01,0.000000000000000000e+00,1.000000000000000000e+00
4.505384041820814089e-01,1.064720078494416945e-02,4.231519751361990700e+01,0.000000000000000000e+00,1.000000000000000000e+00
6.097316361370505033e-01,2.833725503114468622e-02,2.151696187463857868e+01,0.000000000000000000e+00,1.000000000000000000e+00
6.097316361370505033e-01,2.833725503114468622e-02,2.151696187463857868e+01,0.000000000000000000e+00,1.000000000000000000e+00
6.097316361370505033e-01,2.833725503114468622e-02,2.151696187463857868e+01,0.000000000000000000e+00,1.000000000000000000e+00
6.097316361370505033e-01,2.833725503114468622e-02,2.151696187463857868e+01,0.000000000000000000e+00,1.000000000000000000e+00
6.097316361370505033e-01,2.833725503114468622e-02,2.151696187463857868e+01,0.000000000000000000e+00,1.000000000000000000e+00
-2.882202536665967596e-01,6.738954093956598702e-03,-4.276928580431624027e+01,0.000000000000000000e+00,1.000000000000000000e+00
-2.882202536665967596e-01,6.738954093956598702e-03,-4.276928580431624027e+01,0.000000000000000000e+00,1.000000000000000000e+00
-2.882202536665967596e-01,6.738954093956598702e-03,-4.276928580431624027e+01,0.000000000000000000e+00,1.000000000000000000e+00
-2.882202536665967596e-01,6.738954093956598702e-03,-4.276928580431624027e+01,0.000000000000000000e+00,1.000000000000000000e+00
-2.882202536665967596e-01,6.738954093956598702e-03,-4.276928580431624027e+01,0.000000000000000000e+00,1.000000000000000000e+00
-5.171889095937101111e-01,9.878304869357382167e-03,-5.235603845332170181e+01,0.000000000000000000e+00,1.000000000000000000e+00
-5.171889095937101111e-01,9.878304869357382167e-03,-5.235603845332170181e+01,0.000000000000000000e+00,1.000000000000000000e+00
-5.171889095937101111e-01,9.878304869357382167e-03,-5.235603845332170181e+01,0.000000000000000000e+00,1.000000000000000000e+00
-5.171889095937101111e-01,9.878304869357382167e-03,-5.235603845332170181e+01,0.000000000000000000e+00,1.000000000000000000e+00
-5.171889095937101111e-01,9.878304869357382167e-03,-5.235603845332170181e+01,0.000000000000000000e+00,1.000000000000000000e+00
2.360421981986641882e+00,5.785714094596081103e-02,4.079741832026061132e+01,0.000000000000000000e+00,1.000000000000000000e+00
2.360421981986641882e+00,5.785714094596081103e-02,4.079741832026061132e+01,0.000000000000000000e+00,1.000000000000000000e+00
2.360421981986641882e+00,5.785714094596081103e-02,4.079741832026061132e+01,0.000000000000000000e+00,1.000000000000000000e+00
2.360421981986641882e+00,5.785714094596081103e-02,4.079741832026061132e+01,0.000000000000000000e+00,1.000000000000000000e+00
2.360421981986641882e+00,5.785714094596081103e-02,4.079741832026061132e+01,0.000000000000000000e+00,1.000000000000000000e+00
4.080878558375869991e-01,2.603491381141336825e-01,1.567463824899188118e+00,1.175060502207456725e-01,0.000000000000000000e+00
4.080878558375869991e-01,2.603491381141336825e-01,1.567463824899188118e+00,1.175060502207456725e-01,0.000000000000000000e+00
4.080878558375869991e-01,2.603491381141336825e-01,1.567463824899188118e+00,1.175060502207456725e-01,0.000000000000000000e+00
4.080878558375869991e-01,2.603491381141336825e-01,1.567463824899188118e+00,1.175060502207456725e-01,0.000000000000000000e+00
4.080878558375869991e-01,2.603491381141336825e-01,1.567463824899188118e+00,1.175060502207456725e-01,0.000000000000000000e+00
1.533685823364193457e+00,2.477363588465124056e-01,6.190798276462940564e+00,1.076412070588617098e-09,1.000000000000000000e+00
1.533685823364193457e+00,2.477363588465124056e-01,6.190798276462940564e+00,1.076412070588617098e-09,1.000000000000000000e+00
1.533685823364193457e+00,2.477363588465124056e-01,6.190798276462940564e+00,1.076412070588617098e-09,1.000000000000000000e+00
1.533685823364193457e+00,2.477363588465124056e-01,6.190798276462940564e+00,1.076412070588617098e-09,1.000000000000000000e+00
1.533685823364193457e+00,2.477363588465124056e-01,6.190798276462940564e+00,1.076412070588617098e-09,1.000000000000000000e+00
-1.104604865165732086e+00,4.388932403386217734e-02,-2.516796258501247507e+01,0.000000000000000000e+00,1.000000000000000000e+00
-1.104604865165732086e+00,4.388932403386217734e-02,-2.516796258501247507e+01,0.000000000000000000e+00,1.000000000000000000e+00
-1.104604865165732086e+00,4.388932403386217734e-02,-2.516796258501247507e+01,0.000000000000000000e+00,1.000000000000000000e+00
-1.104604865165732086e+00,4.388932403386217734e-02,-2.516796258501247507e+01,0.000000000000000000e+00,1.000000000000000000e+00
-1.104604865165732086e+00,4.388932403386217734e-02,-2.516796258501247507e+01,0.000000000000000000e+00,1.000000000000000000e+00
2.673830956380941481e-01,2.857585135643253560e-02,9.356959913563700937e+00,0.000000000000000000e+00,1.000000000000000000e+00
2.673830956380941481e-01,2.857585135643253560e-02,9.356959913563700937e+00,0.000000000000000000e+00,1.000000000000000000e+00
2.673830956380941481e-01,2.857585135643253560e-02,9.356959913563700937e+00,0.000000000000000000e+00,1.000000000000000000e+00
2.673830956380941481e-01,2.857585135643253560e-02,9.356959913563700937e+00,0.000000000000000000e+00,1.000000000000000000e+00
2.673830956380941481e-01,2.857585135643253560e-02,9.356959913563700937e+00,0.000000000000000000e+00,1.000000000000000000e+00
-7.224218041781767241e-02,1.763718321343038867e-02,-4.096015760771061665e+00,4.748870624804446550e-05,1.000000000000000000e+00
-7.224218041781767241e-02,1.763718321343038867e-02,-4.096015760771061665e+00,4.748870624804446550e-05,1.000000000000000000e+00
-7.224218041781767241e-02,1.763718321343038867e-02,-4.096015760771061665e+00,4.748870624804446550e-05,1.000000000000000000e+00
-7.224218041781767241e-02,1.763718321343038867e-02,-4.096015760771061665e+00,4.748870624804446550e-05,1.000000000000000000e+00
-7.224218041781767241e-02,1.763718321343038867e-02,-4.096015760771061665e+00,4.748870624804446550e-05,1.000000000000000000e+00
5.225437326095469515e-02,2.776900423360521009e-01,1.881751784160774210e-01,8.507996374770885328e-01,0.000000000000000000e+00
5.225437326095469515e-02,2.776900423360521009e-01,1.881751784160774210e-01,8.507996374770885328e-01,0.000000000000000000e+00
5.225437326095469515e-02,2.776900423360521009e-01,1.881751784160774210e-01,8.507996374770885328e-01,0.000000000000000000e+00
5.225437326095469515e-02,2.776900423360521009e-01,1.881751784160774210e-01,8.507996374770885328e-01,0.000000000000000000e+00
5.225437326095469515e-02,2.776900423360521009e-01,1.881751784160774210e-01,8.507996374770885328e-01,0.000000000000000000e+00
-5.565650709110039340e-01,1.754486542548527872e-02,-3.172239042099177198e+01,0.000000000000000000e+00,1.000000000000000000e+00
-5.565650709110039340e-01,1.754486542548527872e-02,-3.172239042099177198e+01,0.000000000000000000e+00,1.000000000000000000e+00
-5.565650709110039340e-01,1.754486542548527872e-02,-3.172239042099177198e+01,0.000000000000000000e+00,1.000000000000000000e+00
-5.565650709110039340e-01,1.754486542548527872e-02,-3.172239042099177198e+01,0.000000000000000000e+00,1.000000000000000000e+00
-5.565650709110039340e-01,1.754486542548527872e-02,-3.172239042099177198e+01,0.000000000000000000e+00,1.000000000000000000e+00
1.678811183013750208e+00,2.801899365312419260e-02,5.991689793707342204e+01,0.000000000000000000e+00,1.000000000000000000e+00
1.678811183013750208e+00,2.801899365312419260e-02,5.991689793707342204e+01,0.000000000000000000e+00,1.000000000000000000e+00
1.678811183013750208e+00,2.801899365312419260e-02,5.991689793707342204e+01,0.000000000000000000e+00,1.000000000000000000e+00
1.678811183013750208e+00,2.801899365312419260e-02,5.991689793707342204e+01,0.000000000000000000e+00,1.000000000000000000e+00
1.678811183013750208e+00,2.801899365312419260e-02,5.991689793707342204e+01,0.000000000000000000e+00,1.000000000000000000e+00
1.328208044356567363e+00,1.368817162471151240e-02,9.703326936365471056e+01,0.000000000000000000e+00,1.000000000000000000e+00
1.328208044356567363e+00,1.368817162471151240e-02,9.703326936365471056e+01,0.000000000000000000e+00,1.000000000000000000e+00
1.328208044356567363e+00,1.368817162471151240e-02,9.703326936365471056e+01,0.000000000000000000e+00,1.000000000000000000e+00
1.328208044356567363e+00,1.368817162471151240e-02,9.703326936365471056e+01,0.000000000000000000e+00,1.000000000000000000e+00
1.328208044356567363e+00,1.368817162471151240e-02,9.703326936365471056e+01,0.000000000000000000e+00,1.000000000000000000e+00
-8.986798895692768019e-01,9.456592208735977931e-03,-9.503210773317246662e+01,0.000000000000000000e+00,1.000000000000000000e+00
-8.986798895692768019e-01,9.456592208735977931e-03,-9.503210773317246662e+01,0.000000000000000000e+00,1.000000000000000000e+00
-8.986798895692768019e-01,9.456592208735977931e-03,-9.503210773317246662e+01,0.000000000000000000e+00,1.000000000000000000e+00
-8.986798895692768019e-01,9.456592208735977931e-03,-9.503210773317246662e+01,0.000000000000000000e+00,1.000000000000000000e+00
-8.986798895692768019e-01,9.456592208735977931e-03,-9.503210773317246662e+01,0.000000000000000000e+00,1.000000000000000000e+00
4.236280141700777824e-01,2.618712231409294766e-01,1.617695938824468493e+00,1.062263050094511829e-01,0.000000000000000000e+00
4.236280141700777824e-01,2.618712231409294766e-01,1.617695938824468493e+00,1.062263050094511829e-01,0.000000000000000000e+00
4.236280141700777824e-01,2.618712231409294766e-01,1.617695938824468493e+00,1.062263050094511829e-01,0.000000000000000000e+00
4.236280141700777824e-01,2.618712231409294766e-01,1.617695938824468493e+00,1.062263050094511829e-01,0.000000000000000000e+00
4.236280141700777824e-01,2.618712231409294766e-01,1.617695938824468493e+00,1.062263050094511829e-01,0.000000000000000000e+00
-5.930232920425564380e-01,1.216392233533152185e-02,-4.875263715882594795e+01,0.000000000000000000e+00,1.000000000000000000e+00
-5.930232920425564380e-01,1.216392233533152185e-02,-4.875263715882594795e+01,0.000000000000000000e+00,1.000000000000000000e+00
-5.930232920425564380e-01,1.216392233533152185e-02,-4.875263715882594795e+01,0.000000000000000000e+00,1.000000000000000000e+00
-5.930232920425564380e-01,1.216392233533152185e-02,-4.875263715882594795e+01,0.000000000000000000e+00,1.000000000000000000e+00
-5.930232920425564380e-01,1.216392233533152185e-02,-4.875263715882594795e+01,0.000000000000000000e+00,1.000000000000000000e+00
-4.522859652111888562e-01,1.686010385335847198e-02,-2.682581134404430756e+01,0.000000000000000000e+00,1.000000000000000000e+00
-4.522859652111888562e-01,1.686010385335847198e-02,-2.682581134404430756e+01,0.000000000000000000e+00,1.000000000000000000e+00
-4.522859652111888562e-01,1.686010385335847198e-02,-2.682581134404430756e+01,0.000000000000000000e+00,1.000000000000000000e+00
-4.522859652111888562e-01,1.686010385335847198e-02,-2.682581134404430756e+01,0.000000000000000000e+00,1.000000000000000000e+00
-4.522859652111888562e-01,1.686010385335847198e-02,-2.682581134404430756e+01,0.000000000000000000e+00,1.000000000000000000e+00
-7.219854165917225508e-01,2.793668548850879521e-02,-2.584363191147700789e+01,0.000000000000000000e+00,1.000000000000000000e+00
-7.219854165917225508e-01,2.793668548850879521e-02,-2.584363191147700789e+01,0.000000000000000000e+00,1.000000000000000000e+00
-7.219854165917225508e-01,2.793668548850879521e-02,-2.584363191147700789e+01,0.000000000000000000e+00,1.000000000000000000e+00
-7.219854165917225508e-01,2.793668548850879521e-02,-2.584363191147700789e+01,0.000000000000000000e+00,1.000000000000000000e+00
-7.219854165917225508e-01,2.793668548850879521e-02,-2.584363191147700789e+01,0.000000000000000000e+00,1.000000000000000000e+00
-8.865297860153249498e-01,1.397898537479602341e-02,-6.341875052060142082e+01,0.000000000000000000e+00,1.000000000000000000e+00
-8.865297860153249498e-01,1.397898537479602341e-02,-6.341875052060142082e+01,0.000000000000000000e+00,1.000000000000000000e+00
-8.865297860153249498e-01,1.397898537479602341e-02,-6.341875052060142082e+01,0.000000000000000000e+00,1.000000000000000000e+00
-8.865297860153249498e-01,1.397898537479602341e-02,-6.341875052060142082e+01,0.000000000000000000e+00,1.000000000000000000e+00
-8.865297860153249498e-01,1.397898537479602341e-02,-6.341875052060142082e+01,0.000000000000000000e+00,1.000000000000000000e+00
-7.270483639006753984e-01,1.116760783949156434e-02,-6.510332153047525594e+01,0.000000000000000000e+00,1.000000000000000000e+00
-7.270483639006753984e-01,1.116760783949156434e-02,-6.510332153047525594e+01,0.000000000000000000e+00,1.000000000000000000e+00
-7.270483639006753984e-01,1.116760783949156434e-02,-6.510332153047525594e+01,0.000000000000000000e+00,1.000000000000000000e+00
-7.270483639006753984e-01,1.116760783949156434e-02,-6.510332153047525594e+01,0.000000000000000000e+00,1.000000000000000000e+00
-7.270483639006753984e-01,1.116760783949156434e-02,-6.510332153047525594e+01,0.000000000000000000e+00,1.000000000000000000e+00
-7.661933711524349100e-02,1.200987566507653696e-02,-6.379694449131102729e+00,3.427322869953286499e-10,1.000000000000000000e+00
-7.661933711524349100e-02,1.200987566507653696e-02,-6.379694449131102729e+00,3.427322869953286499e-10,1.000000000000000000e+00
-7.661933711524349100e-02,1.200987566507653696e-02,-6.379694449131102729e+00,3.427322869953286499e-10,1.000000000000000000e+00
-7.661933711524349100e-02,1.200987566507653696e-02,-6.379694449131102729e+00,3.427322869953286499e-10,1.000000000000000000e+00
-7.661933711524349100e-02,1.200987566507653696e-02,-6.379694449131102729e+00,3.427322869953286499e-10,1.000000000000000000e+00
1.901978713763062823e-01,8.276044655237376271e-03,2.298173575657814638e+01,0.000000000000000000e+00,1.000000000000000000e+00
1.901978713763062823e-01,8.276044655237376271e-03,2.298173575657814638e+01,0.000000000000000000e+00,1.000000000000000000e+00
1.901978713763062823e-01,8.276044655237376271e-03,2.298173575657814638e+01,0.000000000000000000e+00,1.000000000000000000e+00
1.901978713763062823e-01,8.276044655237376271e-03,2.298173575657814638e+01,0.000000000000000000e+00,1.000000000000000000e+00
1.901978713763062823e-01,8.276044655237376271e-03,2.298173575657814638e+01,0.000000000000000000e+00,1.000000000000000000e+00
-3.377215862068047025e-01,7.950160701972464050e-03,-4.247984397636323450e+01,0.000000000000000000e+00,1.000000000000000000e+00
-3.377215862068047025e-01,7.950160701972464050e-03,-4.247984397636323450e+01,0.000000000000000000e+00,1.000000000000000000e+00
-3.377215862068047025e-01,7.950160701972464050e-03,-4.247984397636323450e+01,0.000000000000000000e+00,1.000000000000000000e+00
-3.377215862068047025e-01,7.950160701972464050e-03,-4.247984397636323450e+01,0.000000000000000000e+00,1.000000000000000000e+00
-3.377215862068047025e-01,7.950160701972464050e-03,-4.247984397636323450e+01,0.000000000000000000e+00,1.000000000000000000e+00
-2.234712537580325897e-01,1.390234112094320719e-02,-1.607436127584180241e+01,0.000000000000000000e+00,1.000000000000000000e+00
-2.234712537580325897e-01,1.390234112094320719e-02,-1.607436127584180241e+01,0.000000000000000000e+00,1.000000000000000000e+00
-2.234712537580325897e-01,1.390234112094320719e-02,-1.607436127584180241e+01,0.000000000000000000e+00,1.000000000000000000e+00
-2.234712537580325897e-01,1.390234112094320719e-02,-1.607436127584180241e+01,0.000000000000000000e+00,1.000000000000000000e+00
-2.234712537580325897e-01,1.390234112094320719e-02,-1.607436127584180241e+01,0.000000000000000000e+00,1.000000000000000000e+00
8.111527390591100062e-02,1.314050087579018457e-02,6.172921007551263273e+00,1.197755006288048207e-09,1.000000000000000000e+00
8.111527390591100062e-02,1.314050087579018457e-02,6.172921007551263273e+00,1.197755006288048207e-09,1.000000000000000000e+00
8.111527390591100062e-02,1.314050087579018457e-02,6.172921007551263273e+00,1.197755006288048207e-09,1.000000000000000000e+00
8.111527390591100062e-02,1.314050087579018457e-02,6.172921007551263273e+00,1.197755006288048207e-09,1.000000000000000000e+00
8.111527390591100062e-02,1.314050087579018457e-02,6.172921007551263273e+00,1.197755006288048207e-09,1.000000000000000000e+00
2.363268187271738707e-01,1.848529238816893835e-02,1.278458645741676847e+01,0.000000000000000000e+00,1.000000000000000000e+00
2.363268187271738707e-01,1.848529238816893835e-02,1.278458645741676847e+01,0.000000000000000000e+00,1.000000000000000000e+00
2.363268187271738707e-01,1.848529238816893835e-02,1.278458645741676847e+01,0.000000000000000000e+00,1.000000000000000000e+00
2.363268187271738707e-01,1.848529238816893835e-02,1.278458645741676847e+01,0.000000000000000000e+00,1.000000000000000000e+00
2.363268187271738707e-01,1.848529238816893835e-02,1.278458645741676847e+01,0.000000000000000000e+00,1.000000000000000000e+00
-7.570029734305276925e-01,1.378818169863848912e-02,-5.490230619061814110e+01,0.000000000000000000e+00,1.000000000000000000e+00
-7.570029734305276925e-01,1.378818169863848912e-02,-5.490230619061814110e+01,0.000000000000000000e+00,1.000000000000000000e+00
-7.570029734305276925e-01,1.378818169863848912e-02,-5.490230619061814110e+01,0.000000000000000000e+00,1.000000000000000000e+00
-7.570029734305276925e-01,1.378818169863848912e-02,-5.490230619061814110e+01,0.000000000000000000e+00,1.000000000000000000e+00
-7.570029734305276925e-01,1.378818169863848912e-02,-5.490230619061814110e+01,0.000000000000000000e+00,1.000000000000000000e+00
-4.928290318322015029e-01,1.027054910163520060e-02,-4.798468192452698844e+01,0.000000000000000000e+00,1.000000000000000000e+00
-4.928290318322015029e-01,1.027054910163520060e-02,-4.798468192452698844e+01,0.000000000000000000e+00,1.000000000000000000e+00
-4.928290318322015029e-01,1.027054910163520060e-02,-4.798468192452698844e+01,0.000000000000000000e+00,1.000000000000000000e+00
-4.928290318322015029e-01,1.027054910163520060e-02,-4.798468192452698844e+01,0.000000000000000000e+00,1.000000000000000000e+00
-4.928290318322015029e-01,1.027054910163520060e-02,-4.798468192452698844e+01,0.000000000000000000e+00,1.000000000000000000e+00
8.405123824175503300e-01,1.032843470102170515e-02,8.137848635809311304e+01,0.000000000000000000e+00,1.000000000000000000e+00
8.405123824175503300e-01,1.032843470102170515e-02,8.137848635809311304e+01,0.000000000000000000e+00,1.000000000000000000e+00
8.405123824175503300e-01,1.032843470102170515e-02,8.137848635809311304e+01,0.000000000000000000e+00,1.000000000000000000e+00
8.405123824175503300e-01,1.032843470102170515e-02,8.137848635809311304e+01,0.000000000000000000e+00,1.000000000000000000e+00
8.405123824175503300e-01,1.032843470102170515e-02,8.137848635809311304e+01,0.000000000000000000e+00,1.000000000000000000e+00
3.150854639167848803e-01,3.248892535143388383e-02,9.698242108918469384e+00,0.000000000000000000e+00,1.000000000000000000e+00
3.150854639167848803e-01,3.248892535143388383e-02,9.698242108918469384e+00,0.000000000000000000e+00,1.000000000000000000e+00
3.150854639167848803e-01,3.248892535143388383e-02,9.698242108918469384e+00,0.000000000000000000e+00,1.000000000000000000e+00
3.150854639167848803e-01,3.248892535143388383e-02,9.698242108918469384e+00,0.000000000000000000e+00,1.000000000000000000e+00
3.150854639167848803e-01,3.248892535143388383e-02,9.698242108918469384e+00,0.000000000000000000e+00,1.000000000000000000e+00
3.300692448415334240e-02,1.594030630697136977e-02,2.070658107097855360e+00,3.879556433918307512e-02,1.000000000000000000e+00
3.300692448415334240e-02,1.594030630697136977e-02,2.070658107097855360e+00,3.879556433918307512e-02,1.000000000000000000e+00
3.300692448415334240e-02,1.594030630697136977e-02,2.070658107097855360e+00,3.879556433918307512e-02,1.000000000000000000e+00
3.300692448415334240e-02,1.594030630697136977e-02,2.070658107097855360e+00,3.879556433918307512e-02,1.000000000000000000e+00
3.300692448415334240e-02,1.594030630697136977e-02,2.070658107097855360e+00,3.879556433918307512e-02,1.000000000000000000e+00
-9.326000471690871763e-01,1.259934301342329095e-02,-7.401973628112979497e+01,0.000000000000000000e+00,1.000000000000000000e+00
-9.326000471690871763e-01,1.259934301342329095e-02,-7.401973628112979497e+01,0.000000000000000000e+00,1.000000000000000000e+00
-9.326000471690871763e-01,1.259934301342329095e-02,-7.401973628112979497e+01,0.000000000000000000e+00,1.000000000000000000e+00
-9.326000471690871763e-01,1.259934301342329095e-02,-7.401973628112979497e+01,0.000000000000000000e+00,1.000000000000000000e+00
-9.326000471690871763e-01,1.259934301342329095e-02,-7.401973628112979497e+01,0.000000000000000000e+00,1.000000000000000000e+00
-7.302571951954093254e-01,2.222441449319401477e-02,-3.285833223723588503e+01,0.000000000000000000e+00,1.000000000000000000e+00
-7.302571951954093254e-01,2.222441449319401477e-02,-3.285833223723588503e+01,0.000000000000000000e+00,1.000000000000000000e+00
-7.302571951954093254e-01,2.222441449319401477e-02,-3.285833223723588503e+01,0.000000000000000000e+00,1.000000000000000000e+00
-7.302571951954093254e-01,2.222441449319401477e-02,-3.285833223723588503e+01,0.000000000000000000e+00,1.000000000000000000e+00
-7.302571951954093254e-01,2.222441449319401477e-02,-3.285833223723588503e+01,0.000000000000000000e+00,1.000000000000000000e+00
4.740286617788693202e-01,3.003656041162259260e-01,1.578172251691790873e+00,1.150256155437530126e-01,0.000000000000000000e+00
4.740286617788693202e-01,3.003656041162259260e-01,1.578172251691790873e+00,1.150256155437530126e-01,0.000000000000000000e+00
4.740286617788693202e-01,3.003656041162259260e-01,1.578172251691790873e+00,1.150256155437530126e-01,0.000000000000000000e+00
4.740286617788693202e-01,3.003656041162259260e-01,1.578172251691790873e+00,1.150256155437530126e-01,0.000000000000000000e+00
4.740286617788693202e-01,3.003656041162259260e-01,1.578172251691790873e+00,1.150256155437530126e-01,0.000000000000000000e+00
-1.010381573987506165e+00,8.039733590801647484e-03,-1.256735142497128805e+02,0.000000000000000000e+00,1.000000000000000000e+00
-1.010381573987506165e+00,8.039733590801647484e-03,-1.256735142497128805e+02,0.000000000000000000e+00,1.000000000000000000e+00
-1.010381573987506165e+00,8.039733590801647484e-03,-1.256735142497128805e+02,0.000000000000000000e+00,1.000000000000000000e+00
-1.010381573987506165e+00,8.039733590801647484e-03,-1.256735142497128805e+02,0.000000000000000000e+00,1.000000000000000000e+00
-1.010381573987506165e+00,8.039733590801647484e-03,-1.256735142497128805e+02,0.000000000000000000e+00,1.000000000000000000e+00
-5.045754986965597100e-01,1.326212706658255400e-02,-3.804634778141821982e+01,0.000000000000000000e+00,1.000000000000000000e+00
-5.045754986965597100e-01,1.326212706658255400e-02,-3.804634778141821982e+01,0.000000000000000000e+00,1.000000000000000000e+00
-5.045754986965597100e-01,1.326212706658255400e-02,-3.804634778141821982e+01,0.000000000000000000e+00,1.000000000000000000e+00
-5.045754986965597100e-01,1.326212706658255400e-02,-3.804634778141821982e+01,0.000000000000000000e+00,1.000000000000000000e+00
-5.045754986965597100e-01,1.326212706658255400e-02,-3.804634778141821982e+01,0.000000000000000000e+00,1.000000000000000000e+00
-1.070221998029074140e+00,8.461251817867878819e-03,-1.264850664022378197e+02,0.000000000000000000e+00,1.000000000000000000e+00
-1.070221998029074140e+00,8.461251817867878819e-03,-1.264850664022378197e+02,0.000000000000000000e+00,1.000000000000000000e+00
-1.070221998029074140e+00,8.461251817867878819e-03,-1.264850664022378197e+02,0.000000000000000000e+00,1.000000000000000000e+00
-1.070221998029074140e+00,8.461251817867878819e-03,-1.264850664022378197e+02,0.000000000000000000e+00,1.000000000000000000e+00
-1.070221998029074140e+00,8.461251817867878819e-03,-1.264850664022378197e+02,0.000000000000000000e+00,1.000000000000000000e+00
-5.017882533859031602e-01,1.369595609667380483e-02,-3.663769435620250903e+01,0.000000000000000000e+00,1.000000000000000000e+00
-5.017882533859031602e-01,1.369595609667380483e-02,-3.663769435620250903e+01,0.000000000000000000e+00,1.000000000000000000e+00
-5.017882533859031602e-01,1.369595609667380483e-02,-3.663769435620250903e+01,0.000000000000000000e+00,1.000000000000000000e+00
-5.017882533859031602e-01,1.369595609667380483e-02,-3.663769435620250903e+01,0.000000000000000000e+00,1.000000000000000000e+00
-5.017882533859031602e-01,1.369595609667380483e-02,-3.663769435620250903e+01,0.000000000000000000e+00,1.000000000000000000e+00
-1.213278180825842489e-01,1.196470651540322561e-02,-1.014047590105016106e+01,0.000000000000000000e+00,1.000000000000000000e+00
-1.213278180825842489e-01,1.196470651540322561e-02,-1.014047590105016106e+01,0.000000000000000000e+00,1.000000000000000000e+00
-1.213278180825842489e-01,1.196470651540322561e-02,-1.014047590105016106e+01,0.000000000000000000e+00,1.000000000000000000e+00
-1.213278180825842489e-01,1.196470651540322561e-02,-1.014047590105016106e+01,0.000000000000000000e+00,1.000000000000000000e+00
-1.213278180825842489e-01,1.196470651540322561e-02,-1.014047590105016106e+01,0.000000000000000000e+00,1.000000000000000000e+00
-6.046582000242715083e-01,8.696647819701272195e-03,-6.952773212852045503e+01,0.000000000000000000e+00,1.000000000000000000e+00
-6.046582000242715083e-01,8.696647819701272195e-03,-6.952773212852045503e+01,0.000000000000000000e+00,1.000000000000000000e+00
-6.046582000242715083e-01,8.696647819701272195e-03,-6.952773212852045503e+01,0.000000000000000000e+00,1.000000000000000000e+00
-6.046582000242715083e-01,8.696647819701272195e-03,-6.952773212852045503e+01,0.000000000000000000e+00,1.000000000000000000e+00
-6.046582000242715083e-01,8.696647819701272195e-03,-6.952773212852045503e+01,0.000000000000000000e+00,1.000000000000000000e+00
-3.400619601169510564e-01,1.150768640489372059e-02,-2.955085393814150407e+01,0.000000000000000000e+00,1.000000000000000000e+00
-3.400619601169510564e-01,1.150768640489372059e-02,-2.955085393814150407e+01,0.000000000000000000e+00,1.000000000000000000e+00
-3.400619601169510564e-01,1.150768640489372059e-02,-2.955085393814150407e+01,0.000000000000000000e+00,1.000000000000000000e+00
-3.400619601169510564e-01,1.150768640489372059e-02,-2.955085393814150407e+01,0.000000000000000000e+00,1.000000000000000000e+00
-3.400619601169510564e-01,1.150768640489372059e-02,-2.955085393814150407e+01,0.000000000000000000e+00,1.000000000000000000e+00
3.969109203655474261e-01,3.346370620084989506e-02,1.186093727883215898e+01,0.000000000000000000e+00,1.000000000000000000e+00
3.969109203655474261e-01,3.346370620084989506e-02,1.186093727883215898e+01,0.000000000000000000e+00,1.000000000000000000e+00
3.969109203655474261e-01,3.346370620084989506e-02,1.186093727883215898e+01,0.000000000000000000e+00,1.000000000000000000e+00
3.969109203655474261e-01,3.346370620084989506e-02,1.186093727883215898e+01,0.000000000000000000e+00,1.000000000000000000e+00
3.969109203655474261e-01,3.346370620084989506e-02,1.186093727883215898e+01,0.000000000000000000e+00,1.000000000000000000e+00
1.990662441436460650e+00,1.181635947242968242e-02,1.684666454233336026e+02,0.000000000000000000e+00,1.000000000000000000e+00
1.990662441436460650e+00,1.181635947242968242e-02,1.684666454233336026e+02,0.000000000000000000e+00,1.000000000000000000e+00
1.990662441436460650e+00,1.181635947242968242e-02,1.684666454233336026e+02,0.000000000000000000e+00,1.000000000000000000e+00
1.990662441436460650e+00,1.181635947242968242e-02,1.684666454233336026e+02,0.000000000000000000e+00,1.000000000000000000e+00
1.990662441436460650e+00,1.181635947242968242e-02,1.684666454233336026e+02,0.000000000000000000e+00,1.000000000000000000e+00
1.251609526547513784e+00,1.952456298172276089e-02,6.410435550947616434e+01,0.000000000000000000e+00,1.000000000000000000e+00
1.251609526547513784e+00,1.952456298172276089e-02,6.410435550947616434e+01,0.000000000000000000e+00,1.000000000000000000e+00
1.251609526547513784e+00,1.952456298172276089e-02,6.410435550947616434e+01,0.000000000000000000e+00,1.000000000000000000e+00
1.251609526547513784e+00,1.952456298172276089e-02,6.410435550947616434e+01,0.000000000000000000e+00,1.000000000000000000e+00
1.251609526547513784e+00,1.952456298172276089e-02,6.410435550947616434e+01,0.000000000000000000e+00,1.000000000000000000e+00
6.373225639540881504e-01,4.127077531162522822e-02,1.544246647032496966e+01,0.000000000000000000e+00,1.000000000000000000e+00
6.373225639540881504e-01,4.127077531162522822e-02,1.544246647032496966e+01,0.000000000000000000e+00,1.000000000000000000e+00
6.373225639540881504e-01,4.127077531162522822e-02,1.544246647032496966e+01,0.000000000000000000e+00,1.000000000000000000e+00
6.373225639540881504e-01,4.127077531162522822e-02,1.544246647032496966e+01,0.000000000000000000e+00,1.000000000000000000e+00
6.373225639540881504e-01,4.127077531162522822e-02,1.544246647032496966e+01,0.000000000000000000e+00,1.000000000000000000e+00
-3.806746980222029397e-01,2.749466640834337117e-01,-1.384540159056760311e+00,1.666809653874614661e-01,0.000000000000000000e+00
-3.806746980222029397e-01,2.749466640834337117e-01,-1.384540159056760311e+00,1.666809653874614661e-01,0.000000000000000000e+00
-3.806746980222029397e-01,2.749466640834337117e-01,-1.384540159056760311e+00,1.666809653874614661e-01,0.000000000000000000e+00
-3.806746980222029397e-01,2.749466640834337117e-01,-1.384540159056760311e+00,1.666809653874614661e-01,0.000000000000000000e+00
-3.806746980222029397e-01,2.749466640834337117e-01,-1.384540159056760311e+00,1.666809653874614661e-01,0.000000000000000000e+00
1.465529714134483408e+00,1.566173010622304643e-02,9.357393494810439449e+01,0.000000000000000000e+00,1.000000000000000000e+00
1.465529714134483408e+00,1.566173010622304643e-02,9.357393494810439449e+01,0.000000000000000000e+00,1.000000000000000000e+00
1.465529714134483408e+00,1.566173010622304643e-02,9.357393494810439449e+01,0.000000000000000000e+00,1.000000000000000000e+00
1.465529714134483408e+00,1.566173010622304643e-02,9.357393494810439449e+01,0.000000000000000000e+00,1.000000000000000000e+00
1.465529714134483408e+00,1.566173010622304643e-02,9.357393494810439449e+01,0.000000000000000000e+00,1.000000000000000000e+00
6.611044423921081936e-01,9.578106617588942953e-03,6.902245598081735523e+01,0.000000000000000000e+00,1.000000000000000000e+00
6.611044423921081936e-01,9.578106617588942953e-03,6.902245598081735523e+01,0.000000000000000000e+00,1.000000000000000000e+00
6.611044423921081936e-01,9.578106617588942953e-03,6.902245598081735523e+01,0.000000000000000000e+00,1.000000000000000000e+00
6.611044423921081936e-01,9.578106617588942953e-03,6.902245598081735523e+01,0.000000000000000000e+00,1.000000000000000000e+00
6.611044423921081936e-01,9.578106617588942953e-03,6.902245598081735523e+01,0.000000000000000000e+00,1.000000000000000000e+00
4.552400080889231204e-01,3.194693408020791298e-02,1.424988097280226995e+01,0.000000000000000000e+00,1.000000000000000000e+00
4.552400080889231204e-01,3.194693408020791298e-02,1.424988097280226995e+01,0.000000000000000000e+00,1.000000000000000000e+00
4.552400080889231204e-01,3.194693408020791298e-02,1.424988097280226995e+01,0.000000000000000000e+00,1.000000000000000000e+00
4.552400080889231204e-01,3.194693408020791298e-02,1.424988097280226995e+01,0.000000000000000000e+00,1.000000000000000000e+00
4.552400080889231204e-01,3.194693408020791298e-02,1.424988097280226995e+01,0.000000000000000000e+00,1.000000000000000000e+00
-2.596009709231679730e-01,2.468040412670206504e-02,-1.051850567723492702e+01,0.000000000000000000e+00,1.000000000000000000e+00
-2.596009709231679730e-01,2.468040412670206504e-02,-1.051850567723492702e+01,0.000000000000000000e+00,1.000000000000000000e+00
-2.596009709231679730e-01,2.468040412670206504e-02,-1.051850567723492702e+01,0.000000000000000000e+00,1.000000000000000000e+00
-2.596009709231679730e-01,2.468040412670206504e-02,-1.051850567723492702e+01,0.000000000000000000e+00,1.000000000000000000e+00
-2.596009709231679730e-01,2.468040412670206504e-02,-1.051850567723492702e+01,0.000000000000000000e+00,1.000000000000000000e+00
3.761797786008657524e-02,1.335751031826793930e-02,2.816241721980154100e+00,5.010279979277276752e-03,1.000000000000000000e+00
3.761797786008657524e-02,1.335751031826793930e-02,2.816241721980154100e+00,5.010279979277276752e-03,1.000000000000000000e+00
3.761797786008657524e-02,1.335751031826793930e-02,2.816241721980154100e+00,5.010279979277276752e-03,1.000000000000000000e+00
3.761797786008657524e-02,1.335751031826793930e-02,2.816241721980154100e+00,5.010279979277276752e-03,1.000000000000000000e+00
3.761797786008657524e-02,1.335751031826793930e-02,2.816241721980154100e+00,5.010279979277276752e-03,1.000000000000000000e+00
4.620774103996463378e-01,1.937578798673240954e-02,2.384818675328478577e+01,0.000000000000000000e+00,1.000000000000000000e+00
4.620774103996463378e-01,1.937578798673240954e-02,2.384818675328478577e+01,0.000000000000000000e+00,1.000000000000000000e+00
4.620774103996463378e-01,1.937578798673240954e-02,2.384818675328478577e+01,0.000000000000000000e+00,1.000000000000000000e+00
4.620774103996463378e-01,1.937578798673240954e-02,2.384818675328478577e+01,0.000000000000000000e+00,1.000000000000000000e+00
4.620774103996463378e-01,1.937578798673240954e-02,2.384818675328478577e+01,0.000000000000000000e+00,1.000000000000000000e+00
-4.454471208669469329e-01,8.404819929208873913e-03,-5.299900826178388513e+01,0.000000000000000000e+00,1.000000000000000000e+00
-4.454471208669469329e-01,8.404819929208873913e-03,-5.299900826178388513e+01,0.000000000000000000e+00,1.000000000000000000e+00
-4.454471208669469329e-01,8.404819929208873913e-03,-5.299900826178388513e+01,0.000000000000000000e+00,1.000000000000000000e+00
-4.454471208669469329e-01,8.404819929208873913e-03,-5.299900826178388513e+01,0.000000000000000000e+00,1.000000000000000000e+00
-4.454471208669469329e-01,8.404819929208873913e-03,-5.299900826178388513e+01,0.000000000000000000e+00,1.000000000000000000e+00
-2.162864309001052976e-01,6.798738221729824088e-03,-3.181273110484240263e+01,0.000000000000000000e+00,1.000000000000000000e+00
-2.162864309001052976e-01,6.798738221729824088e-03,-3.181273110484240263e+01,0.000000000000000000e+00,1.000000000000000000e+00
-2.162864309001052976e-01,6.798738221729824088e-03,-3.181273110484240263e+01,0.000000000000000000e+00,1.000000000000000000e+00
-2.162864309001052976e-01,6.798738221729824088e-03,-3.181273110484240263e+01,0.000000000000000000e+00,1.000000000000000000e+00
-2.162864309001052976e-01,6.798738221729824088e-03,-3.181273110484240263e+01,0.000000000000000000e+00,1.000000000000000000e+00
-1.471629897163488021e+00,1.629440577112123076e-02,-9.031503927388841646e+01,0.000000000000000000e+00,1.000000000000000000e+00
-1.471629897163488021e+00,1.629440577112123076e-02,-9.031503927388841646e+01,0.000000000000000000e+00,1.000000000000000000e+00
-1.471629897163488021e+00,1.629440577112123076e-02,-9.031503927388841646e+01,0.000000000000000000e+00,1.000000000000000000e+00
-1.471629897163488021e+00,1.629440577112123076e-02,-9.031503927388841646e+01,0.000000000000000000e+00,1.000000000000000000e+00
-1.471629897163488021e+00,1.629440577112123076e-02,-9.031503927388841646e+01,0.000000000000000000e+00,1.000000000000000000e+00
-5.744945952822642088e-01,2.598494235916090633e-01,-2.210875003460333055e+00,2.740123178860742748e-02,1.000000000000000000e+00
-5.744945952822642088e-01,2.598494235916090633e-01,-2.210875003460333055e+00,2.740123178860742748e-02,1.000000000000000000e+00
-5.744945952822642088e-01,2.598494235916090633e-01,-2.210875003460333055e+00,2.740123178860742748e-02,1.000000000000000000e+00
-5.744945952822642088e-01,2.598494235916090633e-01,-2.210875003460333055e+00,2.740123178860742748e-02,1.000000000000000000e+00
-5.744945952822642088e-01,2.598494235916090633e-01,-2.210875003460333055e+00,2.740123178860742748e-02,1.000000000000000000e+00
-1.307337933978975686e+00,1.987454512732078626e-02,-6.577951473122409709e+01,0.000000000000000000e+00,1.000000000000000000e+00
-1.307337933978975686e+00,1.987454512732078626e-02,-6.577951473122409709e+01,0.000000000000000000e+00,1.000000000000000000e+00
-1.307337933978975686e+00,1.987454512732078626e-02,-6.577951473122409709e+01,0.000000000000000000e+00,1.000000000000000000e+00
-1.307337933978975686e+00,1.987454512732078626e-02,-6.577951473122409709e+01,0.000000000000000000e+00,1.000000000000000000e+00
-1.307337933978975686e+00,1.987454512732078626e-02,-6.577951473122409709e+01,0.000000000000000000e+00,1.000000000000000000e+00
1.734669800528505723e+00,3.231932231836390917e-02,5.367283953051399692e+01,0.000000000000000000e+00,1.000000000000000000e+00
1.734669800528505723e+00,3.231932231836390917e-02,5.367283953051399692e+01,0.000000000000000000e+00,1.000000000000000000e+00
1.734669800528505723e+00,3.231932231836390917e-02,5.367283953051399692e+01,0.000000000000000000e+00,1.000000000000000000e+00
1.734669800528505723e+00,3.231932231836390917e-02,5.367283953051399692e+01,0.000000000000000000e+00,1.000000000000000000e+00
1.734669800528505723e+00,3.231932231836390917e-02,5.367283953051399692e+01,0.000000000000000000e+00,1.000000000000000000e+00
1.663321156822517022e+00,3.478769363080794902e-02,4.781349331389653656e+01,0.000000000000000000e+00,1.000000000000000000e+00
1.663321156822517022e+00,3.478769363080794902e-02,4.781349331389653656e+01,0.000000000000000000e+00,1.000000000000000000e+00
1.663321156822517022e+00,3.478769363080794902e-02,4.781349331389653656e+01,0.000000000000000000e+00,1.000000000000000000e+00
1.663321156822517022e+00,3.478769363080794902e-02,4.781349331389653656e+01,0.000000000000000000e+00,1.000000000000000000e+00
1.663321156822517022e+00,3.478769363080794902e-02,4.781349331389653656e+01,0.000000000000000000e+00,1.000000000000000000e+00
-7.427519469191128376e-01,6.888643435747125732e-03,-1.078226727580008344e+02,0.000000000000000000e+00,1.000000000000000000e+00
-7.427519469191128376e-01,6.888643435747125732e-03,-1.078226727580008344e+02,0.000000000000000000e+00,1.000000000000000000e+00
-7.427519469191128376e-01,6.888643435747125732e-03,-1.078226727580008344e+02,0.000000000000000000e+00,1.000000000000000000e+00
-7.427519469191128376e-01,6.888643435747125732e-03,-1.078226727580008344e+02,0.000000000000000000e+00,1.000000000000000000e+00
-7.427519469191128376e-01,6.888643435747125732e-03,-1.078226727580008344e+02,0.000000000000000000e+00,1.000000000000000000e+00
-1.009855915264437742e+00,1.826845736852630506e-02,-5.527866392289156749e+01,0.000000000000000000e+00,1.000000000000000000e+00
-1.009855915264437742e+00,1.826845736852630506e-02,-5.527866392289156749e+01,0.000000000000000000e+00,1.000000000000000000e+00
-1.009855915264437742e+00,1.826845736852630506e-02,-5.527866392289156749e+01,0.000000000000000000e+00,1.000000000000000000e+00
-1.009855915264437742e+00,1.826845736852630506e-02,-5.527866392289156749e+01,0.000000000000000000e+00,1.000000000000000000e+00
-1.009855915264437742e+00,1.826845736852630506e-02,-5.527866392289156749e+01,0.000000000000000000e+00,1.000000000000000000e+00
-6.984976024999335342e-01,8.655342035734508999e-03,-8.070132868419423744e+01,0.000000000000000000e+00,1.000000000000000000e+00
-6.984976024999335342e-01,8.655342035734508999e-03,-8.070132868419423744e+01,0.000000000000000000e+00,1.000000000000000000e+00
-6.984976024999335342e-01,8.655342035734508999e-03,-8.070132868419423744e+01,0.000000000000000000e+00,1.000000000000000000e+00
-6.984976024999335342e-01,8.655342035734508999e-03,-8.070132868419423744e+01,0.000000000000000000e+00,1.000000000000000000e+00
-6.984976024999335342e-01,8.655342035734508999e-03,-8.070132868419423744e+01,0.000000000000000000e+00,1.000000000000000000e+00
1.146537230293504406e+00,9.086833133471963406e-03,1.261756668635365486e+02,0.000000000000000000e+00,1.000000000000000000e+00
1.146537230293504406e+00,9.086833133471963406e-03,1.261756668635365486e+02,0.000000000000000000e+00,1.000000000000000000e+00
1.146537230293504406e+00,9.086833133471963406e-03,1.261756668635365486e+02,0.000000000000000000e+00,1.000000000000000000e+00
1.146537230293504406e+00,9.086833133471963406e-03,1.261756668635365486e+02,0.000000000000000000e+00,1.000000000000000000e+00
1.146537230293504406e+00,9.086833133471963406e-03,1.261756668635365486e+02,0.000000000000000000e+00,1.000000000000000000e+00
3.507398613695644207e-01,2.746076964810786891e-01,1.277239734588908160e+00,2.019858994615533199e-01,0.000000000000000000e+00
3.507398613695644207e-01,2.746076964810786891e-01,1.277239734588908160e+00,2.019858994615533199e-01,0.000000000000000000e+00
3.507398613695644207e-01,2.746076964810786891e-01,1.277239734588908160e+00,2.019858994615533199e-01,0.000000000000000000e+00
3.507398613695644207e-01,2.746076964810786891e-01,1.277239734588908160e+00,2.019858994615533199e-01,0.000000000000000000e+00
3.507398613695644207e-01,2.746076964810786891e-01,1.277239734588908160e+00,2.019858994615533199e-01,0.000000000000000000e+00
-1.610372479269311929e+00,2.270964285636900212e-02,-7.091139607321817095e+01,0.000000000000000000e+00,1.000000000000000000e+00
-1.610372479269311929e+00,2.270964285636900212e-02,-7.091139607321817095e+01,0.000000000000000000e+00,1.000000000000000000e+00
-1.610372479269311929e+00,2.270964285636900212e-02,-7.091139607321817095e+01,0.000000000000000000e+00,1.000000000000000000e+00
-1.610372479269311929e+00,2.270964285636900212e-02,-7.091139607321817095e+01,0.000000000000000000e+00,1.000000000000000000e+00
-1.610372479269311929e+00,2.270964285636900212e-02,-7.091139607321817095e+01,0.000000000000000000e+00,1.000000000000000000e+00
-2.008931205066024628e-01,1.333473551993381162e-02,-1.506539970037588105e+01,0.000000000000000000e+00,1.000000000000000000e+00
-2.008931205066024628e-01,1.333473551993381162e-02,-1.506539970037588105e+01,0.000000000000000000e+00,1.000000000000000000e+00
-2.008931205066024628e-01,1.333473551993381162e-02,-1.506539970037588105e+01,0.000000000000000000e+00,1.000000000000000000e+00
-2.008931205066024628e-01,1.333473551993381162e-02,-1.506539970037588105e+01,0.000000000000000000e+00,1.000000000000000000e+00
-2.008931205066024628e-01,1.333473551993381162e-02,-1.506539970037588105e+01,0.000000000000000000e+00,1.000000000000000000e+00
-1.298556788659286143e+00,1.762535494641213202e-02,-7.367549718047658303e+01,0.000000000000000000e+00,1.000000000000000000e+00
-1.298556788659286143e+00,1.762535494641213202e-02,-7.367549718047658303e+01,0.000000000000000000e+00,1.000000000000000000e+00
-1.298556788659286143e+00,1.762535494641213202e-02,-7.367549718047658303e+01,0.000000000000000000e+00,1.000000000000000000e+00
-1.298556788659286143e+00,1.762535494641213202e-02,-7.367549718047658303e+01,0.000000000000000000e+00,1.000000000000000000e+00
-1.298556788659286143e+00,1.762535494641213202e-02,-7.367549718047658303e+01,0.000000000000000000e+00,1.000000000000000000e+00
-1.696207239051291005e+00,3.626909579489202146e-02,-4.676728773839951714e+01,0.000000000000000000e+00,1.000000000000000000e+00
-1.696207239051291005e+00,3.626909579489202146e-02,-4.676728773839951714e+01,0.000000000000000000e+00,1.000000000000000000e+00
-1.696207239051291005e+00,3.626909579489202146e-02,-4.676728773839951714e+01,0.000000000000000000e+00,1.000000000000000000e+00
-1.696207239051291005e+00,3.626909579489202146e-02,-4.676728773839951714e+01,0.000000000000000000e+00,1.000000000000000000e+00
-1.696207239051291005e+00,3.626909579489202146e-02,-4.676728773839951714e+01,0.000000000000000000e+00,1.000000000000000000e+00
-3.092583907400104914e-01,8.095527184769035073e-03,-3.820114288811861059e+01,0.000000000000000000e+00,1.000000000000000000e+00
-3.092583907400104914e-01,8.095527184769035073e-03,-3.820114288811861059e+01,0.000000000000000000e+00,1.000000000000000000e+00
-3.092583907400104914e-01,8.095527184769035073e-03,-3.820114288811861059e+01,0.000000000000000000e+00,1.000000000000000000e+00
-3.092583907400104914e-01,8.095527184769035073e-03,-3.820114288811861059e+01,0.000000000000000000e+00,1.000000000000000000e+00
-3.092583907400104914e-01,8.095527184769035073e-03,-3.820114288811861059e+01,0.000000000000000000e+00,1.000000000000000000e+00
-1.047537099851380216e+00,1.474722164837163375e-02,-7.103284434373763645e+01,0.000000000000000000e+00,1.000000000000000000e+00
-1.047537099851380216e+00,1.474722164837163375e-02,-7.103284434373763645e+01,0.000000000000000000e+00,1.000000000000000000e+00
-1.047537099851380216e+00,1.474722164837163375e-02,-7.103284434373763645e+01,0.000000000000000000e+00,1.000000000000000000e+00
-1.047537099851380216e+00,1.474722164837163375e-02,-7.103284434373763645e+01,0.000000000000000000e+00,1.000000000000000000e+00
-1.047537099851380216e+00,1.474722164837163375e-02,-7.103284434373763645e+01,0.000000000000000000e+00,1.000000000000000000e+00
-6.049977989942783019e-01,1.859280212170993582e-02,-3.253935555458050288e+01,0.000000000000000000e+00,1.000000000000000000e+00
-6.049977989942783019e-01,1.859280212170993582e-02,-3.253935555458050288e+01,0.000000000000000000e+00,1.000000000000000000e+00
-6.049977989942783019e-01,1.859280212170993582e-02,-3.253935555458050288e+01,0.000000000000000000e+00,1.000000000000000000e+00
-6.049977989942783019e-01,1.859280212170993582e-02,-3.253935555458050288e+01,0.000000000000000000e+00,1.000000000000000000e+00
-6.049977989942783019e-01,1.859280212170993582e-02,-3.253935555458050288e+01,0.000000000000000000e+00,1.000000000000000000e+00
-9.376410322877026804e-01,2.010116160432684485e-02,-4.664611183892338886e+01,0.000000000000000000e+00,1.000000000000000000e+00
-9.376410322877026804e-01,2.010116160432684485e-02,-4.664611183892338886e+01,0.000000000000000000e+00,1.000000000000000000e+00
-9.376410322877026804e-01,2.010116160432684485e-02,-4.664611183892338886e+01,0.000000000000000000e+00,1.000000000000000000e+00
-9.376410322877026804e-01,2.010116160432684485e-02,-4.664611183892338886e+01,0.000000000000000000e+00,1.000000000000000000e+00
-9.376410322877026804e-01,2.010116160432684485e-02,-4.664611183892338886e+01,0.000000000000000000e+00,1.000000000000000000e+00
3.655144807793214712e-02,7.536527716012186504e-03,4.849905613731713139e+00,1.556479264142041075e-06,1.000000000000000000e+00
3.655144807793214712e-02,7.536527716012186504e-03,4.849905613731713139e+00,1.556479264142041075e-06,1.000000000000000000e+00
3.655144807793214712e-02,7.536527716012186504e-03,4.849905613731713139e+00,1.556479264142041075e-06,1.000000000000000000e+00
3.655144807793214712e-02,7.536527716012186504e-03,4.849905613731713139e+00,1.556479264142041075e-06,1.000000000000000000e+00
3.655144807793214712e-02,7.536527716012186504e-03,4.849905613731713139e+00,1.556479264142041075e-06,1.000000000000000000e+00
5.493932473367580949e-01,6.168454476506445711e-03,8.906497558330225672e+01,0.000000000000000000e+00,1.000000000000000000e+00
5.493932473367580949e-01,6.168454476506445711e-03,8.906497558330225672e+01,0.000000000000000000e+00,1.000000000000000000e+00
5.493932473367580949e-01,6.168454476506445711e-03,8.906497558330225672e+01,0.000000000000000000e+00,1.000000000000000000e+00
5.493932473367580949e-01,6.168454476506445711e-03,8.906497558330225672e+01,0.000000000000000000e+00,1.000000000000000000e+00
5.493932473367580949e-01,6.168454476506445711e-03,8.906497558330225672e+01,0.000000000000000000e+00,1.000000000000000000e+00
-4.312243475749755195e-02,9.007252443161892913e-03,-4.787523723756088145e+00,2.104230058863620911e-06,1.000000000000000000e+00
-4.312243475749755195e-02,9.007252443161892913e-03,-4.787523723756088145e+00,2.104230058863620911e-06,1.000000000000000000e+00
-4.312243475749755195e-02,9.007252443161892913e-03,-4.787523723756088145e+00,2.104230058863620911e-06,1.000000000000000000e+00
-4.312243475749755195e-02,9.007252443161892913e-03,-4.787523723756088145e+00,2.104230058863620911e-06,1.000000000000000000e+00
-4.312243475749755195e-02,9.007252443161892913e-03,-4.787523723756088145e+00,2.104230058863620911e-06,1.000000000000000000e+00
-2.239969799417848018e-01,2.502134134283404143e-01,-8.952237087238976709e-01,3.710077951618919734e-01,0.000000000000000000e+00
-2.239969799417848018e-01,2.502134134283404143e-01,-8.952237087238976709e-01,3.710077951618919734e-01,0.000000000000000000e+00
-2.239969799417848018e-01,2.502134134283404143e-01,-8.952237087238976709e-01,3.710077951618919734e-01,0.000000000000000000e+00
-2.239969799417848018e-01,2.502134134283404143e-01,-8.952237087238976709e-01,3.710077951618919734e-01,0.000000000000000000e+00
-2.239969799417848018e-01,2.502134134283404143e-01,-8.952237087238976709e-01,3.710077951618919734e-01,0.000000000000000000e+00
-6.899450715777640797e-01,8.356739827416474059e-03,-8.256151152560937589e+01,0.000000000000000000e+00,1.000000000000000000e+00
-6.899450715777640797e-01,8.356739827416474059e-03,-8.256151152560937589e+01,0.000000000000000000e+00,1.000000000000000000e+00
-6.899450715777640797e-01,8.356739827416474059e-03,-8.256151152560937589e+01,0.000000000000000000e+00,1.000000000000000000e+00
-6.899450715777640797e-01,8.356739827416474059e-03,-8.256151152560937589e+01,0.000000000000000000e+00,1.000000000000000000e+00
-6.899450715777640797e-01,8.356739827416474059e-03,-8.256151152560937589e+01,0.000000000000000000e+00,1.000000000000000000e+00
5.589930523242371274e-01,6.928400418829874785e-03,8.068140097749207484e+01,0.000000000000000000e+00,1.000000000000000000e+00
5.589930523242371274e-01,6.928400418829874785e-03,8.068140097749207484e+01,0.000000000000000000e+00,1.000000000000000000e+00
5.589930523242371274e-01,6.928400418829874785e-03,8.068140097749207484e+01,0.000000000000000000e+00,1.000000000000000000e+00
5.589930523242371274e-01,6.928400418829874785e-03,8.068140097749207484e+01,0.000000000000000000e+00,1.000000000000000000e+00
5.589930523242371274e-01,6.928400418829874785e-03,8.068140097749207484e+01,0.000000000000000000e+00,1.000000000000000000e+00
-8.549169856146501267e-01,1.225707149005881430e-02,-6.974887813194503394e+01,0.000000000000000000e+00,1.000000000000000000e+00
-8.549169856146501267e-01,1.225707149005881430e-02,-6.974887813194503394e+01,0.000000000000000000e+00,1.000000000000000000e+00
-8.549169856146501267e-01,1.225707149005881430e-02,-6.974887813194503394e+01,0.000000000000000000e+00,1.000000000000000000e+00
-8.549169856146501267e-01,1.225707149005881430e-02,-6.974887813194503394e+01,0.000000000000000000e+00,1.000000000000000000e+00
-8.549169856146501267e-01,1.225707149005881430e-02,-6.974887813194503394e+01,0.000000000000000000e+00,1.000000000000000000e+00
-9.931211945757238979e-01,1.653882013929505734e-02,-6.004788650044864795e+01,0.000000000000000000e+00,1.000000000000000000e+00
-9.931211945757238979e-01,1.653882013929505734e-02,-6.004788650044864795e+01,0.000000000000000000e+00,1.000000000000000000e+00
-9.931211945757238979e-01,1.653882013929505734e-02,-6.004788650044864795e+01,0.000000000000000000e+00,1.000000000000000000e+00
-9.931211945757238979e-01,1.653882013929505734e-02,-6.004788650044864795e+01,0.000000000000000000e+00,1.000000000000000000e+00
-9.931211945757238979e-01,1.653882013929505734e-02,-6.004788650044864795e+01,0.000000000000000000e+00,1.000000000000000000e+00
-5.355939069286965587e-02,5.507751523582389563e-02,-9.724365825790410867e-01,3.312048399206943827e-01,0.000000000000000000e+00
-5.355939069286965587e-02,5.507751523582389563e-02,-9.724365825790410867e-01,3.312048399206943827e-01,0.000000000000000000e+00
-5.355939069286965587e-02,5.507751523582389563e-02,-9.724365825790410867e-01,3.312048399206943827e-01,0.000000000000000000e+00
-5.355939069286965587e-02,5.507751523582389563e-02,-9.724365825790410867e-01,3.312048399206943827e-01,0.000000000000000000e+00
-5.355939069286965587e-02,5.507751523582389563e-02,-9.724365825790410867e-01,3.312048399206943827e-01,0.000000000000000000e+00
3.933742376685813585e-02,1.110042200024799648e-02,3.543777323598984896e+00,4.234877106061851748e-04,1.000000000000000000e+00
3.933742376685813585e-02,1.110042200024799648e-02,3.543777323598984896e+00,4.234877106061851748e-04,1.000000000000000000e+00
3.933742376685813585e-02,1.110042200024799648e-02,3.543777323598984896e+00,4.234877106061851748e-04,1.000000000000000000e+00
3.933742376685813585e-02,1.110042200024799648e-02,3.543777323598984896e+00,4.234877106061851748e-04,1.000000000000000000e+00
3.933742376685813585e-02,1.110042200024799648e-02,3.543777323598984896e+00,4.234877106061851748e-04,1.000000000000000000e+00
6.710945640643450893e-01,3.156589963109445590e-02,2.126011208003948383e+01,0.000000000000000000e+00,1.000000000000000000e+00
6.710945640643450893e-01,3.156589963109445590e-02,2.126011208003948383e+01,0.000000000000000000e+00,1.000000000000000000e+00
6.710945640643450893e-01,3.156589963109445590e-02,2.126011208003948383e+01,0.000000000000000000e+00,1.000000000000000000e+00
6.710945640643450893e-01,3.156589963109445590e-02,2.126011208003948383e+01,0.000000000000000000e+00,1.000000000000000000e+00
6.710945640643450893e-01,3.156589963109445590e-02,2.126011208003948383e+01,0.000000000000000000e+00,1.000000000000000000e+00
9.846053283419844426e-01,1.321535057320497551e-02,7.450466961794708709e+01,0.000000000000000000e+00,1.000000000000000000e+00
9.846053283419844426e-01,1.321535057320497551e-02,7.450466961794708709e+01,0.000000000000000000e+00,1.000000000000000000e+00
9.846053283419844426e-01,1.321535057320497551e-02,7.450466961794708709e+01,0.000000000000000000e+00,1.000000000000000000e+00
9.846053283419844426e-01,1.321535057320497551e-02,7.450466961794708709e+01,0.000000000000000000e+00,1.000000000000000000e+00
9.846053283419844426e-01,1.321535057320497551e-02,7.450466961794708709e+01,0.000000000000000000e+00,1.000000000000000000e+00
-5.415300562645954940e-01,8.079308876886898486e-03,-6.702677970559984999e+01,0.000000000000000000e+00,1.000000000000000000e+00
-5.415300562645954940e-01,8.079308876886898486e-03,-6.702677970559984999e+01,0.000000000000000000e+00,1.000000000000000000e+00
-5.415300562645954940e-01,8.079308876886898486e-03,-6.702677970559984999e+01,0.000000000000000000e+00,1.000000000000000000e+00
-5.415300562645954940e-01,8.079308876886898486e-03,-6.702677970559984999e+01,0.000000000000000000e+00,1.000000000000000000e+00
-5.415300562645954940e-01,8.079308876886898486e-03,-6.702677970559984999e+01,0.000000000000000000e+00,1.000000000000000000e+00
-1.077734223002878577e+00,3.560059846671701639e-02,-3.027292431643956405e+01,0.000000000000000000e+00,1.000000000000000000e+00
-1.077734223002878577e+00,3.560059846671701639e-02,-3.027292431643956405e+01,0.000000000000000000e+00,1.000000000000000000e+00
-1.077734223002878577e+00,3.560059846671701639e-02,-3.027292431643956405e+01,0.000000000000000000e+00,1.000000000000000000e+00
-1.077734223002878577e+00,3.560059846671701639e-02,-3.027292431643956405e+01,0.000000000000000000e+00,1.000000000000000000e+00
-1.077734223002878577e+00,3.560059846671701639e-02,-3.027292431643956405e+01,0.000000000000000000e+00,1.000000000000000000e+00
-7.244017271023253102e-01,2.588550378781853678e-02,-2.798484174927364521e+01,0.000000000000000000e+00,1.000000000000000000e+00
-7.244017271023253102e-01,2.588550378781853678e-02,-2.798484174927364521e+01,0.000000000000000000e+00,1.000000000000000000e+00
-7.244017271023253102e-01,2.588550378781853678e-02,-2.798484174927364521e+01,0.000000000000000000e+00,1.000000000000000000e+00
-7.244017271023253102e-01,2.588550378781853678e-02,-2.798484174927364521e+01,0.000000000000000000e+00,1.000000000000000000e+00
-7.244017271023253102e-01,2.588550378781853678e-02,-2.798484174927364521e+01,0.000000000000000000e+00,1.000000000000000000e+00
-4.151857761178474049e-01,1.197174994984277069e-02,-3.468045840059499341e+01,0.000000000000000000e+00,1.000000000000000000e+00
-4.151857761178474049e-01,1.197174994984277069e-02,-3.468045840059499341e+01,0.000000000000000000e+00,1.000000000000000000e+00
-4.151857761178474049e-01,1.197174994984277069e-02,-3.468045840059499341e+01,0.000000000000000000e+00,1.000000000000000000e+00
-4.151857761178474049e-01,1.197174994984277069e-02,-3.468045840059499341e+01,0.000000000000000000e+00,1.000000000000000000e+00
-4.151857761178474049e-01,1.197174994984277069e-02,-3.468045840059499341e+01,0.000000000000000000e+00,1.000000000000000000e+00
-1.515026480460120117e+00,1.336132695320713104e-02,-1.133889235527214652e+02,0.000000000000000000e+00,1.000000000000000000e+00
-1.515026480460120117e+00,1.336132695320713104e-02,-1.133889235527214652e+02,0.000000000000000000e+00,1.000000000000000000e+00
-1.515026480460120117e+00,1.336132695320713104e-02,-1.133889235527214652e+02,0.000000000000000000e+00,1.000000000000000000e+00
-1.515026480460120117e+00,1.336132695320713104e-02,-1.133889235527214652e+02,0.000000000000000000e+00,1.000000000000000000e+00
-1.515026480460120117e+00,1.336132695320713104e-02,-1.133889235527214652e+02,0.000000000000000000e+00,1.000000000000000000e+00
-8.618574740838965687e-01,1.916339447024057244e-02,-4.497415504451998913e+01,0.000000000000000000e+00,1.000000000000000000e+00
-8.618574740838965687e-01,1.916339447024057244e-02,-4.497415504451998913e+01,0.000000000000000000e+00,1.000000000000000000e+00
-8.618574740838965687e-01,1.916339447024057244e-02,-4.497415504451998913e+01,0.000000000000000000e+00,1.000000000000000000e+00
-8.618574740838965687e-01,1.916339447024057244e-02,-4.497415504451998913e+01,0.000000000000000000e+00,1.000000000000000000e+00
-8.618574740838965687e-01,1.916339447024057244e-02,-4.497415504451998913e+01,0.000000000000000000e+00,1.000000000000000000e+00
2.100405556024871889e-01,2.499695804072922523e-01,8.402644644210466307e-01,4.010773821368185388e-01,0.000000000000000000e+00
2.100405556024871889e-01,2.499695804072922523e-01,8.402644644210466307e-01,4.010773821368185388e-01,0.000000000000000000e+00
2.100405556024871889e-01,2.499695804072922523e-01,8.402644644210466307e-01,4.010773821368185388e-01,0.000000000000000000e+00
2.100405556024871889e-01,2.499695804072922523e-01,8.402644644210466307e-01,4.010773821368185388e-01,0.000000000000000000e+00
2.100405556024871889e-01,2.499695804072922523e-01,8.402644644210466307e-01,4.010773821368185388e-01,0.000000000000000000e+00
1.232341114638060064e+00,4.146363356635432429e-02,2.972101112812369550e+01,0.000000000000000000e+00,1.000000000000000000e+00
1.232341114638060064e+00,4.146363356635432429e-02,2.972101112812369550e+01,0.000000000000000000e+00,1.000000000000000000e+00
1.232341114638060064e+00,4.146363356635432429e-02,2.972101112812369550e+01,0.000000000000000000e+00,1.000000000000000000e+00
1.232341114638060064e+00,4.146363356635432429e-02,2.972101112812369550e+01,0.000000000000000000e+00,1.000000000000000000e+00
1.232341114638060064e+00,4.146363356635432429e-02,2.972101112812369550e+01,0.000000000000000000e+00,1.000000000000000000e+00
-9.896482127283889874e-01,1.075557278579753785e-02,-9.201259964836037852e+01,0.000000000000000000e+00,1.000000000000000000e+00
-9.896482127283889874e-01,1.075557278579753785e-02,-9.201259964836037852e+01,0.000000000000000000e+00,1.000000000000000000e+00
-9.896482127283889874e-01,1.075557278579753785e-02,-9.201259964836037852e+01,0.000000000000000000e+00,1.000000000000000000e+00
-9.896482127283889874e-01,1.075557278579753785e-02,-9.201259964836037852e+01,0.000000000000000000e+00,1.000000000000000000e+00
-9.896482127283889874e-01,1.075557278579753785e-02,-9.201259964836037852e+01,0.000000000000000000e+00,1.000000000000000000e+00
-1.057262045677429319e+00,2.023006438037613583e-02,-5.226192194934436941e+01,0.000000000000000000e+00,1.000000000000000000e+00
-1.057262045677429319e+00,2.023006438037613583e-02,-5.226192194934436941e+01,0.000000000000000000e+00,1.000000000000000000e+00
-1.057262045677429319e+00,2.023006438037613583e-02,-5.226192194934436941e+01,0.000000000000000000e+00,1.000000000000000000e+00
-1.057262045677429319e+00,2.023006438037613583e-02,-5.226192194934436941e+01,0.000000000000000000e+00,1.000000000000000000e+00
-1.057262045677429319e+00,2.023006438037613583e-02,-5.226192194934436941e+01,0.000000000000000000e+00,1.000000000000000000e+00
-1.080304530294783349e+00,1.366022120249260965e-02,-7.908397047755404685e+01,0.000000000000000000e+00,1.000000000000000000e+00
-1.080304530294783349e+00,1.366022120249260965e-02,-7.908397047755404685e+01,0.000000000000000000e+00,1.000000000000000000e+00
-1.080304530294783349e+00,1.366022120249260965e-02,-7.908397047755404685e+01,0.000000000000000000e+00,1.000000000000000000e+00
-1.080304530294783349e+00,1.366022120249260965e-02,-7.908397047755404685e+01,0.000000000000000000e+00,1.000000000000000000e+00
-1.080304530294783349e+00,1.366022120249260965e-02,-7.908397047755404685e+01,0.000000000000000000e+00,1.000000000000000000e+00
-6.438170958020873469e-01,9.020388115639739815e-03,-7.137354707452372793e+01,0.000000000000000000e+00,1.000000000000000000e+00
-6.438170958020873469e-01,9.020388115639739815e-03,-7.137354707452372793e+01,0.000000000000000000e+00,1.000000000000000000e+00
-6.438170958020873469e-01,9.020388115639739815e-03,-7.137354707452372793e+01,0.000000000000000000e+00,1.000000000000000000e+00
-6.438170958020873469e-01,9.020388115639739815e-03,-7.137354707452372793e+01,0.000000000000000000e+00,1.000000000000000000e+00
-6.438170958020873469e-01,9.020388115639739815e-03,-7.137354707452372793e+01,0.000000000000000000e+00,1.000000000000000000e+00
