GEOID,x_coor,y_coor,y,ols_residual,mgwr_yhat,mgwr_residual,localR2,beta_Intercept,beta_black,beta_fb,beta_rural,beta_income,beta_lnpop,beta_poverty,se_Intercept,se_black,se_fb,se_rural,se_income,se_lnpop,se_poverty,t_Intercept,t_black,t_fb,t_rural,t_income,t_lnpop,t_poverty,p_Intercept,p_black,p_fb,p_rural,p_income,p_lnpop,p_poverty,sumW_Intercept,sumW_black,sumW_fb,sumW_rural,sumW_income,sumW_lnpop,sumW_poverty
13001.0,1288971.03547242,1056992.39185969,-0.8483460962336846,-0.26408350784094525,-0.7286285808870642,-0.11971751534662045,0.7803995525823925,-0.07432717187226079,0.40000382150988606,0.0016587588728094686,-0.01065404432608158,0.6987005836547716,0.06565786304375713,0.089665301067406,0.041766683962522866,0.12799278278352058,0.03939729390045825,0.04226283678794324,0.0910869719898019,0.055482001416381446,0.060682622241886315,-1.7795803932855756,3.125206068739273,0.042103370779742175,-0.25209013724135454,7.67069722916026,1.1834083372553175,1.4776108505989105,0.07706698657340921,0.002114790980430189,0.966469452117823,0.8012990158696549,1.6485830880265318e-12,0.23842484010519543,0.1415025472300603,89.69081487681254,17.420484313020204,89.69081487681254,77.00790761930426,27.877347260658105,89.69081487681254,89.69081487681254
13003.0,1240696.14513375,999300.048102144,-0.9319463595973724,-0.15459526173129523,-0.7472691333569497,-0.1846772262404227,0.7220153174913666,-0.06846003477288794,0.27338964617855444,0.0015931542040342464,-0.015753694497404255,0.5923007134191947,0.061403380051693594,0.08794610998036084,0.04217486226046056,0.11121223708426638,0.039771633050430064,0.042157759948100525,0.10506747302776989,0.05551760576044172,0.060973204234802174,-1.6232426403694515,2.4582694615827663,0.04005755061689676,-0.3736843351449004,5.6373366214170435,1.106016356624761,1.4423731060891682,0.10653105325568951,0.015040576228612077,0.9680978161227777,0.7091401214436859,7.75512237187274e-08,0.2704006405192378,0.15117652390815844,89.05378958201106,17.789623288280076,89.05378958201106,80.41888625187337,25.554005360987617,89.05378958201106,89.05378958201106
13005.0,1276778.58032506,1033232.09802434,-1.0676970916849884,-0.6612079790341017,-0.5810850781830723,-0.4866120135019161,0.7626573106438912,-0.07217638015952134,0.3782446959189266,0.0012596054019764135,-0.012622210664748792,0.6596657492756672,0.06455486699387498,0.08904788998260224,0.04186074360466106,0.12634754230170123,0.03951893517459048,0.04212015710283162,0.09491682729682363,0.0554437626239905,0.06074244440093986,-1.7242020552994841,2.9936846338944076,0.031873465122772414,-0.29967150013075894,6.949934675047264,1.1643305565618687,1.4659912168635811,0.08662718989358571,0.0032000007592977806,0.9746131874205319,0.7648216025851128,9.05587804498432e-11,0.24604515148064954,0.14463801724677622,89.93099010833359,16.049350563897324,89.93099010833359,79.30614971327206,27.59820324122954,89.93099010833359,89.93099010833359
13007.0,1093110.30631173,983290.678588754,-0.5698587890358598,0.22199209407327358,-0.5585071943729061,-0.011351594662953768,0.6930656758001355,-0.05863722312475119,-0.03432733708422697,0.011310115637080054,-0.017512178477152807,0.6506505383263543,0.04559185326223402,0.08527015358490542,0.04446741756255333,0.08833269580256863,0.04076562525100144,0.04408502393776069,0.09886306959708736,0.05679713897645975,0.06267819628621912,-1.3186559134508962,-0.3886141679741282,0.27744246696675434,-0.39723645158674586,6.5813305309865004,0.802713905732648,1.3604436412866834,0.1891923550901064,0.6980847510822588,0.7818030536434337,0.6917292043811731,6.516734049706546e-10,0.4233459199806201,0.1756272491685624,75.17363262077353,19.397724592947668,75.17363262077353,67.65662441965094,27.98619361595501,75.17363262077353,75.17363262077353
13009.0,1179536.618105,1190272.44813991,0.08083172104554612,-0.24583904612087162,0.2446027142932574,-0.16377099324771127,0.8906267495896241,-0.08679912399542815,0.09461348062199335,0.01904111682555292,0.028226206778595286,1.0675014945881809,0.04313242035508257,0.10311435606736741,0.04462828761941209,0.08366139872978569,0.03954242432005718,0.04583752586009413,0.08731531068543363,0.05815082236211721,0.06335577534885668,-1.9449351213214128,1.130909619711013,0.48153640432953065,0.6157881833488934,12.225822552862619,0.7417336265081181,1.6275446950114265,0.05355832001484777,0.259806822197008,0.6308015783679408,0.5389203811926886,1.2975817713201794e-24,0.4593498650201624,0.10561401039414774,76.39525255501539,14.544800212907582,76.39525255501539,65.7857149364944,21.467998701447247,76.39525255501539,76.39525255501539
13011.0,1137920.4681776,1329520.54270662,-0.4261868597434376,-0.10267812141893351,-0.3940175981544823,-0.032169261588955333,0.9078281558248439,-0.06904434206617446,0.03668535772141418,0.003562584899399311,0.08931173686147148,1.1751270724807565,0.031925547257754074,0.11241587005035303,0.044767420567363526,0.06976783055610772,0.040986496227781485,0.044612848447713,0.0809225866365373,0.05842317096514761,0.0641505338114829,-1.542289932972135,0.525820531167464,0.0869209429271614,2.0019285916286274,14.52162024625861,0.5464535171635803,1.7523762215401963,0.12500362000319168,0.5997501340833298,0.9308444119627569,0.04700373955900332,6.7851982871700335e-31,0.5855250748303036,0.08164899882958603,83.88670187217107,18.879873055938955,83.88670187217107,77.71911406006305,27.712049181306543,83.88670187217107,83.88670187217107
13013.0,1123627.99348901,1286957.51846833,0.03795622361374295,-0.5057995903730418,0.33450168625492516,-0.2965454626411822,0.9113231312291776,-0.07136480077582179,0.16910241407729112,0.007048189394255357,0.08059474017174031,1.1956341505669037,0.031557410419338024,0.11228439353709328,0.044751579061415386,0.07004178729042233,0.04034016489619981,0.044307788755629365,0.08132774770239648,0.058324449710821784,0.06410244490085987,-1.5946878807982041,2.414307524394292,0.1747189039110577,1.8189745513197302,14.701429516308515,0.5410665780097831,1.7516397964344588,0.11278043616708695,0.0169079329827696,0.861524199419776,0.07080870568786923,2.208301408239321e-31,0.5892237279603789,0.08177607228807836,87.79558700460338,16.565938410828338,87.79558700460338,82.62080957347939,25.998287095232623,87.79558700460338,87.79558700460338
13015.0,1017791.23026984,1301384.90050976,0.2858467039092982,-0.1538765918862502,0.30039712045840555,-0.014550416549107326,0.9091197408026704,-0.06457003185874943,0.16367211530501757,0.004902883643634793,0.08691294491910403,1.1663447359618968,0.027868151248962577,0.10955093093300662,0.04450444450396308,0.06342414907826475,0.03969514065544948,0.044666813965177264,0.0808321327600321,0.058090896036454606,0.06399313976725256,-1.4508670443690075,2.5805961559381405,0.12351344680174874,1.945805782943514,14.429221352162596,0.47973354088864595,1.7119167981357202,0.14879933776687235,0.010772793548756392,0.901857508817751,0.05345267146786857,1.2090359094597906e-30,0.6320802878280296,0.08887405556533966,87.1798833293109,18.320490751906608,87.1798833293109,76.18806950200178,29.18763469990327,87.1798833293109,87.1798833293109
13017.0,1201793.20336312,1045954.85698732,-0.6001507969717451,0.08970462959529357,-0.5316206955885439,-0.06853010138320126,0.6866751980542515,-0.07029349557903516,0.09447775048248379,0.005954117607798048,-0.013333509474066384,0.6575426723548631,0.05656000022220452,0.08782149806008821,0.04226299060417436,0.1114520318067353,0.03924745818212008,0.04201341929294086,0.10721643591384145,0.05569003651233478,0.0611731510137161,-1.6632399783864846,0.8476987718475518,0.1517070883971426,-0.3173631115596129,6.132853295769511,1.0156215324024263,1.4356216183860968,0.09824673005827514,0.39788804976517567,0.8796115019360985,0.7513870911577324,6.651205935327137e-09,0.3113623522086618,0.15308680453214105,92.48231201947644,15.430094008348552,92.48231201947644,82.56827264535825,23.32008557465646,92.48231201947644,92.48231201947644
13019.0,1208150.95331282,992463.289298688,-0.651275580014578,0.15643546117152585,-0.6683341408515,0.017058560836922032,0.689601137374602,-0.06641521913545725,0.15309401996140237,0.002928474991469231,-0.01739376303720578,0.5922701328761637,0.058339680649359786,0.08717418599525129,0.042477148780306596,0.10011347283065232,0.03990062361821553,0.04234853548788299,0.10804846566917216,0.05566575778274529,0.061214717802562546,-1.5635517223380329,1.5292049674509811,0.07339421607767344,-0.41072879703673776,5.481522844476145,1.048035326799114,1.4240723330035843,0.11992358377889509,0.1282132199983692,0.941585252697791,0.6818278903280812,1.6358191742023926e-07,0.29622286270459103,0.15639748391092217,88.11598297694022,17.392410820101304,88.11598297694022,79.60411767415704,24.217491507365168,88.11598297694022,88.11598297694022
13021.0,1142097.08415623,1155738.49836109,0.7885423367160557,0.10161017311219889,0.5341149259023762,0.2544274108136795,0.8718559250378407,-0.08135121442767981,0.06323221856939036,0.02303018755194704,0.013275694397770967,0.9410192069350686,0.03955661643886096,0.09676127933311013,0.04488749645493123,0.09170150833513518,0.03883589401434835,0.04621269129740861,0.09365242330141854,0.05785693404516842,0.06343076359425089,-1.812335747202109,0.6895439313637015,0.5930129365230599,0.28727377750698985,10.047996343953814,0.6836970726443858,1.5254629433765825,0.071832889147623,0.4914925029323074,0.5540203570240382,0.7742791156624429,1.123428032895447e-18,0.4951679236459634,0.12914289301547102,75.7191428357205,16.11495588435008,75.7191428357205,63.24903654316224,21.307442550235024,75.7191428357205,75.7191428357205
13023.0,1181750.72342352,1119109.44927295,-0.2552840119699706,-0.0772230207521506,-0.23922847880781975,-0.01605553316215083,0.7727234921870657,-0.07816806178579903,0.03884604131942541,0.01353656800357977,-0.0022105904352688714,0.7783233683109608,0.05029669121516797,0.09046802979973192,0.04275470574936433,0.096434695463355,0.03853932380399397,0.04330874325408735,0.10582329682339339,0.056488243385514,0.061687513933605415,-1.8282914223298383,0.40282225326450927,0.35124041284234797,-0.0510425902294046,7.354934042641771,0.8903921984599399,1.4665533433087143,0.0693917850546772,0.6876235060273939,0.7258759221617443,0.959356054929837,9.750086019895156e-12,0.3746091153444382,0.14448510467581935,87.9347933612576,14.937164940906762,87.9347933612576,73.18734049783313,20.797890673300735,87.9347933612576,87.9347933612576
13025.0,1326652.85562827,1000388.60725178,-1.0412377786389198,0.11180828143459975,-1.146434498992758,0.1051967203538382,0.7799790492296449,-0.07135225651681329,0.2958329712442914,-0.0014964272208063964,-0.014130640911595351,0.6908943854810246,0.06823257299791605,0.08918747345812697,0.041933801120563725,0.11999976869769079,0.040039962191811246,0.042654240563096524,0.09131254456519873,0.05545680703288344,0.06068816526104455,-1.7015451642856956,2.4652795122427955,-0.03737334250311649,-0.33128337827730214,7.566259255733631,1.230373269731471,1.4696024022887375,0.09080763523922208,0.01476039999713506,0.9702345055828132,0.7408694190000626,2.978453306942713e-12,0.22038601817251524,0.14365786192840976,83.12946429679626,18.26938968467242,83.12946429679626,71.98359398225787,27.572514296675806,83.12946429679626,83.12946429679626
13027.0,1181463.91976362,940198.613583626,-0.3010559293582726,0.5988711577162817,-0.5213984952562118,0.22034256589793927,0.670980182751787,-0.061776649756515756,0.07415027909950599,0.0022797808831894794,-0.02096779572584103,0.5838078283930224,0.05657117651277384,0.08617028619788684,0.04310293810683014,0.09149495626584825,0.04062692913927382,0.0430627588707997,0.10414539319295234,0.055968502428039205,0.061573312432288654,-1.433235238010992,0.8104302370947588,0.05611501857238893,-0.4869125034174023,5.605699978600009,1.0107680938132928,1.39947459043473,0.15376642812050292,0.41891193534068627,0.95532107812046,0.6269951272813332,9.033500101684206e-08,0.3136728295698141,0.16363095801096766,79.8392795115191,17.28269984362264,79.8392795115191,72.09935850422168,23.2310557572551,79.8392795115191,79.8392795115191
13029.0,1363486.92305961,1097887.57698571,1.640013647598845,0.0006568483061100139,1.226270575945541,0.41374307165330393,0.8197176773749902,-0.07845110821973975,0.31234790795120654,0.0005034601456575345,-0.0041263539034382376,0.7876272548509515,0.07196984635604589,0.0911485825391296,0.04187865214998484,0.11110708434648989,0.03999926056405996,0.043440238676816754,0.08858249896013158,0.05580550079044652,0.06068500167493751,-1.8732959202883073,2.8112330531250618,0.012586736318568405,-0.09498920883324695,8.891454453158289,1.2896550579538313,1.5019952216096475,0.06287455993984217,0.00556056278353638,0.989973381619087,0.9244437605594856,1.3047053068795013e-15,0.19905502499115307,0.13509427287486198,78.9996627400645,18.261917639805375,78.9996627400645,63.39768101465856,24.93886048927731,78.9996627400645,78.9996627400645
13031.0,1329129.21043575,1135888.03727817,0.6221007145390922,0.07264246536342844,0.43246093575900024,0.18963977878009197,0.8250707545201695,-0.08156728944547612,0.2452474169353989,0.0035265952652236247,0.002086186719668962,0.8107755762414781,0.06951759714021317,0.09224503337242225,0.04197803732221522,0.09504997777472143,0.03975058819701913,0.043502222346788806,0.08813929566333577,0.05609617585074562,0.06085804214373735,-1.9430944048046248,2.580194363818384,0.08871806494395679,0.04795586540472357,9.198797995146052,1.2392573305741512,1.5157410610507918,0.0537822573216021,0.010784817994707442,0.9294183278476174,0.9618119806153947,2.0451834275578728e-16,0.21708788838288337,0.13158292045378153,80.58210159297562,17.52916838519213,80.58210159297562,64.15919921416048,23.926840015080842,80.58210159297562,80.58210159297562
13033.0,1294390.81544066,1205632.93069317,-0.6853804563372193,-0.2269710784404338,-0.3950597136621927,-0.2903207426750266,0.8505208740119337,-0.08888715924216026,0.1293918272555872,0.009814556975662008,0.024569329570456457,0.9282955447483133,0.06437957533656322,0.09742097099603975,0.04337478537343595,0.08388602838106453,0.041065092888471544,0.044825520793454886,0.08717384020387665,0.057698417340070814,0.06212901176830111,-2.0492818229965812,1.5424717292348846,0.2389999945286209,0.548110298230911,10.648785720317868,1.1157944759058829,1.5680431447928642,0.04208834539302696,0.12495947687348975,0.8114153152099003,0.5843897270873966,2.672266423215547e-20,0.26620424374247925,0.11887162814591934,70.55083368561237,15.632364628146778,70.55083368561237,59.68092944441904,21.426770043034033,70.55083368561237,70.55083368561237
13035.0,1111353.10597663,1205935.3891497,-0.5827724839845276,-0.42438204345134944,-0.27406180337594244,-0.3087106806085852,0.9120862798242616,-0.07627077843243535,0.1282443437140273,0.015824693198135047,0.05265720745178291,1.17245737465669,0.03328399129930575,0.10721220637626923,0.044425372540044396,0.08170512765378816,0.03874133326800832,0.0449722443512428,0.0799306055181073,0.05793058894670148,0.06362631939105033,-1.7168292367989928,1.5695996982887204,0.40847053684656504,1.1708823566935844,14.668441044038934,0.5745495066505951,1.685029204932286,0.08796998985931564,0.11850876953094233,0.6834813151918837,0.24340894026504223,2.712851541436847e-31,0.5664131488867614,0.09395707389564295,90.09448803903243,16.46651238333416,90.09448803903243,74.39210274974656,23.595545178905965,90.09448803903243,90.09448803903243
13037.0,1073488.41838745,1003675.64299072,-0.8484460262672885,-0.11343641056013576,-0.7636971901126726,-0.08474883615461593,0.7344628730487235,-0.057470809640973,-0.0388580511442121,0.01491090245863248,-0.014891333624529218,0.6659171921136596,0.04220759149402465,0.08431917655508231,0.045275814290530715,0.0869316638580465,0.041112612096660055,0.04465494812854051,0.09925307866537394,0.05726686906694115,0.06325185506714401,-1.2693490010403374,-0.4469953687722422,0.36268438559864274,-0.33347555531055817,6.709285002219037,0.7370333350106287,1.3330704129637718,0.20618317412886544,0.6554905299071859,0.7173253660234847,0.7392174744787114,3.3053939577675296e-10,0.4621951160394361,0.18442766517744053,71.08682324842682,19.702419134001268,71.08682324842682,65.03664013154936,27.0704340800952,71.08682324842682,71.08682324842682
13039.0,1363721.08142148,975103.002353488,0.5196193187050296,-0.31581183283377956,0.383373022100432,0.13624629660459764,0.7868233544426674,-0.07084576345512913,0.2770214382696233,-0.0030257852997580877,-0.014987918040755086,0.7027229184593777,0.07025158005941709,0.08927091803707349,0.04201972202433842,0.12072018781552267,0.04039589695685676,0.04305955538695003,0.09144578027912885,0.05550907254944473,0.06068629441748993,-1.6860121876602197,2.2947399542895908,-0.07490328294949504,-0.3480741476791338,7.684585514108887,1.265587350551398,1.4710227225761439,0.09376718536774724,0.023064215009220325,0.9403864163101738,0.7282478083660708,1.5234808317588039e-12,0.20752394494022247,0.14327376775261608,77.40018203947024,16.156495674007036,77.40018203947024,65.85887152250132,24.41494218447643,77.40018203947024,77.40018203947024
13043.0,1298417.97232128,1132052.50506554,-0.6184153377631431,-0.5000554193515528,-0.1734183343610417,-0.44499700340210135,0.8172165161559619,-0.08130444665438011,0.23119222037732193,0.004824519644777551,0.0004609077884234281,0.7935617272092805,0.06646842482300368,0.09210961536825764,0.04190625170566513,0.09306577573072519,0.03933673863821063,0.04331828652694636,0.08810978999665328,0.056027955236459794,0.06085780850163083,-1.9401507733364973,2.4841808770417306,0.12264666090266936,0.01064002815847109,9.006510255437254,1.1863439338894493,1.513521726070523,0.05414201247919067,0.01402795750696871,0.902542767514732,0.9915240688097873,6.534128829171694e-16,0.23726735611760025,0.13214496181115165,84.88196656037897,17.2408291222609,84.88196656037897,66.77664511473105,24.798317254852805,84.88196656037897,84.88196656037897
13045.0,1004457.36186532,1226137.16264658,0.22177679996099733,-0.18090051045206054,0.2859607699391852,-0.06418396997818784,0.9098083514227645,-0.0664191304790444,0.2634387105215121,0.010413559472093435,0.06861441678185541,1.1618625545009136,0.028089189281779288,0.10716591854021867,0.04450852863513275,0.07846520574822316,0.03880680398210586,0.04404564131730989,0.08064229313983211,0.05789530537611294,0.0638841394134414,-1.4922787276013554,3.357395268506992,0.268343651203413,1.5578026503814355,14.407608083344893,0.4851721413213,1.6775042995675178,0.13762012433400553,0.000985844135537048,0.788784843375874,0.12128082322596326,1.3840655789029277e-30,0.6282262691590839,0.09542103741540817,87.03630855593647,15.687104670794792,87.03630855593647,76.38901821608383,22.424066859396284,87.03630855593647,87.03630855593647
13047.0,982264.275959062,1372215.3368451,0.33521411647427873,-0.07200706310446009,0.35147305235392245,-0.01625893587964372,0.9060705473755648,-0.06126398335366415,0.05634037314824425,0.0011113820646781376,0.09619278037605078,1.1446588417862278,0.026754142098992895,0.1101822485766706,0.044690915419756894,0.06663247528891561,0.04037199123638248,0.04513993182749202,0.08020505859787026,0.05823953611028653,0.06419446797017797,-1.3708375131331647,0.8455392495019097,0.027528542205680975,2.130990820802825,14.271653955460394,0.45938109892100354,1.7163822999180647,0.17236977275516005,0.3990884785914972,0.9780729146181901,0.034637121102275154,3.241873544598126e-30,0.6465919322603797,0.08805193153458385,77.35261957205807,17.30891314435158,77.35261957205807,67.37693143468377,26.409633264109736,77.35261957205807,77.35261957205807
13049.0,1318743.05676385,952521.056409784,-0.7145758927163236,-0.08125792486794503,-0.6204583432473098,-0.09411754946901385,0.7626733289846628,-0.06854574845493983,0.26954959857437394,-0.002406068393636657,-0.016421541165258197,0.6549579063828933,0.06727338141107361,0.08861727858450377,0.04214244764472599,0.12081240017115857,0.04035153006801457,0.042686585878286304,0.09610908206561498,0.05550101819780937,0.06080163726509756,-1.626525090160921,2.2311418214727534,-0.059627686721695695,-0.38470027122997114,6.814734802437761,1.2121107611270616,1.4574817812574505,0.10583077972220035,0.02707944655138282,0.9525275184733977,0.7009768134635133,1.8796117870948275e-10,0.22727943997589453,0.146968118095666,79.84385265353632,16.141466324913537,79.84385265353632,70.70009656649887,24.208606804690348,79.84385265353632,79.84385265353632
13051.0,1396668.0669791999,1098652.60862175,1.5442608066094463,0.23407422897859997,1.195267590674236,0.34899321593521027,0.824220561720807,-0.078626679985994,0.29958823293639764,-0.0004354625158822659,-0.002977747350553235,0.7971841852814364,0.07419164787013659,0.09126304212826113,0.04198319469167703,0.11273312256054258,0.04037787108659847,0.043689414521780955,0.0887640924537503,0.05590585359742977,0.060717006192044454,-1.8728131711611116,2.6574996428002406,-0.010784682405576285,-0.06815718139387532,8.980930951294317,1.3270819260605564,1.5030886377961603,0.06294165884587175,0.008681175461728079,0.9914088405498194,0.9457466889255304,7.621793739118911e-16,0.18639614805527083,0.1348123122667446,73.96066744246926,16.516795040486794,73.96066744246926,59.378339846320074,22.906465622605175,73.96066744246926,73.96066744246926
13053.0,1047492.29814063,1092318.91108505,1.0088514910185769,1.7739579258388491,-0.6577152324645569,1.6665667234831338,0.8464112544645694,-0.06591576087135653,0.0026386383905659125,0.023860397321979664,0.00616858667116523,0.7740370079727602,0.03408552180949203,0.09209984383197205,0.04564926572933419,0.08284299879844546,0.03955955092512246,0.046102101103939586,0.08991816532898866,0.05773314815978122,0.06402060858759284,-1.443961032411505,0.0318510728587414,0.6031513696184811,0.1338027231613117,8.608238448157248,0.5903977679366722,1.438596818491053,0.15072990703660116,0.9746310165054819,0.5472728208264015,0.8937288508313244,7.0721720690076985e-15,0.5557675038714976,0.15224272279189394,72.67290711654069,15.874317609014959,72.67290711654069,59.31607712980596,22.77881073653427,72.67290711654069,72.67290711654069
13055.0,968980.1164304109,1322451.97637647,-0.8101779949298389,0.13054638460432622,-1.2195634144569523,0.4093854195271134,0.9075343712034534,-0.06223903823570714,0.10620875162291289,0.0035466712068173943,0.08906788795011956,1.150764227074602,0.026824923343514873,0.1091482824231064,0.04456134111623463,0.06547229375479777,0.039778191069276034,0.04479813718880274,0.0802858760806625,0.05810021297845666,0.0640561091006187,-1.3967047821420293,1.6221938400490206,0.0891611989253272,1.988205169664555,14.33333337383576,0.4617009468357965,1.7039480535987188,0.16446116993121143,0.10675558295864208,0.9290667193005048,0.048516327128927984,2.2031184211089183e-30,0.6449308336693965,0.09035665231846138,80.91511538183812,17.75794483665599,80.91511538183812,70.10982441295647,26.156619263522636,80.91511538183812,80.91511538183812
13057.0,1050772.95029855,1306025.57036865,2.2661765895680364,0.18764391180582862,2.2685346886245275,-0.002358099056491092,0.9097286555182977,-0.06582013600321447,0.18090463890438307,0.004777595149191025,0.08803718498939091,1.1738153696964002,0.028541792779064292,0.11048211026544588,0.04456969928903686,0.06561174753639447,0.039943875210174035,0.04467317941817591,0.08101465939615823,0.058167317479558306,0.06404389324856034,-1.4767911171302144,2.7571989117350713,0.11960770265910835,1.970694410740144,14.488925565390494,0.49068435705488245,1.7250998442061365,0.14172200321753015,0.006516759030877869,0.9049458656332572,0.05050609276704721,8.323500948931505e-31,0.6243304971695269,0.08646482419297742,88.37737001004439,16.230059722277367,88.37737001004439,78.49101393892212,30.225638431548482,88.37737001004439,88.37737001004439
13059.0,1155655.10476331,1286442.86119475,1.9948321610822661,0.7858946782339384,1.251911892149033,0.742920268933233,0.9102126401230055,-0.07389497763141026,0.12911189745786594,0.007516844746321218,0.07941973993346856,1.1903550255844708,0.034069331154499664,0.11228420420272126,0.044748604060737815,0.06893203317144103,0.04062879061478665,0.04463031903066117,0.08148471883275892,0.05839527846832205,0.06402945364203687,-1.6513359284037492,1.87303190574332,0.18501276145752416,1.7795019542411727,14.60832218158085,0.5834261270452098,1.7536336453916574,0.10065617495762652,0.06291124879854616,0.8534563022473977,0.07707988752855902,3.947981337708804e-31,0.5604383556134018,0.08143239856096127,85.27555512723316,16.85603270531037,85.27555512723316,78.366339134741,26.45325684765632,85.27555512723316,85.27555512723316
13061.0,1038841.66258289,1010450.96265897,-1.2225024229279753,0.011103709567089615,-1.075040886520546,-0.1474615364074292,0.7657635768664001,-0.054179149924538365,-0.034446831659608206,0.01970683261685346,-0.011550888226447894,0.6750475310236376,0.038331776831107806,0.08310461790451228,0.04668421882598793,0.08598372609248954,0.04193532111869911,0.045715781489112685,0.09835676567165061,0.05800993619323384,0.06420083624738239,-1.1605452824751605,-0.4006203641669938,0.46993398622303895,-0.25266741265702225,6.863254666966003,0.660779503418567,1.2944475923068781,0.24757738839345997,0.689240845699722,0.6390501401461838,0.8008536468433156,1.44748768208548e-10,0.5097160273428832,0.19739951070731704,62.00738614389263,17.608543370197317,62.00738614389263,58.02150260612827,25.249171130960463,62.00738614389263,62.00738614389263
13063.0,1071115.90302411,1229481.08721357,0.25763569184904733,-0.4931686146824681,0.6123909843003792,-0.35475529245133186,0.914293690974154,-0.07079764827271741,0.20000341085101192,0.011558613749184668,0.06783208519390614,1.1899139727191659,0.030368136012474903,0.10822481240527561,0.044381941576675,0.08473710236542104,0.03889755215271111,0.044369417242598755,0.08102101633021061,0.057934169798605974,0.06375220084788585,-1.5951904256015068,2.3602814501316725,0.29715529922823297,1.5288027071219012,14.686485391266046,0.5241835020341593,1.6975855102399113,0.11266798262088519,0.01948208923257394,0.7667382583185403,0.12831290538335585,2.4240344472740327e-31,0.60088548800066,0.09155478312468843,92.86125653305866,17.14860282494829,92.86125653305866,79.69146129650917,24.561672464057622,92.86125653305866,92.86125653305866
13065.0,1262974.2324823,959478.484777048,-0.5631423882587465,0.8754422670373234,-0.9110358938745511,0.34789350561580457,0.7326516671712777,-0.06698172812309129,0.2729504247027195,-0.0005447294593073906,-0.017479824329875545,0.5958696735300173,0.06338754016783718,0.08792963792782607,0.04228166153589716,0.1173442891452194,0.0401860561802184,0.04247954197993764,0.10358330759758806,0.05553904258587758,0.060966347816009674,-1.5841791852532512,2.326064836141534,-0.013555185830241631,-0.41148806025571005,5.752564649170289,1.141314960008967,1.4422651360581562,0.1151524696668153,0.021285821147246812,0.9892019587237751,0.6812723282180625,4.4290913285144534e-08,0.2554657335632804,0.1512069282542838,83.91135347057954,16.878530091976213,83.91135347057954,75.53006832662066,24.560377479914457,83.91135347057954,83.91135347057954
13067.0,1045712.17507121,1271355.64070228,3.4038700108110067,0.6123694524029712,3.0606257412276237,0.34324426958338305,0.9113873523361735,-0.06707195781911456,0.24818457393774895,0.007250140227111164,0.08103908045363432,1.184796769718288,0.028864991372258127,0.1093354798613997,0.044435309260669936,0.07072817301662411,0.039402842775083546,0.04449557082161174,0.08158742888758094,0.058035020112905455,0.06389532054191611,-1.509429301496513,3.5089917263862462,0.18400043541263986,1.8212842077817148,14.52180545302899,0.4973719543148623,1.7111656837166078,0.13318628000165406,0.0005861138859167326,0.8542490500069689,0.07045523632785602,6.777350115060368e-31,0.6196182254257396,0.0890129514744005,91.16457762753461,14.9693452726926,91.16457762753461,79.45543799159611,26.09123394977736,91.16457762753461,91.16457762753461
13069.0,1239718.5777449,1027494.07518466,-0.4486287786668117,0.12554356164365632,-0.5241351448649673,0.07550636619815554,0.7270665328778918,-0.07046050541123684,0.3044645601121454,0.0027513846903822444,-0.014271315739176848,0.61536747459502,0.061091567236042,0.08833230388455997,0.04202852136259051,0.11925809112084035,0.03945647439407707,0.04203771396612438,0.10383931612154157,0.05549995099570465,0.06091417047658193,-1.6764926085159297,2.5529887091991212,0.06973214745195945,-0.3394883877528932,5.9261510724391355,1.1007499311264275,1.4501109215386716,0.09561925979729485,0.01162755892184979,0.9444950318825034,0.734692676111544,1.880569336236871e-08,0.2726796630922169,0.14900977752298392,91.59020443515189,17.02747742326958,91.59020443515189,81.47141611587085,25.997907015974327,91.59020443515189,91.59020443515189
13071.0,1158670.33528513,976088.42141045,-0.6169001737592571,-0.299932941832509,-0.34082311880962796,-0.27607705494962914,0.6695351921266566,-0.062119197939505745,0.00649490215990986,0.005107112513030048,-0.019706475885770795,0.6214273858570418,0.05346461288922275,0.08565952907387434,0.04327414814477445,0.09274024751527193,0.04043764174921989,0.043047244831971,0.10150722688959223,0.056096410404463844,0.0617716482314382,-1.4354805490725049,0.07003326316160971,0.12629600273682062,-0.457787158334809,6.122001407180184,0.9530843863936137,1.3867126995371086,0.15312691578258175,0.9442557448578639,0.8996581928507212,0.6477342859273956,7.027796944496248e-09,0.34200311463329935,0.16748278781629425,82.29065289387418,17.41535568891993,82.29065289387418,74.4791431247398,26.20539735218496,82.29065289387418,82.29065289387418
13073.0,1262458.93972816,1255436.76090136,2.0349988033500983,0.2901440793038206,1.855564438401709,0.17943436494838938,0.8836070510441744,-0.08592002306342851,0.10909717429390349,0.011253247949419457,0.051316013849489375,1.0948562120775303,0.0518728417909975,0.10565709251612114,0.04440517567614842,0.07882587683180838,0.04153564579161001,0.04581232310595139,0.09047468512441353,0.05850434645606302,0.06322500842708215,-1.9349101034990202,1.3840274117937859,0.2709298900967746,1.1201355960667931,12.101243685700279,0.8866493676662843,1.6711281681832628,0.05478751725815841,0.1683019559301257,0.7867985761337798,0.2643557794404551,2.852510077590676e-24,0.3766152798541127,0.09667589172046209,70.3272471172449,15.776795860715419,70.3272471172449,59.577480118575096,21.055013389375713,70.3272471172449,70.3272471172449
13075.0,1191050.13239119,976471.912243322,-0.2174368154436153,0.3357387600430054,-0.44919323734455624,0.23175642190094095,0.67758970434563,-0.06439043847855291,0.08713785968919723,0.0031866030579288896,-0.018943753210188225,0.5992633516824772,0.05687728560195675,0.08660694550734431,0.04276825612812464,0.09640549320947174,0.04016901110190972,0.042640182587983216,0.10475199945698056,0.05580630853936742,0.06140424507099456,-1.5055661443303368,0.9038682007451835,0.07932988566346338,-0.4442699833918376,5.720781987828137,1.0191909676633393,1.4104390568959981,0.13417513357754135,0.3674413412075461,0.936870621131799,0.6574553015595201,5.172647275032005e-08,0.3096703728752754,0.16037578477282174,85.35146259674406,17.2328323340787,85.35146259674406,77.0978163010715,25.670431777183076,85.35146259674406,85.35146259674406
13077.0,1036454.74355599,1204097.00744884,1.4079949456142131,-0.10350040591799492,1.6336121895469078,-0.22561724393269467,0.9108397201635748,-0.0691658389747341,0.23509219482938237,0.013359443297459053,0.060159883853051224,1.1511872865413857,0.029364428485388658,0.10639415072468329,0.04449850553210906,0.0814398330081408,0.038577460876508096,0.04408031348301524,0.07985088511065006,0.05784547643017635,0.06380237159993647,-1.5543407165623953,2.886697898875632,0.3463017781347642,1.364778947777485,14.416712913653688,0.5076356924959142,1.6675579301630417,0.12210394892428662,0.004438348354517579,0.7295766605764695,0.17426295728394545,1.3074338297742368e-30,0.6124167385828452,0.0973843313788287,89.0553052986908,17.282204518009888,89.0553052986908,77.23326728898218,25.0232574601849,89.0553052986908,89.0553052986908
13079.0,1116746.08605076,1142118.25740227,-0.5782166029820937,0.08414812616346123,-0.6323989638624665,0.05418236088037287,0.8672278287138813,-0.0769772207703258,0.09071415515163504,0.024186620694864696,0.012057264953147191,0.9116196597203301,0.037085009518705275,0.09555566785133576,0.045050551011387927,0.09758501671064689,0.03881069711690027,0.045969424083884276,0.0868673596221669,0.05777100144112184,0.06359485882526576,-1.7086854442882933,0.9295910192915691,0.6231946986680776,0.2622887972480422,10.49438665668505,0.641931221436433,1.5025690695200067,0.0894728512212131,0.3540009383399644,0.5340551224915114,0.7934404582299479,7.009345830651566e-20,0.5218480843185576,0.1349462366841723,77.01276965313849,16.151896810869168,77.01276965313849,64.54715439105297,23.76773109039402,77.01276965313849,77.01276965313849
13081.0,1148247.78235091,1057194.03805048,-0.513976494930725,-0.1807947407752365,-0.4347291507471083,-0.07924734418361667,0.7039275436651972,-0.06773957492700325,-0.05978076615909516,0.01148980302638851,-0.013801415449382567,0.7149225245201117,0.04874635350040677,0.08618198325363866,0.043284318150680304,0.09484091486464073,0.03953404534577537,0.04316207172111458,0.10355311053271828,0.056324337710617504,0.06197640595716833,-1.5649911520193043,-0.6303267555402194,0.29063059259166646,-0.3197579471754367,6.903921290652368,0.8654580858252642,1.3905611647309577,0.11958565021669933,0.5293914069876309,0.7717149868557983,0.7495742494836992,1.1620196249847928e-10,0.3880996060864066,0.16631405992678164,86.51968666103224,16.035257874889748,86.51968666103224,75.55215786583739,22.216397216835283,86.51968666103224,86.51968666103224
13083.0,949883.5025568571,1363021.40100527,-0.4577487511232803,0.19626017179340727,-0.8413375219610035,0.38358877083772325,0.9059303503806558,-0.06078131795502865,0.06727329086042695,0.001640974359440522,0.09388110915454824,1.1422634470234083,0.02641923113882659,0.10946766964547452,0.04463276764366673,0.06761525986968273,0.040118809019262354,0.04506191028072859,0.08015720239419491,0.05817266817896598,0.06413866587422826,-1.3618092976058893,0.9949424285299671,0.040902868244484435,2.0833805883879255,14.25029083981769,0.4541519577123202,1.7067344347344782,0.17519662128167787,0.3212855557247613,0.9674249715932227,0.038826859647109774,3.7061538293676015e-30,0.6503427118796532,0.08983597403969315,75.8403365017636,15.651795410040698,75.8403365017636,65.3305762910781,23.99621743307604,75.8403365017636,75.8403365017636
13085.0,1075724.00511029,1331679.51207467,0.9667122360258237,0.1680372951295236,0.9521058279308066,0.01460640809501712,0.9088708537577501,-0.06571119169532914,0.09435771132833344,0.0031187680940420355,0.0918986748015877,1.1693461020869462,0.028891729823220594,0.11173739475967809,0.04474304268058641,0.06833479911629359,0.04053172061244738,0.044749333430800294,0.08088231514682574,0.05831461318310843,0.06419743187225035,-1.468634848202682,1.3808149368779663,0.07694635329851393,2.053632261220124,14.45737674501813,0.49544579387846216,1.7405274868631795,0.14391997170329984,0.16928593122376334,0.9387635734285973,0.041659620568511635,1.0138363356141474e-30,0.6209738479304255,0.08371328679860847,85.44174381313607,16.98064726602118,85.44174381313607,77.79396834516984,30.556233380737122,85.44174381313607,85.44174381313607
13087.0,1086432.39930955,932295.115522945,-0.47532282150797006,-0.2415444599954364,-0.2760314144422352,-0.19929140706573484,0.6784305271131286,-0.0559083186641452,-0.016361903191097073,0.008669291219408626,-0.01965439826592705,0.6277073050410132,0.04721115414937049,0.08502612336437163,0.0446328433046801,0.08734671559066794,0.04126008139995142,0.04413728809293058,0.09888489732936918,0.056843937028831254,0.06266367208078065,-1.252627314878745,-0.1873213329253695,0.21011328444492192,-0.44530144726030585,6.347858186576504,0.830539836208477,1.3568646799817798,0.21219219289617297,0.8516490307736309,0.8338499612175296,0.6567114215895196,2.208592911475361e-09,0.4074868700085631,0.17675957202568043,69.08123360953716,17.249691545892617,69.08123360953716,63.309347268421924,24.823024784370837,69.08123360953716,69.08123360953716
13089.0,1079966.94386989,1256425.9952896999,3.0665408633154208,0.8789000461151462,2.4150877427900754,0.6514531205253453,0.913237850840868,-0.07006085086860911,0.21777917285294915,0.009120912792478154,0.07638639956350589,1.1995686428854841,0.03021446582378231,0.10970950446216758,0.044445340719158455,0.078552889865847,0.03935458532078672,0.044468821385335214,0.08156215873303282,0.058052672999130424,0.0638558752876372,-1.5763373558391671,2.7723890645509472,0.23176239104368287,1.7177518356422272,14.707416546095617,0.5204664016803308,1.7180800352040255,0.11694821101601717,0.006233885417638667,0.8170224611920667,0.08780103637668411,2.1273681924912523e-31,0.6034670978853737,0.08774099766669965,92.60986518079656,15.499225160983148,92.60986518079656,80.93150831578518,23.87234813259832,92.60986518079656,92.60986518079656
13091.0,1200472.85239507,1092125.5163799,-0.3492610988416141,0.28592531479651145,-0.5717721901836634,0.22251109134204933,0.7077431871848339,-0.07520648918770588,0.08146272482010992,0.00916705577607672,-0.007450691997482785,0.7219621633380303,0.05483208042143923,0.08925663758926015,0.042210340396530065,0.10065947178303547,0.03869836211437662,0.0421630659863828,0.10661266107515911,0.05592739037055094,0.06122202137383064,-1.7817077161947807,0.8092902076388518,0.23688485184418484,-0.17671134257383225,6.771823872110893,0.9804155004935032,1.4579171936229618,0.07671778031683435,0.41956528109095015,0.8130529714765684,0.8599614425705024,2.3662773369852346e-10,0.32837989676860724,0.14684819180213277,92.47951135904779,16.097296418744712,92.47951135904779,79.93455437362856,22.02214115218574,92.47951135904779,92.47951135904779
13093.0,1142042.31320313,1082710.79264128,-0.732993309893665,-0.3830963446852386,-0.48856095059869187,-0.2444323592949731,0.7418247636568074,-0.07016865742549964,-0.036999959484481294,0.014824547248269518,-0.010209917557471682,0.7362086070180012,0.04607340214395706,0.08671157058017792,0.04360053227220838,0.09687372153473806,0.03930214207027842,0.043837957980243945,0.10093054181128738,0.056642020360228314,0.06225845462395913,-1.6093532296216067,-0.3819401061330491,0.3771943834959655,-0.23290130352497015,7.2942103926729205,0.8134138198274421,1.3927677952161763,0.10953533341635813,0.7030189953609094,0.7065353004621612,0.8161394832423462,1.3670164723546896e-11,0.41720492020074507,0.16564673382442627,84.34257588392845,15.785841190059234,84.34257588392845,71.74815473717857,23.48284154003397,84.34257588392845,84.34257588392845
13095.0,1111761.43522404,1008833.62735774,0.2121503600279728,-0.1543079199801333,0.03181826292759797,0.18033209710037484,0.698984269591171,-0.061049435043860914,-0.046051952957240364,0.0113819396497696,-0.016657203635851252,0.6643423421078,0.04642444282954093,0.0852138490033666,0.044124362639552245,0.0903417374392997,0.040438626425037254,0.04375369944996943,0.09930746024115839,0.056646918191849235,0.062482341906331756,-1.383576586534926,-0.5097527927020721,0.2814620736653548,-0.38070389121948617,6.689752617723885,0.8195404853678485,1.36380689973356,0.16843978087456593,0.6109359477897496,0.7787242976777491,0.7039343449812003,3.667895654004461e-10,0.4137126392984145,0.17456815728604672,79.49182984181891,17.471731039932802,79.49182984181891,71.47303038042728,28.142916722380658,79.49182984181891,79.49182984181891
13097.0,1031439.14779678,1242682.12121955,1.190571713281629,-0.11536120252441284,1.4591905327688224,-0.26861881948719346,0.9116603249220564,-0.06742938514114372,0.25158483305605306,0.00944697803697707,0.07316548814663376,1.1801332781202167,0.02868532008258124,0.10820033528897906,0.044439494595115966,0.07601375193042774,0.03900324238444789,0.04422428541327567,0.08137735179099208,0.05794531379404336,0.06385513835846506,-1.5173301531776289,3.309727867219583,0.2422100692003993,1.654418776084288,14.501986758567012,0.4950412415495457,1.6944655993316051,0.13118163704381144,0.0011568799174728325,0.8089314971470758,0.10002767365135962,7.6709698957963995e-31,0.6212587353051835,0.09214698640940813,90.46196634496064,17.030401004988903,90.46196634496064,79.05059952044206,23.99463768968968,90.46196634496064,90.46196634496064
13099.0,1049936.58220458,977742.350550898,-0.24686368300890893,0.6849939991724264,-0.8109515076432792,0.5640878246343702,0.7350188250856585,-0.0538923244627827,-0.031556707627591635,0.015047987312959749,-0.01592861025178737,0.6564865116665741,0.04131338404364003,0.08350301186084368,0.04597473782980594,0.0865503940938091,0.04179699053031652,0.045179765594868124,0.09948907032590415,0.05761427467720984,0.06362305357780268,-1.1722160257288885,-0.3646050137378735,0.36002561720430626,-0.3525607103547405,6.598579215948745,0.7170685437784768,1.3124646989590087,0.2428747828064024,0.7158937997288541,0.7193087695557933,0.7248876538648734,5.94925735801597e-10,0.47439051260656784,0.1912667455521702,64.05856251803809,18.731658993871747,64.05856251803809,59.471277750727445,25.040329459384985,64.05856251803809,64.05856251803809
13101.0,1248364.56684247,934460.5660117959,-0.7676542363079526,0.2721063977846765,-0.8819469515230637,0.11429271521511108,0.7188071145814363,-0.06507526534131916,0.24145878011521593,-0.0006872803658934615,-0.01898080744318128,0.5749733414896351,0.062282356413131845,0.08750932305015202,0.04250372160504601,0.11512769889431075,0.040424890557347694,0.042669942218416766,0.10650914508122965,0.05563985998988554,0.06110356814153313,-1.5310486443049136,2.0973126574594296,-0.017001415623339032,-0.44482852463270917,5.398347165880725,1.1193837731520857,1.4321475113770068,0.1277571101680106,0.037558028220897724,0.9864569362842414,0.6570524454094755,2.4235367980048304e-07,0.26467526708179395,0.15407697186765232,81.06349278123766,15.48174500614013,81.06349278123766,73.21598635276959,22.358604764495073,81.06349278123766,81.06349278123766
13103.0,1366794.18900716,1138332.60745256,0.4197903399037371,-0.7309475855923355,0.8394440282112805,-0.4196536883075434,0.8302586655547731,-0.08164384160901064,0.25425509247763745,0.002093303266232424,0.0027778589861061393,0.8223004303308725,0.07285592867439768,0.09222333833691013,0.04210634600937028,0.09942739059963206,0.04029414970603081,0.043997435971251865,0.08754993569216445,0.056199521617304585,0.060890598384749695,-1.938991371771888,2.5571936560364517,0.051950550675576614,0.06313683797213104,9.392359044353551,1.2963798725995626,1.5145743478193154,0.05428426387982267,0.011493565065759548,0.958633717176533,0.9497373435999683,6.30872335162002e-17,0.19673491680508587,0.1318781541931077,74.8108920512366,16.433906204128576,74.8108920512366,58.722496194245046,23.351215680994656,74.8108920512366,74.8108920512366
13105.0,1201035.93071989,1311320.84320677,-0.8253067197462111,-0.15894796365605224,-0.883559271206883,0.058252551460671986,0.9031970640189898,-0.07484152392285329,0.07699820831224916,0.005782135496685544,0.08129823875759591,1.1697236644285143,0.037828254097995125,0.11161691410523673,0.04472980812178816,0.06439098371798718,0.04135615995628271,0.04481157666091792,0.08157032473096618,0.058527963542075796,0.06392908028119709,-1.6731912580326391,1.1957917687587716,0.1398131621213816,1.8142240201179878,14.340063844130528,0.6463278714763476,1.7459490049642659,0.09626841521836955,0.233569369895306,0.8889856803030987,0.0715403418094407,2.1122148755691297e-30,0.5190047483103473,0.08276351464665135,78.52165830019118,18.048817004895557,78.52165830019118,71.62183782682186,25.478750720664635,78.52165830019118,78.52165830019118
13107.0,1274318.37438536,1149515.47741982,-0.5676119992401396,0.13836421526122278,-0.653824357467296,0.08621235822715634,0.8227907766513245,-0.08332681164358814,0.14953339860297218,0.007370247115049173,0.004829055520545657,0.8147754348727454,0.06338010955922416,0.0931299498112434,0.04211677693967517,0.08979397071606061,0.03921323619581122,0.043653032148530044,0.08777424417439143,0.05633949787432413,0.06109019391237322,-1.9784707591214552,1.6652944224486392,0.18795304417737568,0.11062359893156401,9.282625473298694,1.1249675973436157,1.5244664298304156,0.04961409467859644,0.09783564335556978,0.8511546304935147,0.9120552264587223,1.2299110188604176e-16,0.26230882377306064,0.12939135724340736,84.59640711443019,15.541498986817881,84.59640711443019,65.91195270771213,24.82089016520319,84.59640711443019,84.59640711443019
13109.0,1319778.38951051,1107427.47816901,-0.2703527308970292,-0.10441827825161712,-0.1952255473704301,-0.07512718352659911,0.8135984215557843,-0.07901287060558594,0.31248556114159126,0.0025243776503278926,-0.004018010264241094,0.7768181365654369,0.06856822299267393,0.0912378567704486,0.04180013429933136,0.10185744450978192,0.03950855891061058,0.04314750926734844,0.08902573870408478,0.05578315794789748,0.06070844493129698,-1.8902539891325143,3.0678715988361716,0.06389445021367093,-0.09312264676380042,8.725770185940553,1.2291922063056726,1.5028857496465506,0.06055511417016377,0.0025374055842962585,0.9491350360493097,0.9259241029093119,3.514534410921768e-15,0.22082719557508268,0.13486459656439206,84.62757046324337,19.07015638235457,84.62757046324337,67.51045150819215,25.383087005617078,84.62757046324337,84.62757046324337
13111.0,1056473.55463234,1376603.90707122,0.06564629062335656,0.5736933025950532,-0.5173621668622315,0.583008457485588,0.9065245929930037,-0.06298710516059047,0.029563609956012742,0.00050813127021865,0.09790596897243534,1.1516038269715034,0.027966873552865326,0.11185903350057783,0.044859351673938244,0.06713971253971655,0.04096323934938036,0.04505185876618546,0.08039268912667229,0.058395954574109545,0.06432808866748503,-1.404101994572156,0.44032970707946306,0.012404567565683408,2.1731837853917924,14.324733249772958,0.4789179962350462,1.7388832128804965,0.1622510767388644,0.660300133350676,0.9901184900532045,0.03125586973213622,2.3249992259696447e-30,0.6326590912122596,0.08400309453437689,79.35191388052436,18.21623805946325,79.35191388052436,71.9166408551267,28.994626107853883,79.35191388052436,79.35191388052436
13113.0,1060346.56134951,1213768.30098083,3.2326629371405877,0.5757269121184674,3.0633354698368027,0.169327467303785,0.9128554630635773,-0.07069668330860081,0.20817466572880258,0.013032749288417453,0.06240563788533538,1.1698517701524709,0.03012993618339096,0.10726788125725654,0.044432790526393366,0.08350589733944602,0.03868601184680634,0.04426199332721063,0.08000070515990304,0.05788362336819188,0.0637578220233298,-1.5910925798506064,2.492933701228144,0.33688531503392355,1.4099147642085679,14.6230182323294,0.5205260906308072,1.6824270003766104,0.1135875572303304,0.013699884899470625,0.7366504193563775,0.16053030552590866,3.6019055731451315e-31,0.6034256028192702,0.09446126012548059,91.41629061288239,17.73438683134311,91.41629061288239,78.58629061805897,26.21464876855396,91.41629061288239,91.41629061288239
13115.0,983522.809899508,1300254.35498196,0.1969542548738208,-0.27963156287649726,0.3973650625301324,-0.20041080765631158,0.9085243515757041,-0.06329876649536202,0.1413475937431925,0.004813601017151357,0.08551626238309225,1.1574603855342285,0.02715481764233697,0.10897715687083064,0.0445262490132801,0.0649932670778781,0.03958389287864334,0.04458996775561917,0.0805788001157823,0.058060935047330876,0.06400951042386469,-1.4216056348353743,2.1748036388726684,0.12160504354407332,1.917836380859809,14.364328878949468,0.4676951485572967,1.70251508173074,0.15711163262973638,0.0311319652559988,0.9033663404104348,0.056935627933734856,1.814566780196911e-30,0.6406470506332869,0.0906253781578072,83.83705465044264,17.42178707068119,83.83705465044264,73.28456880073229,26.367113048225363,83.83705465044264,83.83705465044264
13117.0,1082886.09396001,1307924.75917943,3.9181757096980907,0.4844737616474242,3.9183710939487706,-0.0001953842506798864,0.9100406643514158,-0.06732530699947213,0.15760590310933104,0.004830639357735984,0.08793423656403034,1.1815802766155887,0.029426480818287234,0.11147379957027655,0.044666662694057675,0.06653074133994145,0.04023432679740382,0.04462635999952721,0.08140640368909643,0.05825624324071953,0.06410877169582778,-1.5072831265817603,2.3689184869297852,0.12006263661525185,1.9704550531336624,14.514586360161854,0.5051214973937579,1.7388228883744359,0.1337349317207082,0.019048659371663775,0.9045860638499612,0.05053376246967268,7.090096220959787e-31,0.6141773521827734,0.08401374246373791,88.22703200203195,16.011085459991,88.22703200203195,79.95586565743213,27.940711729805493,88.22703200203195,88.22703200203195
13119.0,1161859.7815407,1335126.2204702,-0.4673437026109377,-0.16984443899359336,-0.2904909043851267,-0.17685279822581101,0.9065784453902115,-0.07007723385926728,0.01898585382067506,0.0033910984118901166,0.08871336871976263,1.1702750260211023,0.03361373475578469,0.11210909530650556,0.044711871998330946,0.06961817803976285,0.04117740471444842,0.04460454290363079,0.08040146086056485,0.05845156699793466,0.06406858586209825,-1.5673070870726058,0.2727140289398435,0.0823533788835468,1.9888863991147725,14.555395057443496,0.5750698652265799,1.7498294023191037,0.11904352140141469,0.7854291477767391,0.9344699446651938,0.04844028062334962,5.494386941791289e-31,0.5660620494692201,0.08208915250926742,81.93270062264114,18.07722517772566,81.93270062264114,75.65624840068509,26.99835061579192,81.93270062264114,81.93270062264114
13121.0,1057693.37207609,1255756.84629862,4.039490191006353,0.8374569733643487,3.8303174891448872,0.20917270186146553,0.9126125290086976,-0.06849710869863433,0.23693927250147975,0.008712198535401863,0.07689729054264109,1.1915127062703186,0.029454462186754984,0.1090547763601813,0.04440031031498496,0.07317628602503308,0.03922331226276122,0.044429996075657736,0.08161005772164916,0.05799905455286722,0.06383616521396686,-1.5427168912266989,3.237924269898373,0.22211786901212985,1.7307516843282258,14.600071848181518,0.5078438332112241,1.7083541280189705,0.12489996693063588,0.0014674276948350633,0.8245089739660101,0.0854483741400484,4.156669767544725e-31,0.6122710850411284,0.0895344317161688,92.46909892952235,17.397595625908735,92.46909892952235,80.1676404635313,24.862485443119567,92.46909892952235,92.46909892952235
13123.0,1046585.99538728,1355902.17024397,0.03536521888820172,0.1419331305979099,-0.12395029028433545,0.15931550917253717,0.9072239728047291,-0.06353810090551208,0.060021752128929975,0.0016828430848147972,0.0958671698108656,1.1560950397086611,0.02793542258625309,0.11133518401394621,0.044753026606703404,0.06713938441736511,0.040608040908633146,0.04501538155598045,0.08047291760250354,0.05831436775906146,0.0642328660858267,-1.4197498074017396,0.8939872274641497,0.041441129568430615,2.129653609436735,14.366262267502211,0.47904870891637524,1.7333055614423667,0.15765056735834435,0.37268846542198864,0.9669965457699092,0.03474925013388015,1.7927414767079125e-30,0.6325663073063521,0.0849922838048586,82.19186168596053,18.111156831279718,82.19186168596053,73.42055528399882,30.399638660997432,82.19186168596053,82.19186168596053
13125.0,1235744.87594585,1216082.66879847,-0.8784702915394882,-0.29866803413263243,-0.6536889220447488,-0.22478136949473937,0.8773579732929119,-0.08798489028715198,0.10803866214677749,0.013795656697913876,0.03525347684427482,1.0630363796100153,0.051663153006414955,0.10287500099929264,0.04400996351354422,0.08098607185392406,0.04048325842905059,0.04581111187643925,0.08834581410223186,0.05812590214836411,0.06284612928701776,-1.999203890729751,1.3340400352007273,0.340774365336516,0.7695398648991482,12.032673991547496,0.8888146436772157,1.6369345601136922,0.047300826859665704,0.1841104060895721,0.7337261471045984,0.4427218202021821,4.4003154079181825e-24,0.3754538732532775,0.10363438849801639,75.5214139398258,16.320461303279373,75.5214139398258,62.23951764702746,23.16642873882844,75.5214139398258,75.5214139398258
13127.0,1372244.14526824,1009124.09637189,0.9282793537375997,0.3108925444959256,0.4310094466451314,0.4972699070924683,0.7990570899006473,-0.07282141755792994,0.2992294922482266,-0.0024635106915170263,-0.01303825973680482,0.7265773781709527,0.0712316276110998,0.08970636207855637,0.041928680991403754,0.12079575235736,0.040275442980523934,0.04320289020524061,0.08981544263079994,0.055529047100481704,0.06063669234259346,-1.7367924732204152,2.477152436312424,-0.06116656973104704,-0.30179137726353433,8.089670961792837,1.282781378945757,1.479407246881494,0.08437277654133711,0.01429644521957988,0.9513038568601673,0.7632079642605596,1.4860094433665963e-13,0.2014472908380294,0.14102254458803384,78.18754079850424,17.500246158262527,78.18754079850424,65.00156417113492,25.449702901257204,78.18754079850424,78.18754079850424
13129.0,1011124.4339326001,1330497.70979881,-0.33080960011541855,-0.3534603003061956,-0.14029906139489423,-0.19051053872052431,0.9078171810624929,-0.06332554718531601,0.10470583624786567,0.0031553034442843818,0.09174015124145214,1.1571178300859433,0.027478498488088914,0.11005607132970523,0.04459363448026855,0.06485906209492288,0.04003834358961311,0.04489042125786963,0.0805573584969476,0.0581700806119678,0.064090615538589,-1.4200579953476502,1.6143593950622663,0.07880704248471812,2.043646476705081,14.363899855651146,0.472381990862078,1.7171947937282706,0.15756097139515307,0.1084447991331612,0.9372858219509244,0.04264929296960689,1.819445830676916e-30,0.6373059673268502,0.08790301459593008,83.87409747786229,19.07101523473574,83.87409747786229,73.38503510495298,29.53956854309024,83.87409747786229,83.87409747786229
13131.0,1119109.05511276,935885.5556394809,-0.42810451106653213,-0.44490090320725917,-0.08218583069832255,-0.3459186803682096,0.6598368588764632,-0.058193899182943064,-0.003858644666809151,0.00645153791398168,-0.020416879798651734,0.6173671444374101,0.05031717568994864,0.08554311801163388,0.0439697451005718,0.08669635323520751,0.04090816590302617,0.04366067364204804,0.09910849016124387,0.056468075787306685,0.06221871915177096,-1.3234986705025562,-0.04450757757181129,0.1577078260921111,-0.4676263120912767,6.229205423601842,0.8910729644741907,1.3748775156069573,0.18758147560379074,0.9645560123280632,0.8748884022884047,0.6406961767458581,4.068926851446558e-09,0.3742449416332244,0.1711160081966216,74.2741733633479,18.17796174624185,74.2741733633479,67.44295270620226,25.56748996865175,74.2741733633479,74.2741733633479
13133.0,1179506.47397122,1247671.71864648,0.0984480544729703,-0.14756521427832242,0.30424785742760696,-0.20579980295463668,0.9072539943326342,-0.08035412595561318,0.12117317282535305,0.012210875322273216,0.0626957566912347,1.180668992080585,0.038465942282495016,0.11025037526393308,0.04460846552189634,0.07146873407053912,0.040255804536733567,0.04490309853349198,0.08372720148097443,0.058337379774936686,0.06371777910994011,-1.8013201085379382,1.6954710951750733,0.3033320402559772,1.396245665418204,14.10137889714219,0.6593704144905909,1.7302921853836832,0.07355930767570804,0.0919557907609674,0.7620358713332559,0.16459909274558937,9.428019661821817e-30,0.5106178324268685,0.08553064650191493,83.17267722522473,18.19960682264837,83.17267722522473,74.61789136553699,25.274868650609932,83.17267722522473,83.17267722522473
13135.0,1095790.60022703,1279833.18333136,2.0895753843112677,-0.055641006355362066,2.059984622966281,0.029590761344986838,0.9121970098776888,-0.06981844161040324,0.21161735070829432,0.007283677909543485,0.08139163210501141,1.1961507509756064,0.03037430148570578,0.1111248828777816,0.04459319212817448,0.06954214712788304,0.03988885216536378,0.04445613570670042,0.08130998032318255,0.05819416925332467,0.06400082830102335,-1.565674899651132,3.043008584695338,0.1825993357579749,1.8308301162744578,14.710995454940086,0.5219475056596066,1.7363038233679353,0.11942539147084538,0.002743864154980095,0.8553464895118829,0.06900979841728314,2.080414226880357e-31,0.6024378344760951,0.08445937034156527,90.54664998846204,15.618301338599132,90.54664998846204,81.89833806122563,25.84383214712715,90.54664998846204,90.54664998846204
13137.0,1130813.33658451,1359809.25715521,0.014261172332613531,0.12131940039258989,-0.18969838363310443,0.20395955596571796,0.9062671762027291,-0.06676305399123938,-0.0023124415966725544,0.001526557440531767,0.09385585955198411,1.1625253281946533,0.031173791734544473,0.11233836795411792,0.04480086457325937,0.07035373407736431,0.04125142560628286,0.04471016370006407,0.08122695549385255,0.05845755399716019,0.06421593460489097,-1.4902179818888752,-0.03286878268791936,0.03700617416478481,2.0992063500731404,14.312063293848752,0.5332722565856736,1.7493846137304638,0.1381605207272536,0.9738207124471348,0.9705267968780359,0.03738834476336825,2.51696862903452e-30,0.5945944578402956,0.08216622193406413,80.99741044053494,18.712867452597024,80.99741044053494,75.02636345188279,25.33613528085634,80.99741044053494,80.99741044053494
13139.0,1109270.61154894,1321572.98981177,0.44788174839693606,-0.6427052816691662,0.9942473875260187,-0.5463656391290826,0.9089369829147755,-0.06793062605828123,0.08233965751096002,0.003944426514275691,0.08803029061483673,1.1792223744739576,0.030301912505486184,0.11235381445661297,0.04478284878364367,0.06805782568714694,0.04069304248403899,0.04444171960198135,0.0814626220107475,0.0583677212927217,0.0641939264701922,-1.5168893427586496,1.2098484880998817,0.096931226408613,1.9808029797954099,14.475625082610044,0.51915531109255,1.7502249922160988,0.13129285599121665,0.22814404996038778,0.9229038559760527,0.04934918784245604,9.045160948753009e-31,0.6043788793055767,0.08202065757676578,85.78874107487366,18.14443875566232,85.78874107487366,80.65568872107741,27.123828039245232,85.78874107487366,85.78874107487366
13141.0,1199351.806621,1215632.02318851,-1.1056562720497674,-0.40917558757190675,-0.8630664354026791,-0.24258983664708822,0.8939313646894419,-0.08770421741980647,0.10498956907816852,0.01672186289241455,0.04134538994496864,1.120207145826646,0.04443467371915967,0.10704583592079052,0.04495992542449598,0.07970859885154086,0.04063438263094719,0.04561352155208113,0.08689557528378178,0.058510327185432295,0.06368634679383818,-1.950719815296261,1.3171674146940415,0.4115200431193253,0.9064283690037137,12.891417568366359,0.7594330070713203,1.680828643968435,0.05285967786219209,0.18968954716694694,0.6812489297959727,0.3660894222423696,1.9291332903332445e-26,0.44872513704796035,0.0947720310614883,73.8150350095986,16.186298249828496,73.8150350095986,67.27275983477128,22.955771650020257,73.8150350095986,73.8150350095986
13143.0,989762.360548784,1248225.72714828,-0.3845221308993371,-0.40869416490952737,-0.1786069952590572,-0.2059151356402799,0.9095408819522456,-0.06503745168537911,0.2368351820652747,0.00838394798051408,0.0745625493583422,1.161614492237545,0.027509841225745586,0.10783432773573963,0.044523505351210566,0.07185878738008247,0.039042123504098025,0.04416718184771302,0.08036746815005168,0.05795031461014709,0.06393972927951415,-1.4607441883191883,3.295841617985885,0.21474108547487347,1.6881889728765445,14.453789810433367,0.47471426878032197,1.6864995981503008,0.146071385330187,0.001211686857236906,0.8302461025468827,0.09334778889782325,1.0368332358046177e-30,0.6356461325317602,0.09367314473044809,85.59612386081508,15.26158591185036,85.59612386081508,75.41107609965843,24.016522849656585,85.59612386081508,85.59612386081508
13145.0,1031109.2140545,1134075.52893523,1.280913248236228,-0.015368810673467737,1.3013917365285705,-0.020478488292342556,0.884455994749201,-0.06852193978408883,0.1251352656196583,0.01932077565791651,0.0291311270421542,0.9529178314863445,0.031483133841124444,0.09961784565992113,0.04472503796577067,0.08375376649779274,0.038409529159052214,0.04498188115570706,0.07956364006182778,0.05760689121923978,0.0637018770103705,-1.5320711373466156,1.4940852316529087,0.5030203723120377,0.6476191367211906,11.976800341787348,0.5465167998964954,1.5638133495454711,0.12750470389236065,0.13714775309986169,0.6156504301365792,0.5181712174799527,6.2641167052916114e-24,0.5854816898792993,0.11986210572400387,82.05095564271122,14.86035063900111,82.05095564271122,64.57557471644367,23.144915613051396,82.05095564271122,82.05095564271122
13147.0,1186190.24269158,1335680.91860755,-0.49537461553878154,-0.23560869751845998,-0.3470492031260732,-0.14832541241270836,0.9044385609085672,-0.07153824379869324,0.025202265931968358,0.0035787868195593007,0.08727132244162897,1.1661700985713208,0.03541355444001987,0.11226612412540918,0.04481398443216537,0.06715422096994923,0.04151869362672585,0.044659715146710376,0.08055189155712965,0.0585466750840588,0.06408746555188402,-1.5963374983311338,0.37528937969879944,0.08619699963911227,1.9541397018529205,14.477252812173138,0.6048772947255264,1.751764142311426,0.11241163848739114,0.7079485832188546,0.9314189518744067,0.052450271363644614,8.953581955207707e-31,0.5461282497935676,0.08175460449083664,78.26493357314547,17.144785961290047,78.26493357314547,72.85168458239406,25.143058625078528,78.26493357314547,78.26493357314547
13149.0,1003662.62373659,1193919.21604382,-0.8235820005288726,-0.5374603356185599,-0.4763886657406847,-0.3471933347881879,0.9075913895385598,-0.06702204356969373,0.257568025116314,0.013045709983698322,0.0584691791504473,1.1291965484478514,0.028739592377957483,0.10522337343593341,0.04449315147663269,0.08193876641859946,0.038488756985645696,0.04397426558997353,0.07987111854331531,0.05778026380129855,0.06379563666742494,-1.5063451642640544,3.143420829653204,0.33894859188525345,1.3296226410152652,14.137733000890316,0.49739462036363347,1.6493819786528148,0.13397526757446931,0.0019948187925066755,0.7350985083028045,0.1855590806361167,7.505426014599077e-30,0.6196022809258102,0.10105616974386744,85.98703963127296,15.264887034675713,85.98703963127296,73.61683225042988,21.286299454597653,85.98703963127296,85.98703963127296
13151.0,1090976.86616909,1221947.29551244,1.3347262521548302,-0.16381121876593796,1.659405675724728,-0.32467942356989776,0.9143296301092687,-0.07298532748810009,0.17072047311281002,0.012970651375602882,0.06335644517856476,1.1898343219266596,0.03152693324255184,0.10810709243566982,0.044372679736435286,0.08769630669074199,0.03885403127925363,0.044548568998415465,0.0804073588579687,0.057936110190403296,0.06369533859899425,-1.644825778420824,1.9467236370038923,0.3338302602985922,1.4221881107071759,14.79757995817745,0.5441672411030116,1.6972528102296145,0.10199383989220073,0.05334148675491119,0.7389502956779945,0.1569427718737692,1.2127476421936452e-31,0.5870934943550126,0.09161778684391918,92.67390006596005,16.891133246981134,92.67390006596005,78.40464264327768,24.720229179062525,92.67390006596005,92.67390006596005
13153.0,1150016.92900861,1117666.85279684,1.1542553325661773,-0.0201337206594967,0.9014490429230432,0.2528062896431341,0.8060114480831188,-0.0760285922401075,0.026041290874444484,0.017863201044864142,-0.0023154514779456566,0.7885779012818768,0.04459519159459292,0.0894342569634934,0.043770549301332055,0.10513895052395095,0.03882880529609001,0.04464766253068221,0.10309481032585126,0.05700925747557949,0.06244224755722731,-1.7369805372260598,0.2476845236201231,0.46005023612361656,-0.05186053080280431,7.6490552607781375,0.7822447365446873,1.4322715863410962,0.08433946899098621,0.8047000921342508,0.6461126218123228,0.9587053319385911,1.8640891290009614e-12,0.4352415018048358,0.15404152442255536,82.03060493258204,15.104323009475074,82.03060493258204,67.86521932996331,22.079344556134913,82.03060493258204,82.03060493258204
13155.0,1198907.22518824,1027866.06568573,-0.42288133278233675,0.6491846310525741,-0.7909999525690832,0.3681186197867464,0.6798112366071659,-0.06854491651810492,0.085408763209036,0.005141242607648129,-0.015137528470875052,0.6377137141482049,0.056668089324263864,0.08740039619983901,0.04238091586909033,0.1040415511234466,0.03949236810637137,0.042142154955689,0.10660345574477831,0.05569211702675188,0.061225558486719865,-1.6173533561622904,0.8209101295279367,0.13018319371986922,-0.35920157587554863,5.982111083480909,1.0175244244538806,1.4275148869209024,0.10779675553074516,0.4129343195169276,0.8965870853930811,0.7199238809860729,1.4222352766901129e-08,0.31045958111898,0.15540496770306791,91.1882186855709,16.144956714019987,91.1882186855709,81.84372045321064,24.39992326810716,91.1882186855709,91.1882186855709
13157.0,1134889.68627057,1304288.24498397,0.46098787904114297,-0.5066107177151888,1.1108465342156297,-0.6498586551744867,0.9096240066646005,-0.07074285871473833,0.10505845574610213,0.005558328203503861,0.08454660016477794,1.1863684179449723,0.03207754662186241,0.11239591725180102,0.0447497080036644,0.06871073318153974,0.04066039849547199,0.04449586525272248,0.08119312285182498,0.05837619526930347,0.06410895800009353,-1.5808563199774497,1.5289962845910632,0.13670127222493517,1.9001001482852378,14.611686018162636,0.549497041968579,1.7532014363989046,0.1159106988408787,0.12826492675844395,0.8914409552968714,0.05924155703392826,3.8659369174245496e-31,0.5834402243893033,0.08150679650349958,86.19418432095145,18.23750671496806,86.19418432095145,80.14224550254524,27.322703346325866,86.19418432095145,86.19418432095145
13159.0,1135635.94618058,1212275.91642216,-0.8556563044960648,-0.21986253746336903,-0.7864049364938436,-0.0692513680022212,0.9110204125093312,-0.07926246962125504,0.09474637997628285,0.016318494883271993,0.052071487111699205,1.1777737631128373,0.03498269088198582,0.10836072759481033,0.04459938754813069,0.07284980510345851,0.03912090414204947,0.04480322578364851,0.08113164779238421,0.05808450141893582,0.06370918791071715,-1.777209822348271,1.300571495582283,0.4171297990460273,1.162226295114298,14.516822906478602,0.6022723795057195,1.7008649952761663,0.07745766218105511,0.19529892712114175,0.6771496816478473,0.24689610274064588,6.991689144960612e-31,0.547856195380751,0.09093562316222684,86.51619504586914,15.84318823008383,86.51619504586914,76.08667950544292,22.915987689724705,86.51619504586914,86.51619504586914
13161.0,1255584.34655033,1058545.81044653,-0.9430697602581174,-0.24826735856189752,-0.8615097930012331,-0.0815599672568843,0.7536534594388189,-0.07359600929113351,0.42222154710434956,0.0033129419136719964,-0.01077523178024789,0.655551768459829,0.06243961557421565,0.08923972670807942,0.041827641532559405,0.13922851980804088,0.039180915620071255,0.041934682592951335,0.10125561042905294,0.05550404360885264,0.060788667156858295,-1.7595065510410148,3.0325794433962296,0.08455498962292937,-0.25695274445833205,6.474226619957581,1.12495615660436,1.4680322974972684,0.0804269736866546,0.002834991708165618,0.9327222262731496,0.7975495578290204,1.1441521531267935e-09,0.26231365726494354,0.14408338925079892,92.44771373649229,15.344106967561435,92.44771373649229,81.18204467268001,24.28862925107517,92.44771373649229,92.44771373649229
13163.0,1256171.75617421,1199315.02314044,-0.7885768275612868,-0.4298134768385817,-0.3978896633172833,-0.39068716424400346,0.8585674620138142,-0.08939930504835922,0.11603456115356706,0.012260833599832318,0.02452305811921816,0.973881310177199,0.058440227326781044,0.0986555307048812,0.043600931263399395,0.08209397512693885,0.040585087154687366,0.04529841565092499,0.0891800855556135,0.0578227871090515,0.06237005800190786,-2.0503989813493977,1.4134357725295572,0.30210194087057063,0.5413667954348731,10.920389951519814,1.0106781469486257,1.5817771197497266,0.041977894133587594,0.15949476323059447,0.7629716520328285,0.5890173137066965,4.875832890738738e-21,0.313715755953869,0.11570019012061405,73.61849625595045,16.771167430303677,73.61849625595045,61.37015378768609,22.646254962780112,73.61849625595045,73.61849625595045
13165.0,1302224.60614839,1176477.25501298,-0.954427042676049,0.2162768724263493,-1.147593772237267,0.19316672956121805,0.8365038951129825,-0.0859770972784185,0.15180058262780205,0.00734648275176756,0.012925732249930343,0.8579102483655594,0.06648277937266786,0.09458637787961167,0.04254308849103506,0.08375452349037309,0.040108766456814215,0.04440929031598691,0.08620787331736143,0.05685006303734899,0.06140049265278185,-2.020941598928252,1.812446376645559,0.1831640162675569,0.2910591941001409,9.951646124099254,1.1694407327040328,1.5404823934311915,0.04497445525781133,0.07181572224975828,0.8549041580325156,0.7713877768133073,2.0383704520940103e-18,0.24398727223711691,0.12544318833562837,76.70271651909152,17.218318802799566,76.70271651909152,60.42035825253851,23.2456469362727,76.70271651909152,76.70271651909152
13167.0,1239464.29197763,1157121.95884885,-0.8917375177319944,-0.5039486201233365,-0.3940530815579166,-0.4976844361740778,0.8280477128283773,-0.08458713832669332,0.1166915518604325,0.010681788493540716,0.007426784319890679,0.8433423872919847,0.05801055184207846,0.09408752719632833,0.04246548991449328,0.08611237645331644,0.03898628541810949,0.04423725871736823,0.09297345124840586,0.05668668232483804,0.06143700847929493,-1.9919030369604687,1.3551077866686647,0.2739883622916003,0.16788527443213402,9.070787154482929,1.0233541541495426,1.5314470792964643,0.0481047430629473,0.17731742904710515,0.7844514341941498,0.8668882356578248,4.435123881773748e-16,0.3077047045212597,0.12765870837283,84.58323900245531,14.83169762814689,84.58323900245531,65.13587512289257,23.122499967073217,84.58323900245531,84.58323900245531
13169.0,1151584.09725885,1181572.86393168,0.2873612736869536,0.13763209629431822,0.17171446101761234,0.11564681266934124,0.8934834234090434,-0.08378905345310941,0.06950641378676793,0.02117886808592476,0.027738948489582867,1.0723596344352748,0.038862451995112776,0.10321804799337513,0.04481636231891528,0.08312766459927846,0.0390207328660395,0.0458698821977386,0.08428060975480088,0.05805749683033172,0.06356721140680673,-1.8696085339738795,0.8361405811389923,0.5427593622762821,0.6047311909370984,12.723681491568586,0.6693787041608961,1.6237624037464482,0.0633885986493508,0.40433856039389904,0.5880602963206847,0.5462250941102225,5.569782312747733e-26,0.5042309016216446,0.10641992118144311,78.20406656057449,14.929451475216963,78.20406656057449,66.56362166512474,22.39613442102705,78.20406656057449,78.20406656057449
13171.0,1097557.2605515998,1180411.56422868,-0.05750021166356296,0.13525976025223602,-0.2836732882129727,0.22617307654940977,0.9032927723262769,-0.07593929641170168,0.14359155922247255,0.01893768010856418,0.04063553531084221,1.106396902196917,0.03312504800405286,0.10448543134782937,0.044577438088898136,0.08359652156887208,0.038453476826896045,0.04501105608020381,0.07909319873713168,0.05783498608491837,0.06364418822260924,-1.7035365796540494,1.717673852065397,0.4924829084718378,0.9027900886936534,13.988521388217668,0.5727510326606766,1.6417120599035546,0.09043374988068398,0.087815307106377,0.6230616499631219,0.36801158593213623,1.9146759634450458e-29,0.5676274373891397,0.10263865804865346,87.01604649765275,15.628078347375684,87.01604649765275,72.15554145667608,25.08874184994002,87.01604649765275,87.01604649765275
13173.0,1227441.86105943,968355.0838411921,0.13091214272567134,0.8667373623888245,-0.46441719458948416,0.5953293373151555,0.7063867037296203,-0.06590974590126825,0.21759863028531629,0.0011095388182205419,-0.018085617435009402,0.5722463226063209,0.060421503975941454,0.0873731624223947,0.04244989004626282,0.10619464415777088,0.04012060893712035,0.04245470795852121,0.10815079236840856,0.0556242523067393,0.06113436227967594,-1.55264821250275,2.0490546581806433,0.027655084197736976,-0.42599792354429294,5.29118936694427,1.0862438858997647,1.429198885279643,0.1225079678724747,0.04211083508014437,0.9779721469529827,0.6706891163164568,3.9990019423362136e-07,0.27902555196538037,0.15492121879574466,85.55950961120283,17.385201627776496,85.55950961120283,77.3975684065856,23.484162047653722,85.55950961120283,85.55950961120283
13175.0,1218899.74664582,1127450.89562959,-0.278867885246074,0.14513816036663552,-0.3983152045352627,0.11944731928918872,0.775311435117694,-0.08040845907870572,0.10858348578812528,0.010241997227067045,-0.0007523084482130632,0.7646550466567998,0.05610239484966696,0.09162137778291174,0.042200771856305594,0.08896611156470709,0.03856400358105249,0.042952367873062586,0.10509255046203365,0.05622837032871177,0.0612341140543842,-1.905378872038123,1.2205038961284718,0.26558438637058956,-0.017514947032404946,7.276015695641943,0.9977595744228696,1.496247299365506,0.05854721785889396,0.22409230666700863,0.7909055259744142,0.9860479066136287,1.5123068742748564e-11,0.31992156585518267,0.13658406858465721,89.77674141181521,15.582097859277898,89.77674141181521,72.82379763648925,20.297432268750278,89.77674141181521,89.77674141181521
13177.0,1115399.69138521,1036899.50188537,1.0758730851091098,-0.15325327987608883,0.9825156429132503,0.09335744219585951,0.7195962166512038,-0.0630397404792537,-0.060808471634212755,0.013380053105962242,-0.014563587994543764,0.6874670198827245,0.04523074877235675,0.08505552588268352,0.04417865275650501,0.09043954298647681,0.04021500426707812,0.04386513656669461,0.09877945974298635,0.056746239110289774,0.06257477079267511,-1.4269276346361994,-0.6723659764988561,0.33271295999627126,-0.3320082674859704,6.9596151028912345,0.7970704223137683,1.3592622842278148,0.1555739349822527,0.5023328086277219,0.739792001107687,0.7403230350689615,8.592199417923496e-11,0.4266062845002462,0.17600040510515755,80.48903456347989,16.548147384101345,80.48903456347989,71.89358745611845,27.616093241151134,80.48903456347989,80.48903456347989
13179.0,1365715.49274705,1075019.90992216,-0.050198073678670144,-0.20940270526342786,0.2494746558620306,-0.29967272954070073,0.8141130109077779,-0.07682670416123934,0.3281922130227868,-0.0004001574543350088,-0.007308988104266474,0.7690577308569316,0.07180430224869153,0.09066956363912261,0.041847173963567096,0.11791418881413915,0.04001623636668345,0.04337490522230863,0.08850553937889054,0.055679913966289796,0.06063785256427175,-1.8358875136496924,2.7833140042212894,-0.009999877316502714,-0.1685072985590596,8.68937397878126,1.2895907542559044,1.4952634337276276,0.06825402981493682,0.006037388825665169,0.9920340004172397,0.8663997197681403,4.365716815473632e-15,0.19907730724219055,0.13684035339790782,79.63912422012959,18.791460183975595,79.63912422012959,64.1592582624311,25.955280928770932,79.63912422012959,79.63912422012959
13181.0,1241422.56842845,1280561.39617989,-0.608204314103099,-0.2633044579726364,-0.3915599796573076,-0.21664433444579145,0.8922488048496848,-0.08126635963055664,0.10754981268934041,0.009087977968181619,0.0662908689029562,1.1416200312961413,0.045318124139812246,0.10870044442357261,0.04450529847955186,0.07345645319660778,0.0413679700397623,0.04538728383947776,0.08696483306846926,0.058512091425106175,0.06350577316018399,-1.825992913358278,1.4641302160544156,0.21968634089239536,1.4605603881785176,13.127375641569042,0.7745087047147882,1.7116624050760187,0.06973914246131825,0.1451451497766938,0.8263990112523419,0.1461217935614618,4.3450001276284214e-27,0.43978748862438655,0.08892107811651062,74.12452912586798,16.151602630286945,74.12452912586798,64.22676276582897,22.608593661919123,74.12452912586798,74.12452912586798
13183.0,1339616.71427521,1064870.36687921,-0.07642426811845714,-0.7095647979829014,0.437398717953089,-0.5138229860715461,0.8049783191115663,-0.0758167872717968,0.34870699830729973,5.649347237918472e-05,-0.009141597874139276,0.748250147001113,0.06982992900865885,0.0903063385564242,0.04178968499787927,0.11990123020634903,0.039781101036323444,0.04299015318489212,0.08873480781745022,0.05557455230695279,0.06062486404781034,-1.8142464408536298,2.908285408808382,0.0014201083154435946,-0.2126439939588742,8.432431031354138,1.2565090695282597,1.4895924300169363,0.07153687412754015,0.0041578020096860015,0.9988687093055519,0.8318787520496849,2.000770792807955e-14,0.21078600686391036,0.1383248875405427,83.55289488331228,19.57313033329423,83.55289488331228,68.61144829763559,27.211089051335428,83.55289488331228,83.55289488331228
13185.0,1211134.78637293,943240.131139018,0.6051988282580836,0.13465759001959043,0.36671887559052196,0.2384799526675616,0.6924493201071502,-0.06369147875966309,0.1629009812129484,0.001007304319354526,-0.019856852635164648,0.5715782428292823,0.05920521729621414,0.08686578740918033,0.04274386741080278,0.10357928577439893,0.04043256282375508,0.0427646431535699,0.10649915336189855,0.05576751794582944,0.061313350432150915,-1.4900729067760061,1.5727177494519051,0.024913194935115787,-0.4643287344607958,5.366974523139935,1.0616433988280412,1.4167516013548407,0.13819862638298258,0.11778453753964407,0.9801556394236292,0.6430513976236418,2.808107164910536e-07,0.2900176576616754,0.1585242361848723,81.8810902564159,16.119850003055525,81.8810902564159,74.0449824402227,23.036983760620586,81.8810902564159,81.8810902564159
13187.0,1089107.70777744,1347780.25065018,0.43322674344836326,0.21783556128400136,0.32309397806973233,0.11013276537863093,0.907716697141035,-0.0654498561611991,0.047896075626149164,0.0020789518970055583,0.09297331771296152,1.1648966777301188,0.029162515670094508,0.1122582009542821,0.04483186345234009,0.06797155190416573,0.040878354341151904,0.044675772647983676,0.0810095855307227,0.058392268488652234,0.0642736160290742,-1.4598959561602343,0.7046488462361234,0.05085703498862953,2.081067930162762,14.379738769164971,0.499424263261186,1.7465673769389614,0.1463041299202735,0.48206616685139536,0.9595036795739634,0.039040998764667316,1.647741068150127e-30,0.6181752554784838,0.08265574710128445,83.12147898074255,19.05181598168857,83.12147898074255,77.3552337552519,28.874632162624142,83.12147898074255,83.12147898074255
13189.0,1243599.5479088002,1245795.64011796,-0.42694174807226837,-0.5825936050613786,0.1632480625163854,-0.5901898105886538,0.8872232053369865,-0.08637599130431253,0.10876942954989727,0.012415940770088547,0.049971880977799345,1.1090833847148713,0.04962980474145577,0.1064347683266632,0.04455003337395958,0.07885464109464342,0.0413533551097563,0.04582361547709477,0.08935920061158222,0.058527540691741126,0.06335912402462786,-1.9388535712029589,1.3793662369136819,0.30024022808150125,1.0905268049566736,12.411518647483497,0.8479735207541205,1.679864896574197,0.05430119207068427,0.16973108788613217,0.7643885886252851,0.27714146265734924,4.0098549037963236e-25,0.397735480845124,0.09495981331197544,72.15597830472004,16.4250768055131,72.15597830472004,62.05283353535664,22.551739218405096,72.15597830472004,72.15597830472004
13191.0,1378711.4497416,1040587.18746832,-0.5302989354812486,-0.305856056924582,-0.07446540044910141,-0.4558335350321472,0.8082033039679091,-0.074749169234199,0.31700942307504587,-0.0018096887331244807,-0.010605825066010377,0.7514576672406759,0.07210606004842406,0.09016776933757562,0.04188494185311306,0.11952639137262187,0.04020764875226022,0.04339480406549638,0.08972926103707977,0.05559385179512388,0.0606206702088638,-1.784631085231967,2.65221278275501,-0.045008568998274275,-0.24440310987469507,8.374722566032757,1.297015006518193,1.4874096414128972,0.07624002615556641,0.008812281026023872,0.9641573130748453,0.8072357314097406,2.810193144930956e-14,0.19651682868515838,0.1388996174909719,78.06988459676835,18.605603779074094,78.06988459676835,63.4427500096549,24.457166271414003,78.06988459676835,78.06988459676835
13193.0,1116533.36059427,1102059.2550332,-0.9993464371831046,-0.07749605784293989,-0.9611724421433787,-0.03817399503972585,0.8135036679738045,-0.06979661119790156,0.006781054411474586,0.0215361704572634,-0.0022972354536800535,0.7696504352347756,0.040265168604858896,0.08626220439648737,0.04507210355413713,0.0945312817608844,0.039683698801359274,0.04475813282742793,0.09613698602922412,0.05748839707739078,0.06333834612922246,-1.5485545535736371,0.07173344405323066,0.5426956434949488,-0.05132554261227582,8.005768300254536,0.7004051365470149,1.3619270105426469,0.12348952812675021,0.9429047613842132,0.5881040701010263,0.9591309454598329,2.415977248883763e-13,0.48470441979998025,0.17515954051638194,74.9783253921012,15.860141488211385,74.9783253921012,68.80602732992085,23.93215717050885,74.9783253921012,74.9783253921012
13195.0,1167400.4329226,1307939.37436125,0.1296606142328391,0.029074858787884267,0.0779769016933202,0.051683712539518895,0.9077877249488437,-0.072670868434033,0.07768542210476226,0.005596813189942013,0.08280288638359007,1.178906164376543,0.03471199584855544,0.11191663309694544,0.04466154466540034,0.06795822700831629,0.040903998947097425,0.04451127283434493,0.08103286761907683,0.05841421106421173,0.06397419769645853,-1.6271463286475112,1.1431349157366277,0.13682802009604408,1.860267772879757,14.548493704041197,0.5942388883828,1.749402683062345,0.10569866124295904,0.25471171137643744,0.8913409307818392,0.06470644979570495,5.736439958401953e-31,0.5532022561880799,0.08216308987023109,83.7984747473536,17.784531934085535,83.7984747473536,77.4909152687608,26.709081852643337,83.7984747473536,83.7984747473536
13197.0,1071808.95320263,1095946.1083909,-0.4720119421350801,-0.2070500689231745,-0.19329433085131748,-0.2787176112837626,0.8405272945702345,-0.06687003740088027,0.002035313660188425,0.02457818608418384,0.003120960699411721,0.7800754298917806,0.03566897442049099,0.08983539637682966,0.045722753219340585,0.08357670362568027,0.039793089559528844,0.045609524321863826,0.0897077268151466,0.05775931931939076,0.06397168480876977,-1.4625111720655186,0.024352643402928403,0.6176496059049618,0.06842782830593186,8.695744029934215,0.617544923326621,1.404299365342247,0.14558746521467128,0.9806020513976681,0.53769552608031,0.9455315907008769,4.203201002254159e-15,0.5377643719432514,0.16219241894170644,72.68188742813176,17.32470403759327,72.68188742813176,63.65705034381544,25.332503134567062,72.68188742813176,72.68188742813176
13199.0,1047489.21005447,1170237.24901938,-0.6400013490018058,-0.1395708843917628,-0.5079012651162342,-0.1321000838855716,0.901529866047545,-0.07059124923791617,0.19118083761268792,0.017176177095006292,0.0444316061710413,1.0810822490554226,0.030775925609919392,0.10346960586730929,0.04454634520022112,0.08065434379645198,0.038326505865511104,0.04435678452174214,0.07896966515958993,0.05772563130869319,0.063701363828595,-1.5846698291550474,2.370372488494514,0.44815400483618384,1.0016868140940758,13.68984212951469,0.5331414297635354,1.6242918463366192,0.11504084635002967,0.01897653663453679,0.6546559792209156,0.31802648593937927,1.2523068867548285e-28,0.594684797352486,0.10630681497330846,87.03692404173671,17.247265278862436,87.03692404173671,72.76934546799642,24.990100458589723,87.03692404173671,87.03692404173671
13201.0,1068318.86452934,962125.866260224,-0.464999222654158,-0.07227264272858214,-0.31110102031543463,-0.15389820233872337,0.7018915334776465,-0.05521516303980828,-0.029450142998224335,0.011989361508962865,-0.017456417137584307,0.6463159651162814,0.04402318290474222,0.08427358488495502,0.04523459512906174,0.08773376934670309,0.04144494203968682,0.04450461658384689,0.09842333898599538,0.05719952501006069,0.06311219788602555,-1.2206401512442044,-0.33567625348278773,0.2892840698747292,-0.39223834463771506,6.5666941578586915,0.7696424558945041,1.335297893398434,0.22404083380051376,0.737560329809966,0.7727432379349761,0.6954107087450416,7.039824589136494e-10,0.4426611213886048,0.1836994446733098,67.69420801016027,18.22542631228484,67.69420801016027,62.789853504463906,26.659199444537247,67.69420801016027,67.69420801016027
13205.0,1118059.2068107,975062.8891237,-0.7851495700545433,-0.0037638645911215463,-0.7239449321152652,-0.061204637939278106,0.6700311167491365,-0.059648397829856176,-0.024220102564667192,0.008508582010263634,-0.0188328642553939,0.6379143415112639,0.048783046184683175,0.08531246966899599,0.0439659403977013,0.08908131786310929,0.04066038409729216,0.04359055814642004,0.09849930644561061,0.056500674250096625,0.06229095535221177,-1.356695598690636,-0.2718875645944762,0.20925975489814116,-0.4320399888465431,6.476333331986533,0.8634064430585047,1.3695803698404312,0.17681320202771944,0.7860634232591146,0.8345150271810988,0.6663013782996954,1.1316083374732375e-09,0.3892227897327749,0.17276132329633495,77.96181309197917,19.15800056479245,77.96181309197917,70.680983390032,28.652461274725027,77.96181309197917,77.96181309197917
13207.0,1118756.51469282,1176066.60052425,1.2326870769832967,0.9906009834216631,0.26056927893578513,0.9721177980475115,0.8980902228723462,-0.0788228363948793,0.10578414321059912,0.020569034027592487,0.03160826518602805,1.0808324100039566,0.03517277493959862,0.10340496816269405,0.044633452582261764,0.08163712229386588,0.03854277529631393,0.045868973287453395,0.08014341854764422,0.05786450746115771,0.06357169844417622,-1.7660035653662405,1.2957848125735272,0.5336676943852463,0.6890990340669758,13.48622793475444,0.6078471326003905,1.6265880996320454,0.0793265862587154,0.19693940691633144,0.5943214356765872,0.49177165115080945,4.51567049649638e-28,0.5441615688200161,0.10581737350657822,84.12371833256701,16.278653916282842,84.12371833256701,66.87982084949077,23.932338240993005,84.12371833256701,84.12371833256701
13209.0,1259338.99300204,1100457.17040384,-0.6231419858809732,-0.3149364766044379,-0.40932778931275265,-0.2138141965682206,0.7803805841513048,-0.07774848403338079,0.3705944674604751,0.005279007232725815,-0.005869785378257516,0.7197188401320406,0.06240221942791715,0.09057401151683028,0.041783207856659815,0.13200084054549568,0.03890026327703629,0.04226976066648312,0.09748287014516206,0.05571779055252127,0.06080583059168674,-1.8607590949000934,2.8075159667846603,0.13570620833926678,-0.1388648832098033,7.383028824041649,1.119969381576517,1.4895612910057574,0.0646365668472618,0.005622002760573493,0.8922262816688674,0.8897337577337466,8.335220366658935e-12,0.26442638927610446,0.13833307344052984,91.50319576264296,15.46189607393584,91.50319576264296,76.32631750605827,23.719436654928337,91.50319576264296,91.50319576264296
13211.0,1149566.07261983,1245014.08780873,0.16023141635400007,-0.22399651522457192,0.4814547878108657,-0.32122337145686564,0.9128840663642357,-0.07794715252972867,0.1281689760906226,0.012476835387165784,0.06552153484250635,1.1994582738827069,0.03475717810049484,0.11148897452485294,0.044794105826744465,0.06905662978791297,0.03998406278085203,0.04445086963521744,0.08230466169854048,0.058312870521093775,0.06396174450870523,-1.7401207389028863,1.8559981349257233,0.3120452130027371,1.4740214394049804,14.573394132594766,0.5960464266275826,1.7430571254928675,0.08378490103779153,0.06531639355852159,0.7554175747802543,0.14246544396056998,4.910148658740404e-31,0.5519971432029163,0.0832690274601714,85.35172367097823,15.88228650664016,85.35172367097823,79.9202039678457,24.00135081194258,85.35172367097823,85.35172367097823
13213.0,1018904.60119297,1363510.21333603,-0.9030994254546045,-0.610633901722438,-0.48379649777093126,-0.4193029276836733,0.9066095792423173,-0.062442627437714754,0.05680359594154542,0.0013785015766988502,0.09618042285502011,1.150748166346972,0.02735498446223397,0.11079844844455648,0.044719485358550595,0.06697043243701482,0.0404957730992621,0.04507018512398107,0.08027022171302042,0.05827836049501121,0.0642136399966515,-1.3963181136156657,0.8481891765439736,0.034040628717469004,2.1340143731480743,14.335928589571994,0.46938493516089275,1.7254659360586662,0.1645773228108028,0.39761575145702077,0.9728877184556546,0.03438473719539659,2.1676115841153577e-30,0.6394416094773159,0.08639868749748794,80.38855940538781,17.861786488169468,80.38855940538781,71.0604443932632,29.41753338828832,80.38855940538781,80.38855940538781
13215.0,1037006.2872680001,1109382.68660813,0.9231031941292017,0.10586922194385506,0.5388918618884235,0.3842113322407782,0.8657448788402757,-0.06747130563390469,0.039951579864627274,0.021974425689995445,0.0156518104104409,0.8497554479649744,0.03269490748678574,0.09596916450515172,0.04516011799595444,0.08090662132517186,0.03887582674309877,0.045770918644124546,0.08377235901050076,0.05763735570470254,0.0638475884899735,-1.4940462653341373,0.49379864355054265,0.5652465177193007,0.34195971752579335,10.14362563024468,0.5672520379715861,1.5030977171553241,0.13715792881489955,0.6221341361506494,0.5727078472949192,0.7328356243489178,6.212240814138971e-19,0.5713480176226058,0.13480997288469113,76.89787875087151,16.198024305368087,76.89787875087151,60.16274970464603,23.524868815097328,76.89787875087151,76.89787875087151
13217.0,1117369.197621,1236784.94710225,0.1608672499061192,-0.5404782103183399,0.7055476531810992,-0.54468040327498,0.9148791802620743,-0.0748665541963979,0.15370350634076216,0.012308873924984498,0.06617323750140708,1.2079160798185837,0.03257259553110074,0.10989065372609859,0.044524875984957336,0.07724309801859834,0.03932518652117124,0.04438530143702869,0.08126399680757121,0.05809875628045965,0.0638110110857609,-1.6814545249197652,1.9898671892180442,0.3130023024393756,1.490881786514165,14.864098829385224,0.5606418728460093,1.7221268219431196,0.09465024167087378,0.04833097129439594,0.7546916882301847,0.13798626902583372,8.014308806298108e-32,0.5758358512146817,0.08700344847358966,90.59322320335568,16.939225641567617,90.59322320335568,81.09919194293903,22.43206297416714,90.59322320335568,90.59322320335568
13219.0,1151031.42548888,1272722.36016217,3.6319343383985863,1.132747206501592,3.097031115556843,0.5349032228417432,0.911273539794755,-0.0749225406781989,0.14334048307042638,0.008944785342581509,0.07573062672870018,1.1973863526168702,0.034020552030620356,0.11214809558774239,0.04475079608770405,0.06748981272824348,0.04039492475114919,0.0445784609458111,0.08207602141685866,0.058361123424301005,0.06401105370442306,-1.6742169353001741,2.1238832540194696,0.2214333953506632,1.6988165387934135,14.58874750440722,0.5829317537855093,1.7520113964315687,0.09606635280239675,0.03523670714862132,0.8250409149309107,0.09132196768098703,4.461226248696995e-31,0.5607703028416716,0.08171193081104954,86.04206110570995,16.960419782142107,86.04206110570995,79.25293872719669,24.99910093359226,86.04206110570995,86.04206110570995
13221.0,1182778.10323973,1282155.37503887,-0.06493040838280148,0.39152821548180894,-0.5782733163979527,0.5133429080151511,0.90691180381797,-0.07661198757251522,0.11893668110151431,0.008350096906832402,0.07498960412239304,1.182019635111614,0.037013864585193894,0.11174157906216887,0.044730032721355124,0.06777017983285023,0.04085722047074124,0.04467769417336879,0.08236511851295489,0.05845365579279279,0.0639183772843246,-1.712763951007327,1.7550002286383508,0.2043726129831101,1.6784573490162882,14.350973524377297,0.6332172741496457,1.7481917378020244,0.08871761184648143,0.08119752883267016,0.8383253509615741,0.09523460878691319,1.9727765344129927e-30,0.5275072428001089,0.0823732064632282,82.15091818673486,18.25330910617628,82.15091818673486,75.72815105300471,26.050370991001053,82.15091818673486,82.15091818673486
13223.0,1019504.38771748,1265875.85721874,0.857530035159359,-0.25579459211600464,1.0835419548051792,-0.22601191964582024,0.9106289124334258,-0.06590446261181271,0.23602894776074684,0.007371621280701891,0.07923806317123147,1.1754889322754845,0.028157680404266718,0.10873358593934583,0.04445451049298886,0.06773884512384987,0.039264552736978924,0.04436518047081352,0.0813323932642769,0.05799776359287457,0.06390969585030044,-1.482514639818311,3.4843958046406738,0.18774239783353952,1.7860417185355473,14.452899823762925,0.4854959684639648,1.7013629073441237,0.14019522404561274,0.0006384411375070811,0.8513194834562339,0.07601036990399386,1.0426196536045387e-30,0.6279971128103294,0.09084191631423953,89.16656148557371,17.125018592798465,89.16656148557371,78.0663307942826,25.41765085274225,89.16656148557371,89.16656148557371
13225.0,1133559.18847321,1127883.67560396,-0.0963409765436069,-0.3354190893778307,0.11499324274948393,-0.21133421929309082,0.8402577309560848,-0.07609613803821941,0.05541941698227294,0.022225091962150438,0.004417321524850315,0.835086023115482,0.040662429268944644,0.0900013365642496,0.044816203055208025,0.10357435738927805,0.03907347769319328,0.04485020526496322,0.09530723871863912,0.057571898165219036,0.06322094273427029,-1.6979603993778403,0.5350688952284045,0.5688025042629393,0.09849055313691299,8.762041942908217,0.7062895364723284,1.4236000393499737,0.091483832137071,0.5933544704677753,0.5702977982984266,0.921667613342839,2.830576512915877e-15,0.4810482903693225,0.15653402777352032,75.50784543351227,15.56754527996177,75.50784543351227,68.99945872730609,23.254649251499846,75.50784543351227,75.50784543351227
13227.0,1048753.06320729,1330608.17747061,0.38665001580928143,-0.4746975992062707,1.0032847754541057,-0.6166347596448243,0.908247975601381,-0.06466467257075575,0.11173133611678021,0.0031690890179117454,0.092531743099159,1.164253390066435,0.028222254941253258,0.11096141809112559,0.044660926095694435,0.06644735229743941,0.04028207302711338,0.0448827591925788,0.08083563590280553,0.058243028152481696,0.06414021708858504,-1.4479026348938562,1.6815017040353293,0.07867244110745417,2.061632233930457,14.402724455168512,0.48456022697457785,1.7299819540347838,0.1496256882531565,0.09464106628012697,0.9373927145406311,0.04088098164190714,1.4270064989607245e-30,0.6286593892439767,0.08558622934502169,85.50984687656714,17.690893791578993,85.50984687656714,75.9554080645603,30.44758243767043,85.50984687656714,85.50984687656714
13229.0,1302367.02738106,1015015.05186741,-0.734683781110254,-0.29181483203305686,-0.6864405997914894,-0.048243181318764594,0.7727313717622305,-0.07162988624248925,0.3191732042855696,-0.00032262148579355766,-0.013515614095453123,0.6762616718387057,0.06659731197233243,0.0891020155507392,0.041894140066759476,0.12055234732716755,0.03980250372308415,0.04238120608632294,0.09261079239095435,0.055438215992575965,0.06070670646735321,-1.7097829464537293,2.647590124639913,-0.008105557580953073,-0.3189058392515832,7.302190753145513,1.2012888723051773,1.4677458346164174,0.08926910856672021,0.008928375926052941,0.9935429968099903,0.7502191183348152,1.307728731873059e-11,0.23143681892809534,0.14416113108953382,86.56194546186555,18.244294870924712,86.56194546186555,75.81985720388677,27.806311363577805,86.56194546186555,86.56194546186555
13231.0,1074344.29155878,1179301.76743224,0.003528553958295228,-0.37202124834646183,0.3704067059438833,-0.3668781519855881,0.904454494993421,-0.07330857621160927,0.1722173417329306,0.017915261740094498,0.0446796430707056,1.1064892784117255,0.03164750003042686,0.10451175340096538,0.044585166894455096,0.0804840910698335,0.03840016545403288,0.044601918902652825,0.07887327262767581,0.05780422570011808,0.06371058216043207,-1.6442368912770944,2.1397687349603425,0.4665412642958546,1.0017426193752428,14.028697447802742,0.5474945758223729,1.64041435279606,0.10211554196042143,0.03390878545733342,0.6414707462065803,0.31799961085114126,1.4877582462483587e-29,0.5848115444391283,0.10290836417757138,87.64260129101402,17.736339852113176,87.64260129101402,73.78642739465849,26.027571816172077,87.64260129101402,87.64260129101402
13233.0,989217.414741205,1271512.02524131,-0.6258040966622348,-0.6045212157282537,-0.24749887915981775,-0.3783052175024171,0.908982076890935,-0.0643377471610955,0.19491049988540152,0.0066789933357113175,0.07992107287760117,1.1631484507007455,0.027377294126807603,0.10846010958366471,0.04450989729161329,0.06572752466576823,0.03928775865268106,0.0443500597382589,0.08067531939846782,0.058000930883708064,0.06396365229661882,-1.4454705824095047,2.965431923331102,0.17000189282255052,1.8020510761264357,14.4176491568106,0.4720147368272263,1.6956522288737101,0.150306276117805,0.003491727522467771,0.8652261289138792,0.07344369572586815,1.299798897040886e-30,0.6375675022992702,0.09192138230298331,85.49876149837144,16.585044014083124,85.49876149837144,75.12391834199377,25.066808204081894,85.49876149837144,85.49876149837144
13235.0,1170985.83980181,1094938.49888641,-0.4676305686542305,-0.08286258424283938,-0.2889182965711319,-0.17871227208309864,0.7298026111043361,-0.07408404161288931,0.004677263077255561,0.012454553418496373,-0.007558660015773808,0.745665419965093,0.05004634399406459,0.08854647761543495,0.04278870738025751,0.10022078685945966,0.038788524195922026,0.04290517349388416,0.10518548016359765,0.05628920188531052,0.06168616644252335,-1.7313923730977514,0.04666959044947952,0.32108861259036414,-0.17617129591263028,7.089052774254969,0.8890931531776595,1.435434923613529,0.08533376791732628,0.962835503409665,0.7485675654726176,0.8603849703762537,4.240363134874984e-11,0.375304649134961,0.1531398905237797,89.11043513152165,16.177142556255397,89.11043513152165,76.02265232071142,21.149776461636087,89.11043513152165,89.11043513152165
13237.0,1164464.33047936,1216685.82751745,-0.02203391595512386,-0.1527129726817296,0.08891289349572394,-0.1109468094508478,0.9066972686343342,-0.08291462374653565,0.09344636135385417,0.016623525875576906,0.04918680211254119,1.16547259774899,0.03817687739037277,0.10875967220964354,0.044762968997812604,0.07867597303877663,0.039695984416650815,0.04510364624409026,0.08425505559969586,0.05826513309784517,0.06373609280341284,-1.8523039378953476,1.1877369639622726,0.41877096940324343,1.0905282878096787,13.83267258508814,0.6552268116552997,1.7064063300067844,0.0658479872904202,0.23671949919387364,0.6759522363089585,0.27714081185775585,5.098536347850893e-29,0.5132745738936483,0.08989715852687434,81.44406026462046,13.653901143192783,81.44406026462046,73.15600645143257,22.90958545820088,81.44406026462046,81.44406026462046
13239.0,1032107.76186028,1036697.25064114,-1.0418468308755877,0.0800222580410408,-1.0478350836409402,0.005988252765352531,0.8025525225823236,-0.05770390976081152,-0.03069294560494239,0.022357980817010268,-0.005991560530218964,0.698637806775489,0.03625688455679354,0.08583871368567472,0.04648932327524935,0.08465914052179781,0.04118839394080405,0.045914666962997494,0.0963283406354384,0.057932869598848,0.06427086898420015,-1.2412292908452112,-0.36254733293730584,0.5428223506151552,-0.1304933897276778,7.252671458543385,0.6258430629770584,1.3355773002972255,0.21636070143730166,0.7174275584832571,0.5880170258371361,0.8963420792164338,1.7212612609323447e-11,0.532320891538302,0.1836082513605429,64.09065758272757,17.15615871778422,64.09065758272757,57.4620797570101,24.391565719726177,64.09065758272757,64.09065758272757
13241.0,1138728.5138903998,1389151.37727842,0.15135164776060203,0.6609496644586347,-0.43982891789427114,0.5911805656548732,0.9047541727547495,-0.06556451555318571,-0.025490658036052008,-2.7666231655227094e-05,0.097453729749817,1.1533622256752383,0.03134737058321695,0.11222207273158188,0.044830657696537934,0.07103726127451261,0.04157097454512082,0.04487263637181782,0.08065045702702765,0.05850822888325981,0.0642497728095671,-1.4624928324049316,-0.35883503359662566,-0.0006655179956197172,2.1717852488609886,14.300752508925306,0.5357771236891083,1.746653222637878,0.14559248148726228,0.7201975478996139,0.999469833035989,0.03136318879244401,2.7017191398787273e-30,0.5928660006489327,0.08264079531585011,76.9731152359114,16.881941386336784,76.9731152359114,70.68123688631678,23.75549629376072,76.9731152359114,76.9731152359114
13243.0,1058239.46286871,1028023.41106765,-0.9714607726096895,0.15309202669627697,-0.9966463482711463,0.02518557566145674,0.7704358057674288,-0.05678512344660133,-0.038515278478657815,0.019476571376475765,-0.01102443795780051,0.6793785837088095,0.03896057931495723,0.08342697214072564,0.04620698593543117,0.08581603393875004,0.041468148711372534,0.04536186834906955,0.09892466277230486,0.05779001529798322,0.06393540315916946,-1.2289293988132415,-0.4488121474612488,0.4696754492716084,-0.24303315447602458,6.8676360845680815,0.6741749264827914,1.3048634718550414,0.22092545223485835,0.654182121387534,0.6392344624355266,0.808294940905959,1.4136761135236782e-10,0.5011852710701539,0.1938366123618714,66.62894612936749,18.441136127405805,66.62894612936749,61.91302448803525,25.649752786150206,66.62894612936749,66.62894612936749
13245.0,1282849.75986333,1237605.30456992,0.39708338302449225,0.018418756825188176,0.2717670424480111,0.12531634057648117,0.8688741492394978,-0.08798148912611212,0.1151011080150656,0.011257758463732883,0.039643318564987845,1.0262168298751373,0.05804922201482164,0.10203847783137804,0.04400120868030218,0.08199139167444783,0.041443790654493044,0.04554285261984003,0.0891541362655293,0.058263965879227324,0.062773508737979,-1.999524371372516,1.4038194213373285,0.27163920785108964,0.8704619119031173,11.510591351799293,0.9963142937291496,1.625502220328224,0.047265800786115884,0.16233508449416134,0.7862540543054137,0.3853686043249054,1.1893869391531876e-22,0.32062085547690067,0.10604860100513855,69.0089190755113,15.097289437016775,69.0089190755113,58.069768707721394,20.86154052367563,69.0089190755113,69.0089190755113
13247.0,1099834.8395981002,1245717.15968783,1.033130202989386,-0.007423171855634125,1.0774066127530402,-0.0442764097636541,0.9148100935563348,-0.07240723982669402,0.18933636070401627,0.010704531185878895,0.07151621201337645,1.2066529575593579,0.031327092759844674,0.10982289553380489,0.04447043805716079,0.08172548799768059,0.039316757905654455,0.044439595240162826,0.08135181779520145,0.05806814402549893,0.06382708631193361,-1.6282106268803607,2.3167357619129754,0.27226383242396984,1.609290355298799,14.83252606102838,0.5394884456112167,1.7206315042657925,0.1054726244722075,0.021802408721322573,0.785774636242675,0.1095490852924158,9.755267511839981e-32,0.5903093252193614,0.08727538772259048,92.18020182849035,16.788310600592744,92.18020182849035,81.09783432379103,22.60227385365016,92.18020182849035,92.18020182849035
13249.0,1092570.69718597,1088197.86778989,-0.42014932776768055,-0.19504001301827,-0.23357802408929976,-0.1865713036783808,0.8127731721077993,-0.06615286535474334,-0.01519109944655059,0.02267925006968763,-0.002048558610313781,0.7541209795182487,0.0383128144598946,0.08643198997767265,0.04551679911844638,0.0853969625514554,0.040072620952724854,0.04482592276418366,0.0931730952069728,0.05762252890166232,0.06368142906664952,-1.4533725269783717,-0.17788805354051426,0.5659537492305077,-0.045700310980560536,8.093763310567926,0.6648929713806666,1.3572558160906252,0.14810366313949816,0.8590387562436069,0.572228136669771,0.9636068255072383,1.4511246802163133e-13,0.5070882642588772,0.17663555652509086,73.38981781263955,17.231603096557244,73.38981781263955,68.24143247982252,26.142345295940466,73.38981781263955,73.38981781263955
13251.0,1335307.17013322,1176728.83651262,-0.31187634046460766,0.2534112432196247,-0.5115441732373975,0.19966783277278988,0.8377684787106783,-0.0854579659335864,0.17757601660982086,0.0055166147610035444,0.012138966069652573,0.8530528658970883,0.07039596244315989,0.09401400394022413,0.04253835522888072,0.08771003010073615,0.04055903353864081,0.044502307345092265,0.0861674479351346,0.05681113769612851,0.061328934655108844,-2.008962628521333,2.024580500153431,0.1360144530009039,0.272771611043023,9.899943497679681,1.239122561137464,1.5329469600103764,0.04624410185748197,0.0445946947062829,0.8919829967370443,0.7853849613670606,2.804848403936691e-18,0.2171376511489497,0.12728881527764746,72.88216912933373,15.819103283370781,72.88216912933373,57.312585515769015,22.62362900897285,72.88216912933373,72.88216912933373
13253.0,1058212.96092593,935697.423192718,-0.5388070047121073,0.3335042946525155,-0.6791984884673236,0.14039148375521626,0.6919442062119217,-0.05348806581623154,-0.023751974726639695,0.011041218986715569,-0.018535432456065745,0.6377437722799405,0.044337136172375176,0.08411752392179914,0.04544617629722969,0.08767925755148659,0.04175746446371279,0.044663732962040084,0.09876703747532553,0.05730392072997459,0.06318243562015376,-1.1769541504747467,-0.27089616620775075,0.26441306071900944,-0.4149996255758357,6.457050738605629,0.7737190685659885,1.33134348329819,0.24098381184836315,0.7868244675687976,0.7918062430595687,0.6787051467216492,1.2516583363011685e-09,0.4402530511796543,0.18499372568557126,63.61227356379207,16.374516119906893,63.61227356379207,59.41979379437667,24.192060104287684,63.61227356379207,63.61227356379207
13255.0,1081703.43149756,1199177.1964023001,-0.1956395971099835,-0.3446554221325897,0.0395377575840063,-0.2351773546939898,0.9115534965871255,-0.07334959486046473,0.17336213810411577,0.015563312670242994,0.053806307072470146,1.1557006728968646,0.0315093997029617,0.10644729770146899,0.04445484704377074,0.08544889415972527,0.03855485623807327,0.044568056144863054,0.07960806750777943,0.05786090861877679,0.06368917353175457,-1.6499796926135837,2.0288400430327247,0.40366672810659016,1.2072841341246583,14.517381329272032,0.5445714637937158,1.671356241550156,0.10093367570349418,0.0441536358215858,0.6870036013397616,0.22912696838989083,6.967332968571988e-31,0.5868160486669043,0.09663077707469239,90.51928486372611,16.770300075024878,90.51928486372611,76.04046187912564,25.065587877976693,90.51928486372611,90.51928486372611
13257.0,1153390.37565867,1354128.12022639,0.27808784954113025,0.6074060833182438,-0.38277625480030386,0.660864104341434,0.9060108228429816,-0.06824697028493283,-0.012434882790235559,0.002004298141429514,0.09264047662293338,1.163832570466817,0.032591241498932215,0.11235012810066396,0.04479180728150455,0.0717041293523386,0.04136739366496877,0.044736618000713546,0.08076566358913718,0.0584870250354932,0.0641692054484789,-1.5236485068802614,-0.1734193400373531,0.04845115836066844,2.0707974979569483,14.409992052901924,0.5572388316751284,1.7508418144723523,0.12959557276458783,0.8625437996130193,0.9614178798394529,0.04000425902163302,1.3635762626974939e-30,0.578152808798048,0.08191395044707027,80.16302204306609,17.416523752174463,80.16302204306609,73.90424459209406,25.114318297135164,80.16302204306609,80.16302204306609
13259.0,1046526.26256703,1062068.20391925,-0.5899653311265202,-0.017110760559772342,-0.7049774609491116,0.11501212982259146,0.8155783709124709,-0.06015858185707955,-0.02730008659885145,0.02442184334002283,-0.002156903696054221,0.7212812053349769,0.03568477934999721,0.08611607077072933,0.046530959356311706,0.08398805027093321,0.04095938350264919,0.04567623601933825,0.09458846984198721,0.05800668140369171,0.06437822497998896,-1.2928721584357217,-0.3250472717343163,0.5962453838799421,-0.04722157261690824,7.625466471123786,0.6151839492704737,1.3376583588239233,0.1979425962643587,0.7455752970868375,0.5518645749598816,0.9623962690161206,2.1308288335314034e-12,0.539318283224703,0.18293009665193444,65.68209018242126,16.620426963691145,65.68209018242126,60.60086426530248,24.467842111317072,65.68209018242126,65.68209018242126
13261.0,1106577.29903132,1065043.5397884,-0.1373892075902775,0.014325047207851105,-0.3524986038693488,0.21510939627907127,0.7645970764862918,-0.0648295309270073,-0.04779670758507323,0.0175673812436616,-0.010671282269707004,0.7125434731703508,0.04199392188294263,0.08537965493980214,0.044681355199125916,0.08725693399119704,0.040069625992605315,0.04464787573410676,0.09811833443566817,0.05711757378796803,0.06300405071948842,-1.4509302736698446,-0.5477697347226895,0.43842139297490795,-0.23900985420354842,7.26208284382909,0.7352189369743286,1.3551454861201884,0.14878175053539078,0.5846230217029961,0.6616796999318522,0.8114076832679641,1.633791845959661e-11,0.46329608525639243,0.17730544465801595,78.14841242157178,17.367061014676846,78.14841242157178,68.35415619926799,26.000323679610762,78.14841242157178,78.14841242157178
13263.0,1066380.76234019,1134174.41746112,-0.5144710714165152,0.3662949203070046,-0.8861790385978783,0.3717079671813631,0.8790390182918216,-0.07131911976549532,0.1049250610424256,0.021454205239152244,0.02011155520619915,0.9309441731745413,0.03330047367829168,0.09825949095371608,0.044784887327893076,0.08513277588884725,0.03850653421731926,0.04596216182588724,0.08067765269591295,0.0576198287153091,0.06363522228679659,-1.5924818397628546,1.2324872523764518,0.557157523397748,0.43756765146046134,11.539058736418864,0.5779342705585659,1.5441054092790296,0.11327513486039244,0.21959794995363802,0.5782082215685813,0.6622972663931506,9.939072148683317e-23,0.564131251287203,0.12456334275475202,82.39508394651727,17.25919315808718,82.39508394651727,62.6117138536201,25.384315082063317,82.39508394651727,82.39508394651727
13265.0,1205989.76554515,1249883.69734383,-1.0068839595691284,0.061560065548013077,-1.2439248435501458,0.23704088398101741,0.8998195786478762,-0.08305910000343354,0.11356976659975299,0.012406017391018969,0.05931651616714277,1.1584893717955074,0.042241135568658085,0.10974484823556924,0.044758625816441286,0.07508393803623938,0.04087730183199937,0.04552982045813872,0.08686524474992897,0.0585043974753935,0.06371274307503118,-1.8557115748831425,1.5125707251121854,0.3034940378894419,1.302805843956268,13.33662703801286,0.7220164191319871,1.7224944797358426,0.06535750123888524,0.13238637447553675,0.7619126600624047,0.1945366488029507,1.1598807746087451e-27,0.47135159640997903,0.086936691894206,77.54781785139598,17.581557033610142,77.54781785139598,68.20145655431817,23.867553759339188,77.54781785139598,77.54781785139598
13267.0,1305691.91262373,1092814.39008138,-0.32035080806367106,0.06823557700516109,-0.42067962638502066,0.1003288183213496,0.8034850744133883,-0.07761845643392769,0.36750564495545807,0.002462247659727088,-0.006488298975364405,0.7507493672614027,0.06724472768643762,0.09071999081225267,0.041745940632755815,0.11131272808350835,0.039364067809542325,0.042752322644957354,0.09026482041189286,0.05565529892831772,0.06067787441547078,-1.8593054859332747,3.3015599499075274,0.06255064064111304,-0.1517648299309348,8.31718673826207,1.208235855009003,1.4951082529865642,0.06484350256654793,0.0011888305712566788,0.9502033948932478,0.8795660334623953,3.939771022624728e-14,0.22876181872287357,0.13688081023400508,87.30950647916269,18.379887365373172,87.30950647916269,71.30878629748184,25.164533735544026,87.30950647916269,87.30950647916269
13269.0,1094504.41624783,1121442.1853469,-0.6700181887277556,0.46144723204201443,-1.0676228849204512,0.39760469619269556,0.8570394475910397,-0.07225738887083823,0.06359820627857779,0.0240732854293571,0.00839469307674529,0.8426230979562639,0.03616555558788705,0.09317327095135514,0.045158635453556924,0.0924606882642829,0.039051338026284334,0.04551028706658999,0.0871993974484298,0.057666548578600416,0.06365853572125041,-1.6000791021498164,0.6878405025148991,0.6164522560828534,0.18445704516129063,9.663175694013203,0.6271496470539211,1.463641440942729,0.11157870244868032,0.49256177442083193,0.5384832454413435,0.8538914626207661,1.2041635218884378e-17,0.531466361424173,0.14527857127893393,77.19938605334984,16.736823338224703,77.19938605334984,65.93764506482226,24.242531444363273,77.19938605334984,77.19938605334984
13271.0,1225494.72167073,1068307.37343758,-0.8731467848795627,0.011678091437269722,-0.6549151079291265,-0.2182316769504361,0.7187224265063994,-0.07351924497332807,0.25751145587065366,0.005615311547064583,-0.01047689816211279,0.665822037810679,0.05892557791979274,0.08895150942943231,0.041960152038618796,0.13130140094208723,0.03897216408198108,0.041881407737181145,0.10786385953626848,0.05562201745766796,0.06095542475797392,-1.7521205572768965,1.9612239779850755,0.1440851869363047,-0.25015630391076116,6.1728000525217706,1.0593930355841372,1.4592878284847988,0.08169309650627621,0.05161069765345674,0.8856168161591516,0.802791446037119,5.428078593559095e-09,0.2910376693584769,0.14647116899014692,93.63334430471834,15.535226608851744,93.63334430471834,82.14484102156246,22.98319223088663,93.63334430471834,93.63334430471834
13273.0,1087759.18555905,1033180.88556882,-0.7538280396227505,-0.42321447097952614,-0.34316472250287944,-0.41066331711987103,0.7445160560879588,-0.060919430827799693,-0.04839879151280723,0.016169693782244494,-0.013113908385542343,0.6836376068584864,0.04195649074552812,0.08518064700334288,0.04490134088153253,0.08716354347199098,0.04053101084412507,0.044613386389888224,0.09801265195472625,0.057130244441170284,0.06309831507156975,-1.3567396793010973,-0.55526415729484,0.39894622526021395,-0.29394559451139657,6.974993464866867,0.7344006866403784,1.3499670618260737,0.17679921915220992,0.5794992904406153,0.6904715009529538,0.7691852652514465,7.903333775969065e-11,0.463793078501316,0.17895733919558698,75.73702051011918,18.292685124367985,75.73702051011918,67.30894114870617,28.457492362394014,75.73702051011918,75.73702051011918
13275.0,1149078.76855087,938435.884971864,0.5421981311166509,0.5726642563829175,-0.1347745166358183,0.6769726477524692,0.6651445478158713,-0.05957746684789961,0.021256843350692216,0.0041016657172102036,-0.02089458801152016,0.6063612130643626,0.05341758610716252,0.0854545225072606,0.04358865189122064,0.08857189448345018,0.04087119734939287,0.04333053355352351,0.09980273863262783,0.056250026252371604,0.06191804395348454,-1.366811412212988,0.2399953560287016,0.10035589811931783,-0.48221395625582075,6.075596936236067,0.949645532030491,1.3801230958047974,0.17362611186016672,0.8106449409248888,0.920189008997025,0.6303213020204586,8.888468887111393e-09,0.3437427095754094,0.1694984098150643,76.74739760576279,17.11262212486621,76.74739760576279,70.18858399210227,25.592890065917928,76.74739760576279,76.74739760576279
13277.0,1177573.24279778,1008748.9610511999,-0.16364846740484407,-0.3940938240445785,0.0471056038829717,-0.21075407128781576,0.6672449728242347,-0.06569986537386924,0.009021276797149029,0.005546311592675878,-0.0174117118278652,0.6369832917846182,0.05467655450389967,0.08651254236795901,0.042779935199952504,0.09854384350540515,0.03986458560521509,0.04254359877172517,0.10728001885088552,0.055867756268931916,0.06148979940867319,-1.5357635551991715,0.09154581835093746,0.139128790842123,-0.4092674886600606,5.937576247726026,0.9786781885548055,1.4069413658837915,0.1265964759092606,0.9271748638301871,0.8895255565305407,0.6828976374159313,1.7765377644840828e-08,0.329235142067858,0.16140878182459992,87.93781756697645,15.87909988534281,87.93781756697645,79.00749276260782,23.141988381892666,87.93781756697645,87.93781756697645
13279.0,1279068.71415028,1097479.04716962,-0.3418083394500824,-0.20305666823886692,-0.2783475380835059,-0.0634608013665765,0.7928563262185934,-0.07773247902391144,0.3716146322523826,0.0039819350552991895,-0.00629912910419231,0.7316125029316812,0.0646219738172071,0.09065507861235213,0.04174602421328835,0.11479141015181685,0.03908685529788704,0.042473347463846504,0.09270457249256278,0.0556750365505215,0.06073445050245226,-1.8620331034821775,3.237303486043994,0.10187401941016333,-0.14830780902197915,7.891870737987328,1.1606992616622145,1.4926467245915358,0.06445565170605123,0.0014704227054006846,0.9189858440325547,0.8822889599604147,4.658269587656026e-13,0.24751492804446731,0.13752379658006392,90.03224894474256,17.270071456805084,90.03224894474256,74.14483169373109,24.799643221501597,90.03224894474256,90.03224894474256
13281.0,1108109.5911026,1389068.35920448,-0.12306679753052886,0.4028699602955914,-0.4930621326729095,0.36999533514238064,0.9052460394688776,-0.06432854148944399,-0.010995801859760675,-0.00010630953372703052,0.09697770202312267,1.1527652421573773,0.029857323634070804,0.11220206736410146,0.04484925576313493,0.07033913720224429,0.04138051431882144,0.04477611159568652,0.08064652505520095,0.05847177384111573,0.0642969457297574,-1.4343279591792155,-0.15632551517009277,-0.0025690723152437204,2.1658357228246894,14.294047280627804,0.5106279777863685,1.7450606104322774,0.15345494232530119,0.875976008137475,0.9979534199344113,0.03182330981716334,2.8175930149655753e-30,0.6103242742681894,0.08291854190076037,78.08791890373159,17.016487274210004,78.08791890373159,72.66418066548827,25.93652566099738,78.08791890373159,78.08791890373159
13283.0,1252699.3109279,1125478.64588851,-0.6361736688888011,0.23691363650727604,-0.8501080127737927,0.21393434388499155,0.792686511480537,-0.08050024257235129,0.19167236590583794,0.0072829216030684965,-0.0014945415135529565,0.7588044317732204,0.06109838998944939,0.09169138059992803,0.04192475767699537,0.1044375858478901,0.038807699431493176,0.0428419541715901,0.09595805135654006,0.05601057898353593,0.06095779290610101,-1.9201122924205418,1.835281468349933,0.1876669245989436,-0.034884998652653335,7.90766820549346,1.0908366079809495,1.5041781571909736,0.05664526232077615,0.06834423231809246,0.8513785508124423,0.9722154757388999,4.253780644948504e-13,0.2770055180782151,0.1345318134635231,89.60048490734764,14.852167302494301,89.60048490734764,71.62707328458204,23.129967345256127,89.60048490734764,89.60048490734764
13285.0,1016233.88326279,1165756.27954712,0.002515887601405303,-0.36946530329136573,0.3471796433230197,-0.3446637557216144,0.9005855826235656,-0.06799339487129007,0.21542028568274366,0.015772182738798143,0.046541407816857484,1.0685467205567298,0.029908179666726604,0.10304500268649328,0.04449905717112752,0.08194750138826554,0.038310938521912336,0.04430474832463187,0.07931872447037795,0.05767471332510224,0.06370090961794736,-1.527973831216506,2.628759657504222,0.4116887590675201,1.0504835164808308,13.471557033872688,0.5185665943086608,1.6176378532820974,0.12851850347752578,0.00941567172866753,0.6811255036036311,0.29509993460177836,4.953177424938069e-28,0.6047884979427647,0.10773533743754496,85.47057571686517,15.270960682548573,85.47057571686517,69.51392507242132,21.537434586911324,85.47057571686517,85.47057571686517
13287.0,1164674.51559089,1036132.63107066,-0.6285693986986017,-0.15639127375595024,-0.42557788540903563,-0.2029915132895661,0.6760768541412864,-0.06702495407210501,-0.044819545374185574,0.008223411725669427,-0.01560446136665239,0.6851109267548091,0.05212087880591281,0.08644370136030867,0.04290058417291714,0.09581992029056136,0.03961570775105508,0.04264026458816893,0.10522405461126577,0.056017561552281034,0.06164705377625661,-1.562331967367881,-0.46774767958767,0.2075795736717695,-0.36595601639352965,6.510972508005389,0.9304381940522088,1.4022357284753566,0.1202105350834459,0.6406095621935336,0.835824564768409,0.7148874149356179,9.43748862387777e-10,0.35356368202959065,0.1628065226003287,88.5867804752536,15.949115641669453,88.5867804752536,78.72112907901955,22.91174496651289,88.5867804752536,88.5867804752536
13289.0,1169132.32274271,1143606.19274418,-0.8463806097418444,0.3656369455429488,-1.098935432409288,0.25255482266744356,0.8382496314549064,-0.08163602931557364,0.04133962600293656,0.017954120356879877,0.0046290739383933145,0.8449624475624302,0.04587318858759511,0.09304609680973322,0.043677145333863424,0.09812728717114705,0.03865165162748247,0.04539447768069617,0.10347429377180505,0.057240878239913,0.06241141476019649,-1.869078867026601,0.4212857319782493,0.46451107781676176,0.10197438487901825,8.165916545667383,0.8014060929555862,1.490850626720199,0.06346272382468765,0.6741189981836462,0.6429210680542832,0.9189063074068213,9.538450940873589e-14,0.4241001587753582,0.13799444478507314,81.0129453352309,13.72549256908905,81.0129453352309,64.22725333106217,21.198780451542845,81.0129453352309,81.0129453352309
13291.0,1086493.71019278,1376966.48454542,0.04425622866302874,0.39608825657963787,-0.30974474976916233,0.3540009784321911,0.9062345992164799,-0.06400826507800425,0.012760896222053363,0.0004525074788552446,0.09602399829776333,1.1546054293130685,0.028968080715897033,0.11218719230237276,0.04486165596919407,0.06876555521449781,0.041156764072748285,0.04476565872518781,0.08062554883645467,0.058435491254930055,0.06431668985735174,-1.4267922950048457,0.18557104908480385,0.010994729275979932,2.1450370894181554,14.320590011177897,0.4957275124037409,1.7442936281576866,0.1556128955560115,0.8530191736871494,0.9912415223466373,0.0334780290251396,2.3861051134426774e-30,0.620775494495643,0.08305257338355287,79.67816199883748,18.07573229474899,79.67816199883748,74.23040717488351,27.92763939873204,79.67816199883748,79.67816199883748
13293.0,1085516.6510438,1156954.65278472,-0.5247150666928214,0.017868491903014205,-0.6909550002097037,0.16623993351688227,0.8910252615194871,-0.07443522317952433,0.13399748737723355,0.02106033994909727,0.02905058762592966,1.021482293292726,0.03333772041539173,0.10113844986987476,0.04471462528512997,0.08324357708745989,0.03840079935254424,0.04538171022136265,0.07910764823918813,0.057734708515415484,0.06364464815229405,-1.6646728604986896,1.6097036199735753,0.5484349363603005,0.640138670055114,12.912560492307835,0.5774294401519386,1.5891116190612369,0.09795986897475194,0.10945872124466277,0.5841673824753797,0.5230096529606152,1.6878503167218854e-26,0.5644713077831662,0.11403422822846092,84.17025784561122,17.45702609407449,84.17025784561122,67.95806258438715,26.328897694913593,84.17025784561122,84.17025784561122
13295.0,969727.5300620041,1351865.80321176,-0.09005455694794226,0.41222458506950677,-0.6947288902385346,0.6046743332905923,0.9065656906323782,-0.06151405876601036,0.07568711019128115,0.0020973065210432157,0.09311669265067278,1.1466729366678283,0.026716368236292923,0.10962652080011867,0.044617097463982604,0.06672834494651725,0.04008613616223964,0.044985457732833786,0.08015677353960508,0.058169057307379604,0.06412200979298084,-1.378710455463131,1.1342572673118798,0.05231999693247656,2.0699287579485754,14.305377899239703,0.4592883136324019,1.7096550958719172,0.16993288753407765,0.25840459983466124,0.9583398099909494,0.040086663607382965,2.6245807152530377e-30,0.6466584070935246,0.0892928235924059,78.59783101091033,17.186456652033538,78.59783101091033,68.19076713682355,26.382857573607026,78.59783101091033,78.59783101091033
13297.0,1124753.64969612,1263254.53063931,0.19234913637788079,-0.63421041263342,0.8442593797889256,-0.6519102434110449,0.9135899300970689,-0.0734614011714166,0.17856731090897449,0.009530444830031157,0.07447821938297988,1.2056847158852686,0.03220246809244341,0.11159617589823675,0.04467811317540975,0.07338520135564601,0.03993141614845404,0.04431814350120044,0.08144926437580742,0.058248071639724064,0.06399245099462723,-1.6442368746191547,2.4332877420828405,0.23867034403687515,1.6805356339207327,14.802892636601747,0.5528503723114149,1.743895946532917,0.10211554540467574,0.016077879936120094,0.8116704936076966,0.09482909106837253,1.1732670331826287e-31,0.5811472055804235,0.08312213866857703,89.03102899690148,15.767385220562996,89.03102899690148,82.49518312581179,23.855192748421484,89.03102899690148,89.03102899690148
13299.0,1287458.18020442,978499.995909488,-0.35581866255468686,-0.07464564761405484,-0.24915473538290162,-0.10666392717178524,0.7527745501554473,-0.06894274473752188,0.2887568513354408,-0.0008668775732331721,-0.016115122568563015,0.6336367622658249,0.06528680088801386,0.08846823706465821,0.04208864840851548,0.11859069285633952,0.04005177686384978,0.04245771133198524,0.09806486122285693,0.05546950795831345,0.06082492721895688,-1.6380365572293647,2.434903147797949,-0.021643922969510117,-0.37955702422477944,6.461404771948395,1.1769853977626468,1.454473373164776,0.10340402436660152,0.016008932499002943,0.9827593057861108,0.7047839247623471,1.2235006123034608e-09,0.2409713759902423,0.14779879549030442,84.75299081116499,17.658167866210636,84.75299081116499,75.29376428628558,26.106369454162703,84.75299081116499,84.75299081116499
13301.0,1226892.3910161,1235089.59485279,-0.2762154752797725,0.6242119440595362,-1.0761938015597408,0.7999783262799682,0.8889409987065333,-0.08690226381676144,0.10741828379723889,0.013757676646898176,0.0476333893218479,1.1154806133646673,0.047713329850405314,0.1068486682140258,0.04466638136502819,0.07771171434325433,0.04110649532879574,0.04559604446083301,0.0880981705309981,0.05852179754760392,0.0634604058187583,-1.9455854976602622,1.3822662992965256,0.3346837655911938,1.044682491323671,12.661790893514365,0.8153086858207563,1.6837060342662094,0.0534793848909944,0.16884084343795397,0.7383075298194208,0.2977654090764779,8.237276898740193e-26,0.41612295177425795,0.09421316993424347,73.49743659554586,17.948791838266445,73.49743659554586,65.18630145750362,23.44712464049465,73.49743659554586,73.49743659554586
13303.0,1222784.94813927,1184975.12723347,-0.3560932211279131,-0.05791336605561376,-0.3233099722670407,-0.03278324886087236,0.8623227730867498,-0.08852650782745895,0.11118919015779657,0.014523900674039303,0.020232915347720277,0.9779635445063604,0.053096794615005674,0.0983786979145711,0.04363973761893381,0.08271447223968281,0.03977692505493529,0.04544464287348964,0.08876042659528353,0.05771219059512956,0.06242472236421196,-2.028575620698743,1.3442531536150313,0.36513382203326605,0.44522113209350905,11.018013117101518,0.9200273645389335,1.5759573160868636,0.044180907093534366,0.18079343053740649,0.7154998219899088,0.6567693316536087,2.6418433433932858e-21,0.35896097833581575,0.11703579914424928,76.90973433637477,15.417964683939616,76.90973433637477,63.22985812449723,22.169929393728278,76.90973433637477,76.90973433637477
13305.0,1326972.43252853,1040322.18250486,-0.42691666124977745,-0.12425167737560988,-0.47028743932282097,0.043370778073043514,0.7938336538777684,-0.07388782422843715,0.33791158065462307,-0.00035229403635411976,-0.01169587516554789,0.7196569564070111,0.06864424829876084,0.08975574250790028,0.041810448600771016,0.1217132382763891,0.03978641244524136,0.0427316504978098,0.08903474322554707,0.055485056416473465,0.0606360522413858,-1.7672095540987476,2.7762927471150345,-0.008854631888185128,-0.27370520514173347,8.082877878177754,1.2371664143857737,1.4802372382455247,0.07912369633007146,0.006163015817776528,0.9929462885247518,0.7846686527517444,1.5457616661147053e-13,0.2178608789076274,0.14080119553516668,84.98545915414692,19.242407943629367,84.98545915414692,71.56417016534067,28.714525811279408,84.98545915414692,84.98545915414692
13307.0,1073461.93498474,1061714.8543515,-0.8147969978625296,6.556735988594298e-05,-0.719783193723721,-0.09501380413880856,0.7989130912061354,-0.06136367577766809,-0.03761877668655942,0.02165733344334678,-0.007059695184213623,0.7095368324949787,0.03818302655480911,0.08490414667950108,0.04588874844335994,0.08499382712706084,0.04074466813662071,0.04540912175265755,0.09671401047545504,0.05770256215010337,0.06385958631203069,-1.3372270514940872,-0.4426059863185303,0.5315378535107391,-0.15546865721534148,7.336443075897999,0.6617215099648864,1.3295442639518908,0.18307049262496028,0.6586560793363228,0.5957926247296113,0.8766503050829525,1.0808341679908675e-11,0.5091136207468162,0.18558486083203105,70.47137657597426,17.009275096253123,70.47137657597426,63.735061981162,25.80265124169244,70.47137657597426,70.47137657597426
13309.0,1242584.94299192,1091751.79766771,-0.2814319645936804,0.8877875371522777,-0.7375935445283182,0.45616157993463774,0.7558645392853464,-0.0764863160343486,0.333459789808318,0.005846399173507948,-0.007129288428966895,0.700857153247236,0.06053904360743038,0.09003207678498694,0.041833364307797744,0.1321808664169723,0.03882913852306399,0.04202318389797792,0.10369632604065383,0.05568964523798956,0.0608653455043452,-1.8283567984536102,2.5227538511996093,0.15056731609008697,-0.1696513154804042,6.758746235353286,1.0870789955424733,1.4792009482400708,0.0693819262395443,0.012632925351949363,0.8805090955629866,0.8655013837199651,2.5379145833346324e-10,0.278657492214027,0.14107760391765958,92.86088694629713,15.719737220712824,92.86088694629713,79.35258143683853,22.864171173319818,92.86088694629713,92.86088694629713
13311.0,1111112.86167631,1358963.33093287,0.09315039304445613,0.15028484675329423,0.0071539561976102645,0.08599643684684587,0.906497792788282,-0.06588501944513776,0.013600210317388969,0.001492181941433456,0.0935523154761013,1.162736439669436,0.030147538109847414,0.1123093209702345,0.04481471782292673,0.06954428229579332,0.04111623952683323,0.04463663061420151,0.08111379100870066,0.058431455757123954,0.06424887974008268,-1.4701647727754228,0.19556187609418518,0.03629179026597581,2.0958641857330704,14.334633176554592,0.5159470651417379,1.7480354743083333,0.14350568605187405,0.8452043757215719,0.9710955070996333,0.037688263990353146,2.1852627478576032e-30,0.606612641540615,0.08240035245896575,81.76630248475487,18.9898113627916,81.76630248475487,76.40575476634052,26.982031129196635,81.76630248475487,81.76630248475487
13313.0,998927.766357708,1363094.14951363,-0.281074350994515,-0.5167140652916723,-0.11584756568034318,-0.16522678531417181,0.906476552594294,-0.061929517784287555,0.06165452599056465,0.0014749103226093102,0.09575227763708556,1.148277975868698,0.027042372856109585,0.11036982125436111,0.04468478708705114,0.06642375101787475,0.04036366977640004,0.04509739368163265,0.08025922302057197,0.0582419310198516,0.0641854837034022,-1.385919500156545,0.9282000044528246,0.03654054080760678,2.1232330700317994,14.307115527076217,0.46431106219490326,1.719544901529049,0.16772444424507477,0.35471963719835387,0.9708974788554521,0.03529199972223522,2.5961753950508657e-30,0.643064029431855,0.08747343194260178,79.43977394147419,18.083180473064612,79.43977394147419,69.49175625865101,28.119522110596716,79.43977394147419,79.43977394147419
13315.0,1178852.17414809,1066823.10660419,-0.8254399834179631,-0.00019195077566869223,-0.7474244210796707,-0.07801556233829243,0.6847761979200242,-0.07110207910333805,-0.0011492286704922325,0.009210826626237685,-0.011728686842166311,0.7089603419369258,0.052768062534974264,0.08766930242306105,0.04255230688330458,0.09597690868067346,0.03907563045357897,0.04233511658535905,0.10519452667160022,0.05596024040443388,0.0614536619335371,-1.6709335947009487,-0.011974012148232991,0.2357179274990829,-0.2770439244809473,6.73951739095877,0.9429563231610655,1.4265919989906621,0.09671439327725391,0.9904614547975823,0.8139568203886074,0.782108500176819,2.8127939992522473e-10,0.34714285202234796,0.15567056901193443,91.24325996674273,16.73207085105466,91.24325996674273,80.1230803893408,22.6670010861975,91.24325996674273,91.24325996674273
13317.0,1215017.44455796,1275488.62831647,-0.9423118636005413,-0.4453773515744814,-0.59827137248746,-0.3440404911130813,0.8998316061032628,-0.08009967736119127,0.11327189133768041,0.009450408736938774,0.06903465990995196,1.1625796851584318,0.041672637832038985,0.11020912792457854,0.044653374712514446,0.07180101423456951,0.0411294778869389,0.04535119532585556,0.08573946799164951,0.05850782784958934,0.0637072263044317,-1.7938101627678933,1.5775806587860735,0.22977215424219744,1.522223602132798,13.559445986668122,0.7122574767118359,1.7299313487285197,0.07475582592725664,0.11666202881334538,0.8185660175440539,0.12995194025939966,2.846696761522941e-28,0.4773557924256583,0.08559529887978246,77.64589578434448,17.3870406109942,77.64589578434448,67.97217883261138,23.872526467635435,77.64589578434448,77.64589578434448
13319.0,1190750.36754935,1161734.1485159,-0.7866079263378285,-0.15928892409585882,-0.6360840546306442,-0.1505238717071843,0.856031247421747,-0.085282469386029,0.08704986964999349,0.016616620128076683,0.010597469664462664,0.9002662908371226,0.048576099256643475,0.09571106658129144,0.04355676500768573,0.08666747169500796,0.03889016446474873,0.04564727589836271,0.09646760268562835,0.057399279895684115,0.06234362115403258,-1.9579615100198702,1.0044122431115936,0.42727050288353785,0.2321599581990122,9.332317438953456,0.8462841231618995,1.5352182758973498,0.05199591927361448,0.3167157101494747,0.669764021946588,0.8167142079743572,9.092706012209409e-17,0.3986741720622483,0.12673027796392713,80.19461110627077,14.376082734549001,80.19461110627077,62.791354391040485,20.693552108468737,80.19461110627077,80.19461110627077
13321.0,1145803.55166733,1015156.7104632,-0.8052932351939408,-0.5355356594410067,-0.1472041682011975,-0.6580890669927433,0.6748464760989508,-0.063699738262311,-0.04656907384864648,0.008384469370112151,-0.017455800006094743,0.6634542264794239,0.05053419623031016,0.08542905723467693,0.043396341371531796,0.09507374417962439,0.040125582949501824,0.0430880333880771,0.10086754269407971,0.05623719308845545,0.06195143765287389,-1.4678596455160693,-0.48982055193558766,0.2089557024171844,-0.40511944114221143,6.577479819168475,0.8985903003875915,1.378968115531923,0.14413024058923238,0.6249402972116687,0.8347519722520593,0.6859377036648044,6.650522745628001e-10,0.3702382756932483,0.16985357772084894,84.31811228260914,16.023225800743997,84.31811228260914,75.77485375193578,26.684695118718928,84.31811228260914,84.31811228260914
