id,x_coor,y_coor,y,ols_residual,mgwr_yhat,mgwr_residual,localR2,beta_Intercept,beta_x1,beta_x2,beta_x3,beta_x4,se_Intercept,se_x1,se_x2,se_x3,se_x4,t_Intercept,t_x1,t_x2,t_x3,t_x4,p_Intercept,p_x1,p_x2,p_x3,p_x4,sumW_Intercept,sumW_x1,sumW_x2,sumW_x3,sumW_x4
1.0,1.0,1.0,-1.4127294086368167,-0.2561345039498659,-1.2922906459649206,-0.12043876267189613,0.8000978094540026,-0.8719770778684514,0.12254281546409491,0.11874192019197495,0.12889137107537305,0.03827612844095344,0.017993928563355965,0.011305681622594613,0.010182009615328549,0.01159717436841129,0.008294472913576482,-48.45951648625545,10.839047087544978,11.661933614088758,11.114032347952877,4.614654703170187,6.016012667723782e-253,8.184462173809701e-26,2.2997056384121088e-29,5.592921631977141e-27,4.509556277754641e-06,17.112002963200204,25.96719215312518,25.96719215312518,25.96719215312518,48.884930936031694
2.0,1.0,2.0,-1.301151098468244,-0.10554988828795175,-1.2853723975500588,-0.015778700918185118,0.8420789503399669,-0.8631048625928502,0.12154986719302327,0.11741068427556574,0.12718603099407616,0.03747818565457809,0.018023025837095943,0.011435212044700308,0.010264872567321275,0.011726337769049095,0.008304343621014607,-47.88900989179976,10.629437103385941,11.438104419274373,10.846185185776877,4.513082233222797,1.298487471763512e-249,6.116590415718046e-25,2.2209781217766527e-28,7.638650409963408e-26,7.237438668694337e-06,17.731252787500157,26.187459866319838,26.187459866319838,26.187459866319838,51.43920029481138
3.0,1.0,3.0,-1.3417291617772003,0.12505752079268118,-1.3764964541955345,0.034767292418334206,0.8663464728237509,-0.8470692656481569,0.11940060766828808,0.11498957562681925,0.12322567468087849,0.03654253042724226,0.01779020356404877,0.011373217490281372,0.010168388676407491,0.01168946544932198,0.008323717921907076,-47.61436610876965,10.498401861242709,11.308534644590834,10.541600487644702,4.390169245291997,5.305400943347804e-248,2.1183253488610774e-24,8.1336418910206e-28,1.4083284521160451e-24,1.2671836535379056e-05,19.112657253703794,28.823439096802076,28.823439096802076,28.823439096802076,52.91278975843836
4.0,1.0,4.0,-1.2542299208811838,-0.10517038012395763,-1.2523756083867172,-0.0018543124944665479,0.893898500066884,-0.8266939248347629,0.11680604232257509,0.11248907684771975,0.11927127169992922,0.035121421915373645,0.01766083972814625,0.011470840736291675,0.01019375117913998,0.011781653309286447,0.008309818231695357,-46.80943474716283,10.182866714644708,11.035101295969652,10.123474912126136,4.226497010658225,2.952971958187679e-243,4.017685972419334e-23,1.2144196421248995e-26,6.936706080382451e-23,2.615937406158627e-05,17.52913490511312,28.157918668787175,28.157918668787175,28.157918668787175,55.15990228842318
5.0,1.0,5.0,-1.1729402440708836,-0.12075957022076311,-1.1561001791247563,-0.01684006494612733,0.9166738286725941,-0.7944315077405808,0.11265011681712708,0.10923483402612597,0.11388506644825941,0.03349021938619392,0.017195105429114635,0.011359810187199648,0.010139370089257704,0.011820885014982392,0.008344323771374252,-46.20102569394281,9.916549216998574,10.773335331931154,9.63422504354925,4.0135330679622365,1.202196391632045e-239,4.560868487721087e-22,1.5424855398770779e-25,5.669377993759e-21,6.479882837906216e-05,16.325446702958825,28.47897188504796,28.47897188504796,28.47897188504796,54.83773294019059
6.0,1.0,6.0,-1.1340926361495853,-0.0019116836143142635,-1.0873644557640805,-0.04672818038550486,0.9382308647868641,-0.7559473026780554,0.10632013524200051,0.1055285771539543,0.10698000237676036,0.031250662434203255,0.01651301348546876,0.011577494254304715,0.0102679383223468,0.01212117389108523,0.008387299424497804,-45.7788824155736,9.183345973371468,10.277484519388418,8.825878032773792,3.7259504940202386,3.9446796260776093e-237,2.8130805834418085e-19,1.6745909004318952e-23,5.582671853293732e-18,0.00020672410395964337,15.764802798080233,24.849498886853365,24.849498886853365,24.849498886853365,54.041308955480275
7.0,1.0,7.0,-1.105142248567012,0.022203435149378725,-1.108503947318689,0.0033616987516771335,0.9494180481526135,-0.7143567504098214,0.09737105818048747,0.10152585151678303,0.10028181052693605,0.02836659276569828,0.015759747570703832,0.011467553713241842,0.01025204076750847,0.012197994367668255,0.008518437060138892,-45.32793099667129,8.491005197390173,9.90298944562787,8.221172063559964,3.3300231680335695,1.9680321811599412e-234,8.398446484332211e-17,5.154454632144793e-22,7.006071525782027e-16,0.0009037271187383467,15.764802798080233,24.3106295057503,24.3106295057503,24.3106295057503,51.07729291525964
8.0,1.0,8.0,-0.8629410360807825,-0.18728034401683258,-0.8744584727992867,0.011517436718504137,0.9582138926125837,-0.666668563528672,0.08962697656920471,0.09786894648688649,0.09639403923710543,0.025072318040154147,0.014966763813910737,0.011606166575357988,0.010348814039444732,0.01214686347914073,0.008664229531134503,-44.54326745699309,7.722358281458682,9.457020496634383,7.935714384428429,2.8937735259734225,1.0321234940935217e-229,3.040179653262943e-14,2.677311433897048e-20,6.209445938955565e-15,0.003898418699080189,15.764802798080233,24.3106295057503,24.3106295057503,24.3106295057503,49.236410428346495
9.0,1.0,9.0,-0.8230872311073089,-0.05758061414882132,-0.8151895879989112,-0.00789764310839769,0.9670080217447736,-0.6123592857551886,0.08333800723363749,0.09352855986970651,0.09393636763025276,0.02184039276161668,0.014162710802528426,0.011998759123319673,0.010661545886948284,0.012076916744346392,0.008755117744842356,-43.23743485928315,6.945552150611098,8.77251393573261,7.778174646623072,2.494585840890931,8.664487526617148e-222,7.226988958978525e-12,8.648890824401428e-18,2.01352973285807e-14,0.012788945635765478,15.764802798080233,24.3106295057503,24.3106295057503,24.3106295057503,49.41620309691407
10.0,1.0,10.0,-0.7103400063224076,0.0348969077553587,-0.7349220949859473,0.024582088663539725,0.9747836624207169,-0.5521240700697694,0.07817461083220345,0.08834646134571655,0.09093189735294911,0.018542015412556463,0.013390990102722877,0.01220383500439489,0.011216581307362064,0.012216135862740018,0.008910996316411575,-41.23101173508465,6.405741375891342,7.876416077662618,7.4435892310511305,2.080801602218961,1.891029539086879e-209,2.4099362478487264e-10,9.691033604616156e-15,2.2921518133884997e-13,0.03773468514056642,15.764802798080233,24.3106295057503,24.3106295057503,24.3106295057503,47.76666578673462
11.0,1.0,11.0,-0.6691252655863609,0.253184245072416,-0.6883066796982608,0.019181414111899886,0.9799760225424917,-0.48724828367234607,0.07423714840023134,0.08284117137701726,0.08688238860187245,0.01592096036264902,0.012829619111470625,0.012372269870785657,0.012030845909997695,0.012757628821873436,0.008917776197902029,-37.97839042912118,6.000285248830995,6.8857312276085105,6.810230162278222,1.7853061132431807,4.666808658308783e-189,2.853135706837411e-09,1.078881942376228e-11,1.781355124471598e-11,0.07454872086822416,15.764802798080233,24.3106295057503,24.3106295057503,24.3106295057503,47.76666578673462
12.0,1.0,12.0,-0.5449269433083175,0.03183466835049342,-0.5443668118748136,-0.0005601314335038632,0.9840517333731957,-0.4195366576840947,0.07087874739760794,0.07702038450899353,0.08131209565021943,0.01362153207793439,0.012500700293851436,0.012505959991755997,0.012805608810693429,0.013461201094233904,0.008880219985988277,-33.56105240683572,5.6675974850656505,6.014582020081468,6.040478489326588,1.5339183150222888,9.90189398116237e-161,1.9501034536050278e-08,2.621311853614777e-09,2.2472913956175086e-09,0.12540157746334288,15.764802798080233,24.3106295057503,24.3106295057503,24.3106295057503,47.76666578673463
13.0,1.0,13.0,-0.38952307651865703,-0.2049545489199545,-0.36294148015617556,-0.026581596362481474,0.9863043260208324,-0.347891577214195,0.06835173413189671,0.07313890469396575,0.07659628034242505,0.011477296311404789,0.012244799013533184,0.012573926230818547,0.013021709782435135,0.013874212164469478,0.008858224838597748,-28.41137505235477,5.43598975190163,5.61668981385395,5.520766111576465,1.2956654996376946,3.1896216260451246e-127,7.022178659145801e-08,2.5947982691437646e-08,4.4174249407037546e-08,0.19542332180943595,15.764802798080233,24.3106295057503,24.3106295057503,24.3106295057503,47.76666578673462
14.0,1.0,14.0,-0.314360704730166,0.11554643687291444,-0.32959363801081204,0.015232933280646066,0.9869629921511326,-0.27193613316082277,0.0671097104391737,0.07119259924780541,0.07396124692838549,0.00961302330705393,0.01194218913999873,0.012468749124984888,0.013211604746774654,0.013834407441944347,0.008875004085374893,-22.771045574048888,5.382232793881402,5.38864132044108,5.346181051755308,1.0831570571212712,5.559381805640346e-91,9.390755784075276e-08,9.072151559641391e-08,1.1395607765150599e-07,0.27902913742743646,15.764802798080233,24.3106295057503,24.3106295057503,24.3106295057503,47.76666578673462
15.0,1.0,15.0,-0.3029358040035808,0.12489856231635327,-0.2892875854796818,-0.01364821852389897,0.9867541913837632,-0.1903547964046191,0.06662959463573914,0.06823951067521658,0.07179489043274324,0.00841930802908995,0.011560058987809551,0.01210986814387086,0.013763698467864589,0.013850053172064739,0.008879361669466896,-16.46659386473324,5.502090843942196,4.957934150805602,5.183726700598666,0.9481884331889628,1.9120430802236674e-53,4.894954613344005e-08,8.515341435892507e-07,2.686932333464049e-07,0.34328834016154874,15.764802798080233,24.3106295057503,24.3106295057503,24.3106295057503,47.76666578673462
16.0,1.0,16.0,-0.12394982806618964,-0.16490127902310306,-0.09353333153790402,-0.03041649652828561,0.9862458496304778,-0.10374589524639131,0.06735366135676646,0.06437502235832349,0.06969913960303167,0.008837779451147103,0.011265257605585137,0.01201910616124719,0.014492438178151448,0.014711149277148602,0.00882172169783877,-9.209367320189441,5.603882722488354,4.44197322541449,4.7378446299432255,1.0018202516309562,2.254733972551537e-19,2.7871212649100905e-08,1.002378695888308e-05,2.5094966956480783e-06,0.31669998419259754,15.764802798080233,24.3106295057503,24.3106295057503,24.3106295057503,47.76666578673462
17.0,1.0,17.0,0.03300045742445365,-0.13286889177076722,0.003813042721787315,0.029187414702666337,0.9849033024321445,-0.013281192609389685,0.06844899211398432,0.06125187817309516,0.06843402704175339,0.010848909954737116,0.011189179867430423,0.012580069968229312,0.014566605526561367,0.01572804800957004,0.008684754803222068,-1.1869674781123785,5.441066090001942,4.204952077641279,4.351082028749744,1.2491901269005476,0.23555400083684416,6.831169036142111e-08,2.8726737122884543e-05,1.5099554342077938e-05,0.21192069486351237,15.764802798080233,24.3106295057503,24.3106295057503,24.3106295057503,47.76666578673462
18.0,1.0,18.0,0.15291682700593348,-0.29458178482871056,0.16335597664074542,-0.010439149634811934,0.9831119005336427,0.07972778084477994,0.07062108530773464,0.059041356045981305,0.0695681079547379,0.014439486277934226,0.011265347715741624,0.013073409173412378,0.014438121905512658,0.015665679813427907,0.008522650616910918,7.077258763470957,5.401887477931769,4.089268426486867,4.440797257652827,1.6942482951586602,2.9598549790537204e-12,8.446493045252151e-08,4.7152229897260935e-05,1.0077538868801401e-05,0.09056446837225231,15.764802798080233,24.310629505750295,24.310629505750295,24.310629505750295,47.76666578673462
19.0,1.0,19.0,0.29413503087796394,-0.2576818276821771,0.2609282784580172,0.03320675241994675,0.9807494948399746,0.17252277552063727,0.07501336630223666,0.05807256174278857,0.0746482886725073,0.019272697887768447,0.011483075070446195,0.013224253177871771,0.013981303454068585,0.014368576547362625,0.008432239875779375,15.024091932017091,5.672408512849483,4.153587105348847,5.195245919207572,2.285596492946912,1.1008069922384509e-45,1.8979464120281802e-08,3.585006009269726e-05,2.530318392179193e-07,0.022509875659129566,15.764802798080233,24.310629505750295,24.310629505750295,24.310629505750295,47.76666578673462
20.0,1.0,20.0,0.4602823461033101,-0.6125747961264671,0.5190535810407637,-0.05877123493745362,0.9785736390888519,0.26228757234657957,0.08296297120469007,0.0589863249251404,0.08194186977260869,0.024779785450419055,0.011874937756225667,0.012798436289698529,0.012940467142089527,0.013006171887721353,0.00837199846568953,22.08749028676552,6.482274031513289,4.558284046275608,6.300229650968013,2.9598411361364425,1.0534967298972973e-86,1.4878888738644058e-10,5.8701568959922866e-06,4.6472343331457336e-10,0.0031587859040521113,15.76480279808023,24.3106295057503,24.3106295057503,24.3106295057503,47.76666578673462
21.0,1.0,21.0,0.4304981333172686,0.3166890852532613,0.37374077589322713,0.05675735742404148,0.9761042703208,0.34830799373927107,0.09520698029663749,0.06355992220932705,0.09037696444936741,0.03142128557174385,0.012398157903358914,0.01193892466352598,0.011961769862839113,0.01218237892080907,0.008255377657653837,28.09352780100561,7.974502141511927,5.31358845205547,7.418663057261495,3.8061596785474885,3.7332719143191357e-125,4.633863193700035e-15,1.3560759690128472e-07,2.7375128633371674e-13,0.0001507043525943365,15.764802798080233,24.310629505750292,24.310629505750292,24.310629505750292,47.76666578673463
22.0,1.0,22.0,0.5864780781987754,0.1670223429694076,0.5712563986818966,0.015221679516878805,0.9699445941731375,0.4307231105332561,0.1094127761406396,0.07369744847188513,0.1027182496243371,0.03976125283389127,0.013000837298627908,0.0110955436443756,0.011380564904810308,0.011582469220314542,0.008056077023890716,33.13041311413951,9.860965775760038,6.475728497513765,8.868424139144624,4.935560163585478,6.112804730256188e-158,7.52478201729647e-22,1.5508403688145793e-10,3.9317913673736975e-18,9.522980281512406e-07,15.764802798080233,24.310629505750295,24.310629505750295,24.310629505750295,49.41620309691407
23.0,1.0,23.0,0.6433314530259464,0.21772998488219608,0.6568735394988441,-0.013542086472897674,0.9653715734748707,0.5094829249463916,0.12323491763397743,0.08768221083250716,0.11785879284645323,0.04740259338706034,0.01365592906988221,0.010564306549391134,0.011157521616579959,0.01103705133997195,0.008005331945468831,37.3085509114164,11.665215985338856,7.858574139100239,10.67846739279123,5.921377615564225,8.368883390103509e-185,2.2239576457587088e-29,1.1073823864010408e-14,3.8312449026514754e-25,4.540185289763279e-09,15.764802798080233,24.310629505750292,24.310629505750292,24.310629505750292,49.236410428346495
24.0,1.0,24.0,0.8543156515796094,-0.05310382188565532,0.9022809803151852,-0.047965328735575796,0.9624405374875754,0.5831919857406265,0.1360851005527039,0.10298693190919829,0.13523947870343034,0.05438445834042324,0.01436659947139003,0.010364353595000944,0.01109606470959237,0.010552529136138172,0.007937090864170599,40.593599543302375,13.130109784978973,9.281392512082931,12.815835612364193,6.851938483648222,1.723572809750897e-205,3.723286944243135e-36,1.2189711593777198e-19,1.1778307811882123e-34,1.3511458182790075e-11,15.764802798080233,24.310629505750295,24.310629505750295,24.310629505750295,51.07729291525965
25.0,1.0,25.0,1.072599562376967,0.2768515308264159,1.0249857956702515,0.04761376670671558,0.9565248482369403,0.6514510528865052,0.14786550338221688,0.11960500021915033,0.1536076544131912,0.05978063976022728,0.015203839634051239,0.010221636355731816,0.01086602159914757,0.010137276974370387,0.007881880294862278,42.847798225093385,14.465932678117708,11.007248524936967,15.15275303235281,7.584565804582781,2.0827359903880448e-219,8.56758676706565e-43,1.5950168020258592e-26,2.323046145716465e-46,8.317218088810863e-14,15.764802798080233,24.849498886853368,24.849498886853368,24.849498886853368,54.041308955480275
26.0,1.0,26.0,1.1594125158577575,0.41430925983215194,1.0821842807104256,0.0772282351473319,0.9468146291359635,0.71396766151384,0.15414626798177838,0.13502374043662452,0.16747345391562374,0.063657574906073,0.015968315435903727,0.010024017288004955,0.010369069788794259,0.009763359148774388,0.007886702719861409,44.711520409255556,15.377693748217546,13.021779502587899,17.153261635023124,8.071506834632109,9.97777415353047e-231,1.5022691839688503e-47,1.232506850299022e-35,2.846083146768885e-57,2.2170778994538137e-15,16.325446702958825,28.47897188504796,28.47897188504796,28.47897188504796,54.83773294019058
27.0,1.0,27.0,1.4095848403948497,-0.025920432566349794,1.4796539511422444,-0.07006911074739475,0.93741685810712,0.7629696499941978,0.15825901713616672,0.14509233193669546,0.17555538307610152,0.06657458371748733,0.016416439562112653,0.010067446646669554,0.010228682129099815,0.0097945078121463,0.007887922312082577,46.47595156717467,15.719876418567456,14.184851000884946,17.923859620428598,8.440065847949539,2.795180624736818e-241,2.2302721768889376e-49,2.309031360627362e-41,1.1675519675362369e-61,1.2589376370997145e-16,17.529134905113118,28.157918668787172,28.157918668787172,28.157918668787172,55.15990228842319
28.0,1.0,28.0,1.461879241770584,0.2287857258049928,1.3887174046442108,0.07316183712637314,0.9240402600295783,0.7916684837752725,0.15975869140313248,0.1526662281953815,0.1795981393042872,0.06908689307662146,0.016538449981799777,0.010045546572488726,0.01002780409867499,0.009809009831320029,0.007917144305032096,47.86836037515531,15.903434447325766,15.22429304493033,18.30950752346408,8.726238958750592,1.7157107163601347e-249,2.281617793610391e-50,9.747965967616927e-47,6.883963227620567e-64,1.2619984285330083e-17,19.11265725370379,28.82343909680208,28.82343909680208,28.82343909680208,52.912789758438365
29.0,1.0,29.0,1.6319159401577046,0.17374761970392893,1.5460479737604285,0.08586796639727612,0.9119641732528102,0.8147395485536953,0.16196105132192914,0.15857417465447793,0.18360134019294666,0.07087173468113513,0.01683063168124618,0.010107285025753051,0.009975539594927479,0.009902247422580564,0.007914636270048637,48.40813844566112,16.024189573090833,15.89630046028911,18.54138079546183,8.954515692570116,1.1990955608033046e-252,5.051519792225501e-51,2.493692882082302e-50,3.069495209671417e-65,1.9261383624949604e-18,17.73125278750016,26.187459866319834,26.187459866319834,26.187459866319834,51.439200294811386
30.0,1.0,30.0,1.9345961178125204,0.0019804104649066012,1.8668813885905733,0.0677147292219471,0.8870315760651597,0.8252187172973059,0.16175895085873823,0.16260242845717543,0.18415270811336504,0.07239070266294703,0.016822872473411358,0.010048777764281123,0.00978622566003643,0.009885566109426891,0.007915646208812521,49.05337769168545,16.09737568619722,16.615438280887762,18.628443335961986,9.145267581862637,2.1246487866969253e-256,2.0194511800612692e-51,2.875886944288515e-54,9.50485343089248e-66,3.885043374791894e-19,17.112002963200204,25.967192153125183,25.967192153125183,25.967192153125183,48.884930936031694
31.0,2.0,1.0,-1.4696568228786886,-0.03159785090104594,-1.4194242564303985,-0.050232566448290106,0.7991450204268534,-0.8790149360168946,0.12312088459355264,0.11965523007538698,0.13023665674066415,0.03816912629394133,0.01811190556362916,0.011274696213300154,0.010205025349758841,0.011593902043952765,0.008250681616704074,-48.53243812081597,10.92010660547231,11.725128157394984,11.233203131002298,4.626178547074862,2.2615368268871736e-253,3.7302895970730844e-26,1.205336104292062e-29,1.7213502308061616e-27,4.271412680583767e-06,17.73125278750016,26.187459866319838,26.187459866319838,26.187459866319838,51.43920029481139
32.0,2.0,2.0,-1.3485527393573098,-0.22844289354683767,-1.2758190867164725,-0.07273365264083731,0.8191543095394586,-0.867887614724663,0.12141872792054818,0.11744079031533808,0.12684649067836073,0.037393734966059404,0.018039082636391503,0.011243680696544951,0.010133132431803067,0.01160005761834731,0.008268537055722325,-48.111516101922646,10.798841695838865,11.589781452648095,10.934987984691828,4.5224124550764015,6.471416326032769e-251,1.2065312295296908e-25,4.7936207180945386e-29,3.2276550106265806e-26,6.932338275069285e-06,19.870244995847827,29.174201714387795,29.174201714387795,29.174201714387795,54.245807481325926
33.0,2.0,3.0,-1.3014179263477106,0.08892247438781054,-1.35190329166189,0.050485365314179464,0.8538600214630068,-0.8544108198543297,0.1193874833684844,0.11512458476658372,0.12315700546053346,0.03634090103621041,0.01813122166067167,0.011273815142497614,0.010120197296964633,0.011659197441251686,0.008277620795265611,-47.12373142001939,10.589803173057453,11.375725333053854,10.563077440029337,4.390259222432079,4.103889814432884e-245,8.917092649090328e-25,4.154659171583015e-28,1.1490927987008999e-24,1.2666704528258404e-05,19.28254701952681,30.46080424768022,30.46080424768022,30.46080424768022,56.56549907604678
34.0,2.0,4.0,-1.2238469898417081,-0.06080995064448702,-1.2214808291135215,-0.002366160728186628,0.8777497324551257,-0.8293591366436512,0.11633747406003932,0.1122772437536379,0.11839258078182452,0.03506693328568926,0.017717127669094248,0.011414120436199403,0.010166419797798974,0.01178945309009032,0.008303288465510103,-46.811150889338855,10.192416902407995,11.04393149080327,10.042245376194758,4.223258463360511,2.8847291573062875e-243,3.6790659287700735e-23,1.113747729638785e-26,1.4581135752991126e-22,2.6530815792979436e-05,20.20960303616009,29.204049471029336,29.204049471029336,29.204049471029336,57.34551506091013
35.0,2.0,5.0,-1.1006153839864141,-0.18604597756504182,-1.077984639618987,-0.02263074436742718,0.9051140210147544,-0.7959677652057602,0.11183777613812922,0.10863729535821806,0.11193130079471185,0.03316715364746067,0.017473693715220985,0.011461507477136857,0.0101732218925924,0.011925598608647954,0.008297367028450282,-45.552347327251624,9.75768469908697,10.678750203740465,9.385801456837887,3.9973106569513024,8.913264244017975e-236,1.8966371380562756e-21,3.8209025175717075e-25,4.9640341585809856e-20,6.931845579580986e-05,17.037502885000233,28.338937997954897,28.338937997954897,28.338937997954897,58.8742780308217
36.0,2.0,6.0,-1.208140986102407,0.3437112582917834,-1.2442246745334367,0.036083688431029604,0.9246742155741705,-0.7581205305502594,0.1051244541223131,0.10470239752907484,0.10468262647090892,0.03079628220252077,0.016590168051560054,0.01149297479085883,0.010207184548485302,0.012164463205898642,0.008388545499468615,-45.696977161058335,9.146844575516338,10.257715732651487,8.605610021504896,3.671230275197483,1.2169127706376056e-236,3.8335253335366134e-19,2.0116009252296416e-23,3.3533562363561896e-17,0.00025561733500735067,17.037502885000233,26.6972363550175,26.6972363550175,26.6972363550175,56.16692907316296
37.0,2.0,7.0,-1.0714976124968894,-0.1081955761620198,-1.0059035873464233,-0.06559402515046608,0.9383945564060797,-0.7174514621600387,0.0967585718013996,0.10109467888110817,0.09896007200798373,0.027729933935267903,0.015778899004854807,0.011339423897916407,0.010160129423946927,0.012209978251127624,0.00845218800127366,-45.46904457271039,8.532935418278063,9.950136918810598,8.104852438934076,3.280799472407533,2.809434192035915e-235,6.009405726580974e-17,3.3665571394459606e-22,1.717815851881157e-15,0.0010749659961345006,17.037502885000233,26.697236355017495,26.697236355017495,26.697236355017495,55.66926680567003
38.0,2.0,8.0,-0.9721539287283995,0.17391238903115303,-0.9914019949571466,0.019248066228747196,0.9492771239563884,-0.670461518578922,0.08926337660134472,0.09718841628474811,0.09559063707794678,0.02410888911092511,0.015039237137418995,0.011532351898783565,0.010282918097581733,0.012049731564392681,0.008668061119288367,-44.58081965545663,7.7402577882452785,9.451443195643485,7.933009674706778,2.781347383127867,6.125430931923937e-230,2.6646112836916432e-14,2.81031849502358e-20,6.3371929505746436e-15,0.005526613938903704,17.037502885000233,26.697236355017495,26.697236355017495,26.697236355017495,52.147927188751325
39.0,2.0,9.0,-0.7788555137273749,-0.16823401686135742,-0.7457925740002304,-0.03306293972714458,0.959268963249823,-0.6166226901541325,0.08295925947150229,0.09234343165383169,0.09320970501281209,0.020898079152257675,0.014280825492630638,0.011914202669551056,0.010608737067894919,0.011852451535502148,0.008809375613609631,-43.17836461711051,6.963055923458478,8.704469821699078,7.864170946712343,2.3722542968848064,1.9870631819711307e-221,6.423839985448696e-12,1.5066407565493602e-17,1.06203376590402e-14,0.01788955786829619,17.037502885000233,26.697236355017495,26.697236355017495,26.697236355017495,51.58285761351142
40.0,2.0,10.0,-0.8135582643570088,0.1649701315236488,-0.8355598817612646,0.02200161740425577,0.9685800882104961,-0.5560911683925237,0.07798793557395323,0.08698839046388662,0.090508882280673,0.018065088870022835,0.013461083250330592,0.01214838739213033,0.011237490215025351,0.011907844435688259,0.0088868629850134,-41.31102661287431,6.419612172103884,7.740909117551599,7.600778022377792,2.0327857985981534,6.038857108040416e-210,2.2090616666033188e-10,2.651844001904983e-14,7.394328083359307e-14,0.042367585236000975,17.037502885000233,26.6972363550175,26.6972363550175,26.6972363550175,51.58285761351142
41.0,2.0,11.0,-0.7272516194251936,0.5182814640194103,-0.7710969060726054,0.04384528664741183,0.9758147506423543,-0.490265530862235,0.07412133802523284,0.08134771517613591,0.08666702806415881,0.015493862111580988,0.012824332508068918,0.01226954989540413,0.01226837638803585,0.012502235551002997,0.008904265956114677,-38.229321530283606,6.0410804517773595,6.6306830344287775,6.932122476064364,1.740049341286931,1.2022580298401607e-190,2.239248349425978e-09,5.7583763439802604e-11,7.90927258505589e-12,0.08219255356748326,17.037502885000233,26.697236355017495,26.697236355017495,26.697236355017495,51.58285761351142
42.0,2.0,12.0,-0.5239894112967263,-0.05345818527759205,-0.5150314650987082,-0.00895794619801804,0.981506235421548,-0.42183282980910286,0.0706151104890681,0.0761369851980214,0.0810933188359815,0.013104617314617852,0.012450537022483379,0.012342682656827426,0.012981106043979014,0.013325291272171516,0.008876805077970517,-33.88069358352578,5.721212515336521,5.865215563302156,6.08566951218068,1.4762763403625316,8.454222560629469e-163,1.4399729732417579e-08,6.298611696175799e-09,1.7154767270759778e-09,0.1402198947845302,17.037502885000233,26.697236355017495,26.697236355017495,26.697236355017495,51.58285761351142
43.0,2.0,13.0,-0.4104234420235308,-0.09982165203210952,-0.4096765737188303,-0.0007468683047004987,0.9848529923128493,-0.3494413928402915,0.06849088062598213,0.07333003981158179,0.07680851421793139,0.010996806037323028,0.01212361566345786,0.012345359323796545,0.01298800330685713,0.013905133932724889,0.008861406499741924,-28.823199492668916,5.547904992442072,5.64598253319404,5.523752204728299,1.240977494672352,6.6391861952704274e-130,3.8032078701442665e-08,2.2021473246891656e-08,4.345390609613701e-08,0.2149377910188404,17.037502885000233,26.697236355017495,26.697236355017495,26.697236355017495,51.58285761351142
44.0,2.0,14.0,-0.29233751432857874,-0.487811510384378,-0.24041252563382898,-0.05192498869474976,0.9858231873803576,-0.27274687397329694,0.06739824867785278,0.07169240867343561,0.07404959916930669,0.009056191222471182,0.011749756824350449,0.012183121781502857,0.013073541382673023,0.013913570602779332,0.008892292556799748,-23.212980323818314,5.532100055027015,5.483778769266981,5.322113300989378,1.018431542217547,9.141436114886328e-94,4.1500127758888064e-08,5.411683834231689e-08,1.2958759389075572e-07,0.3087469110887572,17.037502885000233,26.6972363550175,26.6972363550175,26.6972363550175,51.582857613511415
45.0,2.0,15.0,-0.2663800570306014,0.02071952246584635,-0.22993571726839646,-0.03644433976220496,0.9857046905437122,-0.1897042870566163,0.06754398099896011,0.06998130565316624,0.07201696882063831,0.007745832620300102,0.011303082886549971,0.011886377323112813,0.013663858021455677,0.014060165121610799,0.008936076665854279,-16.783411124265367,5.682469869740905,5.12163589106957,5.122057116523231,0.8668046291386209,3.3548857359910295e-55,1.7932182632169607e-08,3.7065071367691754e-07,3.698469506331974e-07,0.3862803529753601,17.037502885000233,26.697236355017495,26.697236355017495,26.697236355017495,51.58285761351142
46.0,2.0,16.0,-0.066982934869671,-0.2943254160327783,-0.08166555715280678,0.014682622283135785,0.9854994606046766,-0.10159733487984225,0.06837704357732888,0.06666930734589063,0.06946999957918021,0.007835346931024896,0.01101126727557993,0.011706872674443763,0.014002236154807172,0.014937542067375114,0.008970712295634248,-9.226670494608571,5.8407608486762435,4.761332876320765,4.6506981714822215,0.8734364309998106,1.9457190114212152e-19,7.257381517889804e-09,2.240710020957711e-06,3.8042231453701372e-06,0.38265848394764745,17.037502885000233,26.697236355017495,26.697236355017495,26.697236355017495,51.58285761351142
47.0,2.0,17.0,-0.04196938803447411,-0.3007445451383896,0.005581768862341378,-0.04755115689681549,0.9845045030094933,-0.010242447898952546,0.06922644573888993,0.063605436437037,0.06771453142581277,0.009820566048261176,0.011017319176090746,0.012211939096487838,0.013754729358991934,0.01575962074020656,0.00884920774066398,-0.9296678924561078,5.668751309020163,4.624259393039672,4.296710723060537,1.1097678273653357,0.35279261982221677,1.937469051516118e-08,4.310216793443166e-06,1.922496323715893e-05,0.26739584461056204,17.037502885000233,26.697236355017495,26.697236355017495,26.697236355017495,51.58285761351142
48.0,2.0,18.0,0.0610471605388543,0.122956881947143,0.0751504165266662,-0.014103255987811897,0.9827134910168724,0.083500694456373,0.07138849151666797,0.061368914607868814,0.06888780141058612,0.01336431430537995,0.011138470813073623,0.012867368590881457,0.013570279113982826,0.01548181583358054,0.008643567689535043,7.496603066766152,5.548025690913827,4.522303048625893,4.44959442426426,1.5461571871023139,1.5685777797695328e-13,3.800670935664318e-08,6.9358434143219105e-06,9.682024011592493e-06,0.1224185394217913,17.037502885000233,26.6972363550175,26.6972363550175,26.6972363550175,51.58285761351142
49.0,2.0,19.0,0.26243862723326256,-0.3130143946164626,0.2961377866825772,-0.03369915944931462,0.9800448510021461,0.17722436806587488,0.07580088993748037,0.05999031598583942,0.07321382279126312,0.01823393722891866,0.01135706117443469,0.013011126641170628,0.013278234686327064,0.014288862140895678,0.00847517511579131,15.604773571601054,5.825851367676832,4.517943642584731,5.1238385582656205,2.151452563492689,9.245598436883007e-49,7.910174168782611e-09,7.076899125002043e-06,3.6646627795991085e-07,0.031706309365749745,17.037502885000233,26.697236355017495,26.697236355017495,26.697236355017495,51.58285761351142
50.0,2.0,20.0,0.3692064244015867,-0.18711160056841047,0.40010659289325656,-0.030900168491669877,0.9777481043935947,0.2679534055525397,0.08323741042961397,0.060146162745742464,0.08078163955436138,0.023591537653081557,0.011769159836073389,0.012601588038136309,0.012571095783819814,0.012768795965472849,0.008385364215931567,22.76742004397304,6.605311185995906,4.784480508306702,6.326488399751786,2.813418361513671,5.858797594623551e-91,6.781946069119539e-11,2.003038618649208e-06,3.950068709043707e-10,0.005008679974696487,17.037502885000233,26.697236355017495,26.697236355017495,26.697236355017495,51.58285761351142
51.0,2.0,21.0,0.4496878907783151,-0.10748447621514096,0.4930151349234729,-0.04332724414515776,0.9748793779992979,0.35422675287083194,0.09443562307199513,0.063760451394345,0.08962601146662727,0.029576028240202543,0.012332470504379377,0.01173203663019892,0.011740486037724351,0.011859670341895133,0.008265059550026755,28.72309751278486,8.049380175724353,5.430818723302501,7.557209339117714,3.5784410337499386,2.979122800736845e-129,2.62479195638386e-15,7.222075636277948e-08,1.0138171324791131e-13,0.0003641262350023874,17.037502885000233,26.697236355017495,26.697236355017495,26.697236355017495,51.58285761351142
52.0,2.0,22.0,0.5707695180340615,-0.019717984008213674,0.5922395371652356,-0.02147001913117408,0.9686437722694975,0.4349957058814164,0.10896751976401964,0.07231661566946943,0.10102319822775642,0.036859415596743716,0.012946710975613479,0.010924793614817931,0.011376629689112638,0.011424665697495166,0.008128752684313895,33.59893541307731,9.974332111521143,6.356593969009642,8.842551799997574,4.534449137303877,5.628952866414437e-161,2.7038478831363196e-22,3.2761160133963137e-10,4.866828592924048e-18,6.556902746105081e-06,17.037502885000233,26.697236355017495,26.697236355017495,26.697236355017495,51.58285761351142
53.0,2.0,23.0,0.7376541600831322,-0.15930368501963832,0.7767289023153467,-0.03907474223221452,0.9634768667974966,0.5126919127346388,0.12273177742515501,0.0858885361064749,0.11632853152406399,0.04494470695421715,0.013524121354115121,0.01053000055998704,0.011172670422657929,0.010874642065906279,0.008017994469476625,37.90944337974584,11.65543883174362,7.687377579159128,10.697228544999408,5.6054799146239525,1.2766121471378478e-188,2.457225289030188e-29,3.930869416011245e-14,3.2019222030832117e-25,2.7624007462266423e-08,17.037502885000237,26.697236355017495,26.697236355017495,26.697236355017495,52.14792718875132
54.0,2.0,24.0,0.7731099225551853,0.25483652815487956,0.7411655161173608,0.03194440643782448,0.9599382313922286,0.5861951894250549,0.13347993613568085,0.10094577853668654,0.13234573026535745,0.05289496120933916,0.01419262293005398,0.010346863855053349,0.011083946971680343,0.010368362897339714,0.00788619008765193,41.30280867137963,12.900521163278864,9.107385554496478,12.764380604320317,6.707289657164267,6.789791430853387e-210,4.6693612089194276e-35,5.350811750975225e-19,2.062311580241624e-34,3.502128925059889e-11,17.037502885000233,26.697236355017495,26.697236355017495,26.697236355017495,55.66926680567003
55.0,2.0,25.0,0.9251690639432022,0.3795995029938448,0.8763176989766152,0.04885136496658704,0.952903777703265,0.6533519688062027,0.14319409708834424,0.11674441741522801,0.14933975232751542,0.058668017477449014,0.015121901918027321,0.01026706170115242,0.010907242084988479,0.010061565165212814,0.007891540429135344,43.20567428276467,13.946940347331457,10.703385558472394,14.842596541922482,7.434292202425822,1.3537433740832034e-221,3.63537415163369e-40,3.0186551120364225e-25,9.750346386934561e-45,2.449237182825566e-13,17.037502885000237,26.697236355017495,26.697236355017495,26.697236355017495,56.16692907316296
56.0,2.0,26.0,1.0649838662232045,0.5565803176251325,0.9144814626242677,0.15050240359893685,0.9412382878167238,0.7151567341570721,0.15054769525382444,0.1325176429050271,0.16464612444781745,0.06297456715548737,0.016098122573395622,0.010090209442815821,0.010445808051130878,0.009818031723602048,0.007859507525579065,44.42485332662131,14.920175453941013,12.686203140663737,16.769769041590745,8.012533476243169,5.3546407734232034e-229,3.8453552194600935e-45,4.816011729543667e-34,3.9961458746821165e-55,3.4738247532338178e-15,17.037502885000233,28.338937997954893,28.338937997954893,28.338937997954893,58.8742780308217
57.0,2.0,27.0,1.3771146812499053,0.24532723691088365,1.346129914487178,0.030984766762727434,0.925137302425495,0.7639010604285449,0.15499523726124745,0.14452121087502878,0.17404293530689963,0.06636399149395524,0.01633649978082959,0.010038344033636997,0.010152144982671502,0.0098059645899736,0.007892977777922507,46.76038751734082,15.440319313811269,14.235534571433842,17.748680786065147,8.407979011366576,5.761477458595312e-243,6.979667594513917e-48,1.2786801393850883e-41,1.182177405149107e-60,1.6229131911427058e-16,20.20960303616009,29.204049471029336,29.204049471029336,29.204049471029336,57.34551506091013
58.0,2.0,28.0,1.4691037821550874,-0.0778131038556058,1.543240975593253,-0.0741371934381656,0.9117946158109598,0.8006895879646243,0.15729404809413008,0.15350519010361263,0.1786602658767187,0.06883466680155073,0.016849972794188747,0.010004500844019064,0.009903044169156426,0.009819300420849619,0.007891047883760884,47.518746632087606,15.722328434622934,15.500808385941866,18.19480596574517,8.723133836661505,1.934838783946795e-247,2.1635850580197366e-49,3.323106115172788e-48,3.1856621485685965e-63,1.2943288226974224e-17,19.28254701952681,30.460804247680223,30.460804247680223,30.460804247680223,56.56549907604677
59.0,2.0,29.0,1.685478285105103,0.2443749502400161,1.5290991928207576,0.15637909228434532,0.8897038568712232,0.8174675973144108,0.15902451839434015,0.15976154499919787,0.1817378349722284,0.07083397482943332,0.016808633033382644,0.01001146163369692,0.009766205399054265,0.009867409607534463,0.00789674844532357,48.633794056357,15.884245898629825,16.358609968890146,18.41798832729704,8.970017890259754,5.8115348001937395e-254,2.897644778566972e-50,7.51477218983262e-53,1.6100171211362514e-64,1.692878250708901e-18,19.870244995847827,29.174201714387795,29.174201714387795,29.174201714387795,54.245807481325926
60.0,2.0,30.0,1.8394598589653421,0.06230800669672343,1.7556760692910538,0.08378378967428834,0.8808874375661677,0.8319113386261123,0.16073181719786095,0.1647705619217629,0.1843736738221699,0.07240968014918488,0.016924255833495033,0.01004566446018139,0.009704909829405391,0.009926604025093932,0.007891833966463051,49.15497300505615,16.00011804445225,16.978062116818062,18.573690796578866,9.175266542212535,5.4781632601084946e-257,6.826097726627432e-51,2.7437831398048e-56,1.9872287412281376e-65,3.0128106085574563e-19,17.731252787500157,26.187459866319838,26.187459866319838,26.187459866319838,51.43920029481139
61.0,3.0,1.0,-1.3266300587522197,-0.07037767238429793,-1.289622297279637,-0.03700776147258278,0.77934702348366,-0.8836657248560024,0.12276635698112441,0.11974967709216218,0.1296709550675402,0.03806498540988893,0.018011466690187522,0.011040347362765955,0.010019723554306473,0.0113463201871791,0.008207679035165668,-49.061286349179724,11.119791157582524,11.951395309773174,11.42845900066026,4.637728308672904,1.911805419190396e-256,5.284465534218051e-27,1.1685169514783687e-30,2.4472159406530685e-28,4.044870073235004e-06,19.11265725370379,28.823439096802076,28.823439096802076,28.823439096802076,52.91278975843836
62.0,3.0,2.0,-1.2922865365782386,-0.19342975333820345,-1.241175507805093,-0.05111102877314555,0.8136462103182239,-0.8761806719208756,0.12151416712168495,0.11779812728049925,0.1269973751882634,0.037181489260970174,0.018275420646217025,0.011096649877949515,0.010040281509055901,0.011482418737690972,0.008217155304106433,-47.943119279295125,10.950527272483328,11.732552237131042,11.060158847142132,4.5248614496052095,6.258420238935416e-250,2.774497812830753e-26,1.1170581696762137e-29,9.498687900630449e-27,6.854320670820348e-06,19.28254701952681,30.460804247680226,30.460804247680226,30.460804247680226,56.56549907604678
63.0,3.0,3.0,-1.3115694048644118,-0.17675394138349731,-1.3039749764407556,-0.007594428423656208,0.8468801369702255,-0.8605445663790039,0.11932584422200761,0.11520417780354758,0.12300249983248646,0.03612267222013339,0.01847913112567179,0.011163881172147689,0.010076905991760926,0.011636456157868557,0.008235453099509609,-46.56845392387029,10.68856273029032,11.432495043393354,10.570443283053349,4.38623980777504,7.9008079093659e-242,3.4787184979054924e-25,2.3498890095632962e-28,1.0715760055616726e-24,1.2897907651527334e-05,18.625002790000124,30.438754144500177,30.438754144500177,30.438754144500177,58.92474947744123
64.0,3.0,4.0,-1.0825472740395925,-0.2663652803222558,-1.0770950181250905,-0.005452255914502047,0.8661609900816365,-0.8340940975215441,0.11569552553274859,0.11174569305651831,0.11685284847566155,0.034802563160053826,0.018451952150280938,0.011161144502255508,0.0100212029564662,0.011693210049186085,0.008276411601167892,-45.203569287862294,10.365919508466913,11.150926045701349,9.993222390099389,4.2050304935466,1.096329805206247e-233,7.348975684505275e-24,3.887174126249034e-27,2.2778587651500547e-22,2.87169719845067e-05,17.12457043598628,31.09722671666669,31.09722671666669,31.09722671666669,59.016551407704036
65.0,3.0,5.0,-1.2549539138422878,0.14344078494377266,-1.2629557160316494,0.008001802189361529,0.8649131760639761,-0.7984394366590483,0.1097259219015504,0.10746650005515741,0.10850945001366698,0.03280089370637851,0.017612794848860164,0.01144237311876064,0.010149990469043578,0.012002552117457486,0.008291672079429232,-45.33292095380992,9.589437502404673,10.587842459844582,9.040531459625326,3.955884095772924,1.837044446235852e-234,8.411349766933484e-21,9.084692240709141e-25,9.38921745875917e-19,8.225409664122091e-05,17.128030665744177,27.2271151124853,27.2271151124853,27.2271151124853,59.667914419214995
66.0,3.0,6.0,-1.0971686325598191,0.03627949807159325,-1.1297173477246205,0.0325487151648014,0.8810644563295216,-0.7600857150413288,0.10355885583333846,0.10376637268692193,0.10185878390636488,0.030126854963463984,0.016562756016635427,0.011344358429439826,0.010151624788952297,0.012146853384818456,0.008355591378541881,-45.89125833151851,9.128665713222894,10.221651690658199,8.385610715748935,3.6055921835566553,8.42020982851327e-238,4.470753097822553e-19,2.808734161206751e-23,1.936312238914398e-16,0.0003285775997551671,17.128030665744173,27.267543296076425,27.267543296076425,27.267543296076425,58.11943896084757
67.0,3.0,7.0,-0.9797159392498744,-0.45326442988511517,-0.8948616062472492,-0.08485433300262524,0.906960808754502,-0.7199281021869333,0.09629529371490465,0.100424880825481,0.09734051240308023,0.026676497752037048,0.015672543704406548,0.011206466907471204,0.010147219476650744,0.012176369573591033,0.008483109840244455,-45.93562575196493,8.592832559091915,9.896788086289416,7.994214680720531,3.1446601841086523,4.578344545921474e-238,3.716648608366032e-17,5.450850959516359e-22,3.991580776652166e-15,0.0017174141356870597,17.128030665744173,27.267543296076425,27.267543296076425,27.267543296076425,55.684048736418966
68.0,3.0,8.0,-0.8597967867961639,0.11546902273944071,-0.8742568223834216,0.014460035587257725,0.9262535658340167,-0.674936149349139,0.08928844258523713,0.09619564887775806,0.09463404983870728,0.0230286716934936,0.015045674017251586,0.011425389353456617,0.01030240841135022,0.011903733147395639,0.008655455243790406,-44.859150116854025,7.81491464518222,9.3372001028205,7.949947186056654,2.6605962418920512,1.2879709194026616e-231,1.53313582370044e-14,7.548924161847208e-20,5.5779109646709336e-15,0.007939233324387198,17.128030665744177,27.267543296076425,27.267543296076425,27.267543296076425,53.94486109614246
69.0,3.0,9.0,-0.8092041162576064,-0.28395413419799176,-0.7494429724754103,-0.0597611437821961,0.9393616319447179,-0.6224073866924509,0.0829403419595119,0.09099200513093336,0.09258713067078389,0.020116998253363508,0.014360943775392277,0.011847208982706874,0.010617678668605695,0.01156806913150069,0.008775477611179899,-43.34028434530581,7.000833874086141,8.5698586264414,8.003680615865479,2.292410640730778,2.044231007232546e-222,4.977304895421291e-12,4.470274393853833e-17,3.715191592365192e-15,0.02211220451147725,17.128030665744177,27.267543296076425,27.267543296076425,27.267543296076425,53.945097788592285
70.0,3.0,10.0,-0.6550805168350444,-0.06619572655210582,-0.6679067356808649,0.01282621884582047,0.9513265892213277,-0.5612600241368954,0.07822808907801823,0.08550419985757474,0.09056593374429045,0.017584331489842175,0.013547009309057209,0.012066877260121605,0.011368504477104233,0.011584637062130856,0.00885633507572572,-41.43054834705474,6.48287766517233,7.521147573084673,7.817761856376356,1.9855088294975392,1.0989991216245725e-210,1.482211035651101e-10,1.3149193426311073e-13,1.5010225057037052e-14,0.04739133438177803,17.128030665744173,27.267543296076425,27.267543296076425,27.267543296076425,53.945097788592285
71.0,3.0,11.0,-0.6888769096884723,-0.061712997105758505,-0.6576614627045159,-0.031215446983956396,0.964573077452671,-0.49391191576808735,0.07421103860310461,0.07980369381048089,0.0872610838931364,0.015012142688973232,0.012860262396206213,0.01216093076545941,0.012595933058442447,0.012296244740237139,0.008894520533960724,-38.406052734491,6.102414365673852,6.335671477468858,7.096563685625985,1.6877967318929032,9.16944183863149e-192,1.551446346746667e-09,3.7312814209342923e-10,2.5937010127730822e-12,0.09179710924036698,17.128030665744173,27.267543296076425,27.267543296076425,27.267543296076425,53.945097788592285
72.0,3.0,12.0,-0.4937987616794158,-0.07959511550709797,-0.4827361253877124,-0.011062636291703398,0.974948926190303,-0.4235760195671849,0.07058107100117932,0.07542084215877906,0.08179184598317023,0.012616130249732033,0.012356018236979094,0.01215378526078071,0.013166688879122493,0.013272725814312627,0.008893027608000094,-34.2809480726976,5.807332406056142,5.728155563724807,6.162400032024326,1.4186541193668023,2.1884054221366007e-165,8.800985424379836e-09,1.3842659350823976e-08,1.0802296404797885e-09,0.15634645344612816,17.128030665744177,27.267543296076425,27.267543296076425,27.267543296076425,53.94509778859228
73.0,3.0,13.0,-0.5231714542117727,0.4742033171304191,-0.533669292318784,0.010497838107011326,0.981190247344729,-0.34959322344676275,0.06875955744101558,0.07383943100096468,0.0777552455460657,0.010595622048438936,0.011912612677994261,0.012144821911163573,0.01304489899715347,0.014175173757108885,0.008895524426212439,-29.34647779597113,5.661635711414714,5.660406494299204,5.485311635567871,1.1911183130717757,2.5868538490661432e-133,2.0166723637520065e-08,2.0306699809418372e-08,5.366473649550888e-08,0.23392152393086332,17.128030665744177,27.267543296076422,27.267543296076422,27.267543296076422,53.94509778859228
74.0,3.0,14.0,-0.2671596418666095,-0.4361396937226729,-0.2393137081421895,-0.027845933724420013,0.9821375440651149,-0.27093547055777634,0.0678619833393276,0.072581804719201,0.07469230367784213,0.008557817846600363,0.0114459009049493,0.01199761379289211,0.012983524150463145,0.014344362517330882,0.008937854985231856,-23.67096070529683,5.6562900349010965,5.590300744086642,5.207084217761421,0.9574800509451726,1.1537079696519987e-96,2.07823725174724e-08,3.0062077194357873e-08,2.3785822262531855e-07,0.3385824227494363,17.128030665744173,27.267543296076425,27.267543296076425,27.267543296076425,53.94509778859228
75.0,3.0,15.0,-0.20222024468389913,-0.28027208192218034,-0.17782585210256063,-0.024394392581338492,0.981081994964732,-0.1856890740764212,0.06850222713343135,0.07153142983759718,0.07230367551366626,0.006987031774407874,0.010986080258414117,0.011778139752546414,0.01343202050231781,0.0145746967444862,0.00905280441361935,-16.902213501872428,5.816048083367433,5.3254407872035205,4.960904283721697,0.7718085418808279,7.291308022913546e-56,8.370197070608167e-09,1.2730879109072147e-07,8.389572149951624e-07,0.44043065948121607,17.128030665744173,27.267543296076425,27.267543296076425,27.267543296076425,53.945097788592285
76.0,3.0,16.0,-0.09586788964265518,-0.08934256508544083,-0.09557018557770215,-0.00029770406495302493,0.9807616509484672,-0.09658457939824534,0.06943403644901912,0.06923346176041441,0.06932531821730056,0.006838276878840194,0.010724391616710625,0.011587555191840637,0.01350532217721125,0.015271044464209089,0.009159936108181305,-9.006066064181054,5.992121314590244,5.126383573228507,4.539657937594187,0.7465419843630249,1.2530189386329838e-18,2.9943616638174273e-09,3.6168833724036625e-07,6.400547305114682e-06,0.4555352598778093,17.128030665744177,27.267543296076422,27.267543296076422,27.267543296076422,53.94509778859228
77.0,3.0,17.0,0.06563779626863087,-0.08437536361384701,0.05935013372679543,0.006287662541835437,0.9813035972692381,-0.004008042426466322,0.07007938670087514,0.06627974352876637,0.06728768441629351,0.008709718964827712,0.010769589999320796,0.012062353725786346,0.013010611387599003,0.015788581461054607,0.009093135862035995,-0.37216295390252524,5.809760540437697,5.0942835470391925,4.261794169556699,0.9578344695355256,0.709859235835643,8.67884739960394e-09,4.266185476501447e-07,2.2419412217144547e-05,0.3384037457962674,17.128030665744177,27.267543296076425,27.267543296076425,27.267543296076425,53.94509778859229
78.0,3.0,18.0,0.03532758727085357,0.08526375702981842,0.0660833840992655,-0.030755796828411924,0.9801627831950941,0.09025168557599986,0.07229161564925665,0.06395713520073887,0.06837644645029556,0.01236923295052961,0.010933880020212533,0.012891661182718029,0.01275188118736541,0.015308152787046806,0.008821578604361698,8.254314608278055,5.6076260944685306,5.015505889759052,4.4666686700535925,1.4021564059310005,5.415630277128358e-16,2.729518613195581e-08,6.372871411148546e-07,8.95636086720917e-06,0.1612137357471029,17.128030665744173,27.267543296076422,27.267543296076422,27.267543296076422,53.94509778859228
79.0,3.0,19.0,0.3235983979312105,-0.24534819169804045,0.29735527630712827,0.02624312162408221,0.9757746100025894,0.18432918640602353,0.07697516668259412,0.0622035491715691,0.07212603958686026,0.01709216241010298,0.011143440266644192,0.012924294518903253,0.012706160033350788,0.014193373319443165,0.008544647912480005,16.54149723921243,5.955850554938157,4.895542713793852,5.081670013432008,2.000335483120233,7.378397234382945e-54,3.7086886738622874e-09,1.1618867948605755e-06,4.5510078932823903e-07,0.045764421109219286,17.128030665744173,27.26754329607642,27.26754329607642,27.26754329607642,53.945097788592285
80.0,3.0,20.0,0.374667581056341,0.2558040176507387,0.3451472551708675,0.029520325885473542,0.9711300562727477,0.2758188617543308,0.08463549966400964,0.06170302082686632,0.07992673220627172,0.022564695141889503,0.011552955720726904,0.01234316927169129,0.012499819753463832,0.012733246884034504,0.008396405841940104,23.874311338308882,6.856869398860045,4.936312846412666,6.277011113833606,2.687423114921232,5.89844653441808e-98,1.307578846122612e-11,9.487287293373889e-07,5.36288773936111e-10,0.007333590739790445,17.128030665744173,27.267543296076422,27.267543296076422,27.267543296076422,53.94509778859228
81.0,3.0,21.0,0.42842522131862637,0.20810038898622618,0.40672736971964785,0.021697851598978524,0.9678524697269143,0.36311024572425166,0.09487735499780403,0.06432083377485222,0.0893477911094623,0.02816811270828997,0.012184669196440042,0.01150826455182325,0.011787511973729207,0.011766289208953765,0.008257609067699127,29.80058300067272,8.2442799755392,5.456692974582242,7.593540284686486,3.411170531004399,2.8387633136014393e-136,5.855259710553261e-16,6.274284167094806e-08,7.793165013669592e-14,0.000675672561054045,17.128030665744173,27.26754329607642,27.26754329607642,27.26754329607642,53.94509778859229
82.0,3.0,22.0,0.5529003436528687,0.12361921009065968,0.5233418634628879,0.02955848018998075,0.96337225634269,0.4430893745268982,0.10879435037868693,0.07129197398965847,0.09965293721763915,0.03458433710320358,0.012861214801875869,0.010844624774789594,0.011469441206591699,0.01143562565184949,0.008120456388017602,34.45159585253732,10.032099094069185,6.2158192980391815,8.714253181374666,4.258915441530552,1.7314435471703183e-166,1.5993718237441286e-22,7.805077873259378e-10,1.3913819719044252e-17,2.2704241239407575e-05,17.128030665744177,27.267543296076422,27.267543296076422,27.267543296076422,53.94509778859228
83.0,3.0,23.0,0.7716858282770449,-0.12022913944516511,0.8063447630019144,-0.03465893472486947,0.9568249480897308,0.5181851982190746,0.12251446252944709,0.08408771523145125,0.11465818386736819,0.042297687258652,0.013338846228455555,0.010599490618545806,0.011319410452597958,0.010881807986343682,0.008024684379984789,38.847827566498076,11.5585236063217,7.428630279252043,10.536685081308226,5.270947149541622,1.4930011215002438e-194,6.582813885641575e-29,2.550043046662168e-13,1.4753836679386774e-24,1.7002368904629262e-07,17.128030665744173,27.26754329607642,27.26754329607642,27.26754329607642,53.94486109614246
84.0,3.0,24.0,1.0863211440378773,-0.22608030633509446,1.1076792765942423,-0.021358132556364984,0.9473837037820763,0.591207395262463,0.13127563259475475,0.09906018694349028,0.12945942836723212,0.0505062187017397,0.013938904823308378,0.010419466932313238,0.011150297468785812,0.010272852251880508,0.007923396181334218,42.414192704283124,12.59907377676279,8.884084682117205,12.602091920823039,6.374314441163659,9.483227845731084e-217,1.2341584050326229e-33,3.4546079953413477e-18,1.1946660806705723e-33,2.9334623762744627e-10,17.128030665744173,27.26754329607642,27.26754329607642,27.26754329607642,55.684048736418966
85.0,3.0,25.0,1.1450935092203147,-0.4683565701269954,1.3001475993260834,-0.15505409010576865,0.9366304870374066,0.6577530174025205,0.1375732938646808,0.11451526991330521,0.14449662709933397,0.05720539813842754,0.014933835756100225,0.010299207425742642,0.010867569068856072,0.00997334376222933,0.007873579145957503,44.04447913750754,13.357658330175912,10.53733996883253,14.488283021644769,7.265488423749224,1.0722719564348306e-226,2.948775040221885e-37,1.4662700790023635e-24,6.582095870969988e-43,8.060835702642721e-13,17.128030665744177,27.26754329607642,27.26754329607642,27.26754329607642,58.11943896084756
86.0,3.0,26.0,1.1052817321489676,0.214610374357861,1.0843472309545161,0.020934501194451505,0.9227178187962878,0.71613574673096,0.14374862159044505,0.1293913322388554,0.15975519638236724,0.06216534140438092,0.016024600613115152,0.010130263049066663,0.010459204385544145,0.009852768629483746,0.007866076977221744,44.6897719338382,14.190018649485031,12.371049218398438,16.214244177449835,7.902966317822303,1.3493123762164206e-230,2.1741342820490593e-41,1.4181306158258827e-32,4.648726658999825e-52,7.942639128423168e-15,17.128030665744177,27.2271151124853,27.2271151124853,27.2271151124853,59.66791441921499
87.0,3.0,27.0,1.3766486939087257,0.20408225293798155,1.3711530415041588,0.005495652404566842,0.9094958620293704,0.7667425153955254,0.14988925115524088,0.14488058867300838,0.17082180210058268,0.06590894125716862,0.016914875171423534,0.00996021472341256,0.009961521349728292,0.009758076772999863,0.007883798542604901,45.32948115933375,15.048797171300938,14.544022302071369,17.505683350764212,8.360048890263945,1.9263692393354265e-234,8.170270510152243e-46,3.4068838585472008e-43,2.880829862485289e-59,2.3680774923485833e-16,17.12457043598628,31.09722671666669,31.09722671666669,31.09722671666669,59.016551407704036
88.0,3.0,28.0,1.486634421859281,0.04744443728032244,1.5350318857270209,-0.0483974638677398,0.8976380801242421,0.8026572063830089,0.15391373980928164,0.15473104270171512,0.1771896595511285,0.06860199053617874,0.017073372601004853,0.009979446196969388,0.009778405806888081,0.009846725543241503,0.007871482508261871,47.01222336914081,15.423074263983004,15.823749367480724,17.994779967513786,8.715256683118385,1.8683392731523856e-244,8.621555434074835e-48,6.149666618210021e-50,4.55960925571948e-62,1.3800643308109233e-17,18.625002790000124,30.438754144500177,30.438754144500177,30.438754144500177,58.924749477441225
89.0,3.0,29.0,1.6424867684676616,0.25738783318551617,1.5457774099979982,0.09670935846966344,0.8759488543960617,0.822793859558417,0.15620789705786056,0.16176086353804797,0.18019270709861662,0.07073147066770641,0.0169754460105102,0.009945247867330066,0.009590479403983923,0.009855421923339245,0.007870242968259722,48.46964604340831,15.706787718283048,16.866817259505492,18.28361165054648,8.98720293045116,5.251314077161433e-253,2.6224855441692158e-49,1.149618888101607e-55,9.732420445071582e-64,1.4668514600644785e-18,19.28254701952681,30.460804247680223,30.460804247680223,30.460804247680223,56.56549907604678
90.0,3.0,30.0,1.783300061251353,0.3801779550871063,1.5700325727896458,0.21326748846170718,0.8546544174145525,0.8322858842101413,0.15784771493571056,0.1669302777121479,0.18213036994097268,0.07250503488067925,0.016805405116704766,0.00992494663553261,0.009455428559638324,0.00986173706604738,0.007871290128300203,49.524892642001205,15.904137395620351,17.65443804680738,18.468386321921194,9.211327965157427,3.9810816859207e-259,2.261720392679923e-50,4.089149224669432e-60,8.186730010481624e-65,2.217412675545573e-19,19.11265725370379,28.823439096802076,28.823439096802076,28.823439096802076,52.91278975843835
91.0,4.0,1.0,-1.4559946125462038,0.292232950772253,-1.5470855585930658,0.09109094604686208,0.7604979989265744,-0.8923004341421811,0.12280039062719042,0.12061810889048571,0.13025435039474562,0.037532079884277536,0.01810887955981846,0.010911952515829658,0.009987275732182546,0.011179317172525797,0.00810408678143867,-49.274193425091525,11.253750458412224,12.07717821405605,11.65136907599846,4.63125345230011,1.1183362703971424e-257,1.403532583710526e-27,3.1497400165842214e-31,2.561348143162931e-29,4.170410133258932e-06,17.52913490511312,28.157918668787172,28.157918668787172,28.157918668787172,55.15990228842318
92.0,4.0,2.0,-1.4659160888566223,-0.07212142151174339,-1.405598046158615,-0.060318042698007224,0.8000482915980712,-0.8807528460626673,0.12175166063874536,0.11854189279123994,0.12755764524740712,0.03691167254211114,0.0180795665255088,0.010993925357137222,0.010024342687258414,0.011382598089751752,0.008167598256123424,-48.71537405612001,11.074448541685301,11.825403070259593,11.206373469537928,4.519281113568198,1.9485831639723577e-254,8.255276600174917e-27,4.3020940772455726e-30,2.2461537642447427e-27,7.033333405701373e-06,20.209603036160093,29.204049471029336,29.204049471029336,29.204049471029336,57.34551506091013
93.0,4.0,3.0,-1.2809575169547882,-0.20056084279088138,-1.2644733831287198,-0.016484133826068392,0.8400996912242222,-0.8672318428036947,0.11906403803086074,0.11514408028551024,0.12217496669830935,0.03586896828243107,0.018717991979106424,0.010933906759136913,0.0099314428596132,0.01145476561057606,0.00820434427961867,-46.33145712273648,10.88943235512457,11.593892439712908,10.66586352369415,4.37194820938185,2.015934929076732e-240,5.02459176993277e-26,4.597557487871225e-29,4.321504769837509e-25,1.3753083981338941e-05,17.12457043598628,31.097226716666686,31.097226716666686,31.097226716666686,59.01655140770405
94.0,4.0,4.0,-1.1767633431281854,-0.22300951510685496,-1.1663535098894642,-0.010409833238721244,0.8572828850180967,-0.8372308573363582,0.11480288215739758,0.11106743476476047,0.11466515161036972,0.03418048330801468,0.018353521901143352,0.01103465721519918,0.009982863227269984,0.011707873077308953,0.008197585402390335,-45.616904583539466,10.403846709371964,11.125809523400042,9.793849903668876,4.169579410303916,3.663518275684335e-236,5.1535384293154776e-24,4.980154652529179e-27,1.3733328166215302e-21,3.346937910187142e-05,16.781253287500057,28.721764527943044,28.721764527943044,28.721764527943044,61.433678826651004
95.0,4.0,5.0,-1.0291148404427002,-0.29880115064507595,-1.0197317473064853,-0.009383093136214882,0.8563886386122709,-0.8004636129518882,0.10774745802376781,0.10632523447811791,0.10470652364255613,0.03207215682152542,0.01737881980299491,0.01130160598603699,0.010066819085344302,0.011996257729216952,0.008228682957725589,-46.05972223809717,9.533818304839915,10.561949467524519,8.728265597990848,3.897605119348307,8.339205116334191e-239,1.3700885535071242e-20,1.1614448885532996e-24,1.2413290279831394e-17,0.00010436588628816933,16.7812532875001,25.782404695040206,25.782404695040206,25.782404695040206,61.02102575837884
96.0,4.0,6.0,-1.144702992756068,0.5949878136193334,-1.2742246924428895,0.1295216996868216,0.8637458010128303,-0.7618741181478037,0.10143769682523676,0.10255646786414568,0.098344362672404,0.02915440369212739,0.01626408313162357,0.01118680014759056,0.010143786216851509,0.012083063009535511,0.008309210699478663,-46.84396359647415,9.067623939548492,10.110274967523694,8.139025890603586,3.5086850901441933,1.844951019283226e-243,7.478929316258876e-19,7.829248771015959e-23,1.321373310531653e-15,0.0004726600634420181,16.7812532875001,25.782404695040245,25.782404695040245,25.782404695040245,58.51196160871027
97.0,4.0,7.0,-0.9553422245868369,-0.33935332852716193,-0.9430332781971743,-0.012308946389662623,0.8949509505832601,-0.7220374252588723,0.09595182345656639,0.09917044757121958,0.09515349894412277,0.025570509055557557,0.015356259082974336,0.011045253189069359,0.010254846974746285,0.012004880521504521,0.008418742651201147,-47.019096340944365,8.687154727383032,9.670592629557317,7.926234565489668,3.037331121163239,1.7016246323702345e-244,1.7342178728131316e-17,4.1110200026741674e-21,6.668676040919941e-15,0.0024557565108482,16.7812532875001,25.782404695040245,25.782404695040245,25.782404695040245,56.5845296498792
98.0,4.0,8.0,-0.8478501940750462,-0.0045173774512257125,-0.8890872728978865,0.04123707882284022,0.9186746624591823,-0.6784851958563208,0.08985211027538627,0.09481190789814,0.09324871603042642,0.021676540115154276,0.014776987692454934,0.011257104924067993,0.010419225961878463,0.011651262949853407,0.008773370970664912,-45.9149868685857,7.981813342014788,9.099707429806669,8.003314012546568,2.470719656974845,6.0784000257721536e-238,4.384557463512712e-15,5.708748222651846e-19,3.725535621704807e-15,0.0136686513424512,16.7812532875001,25.782404695040245,25.782404695040245,25.782404695040245,50.28587545916751
99.0,4.0,9.0,-0.776632049261813,-0.3814244728992364,-0.7245391058974573,-0.05209294336435566,0.9338571390486998,-0.6273308683601373,0.08381652147179629,0.08966074585769526,0.092199067705239,0.019263815547834063,0.014185216398020452,0.011718761920665257,0.010779566163329821,0.011283148011591967,0.008891054525034655,-44.22427199966307,7.1523358900219165,8.317658104154996,8.171395749707125,2.166651379045387,8.739674427279482e-228,1.767995666537091e-12,3.3028046389524303e-16,1.0297210188319146e-15,0.03052353080963277,16.7812532875001,25.782404695040245,25.782404695040245,25.782404695040245,50.28587545916751
100.0,4.0,10.0,-0.723556899295458,-0.1929335835475372,-0.7102298991538964,-0.013327000141561518,0.9477476062638696,-0.5660541081682128,0.0790036053617986,0.08416929129239112,0.09163121631652311,0.017023454903326758,0.013501049310789688,0.011869955071954,0.011665517737043359,0.01143148800998212,0.009012067457525181,-41.92667511523249,6.655762796311346,7.21522123489771,8.015685817673917,1.8889622146705054,9.477034849340997e-214,4.895894181269169e-11,1.144134702427597e-12,3.391667741289611e-15,0.05921854076527029,16.7812532875001,25.782404695040245,25.782404695040245,25.782404695040245,50.28587545916751
101.0,4.0,11.0,-0.6083642223794049,-0.06741421691725724,-0.6094919846562282,0.0011277622768233186,0.9601988502476931,-0.4971807539653528,0.0745620024366338,0.07854793698605414,0.08874396980721608,0.014501330030669493,0.01288416085479818,0.011880402462475638,0.01273009241669886,0.012353031472092497,0.009099278627056678,-38.588524279421584,6.276050215650403,6.1702566183272864,7.18398313868973,1.5936790843561852,6.45211369207852e-193,5.394717557160115e-10,1.029970685551829e-09,1.4208274763832775e-12,0.11135942806794569,16.7812532875001,25.782404695040245,25.782404695040245,25.782404695040245,50.2858754591675
102.0,4.0,12.0,-0.571994033533687,0.06544826142793103,-0.5582152792417523,-0.013778754291934758,0.9729579007061454,-0.4239095078421975,0.07110191659860374,0.07534188259953077,0.08431422853710378,0.012309621068275083,0.012285600306993185,0.011897771077192825,0.013204932221215491,0.013561747526469851,0.009127641661924545,-34.5045823768905,5.9760703191626385,5.705586468553315,6.217062246037177,1.348609150556818,7.879088055211921e-167,3.292179492657207e-09,1.5734442671342762e-08,7.746055635568784e-10,0.1778021682286383,16.7812532875001,25.782404695040253,25.782404695040253,25.782404695040253,50.2858754591675
103.0,4.0,13.0,-0.5443478825166393,0.31584907094110826,-0.5317453527906787,-0.012602529725960654,0.9798535633658223,-0.34725254788948856,0.06921430629059785,0.07452126242682919,0.07998099453218988,0.010145943235008382,0.011741189471350286,0.012029206106473263,0.013060794593720816,0.014692776957639658,0.009176752061348525,-29.57558505778487,5.753854882688529,5.705721952220002,5.443558747456719,1.1056137473455323,8.310448625640197e-135,1.1957421443114797e-08,1.5722368732196804e-08,6.739231812962656e-08,0.2691895232175717,16.7812532875001,25.78240469504025,25.78240469504025,25.78240469504025,50.2858754591675
104.0,4.0,14.0,-0.37323940716931725,0.23591893571156142,-0.3810853257496406,0.007845918580323352,0.9830389855077608,-0.2655198832895576,0.06889260678117559,0.07394437387169595,0.07640701120579611,0.007680713733909428,0.011192518153979784,0.012093217884471543,0.012840456196046346,0.015287192651109218,0.009290928118256981,-23.72297990824748,5.696796951755749,5.75870301979332,4.998106123837729,0.8266896090624758,5.394981321775832e-97,1.6537316919406168e-08,1.1630943143302018e-08,6.958412929624332e-07,0.408632367617317,16.7812532875001,25.78240469504025,25.78240469504025,25.78240469504025,50.2858754591675
105.0,4.0,15.0,-0.22816922406682585,-0.0655880211586155,-0.22547567286387787,-0.0026935512029479802,0.9835111611061762,-0.1781542490589133,0.06947559011391705,0.07275959761559654,0.07309522844679377,0.005546478627357233,0.01080064919526768,0.011873357167807418,0.012891172702251931,0.01524973754827896,0.009530581380053006,-16.494772289889006,5.851385512286976,5.644141095316047,4.793212225153545,0.5819664515918949,1.3367280522893174e-53,6.824532150163196e-09,2.2250276438153838e-08,1.919845703675189e-06,0.560735183882713,16.781253287500096,25.78240469504025,25.78240469504025,25.78240469504025,50.28587545916751
106.0,4.0,16.0,-0.16997553545789118,0.057603114232523345,-0.1444348825229318,-0.025540652934959385,0.9825909625254331,-0.0878096096415554,0.07001062859716989,0.07132297540462648,0.06917880158933763,0.005116779912199188,0.01058063900322254,0.011845081874380919,0.012929408691376288,0.01553866014389795,0.009732678994908726,-8.29908379019559,5.910522978198408,5.516336988573792,4.452044188411201,0.5257319094645814,3.8194465169015175e-16,4.837755564528978e-09,4.526409835211247e-08,9.57455581081345e-06,0.5992041404036905,16.7812532875001,25.782404695040253,25.782404695040253,25.782404695040253,50.2858754591675
107.0,4.0,17.0,-0.028819428406907956,0.42390676710554986,-0.05676093422218535,0.027941505815277396,0.982250096207049,0.005073168921491018,0.07110682421931508,0.06905496198721246,0.06720722816713004,0.0066810099911805455,0.010571972817347132,0.012614665163540421,0.01262124616049007,0.01585229334256078,0.009791409085815593,0.4798696524424142,5.63683802126051,5.471326769886178,4.239590241917224,0.6823338635558641,0.6314368078458328,2.3180677978131903e-08,5.792899547806431e-08,2.470755191143164e-05,0.49520363200777184,16.7812532875001,25.78240469504025,25.78240469504025,25.78240469504025,50.28587545916751
108.0,4.0,18.0,0.07440909732583179,0.2845845509314034,0.08060061600808516,-0.006191518682253372,0.9821870626822952,0.09949118688832662,0.07380969158453979,0.06669404411961864,0.06805602242967504,0.01035669508698597,0.010751781801526758,0.013370165540627789,0.012355912390853324,0.015153873374719672,0.009477891246881786,9.25346037753471,5.520477017300572,5.39774336446332,4.490998489086556,1.0927214521894106,1.548021555644499e-19,4.42446009308006e-08,8.63759209278221e-08,8.011676227936982e-06,0.27480884637713565,16.781253287500096,25.78240469504025,25.78240469504025,25.78240469504025,50.28587545916751
109.0,4.0,19.0,0.2634003612026687,-0.11866595136732416,0.27798318158320695,-0.014582820380538264,0.9796263124942167,0.193628897018152,0.07902962748683418,0.06496782215548288,0.07145827569253688,0.015249963592475553,0.010953191449039276,0.01302696288700612,0.012584451199602636,0.014073349114225302,0.009013816666678937,17.677851968444827,6.066619531530493,5.16254710873163,5.077560082717414,1.6918431066885977,3.0051249394442287e-60,1.922711939101286e-09,2.9997034158519534e-07,4.6477190954898264e-07,0.09102243714113743,16.7812532875001,25.782404695040245,25.782404695040245,25.782404695040245,50.2858754591675
110.0,4.0,20.0,0.42841898242179727,0.16400759317791186,0.37520806853848593,0.05321091388331134,0.9738276578934443,0.2859014182330242,0.0877328351305703,0.06356295692045962,0.07955035006359862,0.020863934942712353,0.011314681378289605,0.01201076571892151,0.012977392010627423,0.01290148401068611,0.008657262609748168,25.268181106858773,7.304516396682171,4.897976177987592,6.165984471066137,2.409992151470529,7.229240800537106e-107,6.132934430195773e-13,1.1479633378214565e-06,1.0570095435102324e-09,0.016152802140910034,16.781253287500096,25.78240469504025,25.78240469504025,25.78240469504025,50.28587545916751
111.0,4.0,21.0,0.48348841705242523,0.21914288964793543,0.43715111145275715,0.04633730559966809,0.9658706277492477,0.3738610752519138,0.09801966696440356,0.06532264533495236,0.08998417805477682,0.02665182348126471,0.0119686911388943,0.011216108050230643,0.012412984314005364,0.012055984018016174,0.008433086187180411,31.23658810419032,8.739187116014627,5.262444846663498,7.463860098048124,3.1603878923684645,1.2471066818127281e-145,1.1355707326742559e-17,1.778326783972721e-07,1.9832170683912136e-13,0.0016283135735020045,16.781253287500096,25.78240469504025,25.78240469504025,25.78240469504025,50.2858754591675
112.0,4.0,22.0,0.6551166842062734,0.08695454620636944,0.6187816680176925,0.036335016188580926,0.9611550299063495,0.4546163347865616,0.1097351881462286,0.07165065156620451,0.09992619812748962,0.03225279040009671,0.012717618959277418,0.010832739540818533,0.011691433177271362,0.0116864030639782,0.008316913813329552,35.74696932203037,10.129957222061751,6.128474625805191,8.55063765817722,3.8779757881349006,7.974797085108256e-175,6.53610410679272e-23,1.326167691588897e-09,5.215339488606517e-17,0.00011300210990542871,16.781253287500096,25.782404695040245,25.782404695040245,25.782404695040245,50.2858754591675
113.0,4.0,23.0,0.7927081783881215,0.010274887826658197,0.7776987057917737,0.015009472596347773,0.9551178731404899,0.5279576959774537,0.12212863178398913,0.0828459876473587,0.11288233091219979,0.03866694808265625,0.013219694287506398,0.01067686505343616,0.011501440739120287,0.0110901052800459,0.0082014275257071,39.93720917407396,11.438622776700187,7.203096509950401,10.178652777562503,4.714660705280391,2.154155653935866e-201,2.209426354181152e-28,1.244596604573248e-12,4.1767600524179246e-23,2.8050506226532067e-06,16.7812532875001,25.782404695040245,25.782404695040245,25.782404695040245,50.2858754591675
114.0,4.0,24.0,0.7796785384808984,0.4256813527953263,0.7474602414184617,0.03221829706243673,0.9429621436386504,0.6000415057544473,0.12960158648346046,0.09768857298742169,0.12726520216529041,0.04828566136178388,0.013777631937298323,0.010532405205403614,0.011266609119273095,0.010320398659319734,0.007884033337735989,43.55186061619457,12.305032322243813,8.670627688708207,12.3314230744725,6.124487212740502,1.0517644431021696e-223,2.8588408681240003e-32,1.9830057150324248e-17,2.1607807144646592e-32,1.358440216035675e-09,16.781253287500096,25.78240469504025,25.78240469504025,25.78240469504025,56.5845296498792
115.0,4.0,25.0,1.1277118492558882,0.06929836346506457,1.113937185314202,0.01377466394168625,0.93031371499511,0.6652998118179017,0.13253579527259182,0.1136275593303735,0.14025549571228263,0.05539264557653673,0.014707482025965658,0.010320722555911386,0.010796230465777733,0.009962282526850075,0.007846353876207272,45.23546659063278,12.841716706809397,10.524743769647571,14.078650684144904,7.059667005907734,7.055828317409502e-234,8.881161442878092e-35,1.6517740955271471e-24,7.932003507842935e-41,3.3374500693699508e-12,16.781253287500096,25.78240469504025,25.78240469504025,25.78240469504025,58.511961608710266
116.0,4.0,26.0,1.2640141619240173,0.0059253799386032036,1.2831969932940168,-0.019182831369999542,0.91798344029488,0.7188267734158107,0.13618103093329714,0.12898159156530403,0.1539947629339145,0.061075747772359176,0.015836321591600554,0.01016520415839796,0.01033897795364994,0.00985157508380323,0.007830842470864283,45.39101894704324,13.396782672661965,12.475274842787535,15.631486500782408,7.799384038128697,8.240311358927396e-235,1.901214387399833e-37,4.6635457007473794e-33,6.6502277083579305e-49,1.7205927882995754e-14,16.7812532875001,25.782404695040206,25.782404695040206,25.782404695040206,61.02102575837884
117.0,4.0,27.0,1.5161692796443198,-0.0008585918459322883,1.5110274044341032,0.005141875210216584,0.9017796261677883,0.7630989333757551,0.14348144645012795,0.14546624858504822,0.16680813168498976,0.06520874295723783,0.016810536963942913,0.009988792197504799,0.009863853613701361,0.009796025532885775,0.007839441518216224,45.3940843777051,14.364243805769593,14.747405454495867,17.028143824758935,8.31803423824448,7.899100480030621e-235,2.8340606528882102e-42,3.041706316001258e-44,1.4373393984581762e-56,3.2930894760671376e-16,16.78125328750006,28.721764527943044,28.721764527943044,28.721764527943044,61.433678826651025
118.0,4.0,28.0,1.5296339466668485,-0.0406865468946882,1.555205592597944,-0.02557164593109551,0.8784495957868416,0.7985813465064417,0.14923449756995766,0.15712844173641347,0.17396257567525977,0.0683840416757662,0.017186439775846437,0.00989997837876783,0.009555362740621912,0.009805868702938791,0.007865415193425936,46.46578098325843,15.074224595279537,16.444005947406527,17.74065928734327,8.694269786663378,3.2119658436373924e-241,6.009607334857099e-46,2.5468829320447752e-53,1.3140405150306632e-60,1.6368587959240035e-17,17.12457043598628,31.09722671666669,31.09722671666669,31.09722671666669,59.01655140770404
119.0,4.0,29.0,1.7169572629417507,-0.06851080221265171,1.7379192267605255,-0.020961963818774798,0.8525473866309108,0.8203437572155979,0.1528811288305258,0.16472818143107873,0.17838213435132114,0.07065647989726868,0.01678699638293349,0.009919561963775933,0.009451058090908761,0.009871003272922393,0.007848307926263834,48.867810446995804,15.412084665513879,17.429602045249876,18.071327647175384,9.002766017987334,2.5346516112683875e-255,9.863344968051222e-48,7.7952097836329605e-59,1.649447843506596e-62,1.2880638434987376e-18,20.209603036160093,29.204049471029336,29.204049471029336,29.204049471029336,57.34551506091013
120.0,4.0,30.0,2.020395791114281,-0.4260763076374485,2.128386403823127,-0.10799061270884591,0.8274686066686884,0.8359553011343097,0.15545281796926277,0.1702342198624739,0.18071104420020925,0.07231241119918426,0.01685167355121008,0.009878615999265233,0.009297896259158573,0.009857665001352706,0.00781330425324409,49.60666361082468,15.736295244275643,18.308896455452548,18.33203341515576,9.255035879238939,1.3435494102427504e-259,1.8199349276302177e-49,6.940459715247212e-64,5.092702660949523e-64,1.5273192330811214e-19,17.529134905113118,28.157918668787175,28.157918668787175,28.157918668787175,55.15990228842319
121.0,5.0,1.0,-1.4702079505636934,0.12248970884659816,-1.4904335182363238,0.020225567672630396,0.7306378238556123,-0.8985845232268628,0.12178031658400693,0.12104497368296428,0.12956511360014203,0.037064250032698254,0.018010929627564,0.010651172351353832,0.009850783358492137,0.010797852329120066,0.008021096783246346,-49.89106846831856,11.433512909827984,12.287852577593654,11.999155910914416,4.620845631748803,3.092461805773835e-261,2.325957224397704e-28,3.429551529667436e-32,7.11121315771705e-31,4.380078615142639e-06,16.325446702958825,28.478971885047965,28.478971885047965,28.478971885047965,54.837732940190584
122.0,5.0,2.0,-1.3353690788160986,-0.11090032993922816,-1.3357273070322793,0.00035822821618070044,0.7879263964276523,-0.8907609439367926,0.12102155846422832,0.1189994731709092,0.1269679346456717,0.03613188464503137,0.018250950072061366,0.01078558529434702,0.009940092676186733,0.011083515485560587,0.008048102388999976,-48.806278052361414,11.220676037642443,11.971666366450856,11.455565232085734,4.489491174269339,5.7720402885018655e-255,1.9491973157213592e-27,9.465941015057256e-31,1.8630096982556336e-28,8.067317127763448e-06,17.037502885000237,28.338937997954893,28.338937997954893,28.338937997954893,58.874278030821706
123.0,5.0,3.0,-1.183459768077223,-0.428756138113805,-1.1327654080575404,-0.05069436001968253,0.8179285700187344,-0.8738615507959195,0.1189090051364468,0.11561516951810696,0.12166291387367442,0.03513795834342321,0.01825607239574657,0.010865732858168414,0.009986901155819718,0.011373863308257475,0.00811919344698946,-47.86689775614157,10.94348689486286,11.576681065951469,10.696709691011199,4.327764644707673,1.749910699271138e-249,2.9713988057867173e-26,5.475549214045663e-29,3.2178615834964304e-25,1.6753002611161708e-05,17.128030665744177,27.227115112485304,27.227115112485304,27.227115112485304,59.66791441921499
124.0,5.0,4.0,-1.1970399132042155,-0.3442442371658806,-1.1104909502681741,-0.08654896293604142,0.8421995002655305,-0.8430247570283103,0.11425188906455297,0.11078185736731452,0.11261638234431692,0.03340006815930652,0.017778287809544532,0.010886589493950388,0.009980813248425514,0.011623137052170667,0.008132843357907696,-47.418782171797226,10.494736586517023,11.09948203717673,9.688983433546055,4.106813163545206,7.492508177375078e-247,2.192852832492985e-24,6.454259806003745e-27,3.49304117433934e-21,4.3772216438305585e-05,16.781253287500096,25.78240469504021,25.78240469504021,25.78240469504021,61.02102575837883
125.0,5.0,5.0,-1.07872666153934,-0.23110249191375998,-1.0613601677171465,-0.017366493822193574,0.8539431826620053,-0.8031995588412322,0.1074963712421072,0.1057851061253422,0.10335477862257383,0.03104446311402492,0.016743031628894515,0.010840331907014389,0.009931271253380886,0.011664690867013987,0.00816491754263134,-47.972169953683874,9.916335787887654,10.651718538986634,8.860481585058185,3.802177174715239,4.2300981505972435e-250,4.569664668994799e-22,4.946164634845864e-25,4.198153391912144e-18,0.00015310897764283447,16.78125328750014,26.196805089280335,26.196805089280335,26.196805089280335,60.218233872473576
126.0,5.0,6.0,-1.1046010598071434,-0.108269987701899,-1.075799414566084,-0.028801645241059326,0.8729860144955104,-0.7626357905348314,0.10035003236116735,0.10127742367634462,0.09612558995545237,0.027867336839191306,0.01563943825044167,0.01081248103065145,0.010030557088385716,0.01158869377934328,0.008254595116764019,-48.763630657469044,9.280944130832966,10.0968892140211,8.294773490934343,3.3759786452271094,1.0213312594902966e-254,1.2236618022376501e-19,8.850593733147669e-23,3.9503042582424043e-16,0.0007670559007730924,16.78125328750014,26.19680508928037,26.19680508928037,26.19680508928037,57.16082993923909
127.0,5.0,7.0,-0.9733065966350036,-0.24055078812018182,-0.9669839564187293,-0.006322640216274378,0.9022086484702,-0.7230260631656054,0.09519746529141329,0.09737811588716502,0.09268916919142031,0.023937764071000775,0.014811347057106133,0.010789147429835763,0.010177172852248522,0.011400415438381224,0.008448838661463749,-48.81568572918657,8.82344651516755,9.568287509792125,8.130332591158757,2.8332608811887994,5.08945897586785e-255,5.695413463651105e-18,1.0128674009234671e-20,1.4127041717172702e-15,0.0047106617548678936,16.78125328750014,26.196805089280375,26.196805089280375,26.196805089280375,52.53440286967489
128.0,5.0,8.0,-0.959885013053857,-0.08053342837409416,-0.9500307926099647,-0.009854220443892281,0.9233986866765371,-0.678668068239366,0.09108624274742634,0.09362368429890501,0.09183835574238833,0.02080177104749773,0.014184108000568973,0.010910453487614628,0.010340402519222958,0.011226810681981874,0.008616475168936301,-47.84707421941107,8.348529495206224,9.05416245884599,8.180271169066874,2.4141856895835168,2.286677765458056e-249,2.592504397569403e-16,8.374430294662041e-19,9.615254607573429e-16,0.015969287344233276,16.78125328750014,26.19680508928037,26.19680508928037,26.19680508928037,50.71920913632039
129.0,5.0,9.0,-0.8440268931894414,-0.1429314581980895,-0.8136008345630029,-0.030426058626438435,0.9426091629907902,-0.6271082082489728,0.08547939029320462,0.08906179592778712,0.09158018233376686,0.018574737149983492,0.013602805815850832,0.011000499148025818,0.010748330461433205,0.01122684962634202,0.008731289342099375,-46.101386488824794,7.7705010602673426,8.28610510696109,8.157246723861741,2.1273762009491866,4.709743970351221e-239,2.1311950361006793e-14,4.2270155955334006e-16,1.1484306255462238e-15,0.03366048216228565,16.78125328750014,26.196805089280375,26.196805089280375,26.196805089280375,50.71920913632039
130.0,5.0,10.0,-0.5736627992578109,-0.5348627741228819,-0.5327659358652054,-0.040896863392605565,0.9558125359503244,-0.5664651552674592,0.07988999639274007,0.08391579022585391,0.09193461555532104,0.016450360604749206,0.013098433334835003,0.01118629559769557,0.011375582277146228,0.01168310085298462,0.008876438809368569,-43.24678690855014,7.14177411950367,7.376834713282538,7.869025245282804,1.8532613087341738,7.597820542428964e-222,1.9014545996667976e-12,3.6835222145206096e-13,1.0241872376264868e-14,0.06417239415990332,16.78125328750014,26.19680508928037,26.19680508928037,26.19680508928037,50.71920913632039
131.0,5.0,11.0,-0.5940775689492761,-0.12819511539541067,-0.6295046818117337,0.03542711286245759,0.9631525828229951,-0.49746233759868747,0.0755357944087923,0.07896586312642005,0.09034752457876187,0.014311534612637362,0.012706398934331611,0.011343873357296598,0.011869994661692748,0.01253008802037891,0.00901436212330492,-39.150536683889754,6.658730402716125,6.652560963760277,7.210446122311418,1.5876369749599486,1.8541259755085269e-196,4.802623463440394e-11,4.998517457673196e-11,1.182710879491147e-12,0.11272007637898086,16.78125328750014,26.196805089280378,26.196805089280378,26.196805089280378,50.71920913632039
132.0,5.0,12.0,-0.47677127602556363,-0.38215491675857594,-0.42864469972712915,-0.048126576298434476,0.9732444168710964,-0.4219716317510318,0.07236227119992235,0.07650917170665623,0.08753658381473073,0.012382156607747188,0.012202641324264392,0.011566757096430227,0.012090228260201235,0.013571550315026768,0.009120788476528398,-34.58035195314318,6.256055227636366,6.328182566950376,6.450006210256464,1.3575752402998549,2.5565192006748055e-167,6.10055417698428e-10,3.9087828288515297e-10,1.8244679616856944e-10,0.1749391757045975,16.78125328750014,26.196805089280375,26.196805089280375,26.196805089280375,50.71920913632039
133.0,5.0,13.0,-0.5595435562608291,0.5548609364980557,-0.5672995677762573,0.007756011515428263,0.980603416849647,-0.34291486407227467,0.07063830970813056,0.07569283036871756,0.08362784830754455,0.010038594550472773,0.011612886277883962,0.011844343518324243,0.012102286226610129,0.014822383913709833,0.00928418333356212,-29.528823056274586,5.963885596432329,6.254424077517397,5.6419971844200925,1.081257681995946,1.676476345198386e-134,3.5373599197000047e-09,6.161962480312279e-10,2.251957552198301e-08,0.27987246425207446,16.781253287500142,26.196805089280375,26.196805089280375,26.196805089280375,50.71920913632039
134.0,5.0,14.0,-0.2825631645643372,-0.019558773131646945,-0.3013482938803217,0.018785129315984472,0.9853194749910368,-0.2592776856676218,0.07044907656834654,0.07488750725078883,0.07961486945665079,0.007382281212460874,0.011013932559283079,0.011994741926945659,0.012182440719517972,0.015402510968678727,0.009505248753915296,-23.540881903175443,5.873329913842147,6.147167794611844,5.168953920471084,0.7766531317152586,7.70596042628941e-96,6.008652258618755e-09,1.184585537544664e-09,2.9015527433266934e-07,0.4375677378286972,16.78125328750014,26.196805089280375,26.196805089280375,26.196805089280375,50.71920913632039
135.0,5.0,15.0,-0.17391678858852835,-0.19492151614465625,-0.184890630997149,0.010973842408620649,0.9869086899052546,-0.17051772427286127,0.07062392422961232,0.07420575081546366,0.07591391852116791,0.005160032299137941,0.0106866562638944,0.011943813210713194,0.012323390184499192,0.015066789050772965,0.00971401458623197,-15.956134459846629,5.913013120990963,6.021537069304382,5.038493488250792,0.5311946212692994,1.182499968055152e-50,4.767854238957575e-09,2.5152829763881316e-09,5.671811117994764e-07,0.5954151307814359,16.781253287500135,26.196805089280375,26.196805089280375,26.196805089280375,50.71920913632039
136.0,5.0,16.0,-0.15432356240333403,0.5427121171516376,-0.19390913562077514,0.039585573217441106,0.9852232894464478,-0.07878462011810107,0.07100418872550171,0.07290526246135082,0.07133060012959727,0.004539079455676113,0.010544995185127136,0.012232023741123806,0.012257380951919155,0.015051294305534988,0.009892156834479748,-7.471280805250667,5.804778524651414,5.947866248697765,4.739167189320459,0.4588563982179154,1.8806910746780175e-13,8.931254501987368e-09,3.8869398038818306e-09,2.4935720894169677e-06,0.6464482056530523,16.78125328750014,26.196805089280375,26.196805089280375,26.196805089280375,50.71920913632038
137.0,5.0,17.0,0.11014558844300057,-0.23285777529953292,0.0729073115858086,0.03723827685719197,0.9828849001775104,0.014616880554065995,0.07268140925249104,0.07063501350516196,0.06817025240551097,0.006116530866327439,0.010515633735903817,0.013284396915301394,0.012109063018405159,0.014999195215712415,0.009884230334899404,1.390014232252991,5.471186213110982,5.833235271614355,4.544927339441465,0.6188171116097012,0.16486862629146853,5.7973480074046925e-08,7.580034512275992e-09,6.246011926456661e-06,0.5361936124302837,16.78125328750014,26.196805089280375,26.196805089280375,26.196805089280375,50.71920913632039
138.0,5.0,18.0,0.2514951627112742,-0.18285531586799697,0.26658390758329453,-0.015088744872020332,0.9831067762151382,0.1086100834565345,0.07681514218054672,0.0684624737409435,0.06865484491801756,0.009875206182313297,0.010674614123220953,0.013779970349380237,0.012166624733198008,0.014245489146797794,0.009535313870877422,10.174614482810227,5.574405476424086,5.627072030432229,4.819409443265786,1.0356456343271476,4.3350598182618534e-23,3.283904416504671e-08,2.4484153653808802e-08,1.6897251756761094e-06,0.3006459853635338,16.78125328750014,26.196805089280375,26.196805089280375,26.196805089280375,50.71920913632039
139.0,5.0,19.0,0.25040215878459493,0.1741102325539993,0.2458326211666193,0.0045695376179756275,0.9819078552518172,0.20295836229177766,0.08355159599189724,0.06659225330450733,0.07228073373140963,0.015251047441526392,0.01087662385285729,0.012826754286411697,0.012649417270273302,0.013365259789949825,0.009050134197525896,18.66005159665979,6.513853319885409,5.264452257496645,5.4081054066574925,1.6851736238005937,6.206536349078801e-66,1.2176521727001135e-10,1.7595822429860358e-07,8.167433933678743e-08,0.0923021280385313,16.78125328750014,26.196805089280378,26.196805089280378,26.196805089280378,50.71920913632039
140.0,5.0,20.0,0.5104520336203601,-0.47947917087247616,0.5269707667575795,-0.01651873313721941,0.9756633270993917,0.2957340146533674,0.09254645758354908,0.06466963519025373,0.08058258208029646,0.02065013741906412,0.011200405661459472,0.01153113462906781,0.013327059437910313,0.012611762534842088,0.008609497532326782,26.403866394856244,8.02578935729854,4.852505947883276,6.389478223814768,2.398529919025746,3.434090384490541e-114,3.1410480057425173e-15,1.4367567936303833e-06,2.668283018933407e-10,0.016663910367827554,16.78125328750014,26.196805089280378,26.196805089280378,26.196805089280378,50.71920913632039
141.0,5.0,21.0,0.5935801893596865,-0.0918993687567774,0.6039484078153029,-0.010368218455616418,0.9648585230467103,0.38411453895991227,0.10282577312011441,0.06693447663946094,0.09112595378712908,0.02656666353448406,0.011749730467818756,0.010811742114190021,0.012992045520353858,0.012060404575634471,0.008314523498104538,32.69134896429842,9.510564720662297,5.1519582912943696,7.5557957625426635,3.195211793019824,4.3165427767111105e-155,1.678971032221136e-20,3.169001098253454e-07,1.0242249373697824e-13,0.0014459872714872005,16.78125328750014,26.196805089280378,26.196805089280378,26.196805089280378,50.71920913632039
142.0,5.0,22.0,0.5151983081079268,0.3539660844376725,0.47715043630408394,0.038047871803842837,0.9585586047110295,0.4655076515148811,0.11283813557193308,0.07353567826530766,0.10120754048095931,0.03246783162812342,0.012489576998214983,0.010549733327476774,0.011923453402070794,0.011634729939458736,0.008203217195143057,37.27169075313053,10.69582823274274,6.167313762683588,8.698744277485794,3.9579388008093828,1.436244097657671e-184,3.245121053289818e-25,1.0485228684046568e-09,1.5784199130625596e-17,8.156197668190885e-05,16.78125328750014,26.196805089280378,26.196805089280378,26.196805089280378,50.71920913632039
143.0,5.0,23.0,0.8841873213861651,-0.21405069234716567,0.9187458999022651,-0.0345585785161,0.9501071112907501,0.5411963368886272,0.12179943362648765,0.08377745946865423,0.11275632155003351,0.03810900955578272,0.01314021708432621,0.01037623278621273,0.011315669708061452,0.01087535389383188,0.00810853938858078,41.18625540320578,11.738309667486153,7.40366780138253,10.368059986901661,4.699861187016181,3.5819740251526246e-209,1.0530489510618948e-29,3.0453703547936093e-13,7.203445249589186e-24,3.010917166185385e-06,16.78125328750014,26.196805089280375,26.196805089280375,26.196805089280375,50.71920913632039
144.0,5.0,24.0,0.9570087554664338,-0.16514240166602867,0.9935595415917352,-0.03655078612530138,0.9403465118299305,0.6119637778982654,0.12716394898730252,0.09928422095528885,0.12609803556878252,0.04521612639470092,0.01371572140876818,0.010203436232897782,0.010859096638302649,0.010143923942605463,0.007936242177742954,44.61768795530139,12.46285526608205,9.142953991687438,12.43089324035234,5.697422707375125,3.6706126933629094e-230,5.326209889023065e-33,3.9618671696560876e-19,7.494322402463691e-33,1.647886375976178e-08,16.78125328750014,26.196805089280378,26.196805089280378,26.196805089280378,52.5344028696749
145.0,5.0,25.0,1.192385297015005,-0.0019570128384320817,1.1752838575600686,0.017101439454936473,0.927235760480193,0.6741771722567613,0.12977379577656573,0.11741939792711989,0.13869629059582372,0.05342763773014939,0.014494127261595244,0.010120134817031822,0.010388073213368501,0.00981016123503406,0.007817318579399053,46.51381625736881,12.823326776058469,11.303289408473926,14.13802355261108,6.834522245383093,1.6662341880494358e-241,1.0854513425062262e-34,8.570516193749653e-28,3.9816347847095773e-41,1.516728786203462e-11,16.78125328750014,26.196805089280375,26.196805089280375,26.196805089280375,57.160829939239086
146.0,5.0,26.0,1.2183820053540193,0.2673071533004042,1.1555432884868975,0.06283871686712184,0.9162864455458967,0.7246237569001546,0.13272287415861353,0.13452744212560233,0.15101270858632063,0.05980017812151259,0.015537787175740479,0.010063558021877967,0.009979357491066985,0.009756960668914096,0.007802236783691124,46.63622616942052,13.188464146584812,13.480571494309576,15.477433363798486,7.664491578429384,3.132728960684574e-242,1.94850335890712e-36,7.406110803313397e-38,4.4276521701660577e-48,4.6479746949435426e-14,16.78125328750014,26.196805089280335,26.196805089280335,26.196805089280335,60.21823387247357
147.0,5.0,27.0,1.4126738876465372,0.16472961740674585,1.3569700851413742,0.05570380250516305,0.9070801344890146,0.7653938115484831,0.13716439482150836,0.14932192360906243,0.16163399215209112,0.06443994560344941,0.01648605402310416,0.010036887162893695,0.00970338525019159,0.009819487426220876,0.007813465372231237,46.426744112073884,13.66602937697698,15.388642186098313,16.46053252438427,8.247293938546981,5.4764626477283234e-241,9.066312765638678e-39,1.3140221788348273e-47,2.0649924550874814e-53,5.719638097607945e-16,16.7812532875001,25.782404695040213,25.782404695040213,25.782404695040213,61.02102575837884
148.0,5.0,28.0,1.7434603655224559,-0.4000937955186987,1.8750151714846675,-0.13155480596221159,0.876910126207381,0.798281018507646,0.14344552809029487,0.16088352316913387,0.16987662090673272,0.06788127084411907,0.016889034935478536,0.0099403833822942,0.009454267551133773,0.009835270790973075,0.007822820167716661,47.26623051922933,14.430583064411769,17.017026681230366,17.272185435163355,8.677340062635286,5.928568305105911e-246,1.2993403205587478e-42,1.659301806881986e-56,6.072537404141699e-58,1.8779717279861907e-17,17.128030665744177,27.227115112485304,27.227115112485304,27.227115112485304,59.667914419214995
149.0,5.0,29.0,1.7143359877308573,-0.20141805200438423,1.7687433188263888,-0.05440733109553153,0.8501266957458514,0.8211461966309507,0.148861084168399,0.1688276048909904,0.17503982200905002,0.07030820509534556,0.016872654078327238,0.009852788749479511,0.009237663191726121,0.009819271466769367,0.0077847632839538276,48.66728096356252,15.108522871381243,18.276007837372106,17.826151624529817,9.031514836201483,3.7106115744934686e-254,3.9692673359854825e-46,1.0773564214713938e-63,4.252331057197919e-61,1.0126385970571897e-18,17.037502885000233,28.338937997954893,28.338937997954893,28.338937997954893,58.8742780308217
150.0,5.0,30.0,1.9231015555374835,0.16688544514202586,1.8152392139305338,0.10786234160694974,0.7917562879316752,0.8372394364411513,0.15271590501268045,0.1741413675791768,0.17810995223752196,0.07235735703805199,0.016728452474726263,0.009763945588008952,0.009053094584755138,0.009779852517635822,0.007779289870212461,50.04882775056881,15.64079844937174,19.23556259673022,18.211926193809127,9.301280482568755,3.833754776500417e-262,5.928172660080825e-49,2.5080077709460124e-69,2.5351822852469313e-63,1.0278869226671422e-19,16.325446702958825,28.47897188504796,28.47897188504796,28.47897188504796,54.837732940190584
151.0,6.0,1.0,-1.395398216075905,-0.15285114901486985,-1.3513606276581405,-0.04403758841776462,0.7193646989728116,-0.9022403021498763,0.12143249118385022,0.12310795451394695,0.13033396246084342,0.03625201169665049,0.017744040788625494,0.010615256240551726,0.009986452034233506,0.010604517937390732,0.007901193959492351,-50.84751060357355,11.439430988011532,12.327496701724847,12.29041840754455,4.588168811258959,1.0330689743183511e-266,2.1915340968164427e-28,2.2527374475591328e-32,3.337615900763147e-32,5.106143349516826e-06,15.764802798080234,24.849498886853368,24.849498886853368,24.849498886853368,54.041308955480275
152.0,6.0,2.0,-1.3027837562815063,-0.5226071433622487,-1.2208029569889451,-0.08198079929256119,0.7708430492813572,-0.8955412009814386,0.11973149568472521,0.11995194120258287,0.12641548458348406,0.03542609230171473,0.017833726692978863,0.010596929689433324,0.009922535068663982,0.010724282714855555,0.007980833935427745,-50.216155961054014,11.298696810654022,12.088840238156374,11.78777993313903,4.438896058775844,4.201692732914707e-263,8.972126024364452e-28,2.7878681355052167e-31,6.336885780717292e-30,1.0165023852128748e-05,17.037502885000233,26.6972363550175,26.6972363550175,26.6972363550175,56.166929073162954
153.0,6.0,3.0,-1.4590227595735186,0.44752365319973486,-1.5407770111991288,0.08175425162561023,0.7881886638141262,-0.8799818631991837,0.11725413261596153,0.11597626801777916,0.12081406693498892,0.03409560386010732,0.017735246752203847,0.010553158604922409,0.009857248551495758,0.010871401296198981,0.008029886497971638,-49.61768367219553,11.11080928521908,11.765582191815657,11.113016955526213,4.246087895354427,1.1606603221023834e-259,5.7732941421964375e-27,7.960334091475973e-30,5.649133785596873e-27,2.401589642061986e-05,17.128030665744177,27.267543296076422,27.267543296076422,27.267543296076422,58.11943896084757
154.0,6.0,4.0,-1.2210340672283608,0.0930914086157455,-1.239086331769132,0.018052264540771246,0.8195613691537087,-0.8493338088910856,0.11338764689644283,0.11099408207902414,0.11297416114472977,0.03222471818151134,0.017168157682824786,0.01052819990600574,0.009898741653213463,0.011072598130993594,0.008069097167798203,-49.47145899881666,10.76989873945703,11.212948672419564,10.203039955771617,3.993596496781861,8.099575728296472e-259,1.594337964982518e-25,2.1044341141958083e-27,3.3355760538346366e-23,7.039446676288633e-05,16.781253287500096,25.78240469504025,25.78240469504025,25.78240469504025,58.51196160871028
155.0,6.0,5.0,-1.1420046908966937,-0.16017653829767597,-1.1274542961881038,-0.014550394708589875,0.8471058594300604,-0.8070260961068183,0.10724047699008457,0.1052402036091622,0.10382592215980821,0.02959881835792053,0.016122053088180054,0.010469700520202211,0.009882836331673486,0.011028781950283199,0.008112872887046806,-50.057278170017476,10.242936441510873,10.648785437423266,9.414087850122211,3.648376939959045,3.4284343709908227e-262,2.3067405888638407e-23,5.086504378991549e-25,3.886260432408022e-20,0.00027909312341957665,16.78125328750014,26.196805089280375,26.196805089280375,26.196805089280375,57.16082993923909
156.0,6.0,6.0,-1.0160872545358317,0.017362916446322707,-1.052885440717771,0.03679818618193931,0.8857792634267991,-0.7639458889849069,0.10040326684271489,0.10007622455375718,0.09555548566004371,0.026033665986391355,0.015075524911022027,0.010618429089698896,0.009933501727659748,0.01088360487648845,0.008277069625136938,-50.67457972401149,9.45556691998044,10.074616917324917,8.779764310120223,3.145275703291024,1.0013336971409385e-265,2.711363272012146e-20,1.085066300269103e-22,8.150515926192405e-18,0.0017138442947989597,16.78125328750014,26.196805089280414,26.196805089280414,26.196805089280414,51.73840948064027
157.0,6.0,7.0,-0.9726551709536365,-0.10597888113162013,-0.9641093155683385,-0.008545855385298062,0.9186448457879921,-0.7220940079194335,0.09506569671676787,0.09599087396317207,0.09120684852952701,0.02275373969751323,0.014263083310680347,0.010736463620378889,0.010046616568633232,0.010881995781372493,0.008372509407083562,-50.626781894958285,8.85447015685161,9.554547374970728,8.381444944653667,2.7176726344747286,1.8772345162363923e-265,4.411545240229332e-18,1.1426024521840827e-20,2.0009547139987262e-16,0.006700742977775102,16.78125328750014,26.196805089280414,26.196805089280414,26.196805089280414,51.05623637017923
158.0,6.0,8.0,-0.8607660203001797,-0.20329390233510192,-0.8263920943228887,-0.03437392597729094,0.939255559350308,-0.6764713788304628,0.09138523578269198,0.09262221779150516,0.09044971153296982,0.02002811257130874,0.013568562037600882,0.010826978902859788,0.010204998714376964,0.011219832330204762,0.008429578334141923,-49.855789947073326,8.440511116037541,9.07616163253578,8.061592087207163,2.3759329087897343,4.934497600179486e-261,1.2545017372348628e-16,6.960781658451135e-19,2.3914045701443818e-15,0.01771333733388455,16.78125328750014,26.196805089280414,26.196805089280414,26.196805089280414,51.05623637017926
159.0,6.0,9.0,-0.7394960175403592,-0.4832513850282492,-0.6878769420584814,-0.05161907548187783,0.9553246164382538,-0.6231156069167163,0.0867697655187546,0.08878099143370606,0.09101526988644193,0.017876691016046067,0.012939780638048695,0.010875144517612897,0.01049880525310387,0.011767832827682866,0.008534441954113427,-48.1550363446255,7.978722984161376,8.456294720531066,7.7342422533685165,2.09465259851347,3.6021709876784e-251,4.488279627395631e-15,1.1068504549838017e-16,2.785426367535679e-14,0.036481285169116306,16.78125328750014,26.196805089280414,26.196805089280414,26.196805089280414,51.05623637017927
160.0,6.0,10.0,-0.7685808135850961,0.1021317394919693,-0.766449791423084,-0.0021310221620121084,0.9631627396992023,-0.5616279592196898,0.08143249924522453,0.08432728577802182,0.09170429016906106,0.01596538108907701,0.012536692898641314,0.011151808666557064,0.010830105377939367,0.012463824119623651,0.008707646593266461,-44.79873310772071,7.302178658196569,7.7863772175102035,7.35763673242768,1.8334897860258688,2.9760723046348305e-231,6.234395228618756e-13,1.894828402456521e-14,4.219100858708893e-13,0.06706024336407022,16.78125328750014,26.196805089280414,26.196805089280414,26.196805089280414,51.05623637017926
161.0,6.0,11.0,-0.6420993391175676,0.06016791186425352,-0.6828132625549879,0.04071392343742031,0.9681455835361676,-0.4929825707426444,0.07648879196719705,0.08019916820280179,0.09052084145356118,0.014302206628743737,0.01236073137675148,0.011526575937995423,0.011028042139756895,0.012974886630444353,0.008883111720574112,-39.88296126796058,6.635864143753617,7.272294319014065,6.976619066648531,1.6100446643734647,4.70672686894094e-201,5.5687954210358045e-11,7.686305124973363e-13,5.862382416103943e-12,0.10773915288419743,16.78125328750014,26.196805089280414,26.196805089280414,26.196805089280414,51.056236370179256
162.0,6.0,12.0,-0.36330319629337726,-0.4821139957785304,-0.35318886764611274,-0.010114328647264526,0.9759821386994973,-0.4175442998893114,0.07346825760371106,0.07792242800549101,0.08898069180774298,0.012514138304475862,0.01204453488181988,0.011900916893759385,0.01126401929006644,0.013521342637590507,0.009111124343446115,-34.66670186821047,6.173327505734993,6.917817343779726,6.580758597180204,1.3735009898616553,7.091701528986632e-168,1.010953264320869e-09,8.705584150988727e-12,7.941262758751413e-11,0.16993906832567413,16.781253287500142,26.196805089280417,26.196805089280417,26.196805089280417,51.056236370179256
163.0,6.0,13.0,-0.3786595886579276,-0.41982922917411547,-0.36833902036384175,-0.010320568294085841,0.9832025423180849,-0.33758693467938045,0.07219641143162002,0.07685940575360359,0.08698106660637674,0.009966229946836505,0.011527426035437948,0.012216952612388482,0.011662650036111749,0.014545670485354231,0.009447288471912854,-29.28554333305292,5.909527009084897,6.590217962094317,5.979859552982201,1.0549302031441596,6.454501357925059e-133,4.865992398440989e-09,7.473279286494424e-11,3.2193695560376505e-09,0.2917406707392184,16.78125328750014,26.19680508928041,26.19680508928041,26.19680508928041,51.05623637017927
164.0,6.0,14.0,-0.2636338783839703,-0.24098490314328241,-0.25889137041636606,-0.004742507967604226,0.986626338248457,-0.2540180904548143,0.07229248316789263,0.07594649554880542,0.08419572156187473,0.0071485374651831905,0.01098416321455431,0.012286864530593987,0.012169112649166411,0.014975868144525619,0.009737463072458324,-23.1258481409156,5.883721024829903,6.240923043308978,5.622092872969919,0.7341272990705645,3.243292594806512e-93,5.656271026675152e-09,6.693975160472254e-10,2.5175877386567497e-08,0.4630625779147097,16.781253287500142,26.196805089280414,26.196805089280414,26.196805089280414,51.05623637017926
165.0,6.0,15.0,-0.2595514897642706,0.08921041778624922,-0.26493235423544387,0.005380864471173252,0.9871168119787257,-0.16487739066027707,0.07257745493300133,0.07556081843967019,0.08031537427188722,0.004870117169790544,0.010654740705335595,0.012334119292602126,0.012642687358832339,0.014769788282885308,0.009849943617834615,-15.474556840009358,5.884283523715594,5.976642172273798,5.437814864614799,0.49443096922631696,4.586727326295331e-48,5.637781488365405e-09,3.281089370637892e-09,6.952915169374445e-08,0.6211226419981376,16.78125328750014,26.196805089280414,26.196805089280414,26.196805089280414,51.05623637017926
166.0,6.0,16.0,-0.126006606445571,-0.270535514495846,-0.09833423488002474,-0.02767237156554625,0.9842270227762081,-0.0714941464730788,0.07298615427310595,0.07420223218378161,0.0748244529934911,0.004157073536949697,0.010517169010869758,0.01315561446530194,0.012707760986166692,0.014628185525014449,0.009913897011070079,-6.7978508664439845,5.547909180951421,5.839127149507774,5.115087778011838,0.41931780533001467,1.933124765998571e-11,3.803119805248e-08,7.326267842489867e-09,3.833648097676493e-07,0.6750840599957786,16.78125328750014,26.196805089280417,26.196805089280417,26.196805089280417,51.05623637017926
167.0,6.0,17.0,0.049461143734420794,-0.2170119440664055,0.07825232308233307,-0.028791179347912275,0.980766581481864,0.022747125730805003,0.07521553540069478,0.07158757211897387,0.07054298015877974,0.005953586971545893,0.010511505541114873,0.014366646043408676,0.012362324480279368,0.014472864738472268,0.009772757670000382,2.164021665767242,5.235427612918965,5.790785724252088,4.874154594374116,0.6092023533768499,0.03072541856137235,2.0502114055219515e-07,9.679021003771626e-09,1.2914684086380373e-06,0.5425442378454954,16.78125328750014,26.196805089280414,26.196805089280414,26.196805089280414,51.05623637017926
168.0,6.0,18.0,0.061997226153987395,0.27698036096290113,0.046565287004445635,0.01543193914954176,0.9814014977846554,0.11724334181871435,0.08078475519497857,0.06909981170258196,0.07017292949902387,0.010135220512200872,0.010696806188094021,0.01421447061248297,0.012269699178622804,0.013729059341727287,0.00939171877394532,10.960593260931562,5.683275684149251,5.631744568193886,5.111270026034809,1.0791656730947043,2.5152804711709166e-26,1.7850780676703213e-08,2.3851853333886677e-08,3.909709912528763e-07,0.2808033269482536,16.78125328750014,26.196805089280414,26.196805089280414,26.196805089280414,51.05623637017926
169.0,6.0,19.0,0.24986712922141205,-0.0012266414457060837,0.2519690999925948,-0.002101970771182765,0.9813536784714005,0.21104026292097733,0.08876036901213441,0.06666380250269482,0.07325910734438723,0.015562119184281176,0.010938950697115455,0.012882840055027676,0.012935832311863842,0.013034038212272553,0.008928645179670304,19.292550882108607,6.889813785858085,5.153421975140745,5.620599399149231,1.7429429517161996,1.1506789739808359e-69,1.0498787788055215e-11,3.1450605030478124e-07,2.5387034567400434e-08,0.0816854804069181,16.78125328750014,26.196805089280417,26.196805089280417,26.196805089280417,51.05623637017926
170.0,6.0,20.0,0.35268336717740495,-0.07340288822472435,0.3806619602862914,-0.02797859310888645,0.975482386452213,0.3032440674685506,0.09724122406000772,0.06497905800920636,0.08031988981972278,0.02131645096884051,0.011218987882652999,0.01180233243975983,0.013623525652416842,0.012448911462648279,0.00848349051923189,27.029538728482986,8.239153112855929,4.769621290923245,6.451960885151656,2.512698154199215,3.0450744451032545e-118,6.093285793401084e-16,2.1526474276300978e-06,1.8021135424549018e-10,0.01215520546058334,16.78125328750014,26.196805089280417,26.196805089280417,26.196805089280417,51.05623637017926
171.0,6.0,21.0,0.6332644194516011,-0.3475304881417033,0.642846497794457,-0.00958207834285596,0.963935640850117,0.39231706088485185,0.10640845340173646,0.06742990623287862,0.08942853950297532,0.027584845973710137,0.01162718954496792,0.0111189453991256,0.013298066283718647,0.011827547814111142,0.00819457354278401,33.74134904807164,9.570013124635407,5.0706549955639595,7.561038087394619,3.3662332554206973,6.738963561381722e-162,9.976419457825852e-21,4.814690629372017e-07,9.861471086346019e-14,0.0007943228792778935,16.78125328750014,26.196805089280417,26.196805089280417,26.196805089280417,51.05623637017926
172.0,6.0,22.0,0.5879814760060998,0.04965783182001382,0.6319793500621184,-0.043997874056018516,0.9532756151391498,0.47529076342959725,0.11467286667795508,0.07459184107429316,0.09967017795134223,0.03361829588416833,0.012284574149919725,0.010743937492808745,0.012004406790332708,0.011228318240448591,0.008093306407316737,38.69004799264475,10.673262642742404,6.21370488164087,8.876679108746051,4.153839505418425,1.4756362461288584e-193,4.0266211617225436e-25,7.906493440966783e-10,3.6726608649929005e-18,3.5811266103478594e-05,16.78125328750014,26.196805089280414,26.196805089280414,26.196805089280414,51.05623637017926
173.0,6.0,23.0,0.7456855144962818,0.6381293674318944,0.6184366553384149,0.127248859157867,0.9434311491781869,0.5529225632240315,0.1211631704837754,0.08481734891219263,0.1113914115036832,0.039046521367186685,0.013039924675207225,0.010260976777807018,0.01103113052405998,0.010580923899394953,0.007997353923021599,42.402281991344765,11.808151709867767,7.6889081066711755,10.527569479074778,4.8824300816280415,1.1222943353102056e-216,5.138669172957528e-30,3.8870054659642774e-14,1.6082318325756578e-24,1.2397593223033805e-06,16.78125328750014,26.196805089280417,26.196805089280417,26.196805089280417,51.05623637017926
174.0,6.0,24.0,0.8542405086617132,0.08661832039931572,0.8840737787054475,-0.02983327004373426,0.9338625137752185,0.6241392095809866,0.1256788272570851,0.10258643275720644,0.12511326735227407,0.044600373901861334,0.013704751612393009,0.009913000812835021,0.010273240758662048,0.009966597666370482,0.007895559069615947,45.5418111348028,12.678181877515874,9.985790771106872,12.553257544892583,5.648792379186237,1.0305708520582254e-235,5.252816442001001e-34,2.436864756554882e-22,2.0206755536710703e-33,2.1676745458201852e-08,16.781253287500142,26.196805089280417,26.196805089280417,26.196805089280417,51.05623637017922
175.0,6.0,25.0,0.9823611296735801,0.27734871808303796,0.9474598836047333,0.034901246068846814,0.9234916491696772,0.6869276712489311,0.12900317584072202,0.12388422433406601,0.1383324147835549,0.051148705492524975,0.01445233587175271,0.009838726607345336,0.009757019137831986,0.009698412173218112,0.007859848777084151,47.53056373340594,13.11177563816151,12.69693362122411,14.263408516040998,6.5075940954044835,1.648818455259071e-247,4.561545883886341e-36,4.28768041800796e-34,9.23340550023521e-42,1.267085020837569e-10,16.78125328750014,26.196805089280417,26.196805089280417,26.196805089280417,51.73840948064027
176.0,6.0,26.0,1.0810596073791066,0.7121121243954796,0.9191736971359716,0.16188591024313492,0.9145440435852148,0.7376231790463177,0.13235480151112683,0.14264829959600522,0.14951341291703935,0.058394236849388444,0.015369618111385337,0.009868253811552707,0.009465264862010506,0.009664719294189082,0.007793413298617113,47.99229061520464,13.41218051730488,15.070713992223718,15.470021256275325,7.492767881276115,3.2251865512206025e-250,1.5992402560905298e-37,6.2700403521172675e-46,4.8492036407540453e-48,1.6123414104335647e-13,16.78125328750014,26.196805089280375,26.196805089280375,26.196805089280375,57.16082993923908
177.0,6.0,27.0,1.3987340371030765,-0.11675104994359864,1.478179530774763,-0.0794454936716864,0.9066937587590984,0.7773284424605744,0.13585532674273662,0.15704369387614103,0.15852905792572414,0.0635353379500819,0.01623060343210826,0.009892857432563455,0.009287078332956169,0.009739367508929005,0.007797396633827643,47.8927629346683,13.732668005055192,16.909913779757307,16.27714097248979,8.148275755839448,1.234375691013486e-249,4.2433313259466215e-39,6.603256787337009e-56,2.103753554918186e-52,1.2305892365121104e-15,16.7812532875001,25.78240469504025,25.78240469504025,25.78240469504025,58.511961608710266
178.0,6.0,28.0,1.5121642676687272,0.5181888403532247,1.3382322013341272,0.1739320663346,0.8815391550555606,0.80679886445328,0.1408181883899982,0.1670634193133634,0.1661530589078838,0.06733676484950452,0.016590213905196192,0.009836284236350926,0.009107480225619633,0.009747591875211747,0.007790013837165834,48.63101036934695,14.31619756061859,18.34353906620721,17.045549406968217,8.643985268452745,6.032406401052818e-254,4.978530991232106e-42,4.365811609865707e-64,1.1478217017052622e-56,2.4602905714144662e-17,17.128030665744173,27.267543296076422,27.267543296076422,27.267543296076422,58.11943896084756
179.0,6.0,29.0,1.8271865237170009,-0.2455125433386509,1.8791750070235749,-0.05198848330657402,0.8483571252018483,0.8276808738974002,0.14579226520105296,0.17429240213169706,0.17158257581184838,0.07019611026574382,0.016548851558333254,0.009804064996364936,0.00902522028704227,0.009771394684211435,0.0077703292938863635,50.01439954790201,14.870593499238174,19.31170615103245,17.55968122842183,9.03386556873125,6.044721237668984e-262,6.971684394328575e-45,8.853713425156312e-70,1.4195020885232005e-59,9.928855199355615e-19,17.037502885000233,26.697236355017495,26.697236355017495,26.697236355017495,56.166929073162954
180.0,6.0,30.0,1.9766938554526459,-0.1170619927240264,1.9746718657991635,0.0020219896534823256,0.7801698940709298,0.8434889486225015,0.1501199470141674,0.17932246483786674,0.17550198496785796,0.07227902657303581,0.016461073407017735,0.009757272042984337,0.008959487155338376,0.009781053243949577,0.007725599840143529,51.24143048064549,15.385442401609215,20.014813541087577,17.94305588474544,9.355781825180966,5.9314355451416384e-269,1.3664652779689265e-47,5.470460772645008e-74,9.053598600010578e-62,6.43237375169923e-20,15.764802798080233,24.849498886853368,24.849498886853368,24.849498886853368,54.041308955480275
181.0,7.0,1.0,-1.3343335240345053,-0.14966598714702095,-1.2701557412557158,-0.0641777827787895,0.6949384264751628,-0.9028340374761051,0.12026580716950085,0.12506213699403118,0.1298355456177012,0.03533267648837912,0.017354280434327067,0.010419057629810966,0.00988398346394144,0.010326103936018636,0.007799385189701812,-52.02370913001289,11.542868025357379,12.653009533077476,12.573526900578631,4.530187396697863,2.2277791932760027e-273,7.714386298728065e-29,6.8962196732830256e-34,1.6249217403163207e-33,6.687545833329252e-06,15.764802798080233,24.3106295057503,24.3106295057503,24.3106295057503,51.07729291525965
182.0,7.0,2.0,-1.366809281695224,-0.33601776479302825,-1.2695960392832726,-0.0972132424119514,0.7498126115172632,-0.8961218565276459,0.11836345529839055,0.12150339873324402,0.12625156032770993,0.03405634443881312,0.017435037802716102,0.010353738051479537,0.009813318139553676,0.010352873152137008,0.007809191025843749,-51.3977581619034,11.431953822849184,12.381479638728004,12.194833112743149,4.361059209091826,7.694243572990251e-270,2.362713503204785e-28,1.2691316413503612e-32,9.159954898297282e-32,1.4440743792129257e-05,17.037502885000233,26.697236355017495,26.697236355017495,26.697236355017495,55.66926680567003
183.0,7.0,3.0,-1.180192321001741,-0.45019546039146285,-1.1449718106172402,-0.035220510384500914,0.7538549682419965,-0.8809390908065393,0.11584308589471468,0.11700844907028363,0.12135172331527883,0.0326735722300777,0.01731401969200412,0.010288679232973278,0.009780250154094698,0.010428273577471897,0.007916324991699591,-50.88010216445407,11.259276654622434,11.963748086882593,11.636798978637637,4.1273662039313095,6.735956425419134e-267,1.32849703711015e-27,1.0277971620444713e-30,2.9713754643749986e-29,4.0105408617689675e-05,17.128030665744173,27.267543296076422,27.267543296076422,27.267543296076422,55.68404873641896
184.0,7.0,4.0,-1.2156368006029936,0.10496348600609529,-1.2942786742317969,0.07864187362880326,0.7980883812734262,-0.8506225960756132,0.11223702495858928,0.11128098071301198,0.11465436958138611,0.03061180465549391,0.01671882660708069,0.010263738040007544,0.009830443078399063,0.01058338786804299,0.007964133298544132,-50.87812775780335,10.935297113107808,11.320037136223839,10.833427916554971,3.8437082238552986,6.912723872198556e-267,3.217960753787675e-26,7.251536615072966e-28,8.641220748136513e-26,0.00012971845106184144,16.7812532875001,25.782404695040256,25.782404695040256,25.782404695040256,56.58452964987921
185.0,7.0,5.0,-1.1561088337788528,-0.04702337014628388,-1.1727196169484733,0.016610783169620502,0.8470323747491005,-0.8102242960461381,0.10657712201594693,0.10462126924736698,0.10601952914283413,0.027838708619020686,0.015720989318489323,0.010208632529122968,0.009834918426453565,0.010407919743460553,0.008111634761183635,-51.53774229038119,10.439901888123213,10.63773635030474,10.186428388770747,3.431947990587105,1.2388882392465854e-270,3.674438913551559e-24,5.651572025721957e-25,3.8879304859153485e-23,0.0006265889351436955,16.781253287500135,26.196805089280378,26.196805089280378,26.196805089280378,52.53440286967489
186.0,7.0,6.0,-1.069099472750362,-0.22518479086709298,-1.0345151963791221,-0.03458427637123984,0.8941796494780144,-0.7667671997876919,0.10091673208751009,0.09886663312121785,0.09779853538426672,0.024679406528785565,0.014762446637352036,0.010372234683821159,0.00992240476658795,0.010213491639933445,0.008208279013292163,-51.94038756743836,9.72950720493456,9.963979040054364,9.575426194298428,3.0066481035574824,6.571006617542278e-273,2.437483585992638e-21,2.9699002384609408e-22,9.51337111677549e-21,0.0027149258225587967,16.78125328750014,26.196805089280414,26.196805089280414,26.196805089280414,51.05623637017922
187.0,7.0,7.0,-0.9124690829458433,-0.13280823281465626,-0.9072838721416541,-0.005185210804189211,0.9280187731451733,-0.7217092738164097,0.09641572360392156,0.09490664077959006,0.09248328666336371,0.021313135348675058,0.013961887676724835,0.01056064968195165,0.010013473661926803,0.010472992806170913,0.0084331047330491,-51.6913823207112,9.129715169768188,9.477893884161675,8.830645487397886,2.527317758209439,1.673987603900397e-271,4.431270820006616e-19,2.2325704947375226e-20,5.367986875034903e-18,0.01166416871710595,16.781253287500135,26.196805089280417,26.196805089280417,26.196805089280417,47.12939217540803
188.0,7.0,8.0,-0.973278773396214,0.21662762087433785,-0.9939306094812597,0.020651836085045616,0.9465747684448854,-0.6734816703729507,0.09245105167535533,0.09178809637711512,0.0903496802825628,0.019117856735540062,0.013240490734865898,0.01059922019203627,0.01009178834337631,0.011363725740367151,0.008479734829692834,-50.865310346805046,8.722439009694174,9.095325154868089,7.950709331325668,2.254534737170853,8.178741528643026e-267,1.3016746771103457e-17,5.923554980657802e-19,5.5459409850161205e-15,0.024402516982373466,16.78125328750014,26.196805089280414,26.196805089280414,26.196805089280414,47.12939217540802
189.0,7.0,9.0,-0.8175039925981338,-0.16076086225200203,-0.7937536630477805,-0.023750329550353277,0.9572954729202795,-0.6176401933921891,0.08759394856591336,0.08846637844481987,0.09049136713113834,0.01740174054983908,0.012557798838447307,0.010797502090512914,0.010164100482440283,0.012393655687493727,0.008583582863519066,-49.18379417746402,8.112427099493377,8.703807936339894,7.301426585737086,2.027328311094649,3.730302646670803e-257,1.6208898775992535e-15,1.5147707734124007e-17,6.267385681989498e-13,0.04292345505496925,16.781253287500135,26.196805089280414,26.196805089280414,26.196805089280414,47.12939217540803
190.0,7.0,10.0,-0.7684242099192061,0.16343317319210826,-0.7833410876154432,0.014916877696237063,0.9663674267348447,-0.554577473122557,0.08191000609360531,0.08446193285788312,0.09021298401251784,0.016037325504190687,0.012105304265982995,0.011277649547307363,0.010451519233019088,0.013039166321349546,0.008788869725304984,-45.81276611782243,7.263038787471635,8.081306743525452,6.918615944395811,1.8247312800661832,2.4757992173639266e-237,8.19998446959971e-13,2.0571046795424325e-15,8.659126336273964e-12,0.06837334029286272,16.78125328750014,26.196805089280414,26.196805089280414,26.196805089280414,47.12939217540803
191.0,7.0,11.0,-0.6369019688178043,-0.29159804820956814,-0.5987608444936421,-0.03814112432416217,0.9725324418143871,-0.4852949461870071,0.07732542109197918,0.08094913623678954,0.08930728313149268,0.014552253680327143,0.01189475695023737,0.011960764710875855,0.010926709477707375,0.013108609757740135,0.009059611520331502,-40.79906367295067,6.46492285076619,7.408372703780732,6.812872210095364,1.6062778903564574,9.078450127189454e-207,1.6605123678889358e-10,2.945280600456542e-13,1.7505104589443402e-11,0.10856403001630169,16.781253287500135,26.196805089280417,26.196805089280417,26.196805089280417,47.12939217540803
192.0,7.0,12.0,-0.4005317156490631,-0.5363916652960017,-0.3771646015346749,-0.023367114114388188,0.9796739167327875,-0.4107204675662655,0.07467637051060388,0.0790187225385629,0.08876405927794045,0.01241265206527067,0.01166392974603623,0.0125297148395406,0.011397301981749153,0.013124521523891078,0.009521010945070251,-35.21287220594254,5.959941743841146,6.9331077359446995,6.763222500443904,1.303711563497114,2.1533648383168717e-171,3.6204663193501385e-09,7.857138472805376e-12,2.4282495604574065e-11,0.1926656847244546,16.78125328750014,26.196805089280417,26.196805089280417,26.196805089280417,47.12939217540802
193.0,7.0,13.0,-0.4697812417146179,0.005850383293336203,-0.452264477789077,-0.017516763925540857,0.9852958581316922,-0.33212237942910994,0.073651164513097,0.07799839354958478,0.08869913518969483,0.009359715116663447,0.011335932607106684,0.012754751778657605,0.01180665697169676,0.013580650835743615,0.01006302136709191,-29.29819635844491,5.77440986631639,6.606306402952559,6.53128751062821,0.9301098323483228,5.338365184996928e-133,1.0631720460840819e-08,6.738630695368921e-11,1.0897058255323123e-10,0.35256390294467255,16.78125328750014,26.196805089280417,26.196805089280417,26.196805089280417,47.12939217540802
194.0,7.0,14.0,-0.49441026538126837,0.2957666054408194,-0.4705408075205047,-0.023869457860763665,0.9869422484234686,-0.24877821773310038,0.07406080930083768,0.07787400442849579,0.08830366822256919,0.00654132241370791,0.01095520879793204,0.012787983896264574,0.012216335316934479,0.01406144512592031,0.010330780361734593,-22.708669667716514,5.791437485503181,6.374579807132963,6.279843034041623,0.6331876377835979,1.3704018742811919e-90,9.642876490642745e-09,2.9286073829430746e-10,5.270144170149531e-10,0.5267721535121641,16.78125328750014,26.196805089280414,26.196805089280414,26.196805089280414,47.12939217540803
195.0,7.0,15.0,-0.23641230815161357,0.07696345514588127,-0.22940817275079503,-0.00700413540081854,0.9853671030732108,-0.15943169476916258,0.07501291696675141,0.0777982327248689,0.08561600647010519,0.004431121387033391,0.010644884272759426,0.013077345793295366,0.012781291680382374,0.014339038813050337,0.010305917751378907,-14.977306533726534,5.736096464254225,6.086883444204555,5.970833023492746,0.4299589317448723,1.934456436709185e-45,1.3231216931101352e-08,1.7030368605242878e-09,3.395463220203056e-09,0.6673285548888213,16.78125328750014,26.196805089280417,26.196805089280417,26.196805089280417,47.12939217540803
196.0,7.0,16.0,0.022162381971076384,-0.2343248421891418,0.023202329896377463,-0.0010399479253010782,0.9807877065188962,-0.06550662405031359,0.0759939711744425,0.07643142476608464,0.0800912620404282,0.0037926991133183144,0.010461538210800347,0.014380096002221536,0.013153861988464268,0.014807514763348005,0.0101662765917146,-6.2616627431217955,5.284663688107675,5.810569157036451,5.408825405237645,0.37306668563486867,5.893974905237207e-10,1.581207502829016e-07,8.63854061319507e-09,8.135704230566613e-08,0.7091867572046907,16.781253287500135,26.196805089280417,26.196805089280417,26.196805089280417,47.129392175408015
197.0,7.0,17.0,0.0557318727451675,-0.03219987630990544,0.07014751182248827,-0.014415639077320769,0.9760633365482567,0.03030334522202338,0.07892251078946413,0.07363402073850484,0.07490986532294595,0.005737663313253599,0.010414939946595739,0.015404295614938826,0.012844016672742526,0.014876002538371704,0.009956680324556303,2.909603452099446,5.123409259487751,5.732943409733373,5.035617944385309,0.5762626825632553,0.003708100499941921,3.6727822300630876e-07,1.3470786589019048e-08,5.755249702472616e-07,0.5645818806131242,16.781253287500135,26.196805089280417,26.196805089280417,26.196805089280417,47.129392175408015
198.0,7.0,18.0,0.0024728630207808584,0.3388680631020008,0.03182954747047858,-0.02935668444969772,0.9759901347154664,0.1254968470662488,0.08514787349530295,0.07023724540552626,0.07208731367258472,0.010127499501940355,0.010624046503412652,0.0141827798793321,0.01258074705171406,0.013908172861654232,0.009614695862210398,11.812528025544388,6.003609604023041,5.582915316301253,5.18309014344611,1.0533353989641503,4.912263722398536e-30,2.7975088810027135e-09,3.132272163502029e-08,2.6958549711511537e-07,0.2924703202369025,16.78125328750014,26.196805089280417,26.196805089280417,26.196805089280417,47.12939217540802
199.0,7.0,19.0,0.1452095757826953,0.48166643085076977,0.10268083279964366,0.04252874298305165,0.9781504284356165,0.21837381137912767,0.09234728199202734,0.06705057181327682,0.07269390076040827,0.015647421118144843,0.010932239893511575,0.013008167062429802,0.012959190772674581,0.013136893066673518,0.009114241337581406,19.975212171179606,7.099177120714019,5.173978297677194,5.533568735884945,1.7168100490849092,9.476456099994711e-74,2.5476847868563128e-12,2.8267610736256997e-07,4.116533147673315e-08,0.08635833005446804,16.78125328750014,26.196805089280417,26.196805089280417,26.196805089280417,47.12939217540803
200.0,7.0,20.0,0.4635560170372049,-0.37599622611530686,0.4856830364524504,-0.02212701941524553,0.9738276509889525,0.30992471403937094,0.10012544240251275,0.0663461375743154,0.07761230206302552,0.022246792879169516,0.011201932843676182,0.012265484103012583,0.013093535724966335,0.012339797738729315,0.008644403134696062,27.667074813283897,8.163187165023555,5.06709104155944,6.289592723180049,2.5735487496964957,2.2122288620665443e-122,1.0970300585554545e-15,4.903123033824902e-07,4.962682460063012e-10,0.010225359286550377,16.78125328750014,26.196805089280417,26.196805089280417,26.196805089280417,47.12939217540802
201.0,7.0,21.0,0.5763790547449132,0.08654965858742014,0.543924039007994,0.032455015736919224,0.9642589404408234,0.39887063327716676,0.10694747430620129,0.06857274409937053,0.08472495098192392,0.028961787831172387,0.011571888809857819,0.011708876170421479,0.012440033233312785,0.011367607272060163,0.0083652102255733,34.46893068462413,9.133880378406252,5.512263738632279,7.453191243698652,3.462170949707068,1.3382435617840202e-166,4.2779423512591676e-19,4.6289397006430855e-08,2.140323539765793e-13,0.0005610963157656312,16.78125328750014,26.196805089280417,26.196805089280417,26.196805089280417,47.12939217540803
202.0,7.0,22.0,0.5348058035635979,0.35521106327808594,0.5416561236226476,-0.00685032005904973,0.9511050157459287,0.4818073999151039,0.113540375026446,0.07567328013332227,0.09472446991741829,0.03497190718563446,0.012146989481172418,0.011222349657948279,0.011490662582236175,0.010707423638626336,0.008225479438801472,39.664758141257586,10.117344271663335,6.585632429091451,8.846616433079747,4.251655778344538,1.094877015832142e-199,7.337942033054563e-23,7.696663770316641e-11,4.7065660885675475e-18,2.3437930138806728e-05,16.78125328750014,26.196805089280417,26.196805089280417,26.196805089280417,47.12939217540802
203.0,7.0,23.0,0.7686188372214725,0.011030691992835018,0.7806237549905257,-0.012004917769053214,0.9351749843763377,0.560088926929722,0.11964365161255913,0.08889859308478186,0.10793607890778457,0.04027178698558832,0.012821236610906861,0.010424855693035286,0.010604849884166762,0.010238327848452088,0.008084862911977604,43.684470065333755,11.47676813334611,8.382824279060198,10.542354230637692,4.981134179273005,1.6420913673774456e-224,1.5045729550382229e-28,1.9793183090893974e-16,1.3983169874315368e-24,7.579390638453292e-07,16.78125328750014,26.196805089280417,26.196805089280417,26.196805089280417,47.12939217540802
204.0,7.0,24.0,0.9465203139103866,-0.0014752249495093572,0.9644007582003584,-0.01788044428997182,0.924148656125482,0.63270173823748,0.12478951838124701,0.10918605359225719,0.1238542285775732,0.04523638942123305,0.01352915876054238,0.009743301896148377,0.009901312246996816,0.009790830246286126,0.007951006590403605,46.76578562170078,12.80772367636248,11.02743261383102,12.65002307894714,5.6893915137525735,5.35279008228325e-243,1.2867052477709025e-34,1.3091489571045148e-26,7.1223927924552844e-34,1.7244577917928143e-08,16.781253287500135,26.196805089280417,26.196805089280417,26.196805089280417,47.12939217540803
205.0,7.0,25.0,1.0601146445303684,0.09920206182565194,1.0880421076608624,-0.02792746313049399,0.9168574126796522,0.6970408534374518,0.1287482526425943,0.13080963674657542,0.138159399227624,0.05134599322578151,0.01434527641546612,0.009501535441492485,0.009388816037325923,0.009570787119837613,0.00781368729386922,48.59026994320924,13.550257580512769,13.932495452731438,14.43553152919445,6.571288470434264,1.0414260855140336e-253,3.371278088786211e-38,4.293593495004093e-40,1.2258031018360622e-42,8.438495770686781e-11,16.78125328750014,26.196805089280414,26.196805089280414,26.196805089280414,51.05623637017922
206.0,7.0,26.0,1.1719039729284513,0.12336811971391848,1.178716280608726,-0.006812307680274632,0.9110372200979435,0.7504573010177659,0.1325429736530119,0.1491975168407852,0.14840968622963618,0.05732950251052563,0.015251286046954419,0.009584051248968198,0.009098820826766402,0.00956782137679677,0.007817002047798432,49.20616521828513,13.829535152713342,16.397456294763415,15.51133537981272,7.3339500437602965,2.768432976902867e-257,1.4014537711982387e-39,4.595346945113296e-53,2.919995017799798e-48,4.986326501268887e-13,16.781253287500142,26.196805089280375,26.196805089280375,26.196805089280375,52.53440286967489
207.0,7.0,27.0,1.3991634307421743,-0.14677385512669994,1.4907532585883911,-0.09158982784621683,0.9019993548062966,0.789673890115476,0.1370067364483628,0.1645042633066848,0.15711371803880234,0.0628298211332067,0.016001059084740237,0.009727908954912445,0.00896013365219408,0.00969063731450413,0.00775374990676282,49.35135142826676,14.083883502957386,18.359576954123046,16.212939659154074,8.103152911652018,4.0029649588872623e-258,7.465072658173931e-41,3.5221181966427595e-64,4.72572239688009e-52,1.7403364266738359e-15,16.7812532875001,25.78240469504025,25.78240469504025,25.78240469504025,56.58452964987921
208.0,7.0,28.0,1.6979251228336638,-0.1577603025404679,1.792806378590492,-0.09488125575682815,0.8717465638444603,0.8193536119888333,0.14163143428092678,0.17402908657725719,0.16409649766822026,0.06682548996145758,0.01627011742835761,0.009717263355806992,0.008825743694468842,0.009683017093120487,0.007747335239175555,50.35941600278561,14.575238839882681,19.718348119073806,16.94683548424243,8.62560969655018,6.346650722019214e-264,2.354441300647165e-43,3.311275314522266e-72,4.104062754615557e-56,2.853963622555145e-17,17.128030665744173,27.267543296076425,27.267543296076425,27.267543296076425,55.68404873641896
209.0,7.0,29.0,1.6926859313991287,0.0352426707114506,1.662247944100298,0.030437987298830738,0.8382827483729557,0.840097755537117,0.14612097465417218,0.1799715545097546,0.16927427120890212,0.0698440916129175,0.016217432040401682,0.009681922296991914,0.008781426101001357,0.009677940012903124,0.007683590965994077,51.802144349624726,15.092144945180012,20.49457029413847,17.490733666794483,9.090032501994504,3.961577345379993e-272,4.839024021088591e-46,6.8122535872257e-77,3.503782934375581e-59,6.193670683537957e-19,17.037502885000233,26.6972363550175,26.6972363550175,26.6972363550175,55.66926680567002
210.0,7.0,30.0,1.8135380630494449,0.21953936919080008,1.666442165108879,0.14709589794056588,0.7671227762329785,0.8546606603694462,0.14993122397630584,0.18389312664651034,0.17299212228162167,0.07230059943930779,0.016120128028642874,0.009642608477934396,0.008764127016722087,0.009678867820042776,0.0076828402234698405,53.018230305047936,15.548824192063801,20.982480775967698,17.873177472616536,9.410660294410535,5.888317156635896e-279,1.8416241551263654e-48,7.146460948339657e-80,2.283676158647386e-61,4.0033778880167894e-20,15.764802798080233,24.3106295057503,24.3106295057503,24.3106295057503,51.07729291525965
211.0,8.0,1.0,-1.4372008403967047,0.02682830815330961,-1.4631684381527617,0.025967597756056948,0.6788131201446742,-0.9025953005413393,0.11914117529368351,0.12814358752371613,0.12943135690307492,0.03401233142261536,0.016982184145021444,0.010163042250111685,0.009752350442415346,0.010128607952051115,0.00765362977548077,-53.149541474377855,11.722983370690427,13.13976443733897,12.778790285476905,4.443947828725337,1.0902739731019372e-279,1.2321065900278402e-29,3.3454573321298354e-36,1.7631718972957296e-34,9.934146912420451e-06,15.764802798080233,24.3106295057503,24.3106295057503,24.3106295057503,49.236410428346495
212.0,8.0,2.0,-1.3884729581035178,0.09711379486146332,-1.433965137113783,0.045492179010265144,0.7283307214461265,-0.8943580718075674,0.11742359708898575,0.12438180378636478,0.1265602365108815,0.03269827119775922,0.017054357297677954,0.01010766167337476,0.009709437082506501,0.010151938412801303,0.007700173609155782,-52.44161689572079,11.61728606313553,12.810403191186392,12.466607988016621,4.246432984170617,9.941229638657307e-276,3.624368917907838e-29,1.249677554689183e-34,5.116666613278119e-33,2.3979683645596055e-05,17.037502885000233,26.6972363550175,26.6972363550175,26.6972363550175,52.14792718875132
213.0,8.0,3.0,-1.299304275673059,-0.41382202938008794,-1.2193107154511926,-0.07999356022186643,0.7347462956752363,-0.8774544182115667,0.11487271722993764,0.11918289221925309,0.12242583568650843,0.03101045416164052,0.016967955089834664,0.010079710905680049,0.009703096275834476,0.010207451086900224,0.0077597848444195625,-51.712443459803886,11.396429749310109,12.282975333974333,11.993771475782445,3.9963033490473183,1.2725957718358772e-271,3.375816838268314e-28,3.611306928152902e-32,7.521265155144501e-31,6.96087273774391e-05,17.128030665744173,27.267543296076422,27.267543296076422,27.267543296076422,53.94486109614247
214.0,8.0,4.0,-1.1111759111435215,-0.6490762984307694,-1.0123782204100393,-0.09879769073348221,0.7843027950933319,-0.8487202675565368,0.11076356516616342,0.11198040276246496,0.11634487374884224,0.02897006642718166,0.01645221570666825,0.01007796814383802,0.0097810548674496,0.010332227640975758,0.007971711500187243,-51.58698880981374,10.990664346750062,11.448704079467426,11.260386219854407,3.634108738945357,6.520193194515045e-271,1.875664343250331e-26,1.9962663575722e-28,1.3139186800727756e-27,0.00029476057696076245,16.7812532875001,25.78240469504025,25.78240469504025,25.78240469504025,50.2858754591675
215.0,8.0,5.0,-1.104138809656114,-0.17681998676593835,-1.0965004197191066,-0.007638389937007384,0.8472779455808127,-0.8114177587373189,0.10596350529216143,0.10455028194642801,0.10869521050287145,0.026348779817230147,0.015541425801136993,0.01001078268732599,0.009858688244325939,0.010183721540163148,0.008052913784148786,-52.20999470189901,10.584937122480445,10.604887724956797,10.673427201852782,3.2719560302625643,1.9905630210055498e-274,9.33880174934282e-25,7.726256211213582e-25,4.020295144119698e-25,0.0011087478716850692,16.781253287500142,26.196805089280375,26.196805089280375,26.196805089280375,50.71920913632039
216.0,8.0,6.0,-1.1721033706670436,0.1360059796466513,-1.1843045380562247,0.012201167389181089,0.8971617506555558,-0.7683091471698981,0.1018925696739334,0.09856354184551076,0.10140739451073137,0.023521984031257857,0.01462111585922111,0.0101171956857883,0.010095884015419483,0.009957292435573646,0.008138131492001266,-52.54791457557242,10.071226537316328,9.762745064718878,10.184233833330136,2.890342095648975,2.5182957494510672e-276,1.1192118919153021e-22,1.8129690013833265e-21,3.9673802310478896e-23,0.00394082814847092,16.78125328750014,26.196805089280417,26.196805089280417,26.196805089280417,51.05623637017926
217.0,8.0,7.0,-0.9776870307192221,0.001919040284778073,-0.9798768339140088,0.002189803194786677,0.9267864334803886,-0.72117392028068,0.09826572377436532,0.09465347323413159,0.09540950587558888,0.02034222848308793,0.013885216785700844,0.010338746377334933,0.010182265671029743,0.01019586229932422,0.008412606179577734,-51.938254289508336,9.504607250042218,9.295914710164814,9.357669128378932,2.4180649906648783,6.755602664170153e-273,1.76862710393503e-20,1.0763066954467987e-19,6.328557357773139e-20,0.015801161518959432,16.78125328750014,26.196805089280414,26.196805089280414,26.196805089280414,47.129392175408015
218.0,8.0,8.0,-0.8690886183634109,-0.12019478710142528,-0.8740945707743875,0.005005952410976566,0.938261771740768,-0.6697970492568355,0.09438075276780991,0.09155283013096122,0.0916005697941896,0.018548565968451967,0.01318932750481933,0.010399917497836047,0.010124806672926352,0.011199562826348188,0.008479962767547656,-50.78326010269244,9.075144373736435,9.042427484148682,8.178941554637232,2.187340496285702,2.4012850906951502e-266,7.020604316230015e-19,9.2410970254675e-19,9.714503906809522e-16,0.028974631920327554,16.781253287500142,26.196805089280417,26.196805089280417,26.196805089280417,47.12939217540803
219.0,8.0,9.0,-0.8586129977851553,0.19121846412869115,-0.9057278064810984,0.04711480869594309,0.9488880115681202,-0.6117638274359538,0.08929417800595094,0.08859036443445205,0.0898056549853865,0.017072105027935647,0.012500776624709222,0.010560452980144507,0.01009481753613516,0.01243792837229653,0.00860693469540992,-48.93806567399439,8.455525361822978,8.775826221458304,7.220306492953766,1.9835290532691277,9.910378924041783e-256,1.113632036372171e-16,8.417580784956806e-18,1.1044126664022432e-12,0.04761221613030553,16.781253287500142,26.196805089280417,26.196805089280417,26.196805089280417,47.129392175408015
220.0,8.0,10.0,-0.6916914418814523,-0.08871079954144756,-0.6956048383637843,0.003913396482332021,0.9622777417625457,-0.5472862106073917,0.08321809694064512,0.08514037656212607,0.08801301372541431,0.015954572740017946,0.01196882482986072,0.011125793642033909,0.010501138056475352,0.012804966957799233,0.00884132592498056,-45.725977143719334,7.479744782092867,8.107728524683633,6.873349538149918,1.8045452543423828,8.165686796432194e-237,1.7701086926397233e-13,1.6803577660306584e-15,1.1717359359701394e-11,0.07148042179758396,16.78125328750014,26.196805089280417,26.196805089280417,26.196805089280417,47.12939217540802
221.0,8.0,11.0,-0.7013249404041869,0.18609480502139197,-0.6990123231925819,-0.002312617211605028,0.9738321864548531,-0.4778264717027469,0.07906845731064249,0.0812391424454398,0.08727441619697007,0.014549197935635744,0.011560103698519002,0.01194833735723101,0.011303863233749439,0.012551888280641693,0.009158110821638398,-41.334099084592346,6.617528024749911,7.1868476082484545,6.953090582519774,1.5886680363442984,4.345716633091419e-210,6.268596522808523e-11,1.3929335542778086e-12,6.86967994746476e-12,0.11248696289035107,16.781253287500142,26.196805089280414,26.196805089280414,26.196805089280414,47.12939217540803
222.0,8.0,12.0,-0.5374554112422645,0.23692054406444563,-0.5608760729155331,0.023420661673268617,0.9815086256014637,-0.4033944813698054,0.07698870020053686,0.07980313697314437,0.0877057533779588,0.011970773508444364,0.011257465549333857,0.01287231936741562,0.011802515891390548,0.01238755466619369,0.009607906705745774,-35.8335079598512,5.98095013051202,6.761536074809057,7.080150662609189,1.245929407420821,2.2211007090163387e-175,3.1987068173563232e-09,2.4553033866853285e-11,2.901935768699758e-12,0.21311490377730646,16.78125328750014,26.196805089280417,26.196805089280417,26.196805089280417,47.12939217540802
223.0,8.0,13.0,-0.46947050868415385,-0.05759357206765392,-0.4507587018001403,-0.018711806884013527,0.9854517261684063,-0.32564969069241295,0.07641429654650841,0.07981944426627272,0.0891243500352488,0.008705755246123617,0.01107500920089306,0.013287460422086802,0.011924966198735124,0.012820299692042595,0.010118433372109695,-29.404010848691073,5.750857885491072,6.693473418376576,6.951814869863549,0.8603856867921902,1.0910194228257071e-133,1.216368520038874e-08,3.832138512634845e-11,6.928903236424761e-12,0.38980586315981314,16.78125328750014,26.196805089280414,26.196805089280414,26.196805089280414,47.129392175408015
224.0,8.0,14.0,-0.2989055664704074,0.04724004310251634,-0.299460412861124,0.0005548463907166234,0.9860304161227644,-0.24296289256521975,0.07702554900352351,0.0802921750746485,0.09068038507698982,0.006064990464539033,0.010871259240092574,0.01338041130071807,0.012028658199251432,0.013619147132201538,0.01040309452645416,-22.349103006318412,5.756590531666981,6.675073291187644,6.658301301597827,0.5829986884302832,2.4535871100776313e-88,1.1772119326773847e-08,4.3193399689868565e-11,4.816001459127564e-11,0.5600403906384324,16.78125328750014,26.196805089280414,26.196805089280414,26.196805089280414,47.12939217540802
225.0,8.0,15.0,-0.044428439178201086,-0.33573870690530633,-0.0336067342455867,-0.010821704932614383,0.9828831002690698,-0.15418697062040038,0.07842810732532157,0.08036632336341909,0.0898560760091783,0.004354139956601697,0.01062859453363858,0.013898579955809271,0.012370678976898274,0.01418075723429773,0.010157556000699577,-14.506807097816367,5.642886364987274,6.496516764641605,6.336479394192819,0.42866019702985797,5.289185090944898e-43,2.2407502105117968e-08,1.3594283692402245e-10,3.7126099939729204e-10,0.6682732194234378,16.781253287500142,26.196805089280417,26.196805089280417,26.196805089280417,47.12939217540802
226.0,8.0,16.0,-0.04429227258350052,-0.13989429310603707,-0.013447541773426186,-0.030844730810074335,0.9763465323183786,-0.060257088118391804,0.08043090770450219,0.07978136115122586,0.08609357901659456,0.004292199475256553,0.010439266099132179,0.015283361946632662,0.012679968143526829,0.015153600446850286,0.009866706916629876,-5.77215750093783,5.262644958966198,6.291921261013147,5.6813942876849,0.4350184424777278,1.0769697565234444e-08,1.7764495583657042e-07,4.891885923004751e-10,1.8041398846055164e-08,0.6636534489648899,16.78125328750014,26.196805089280414,26.196805089280414,26.196805089280414,47.12939217540802
227.0,8.0,17.0,0.02578260124349312,-0.00820843539086009,-0.002276446107511286,0.028059047351004406,0.9689649412587157,0.03555782569297741,0.0841028351136615,0.07809885837880697,0.08021954872231798,0.006565483367367004,0.010379118316256116,0.01570756456441245,0.012599725889523898,0.015623961167245787,0.009604473110845895,3.425900409795462,5.354288678475816,6.198456939745223,5.134392479833537,0.6835860011886442,0.0006405212837206844,1.0911432663771588e-07,8.676943266184788e-10,3.470423594208748e-07,0.4944127711892118,16.78125328750014,26.196805089280414,26.196805089280414,26.196805089280414,47.129392175408015
228.0,8.0,18.0,0.23112513362524664,0.0806231811165877,0.17853010959464172,0.052595024030604925,0.967973816787046,0.13158694792544046,0.09018511688979194,0.07451962585598586,0.07465952336317858,0.010732535811008876,0.010570087479233322,0.014068189693927735,0.012454431237085487,0.014569651367610206,0.009390867069789144,12.448993273136546,6.41057014810645,5.983382495548187,5.12431776707809,1.1428695275152965,6.17696048526679e-33,2.3380580128886625e-10,3.1530865937076223e-09,3.6556198623476657e-07,0.2533970287519645,16.781253287500142,26.196805089280417,26.196805089280417,26.196805089280417,47.12939217540803
229.0,8.0,19.0,0.1991448876637027,0.1645300716547117,0.22694132912018536,-0.027796441456482662,0.9724471713648561,0.225130780018509,0.09645705515271366,0.07108900778842103,0.07267416733731454,0.01585442541698546,0.010894952035849887,0.012976915233618823,0.012620363502023824,0.013552446854251839,0.008985705042376228,20.663769723603664,7.432972583717421,5.6328811588526015,5.362438836239694,1.7644052795208187,6.352252851544615e-78,2.4723756124190314e-13,2.3700463971463797e-08,1.044484154971981e-07,0.07800331993943695,16.781253287500142,26.196805089280417,26.196805089280417,26.196805089280417,47.12939217540802
230.0,8.0,20.0,0.39609165602184354,0.2983573551631416,0.35073085878422927,0.04536079723761427,0.9727325371321487,0.3146293347496014,0.102807612497997,0.07132238706326935,0.07424787311660835,0.022808184267478743,0.01119512058614405,0.012477136008816574,0.01221836240423905,0.012538078658757678,0.008535869124162508,28.10414879666514,8.239680358164826,5.837311474615018,5.9217903426333365,2.6720400624367064,3.1841749808665705e-125,6.068373175499137e-16,7.4035746683350585e-09,4.5292301930687014e-09,0.00767559313531252,16.781253287500142,26.196805089280417,26.196805089280417,26.196805089280417,47.12939217540803
231.0,8.0,21.0,0.5436915248428122,0.19220078306275878,0.5214138765496295,0.022277648293182795,0.9656826797842571,0.4023001877610227,0.10746152516538425,0.07390180874062903,0.07974401882499202,0.02998419606901557,0.011584557408647729,0.012099053905951772,0.0113473378664733,0.011265305451102292,0.008292373141939235,34.727281636216034,8.881812247528027,6.512700124932243,7.0787267305911525,3.6158763668470826,2.885176512934641e-168,3.520120426599498e-18,1.226615499367004e-10,2.930313906066188e-12,0.0003159831012271314,16.781253287500142,26.196805089280417,26.196805089280417,26.196805089280417,47.12939217540802
232.0,8.0,22.0,0.8076097451805394,-0.2290755390545779,0.841108906313605,-0.033499161133065614,0.9507462760889832,0.4853614124795833,0.1116207590630996,0.08126102016813622,0.0899139013514795,0.03654229973260045,0.012066977672195,0.011498745580140022,0.010713734218835896,0.01040871596389795,0.008129020830902941,40.22228478950151,9.707211824556289,7.584752291621217,8.63832788437506,4.495289222741661,3.5614243892231077e-203,2.971513707480634e-21,8.3059833388254e-14,2.5753999095420337e-17,7.855293095109574e-06,16.781253287500142,26.196805089280414,26.196805089280414,26.196805089280414,47.12939217540802
233.0,8.0,23.0,0.6786336106014086,0.429497541406096,0.6247130452914393,0.05392056530996925,0.9328708481865423,0.5634634496468368,0.11710026901854836,0.0959139588003522,0.10349398451042098,0.04174539647578805,0.012645704475728482,0.010465961053794244,0.010315133236870324,0.009999538223480011,0.008007973617757303,44.55769551853119,11.188678079027992,9.298373234532557,10.349876384031992,5.2129787719604375,8.446217633369082e-230,2.6764028542801235e-27,1.053847385120418e-19,8.536691175312747e-24,2.3063511898812802e-07,16.781253287500142,26.196805089280417,26.196805089280417,26.196805089280417,47.12939217540802
234.0,8.0,24.0,0.9052029497442634,0.41204261326351205,0.8245460290887114,0.08065692065555197,0.9218473142189938,0.6355481046016093,0.12275410353045102,0.11478092880398638,0.12073348346316357,0.0466443382452175,0.013318767536959732,0.009650339863998828,0.010122619046345281,0.00966602154804682,0.007884795213611335,47.71823690427481,12.720184497169116,11.339054475771015,12.490504274487135,5.915732366098296,1.3027305573241984e-248,3.3325307986998227e-34,5.996831661448954e-28,3.961914950314402e-33,4.692646149207118e-09,16.781253287500142,26.196805089280417,26.196805089280417,26.196805089280417,47.12939217540802
235.0,8.0,25.0,1.0092138948450717,0.22991649330948205,1.0008183961785866,0.008395498666485146,0.9133579101186518,0.6994106574191468,0.12746922920902315,0.13409402042873436,0.13594235165224544,0.052700591698772475,0.014114355148712404,0.009362722046256976,0.009705503911113526,0.009440192997744868,0.0077385764468010714,49.553142885380154,13.614548053360478,13.81628626981302,14.400378433440947,6.8101145037544395,2.7351478783027374e-259,1.6272257854718612e-38,1.631219121748589e-39,1.8537355972848278e-42,1.7827174929012202e-11,16.781253287500142,26.196805089280417,26.196805089280417,26.196805089280417,51.05623637017926
236.0,8.0,26.0,1.2048960353959568,0.11655026952451353,1.2103258229364455,-0.005429787540488729,0.9080205926120071,0.7537077249641131,0.1322540817954703,0.15181404807316584,0.14687761788438505,0.057943445862496404,0.015018841349423469,0.009450784044652116,0.00918918937432849,0.009448655582466992,0.007766279702485919,50.18414586242672,13.993979882580058,16.52094019275338,15.544816572310292,7.460901240004169,6.412011496362268e-263,2.1128491176143867e-40,9.584168145875076e-54,1.9347008796014655e-48,2.025613841820405e-13,16.781253287500142,26.196805089280375,26.196805089280375,26.196805089280375,50.71920913632039
237.0,8.0,27.0,1.3441416067839194,0.3840446867581413,1.2264544389038181,0.11768716788010125,0.8962387066887849,0.7972098806412462,0.13847467905520167,0.16814244835777675,0.15654565852599894,0.06258445502869475,0.01569580861056053,0.009599781197130286,0.008887633338882574,0.009612503370068451,0.007775435172433573,50.79125901833841,14.424774503881052,18.918697694488486,16.28562846734109,8.04899708386443,2.161856714921976e-266,1.3912850048737223e-42,1.875619617479748e-67,1.8900518639401288e-52,2.6324657574786774e-15,16.7812532875001,25.78240469504025,25.78240469504025,25.78240469504025,50.28587545916751
238.0,8.0,28.0,1.6186551577181028,0.3063466848336216,1.5180492467629854,0.1006059109551174,0.8561042588740639,0.8315529077168751,0.14430895628065288,0.17848869224653988,0.16312863713876669,0.0666110530511368,0.01589690028841739,0.009566451156604407,0.008687816589163006,0.009596877596733465,0.007659414729482378,52.309122698766075,15.084899710278254,20.544712289297497,16.998095004805684,8.696624403264082,5.5156527247054e-275,5.282089916014142e-46,3.3748795683533437e-77,2.1187647365459766e-56,1.6058447598439298e-17,17.128030665744173,27.267543296076425,27.267543296076425,27.267543296076425,53.94486109614245
239.0,8.0,29.0,1.7828763494078035,-0.15810694457598884,1.8304923733296725,-0.04761602392186903,0.8243653257633193,0.8551277854456402,0.14865480272552012,0.184008274496989,0.167717060268733,0.06972113150410751,0.015873899294282467,0.00953176229967826,0.008611975041619483,0.009563151225825883,0.007622478580437196,53.87005231623486,15.595731203928352,21.366559193184358,17.537844619229976,9.14677958991504,1.0843681257403317e-283,1.0335767565591497e-48,3.106436954457306e-82,1.8901469062647317e-59,3.83563489891766e-19,17.037502885000233,26.6972363550175,26.6972363550175,26.6972363550175,52.147927188751325
240.0,8.0,30.0,1.98961437122989,-0.10769289047372688,2.036515054856021,-0.0469006836261312,0.7524920707109843,0.8688008972242769,0.15199529631513892,0.18726875124177095,0.17116751815459058,0.07222741228802637,0.015809924144628867,0.009505290383755872,0.008576925723030397,0.009543279773701119,0.007576504761114276,54.95288208067944,15.990599989968983,21.834018072340868,17.935921634225295,9.533078189131091,1.1832801677857844e-289,7.688513704049948e-51,3.9744233363773596e-85,9.951259222634507e-62,1.3789912905261396e-20,15.764802798080233,24.3106295057503,24.3106295057503,24.3106295057503,49.236410428346495
241.0,9.0,1.0,-1.3970568475907013,-0.25390283106563993,-1.3223511371858847,-0.07470571040481655,0.6912911943348514,-0.9003222856895783,0.11777026435956205,0.13248163127007445,0.1294709783327512,0.0325981658758452,0.0166726758862208,0.009928440425310507,0.009697674782142335,0.010049174911067204,0.0074813199420743805,-53.999867317858275,11.861909757682696,13.661174894628466,12.883742145851617,4.357274669208513,2.075212903868591e-284,2.9519423309925756e-30,9.580980319181353e-39,5.610670608827274e-35,1.4687344438670452e-05,15.764802798080233,24.3106295057503,24.3106295057503,24.3106295057503,49.41620309691406
242.0,9.0,2.0,-1.3617515420749533,-0.14668869321109468,-1.3812714873483853,0.019519945273432038,0.7286009305928239,-0.8912195819340358,0.11595102263310259,0.12838308917591318,0.12647602787947307,0.03123275963982793,0.016765274341314133,0.009901869837365997,0.009659644547337806,0.01005042587832671,0.007539286762736716,-53.15866378266365,11.710012809454058,13.29066391074354,12.58414612580875,4.1426676849854465,9.698086984109148e-280,1.4070682040706643e-29,6.23993493173103e-37,1.4494238691580336e-33,3.756717668809218e-05,17.037502885000233,26.697236355017502,26.697236355017502,26.697236355017502,51.58285761351142
243.0,9.0,3.0,-1.2528070458221419,-0.202306725380214,-1.1922185556331264,-0.060588490189015465,0.7368241679497818,-0.8737718793176776,0.11337435629841124,0.12250630065548088,0.12232832452631709,0.029546248192124622,0.016720820960021695,0.009909435449287197,0.009664282108788426,0.010083657103782635,0.007580593723230552,-52.256517871150265,11.44105099413776,12.676192527955811,12.131345132752347,3.897616634114138,1.0897275199771435e-274,2.1561026301039952e-28,5.367113997691401e-34,1.785610592336231e-31,0.00010436100838903183,17.128030665744173,27.267543296076422,27.267543296076422,27.267543296076422,53.945097788592285
244.0,9.0,4.0,-1.2566359182902458,0.004239012583238111,-1.2395296132216818,-0.01710630506856403,0.784944990297612,-0.846530892895423,0.10954579166124637,0.11414919477061528,0.116587551422487,0.027462643647644183,0.016263137408031505,0.009943791175799615,0.00977745924449346,0.010186323461866221,0.007781672383361865,-52.05212694552812,11.01650162644706,11.674729795974617,11.445498649139418,3.5291441601117213,1.5407823936112952e-273,1.4569913454612516e-26,2.0181321736486858e-29,2.061726831235385e-28,0.00043804329478555056,16.7812532875001,25.78240469504025,25.78240469504025,25.78240469504025,50.2858754591675
245.0,9.0,5.0,-1.219515491155787,0.018742599956327766,-1.2540975400970111,0.034582048941224075,0.8465089031321218,-0.8119337882706048,0.10570775628010945,0.10583447440314653,0.10967429117150085,0.024968617691308696,0.01542392784998952,0.009912360220039369,0.009953997384980255,0.0101323635117525,0.007874462524404026,-52.641181686489574,10.664236764358591,10.632359072430726,10.8241567768754,3.170834531744556,7.557553434583406e-277,4.389158037148401e-25,5.948690465475015e-25,9.450789258403195e-26,0.0015715078578707555,16.78125328750014,26.196805089280375,26.196805089280375,26.196805089280375,50.719209136320394
246.0,9.0,6.0,-1.1113419408641634,0.07539110694402051,-1.173289916741568,0.06194797587740464,0.8952093841863351,-0.7692810415630413,0.1027480137117669,0.09955439157243193,0.10298209310040538,0.02223579962155221,0.014568299644659673,0.010020591742584342,0.010267988432703393,0.009983348565816952,0.00798106487692378,-52.80513583100537,10.2536872423532,9.695608076003733,10.315385906990837,2.7860692732675507,9.133324782203477e-278,2.0881176567426034e-23,3.2937751018475383e-21,1.1773424191043546e-23,0.00544743606369802,16.78125328750014,26.196805089280417,26.196805089280417,26.196805089280417,51.05623637017926
247.0,9.0,7.0,-0.8966227887554149,-0.3944077577528513,-0.8320035396840884,-0.06461924907132655,0.9225411905816564,-0.7205403783323272,0.09980987331104643,0.09507316586254994,0.09695380719337335,0.019396417635227585,0.013845194963818107,0.010210706437017283,0.010412129463478222,0.010012989912893662,0.008345239263074393,-52.04263141222122,9.77502133928772,9.131001126717674,9.682802842787904,2.324249434171637,1.7427799857586007e-273,1.6248865290330742e-21,4.383361166251166e-19,3.68970044714378e-21,0.02033416183507622,16.781253287500135,26.196805089280417,26.196805089280417,26.196805089280417,47.12939217540803
248.0,9.0,8.0,-0.8810026751139621,-0.28507388326883654,-0.846040787616847,-0.03496188749711515,0.9322823473467934,-0.6673843981553458,0.09614698598190045,0.09164857289810875,0.09194146603277331,0.017713961586670313,0.01322181151249508,0.01028462404567597,0.010327469571125583,0.010464088720743442,0.008472910379030177,-50.47601817078121,9.348614548756805,8.874252523033098,8.786380590458252,2.0906584389834983,1.3653272722073415e-264,6.842219511841553e-20,3.747028914972336e-18,7.720560258643512e-18,0.0368390241955518,16.78125328750014,26.196805089280417,26.196805089280417,26.196805089280417,47.12939217540803
249.0,9.0,9.0,-0.6867427564259104,-0.3976016003121544,-0.6621311823841975,-0.02461157404171288,0.939195213357656,-0.607973855602031,0.09126625502405744,0.08888372464552755,0.08870821480655462,0.016383395514486348,0.012634621068092593,0.010315412330139766,0.010325744916071711,0.011210286980988242,0.008632414742809392,-48.119674687941774,8.847562472844055,8.607972148060979,7.913108286790225,1.8978925367474204,5.798205022860413e-251,4.670020287179881e-18,3.290147628135616e-17,7.360278405138578e-15,0.05803034890618738,16.78125328750014,26.196805089280417,26.196805089280417,26.196805089280417,47.12939217540802
250.0,9.0,10.0,-0.6610892722716291,-0.2212787460782198,-0.6359715708997027,-0.02511770137192637,0.9551132620835231,-0.5425017876031306,0.08576483156850848,0.08607635317411597,0.08655818922180099,0.015402385496740572,0.012079893900592949,0.010831494279393488,0.01074929479474324,0.011593967060099825,0.008843163106511995,-44.90948282058186,7.918097850235942,8.007627925155624,7.465795682625971,1.7417280797861172,6.412450652118474e-232,7.08943075477139e-15,3.605593578748975e-15,1.9559562726937854e-13,0.08189806278104665,16.78125328750014,26.196805089280417,26.196805089280417,26.196805089280417,47.12939217540803
251.0,9.0,11.0,-0.6300968242501478,-0.061745726305221904,-0.6304533338157717,0.0003565095656239414,0.970843088822015,-0.47195654733214254,0.08175968817342974,0.08250101699191106,0.08600220804612141,0.01405441536264546,0.011522380187041367,0.011801676593228099,0.011386766526320933,0.011687013599912128,0.009102151854475118,-40.95998740459267,6.927802802217452,7.24534193277845,7.358783945178949,1.5440761247831232,9.079765197702487e-208,8.14188004744193e-12,9.277846133730794e-13,4.1850487303765114e-13,0.12292181001703738,16.78125328750014,26.196805089280417,26.196805089280417,26.196805089280417,47.12939217540802
252.0,9.0,12.0,-0.6103766979104954,0.054864945853987046,-0.5949035514556248,-0.015473146454870634,0.9790999002128467,-0.39744673082623416,0.08062172481352077,0.08117963612585936,0.08666852878734013,0.011556164800027344,0.011120130500819798,0.012863293833520082,0.01180277926178624,0.011985746854271354,0.009426615197802492,-35.74119303698222,6.267580128149679,6.878010197877207,7.23096606670398,1.2259081926587272,8.685270380794086e-175,5.683395464686826e-10,1.1358986610329318e-11,1.0254960372335824e-12,0.2205542538894986,16.781253287500135,26.196805089280417,26.196805089280417,26.196805089280417,47.12939217540803
253.0,9.0,13.0,-0.3418738688382351,-0.05425395456198473,-0.35066124723064285,0.00878737839240773,0.9825189341168779,-0.3196712365811155,0.08058736098996161,0.08170759195057575,0.08843385697619915,0.008316856421721227,0.010998422077675627,0.013526750861684552,0.011966607279132672,0.012795212906215615,0.009883351022809586,-29.06519083587251,5.957628835926211,6.827966360445133,6.91147991240068,0.8415016731194634,1.7606445889870343e-131,3.67008726000173e-09,1.584083239837187e-11,9.083034670084267e-12,0.4002907283317346,16.781253287500142,26.196805089280417,26.196805089280417,26.196805089280417,47.129392175408015
254.0,9.0,14.0,-0.213810644752747,-0.23109066406824666,-0.24853082299689916,0.03472017824415216,0.9828798058639694,-0.23723191370591612,0.08131239689928318,0.08210068999312031,0.090778281787637,0.006172117285498578,0.010906176216795932,0.01390437484073061,0.011905639128731507,0.013917496092689288,0.010081916573489164,-21.752070477329152,5.847972154856737,6.895949818854267,6.522601564466892,0.6121968219543126,1.281828977275686e-84,6.960775484330909e-09,1.0077209503978597e-11,1.1517125275691996e-10,0.5405623469271222,16.78125328750014,26.196805089280417,26.196805089280417,26.196805089280417,47.12939217540803
255.0,9.0,15.0,-0.2562943870671959,-0.023418559760741975,-0.2089419172316655,-0.047352469835530375,0.9793876907296073,-0.14943037116288557,0.08308520659199237,0.08250101131764001,0.09160719746950892,0.0047356897555517734,0.010689851145173181,0.014798525948342876,0.011924770807287155,0.01465468026269815,0.009801773249542612,-13.978713934698547,5.61442449619762,6.918456769602996,6.251053985987316,0.48314622619664854,2.520055042223208e-40,2.6278504664010436e-08,8.668366717544258e-12,6.29075668563523e-10,0.6291095525880983,16.78125328750014,26.196805089280414,26.196805089280414,26.196805089280414,47.12939217540803
256.0,9.0,16.0,0.013978993425588686,-0.11438364965661764,-0.023364665935837785,0.03734365936142647,0.9719079479406024,-0.056614619798090265,0.08583511218186812,0.08293355022015331,0.08957633575208845,0.004763564638735924,0.01046673800081984,0.01562941182270591,0.011948785940869223,0.01516953864042619,0.009539732147006583,-5.409003243766659,5.49189650612249,6.940751188494406,5.905013848830659,0.4993394537005586,8.127885475750594e-08,5.176395994633477e-08,7.463989248758972e-12,4.9959715607945e-09,0.6176624390881075,16.78125328750014,26.196805089280417,26.196805089280417,26.196805089280417,47.12939217540802
257.0,9.0,17.0,-0.085756633496067,0.3371013676544288,-0.08200026297307998,-0.0037563705229870237,0.9650519334488046,0.038985275459758065,0.08940403251951531,0.0829594504813795,0.08369443583596171,0.00665536462669969,0.010456704745364493,0.015411284801611318,0.011943611567481839,0.015669269488102436,0.009453410557094888,3.728256311056351,5.801205653546012,6.945926700031694,5.341310639880838,0.7040173053422255,0.00020487088822757424,9.116655939500876e-09,7.208813028916949e-12,1.1696405784033225e-07,0.48160430726374737,16.78125328750014,26.196805089280417,26.196805089280417,26.196805089280417,47.12939217540802
258.0,9.0,18.0,0.2071294401440655,0.1170304991036588,0.1685600146768187,0.038569425467246815,0.9650757902251842,0.13487217054157807,0.09628919309213596,0.08125183114622025,0.07699957100023522,0.010292449216498939,0.010649677055964472,0.014395085272293913,0.012060658985599871,0.015011681876620192,0.009299087301413649,12.664437600578825,6.689032490655882,6.7369313105720785,5.129310068857608,1.1068235927771406,6.094814683857972e-34,3.944547060370238e-11,2.8853036974129297e-11,3.562686436714824e-07,0.26866627575795315,16.781253287500142,26.196805089280417,26.196805089280417,26.196805089280417,47.12939217540802
259.0,9.0,19.0,0.33497582394795783,0.04106636633013272,0.3217807349098881,0.013195089038069707,0.9695961512872384,0.22815016738571697,0.10240748347688644,0.07943543247389341,0.07331398387517352,0.014864023234275003,0.010910443267934724,0.013282151967172834,0.012473326471169098,0.014096038491990957,0.008980110214546715,20.911173064456467,7.7101574902914125,6.368424065344623,5.2010345968357585,1.6552161253207167,1.9543770601730706e-79,3.325590035849316e-14,3.0432791645465453e-10,2.4549880140330983e-07,0.09822968403599003,16.781253287500142,26.196805089280414,26.196805089280414,26.196805089280414,47.12939217540803
260.0,9.0,20.0,0.3693900993564963,0.15167318885038708,0.36562317674759043,0.003766922608905876,0.9720673350765688,0.3174579588985374,0.10639583765585839,0.07986100768331877,0.07255696541838177,0.021610277741318296,0.01122376606242891,0.012684495724699225,0.01206891869538736,0.0129565957074226,0.008571856014010374,28.28444188276649,8.387864994008758,6.617080593462029,5.600002273499605,2.521073348175368,2.1374615909074068e-126,1.90219585362073e-16,6.286707330961115e-11,2.848080003446271e-08,0.011871704699131964,16.781253287500142,26.196805089280414,26.196805089280414,26.196805089280414,47.12939217540802
261.0,9.0,21.0,0.492396812412085,0.40421634283992997,0.45043600041105375,0.041960812001031245,0.9671743320335707,0.4030121849028345,0.10901861499694639,0.08256342399491767,0.07760072846611005,0.029221120496573556,0.011573750732145949,0.012162232590623052,0.011218870701583126,0.01144391766264923,0.008255890019177394,34.821225567220246,8.963700881777129,7.359334659527445,6.780958300616236,3.5394270549506555,7.156216198581762e-169,1.784349431133032e-18,4.168798333278747e-13,2.160853735910163e-11,0.00042155382122209144,16.781253287500142,26.196805089280414,26.196805089280414,26.196805089280414,47.12939217540802
262.0,9.0,22.0,0.6327888048247039,0.2921092041448569,0.5626266334668956,0.07016217135780833,0.9539573889065466,0.48578504557027424,0.11147171551275303,0.08996260289741578,0.08794228345929725,0.036533319042015754,0.011974752867386723,0.011302296072719176,0.010586858643424164,0.010462257226392416,0.008027239475843422,40.56743808828918,9.862749550670237,8.497572880440265,8.405670168140324,4.55116844987077,2.508108604436345e-205,7.405093839597727e-22,7.970187898476227e-17,1.652791214163191e-16,6.067603808849629e-06,16.781253287500142,26.196805089280414,26.196805089280414,26.196805089280414,47.12939217540803
263.0,9.0,23.0,0.899048295841297,-0.21855604939863194,0.9163317668436437,-0.01728347100234673,0.9389187501512299,0.5632575644017788,0.11563167625023614,0.10299743624012235,0.10076302066869694,0.042650006504586196,0.012524185962883651,0.010320527123509388,0.010292136634488679,0.010161867905278813,0.007904362037882947,44.973586792070485,11.204047512925559,10.007391069312144,9.915797135716879,5.395755697952481,2.6391308851801375e-232,2.2985240079716083e-27,2.0026689749520745e-22,4.591939308412746e-22,8.730731599326145e-08,16.781253287500142,26.196805089280414,26.196805089280414,26.196805089280414,47.12939217540802
264.0,9.0,24.0,1.0920078406150426,-0.3100578290058973,1.1561627550740363,-0.06415491445899368,0.9292723834742312,0.6333712141971437,0.12022666477524231,0.11816763855758755,0.116067419776288,0.048320822819058126,0.013153127298847262,0.009710492753755778,0.010167961345513659,0.009829475170319093,0.007807658412656824,48.153659567535115,12.381108541452917,11.621566461769238,11.80809939138593,6.188900726077654,3.669542332673588e-251,1.2741553272157012e-32,3.469891719562143e-29,5.141437641866732e-30,9.196688145293549e-10,16.781253287500142,26.196805089280414,26.196805089280414,26.196805089280414,47.12939217540803
265.0,9.0,25.0,0.9668092563810817,0.4930080107551795,0.8592648937517765,0.10754436262930522,0.9152282729922046,0.6969646264465937,0.12522721491329664,0.1338793055674583,0.13058057553167568,0.05456129034494939,0.013870337717315344,0.009530883267825446,0.009827634109439579,0.009422779038880748,0.007635998742946317,50.24856933198696,13.139098590792868,13.62274013018712,13.85796854546493,7.145272305780547,2.7390393261505765e-263,3.370242604921871e-36,1.4827512188269386e-38,1.0114461611680444e-39,1.85619035508336e-12,16.781253287500142,26.196805089280414,26.196805089280414,26.196805089280414,51.05623637017926
266.0,9.0,26.0,1.3064267732093449,0.10641046380794417,1.279689262096554,0.02673751111279077,0.9057847493753924,0.7500515913551089,0.13215019358950955,0.15190763087062664,0.14326247544001447,0.05975504756747314,0.014660185384119702,0.009567057829276271,0.009275220187810754,0.009348597736394341,0.007623897193685595,51.16249022113898,13.81304429718352,16.37779241836863,15.324488172412192,7.837861142325551,1.665585765744764e-268,1.6929336584614932e-39,5.894872086352855e-53,2.877219292259907e-47,1.2924326386319242e-14,16.781253287500142,26.196805089280375,26.196805089280375,26.196805089280375,50.71920913632038
267.0,9.0,27.0,1.4098099635894996,0.0730729916112638,1.4275175851648136,-0.017707621575314025,0.8883347354355855,0.7982948751596728,0.140295392960676,0.16872695641042473,0.1545033153291021,0.06396715693587286,0.015292082980226818,0.009604475291435013,0.008884450331003477,0.009467534547217125,0.007618608362564132,52.20314826906806,14.60729386078876,18.9912656522632,16.319276635173896,8.396173407494064,2.1751636076665236e-274,1.6102391250483903e-43,7.00099382669932e-68,1.2357067111638016e-52,1.7815040504605167e-16,16.7812532875001,25.78240469504025,25.78240469504025,25.78240469504025,50.28587545916751
268.0,9.0,28.0,1.5295112620487252,0.4120874230725444,1.393193082225874,0.13631817982285122,0.8442848266555438,0.8389829565335746,0.14762981234350162,0.180177151895754,0.16232373404728237,0.06711964989258656,0.0155300591832789,0.009507052377984167,0.008623758157484111,0.009430786054770435,0.007507727524598087,54.023165438860744,15.528452613280372,20.893112794378123,17.212110751380383,8.940075365372254,1.5426882422917578e-284,2.3659979481385488e-48,2.5210824836412188e-79,1.3260321322904017e-57,2.1718918939935095e-18,17.128030665744177,27.267543296076422,27.267543296076422,27.267543296076422,53.94509778859228
269.0,9.0,29.0,1.863149412006302,-0.053635812508388225,1.914043539332237,-0.05089412732593512,0.8149756132693995,0.8646712655891688,0.1525274973508785,0.1861615331566812,0.16725114284239254,0.06999344591595946,0.015536781155437954,0.009446314824024575,0.008511080710587786,0.009399158295890137,0.007472456412476902,55.65317918419218,16.1467725978134,21.87284311909958,17.79426812244715,9.366859042374617,1.7822378597356257e-293,1.0862189687075887e-51,2.2810175276086295e-85,6.478748036684873e-61,5.84627176555785e-20,17.037502885000233,26.6972363550175,26.6972363550175,26.6972363550175,51.582857613511415
270.0,9.0,30.0,1.813249865863821,0.47697749740864404,1.6194736551175337,0.19377621074628726,0.7412841712983591,0.8792819191896806,0.15592052002297407,0.1895076564102885,0.17044717322647684,0.07227928114040363,0.015484816735156223,0.009406070612122152,0.008462928897008521,0.009368082779174518,0.007406892287148627,56.78348889938023,16.576584043716426,22.392679734940906,18.194456351878653,9.758381563859412,1.3725670374729806e-299,4.719660825686572e-54,1.310058027316962e-88,3.200551737192965e-63,1.8848918936665474e-21,15.764802798080234,24.3106295057503,24.3106295057503,24.3106295057503,49.41620309691407
271.0,10.0,1.0,-1.5457625541944828,0.33520104682796714,-1.5598464406328758,0.014083886438392978,0.719192412835093,-0.8948028223023615,0.11614965681290734,0.13735307130617314,0.13007258648302844,0.03155921462122317,0.016374711803931807,0.009794094055065816,0.009736385410663595,0.010012690641033753,0.0073927994120937,-54.645408909578876,11.859152685268635,14.10719332820779,12.990772525215977,4.2689126083410605,5.749021277633687e-288,3.037203021668628e-30,5.696224976381984e-41,1.7340278435573484e-35,2.1729648589269347e-05,15.764802798080234,24.310629505750295,24.310629505750295,24.310629505750295,47.76666578673462
272.0,10.0,2.0,-1.403815199706659,0.046189824430841186,-1.4608024854637418,0.056987285757082784,0.7564999796585645,-0.8854536860470802,0.11420375624233664,0.1332581466252757,0.12664774239643975,0.030144121640304857,0.01649325527208402,0.009791973781514536,0.009666906123561145,0.010000402467550904,0.007414436292380046,-53.68580498149277,11.662996530682358,13.784984039566256,12.664264544090468,4.065598577100801,1.1375481970676467e-282,2.274899882970532e-29,2.3341474581403795e-39,6.106230432724967e-34,5.210663314455175e-05,17.037502885000233,26.697236355017495,26.697236355017495,26.697236355017495,51.582857613511415
273.0,10.0,3.0,-1.3366603404649442,0.033612226707762316,-1.3783111254918676,0.04165078502692343,0.7627407934298223,-0.8690943002538024,0.1118233238318326,0.1271966153303648,0.12216116969771175,0.028455924759521533,0.01646752276313326,0.009811789762926576,0.009637928077766958,0.010019546228757198,0.007450080440441078,-52.77626226814704,11.39683243666229,13.197506176019877,12.192285649333677,3.8195459749743073,1.324786883103651e-277,3.36220506775015e-28,1.7621828759432365e-36,9.409051695234084e-32,0.0001428801745222245,17.128030665744177,27.267543296076425,27.267543296076425,27.267543296076425,53.945097788592285
274.0,10.0,4.0,-1.2179354475264697,0.01182409733698675,-1.2442880860640488,0.026352638537579187,0.8012363964765086,-0.8430168102132845,0.10898738487078083,0.11850422771997253,0.11635974477760425,0.026290357308745432,0.016017669363082594,0.009881012824848653,0.009775513796145984,0.010117445520773755,0.007606078142024278,-52.630429003376946,11.029981116581558,12.122557462574813,11.50090154067915,3.4564931910821164,8.682037814616039e-277,1.2768808439699626e-26,1.9580699823859412e-31,1.1793226949615856e-28,0.0005728907798436424,16.7812532875001,25.78240469504025,25.78240469504025,25.78240469504025,50.2858754591675
275.0,10.0,5.0,-1.236437349383746,0.18237011105484946,-1.2510760663480407,0.014638716964294751,0.8548457291091964,-0.809884716178324,0.10615576930911036,0.10908942995249797,0.10959968317788807,0.023672605307563446,0.01525822130756161,0.009911155146064067,0.0100263270611787,0.010110980972330935,0.00766806788084576,-53.07857972783266,10.710736311222725,10.880298367174285,10.839668621453404,3.0871668946353203,2.7117206343391516e-279,2.8134470088872296e-25,5.489938721593183e-26,8.135436501319323e-26,0.002082717594238551,16.781253287500142,26.196805089280375,26.196805089280375,26.196805089280375,50.719209136320394
276.0,10.0,6.0,-1.0725850234018077,-0.563544532012589,-0.9721446438992858,-0.10044037950252194,0.8986260658659613,-0.7688325855422237,0.10365118155700156,0.10155922279715084,0.10281694693244825,0.02078264661204931,0.01454290137356255,0.010043584531773989,0.010352465267045374,0.010027501534849116,0.007756938032957514,-52.86651994627975,10.320138316065306,9.81014861459527,10.253496005472847,2.67923329073256,4.14381253773335e-278,1.1263852102518612e-23,1.1870089963285368e-21,2.0918209055745618e-23,0.007513926803126616,16.781253287500142,26.196805089280414,26.196805089280414,26.196805089280414,51.05623637017927
277.0,10.0,7.0,-0.9712754430675302,-0.16455066948602404,-0.9234897456624465,-0.04778569740508376,0.9214600728098511,-0.7198396412831572,0.10107866886258934,0.09598808067091638,0.09704650274910791,0.018056342343338663,0.013878102598194511,0.010195258077820592,0.010549614310674376,0.009888249026076466,0.008128473785098945,-51.868736103507814,9.914282511639627,9.098728905548057,9.8143263274605,2.2213693272209856,1.6668580502113848e-272,4.655151315962586e-22,5.7560342271970265e-19,1.143430896939861e-21,0.02657436353093095,16.781253287500142,26.196805089280414,26.196805089280414,26.196805089280414,47.12939217540803
278.0,10.0,8.0,-0.8432159232300039,0.22777522879162515,-0.9265698779804594,0.08335395475045548,0.9300252229185644,-0.6660885435027915,0.09785197498330042,0.09220836512420257,0.09216724729538273,0.016511034102035322,0.013287570818648588,0.010277635604844198,0.010485900092590839,0.009857140991479314,0.008327211500159573,-50.128691887606884,9.520864403596823,8.793557473368972,9.350302219989926,1.9827806825512868,1.333953497780599e-262,1.5344620998576157e-20,7.279505839225882e-18,6.743445592577527e-20,0.047695936619558024,16.781253287500135,26.196805089280417,26.196805089280417,26.196805089280417,47.12939217540802
279.0,10.0,9.0,-0.7464447410401952,-0.3410385119308901,-0.7310739943567043,-0.015370746683490921,0.9331445571211494,-0.6060730176106954,0.09323985351053242,0.08957460737915214,0.08844705857968505,0.015216180822682212,0.012774190972563567,0.010232448370937458,0.010514838527168927,0.010132931708112265,0.008479723255654714,-47.44511953143806,9.112174342883113,8.518876171774147,8.728674102172793,1.7944195068554014,5.2439845356659835e-247,5.138909552912299e-19,6.724178040204564e-17,1.2372034576944834e-17,0.07308211974828577,16.78125328750014,26.196805089280414,26.196805089280414,26.196805089280414,47.12939217540803
280.0,10.0,10.0,-0.6911837477914184,-0.03868765592397916,-0.7077947970340543,0.0166110492426359,0.9483968114974891,-0.5388138233017743,0.0882413559240216,0.08721964311825844,0.08649113610779718,0.01432714605110634,0.01224287441080722,0.010571061048103588,0.010934962715109705,0.010618939347183052,0.008665363176387298,-44.01040190579299,8.34744549506237,7.976217696448122,8.144988240350123,1.6533809096596357,1.725274545387839e-226,2.614674447017571e-16,4.574137680533338e-15,1.2621271845944136e-15,0.09860248886948365,16.78125328750014,26.196805089280414,26.196805089280414,26.196805089280414,47.12939217540802
281.0,10.0,11.0,-0.5052039359135241,-0.2417784035670315,-0.5135401886933764,0.008336252779852282,0.9653986701864729,-0.46741531158587185,0.08463055858524238,0.08407421987869604,0.08624481513645957,0.013055472526091506,0.01160703462381238,0.011522905514211128,0.01149860186089967,0.011205549752201071,0.00890514823232511,-40.27000235072507,7.34455025087796,7.3116906642872435,7.6966161450060735,1.466058979085939,1.7937121304554374e-203,4.627358538305683e-13,5.831593064003818e-13,3.6733216088598805e-14,0.14298189494531902,16.78125328750014,26.196805089280414,26.196805089280414,26.196805089280414,47.12939217540803
282.0,10.0,12.0,-0.5676233406929616,0.2569151226045183,-0.5946752700545357,0.02705192936157408,0.9732530042805194,-0.3924200420856357,0.08416380185408587,0.08237977163235763,0.08688004563381416,0.011005762098995562,0.011144732568226491,0.012596093371973762,0.011847249012726298,0.012179292107132266,0.009206159335856083,-35.21125694881373,6.681738485787178,6.953493721948901,7.13342326217274,1.195478124751806,2.2055054993590413e-171,4.136223702051085e-11,6.851068260259337e-12,2.013939936673116e-12,0.232215524063185,16.78125328750014,26.196805089280414,26.196805089280414,26.196805089280414,47.12939217540802
283.0,10.0,13.0,-0.47312789775896824,0.21014510266737096,-0.4641116876918698,-0.009016210067098462,0.9777070026498741,-0.31437344586353316,0.08433659102127744,0.08246917895000078,0.08788554648782701,0.008369965885382516,0.011010806739689533,0.013639823662789785,0.011993753601661107,0.013260029585953605,0.009613220209427752,-28.55135443712251,6.183114467333801,6.876010771021591,6.627854479368921,0.8706724388955568,3.9124439598284546e-128,9.52604526519015e-10,1.1511391999603638e-11,5.864529065811429e-11,0.3841654599883072,16.78125328750014,26.196805089280417,26.196805089280417,26.196805089280417,47.12939217540802
284.0,10.0,14.0,-0.1869165138009804,-0.22983332816649543,-0.20764693926302638,0.02073042546204598,0.9779869459146003,-0.23333593503934014,0.08517344074980775,0.08228198112017149,0.08900672188075742,0.006730719743235202,0.010993240882726617,0.01451585217200377,0.012096940513710411,0.013902125402932963,0.009793666037182578,-21.22540000064718,5.867615606755686,6.801883585929422,6.402382319323596,0.6872523238674251,2.301110173341339e-81,6.211457349321334e-09,1.8823412434366506e-11,2.461207592083003e-10,0.49210098643115885,16.78125328750014,26.196805089280414,26.196805089280414,26.196805089280414,47.12939217540802
285.0,10.0,15.0,-0.18312681112819545,-0.14334350596261725,-0.17459397783152594,-0.008532833296669512,0.9749975065785494,-0.1464072003235187,0.08733410044288206,0.08322843773511959,0.09064646488301188,0.005489215032468333,0.010770533999505366,0.015302763227116854,0.012180699661469532,0.014408982761369432,0.009659670335116052,-13.593309331760375,5.707080423757978,6.832812568098289,6.2909690700745085,0.5682611147207837,2.0704378856818606e-38,1.5601802639337153e-08,1.5340180450983942e-11,4.92071607423053e-10,0.569999584789599,16.78125328750014,26.196805089280417,26.196805089280417,26.196805089280417,47.12939217540802
286.0,10.0,16.0,-0.02508584950480403,-0.11853240502851457,-0.010523855757440274,-0.014561993747363755,0.9702347316241653,-0.053901459289803846,0.09007040115778167,0.08495168349773685,0.09012586522250096,0.0046614929586111485,0.010518018046016087,0.0154036973108098,0.012204254170260189,0.014898680439160674,0.009472151885153048,-5.12467834281955,5.847323492560014,6.960825488603022,6.049251515295824,0.4921260781214584,3.6488298387614895e-07,6.986964618760876e-09,6.521091976451388e-12,2.132810941572985e-09,0.6227503666560077,16.78125328750014,26.196805089280417,26.196805089280417,26.196805089280417,47.12939217540802
287.0,10.0,17.0,-0.002022863405929255,0.2642996703634735,-0.042562977516797676,0.04054011411086842,0.9677974103332936,0.04085808190217874,0.09363263600821703,0.08610615340943704,0.0850792782444677,0.005536312919696579,0.01051571456856684,0.015316254877888551,0.01206028737864777,0.015382233673646366,0.009486220159777316,3.8854308602394085,6.11328531385245,7.1396435844376605,5.531009348156627,0.5836163220384862,0.00010964550772886265,1.45326195017702e-09,1.9295519110650382e-12,4.17504718999704e-08,0.5596248646637492,16.781253287500142,26.196805089280417,26.196805089280417,26.196805089280417,47.12939217540802
288.0,10.0,18.0,0.18952427200423977,0.041865966512527275,0.18073628189398205,0.008787990110257715,0.9687735866855038,0.13566086241181724,0.10018804718089573,0.0862714099301549,0.07861828949951033,0.008500244440126472,0.010650570055037813,0.015145869179857354,0.012186084092698163,0.0149554854692637,0.009424319070717765,12.737427359359836,6.614876042514406,7.079502264541919,5.256819623882188,0.9019478623699744,2.7638788021564067e-34,6.376692790923187e-11,2.9148243321780576e-12,1.8318892115362286e-07,0.3673261430696254,16.78125328750014,26.196805089280414,26.196805089280414,26.196805089280414,47.12939217540802
289.0,10.0,19.0,0.12103522612483462,0.2487520101015756,0.202691322785828,-0.08165609666099337,0.9709869480429509,0.2281022002807628,0.10649055575353596,0.08724433984388205,0.07438319597665384,0.012932214653583518,0.01085516958742905,0.01397522592477601,0.012915257976256677,0.0141722015799081,0.009127349526833254,21.01323230775861,7.619952359034421,6.755137218650332,5.24852794093098,1.4168641855518342,4.629292338550564e-80,6.432316658687304e-14,2.5606691061559032e-11,1.913699474182244e-07,0.15686907066461525,16.78125328750014,26.196805089280414,26.196805089280414,26.196805089280414,47.12939217540802
290.0,10.0,20.0,0.1954184238000489,0.3687818060789344,0.18428952809826155,0.01112889570178735,0.9726738332850914,0.3177004264220257,0.10868255341142931,0.08852732834277832,0.07367150564543214,0.019451798222547747,0.011139106506361851,0.012857971722184499,0.012585344383029065,0.012972552230094055,0.008707241586052168,28.52117683232297,8.452542575118118,7.03416018254968,5.679029410614136,2.233979387192715,6.150750568745539e-128,1.140314254195394e-16,3.970292735520878e-12,1.828381201190918e-08,0.025729638537465647,16.78125328750014,26.196805089280414,26.196805089280414,26.196805089280414,47.12939217540802
291.0,10.0,21.0,0.5584740671268621,-0.29382725163915235,0.6230525296963263,-0.0645784625694642,0.9691417535220259,0.40271471891011534,0.10970043320770828,0.09038657961488958,0.07871345511083155,0.027317767164032593,0.01150191879871766,0.011870753438727014,0.011504310794862397,0.011474150087137642,0.008264346657451143,35.01282924680478,9.241235931143411,7.856757456105452,6.860068459368351,3.3054962837749393,4.173688802864534e-170,1.7183774743966898e-19,1.1225085175748178e-14,1.2800539277668771e-11,0.0009856086657930873,16.78125328750014,26.196805089280417,26.196805089280417,26.196805089280417,47.12939217540803
292.0,10.0,22.0,0.6448608952806482,0.04420010704219035,0.6665621421536225,-0.021701246872974367,0.9594885192454007,0.48355518065285796,0.11160726373218027,0.09672950141335693,0.08850357359117336,0.035422788854818796,0.01189104861737196,0.01091630228048788,0.010678844513890064,0.010606599368419012,0.007942987026904309,40.6654783957757,10.223907406051808,9.058049425435499,8.34419878766152,4.459630707545601,6.151401571484847e-206,2.750773137149004e-23,8.105489933964309e-19,2.68220238786252e-16,9.248937579416184e-06,16.78125328750014,26.196805089280414,26.196805089280414,26.196805089280414,47.12939217540802
293.0,10.0,23.0,0.9020488021053717,0.04817464442083719,0.8532115213437527,0.048837280761619084,0.9469796281922467,0.5589819605987421,0.115208364294983,0.10878226686170835,0.09957294253052248,0.042668070622421374,0.012391482685235905,0.010198149136145118,0.01024085900551681,0.010410339173654234,0.007787730072683026,45.11017565837807,11.296987596175864,10.622377166125098,9.564812526234956,5.478884119531558,3.9868808476463985e-233,9.126319132964142e-28,6.541924997330424e-25,1.0442297625036121e-20,5.558535047064964e-08,16.78125328750014,26.196805089280414,26.196805089280414,26.196805089280414,47.12939217540802
294.0,10.0,24.0,1.0594216678690203,-0.49585555098261547,1.187547859175807,-0.12812619130678682,0.9342771262411712,0.6279638393481324,0.11974475279176333,0.12149701645473651,0.11214418563060766,0.04937891399398102,0.01297859319448647,0.009895089329602133,0.010040499006920597,0.010038480548166164,0.007684473011095127,48.38458451836692,12.101432215830041,12.100695032287984,11.171430286936625,6.425803555128102,1.645226588112815e-252,2.4434452549602853e-31,2.4623884271050174e-31,3.1743335738465994e-27,2.1247776130551248e-10,16.78125328750014,26.196805089280414,26.196805089280414,26.196805089280414,47.12939217540802
295.0,10.0,25.0,0.9910109130917398,0.3257756223763969,0.9085172359731978,0.08249367711854205,0.9187846762133153,0.6897815418392026,0.12543370933942455,0.13510516593229555,0.12593168616457848,0.056006086895083546,0.013580139562915499,0.009819224863857041,0.009723146418509106,0.00949594284241138,0.007518029074906299,50.79340596195718,12.774298488786574,13.89521047169542,13.261630598926356,7.449570404299291,2.1017630185012648e-266,1.8514665155296859e-34,6.593987039468497e-40,8.628247871340832e-37,2.196377571868073e-13,16.78125328750014,26.196805089280417,26.196805089280417,26.196805089280417,51.05623637017926
296.0,10.0,26.0,1.354728567880618,0.10966798591938254,1.3448610671316545,0.009867500748963476,0.9039222774175517,0.7443868936920084,0.13368275786382827,0.1521415941825247,0.13914731009300899,0.06144269362223776,0.01426121502433711,0.009746265261445486,0.009242678527643435,0.00927397363658586,0.007499207688843843,52.19659702358418,13.716306121140967,16.46076878336648,15.00406573769763,8.193224694075704,2.3678254027841025e-274,5.113993560773166e-39,2.0588083222802105e-53,1.4014317669547643e-45,8.699213922466038e-16,16.78125328750014,26.196805089280375,26.196805089280375,26.196805089280375,50.71920913632039
297.0,10.0,27.0,1.445866968566159,-0.025307773787610843,1.4967897750946344,-0.05092280652847547,0.8850626289238969,0.7959299895563379,0.14304681849242246,0.1686000454856197,0.15156610845246427,0.06583926792250855,0.014883006444847498,0.009645779061298291,0.008828714021195581,0.009321827504359722,0.007483648259741619,53.47911341071072,14.82999118924136,19.096784093453728,16.259269803220278,8.797750193136645,1.5969940483224184e-281,1.1338576153206038e-44,1.6657576908058745e-68,2.635764495482352e-52,7.033468627346102e-18,16.781253287500096,25.78240469504025,25.78240469504025,25.78240469504025,50.28587545916751
298.0,10.0,28.0,1.6402979458182962,-0.20639924932744114,1.792752096843996,-0.1524541510256998,0.8444144918056903,0.8393851030238699,0.15135996809771057,0.18022164268762916,0.16077690640005868,0.06847797790268945,0.015152902690156508,0.009482160285656219,0.008549196257115232,0.009247647655605557,0.007364248489341464,55.394343921257,15.962603830550583,21.08053637646185,17.385708494484227,9.298705496127681,4.57690400343228e-292,1.0907491251336666e-50,1.788400296121934e-80,1.3829995877267202e-58,1.050847888551269e-19,17.128030665744173,27.267543296076425,27.267543296076425,27.267543296076425,53.94509778859228
299.0,10.0,29.0,1.7985614077031815,0.009404529857585553,1.8457309354542943,-0.04716952775111283,0.8200908742178847,0.8669005503809163,0.157166917478498,0.18654895679761274,0.166856399926759,0.07098312370541626,0.015160135213866697,0.009392628521780475,0.008442293106260351,0.009177143416762772,0.007330646950347298,57.182903592309536,16.733006858947437,22.096953333600567,18.181736118668766,9.683064016887807,9.853838973770216e-302,6.400092686693772e-55,9.19744806731649e-87,3.7922300330035945e-63,3.681172458244763e-21,17.037502885000233,26.69723635501749,26.69723635501749,26.69723635501749,51.582857613511415
300.0,10.0,30.0,1.921488671352483,0.5366194897320491,1.6905222449499784,0.23096642640250464,0.7523117327663414,0.8826073048907497,0.1615398123761867,0.19040134823549648,0.17111599520545934,0.07315195331942648,0.015103125802399626,0.00934498354689017,0.00840020935182767,0.009121903949100868,0.007304628905733171,58.43871768256864,17.286259688487522,22.666262263341096,18.758802565809297,10.014465383999429,2.0329457563112787e-308,5.056171340469918e-58,2.5297117078492574e-90,1.6356521787012711e-66,1.8778754182406146e-22,15.764802798080233,24.3106295057503,24.3106295057503,24.3106295057503,47.76666578673462
301.0,11.0,1.0,-1.4300536880017847,-0.421079482017118,-1.327208318771531,-0.10284536923025378,0.758506638100033,-0.8868583343664603,0.11441502040332255,0.14195364627668466,0.13120634572808473,0.030879768315470894,0.016085277306216453,0.00965488240376397,0.009897644265736508,0.009927677722044864,0.007302370137528604,-55.13478676700945,11.85048306323417,14.342164909694453,13.216217266676075,4.2287322792325295,1.1960104542961019e-290,3.3215836415944796e-30,3.672116637760147e-42,1.4310689079906738e-36,2.590589767167015e-05,15.764802798080233,24.3106295057503,24.3106295057503,24.3106295057503,47.76666578673462
302.0,11.0,2.0,-1.3604626401055184,0.007533521171695146,-1.3760406784127173,0.015578038307198838,0.7928958306081264,-0.8774919689460429,0.11265732887434507,0.1382833284083046,0.1273789478468516,0.029427266851555414,0.016220086002281992,0.009677123930907113,0.009799329421637547,0.009926984502130967,0.0073181598071426004,-54.099094716426855,11.641612702151766,14.111509314399223,12.831585243183156,4.021129303958912,5.8717800592885146e-285,2.829162553386695e-29,5.417857673445824e-41,9.91946245570741e-35,6.277987493649351e-05,17.037502885000233,26.6972363550175,26.6972363550175,26.6972363550175,51.582857613511415
303.0,11.0,3.0,-1.2782327084665894,-0.28471883389041674,-1.214792404726809,-0.06344030373978038,0.8020072787859917,-0.8613985803337995,0.11072804770154918,0.13287470542112523,0.12239675574321321,0.027710106410963747,0.016212988857334545,0.009726384362441876,0.00972280449893689,0.009970202795967867,0.00734209340118696,-53.13015310832795,11.38429693660082,13.666294065220997,12.276255382960986,3.7741424545871336,1.3983802601772711e-279,3.812635498253374e-28,9.039056107714959e-39,3.8775249283565537e-32,0.00017108830114879312,17.128030665744177,27.267543296076422,27.267543296076422,27.267543296076422,53.945097788592285
304.0,11.0,4.0,-1.125028684886854,-0.7464771419553167,-1.0352488449691961,-0.08977983991765792,0.8332547956004825,-0.8362946691284485,0.10857756162779543,0.12441683422230196,0.11586139841289225,0.025222851248967407,0.015824491171565903,0.00983158471118771,0.009776565600376146,0.01006737968411028,0.007489700399932303,-52.84812383927625,11.043749793890415,12.726026634293245,11.50859528977144,3.3676715892661595,5.250979226940418e-278,1.115733242591953e-26,3.1278947502566357e-34,1.0911279157156496e-28,0.0007902426122174033,16.7812532875001,25.782404695040245,25.782404695040245,25.782404695040245,50.28587545916751
305.0,11.0,5.0,-1.2161410567793658,0.03137952881224759,-1.21394977937296,-0.0021912774064059004,0.8716443795884583,-0.804192432752125,0.10660633216750254,0.11324692825549885,0.10876561658217615,0.022478398247563383,0.015191759142696729,0.00987591918590551,0.009868547915758,0.010060374531328499,0.007518092767074555,-52.93609681395796,10.794573159290989,11.475541206489687,10.811289007528964,2.9899070075335334,1.6928137231049576e-278,1.257202804605479e-25,1.5233045442405597e-28,1.0700586220176247e-25,0.0028666644786037422,16.78125328750014,26.19680508928037,26.19680508928037,26.19680508928037,50.71920913632039
306.0,11.0,6.0,-1.175316271318095,0.21069842212385237,-1.2084308414358171,0.03311457011772223,0.9028301776132996,-0.7639557081710644,0.1049452950543191,0.10404934581758958,0.10253273547277236,0.019583254646944485,0.014565177850057138,0.010005892869698416,0.010161413536656063,0.010080715235604143,0.007567073166047388,-52.4508328038073,10.48834885811467,10.239652725700438,10.171176655267113,2.587956296605187,8.8249904721933e-276,2.3290068415210286e-24,2.3779357534545693e-23,4.47450010791617e-23,0.009810504241118985,16.78125328750014,26.196805089280414,26.196805089280414,26.196805089280414,51.05623637017926
307.0,11.0,7.0,-0.8628347970755583,-0.4277297764375571,-0.8517610095580572,-0.011073787517501099,0.9221617321298688,-0.716502816970142,0.10299313201585006,0.09757728688499596,0.09745145615778374,0.016653593885601406,0.013929973938847665,0.010183459231674232,0.010397530743376588,0.00999701752045387,0.007854050097904854,-51.4360486326519,10.113766812705869,9.384659617107113,9.748052952632955,2.1203829461240535,4.667783448615924e-270,7.582624106854887e-23,5.013263443270371e-20,2.0666003299484804e-21,0.034247082593146884,16.78125328750014,26.196805089280414,26.196805089280414,26.196805089280414,47.12939217540803
308.0,11.0,8.0,-0.8957137657530169,-0.06640511608469402,-0.9018200169259182,0.006106251172901311,0.9304233827663438,-0.6628533312246925,0.09994759172159505,0.09306741752394299,0.09304431537971715,0.015026351476816448,0.013287162259951458,0.010318091614947877,0.010458420401398348,0.009930438883988287,0.008024514837123731,-49.886749198704685,9.686635421689841,8.898802491387643,9.369607573915047,1.872555759670378,3.274516516511586e-261,3.566497914305663e-21,3.0585535890616008e-18,5.709231511271123e-20,0.061454149343204485,16.78125328750014,26.196805089280417,26.196805089280417,26.196805089280417,47.12939217540803
309.0,11.0,9.0,-0.8281070011580088,0.026087073142143757,-0.812990067045421,-0.015116934112587854,0.9357210607926174,-0.6021875765311855,0.09538544766657311,0.09031897525454163,0.08939402162795934,0.013811736782713368,0.012776363455227114,0.010432444268797247,0.01049794916787057,0.010119422029704509,0.00826399477841775,-47.132940342646265,9.143154299119018,8.603487577456251,8.833905865923223,1.671314800292965,3.621284475617498e-245,3.9551568546752807e-19,3.4111737225517946e-17,5.225888705047507e-18,0.0950075360189401,16.78125328750014,26.196805089280417,26.196805089280417,26.196805089280417,47.12939217540802
310.0,11.0,10.0,-0.6496701430221831,-0.36548111153562035,-0.6097655012058163,-0.03990464181636677,0.9503878563359175,-0.5347915534665082,0.0908400081131944,0.08808565372497416,0.08749028860120148,0.013094803705153058,0.012303598598109767,0.011023430067826754,0.010867862029887307,0.01066564827303758,0.008560687298548406,-43.46627120529351,8.24062996311123,8.1051501650217,8.202997732671735,1.529643969985153,3.49087522551667e-223,6.023757175356878e-16,1.713900361723199e-15,8.065608782523841e-16,0.12645665131654227,16.78125328750014,26.196805089280417,26.196805089280417,26.196805089280417,47.12939217540802
311.0,11.0,11.0,-0.5598865031651756,-0.30132061614621214,-0.5085634582363789,-0.05132304492879669,0.9629409109238758,-0.4637691792808617,0.08828358193152738,0.08482874304900206,0.08736550280618272,0.011943846590447522,0.011664897158887081,0.011923654956178224,0.011628078015565563,0.011408538215708156,0.008858896122242289,-39.757674068093436,7.404070501535553,7.295164595167725,7.6579050842719845,1.3482319270523737,2.8652491681313774e-200,3.0366741638562885e-13,6.548823048057177e-13,4.8772399087682496e-14,0.17792338219877138,16.78125328750014,26.196805089280414,26.196805089280414,26.196805089280414,47.12939217540803
312.0,11.0,12.0,-0.5151367304432511,-0.19287029892118585,-0.4897059881609498,-0.025430742282301355,0.9673456036648114,-0.3891315132688365,0.08814037762569943,0.08279498469782362,0.08775235421617969,0.010474952711166429,0.011154548801018502,0.012893807578070144,0.012282169825988575,0.012408983891120362,0.009248476630711416,-34.88545527124374,6.835868853480414,6.741071477666168,7.071679275768393,1.1326138486831716,2.7596247591355587e-169,1.5032458000068713e-11,2.8081077254717626e-11,3.074828145851931e-12,0.25767843478116403,16.78125328750014,26.196805089280414,26.196805089280414,26.196805089280414,47.12939217540802
313.0,11.0,13.0,-0.38510515367940823,-0.023940654441880538,-0.4211325776558585,0.03602742397645026,0.9717790860245934,-0.3113598913557184,0.0884147589318728,0.08212373172917214,0.08770191231779803,0.00876807328593331,0.010991177310314751,0.014230346050944174,0.012390737387379702,0.01318070418869603,0.009607170086994623,-28.32816563367788,6.213113765143226,6.627832481771211,6.653810833036713,0.9126593165871798,1.1100427985501476e-126,7.935075197067982e-10,5.865362079723474e-11,4.9582089681277826e-11,0.36166642443477026,16.78125328750014,26.196805089280414,26.196805089280414,26.196805089280414,47.12939217540803
314.0,11.0,14.0,-0.194661709698311,-0.4548198963766571,-0.14634116070493625,-0.04832054899337476,0.9736035319703772,-0.23058725900831079,0.08918159360780942,0.08182095635334313,0.08751739776497827,0.007429763242787909,0.010943161231524627,0.015068325048973496,0.01289251413112225,0.013485721741094572,0.009786517721753643,-21.071357181875754,5.918480874148966,6.346392605909899,6.489633958432461,0.7591835476139691,2.036217472105701e-80,4.617804187233181e-09,3.4908171308603867e-10,1.4200901557954346e-10,0.44794177421901793,16.78125328750014,26.196805089280414,26.196805089280414,26.196805089280414,47.12939217540802
315.0,11.0,15.0,-0.32129128845150634,0.2069190776904517,-0.2903693053665883,-0.03092198308491806,0.9723790656837824,-0.14483959320015188,0.0906649829272069,0.08331682051975717,0.0887858714014659,0.005639233119429981,0.01075092256235183,0.015279876236632189,0.013382963211085935,0.013938910502741085,0.009749607126711789,-13.472294341265103,5.933620241625086,6.225588399640873,6.369642116864598,0.5784061907458524,8.130392440423625e-38,4.225953416509082e-09,7.352778804403526e-10,3.020245641462685e-10,0.5631347795729755,16.78125328750014,26.196805089280414,26.196805089280414,26.196805089280414,47.12939217540802
316.0,11.0,16.0,0.005318842187439014,-0.17715820692278753,-0.0009608295816241987,0.006279671769063213,0.9720049154716761,-0.05375943774827117,0.09247362838834816,0.08581926071483255,0.08921068653366104,0.003932758255245677,0.010541399202616281,0.015328549007657065,0.01363545420453425,0.014614508731261397,0.009644608366607358,-5.099838903257601,6.032771160672471,6.293832198585268,6.10425489998398,0.4077675428337881,4.146278463254423e-07,2.3527963631830616e-09,4.834524486250972e-10,1.5343793174148096e-09,0.6835414309985205,16.78125328750014,26.196805089280414,26.196805089280414,26.196805089280414,47.12939217540803
317.0,11.0,17.0,-0.08154225932827125,-0.147328676020895,-0.017328617396283965,-0.06421364193198728,0.973062719882393,0.04116863484606052,0.09501883464636211,0.08812287630242543,0.08623268224487038,0.0037639926657357077,0.01049794052181427,0.015386472901851057,0.013404096324421893,0.015238007139870833,0.009660213528608888,3.921591550315404,6.175478633243552,6.574324308746423,5.659052489825867,0.38963866115263174,9.465896262388769e-05,9.978364571840901e-10,8.275865765710748e-11,2.046197964198252e-08,0.696896044688357,16.78125328750014,26.196805089280414,26.196805089280414,26.196805089280414,47.12939217540802
318.0,11.0,18.0,0.12785891264450508,0.30554025674460317,0.11143532713691243,0.016423585507592653,0.973430221089898,0.13639028894622457,0.09927148079470786,0.08943198640175282,0.08075611442964262,0.006180534351232964,0.010578648976437108,0.015180370500197214,0.013038684825296703,0.014897644401215831,0.00963364197709896,12.892978040014412,6.539463631234705,6.858972940909149,5.420730435950795,0.6415574053847232,5.071326859769949e-35,1.0343317235817458e-10,1.289415222441044e-11,7.628072056628398e-08,0.5213241289812265,16.78125328750014,26.196805089280414,26.196805089280414,26.196805089280414,47.12939217540802
319.0,11.0,19.0,0.4784840020903564,-0.43965264400458587,0.4805647782286999,-0.0020807761383435097,0.9740738455466429,0.22817835610284545,0.10479212517113869,0.09092257800600624,0.07648488920512161,0.010418619324596735,0.010770391885036427,0.01441169652705773,0.013165200728789494,0.013992881415468022,0.009342085210695685,21.185706011297444,7.271324717002828,6.906281178620992,5.465985663294026,1.1152348848914946,4.037854354009154e-81,7.73859835187239e-13,9.404617733220232e-12,5.964290523261694e-08,0.26504780805392514,16.78125328750014,26.19680508928041,26.19680508928041,26.19680508928041,47.12939217540802
320.0,11.0,20.0,0.3835763155869643,0.21017947908409015,0.36110171355981385,0.02247460202715046,0.9742170042435214,0.31767958807386076,0.10860340302779735,0.0931419116705958,0.07750383601180076,0.017020608334841755,0.011034740201219367,0.01329331240786336,0.012764622754892641,0.01255941095842055,0.008846502944695725,28.78904099969262,8.169777380960028,7.296879309252973,6.170976988362479,1.923992841153932,1.1081591742838893e-129,1.042660628767067e-15,6.470544915533203e-13,1.0254784447054243e-09,0.05467091354013363,16.78125328750014,26.19680508928041,26.19680508928041,26.19680508928041,47.12939217540802
321.0,11.0,21.0,0.6529296172907263,-0.2625901829842687,0.6651961058451225,-0.01226648855439616,0.9718092670021632,0.40282857637140224,0.10983121359993908,0.09546057828167312,0.08305286348898977,0.025044651725548435,0.011403648496073017,0.01179233924192601,0.01155809502773579,0.011189776250814172,0.008310809745556383,35.32453464433958,9.313776626222692,8.259196524392452,7.422209490823985,3.0135031955146476,4.1210628456789455e-172,9.233234701883118e-20,5.21369249881551e-16,2.669304919641787e-13,0.0026549417967287655,16.78125328750014,26.19680508928041,26.19680508928041,26.19680508928041,47.12939217540802
322.0,11.0,22.0,0.7509996217841468,-0.06617072703175741,0.7535037003165087,-0.0025040785323618975,0.9646000857962226,0.4810619659115615,0.11202022244975945,0.10173965125872174,0.09160255027959038,0.033907516959529836,0.011815768472693248,0.010596936488086552,0.010633763663687259,0.010597486397073952,0.007912561576765594,40.71355722848806,10.57100064492191,9.567605080988184,8.643799750937408,4.285276851316481,3.088928240210259e-206,1.0659262081136929e-24,1.0189519212312203e-20,2.46398333502207e-17,2.0219893017643283e-05,16.78125328750014,26.19680508928041,26.19680508928041,26.19680508928041,47.12939217540803
323.0,11.0,23.0,0.687786272752938,0.4703206804880846,0.6244000887773558,0.06338618397558227,0.9537347465006389,0.5540417848996233,0.11640307036486852,0.1127987691779245,0.10137133424952281,0.04219662457439281,0.012235970248710168,0.010107284698965912,0.010070012979387406,0.010420962630866488,0.007704805956563836,45.27975907411401,11.516749931539758,11.201452213499177,9.727636288538724,5.476662853325319,3.827079161909354e-234,1.0047974320050859e-28,2.3583914166988338e-27,2.478377186573622e-21,5.626447530058623e-08,16.78125328750014,26.19680508928041,26.19680508928041,26.19680508928041,47.12939217540802
324.0,11.0,24.0,1.0680524173857187,-0.04074780023728852,1.03765223435646,0.03040018302925862,0.9404797596660289,0.6222719054456104,0.12174610678793422,0.12450364481243081,0.11200469440958159,0.04960396798493465,0.012710075075829474,0.01001072200136425,0.009806621556354407,0.010073898584326783,0.0075938772764886225,48.95894805759046,12.161571040664478,12.695875342691904,11.118306728225479,6.532100293286715,7.497568139023284e-256,1.2998843137440591e-31,4.337113196636635e-34,5.362320231513569e-27,1.0840736996908962e-10,16.78125328750014,26.19680508928041,26.19680508928041,26.19680508928041,47.12939217540803
325.0,11.0,25.0,1.1562071951977184,-0.04675587312964091,1.1940908902015601,-0.0378836950038417,0.9271267840544956,0.682798764193193,0.1288087182828193,0.13812774060466887,0.12432967357356747,0.056415263979564534,0.013179888210499681,0.009999602854639382,0.00953634448755036,0.009638293119734544,0.007441237300655042,51.806111955429586,12.881383406447753,14.484348880747104,12.899553067026014,7.581435949448672,3.762363290931936e-272,5.757330542361683e-35,6.894860973736921e-43,4.7191211102234587e-35,8.508021678935852e-14,16.78125328750014,26.19680508928041,26.19680508928041,26.19680508928041,51.05623637017926
326.0,11.0,26.0,1.309793195789627,-0.010112735478272183,1.3351126506766673,-0.02531945488704035,0.9108700042703577,0.7389982592890274,0.13772942695123358,0.15394989531412634,0.1368229858497954,0.062398233313674195,0.0138069688094146,0.00983066876535405,0.009137698481694509,0.009299393619156373,0.00743231000998097,53.52356983562709,14.01017878220346,16.847775796337903,14.713108343746802,8.395536950137789,9.043414782029313e-282,1.752231504925495e-40,1.4684025129397294e-55,4.577949969940139e-44,1.790475707349924e-16,16.78125328750014,26.196805089280375,26.196805089280375,26.196805089280375,50.719209136320394
327.0,11.0,27.0,1.3763298959584442,0.3742598664206045,1.254178531872822,0.12215136408562222,0.8941775290841272,0.7923524184866514,0.14718527141156523,0.16898514662176128,0.14886349324760267,0.06714731125597798,0.014499064391789464,0.009645690801880661,0.008752714182518719,0.009211097502148555,0.007401582168767881,54.64852055801235,15.2591737009513,19.306599427097183,16.16131988754643,9.072021322591867,5.52714386424478e-288,6.377578077989287e-47,9.494591600564427e-70,9.04729904264311e-52,7.207460055565176e-19,16.781253287500096,25.782404695040245,25.782404695040245,25.782404695040245,50.2858754591675
328.0,11.0,28.0,1.588923102825044,0.1674590809029084,1.5693299435646964,0.019593159260347548,0.8605195020826348,0.8373262187474297,0.15605583171186294,0.17963352923532455,0.15904452315201534,0.06996484397843336,0.014833309848629996,0.009434711597018253,0.008481311246049273,0.009083260203465096,0.007275799764382498,56.449047939544336,16.540604353097855,21.179924191439223,17.509629757313654,9.616103554819492,8.694906676804718e-298,7.462724553494042e-54,4.382381202803736e-81,2.7356990719974934e-59,6.651714829087945e-21,17.128030665744173,27.267543296076422,27.267543296076422,27.267543296076422,53.94509778859228
329.0,11.0,29.0,1.6709225814090733,0.34340322648743293,1.5650365067592575,0.10588607464981581,0.8384682653657889,0.8663135587300019,0.1624570126005344,0.1859785320057232,0.16615636906359313,0.07237050711335019,0.014859960893993338,0.009341308859665214,0.008385345234488015,0.008971680227563521,0.007243703495318611,58.29850865086606,17.39124731246246,22.178995235737425,18.520094881794172,9.990815769878086,1.1230465493719704e-307,1.2865273848382473e-58,2.8323213279839245e-87,4.086789366504406e-65,2.328190596586071e-22,17.037502885000233,26.6972363550175,26.6972363550175,26.6972363550175,51.58285761351143
330.0,11.0,30.0,1.994435800221488,0.07041140770786702,1.9780015615996602,0.01643423862182769,0.7764402257474706,0.8842293477548353,0.1669604770229795,0.1898727003974813,0.1708526939492364,0.0743371175300172,0.014805754009734646,0.009303969841618378,0.008350454853617791,0.008874103856154204,0.007217495027330628,59.72200721242989,17.945079344102602,22.738006938055587,19.252951815607815,10.299573085748365,3.651466483e-315,8.814041065276424e-62,8.965986817002292e-91,1.977524600497405e-69,1.3639269821056128e-23,15.76480279808023,24.310629505750295,24.310629505750295,24.310629505750295,47.76666578673462
331.0,12.0,1.0,-1.4067316189239003,-0.23918711330107856,-1.328092663913435,-0.07863895501046536,0.7922859002609491,-0.8798429914929655,0.11301142577430764,0.14544149344271667,0.1330654741185459,0.03067155968621294,0.015867642486149514,0.009521787653740857,0.009993071758546832,0.00982324461017801,0.007234696711843256,-55.44887920565134,11.868719392194013,14.554232868219334,13.5459799077664,4.23950870476759,2.3082074234899617e-292,2.7514184638244487e-30,3.0192057198009865e-43,3.5384145937439185e-38,2.4716350707059485e-05,15.764802798080233,24.310629505750295,24.310629505750295,24.310629505750295,47.76666578673462
332.0,12.0,2.0,-1.3021090468312824,-0.1426096797459755,-1.2548907762568347,-0.04721827057444772,0.8219783058032936,-0.8703313514614143,0.1115420263176562,0.1426950084482307,0.12895121442847798,0.029154901632447217,0.016009848477705445,0.009536371270373064,0.009944008107837786,0.009821126369536148,0.007247599831392779,-54.36224787969707,11.696485293540029,14.349848361020507,13.129982201274572,4.022697487541126,2.0761955954146452e-286,1.6158802276249837e-29,3.355645457837259e-42,3.728554171467125e-36,6.237057334974412e-05,17.037502885000237,26.697236355017495,26.697236355017495,26.697236355017495,51.58285761351142
333.0,12.0,3.0,-1.2154949651339735,-0.3448922547758324,-1.2226562237267316,0.0071612585927580685,0.8326680110588003,-0.8531673332812485,0.11006015494762257,0.1383872503373554,0.12344270699268817,0.02727142775919042,0.01598473232025316,0.009606579225052848,0.009862372677958395,0.00986942433194617,0.007265929466306609,-53.37388929561608,11.456747752685827,14.031841510779623,12.507589383214437,3.75332954794742,6.141679756967089e-281,1.8409530108735462e-28,1.363977684041293e-40,3.2990944127767536e-33,0.00018570321212212448,17.128030665744177,27.267543296076425,27.267543296076425,27.267543296076425,53.94509778859229
334.0,12.0,4.0,-1.2448688068166458,0.15811740414934206,-1.2807320173326606,0.03586321051601482,0.8601269929364675,-0.8279266004706534,0.10851609596192027,0.13058607608444917,0.11578019963046352,0.024619151978245563,0.015604763414011985,0.009738779775115341,0.009784391617014939,0.009982462129714363,0.007409089993035735,-53.05601748035688,11.142678905133684,13.346366457507848,11.598361018152586,3.32283073918479,3.623412751390841e-279,4.216846249879609e-27,3.34646683688947e-37,4.393471202974945e-29,0.0009270592757116996,16.7812532875001,25.78240469504025,25.78240469504025,25.78240469504025,50.2858754591675
335.0,12.0,5.0,-1.2203114217141877,-0.14865908573494946,-1.1917831050996721,-0.028528316614515603,0.8899074468259468,-0.7969883163736333,0.10721943893465075,0.11765960332023376,0.10785243451470868,0.021835989616263707,0.015067431331941517,0.009732104540160382,0.009646596692113808,0.00999120253145957,0.007420874423151987,-52.894770104848206,11.017086642688675,12.197006579161924,10.79474009010535,2.9425089782059617,2.880768528682584e-278,1.4486748614693215e-26,8.952620741256654e-32,1.2551820517470093e-25,0.0033392921721331886,16.781253287500135,26.196805089280375,26.196805089280375,26.196805089280375,50.71920913632039
336.0,12.0,6.0,-1.0472380409320845,-0.09388682684081429,-1.0524847018700316,0.005246660937947123,0.9104907965188233,-0.7579561706283988,0.10623227381313938,0.10616301989464123,0.10196797743158291,0.019038373049063667,0.014544437320682108,0.00975269497247753,0.009858125052292908,0.010090052532085404,0.007435469238060958,-52.11313122100567,10.892607029434513,10.76908837446211,10.105792522619131,2.560480373129557,6.984546040919963e-274,4.8722026119751496e-26,1.606814982269665e-25,8.157529143972374e-23,0.0106151085181104,16.781253287500135,26.19680508928041,26.19680508928041,26.19680508928041,51.05623637017926
337.0,12.0,7.0,-0.867603233560746,-0.5065381341412967,-0.7705958954465629,-0.09700733811418305,0.9263842810334545,-0.7102800928186421,0.10509056721253521,0.09877067294655617,0.09794832449743694,0.01595241161655174,0.013923573149977143,0.009893048983340636,0.01011716876248002,0.010122795201990812,0.007663594105792171,-51.01277417570131,10.622667227211963,9.762679190728903,9.67601562048532,2.0815835750610607,1.1828643173910282e-267,6.523885227651021e-25,1.8140343053953845e-21,3.918315848370615e-21,0.03766295818960387,16.78125328750014,26.19680508928041,26.19680508928041,26.19680508928041,47.12939217540803
338.0,12.0,8.0,-0.8316956648236105,-0.3182526793497644,-0.8354087824761515,0.0037131176525410092,0.9349629974177678,-0.6551303880887809,0.1026636514342572,0.0941274201774459,0.09463134560188932,0.014207647984317591,0.013235854191736784,0.010058746681939321,0.010401029581710963,0.010205881921844937,0.007841375464382537,-49.49664589821353,10.206405895338015,9.04981756257653,9.272235983774994,1.8118821179845597,5.794878716772736e-259,3.233525714123221e-23,8.685514255072068e-19,1.3183865688514646e-19,0.07033796704218752,16.781253287500135,26.196805089280414,26.196805089280414,26.196805089280414,47.12939217540803
339.0,12.0,9.0,-0.7428908906896107,-0.16828872835373454,-0.7467469660742827,0.003856075384672031,0.9446286210833775,-0.5943443421074346,0.09783874441874389,0.09081362095016518,0.09172817956946203,0.013099225480028235,0.012646560107154885,0.0105847746325655,0.010593376076281356,0.0104468365691133,0.008181003742895664,-46.99652214290113,9.243346959672593,8.572679785578227,8.780474257696527,1.6011758326603291,2.313114167281838e-244,1.6876874488663663e-19,4.3701606891263773e-17,8.103269404117044e-18,0.10968928974004191,16.781253287500135,26.196805089280414,26.196805089280414,26.196805089280414,47.12939217540803
340.0,12.0,10.0,-0.6059599721975427,-0.4290035702558581,-0.5739820752928677,-0.03197789690467501,0.9590961592553373,-0.529242871651336,0.09326649713725865,0.0877731436454039,0.08947215127522783,0.012352802941874257,0.012141327859300785,0.011708440367755276,0.010856625265546097,0.01087932175818744,0.00857677694180204,-43.59019687009876,7.965748998825841,8.08475391740334,8.224055990245335,1.4402616537301305,6.14709090556684e-224,4.950774860552483e-15,2.00358534998553e-15,6.851076957993278e-16,0.1501415355697657,16.78125328750014,26.196805089280414,26.196805089280414,26.196805089280414,47.12939217540802
341.0,12.0,11.0,-0.5943393625863027,0.13580586065718914,-0.6171523908009804,0.022813028214677677,0.9664950557691163,-0.46008183322895,0.09312477900500675,0.08455829295105982,0.08895780817896123,0.011324658741636958,0.011624723441323162,0.012570175953411733,0.011435334420856777,0.011521687420499227,0.008948163222557622,-39.577873448022615,7.408391047997327,7.394474865276779,7.720901021901422,1.265584730628111,3.8380917176640985e-199,2.944896759907846e-13,3.250688442329741e-13,3.0729570363351403e-14,0.2059896908577626,16.78125328750014,26.196805089280414,26.196805089280414,26.196805089280414,47.12939217540803
342.0,12.0,12.0,-0.5114443237202325,0.12935573452242533,-0.5425300299165826,0.031085706196350094,0.9660934654207558,-0.38695244963229286,0.09380152195613962,0.08250070736607654,0.08879018167864622,0.010067687736396444,0.011194265673869233,0.013516639040401977,0.012194887952064077,0.012226177860698937,0.009366909564640187,-34.56702394830201,6.939707546806696,6.765187813973532,7.262300834348432,1.0748142348252914,3.1161870422776734e-167,7.516509420587697e-12,2.3970904514837043e-11,8.24236400073837e-13,0.28274628689026804,16.78125328750014,26.196805089280414,26.196805089280414,26.196805089280414,47.12939217540803
343.0,12.0,13.0,-0.32552361853834727,-0.1719564744049337,-0.332237371319695,0.006713752781347726,0.9694439295321982,-0.3096220687383278,0.09378537133506841,0.08079326492133371,0.08812686026759659,0.008838188956479313,0.0110331465186507,0.01452462335212793,0.013131589640957089,0.012770356315218183,0.009760702097408275,-28.062898305114967,6.45699162459372,6.152588310355176,6.90089282493845,0.9054870098766856,5.906555847501954e-125,1.7458055397371704e-10,1.1463681129307624e-09,9.749719495573663e-12,0.36545004318098717,16.78125328750014,26.196805089280417,26.196805089280417,26.196805089280417,47.12939217540802
344.0,12.0,14.0,-0.42329485526843424,0.3458198524057696,-0.3972808535508436,-0.026014001717590662,0.9732067767761471,-0.22882773725521513,0.09360019053998947,0.08099396808914716,0.08757863389412711,0.007486018668814298,0.010921889640346166,0.014800249251720061,0.014092533176408042,0.012999548473433153,0.009874017670526505,-20.951295498345882,6.324230690176479,5.747296605605097,6.737051988621707,0.7581532582385105,1.1097672222637536e-79,4.0057511260639545e-10,1.241328978959056e-08,2.883024420419042e-11,0.44855793548658485,16.78125328750014,26.196805089280414,26.196805089280414,26.196805089280414,47.12939217540803
345.0,12.0,15.0,-0.22680255202175795,-0.06757838837704125,-0.2258183354863683,-0.0009842165353896593,0.974365812209323,-0.14360489318416425,0.09329550130665096,0.08286311648143271,0.0877947884507457,0.005222180378272075,0.01075740569133774,0.01475975022258178,0.014685878142828542,0.013356185606049812,0.009803694574797095,-13.34939829403294,6.320940388538071,5.6423671554088655,6.573342946879849,0.5326747317992775,3.2347221315667606e-37,4.088277311075355e-10,2.2472877869647658e-08,8.328098686663082e-11,0.5943903948767812,16.78125328750014,26.196805089280414,26.196805089280414,26.196805089280414,47.12939217540802
346.0,12.0,16.0,-0.031044624366382747,0.08813611182716975,-0.04004252459969317,0.008997900233310426,0.9762851174361419,-0.052693187699823014,0.09351059863524813,0.08551074843812466,0.08897614429998746,0.0030821803499855947,0.010609948516418829,0.014934855529213748,0.014838111524875422,0.01440980033969894,0.009767858876872912,-4.966394287237176,6.261232219644446,5.7629131776486355,6.174696540024816,0.31554308767535405,8.161801237635474e-07,5.909589912711264e-10,1.1354479186918755e-08,1.0025860359312784e-09,0.7524225758007774,16.78125328750014,26.196805089280414,26.196805089280414,26.196805089280414,47.12939217540803
347.0,12.0,17.0,0.15571942734067862,-0.20084615473655326,0.13260734062219814,0.023112086718480473,0.9772353978038913,0.042181764940820224,0.09444132110385446,0.08790228561438676,0.08829002672052996,0.0021166310916002507,0.010563101267737634,0.015094570136055512,0.014454982398030164,0.015660463090187177,0.009769900965862473,3.9933125577101047,6.256641974736865,6.081106375222259,5.637766023397633,0.21664816245283172,7.047737331128538e-05,6.078611365960162e-10,1.7630360877992513e-09,2.306038670688337e-08,0.8285317007826392,16.78125328750014,26.196805089280417,26.196805089280417,26.196805089280417,47.12939217540802
348.0,12.0,18.0,0.10424402578551142,0.09669146694521855,0.09222052241406258,0.012023503371448849,0.9760787792625402,0.1385236137145937,0.09708959078667218,0.08935061792542479,0.08365047117753135,0.004140126245922539,0.010647570261949254,0.014774672946581588,0.013666934656953504,0.014964267240772114,0.009719777970936901,13.009880217426632,6.571352959060644,6.537721893618969,5.590014521366917,0.42594864391984333,1.4051299243292085e-35,8.435008792120016e-11,1.0458920290761191e-10,3.011000176386975e-08,0.6702472256183865,16.78125328750014,26.19680508928041,26.19680508928041,26.19680508928041,47.12939217540802
349.0,12.0,19.0,0.3270989844466637,-0.23095788371955622,0.3208348592366161,0.0062641252100476,0.9760218780428663,0.23100419132226235,0.10139084703355275,0.0910694357391196,0.08003242315148174,0.008011554244642359,0.010860427848950428,0.014488750363601727,0.013053180973758283,0.013521979666832435,0.009417784894391549,21.270266193480307,6.997901440020962,6.976800208485795,5.918691280670264,0.8506835030192053,1.2182106469690499e-81,5.077072309344261e-12,5.855219887451712e-12,4.612122998575524e-09,0.39517170225967413,16.78125328750014,26.196805089280414,26.196805089280414,26.196805089280414,47.12939217540802
350.0,12.0,20.0,0.48122293911098224,0.06253678122316036,0.4599251930688547,0.02129774604212753,0.9758918757660885,0.3193991847705217,0.10694878940476418,0.09539973833993957,0.0825457745190768,0.014620944618322283,0.011090020271786072,0.01383337461453653,0.012448523832041404,0.011967564741116347,0.008882346885081717,28.800595214699438,7.731214716933867,7.663538233697159,6.897457946099805,1.6460677349675215,9.318505135513262e-130,2.848256501124257e-14,4.680489892873174e-14,9.976163403657498e-12,0.10009933596815995,16.78125328750014,26.19680508928041,26.19680508928041,26.19680508928041,47.12939217540802
351.0,12.0,21.0,0.4705784632829254,0.4566246756844569,0.45465602617281103,0.015922437110114374,0.9733857968743307,0.40489850594673094,0.10989169518671155,0.0993873425933402,0.08868410671055829,0.02317452865554154,0.011425785062806938,0.012035006162044429,0.011301546036007974,0.010715706458042979,0.008365767037135092,35.43725912232947,9.131004480353656,8.794136862043578,8.276085861235392,2.770161845610968,7.770491778675312e-173,4.383236895628511e-19,7.245006111494984e-18,4.570749997444273e-16,0.00571834292587205,16.78125328750014,26.196805089280414,26.196805089280414,26.196805089280414,47.12939217540802
352.0,12.0,22.0,0.7179399663778885,0.08045818511026959,0.7020899424915995,0.015850023886288978,0.9683944714825387,0.4827031207289,0.11335652875449291,0.10546118569466756,0.09633919794908229,0.03233019121691888,0.011834501854430694,0.010462605223131012,0.010451044433862052,0.010391404838835272,0.007911114382839009,40.78778529644506,10.834445755812444,10.090970941905727,9.271046546953755,4.086679783956904,1.0669326239004411e-206,8.556648202545903e-26,9.343282408811823e-23,1.3318760571410138e-19,4.76714444514457e-05,16.78125328750014,26.19680508928041,26.19680508928041,26.19680508928041,47.12939217540802
353.0,12.0,23.0,0.7479589647843049,0.14644776289980865,0.7348769459010748,0.013082018883230129,0.9615163683524225,0.5541125066437114,0.11892611426302666,0.11551967655150043,0.10561291842194134,0.040847563843405536,0.012179582341016931,0.01004070555246671,0.00992791703276558,0.010233150685154107,0.007664796168320294,45.495197711143014,11.844398149272484,11.635842258778483,10.320664834454243,5.329243328378959,1.959064396816646e-235,3.536840970175027e-30,3.000475196681602e-29,1.1208760761866307e-23,1.247521845791645e-07,16.78125328750014,26.196805089280414,26.196805089280414,26.196805089280414,47.12939217540802
354.0,12.0,24.0,1.0551558817989348,-0.03398769714015648,1.0536680591397911,0.0014878226591437116,0.9503169811425004,0.6218819795097138,0.12523273815897978,0.12775884945070695,0.11544943292301707,0.048866961902246306,0.012522238194829291,0.010024281778564837,0.009607213665061546,0.010012815613793932,0.007562595182361364,49.66220653481121,12.492938738690283,13.298220889509956,11.53016667599179,6.461665701242515,6.4272568658668446e-260,3.859937479738822e-33,5.734734565498304e-37,8.772869511408791e-29,1.695034821101601e-10,16.78125328750014,26.19680508928041,26.19680508928041,26.19680508928041,47.12939217540802
355.0,12.0,25.0,1.1750513671066232,0.02643792148176005,1.1849188630738587,-0.009867495967235573,0.9377609054241256,0.6845568740861074,0.13287843052244447,0.14121733838119033,0.1251048645196518,0.05655115674142656,0.012911162366650247,0.009980723553318065,0.009317949899866028,0.009710124494835113,0.007426942999263541,53.02054568334835,13.313506762570274,15.15540863588682,12.883960919985734,7.614324863814654,5.715679503096942e-279,4.833966576522544e-37,2.24945126357175e-46,5.597257729528569e-35,6.701101585308646e-14,16.78125328750014,26.196805089280417,26.196805089280417,26.196805089280417,51.05623637017926
356.0,12.0,26.0,1.1820620232206143,0.15456489464805867,1.185554910909304,-0.0034928876886897164,0.9241558108579427,0.7409647433100752,0.14196532905327858,0.15522735577533336,0.1350652060454865,0.06277207319750322,0.013545566229345742,0.009778242593112052,0.008951956712631898,0.009358843648549928,0.007425652061399408,54.70164412210505,14.518491201402712,17.340047629619974,14.43182631503986,8.45340889641326,2.8233132706672244e-288,4.607280289776663e-43,2.5090818501364806e-58,1.280461428626345e-42,1.132500265307186e-16,16.78125328750014,26.196805089280375,26.196805089280375,26.196805089280375,50.71920913632038
357.0,12.0,27.0,1.5516867759376245,-0.2817899090894844,1.7051436195111653,-0.15345684357354084,0.9155920300303432,0.7929044375623249,0.15209271940367114,0.16874424004560235,0.14614778682026958,0.06786483745710008,0.014316383960961136,0.009567245072506182,0.008639219671733788,0.00917605912979773,0.007398275378933039,55.38440710478772,15.897232510615492,19.532347417638633,15.927075529153782,9.173061826050516,5.18512501274244e-292,2.464906432427387e-50,4.292271239811459e-71,1.699256655846659e-50,3.0697087058830757e-19,16.7812532875001,25.78240469504025,25.78240469504025,25.78240469504025,50.28587545916751
358.0,12.0,28.0,1.6290258436565426,0.17045727700639945,1.6224195009344027,0.006606342722139891,0.8935234784091927,0.8362403737310379,0.1614488864735348,0.17857657474673638,0.15720409490075016,0.07112611964026788,0.014670179726478091,0.009384871921302483,0.008415352681832066,0.008950154897692773,0.007264012432402245,57.002735434911834,17.20309960832455,21.22033163651786,17.564399353722383,9.791574601799809,9.11244169052785e-301,1.4906669384872916e-57,2.4724548600898097e-81,1.3343092144260932e-59,1.4015510875199401e-21,17.128030665744177,27.267543296076422,27.267543296076422,27.267543296076422,53.945097788592285
359.0,12.0,29.0,1.731350083983041,0.1796518144199606,1.7001281355572235,0.03122194842581738,0.8632559625587579,0.8674910778089903,0.16746876395987007,0.18408981400935262,0.16393376345648464,0.07377547569485202,0.014710268932076078,0.009313870994232316,0.00831894475161174,0.008809786939662096,0.007223462653777143,58.97180274640704,17.980575859766184,22.128986248368395,18.60814167008361,10.213311708100946,3.1291617164774e-311,5.505196533791039e-62,5.807780107887774e-87,1.2495637299547383e-65,3.033745558898044e-23,17.037502885000233,26.697236355017495,26.697236355017495,26.697236355017495,51.582857613511415
360.0,12.0,30.0,1.9311057760556245,0.15211545069234234,1.9230862040601933,0.00801957199543124,0.8099483421955678,0.8865771116029673,0.17166080498864958,0.18746644675705054,0.16815290305264918,0.07581091652965777,0.014654964633489288,0.009292727518305836,0.00827273901708303,0.008721476133135985,0.007189252039030161,60.496707687507865,18.47259640944957,22.660747108054093,19.28032600052376,10.545035299650554,3.4039e-319,7.736737871911685e-65,2.7395799692821227e-90,1.360114405320462e-69,1.3632751554880088e-24,15.764802798080234,24.3106295057503,24.3106295057503,24.3106295057503,47.76666578673462
361.0,13.0,1.0,-1.5153610749562776,0.22932152306271192,-1.5326054324752345,0.01724435751895692,0.816755980983757,-0.8750623036283225,0.11233453381458895,0.14707989118156573,0.13588545599451626,0.030858039164116873,0.01562260488314068,0.009464261025277934,0.009861187885262307,0.009692264164610514,0.007193260102233588,-56.01257345839018,11.86934019619245,14.915027772808065,14.019990962553058,4.2898544923372235,1.9938733389485773e-295,2.733825592840945e-30,4.0906085250112065e-45,1.5643379406069673e-40,1.9815808389335282e-05,15.764802798080233,24.3106295057503,24.3106295057503,24.3106295057503,47.76666578673462
362.0,13.0,2.0,-1.510588429152818,0.2730605684342784,-1.5330314614066438,0.022443032253825823,0.8445060596118046,-0.8645239987721278,0.11123185132045621,0.14535433879417786,0.13180399156393108,0.029341770958010525,0.01571717134257085,0.009464657007832037,0.009916618375893521,0.009685376278088033,0.0072119400251220555,-55.00506292951809,11.752338328627383,14.657651760354339,13.608556630073457,4.068499024645444,6.128861811624146e-290,9.119412854676308e-30,8.856008718027096e-44,1.7416871758700915e-38,5.147398356134501e-05,17.037502885000233,26.6972363550175,26.6972363550175,26.6972363550175,51.58285761351142
363.0,13.0,3.0,-1.2463110039149845,-0.3510290453653391,-1.2236595660963008,-0.02265143781868373,0.8532953917966374,-0.8471884247551456,0.11008472994082812,0.1418731426803405,0.12598177768741012,0.027448917823316727,0.015630577487811,0.00951450141511108,0.00993163052680327,0.009724612187450262,0.007236387792638635,-54.20071174054817,11.57020479980063,14.284979923231774,12.954941056671775,3.7931794992025867,1.6137104497982765e-285,5.847445771310424e-29,7.174897559622904e-42,2.570963941067428e-35,0.00015867560892322976,17.128030665744177,27.26754329607642,27.26754329607642,27.26754329607642,53.945097788592285
364.0,13.0,4.0,-1.1922496343274183,0.262999940221444,-1.2605567391628851,0.06830710483546687,0.8809544691087803,-0.8213071943131918,0.10901592667447499,0.13473525432980643,0.11754686485706226,0.024827535007824288,0.015216574559208457,0.009614021136839344,0.00984396523494533,0.009848935481980514,0.00736222278881098,-53.97451253680282,11.339264301879256,13.687091645905706,11.934981711691023,3.372287924450872,2.865821453988512e-284,5.984266741121715e-28,7.133910110708679e-39,1.3855395075010072e-30,0.0007772782432660671,16.781253287500096,25.78240469504025,25.78240469504025,25.78240469504025,50.28587545916751
365.0,13.0,5.0,-1.0724194068836026,-0.2975099256914804,-1.0323940768905906,-0.040025329993012004,0.904317849360235,-0.7902067259375722,0.10840091590922213,0.12135127441795054,0.10874470322846391,0.02214792267408793,0.014701977527218486,0.00955581671286309,0.00961984272444125,0.009894120357648993,0.0073431824428832285,-53.74832905808923,11.343971862007734,12.614683825301208,10.99084095377868,3.0161204418328142,5.121046542958593e-283,5.709141925058932e-28,1.0430222998035707e-33,1.872431546914109e-26,0.0026323620017955364,16.78125328750014,26.196805089280375,26.196805089280375,26.196805089280375,50.71920913632038
366.0,13.0,6.0,-1.0475174898380226,0.038181568516143516,-1.0811020315876552,0.033584541749632546,0.9226938381846761,-0.7507682680661564,0.10787831877356702,0.1079480105536717,0.10234336630421757,0.019299434168389473,0.014302210245916729,0.009490073536714555,0.009784234858579629,0.01002959643299964,0.007336982458834069,-52.493164004528616,11.36749028932333,11.032851532484825,10.204136027595762,2.6304320988463115,5.10719523154962e-276,4.511917370233013e-28,1.2414817996777953e-26,3.301998856333355e-23,0.008673495020326149,16.78125328750014,26.196805089280417,26.196805089280417,26.196805089280417,51.05623637017926
367.0,13.0,7.0,-0.9628163135813185,-0.1057352053978381,-0.969820318632446,0.0070040050511275265,0.9346058743935555,-0.7023230473567132,0.10710282796104313,0.09954283570786407,0.09859169455411734,0.015907523440464158,0.013805248118961139,0.009490472593688522,0.010163235978817428,0.010142521662518241,0.007545634692258615,-50.87362728324248,11.285299747061075,9.794403663885669,9.720629428721224,2.1081756656977255,7.333194157167121e-267,1.0253632588329849e-27,1.3665507213170126e-21,2.6376610388075542e-21,0.03529201739803322,16.78125328750014,26.196805089280414,26.196805089280414,26.196805089280414,47.12939217540803
368.0,13.0,8.0,-0.9913757945236482,0.2312088537019713,-1.0168944046150228,0.02551861009137457,0.9393054636512881,-0.646837975666505,0.10501974662952421,0.09448545068499054,0.09612743162032619,0.014102369889208693,0.013140063430927227,0.009538867951678373,0.010561876943403055,0.010305046028292002,0.007792660375573246,-49.22639674204837,11.009665629247534,8.94589580917302,9.328190418209973,1.8096990256900924,2.114137845367414e-257,1.5577562097526347e-26,2.0693126490384026e-18,8.157370873927944e-20,0.0706763267893939,16.78125328750014,26.196805089280417,26.196805089280417,26.196805089280417,47.12939217540803
369.0,13.0,9.0,-0.7964964975738431,-0.024864504144350374,-0.8039958938100044,0.007499396236161249,0.9507142857677565,-0.5865417958121968,0.10036833544694959,0.09070741544852517,0.09397378179836785,0.013116487838301317,0.012433798356262678,0.010194351498226775,0.010965594252516885,0.010523086749172909,0.008213213983988454,-47.173179024313704,9.845485067334382,8.272001804891286,8.930248703476096,1.5969981865651774,2.0965515417170557e-245,8.647383480611621e-22,4.718651289218825e-16,2.356609932586075e-18,0.11061752944584995,16.78125328750014,26.196805089280414,26.196805089280414,26.196805089280414,47.12939217540803
370.0,13.0,10.0,-0.7097561939214782,-0.2634403098110466,-0.6532272684228736,-0.056528925498604554,0.9660439017887391,-0.5231474091199204,0.09638256635087125,0.08687843225340368,0.09184758906118903,0.012242140490848544,0.011929749675174356,0.01170932058914981,0.011326782802121562,0.0108235619366028,0.008662685193155535,-43.852337506174415,8.231268895326181,7.670177293161384,8.485893054354094,1.4132038990082625,1.5692975780222983e-225,6.478086164708917e-16,4.4586244838994035e-14,8.747456059704823e-17,0.15794191433975033,16.78125328750014,26.196805089280417,26.196805089280417,26.196805089280417,47.12939217540803
371.0,13.0,11.0,-0.5574803182247705,-0.18140024091057128,-0.5967569003875347,0.039276582162764195,0.972230453911951,-0.4555900636364996,0.09726235824049886,0.08401809088931825,0.0905155799889917,0.011012030045924067,0.01164132473493953,0.012722963951944766,0.011612808357794144,0.011331707372100083,0.009065172113511736,-39.13558585554449,7.644630497096696,7.234950263596489,7.9878148117247605,1.2147623793607314,2.302411137541898e-196,5.3736721943420034e-14,9.974456397793253e-13,4.1898360098931135e-15,0.22477569435250666,16.78125328750014,26.196805089280414,26.196805089280414,26.196805089280414,47.129392175408015
372.0,13.0,12.0,-0.35447905507354555,-0.33726925041439093,-0.3528493884794813,-0.0016296665940642718,0.9713301669585495,-0.38380936340488936,0.09885768862171053,0.08153196881189276,0.08973420861344648,0.009710611631239222,0.011409061099315934,0.013581138248080363,0.01197172592779971,0.011885753263547915,0.009471759424586697,-33.64074923114417,7.2790429502978995,6.8103771589496755,7.549728370068881,1.0252173008145153,3.0180199583881418e-161,7.331835382481724e-13,1.779625090397256e-11,1.0701051843354698e-13,0.30553644307687705,16.78125328750014,26.196805089280414,26.196805089280414,26.196805089280414,47.12939217540803
373.0,13.0,13.0,-0.40516791007147807,-0.011289975121068052,-0.4236118766365797,0.01844396656510161,0.97296743799782,-0.30717443112167453,0.09852459420728242,0.07859619086873626,0.0887125068590678,0.008544270513211162,0.011236416473281824,0.013948854815287218,0.013315414640833306,0.012422225297961012,0.009843224563383086,-27.337401728752226,7.063274764269867,5.902646893752124,7.14143438322835,0.8680357192089218,3.0625463187938085e-120,3.2563417212979483e-12,5.065486381716012e-09,1.9059079164386862e-12,0.38560642987896177,16.78125328750014,26.196805089280414,26.196805089280414,26.196805089280414,47.12939217540803
374.0,13.0,14.0,-0.3036238796275176,-0.23763783783997022,-0.26318332681982454,-0.04044055280769304,0.977391141993109,-0.22619090300326122,0.09721549202122282,0.07886363515891257,0.08805285296287987,0.007010302217829322,0.010997351555674738,0.013795935712434907,0.014471962563407319,0.012666457763434441,0.009957887695406599,-20.567761415842398,7.04667621302396,5.449408455375709,6.951655672596252,0.7039949065767284,2.4431642142988698e-77,3.6462775733556464e-12,6.528165866461124e-08,6.936328843720934e-12,0.481618249416391,16.78125328750014,26.196805089280414,26.196805089280414,26.196805089280414,47.12939217540803
375.0,13.0,15.0,-0.1688964188536891,-0.040316067708547704,-0.1361310382039077,-0.032765380649781406,0.9789677096146462,-0.14055980995368125,0.09541482815642825,0.08095250883215119,0.08824910961232044,0.00450859443529164,0.010771386638378308,0.013919825035221918,0.014966993625119551,0.013126080404213288,0.009901994605346468,-13.04937002751981,6.854599674564595,5.408735438778178,6.7231882553449624,0.4553218432231094,9.09200624628109e-36,1.327459000520113e-11,8.139662426809466e-08,3.1567657027902914e-11,0.6489876575564695,16.78125328750014,26.196805089280414,26.196805089280414,26.196805089280414,47.12939217540803
376.0,13.0,16.0,-0.11649883616766527,0.3879435511132961,-0.16811196042398616,0.05161312425632089,0.9808188389213198,-0.0494369561212136,0.09442565314532254,0.08330320217160364,0.08990421512501476,0.0022577908559539566,0.010669122791104794,0.014450569775396849,0.01491723371462571,0.014629253213447994,0.009872490075903585,-4.633647684927841,6.534389620130351,5.584359926594729,6.145509535809387,0.22869517604932219,4.123559000174062e-06,1.0683627206046881e-10,3.107216154140429e-08,1.1965236583316378e-09,0.8191578556831078,16.78125328750014,26.196805089280414,26.196805089280414,26.196805089280414,47.12939217540803
377.0,13.0,17.0,0.13114531220322756,-0.10406024533594238,0.15072961355251085,-0.019584301349283295,0.9800866979680207,0.04579974347436802,0.09496204299370407,0.08542049608400529,0.09066839578374764,0.0009734779960156244,0.01064809039581172,0.014600345548315205,0.014631834841220964,0.016335420917128606,0.009824758025689485,4.301216628700177,6.504095583180368,5.837989357517742,5.550416866741202,0.0990841701617692,1.8845854067324557e-05,1.2955653069493104e-10,7.374619634058233e-09,3.750748890236659e-08,0.9210935295535378,16.78125328750014,26.196805089280414,26.196805089280414,26.196805089280414,47.129392175408015
378.0,13.0,18.0,0.0863869069150367,0.08371737588935185,0.09972425280551417,-0.01333734589047747,0.9776259373458874,0.14215920738812993,0.09639149682742698,0.08730191035848942,0.08680360807310487,0.0024811744382938847,0.010757130630040851,0.014429936564056112,0.013792200834052913,0.015160994837172497,0.009707759096783768,13.21534638532042,6.679966775982298,6.329802720312859,5.7254559483310015,0.255586733617639,1.4450055908587838e-36,4.184142650975219e-11,3.869695475399563e-10,1.4056723423913081e-08,0.7983284277591489,16.78125328750014,26.196805089280414,26.196805089280414,26.196805089280414,47.12939217540802
379.0,13.0,19.0,0.2697046380894863,-0.19879028144335037,0.29842306710323374,-0.028718429013747437,0.9769190901028646,0.2349661842565366,0.09938730453324779,0.09041719143438062,0.08459121504748647,0.00636598823276235,0.011006783875032842,0.014065133264935864,0.012760084405773524,0.013254796912019013,0.009386979325306206,21.347396925774152,7.066218475229,7.085939916938933,6.381932187190431,0.6781721800111337,4.077837753286195e-82,3.1915992462996288e-12,2.78931324605987e-12,2.7971743494877094e-10,0.4978370431144127,16.78125328750014,26.196805089280414,26.196805089280414,26.196805089280414,47.12939217540803
380.0,13.0,20.0,0.38903451166314224,0.2599769544817641,0.343927929847,0.045106581816142244,0.975576046249378,0.3236374602269596,0.10425059685818099,0.09613830331780951,0.0872522735661686,0.01289831324905945,0.011259139414997378,0.013372383891466739,0.01183152123048454,0.01170650472669442,0.008876559208265926,28.744422490751703,7.795962014275253,8.125607979310733,7.453315537233473,1.4530757860600347,2.1637359866835746e-129,1.7648398985986767e-14,1.4649242768493394e-15,2.1384245599825202e-13,0.14655166910796086,16.78125328750014,26.196805089280414,26.196805089280414,26.196805089280414,47.12939217540803
381.0,13.0,21.0,0.5137732851904181,0.1632077016440271,0.5047428849466616,0.009030400243756453,0.9736106355201533,0.40800501600480743,0.1087949256691544,0.10185932558825755,0.09343840442243573,0.021722547694200442,0.011532915998206479,0.011927465678952049,0.011004244124036982,0.010482558219832813,0.008366514066091051,35.37743759412256,9.12137822044969,9.256367310659932,8.913702405740226,2.596367796982562,1.8832873509689896e-172,4.7546886213735675e-19,1.510037857492525e-19,2.7033762266957934e-18,0.009575307990522438,16.78125328750014,26.196805089280414,26.196805089280414,26.196805089280414,47.12939217540803
382.0,13.0,22.0,0.5968454781209718,-0.03507870951257286,0.6514092674940071,-0.0545637893730353,0.9700435354486392,0.48596802840570363,0.11449634146723184,0.10910942942024841,0.10106018171970918,0.03092848258768824,0.011827037807979964,0.010548506662105741,0.010312086144338102,0.010086409392863116,0.007916607746632852,41.08958103421384,10.854270195282368,10.58073292765843,10.019440792400987,3.9067847716520956,1.4245573733363375e-208,7.06397301005084e-26,9.719050681732717e-25,1.7947563321188823e-22,0.00010054484618361117,16.78125328750014,26.196805089280414,26.196805089280414,26.196805089280414,47.12939217540803
383.0,13.0,23.0,0.8601222168463141,-0.0369900712871829,0.8555408301800658,0.004581386666248299,0.9658012115949608,0.5580314086762707,0.12113619831565756,0.11853777666859237,0.10997122432543552,0.03943983628743244,0.012098455209321846,0.010098252562163642,0.009912947154060488,0.009865940047324481,0.007678548559319054,46.12418685042601,11.995758431466982,11.957874366357089,11.146553070252878,5.136366070064943,3.4454865288681878e-239,7.367281046797049e-31,1.0924734426907017e-30,4.058657885053976e-27,3.435222647145942e-07,16.78125328750014,26.196805089280414,26.196805089280414,26.196805089280414,47.12939217540802
384.0,13.0,24.0,0.9016482689285495,-0.032986936658521704,0.9556543734971887,-0.05400610456863919,0.9568118475663484,0.6272940166020138,0.127930968200602,0.12990300597000945,0.11816218350701738,0.04815271818798682,0.012435469959700822,0.009950330002662627,0.00949799031855957,0.009675604867945173,0.007589773750992298,50.44393325180816,12.85695732366351,13.676893912617722,12.212382080471595,6.344420765071062,2.0834515013162013e-264,7.519483383706124e-35,8.012060150597299e-39,7.613335360829132e-32,3.5338758973104535e-10,16.78125328750014,26.196805089280414,26.196805089280414,26.196805089280414,47.12939217540802
385.0,13.0,25.0,1.0065699452492014,0.02790491326501343,1.0650489096951288,-0.05847896444592737,0.9435136029404462,0.6921003849298051,0.13644003482889408,0.14237603722821637,0.1256914684308002,0.05678118729303197,0.012904030271966542,0.009798863351263077,0.009160591909535725,0.009502033639629415,0.007464903762206806,53.63443593536539,13.924067510473744,15.542231182682631,13.227849237092602,7.606419198664402,2.1923004993148997e-282,4.731145371984502e-40,1.9972203163804166e-48,1.2572609831828784e-36,7.097469733385537e-14,16.78125328750014,26.196805089280414,26.196805089280414,26.196805089280414,51.05623637017926
386.0,13.0,26.0,1.323188993606222,0.3099377931505538,1.2689750342881587,0.054213959318063276,0.9331252315369141,0.749812548114239,0.14668861475559025,0.15559550058353522,0.1343214530815134,0.06323660488154784,0.013603011281217188,0.009635032973661438,0.008809893944783402,0.009290051112909842,0.007472764767965907,55.12107081389896,15.224505734083301,17.66144990606475,14.458634451952014,8.462276927627805,1.4214257090772285e-290,9.722796802129856e-47,3.7289031207869197e-60,9.337309095710403e-43,1.0554929647935993e-16,16.781253287500142,26.196805089280375,26.196805089280375,26.196805089280375,50.719209136320394
387.0,13.0,27.0,1.3978304742285999,0.07572711588224834,1.4078224145862024,-0.009991940357602536,0.9281924705280882,0.8006000135579208,0.15746368415453577,0.16732449450137415,0.14446887537945563,0.06829841237577004,0.014382125053423149,0.009459962816463404,0.00854913471852061,0.009108929117421966,0.007447652245329975,55.66632264592684,16.64527516751946,19.57209706134201,15.86013827938795,9.170462063208756,1.5117610667202133e-293,1.9650962709054854e-54,2.4845516587295847e-71,3.9116422402926765e-50,3.1381694831104864e-19,16.7812532875001,25.78240469504025,25.78240469504025,25.78240469504025,50.2858754591675
388.0,13.0,28.0,1.5775104188927875,0.3078045610383211,1.5235896557088746,0.05392076318391292,0.9134290490785681,0.8431638046055756,0.16617923027145473,0.17520467434829107,0.15342528564393007,0.07209469205561402,0.014746282628581842,0.009330218496501569,0.008331375339591754,0.008885880257961496,0.007289849476513143,57.178058080300275,17.810861592766003,21.029501997790952,17.266188738753865,9.889736720613072,1.0460767799000526e-301,5.204038607006248e-61,3.678806901974542e-80,6.56529273696272e-58,5.808441558846788e-22,17.128030665744177,27.267543296076425,27.267543296076425,27.267543296076425,53.945097788592285
389.0,13.0,29.0,1.6971083963804223,0.09821553435503505,1.6884037714120224,0.008704624968399965,0.8831601340926151,0.8717846831719156,0.17216446544740793,0.18020489811638607,0.15984958155666157,0.0750410739878421,0.014743380857069506,0.009291928329297552,0.00823267589294134,0.008776481979959342,0.0072410968584529735,59.13058148761663,18.528389301558803,21.88898244748016,18.21340053129148,10.363219199345757,4.57680975955e-312,3.655511668961585e-65,1.810706056626997e-85,2.485794628462644e-63,7.536736216258503e-24,17.037502885000233,26.697236355017495,26.697236355017495,26.697236355017495,51.58285761351142
390.0,13.0,30.0,1.9835559280710409,-0.05070848931351302,2.0339261899182124,-0.05037026184717153,0.8376446865706255,0.8896671177114763,0.17629226221810923,0.1834606664766581,0.16415552847021064,0.07737172599927708,0.01465939190694712,0.009282756035602871,0.008186711962730103,0.008716954654965543,0.00720279947611948,60.68922390224529,18.991370832321987,22.40956654049395,18.831752024395445,10.741896432879903,3.429e-320,6.9909930444971256e-68,1.027182011013466e-88,6.095466211198262e-67,2.086675161273134e-25,15.764802798080233,24.310629505750292,24.310629505750292,24.310629505750292,47.76666578673462
391.0,14.0,1.0,-1.4445397792148302,-0.059864956784482004,-1.380442433042978,-0.06409734617185214,0.8413994352513979,-0.8721521962386226,0.11253502944708749,0.14706477389293543,0.14048244940225718,0.031203889235822728,0.015317448922016955,0.009434754439159188,0.009740846543984926,0.009579248702972953,0.0071898516391319355,-56.93847589627087,11.927711544882184,15.097740553540438,14.665288871627059,4.3399906982767895,2.0165180860225293e-300,1.4940524777457946e-30,4.522362399189919e-46,8.087471652081828e-44,1.586560859343521e-05,15.764802798080233,24.310629505750292,24.310629505750292,24.310629505750292,47.76666578673462
392.0,14.0,2.0,-1.3090389740279533,-0.33980373867009617,-1.269249226304085,-0.03978974772386823,0.865390795106942,-0.8614143922943327,0.11146229885061316,0.14498067993401997,0.13615399212430482,0.02973411581789825,0.015382950656882936,0.009418169389475126,0.009745846498497917,0.009562132023293653,0.007208626183096195,-55.99799489111031,11.834815688829414,14.876150569000362,14.238873903082434,4.124796467823925,2.391741421220914e-295,3.904273588386593e-30,6.522318386377224e-45,1.2297904131685372e-41,4.054735605419305e-05,17.037502885000233,26.697236355017495,26.697236355017495,26.697236355017495,51.58285761351142
393.0,14.0,3.0,-1.3182627313594661,0.42931430424996364,-1.390048382993876,0.07178565163440975,0.8771001861286115,-0.8435353342085874,0.11048813272138042,0.1416531155419965,0.13014672555035997,0.0279676642702884,0.01525445577434771,0.00944254704665831,0.009808076600721322,0.009597019776046723,0.007227155134226498,-55.297635437581356,11.701094225469795,14.442496863409367,13.561160504763594,3.8698026748918957,1.5422986390642379e-291,1.5414884949464846e-29,1.1292678128435932e-42,2.9799863306534834e-38,0.00011679347755149571,17.128030665744177,27.267543296076422,27.267543296076422,27.267543296076422,53.94509778859228
394.0,14.0,4.0,-1.2548056428474947,0.10212578807134687,-1.247857406153941,-0.006948236693553822,0.8988539726220631,-0.8178224732717807,0.109572878828259,0.13461452123823955,0.12129838708697896,0.025614577686091593,0.014815310874465935,0.009512956132501417,0.009904330436599355,0.009719225617509394,0.007323977055226048,-55.20116858845608,11.518278577349749,13.591481231361193,12.480252219730069,3.4973590841350637,5.187394469132129e-291,9.893866121990029e-29,2.113789951913007e-38,4.421604543148245e-33,0.0004929065866112347,16.7812532875001,25.78240469504025,25.78240469504025,25.78240469504025,50.28587545916751
395.0,14.0,5.0,-1.1674313682454671,-0.1995754912617066,-1.1245603649042828,-0.04287100334118432,0.9151970752136878,-0.785303787979406,0.10927316708513889,0.12154921726073459,0.11149399086049112,0.022922046287472644,0.01428774162022206,0.009464168574554347,0.009751809894003476,0.009794346597613338,0.007311467430585219,-54.96346510549515,11.545986974379774,12.46427264086402,11.383504734012547,3.135081501093131,1.035452230227791e-289,7.474503971950569e-29,5.246082157653755e-33,3.8430356872820213e-28,0.0017738578677085975,16.78125328750014,26.196805089280375,26.196805089280375,26.196805089280375,50.719209136320394
396.0,14.0,6.0,-1.1053036949906225,0.06609433502913076,-1.091898923876233,-0.013404771114389424,0.9285255617693544,-0.7449189959698204,0.10917040980004811,0.10857385806341313,0.1041034152620103,0.019991032484676256,0.013918232987215463,0.00942749799905153,0.00994956899031104,0.00993883959360067,0.007303678023840497,-53.521089685311544,11.579998193691623,10.9124182333067,10.474403403093401,2.737118533897851,9.334858086232545e-282,5.294266969303355e-29,4.019678141219007e-26,2.6560899813743605e-24,0.006320328263855798,16.78125328750014,26.196805089280414,26.196805089280414,26.196805089280414,51.05623637017926
397.0,14.0,7.0,-0.8485472800888358,-0.318636572017288,-0.830420360641001,-0.018126919447834844,0.9368823714271325,-0.6969241478218285,0.10896750596193669,0.0997122580525665,0.10018626791266588,0.016519440412659576,0.01352215283978578,0.00937962938350029,0.010494192255636733,0.010060188525790862,0.007501871519737757,-51.539437253755324,11.617463921721841,9.501661073438804,9.958686922797,2.2020425662044723,1.2118118479131858e-270,3.6178160645076043e-29,1.8147013851647875e-20,3.1157594460059966e-22,0.027915579533818687,16.78125328750014,26.196805089280417,26.196805089280417,26.196805089280417,47.12939217540802
398.0,14.0,8.0,-0.9020566195279065,0.18954029416831686,-0.9342898179527706,0.03223319842486405,0.9406983601949412,-0.6414748079623755,0.10725710370282503,0.09445735809049557,0.09809450811973143,0.014550845458525606,0.012891432022448825,0.009426062807552434,0.01097934173448481,0.010188828311522556,0.007753148399526469,-49.75977896368122,11.378780928224618,8.603189551320387,9.627653457345655,1.8767660192618412,1.761508117256839e-260,4.0293732597020183e-28,3.4193707261359763e-17,6.007779504904538e-21,0.0608738697019772,16.781253287500142,26.196805089280417,26.196805089280417,26.196805089280417,47.12939217540803
399.0,14.0,9.0,-0.7776626896656644,-0.05650319420364491,-0.7695044347474254,-0.008158254918239072,0.9549992266188359,-0.5807089858930545,0.10338434772028289,0.09054833673221989,0.09653589601050928,0.013397417243722922,0.012194688736941876,0.010024816614987206,0.011617136513926617,0.010291207462581947,0.008222487638480077,-47.61982846957698,10.3128417896166,7.794376576677961,9.38042463544793,1.6293630143054163,4.9275645336977845e-248,1.2055545127359799e-23,1.7857180337187022e-14,5.2001085152213e-20,0.10358651333907537,16.78125328750014,26.196805089280417,26.196805089280417,26.196805089280417,47.12939217540802
400.0,14.0,10.0,-0.6314999164510707,0.0761995160305089,-0.656125802055069,0.024625885603998254,0.9700558584703655,-0.5169710597964762,0.10029274345134535,0.08703432145164053,0.09461959333073124,0.012113323431003757,0.011779989706765928,0.011384416672106427,0.012062513314326563,0.01053203177951509,0.008726052905723633,-43.885527293759,8.809651503451908,7.215272570789246,8.98398289252861,1.3881790039409834,9.868827126508866e-226,6.378982809223773e-18,1.1437267749957235e-12,1.5068000013324502e-18,0.16542643832412346,16.78125328750014,26.196805089280414,26.196805089280414,26.196805089280414,47.12939217540803
401.0,14.0,11.0,-0.7480397182844263,0.20540717171099132,-0.7227842006547456,-0.0252555176296807,0.9766255110376509,-0.45050755466518333,0.10021888362236914,0.08405813986047839,0.09220263301106874,0.010700462357443923,0.011660015250923441,0.01260715676877554,0.012228287677260736,0.011010496816240656,0.009102944590698924,-38.63696101336612,7.949364433270454,6.874072812074068,8.374066543034498,1.1754946161462179,3.191260361662862e-193,5.6024784302135886e-15,1.1661026114757864e-11,2.1207204816835154e-16,0.2401081065323333,16.781253287500135,26.196805089280414,26.196805089280414,26.196805089280414,47.12939217540802
402.0,14.0,12.0,-0.38235517838180266,-0.22674356092754172,-0.3509291766502227,-0.031426001731579944,0.9794854528436028,-0.3787443686388662,0.10250823429533032,0.0808939577669487,0.09058808483697779,0.009449371855410902,0.011514852949728203,0.013393323468744594,0.012768718032377509,0.011689149711613098,0.009506414065910533,-32.89181114968612,7.653681667179117,6.335323370899625,7.749758286266031,0.993999608043144,2.1576385201999825e-156,5.0300735928711105e-14,3.739354643992346e-10,2.4842409796870642e-14,0.3204905197387191,16.78125328750014,26.196805089280414,26.196805089280414,26.196805089280414,47.12939217540802
403.0,14.0,13.0,-0.3420015429996822,0.028832831741680165,-0.32877480364615486,-0.013226739353527361,0.9802635906640097,-0.30263435853236087,0.10274446091990411,0.07692702351735532,0.08937350480592413,0.008173711356637317,0.011323597743592024,0.01343291365976677,0.013809819067937093,0.012307560445195338,0.009854810508660305,-26.72598986515751,7.648709991164196,5.570458464293744,7.261675065818102,0.8294133458430626,2.8241124919600234e-116,5.216036813616008e-14,3.356632714984459e-08,8.278469605893001e-13,0.4070907225660382,16.781253287500135,26.196805089280417,26.196805089280417,26.196805089280417,47.12939217540803
404.0,14.0,14.0,-0.2710806250932644,-0.083499637086979,-0.2753419132296559,0.004261288136391483,0.9818199843166837,-0.22207343391308482,0.1005990319147341,0.07614225553123717,0.08841427036556523,0.006475908460241979,0.011009863075490355,0.013111247170849352,0.014306713779942372,0.01286428185195621,0.009973231288566888,-20.17040833209401,7.672727895664959,5.322134537841007,6.872849287900241,0.6493290161299909,6.291436756835395e-75,4.376170621757746e-14,1.295729254355954e-07,1.1756478200934817e-11,0.5162915897566106,16.78125328750014,26.196805089280414,26.196805089280414,26.196805089280414,47.12939217540803
405.0,14.0,15.0,-0.06708179327885383,-0.5733658227512759,-0.0693541325998152,0.002272339320961367,0.9838532886068565,-0.13537404393137525,0.09765746140370647,0.07803431307290985,0.08963292006028287,0.003885377115234627,0.01071148491680922,0.01333286103889801,0.014634630958645757,0.013786389316332921,0.00997077061070968,-12.638214494326245,7.3245690567684845,5.332168149194716,6.501551494276572,0.3896767127569172,8.091313530221962e-34,5.326756646185716e-13,1.228196304026057e-07,1.3166685563262189e-10,0.6968679134900146,16.781253287500135,26.196805089280414,26.196805089280414,26.196805089280414,47.12939217540802
406.0,14.0,16.0,-0.1588428334886407,0.08007389166989742,-0.1184617367345694,-0.0403810967540713,0.9850573264958015,-0.044262001506011665,0.09558337888145646,0.0800051975443831,0.09202259394344994,0.0014451657417014199,0.010617763772170555,0.014043279395831137,0.014848936494403792,0.015272099378430713,0.009975375786425541,-4.168674539739108,6.806343175784936,5.387941255896349,6.0255366117782385,0.14487331331096287,3.359996637958701e-05,1.8277051430673852e-11,9.106439092095233e-08,2.456217606472706e-09,0.8848433691282179,16.78125328750014,26.196805089280414,26.196805089280414,26.196805089280414,47.12939217540802
407.0,14.0,17.0,0.15461591088091164,0.01411161215185991,0.17046628341715056,-0.015850372536238916,0.9825602789917153,0.05058382259347437,0.09555604486381317,0.08210063781260679,0.09220202801626272,0.00026025451129998783,0.010612735830607735,0.014307067927271181,0.014763120175536121,0.015948766318688717,0.009854087768879487,4.766332018515691,6.678939762470169,5.561198231567285,5.781138564192307,0.02641081725716976,2.1871892756911596e-06,4.212168671171853e-11,3.5334598345702795e-08,1.0229699616786426e-08,0.9789355275251204,16.781253287500135,26.196805089280417,26.196805089280417,26.196805089280417,47.12939217540803
408.0,14.0,18.0,0.13909897356921186,0.13029428006849328,0.1225256930732165,0.016573280495995366,0.9793685920183027,0.14609944551513576,0.09652408070072571,0.0846808053149819,0.08950762557140386,0.0013757163612241109,0.010699705993622228,0.014202165571174014,0.014003508555786338,0.014898683718898943,0.009619616572902466,13.65452897511588,6.796433981634436,6.04711347714293,6.007753923782117,0.14301155880779817,1.0333067773689941e-38,1.951284479871231e-11,2.1601745726128426e-09,2.7296414087977434e-09,0.8863130990054628,16.78125328750014,26.196805089280414,26.196805089280414,26.196805089280414,47.12939217540802
409.0,14.0,19.0,0.3207600853881718,-0.014793662018127596,0.31821141284130233,0.002548672546869468,0.9770923066227266,0.23868123414201692,0.09924099281757147,0.08911525984449852,0.08884164680374462,0.005475287848128071,0.010943004440961253,0.013566617584845038,0.012643725026222958,0.013416677779256616,0.009276698744094305,21.811307436612054,7.315087360347751,7.048180790049956,6.621732165402508,0.5902194303349267,5.498846515905332e-85,5.694047491781913e-13,3.6091202451737873e-12,6.100901788196878e-11,0.5551918715334154,16.781253287500135,26.196805089280414,26.196805089280414,26.196805089280414,47.12939217540802
410.0,14.0,20.0,0.4208368057107403,0.5447502754858992,0.3461821468471473,0.07465465886359296,0.9742800976853464,0.3275527034493582,0.1023593394599514,0.09463558643691247,0.09056338250250784,0.012242636212838384,0.011257051132435952,0.012585437331408208,0.01143960560527197,0.011962833182881435,0.008777945648074121,29.097558463206337,8.133157137456282,8.27262667108903,7.570395835001875,1.3947040348244142,1.0833854143482144e-131,1.3823668384627073e-15,4.695719854075063e-16,9.216102150771002e-14,0.16344962043820804,16.78125328750014,26.196805089280414,26.196805089280414,26.196805089280414,47.12939217540802
411.0,14.0,21.0,0.6528073043382615,-0.2050762231962172,0.667339040101361,-0.014531735763099518,0.9721034803516411,0.4109031819175583,0.10638937034218823,0.10175124181691848,0.0958866154672583,0.021138890405303923,0.011527874502547641,0.011891895525487367,0.010844764380121727,0.010656219914339467,0.008292518064274898,35.644314294603866,8.946376136097788,9.382522132378165,8.998182867662965,2.549152168431522,3.6355042356224643e-174,2.0610646361175726e-18,5.1067219464478704e-20,1.3383482352676274e-18,0.010963609404595145,16.781253287500135,26.196805089280417,26.196805089280417,26.196805089280417,47.12939217540803
412.0,14.0,22.0,0.7558894078412027,-0.052555399072461206,0.7728251138408634,-0.016935705999660655,0.9692010658135269,0.4880244122487997,0.11333827253802899,0.11122561251829213,0.10311345536042985,0.030385557847328368,0.011679167403722246,0.010907232699771457,0.010411926013309817,0.010015174987438185,0.00790037841135292,41.78589067002005,10.391111628195464,10.682520445891543,10.295721791158197,3.8460889169136543,6.99910907246953e-213,5.806361966981179e-24,3.685643484940892e-25,1.4136438664136654e-23,0.00012848548943250024,16.78125328750014,26.196805089280414,26.196805089280414,26.196805089280414,47.12939217540802
413.0,14.0,23.0,0.7875634098584676,0.3391560248972036,0.7055170572770129,0.08204635258145476,0.9634997371550377,0.5622293615027844,0.12112038600327167,0.12031402451686751,0.11035689499765515,0.039591400978775414,0.011918756383903658,0.010247550362746199,0.010125975309342799,0.009608133473576445,0.007704023265443712,47.171814188775436,11.819447742710397,11.881722090104148,11.485778720825461,5.139055220194114,2.1357721965000027e-245,4.574346803044485e-30,2.405390540498862e-30,1.3738438103797825e-28,3.387814196026782e-07,16.781253287500135,26.196805089280414,26.196805089280414,26.196805089280414,47.12939217540803
414.0,14.0,24.0,1.0924000106021134,0.009644350402961743,1.073763014337432,0.018636996264681516,0.9512472216803344,0.634363683520935,0.12864385075605364,0.12908063861657745,0.11628608499482371,0.04851986503813378,0.012461258635000957,0.009911280761933908,0.009663179348312165,0.009338939280565745,0.007640684918297347,50.906870814730205,12.979538552689775,13.357988500867837,12.451744411360943,6.350198386265347,4.741278947679076e-267,1.9620729372355457e-35,2.937883777734992e-37,5.9979959435052406e-33,3.409156888123344e-10,16.78125328750014,26.196805089280414,26.196805089280414,26.196805089280414,47.12939217540803
415.0,14.0,25.0,1.1170203340639004,0.24484353724803964,1.0405837930949133,0.07643654096898711,0.9355436032324685,0.6999511236829543,0.13858449959041233,0.1404247781815427,0.12310186724241458,0.05733248473614084,0.013101431186291135,0.00969711913424168,0.009196193188246004,0.009265611208665708,0.00750420757535174,53.42554670022294,14.2913062809607,15.269881276637905,13.285887403443278,7.640045156060802,3.169767694480591e-281,6.662988169595237e-42,5.598137595365418e-47,6.5818616500331e-37,5.556458492108744e-14,16.781253287500135,26.196805089280417,26.196805089280417,26.196805089280417,51.05623637017927
416.0,14.0,26.0,1.3031911225428174,0.15218133779884502,1.2794738311352796,0.023717291407537866,0.9240501193238703,0.7591789845352857,0.15068040370177369,0.15290540533439984,0.13200530305511562,0.06385670483893052,0.013845244407219173,0.009519359683896007,0.008794846240573969,0.0091793179084846,0.007505660789627968,54.8331948650495,15.828838147242317,17.385796312047965,14.380731157932866,8.507805858635892,5.357608266076943e-289,5.772824146979201e-50,1.3814150918499011e-58,2.3352047232050084e-42,7.345542332301487e-17,16.78125328750014,26.196805089280375,26.196805089280375,26.196805089280375,50.719209136320394
417.0,14.0,27.0,1.4347459685452113,0.2546229110660485,1.3792673620903575,0.05547860645485381,0.91699654096592,0.8127105874248984,0.16265760437011784,0.16317883326226906,0.14179510934977155,0.06919007529072108,0.014641685562609271,0.009395876869939966,0.008532000311771957,0.00908119576772839,0.007475608001448203,55.50662756345019,17.311593864166625,19.12550718465451,15.61414520471689,9.255444544084884,1.1185015631254658e-292,3.63538996379255e-58,1.1262276795785731e-68,8.236598022246618e-49,1.5219942302181402e-19,16.781253287500096,25.782404695040245,25.782404695040245,25.782404695040245,50.2858754591675
418.0,14.0,28.0,1.560487046144712,0.4096205204760166,1.5187634929482192,0.04172355319649279,0.9040589338179918,0.8539425413984292,0.17116529734036917,0.16977546373694036,0.1495517321959821,0.0733261355031043,0.015012690581507853,0.009295041936644063,0.008276865426208008,0.008935324409141318,0.007317219391805034,56.8813789082077,18.414688014002408,20.512048341315353,16.737135144526217,10.021038262871599,4.08604848713094e-300,1.682876604143437e-64,5.333294402678902e-77,6.0705500647365566e-55,1.7688506552692018e-22,17.128030665744177,27.267543296076425,27.267543296076425,27.267543296076425,53.945097788592285
419.0,14.0,29.0,1.6693023270886074,0.2772423216601374,1.6145183823812046,0.054783944707402776,0.8857929711534913,0.8788464437938432,0.1767267845906967,0.17426588774031393,0.15512339095359545,0.07642468932775276,0.014979951472604768,0.009256593198656338,0.008173281522111091,0.008864376076752641,0.00726646593906309,58.6681769564522,19.091989979245266,21.32141016663555,17.4996400886483,10.517449605991914,1.246236938458477e-309,1.7781705483698777e-68,5.896944033012135e-82,3.1181010318822906e-59,1.769654768961997e-24,17.037502885000233,26.697236355017495,26.697236355017495,26.697236355017495,51.58285761351143
420.0,14.0,30.0,1.9587813982836182,0.03459464349949681,1.9231356409076859,0.03564575737593234,0.850980386984656,0.8938770384858017,0.1806528178182577,0.17758619331982384,0.15913651656521471,0.07883655488930519,0.014845222797167401,0.00924814870010916,0.00813539500477451,0.008826607404377055,0.007221422067397781,60.21311035199561,19.533943892589594,21.82883476654813,18.0291825924307,10.917040183155189,1.008789e-317,4.1990837653145375e-71,4.280142731373939e-85,2.8878373556912906e-62,3.8431419111378877e-26,15.764802798080233,24.3106295057503,24.3106295057503,24.3106295057503,47.76666578673462
421.0,15.0,1.0,-1.4789919551078154,0.0312997444697094,-1.4661003657413287,-0.012891589366486711,0.855545210488643,-0.872374540942972,0.11282859887682684,0.14504184108489476,0.14598494280214946,0.03166296878908108,0.015048071628391774,0.0093802769270029,0.009737641785502004,0.009483056704630613,0.007204007915604522,-57.972513853338484,12.028280162180328,14.894965770957185,15.394291877519246,4.395187950931629,6.02905241600282e-306,5.24947540319585e-31,5.204550245278096e-45,1.2262780633068616e-47,1.2388600567316168e-05,15.764802798080233,24.310629505750295,24.310629505750295,24.310629505750295,47.76666578673462
422.0,15.0,2.0,-1.302399662542612,-0.1476315700472386,-1.3171783485867241,0.014778686044112144,0.8816442868615797,-0.861050095508691,0.11191756260560667,0.142640183417375,0.1420263009308861,0.030251467791928766,0.015146403017496717,0.009364704313036659,0.009691399047160378,0.009457128462186562,0.0072225236413393686,-56.84848703114721,11.950998009601392,14.718224141143914,15.01790966452078,4.188489964751273,6.138526779329315e-300,1.1733476110488012e-30,4.307276149407962e-44,1.1860184934171412e-45,3.08482846814033e-05,17.037502885000233,26.697236355017495,26.697236355017495,26.697236355017495,51.58285761351142
423.0,15.0,3.0,-1.2535820631332175,-0.06009738487225036,-1.2620715781107952,0.008489514977577661,0.8904847563530045,-0.8437402149801437,0.11104934234204657,0.13865522516289905,0.1360625250365348,0.028610829543761408,0.015064892002783938,0.009370213613784602,0.00971292091741978,0.00947980135796848,0.007236636034081608,-56.00705367315103,11.851313846109221,14.275337598417568,14.352887776721618,3.9536090262127397,2.1360615919085883e-295,3.2932230951697784e-30,8.031470774864076e-42,3.238093281025618e-42,8.302693115806098e-05,17.128030665744177,27.267543296076422,27.267543296076422,27.267543296076422,53.945097788592285
424.0,15.0,4.0,-1.2579068339729809,0.06121164276673974,-1.2454382240519355,-0.01246860992104537,0.9026760334964312,-0.8179352790811465,0.110274996155032,0.13094459514236623,0.12692630797622562,0.02659119098650651,0.014642467314592459,0.00941951808826085,0.0099130446881251,0.009625442900284506,0.007330900737820872,-55.86048181005702,11.707074090389305,13.209321582018651,13.186542093816167,3.6272747289183465,1.3323085777879414e-294,1.450020830023856e-29,1.5451919645581074e-36,1.9905691112009886e-36,0.0003025536488728712,16.781253287500096,25.78240469504025,25.78240469504025,25.78240469504025,50.2858754591675
425.0,15.0,5.0,-1.2636830578152418,0.17602664412339974,-1.3187459753880215,0.0550629175727797,0.9166106420681513,-0.784407485300455,0.11021543111137595,0.11900123328678916,0.11607951386752643,0.023930995886990988,0.01408411419153134,0.009404198924772117,0.009942414268647243,0.009783436515894877,0.007331138734970054,-55.69448490925419,11.719810692333551,11.969047966755097,11.864901834742351,3.26429450486845,1.062551893921846e-293,1.2727942372309716e-29,9.727142541775545e-31,2.8621049172332207e-30,0.0011388070336498162,16.78125328750014,26.196805089280375,26.196805089280375,26.196805089280375,50.71920913632039
426.0,15.0,6.0,-1.0586852392749884,-0.4353475386388185,-0.9974461606641883,-0.061239078610800024,0.9266759434664458,-0.7438928493162599,0.11039455159138212,0.1076432702809494,0.10732115549161826,0.020934195135188956,0.0136797960036126,0.009459328934753649,0.010176727674181967,0.009900556221710984,0.00732959769291109,-54.37894315966484,11.670442200798375,10.577395183133076,10.839911727007125,2.856117895179393,1.679990576108987e-286,2.1084367414559447e-29,1.0031841865900534e-24,8.116340117269187e-26,0.004387359228197515,16.78125328750014,26.196805089280417,26.196805089280417,26.196805089280417,51.05623637017926
427.0,15.0,7.0,-0.9764798390001262,-0.17935237872620446,-0.9404645978474964,-0.036015241152629884,0.9338567438666638,-0.6950382017398763,0.11064995517353196,0.09978055778084031,0.10304287550331262,0.017571540547673525,0.013272672433323343,0.009562894948471401,0.01062330113744436,0.009911603634759071,0.007511464015422232,-52.366108274838645,11.570759249135014,9.392613133138054,10.396186056305847,2.339296375726004,2.6388766128836193e-275,5.814647653466546e-29,4.6801442813447994e-20,5.536945475032285e-24,0.019538246527673216,16.78125328750014,26.196805089280417,26.196805089280417,26.196805089280417,47.12939217540802
428.0,15.0,8.0,-0.7494432305687896,-0.1042417858531437,-0.8203629232707846,0.07091969270199505,0.9405772958824877,-0.6390295108880899,0.10941020784735814,0.09470415022041034,0.10096197948506211,0.015248238561155071,0.012701587348688675,0.009797829220502801,0.011092509935827825,0.009913525517992468,0.0077247457702353675,-50.31099604681016,11.166780455655203,8.537666476594655,10.184265859993202,1.9739469769877576,1.201894157183402e-263,3.323647647198073e-27,5.786186106215365e-17,3.966209268280769e-23,0.048693567817290506,16.781253287500135,26.196805089280417,26.196805089280417,26.196805089280417,47.12939217540803
429.0,15.0,9.0,-0.9078689006203606,0.0501498121525249,-0.9064026088266565,-0.0014662917937041664,0.9566482129518634,-0.5780387537065759,0.10582516441424007,0.09068201127534391,0.09943128906220891,0.013521072009768454,0.012099711217204026,0.010228882629901717,0.011739856507689004,0.009949710956678473,0.008169844426835772,-47.77293799249431,10.345720861522572,7.724286171296203,9.99338468173976,1.6549974887349528,6.221803200406862e-249,8.874208311204902e-24,2.9973453521870087e-14,2.274503704494352e-22,0.09827403850865382,16.78125328750014,26.196805089280414,26.196805089280414,26.196805089280414,47.12939217540802
430.0,15.0,10.0,-0.7206357517845523,0.16529450323295913,-0.7190036832573261,-0.0016320685272261937,0.9717796083397914,-0.5133670017899704,0.10269882278452375,0.08716837304409779,0.09745319717166169,0.011786109990246464,0.011725221860420862,0.011078724523012996,0.012282878175626998,0.010165404727635427,0.0086377731795584,-43.78313757310378,9.269913930181698,7.096738386371576,9.586750334369643,1.3644847746336655,4.1293426039012905e-225,1.344848102017467e-19,2.5905996571173133e-12,8.612416855114868e-21,0.17275648827452508,16.781253287500142,26.196805089280414,26.196805089280414,26.196805089280414,47.12939217540803
431.0,15.0,11.0,-0.6286486198144869,-0.029710692992386822,-0.621909054338754,-0.006739565475732956,0.9803477888323251,-0.4455579085227919,0.1021706978303132,0.08399202062562292,0.09438971892369563,0.010228427882513247,0.0116103271920726,0.012228220699575049,0.01265542659774358,0.010593761862136541,0.008980353786203777,-38.37599932816828,8.355320069898951,6.636838353643363,8.909933992480665,1.1389782770281105,1.4200828698504893e-191,2.457785938660787e-16,5.533837753868766e-11,2.789151252488438e-18,0.2550156180093506,16.781253287500142,26.196805089280417,26.196805089280417,26.196805089280417,47.12939217540802
432.0,15.0,12.0,-0.4423750419367118,-0.3631816044330543,-0.4323918347120959,-0.009983207224615875,0.9851672391064352,-0.37370435575351046,0.10469636391296674,0.08085606221274205,0.09155135746016661,0.009121206506547073,0.011446759359849323,0.012995313705355475,0.013608487709766377,0.011301603004780962,0.009316519911361952,-32.647174978126706,8.056470685260988,5.941590567386429,8.10074087909806,0.9790357980583839,8.355184796647008e-155,2.486678835813497e-15,4.032882737423977e-09,1.7727993050504156e-15,0.3278256749793791,16.78125328750014,26.196805089280417,26.196805089280417,26.196805089280417,47.12939217540802
433.0,15.0,13.0,-0.3676149721370992,-0.26323722004766037,-0.35090522407516034,-0.016709748061938867,0.9859926036724632,-0.29769481372858264,0.10579969727509622,0.07598376211484989,0.08957204190539692,0.007861659241953504,0.011209261873919006,0.013055760771374037,0.014802050517780736,0.012198062120183727,0.009646148886794334,-26.557931920677124,8.10367922082885,5.133326766016341,7.343137051022641,0.8150049656310185,3.4594012957830514e-115,1.7333313044449836e-15,3.4895764086217555e-07,4.673705127156464e-13,0.41528531927556367,16.78125328750014,26.196805089280417,26.196805089280417,26.196805089280417,47.12939217540802
434.0,15.0,14.0,-0.4590404977075474,0.29837848125611055,-0.44504734489975645,-0.013993152807790954,0.9860115989065216,-0.21693812912247423,0.10341874914322746,0.07320157758588934,0.08828155484418575,0.006157765194715105,0.010877136013865377,0.012788959473871129,0.015126721998084952,0.01339744656345752,0.009836209605345538,-19.94441632852043,8.086564771318594,4.8392227737877835,6.589431383513028,0.6260302943695544,1.4523964201852917e-73,1.976023540788738e-15,1.533564622942846e-06,7.511140997930513e-11,0.5314539771115605,16.781253287500142,26.196805089280417,26.196805089280417,26.196805089280417,47.12939217540803
435.0,15.0,15.0,-0.13574256266631987,0.2402548074879535,-0.14285480985309928,0.0071122471867794135,0.9876248750475912,-0.1300427103846012,0.09980904525642526,0.07451389606106253,0.08956301959902002,0.0035177583937387605,0.010604570624881305,0.013167018362402043,0.01530109636623417,0.014589087378262441,0.009868962828122472,-12.262892575724322,7.5802313408650255,4.869840322390017,6.139041961765738,0.35644661500949226,4.4662747245180145e-32,8.582600496305658e-14,1.3192438003196534e-06,1.2442178344513223e-09,0.7215897629220109,16.781253287500142,26.196805089280417,26.196805089280417,26.196805089280417,47.12939217540802
436.0,15.0,16.0,0.03988117667958613,-0.17661220572722566,0.030884024867817078,0.00899715181176905,0.9884993375647418,-0.0387781165823822,0.09685707812970626,0.07662317740812019,0.09152605029811656,0.0010528906469339679,0.010520229718185541,0.013882650050903838,0.015411928514911218,0.015149378486838241,0.00991191203283141,-3.6860522651277607,6.976843597912368,4.971680042117143,6.0415713012671945,0.10622477716170793,0.00024139721412052754,5.853505502122557e-12,7.94814841171399e-07,2.232710720359225e-09,0.915427710629626,16.78125328750014,26.196805089280417,26.196805089280417,26.196805089280417,47.12939217540803
437.0,15.0,17.0,0.035880215014230644,0.06597787539987399,0.026551199445755017,0.009329015568475627,0.9863581830313114,0.05524501714330436,0.09551491013434893,0.07918114152795414,0.09214930652676553,-0.00018463838177784078,0.0104806290311519,0.014234041114530393,0.015050991959055113,0.014922020770311692,0.009754462713788492,5.271154715914271,6.71031573997952,5.260858669206614,6.175390581824041,-0.0189286060335075,1.6983726374517545e-07,3.4336578078329e-11,1.7932746053959514e-07,9.983700853790479e-10,0.9849022593792258,16.78125328750014,26.196805089280417,26.196805089280417,26.196805089280417,47.129392175408015
438.0,15.0,18.0,0.28800821253999176,-0.27519898080312777,0.2990446870169941,-0.011036474477002345,0.9818099933408062,0.1499024970648266,0.09618476881616977,0.08237315893640262,0.09131699804384605,0.0007676451011249367,0.010486063651783492,0.014036716623358298,0.014323591422834115,0.013929812313375782,0.009424499861447286,14.29540216831803,6.85236949616195,5.750873262489638,6.55550814250103,0.08145207835008152,6.351138033980741e-42,1.3472815013010061e-11,1.2162618115411205e-08,9.335596061768397e-11,0.9351005639203207,16.781253287500142,26.196805089280417,26.196805089280417,26.196805089280417,47.12939217540802
439.0,15.0,19.0,0.28351524498359426,-0.24330419476955434,0.32001580938720625,-0.03650056440361199,0.9782552844883867,0.24249314772738534,0.0982632320117786,0.0865043194129699,0.09075607633257457,0.004918483232125601,0.010686557097738213,0.01308636294847883,0.013102780653945389,0.012812300304085589,0.00903985264561916,22.691419276532805,7.5088267380816305,6.601981800475499,7.08351148338556,0.5440888723456314,1.7585619605490978e-90,1.436748664780375e-13,6.928844574209863e-11,2.8360227042628008e-12,0.5865152279185544,16.781253287500142,26.196805089280417,26.196805089280417,26.196805089280417,47.129392175408015
440.0,15.0,20.0,0.3894059170379002,0.3017316245759872,0.3777300661487516,0.011675850889148576,0.9748414796161489,0.33097253411658434,0.10055772053477786,0.09214515213899756,0.09164340948402475,0.012607547940186148,0.011065555337992136,0.012193742893214066,0.011888399453167149,0.011814802961460355,0.008561433897897708,29.910160313439803,8.246665639533797,7.750845898305467,7.7566599953434405,1.4725977085779964,5.481552893868953e-137,5.747651913573292e-16,2.464375824400893e-14,2.3608070202575606e-14,0.1412095430896394,16.78125328750014,26.196805089280417,26.196805089280417,26.196805089280417,47.12939217540803
441.0,15.0,21.0,0.5248800021871813,0.11930716539469849,0.5545102877028681,-0.029630285515686805,0.9727217835392783,0.41373807122945344,0.1037518727716338,0.10029775612608971,0.09529654684082298,0.021945587323868053,0.011382471578337208,0.012047289169225713,0.01104625760176129,0.010994019174461429,0.008169111397394655,36.34870233428633,8.612051334889806,9.079795143478961,8.668035349819311,2.686410584493569,1.1132150992150673e-178,3.183752174401863e-17,6.751192249415083e-19,2.02510629216191e-17,0.007355673461722318,16.78125328750014,26.196805089280414,26.196805089280414,26.196805089280414,47.129392175408015
442.0,15.0,22.0,0.6450054154624935,0.04210269564612912,0.659442454094118,-0.014437038631624488,0.9692801281545467,0.491684059015568,0.10985836772288364,0.10979170756002643,0.10116499257977614,0.031641680440949345,0.011565805367130585,0.011374969078654448,0.010684118656602926,0.010166578897121498,0.007835358805866643,42.511873873730266,9.65790473479501,10.276159511966268,9.950740913289856,4.0383192684498335,2.3839610929103884e-217,4.5993395918210595e-21,1.6953128492143607e-23,3.3482014590070464e-22,5.842906444040169e-05,16.781253287500142,26.196805089280417,26.196805089280417,26.196805089280417,47.12939217540803
443.0,15.0,23.0,0.8520467235729954,0.1274235077878464,0.8320297558875898,0.020016967685405618,0.9584423966259615,0.5667678026196613,0.11848193459260564,0.11843070060008848,0.10686949961346454,0.04115675552235626,0.011844165088831024,0.010612371607375519,0.010228127196524129,0.009634648000749344,0.007680618460587532,47.8520687924318,11.164510533183892,11.578923328244816,11.09220592232873,5.358521027121553,2.1376123704754016e-249,3.399052343703226e-27,5.352345763154682e-29,6.933167269459553e-27,1.0666666935568847e-07,16.781253287500142,26.196805089280417,26.196805089280417,26.196805089280417,47.129392175408015
444.0,15.0,24.0,0.9744098311416156,0.08186334365288594,0.9751116050368657,-0.0007017738952500574,0.9375337891987812,0.6395006456089303,0.12841946114125263,0.12582198595410116,0.1123467527803439,0.050038713390791495,0.012486239974816312,0.010109319049275055,0.009743657554633203,0.00935997002124074,0.007646092393997651,51.21643079892336,12.703077281002589,12.913219214510631,12.002896646612488,6.5443511289600655,8.224883336000037e-269,4.011583391237314e-34,4.0630482210144785e-35,6.839500125490893e-31,1.0025563717961579e-10,16.78125328750014,26.196805089280417,26.196805089280417,26.196805089280417,47.12939217540802
445.0,15.0,25.0,1.123844474771502,0.052337699013993655,1.140767079898623,-0.01692260512712096,0.9118831781208658,0.7079422634233568,0.139460879681508,0.1359419181757578,0.11918433392975072,0.05876499437412727,0.013289923416806076,0.009780160872998237,0.009172084820740917,0.009283395252318024,0.007485783970616527,53.26910029655342,14.259569090171256,14.82126701100181,12.83844226065791,7.850212429959745,2.3520655776019283e-280,9.657148443325291e-42,1.258630559791446e-44,9.204324295219891e-35,1.178711637481427e-14,16.781253287500142,26.196805089280414,26.196805089280414,26.196805089280414,51.05623637017926
446.0,15.0,26.0,1.1636155051902324,0.35667060861109423,1.0979075502518298,0.06570795493840254,0.8955757555139866,0.7698172263350784,0.15276269803411882,0.1467585171718038,0.127975870404968,0.065458848548754,0.014151789207248893,0.009534708166554936,0.008737945472506956,0.00920576953308857,0.007471143764455458,54.39716597395043,16.021748685499073,16.795540511618473,13.9017026164929,8.76155654508745,1.3333637316264664e-286,5.2081712090034975e-51,2.8715114957474325e-55,6.11965881208464e-40,9.459784371837647e-18,16.78125328750014,26.196805089280375,26.196805089280375,26.196805089280375,50.719209136320394
447.0,15.0,27.0,1.3432731836488454,-0.006875877530071239,1.4261755158080769,-0.08290233215923148,0.8865500409673497,0.8235972217336324,0.16631690476088049,0.1564814223387459,0.13768771027001397,0.0708078893606334,0.015001664233094405,0.009408635440845635,0.008516018805809421,0.009144234598840544,0.007452875556170674,54.90039031247858,17.677048473878607,18.37495030330347,15.057324785550918,9.50074757413699,2.2942782394597547e-289,3.0370681082279007e-60,2.866638025857253e-64,7.370823083887534e-46,1.829227271391445e-20,16.7812532875001,25.78240469504025,25.78240469504025,25.78240469504025,50.28587545916749
448.0,15.0,28.0,1.6151405524822149,0.07272587941326392,1.6185975864249664,-0.0034570339427515417,0.8748060997541777,0.8642933979304269,0.17520407430130816,0.16286243554287666,0.14513121173368143,0.07489476463186893,0.015417241024897794,0.00927525117200809,0.008303628809371874,0.009014483591038661,0.007306633970616378,56.06018590061944,18.889415612814776,19.613405088515314,16.099781009969004,10.250241757430052,1.1008165903807826e-295,2.7902626476701363e-67,1.4070095711474985e-71,1.9594299469891292e-51,2.1558464597370284e-23,17.128030665744173,27.267543296076422,27.267543296076422,27.267543296076422,53.94509778859228
449.0,15.0,29.0,1.8501094211747942,0.048956422120003174,1.8854730628469674,-0.03536364167217321,0.8675523532128981,0.8876013410438494,0.18046439914020668,0.16708480877724324,0.150314613566199,0.07781665379934563,0.01537364496956133,0.009222881048885571,0.008195510911253742,0.008963163984871972,0.007263631383418471,57.735256850358766,19.567030972606194,20.387357247955,16.770262579140578,10.713188719486327,1.103487176241536e-304,2.6639146502227283e-71,3.0521671312638154e-76,3.970943519894541e-55,2.748113374189059e-25,17.037502885000233,26.697236355017495,26.697236355017495,26.697236355017495,51.58285761351143
450.0,15.0,30.0,1.937149110487262,0.4515004512256757,1.7412384685545872,0.19591064193267482,0.8397884417982127,0.8998172716494409,0.18407419073211934,0.17040498936964393,0.1542697021890747,0.0801371595943925,0.015189374214565718,0.009208397124034385,0.008143124213015726,0.008941989363133819,0.007228275787421134,59.239917256536415,19.989818885164752,20.926242178312066,17.25227976954439,11.086621754782744,1.22022898026e-312,7.738425482663193e-74,1.580224744302105e-79,7.867255749033771e-58,7.324504393980887e-27,15.764802798080233,24.310629505750295,24.310629505750295,24.310629505750295,47.76666578673462
451.0,16.0,1.0,-1.4328192547399703,0.06167090836166089,-1.4549509394921685,0.022131684752198177,0.8608846772429455,-0.8764174060400269,0.11221405986129987,0.14090849357242446,0.15083129893326078,0.03244917782342267,0.014892578905141226,0.009186364855874558,0.0098038049552026,0.009423165075283447,0.007227154752987821,-58.84927060802542,12.215284459286469,14.372837303097134,16.00643708650342,4.489896637401831,1.38233700066764e-310,7.383860617707233e-32,2.562066596575434e-42,6.30753263287263e-51,8.052313622292268e-06,15.764802798080233,24.310629505750295,24.310629505750295,24.310629505750295,47.76666578673462
452.0,16.0,2.0,-1.3515922537797889,-0.22855214128082224,-1.3188645796231517,-0.03272767415663713,0.8847819525327207,-0.8658810601056341,0.11174513011337589,0.13819067633630483,0.1476449666943592,0.031126755270369857,0.015042276235101787,0.009170955065379979,0.009750315986742154,0.009403590077532616,0.007246104263808489,-57.56316707474525,12.184677529956469,14.172943371702777,15.700914807751742,4.295653793699334,9.12812406595828e-304,1.0193808230540284e-31,2.652458804277437e-41,2.820141259701809e-49,1.931493676269228e-05,17.037502885000233,26.697236355017495,26.697236355017495,26.697236355017495,51.58285761351142
453.0,16.0,3.0,-1.2757928651093502,-0.2338999759263214,-1.2255683098587211,-0.05022455525062908,0.8884947574358188,-0.8486850871566063,0.11152200564068601,0.1339011603078257,0.1427540557195486,0.02948159548782625,0.015052757925420789,0.009194677829070253,0.009742840978481413,0.009444551274188948,0.0072705178407624195,-56.380703879078816,12.128973707821896,13.743543654624697,15.114964340305054,4.05495126117931,2.033253456499457e-297,1.830603491211531e-31,3.747977376161255e-39,3.671577828964918e-46,5.449289968496751e-05,17.128030665744173,27.267543296076425,27.267543296076425,27.267543296076425,53.94509778859228
454.0,16.0,4.0,-1.2127179449090517,-0.2022322875471556,-1.1865899136392843,-0.02612803126976737,0.8904624988803777,-0.8225027192414252,0.11152456726592339,0.12655641010030422,0.1346049397754662,0.027554700524928203,0.014710705786093771,0.009272121202753548,0.009922084614472545,0.009675052995713826,0.007380649186844637,-55.91184618884487,12.0279453673237,12.755022257692358,13.912579066502058,3.733370849551019,7.012585733911333e-295,5.2678403763152476e-31,2.283113410733134e-34,5.39995486473195e-40,0.00020081590780716255,16.7812532875001,25.78240469504025,25.78240469504025,25.78240469504025,50.2858754591675
455.0,16.0,5.0,-1.0571620861811153,-0.2780963999112218,-1.0379527262062926,-0.01920935997482265,0.8997029313191939,-0.7879956326377511,0.1116417274298042,0.11594032905842641,0.12290807950093591,0.02493647390901569,0.014101609117011945,0.009320339212228673,0.010047798960490214,0.009889119251323585,0.007384893109174816,-55.879837974456855,11.97829015529023,11.5388782672031,12.428617390217594,3.376687182924179,1.0460507608483945e-294,8.835897366809055e-31,8.03242718533137e-29,7.678616398165761e-33,0.000765107796150089,16.781253287500142,26.196805089280375,26.196805089280375,26.196805089280375,50.71920913632039
456.0,16.0,6.0,-1.0349445955185281,-0.03332526478917597,-1.0281213839255585,-0.0068232115929696135,0.9167732557459711,-0.7460206409578544,0.11161233836505056,0.10649961665234034,0.11251643863996579,0.02189321215461161,0.013628180623274332,0.009488498442194042,0.010192312034899339,0.010005933712736462,0.007387546161637535,-54.74102975152776,11.762908435409118,10.449014540339487,11.244971420982395,2.963529658643612,1.7161737400457197e-288,8.181889924859788e-30,3.372857009512576e-24,1.5314833519897237e-27,0.003121540480407798,16.781253287500142,26.196805089280414,26.196805089280414,26.196805089280414,51.05623637017926
457.0,16.0,7.0,-1.022027199746485,-0.10361403726275542,-0.9860791520190489,-0.03594804772743598,0.9251011962410399,-0.6968446034168626,0.11105664197358087,0.09975719319015511,0.10631047631248577,0.01858961459888807,0.013263275437365378,0.009727110420765173,0.010370682228512064,0.009866109303680632,0.0075622380497131925,-52.53940527041366,11.417228464529419,9.619154361503158,10.775319129378161,2.4582160038711165,2.8107458963347854e-276,2.7396230487130954e-28,6.475263975595797e-21,1.513319147213897e-25,0.014150574285512996,16.781253287500142,26.196805089280417,26.196805089280417,26.196805089280417,47.12939217540802
458.0,16.0,8.0,-0.9547001895904339,0.41108198430077314,-0.997522917784571,0.04282272819413713,0.9373476975473168,-0.640359912234348,0.1091167108852371,0.09465436004325758,0.10327823119659986,0.01581344144892176,0.012799955354894765,0.009952941971732932,0.010699254477196246,0.009780850628928065,0.0077271750089338365,-50.02829263693262,10.963262038012115,8.846818275516135,10.559227935772972,2.046471243454292,5.030001465873947e-262,2.4506855255375872e-26,4.698745198330558e-18,1.1917927296610041e-24,0.04100042583649288,16.781253287500142,26.196805089280417,26.196805089280417,26.196805089280417,47.12939217540802
459.0,16.0,9.0,-0.7295643305847911,-0.365478041836114,-0.6865654675566949,-0.04299886302809619,0.9561344943776985,-0.5783906598779737,0.10587983841156853,0.09053398404996085,0.10152299093726458,0.013387663504703745,0.01216238519212825,0.010175036861873654,0.011194529385219287,0.009880888175216216,0.008080922280471931,-47.55569329051675,10.405843226800023,8.087341676863838,10.27468271444566,1.6566999458781946,1.1734447389239138e-247,5.058019291164335e-24,1.9643137458284486e-15,1.7187084908380035e-23,0.09792908665472043,16.781253287500142,26.196805089280417,26.196805089280417,26.196805089280417,47.129392175408015
460.0,16.0,10.0,-0.7342145462070623,-0.15100178283057408,-0.7208509520345335,-0.013363594172528748,0.9720407130969642,-0.5120341615729578,0.10361206565134722,0.08737671149427535,0.0994513106088829,0.011192460184766885,0.01170412417432367,0.010722209276675413,0.011866884304789752,0.010080235081734145,0.008431916215912437,-43.748182601843084,9.66331312677696,7.363070983931989,9.865971359050278,1.3273922437280437,6.733112211863386e-225,4.38453011106705e-21,4.0601746752309024e-13,7.193678488349869e-22,0.18471594615274417,16.781253287500142,26.196805089280417,26.196805089280417,26.196805089280417,47.12939217540802
461.0,16.0,11.0,-0.6181940043482276,0.17793525576998492,-0.6351688534849044,0.016974849136676795,0.9819492464359009,-0.44238296490140966,0.10384289282688289,0.08497160509132962,0.09587456738360012,0.00936383306371313,0.011489760528762832,0.011616651244511618,0.012655470631182306,0.010409237235413307,0.008630455851647945,-38.50236598003697,8.9391418095593,6.714219294378889,9.210527651096747,1.0849754896695463,2.2582982926754016e-192,2.1888064134549404e-18,3.347267595093777e-11,2.23257239503986e-19,0.2782233729760246,16.781253287500142,26.196805089280417,26.196805089280417,26.196805089280417,47.129392175408015
462.0,16.0,12.0,-0.524719414467925,-0.046654130897678114,-0.4962613453950369,-0.028458069072888115,0.9876642705533636,-0.3694130224300718,0.1059563359285865,0.08184432592298926,0.09184349087953694,0.008087838103759933,0.011302460879929838,0.0125018282394288,0.01371831817218993,0.011045368046343318,0.008850062497152254,-32.684300025851094,8.475267288860751,5.966061210688775,8.315113674273867,0.913873558109043,4.796254951317163e-155,9.519364638784301e-17,3.4923137257647304e-09,3.369271913350757e-16,0.3610283165781416,16.781253287500142,26.196805089280417,26.196805089280417,26.196805089280417,47.12939217540802
463.0,16.0,13.0,-0.40547318448478087,0.13658258694741987,-0.4331296356196438,0.027656451134862925,0.9892658250150793,-0.293356480319533,0.10715221005031891,0.07671593514581324,0.08813106389424122,0.007295033529362272,0.011094821343944013,0.01287033297251472,0.015043883290280273,0.012070134855519995,0.009225333040865964,-26.440847601359387,8.325519648881514,5.099476888083728,7.301580715474486,0.7907609944320776,1.9797294501448326e-114,3.105512045975941e-16,4.153991974419328e-07,6.260610662382578e-13,0.4292920284085834,16.781253287500142,26.196805089280417,26.196805089280417,26.196805089280417,47.12939217540802
464.0,16.0,14.0,-0.2343106749237485,-0.04639620964892596,-0.23413395303935125,-0.00017672188439724068,0.9890261425479986,-0.21252588941883896,0.10519229001544146,0.07239609562288102,0.08612047860171339,0.00584979982653438,0.010798460478629993,0.01286477911637719,0.01598629118934815,0.013396849944463595,0.009609372195646837,-19.681128605269688,8.176766119639707,4.5286361148681795,6.428412571516761,0.6087598344025441,5.533273096026083e-72,9.879074102234803e-16,6.735716487865922e-06,2.090210623151784e-10,0.5428374266923612,16.781253287500142,26.196805089280417,26.196805089280417,26.196805089280417,47.12939217540802
465.0,16.0,15.0,-0.13317539214343427,-0.12468673736769173,-0.11641984984127927,-0.016755542302154994,0.9901127553091865,-0.12580618517038655,0.10147161443592828,0.07204650396819172,0.08618107242459341,0.0031799882733872546,0.010551879714009496,0.013350268137775548,0.016192449376891575,0.014423156421609162,0.009716276930342172,-11.922632609558322,7.600717333070413,4.449388865838301,5.975188086809806,0.327284647832209,1.5748326317751145e-30,7.397587325902398e-14,9.6910939109245e-06,3.30936063073436e-09,0.7435287955725951,16.781253287500142,26.196805089280417,26.196805089280417,26.196805089280417,47.12939217540803
466.0,16.0,16.0,-0.04228430235957604,0.22494875179603424,-0.07138428804686527,0.029099985687289227,0.9907362647043438,-0.03444759933511908,0.09741698198006671,0.07406346064807628,0.08816655794999345,0.0008109349983728841,0.010499641937091289,0.013680654550142403,0.01566700108509901,0.01469483402874962,0.009694980276477012,-3.2808356267301515,7.120783703953163,4.7273540255587605,5.9998335318044775,0.08364483219635428,0.001074829865719998,2.1967381808889734e-12,2.6393219691704224e-06,2.860777113151464e-09,0.9333574420591937,16.781253287500142,26.196805089280417,26.196805089280417,26.196805089280417,47.12939217540802
467.0,16.0,17.0,0.10357380017948326,-0.03965143700520912,0.09564834293734682,0.007925457242136433,0.9896131948095117,0.0589423819501411,0.09491279401334869,0.07739079100990222,0.09018516696212561,-0.0004877219967476484,0.010455977836444441,0.013656702839616926,0.01497788230349864,0.01439829535701664,0.009464194280929974,5.637194614615257,6.949905488022687,5.1670048837160865,6.263600289195081,-0.05153338808041921,2.3134382952342962e-08,7.018481330702134e-12,2.931077906606104e-07,5.824198152062751e-10,0.9589119451887032,16.781253287500142,26.196805089280417,26.196805089280417,26.196805089280417,47.12939217540803
468.0,16.0,18.0,0.2115184147025662,-0.03892818668461054,0.22533338061695304,-0.013814965914386856,0.9849493962150939,0.1535011510937685,0.09511880851930637,0.08083017601623907,0.09065750232710099,0.0007048684616693568,0.010373707879053345,0.013179022714509762,0.014648613075142864,0.013382363945243706,0.009149821656696155,14.797134533132455,7.217440213877394,5.517940545060834,6.774401196832047,0.07703630607417465,1.679701434114612e-44,1.1266320049667367e-12,4.486653843545309e-08,2.2561666295380568e-11,0.9386118037028685,16.781253287500142,26.196805089280414,26.196805089280414,26.196805089280414,47.12939217540802
469.0,16.0,19.0,0.4731266591265635,-0.1347861786575869,0.43044316333360194,0.042683495792961546,0.9806635954959939,0.24685979684128861,0.09613249898160123,0.08431589604836032,0.08956066814009661,0.005649227838318488,0.010516585777942043,0.012273001623992164,0.013827055682972255,0.012041794545578008,0.008760402511790775,23.473378342908912,7.8328433358693905,6.097892275952405,7.437485152325997,0.6448593921015725,2.062518369934574e-95,1.3416623097138604e-14,1.5941699248448741e-09,2.3941292634642184e-13,0.5191828278854009,16.78125328750014,26.196805089280417,26.196805089280417,26.196805089280417,47.12939217540803
470.0,16.0,20.0,0.5122803373519244,-0.09352289284452475,0.523630239118127,-0.011349901766202652,0.9786046590483553,0.33488333105750145,0.09795078705076823,0.08955166444071692,0.08931961900170768,0.014076901186852155,0.010908466856652728,0.01200507495268557,0.012638585063099648,0.01131408278296276,0.00829931028875125,30.6993948332223,8.159114994018122,7.085576747208609,7.894552365854089,1.6961531376808212,3.937515890565983e-142,1.1320141110153246e-15,2.796250232379219e-12,8.460065136374833e-15,0.090203088888803,16.78125328750014,26.196805089280417,26.196805089280417,26.196805089280417,47.12939217540802
471.0,16.0,21.0,0.4942178107688185,0.3126752068682859,0.4590362351389053,0.0351815756299132,0.9757290481681353,0.4178361897965475,0.10141935076541422,0.09848233842622596,0.09164649069780012,0.023895896232768738,0.011297336901960643,0.012254735657592742,0.011496272529568323,0.010830124708715283,0.008001197881470084,36.98537039503818,8.275931329663338,8.56645823008546,8.462182399806515,2.986539839004491,9.570354098260163e-183,4.576262024650345e-16,4.5939587322631825e-17,1.0562858901428113e-16,0.002898105326587853,16.781253287500135,26.196805089280417,26.196805089280417,26.196805089280417,47.12939217540803
472.0,16.0,22.0,0.8194848914561899,-0.20467685065760866,0.7987322832321808,0.02075260822400904,0.9710183198604394,0.4967474525009559,0.106814616352242,0.1079587983443386,0.0966775209203673,0.0341464918976761,0.011619350047412233,0.01171835020164892,0.01067783459530272,0.010177181181635906,0.007728651183671946,42.75174174751603,9.115158235944495,10.110551664831997,9.499439893515495,4.418169624450928,8.067512083566252e-219,5.011094741411954e-19,7.809419169667793e-23,1.8502218028368597e-20,1.1167129098489743e-05,16.78125328750014,26.196805089280417,26.196805089280417,26.196805089280417,47.12939217540803
473.0,16.0,23.0,0.9697185623541734,-0.41619960953601753,1.0562515498533862,-0.08653298749921279,0.9587134531635272,0.5728766493892061,0.11563379836634582,0.11576734477266531,0.10240919007100324,0.04332185514916803,0.011967287124318974,0.010914462491699892,0.00999914736932959,0.00976892442287485,0.0076030163609644786,47.870218491294615,10.594548146945552,11.577721629321996,10.48315921363897,5.697982628525141,1.6732258159345655e-249,8.52408887888101e-25,5.418027766643197e-29,2.4457736395262967e-24,1.6426730759638906e-08,16.78125328750014,26.196805089280417,26.196805089280417,26.196805089280417,47.12939217540802
474.0,16.0,24.0,0.955491344058615,0.004162398823918334,0.9857928070260418,-0.03030146296742675,0.9288899362659987,0.6460017491596233,0.12774303442496118,0.12362548621499479,0.1089803549619987,0.051610078926995824,0.012510195359073061,0.010354634240954426,0.009585422541996872,0.009597783261541306,0.0075715026219242655,51.63802247829074,12.336798331293508,12.897239080838752,11.354742234979119,6.816358852937879,3.353600870931307e-271,2.0409162775344696e-32,4.840208033345914e-35,5.1260486321358785e-28,1.7106061991999433e-11,16.78125328750014,26.196805089280417,26.196805089280417,26.196805089280417,47.12939217540803
475.0,16.0,25.0,1.1914629048937297,0.1892465372173553,1.1303223179698465,0.061140586923883244,0.8851296289759527,0.7160085688882141,0.13991914474189077,0.1323493810431252,0.1159048099541687,0.060859861255403186,0.01334962706616005,0.009932787238892581,0.009086822447978945,0.009411686701814099,0.0074059320194061065,53.63509896866131,14.086594364372042,14.5649793204182,12.314988123417676,8.217718053032256,2.1738096058426156e-282,7.234051468268804e-41,2.6585836200646044e-43,2.5724448619521693e-32,7.196264556382481e-16,16.78125328750014,26.196805089280417,26.196805089280417,26.196805089280417,51.05623637017926
476.0,16.0,26.0,1.2354410615808942,0.4445124244973089,1.130595298987961,0.1048457625929331,0.8604741642329172,0.779327006822558,0.15321377465138458,0.1409479395355217,0.12412352676805774,0.06776163173163077,0.014372314618455392,0.009594953365356335,0.008684236526133557,0.009253243615493215,0.007399598006510926,54.224182221966494,15.96816251390864,16.23032020274502,13.414055862555147,9.157474726600977,1.1976884524716457e-285,1.0176068200168181e-50,3.7965703009644594e-52,1.5658894497031304e-37,3.5034622898256743e-19,16.781253287500135,26.196805089280375,26.196805089280375,26.196805089280375,50.71920913632039
477.0,16.0,27.0,1.5402204873699519,-0.15893430669672504,1.6477214310807096,-0.10750094371075769,0.8529605516138186,0.8326154065454381,0.16749150691189568,0.14908122103334748,0.1331889826192866,0.0729903184467906,0.015337092665950968,0.009420620634580842,0.00851235373829413,0.009187567129795687,0.007386509647144339,54.28769485065977,17.77924336503632,17.51351337323809,14.496654091086729,9.881570854647027,5.346967296280381e-286,7.899691739322757e-61,2.6000028684356322e-59,5.962848770174807e-43,6.251687013664875e-22,16.7812532875001,25.78240469504025,25.78240469504025,25.78240469504025,50.2858754591675
478.0,16.0,28.0,1.5962952191133308,0.04403452172760214,1.6394725228358813,-0.043177303722550464,0.8417163359706645,0.871488449589495,0.1775247140033897,0.15569342674888834,0.14105967982267867,0.07651536977228646,0.015785969046296807,0.009267289313005111,0.00834258181410316,0.009087692566453004,0.007255656623391542,55.206522135803596,19.15605610307893,18.662499238028225,15.52205675876372,10.54561616458092,4.8495536428199225e-291,7.425377636608055e-69,6.004963158105977e-66,2.5595324250592147e-48,1.355798817972453e-24,17.128030665744177,27.26754329607642,27.26754329607642,27.26754329607642,53.945097788592285
479.0,16.0,29.0,1.64690000962069,0.40644053421443993,1.507359885627504,0.13954012399318616,0.8418731572439434,0.8936853073103799,0.18317608542834696,0.1600532895349015,0.1468074160485458,0.07923159743978753,0.015732859271858534,0.009206623742289883,0.008244197203960042,0.00903547923161326,0.0072335052583398715,56.80374379938175,19.896119419645924,19.41405397944885,16.24788373536372,10.953416719845118,1.0680871775604205e-299,2.8358814783466814e-73,2.1784765303894483e-70,3.0426912342908245e-52,2.6974885818721094e-26,17.037502885000233,26.697236355017495,26.697236355017495,26.697236355017495,51.58285761351142
480.0,16.0,30.0,1.9661887071537496,-0.0980852468416531,1.9473477034579982,0.018841003695751368,0.8138375463284342,0.9050322917128284,0.18668333795185044,0.16325621448190353,0.15112607668597597,0.08129748446342001,0.015527529561020416,0.009188603550139195,0.00818656672018948,0.009004451446888453,0.007219324270004822,58.28565891027373,20.31683453673681,19.941963470386877,16.7834850992726,11.26109334099294,1.3136412797394484e-307,8.172533793711898e-76,1.5026247170522832e-73,3.351704551039076e-55,1.3047109843167506e-27,15.764802798080233,24.310629505750295,24.310629505750295,24.310629505750295,47.76666578673462
481.0,17.0,1.0,-1.4559174265554242,-0.1581588376401677,-1.413295399369956,-0.04262202718546826,0.8553543193922375,-0.881817892015878,0.11065054194177626,0.1353143475234188,0.15445785622039526,0.033569806731332724,0.014850625154159906,0.00882560565754174,0.00982770130975283,0.00942424510355565,0.007267776729551423,-59.379176490012355,12.537444594210044,13.768667082823868,16.389414167732145,4.618992572355026,2.27039114047e-313,2.3948306966165598e-33,2.8129160723521843e-39,5.088154680989538e-53,4.418454773190068e-06,15.764802798080233,24.3106295057503,24.3106295057503,24.3106295057503,47.76666578673462
482.0,17.0,2.0,-1.2539532394125923,-0.3271011716863458,-1.2167343496278111,-0.03721888978478116,0.876682057846942,-0.8728483276717036,0.11040251340985219,0.13211641946041958,0.15224029744041637,0.03222462160765226,0.015037313973084386,0.00879058252693058,0.009779475129229567,0.009422203479128668,0.007292212136405174,-58.045494643128,12.559180585771895,13.509561373650918,16.157610879201158,4.41904610080885,2.4688589415342057e-306,1.8960293024036198e-33,5.33999004664379e-38,9.479080820355857e-52,1.112290368231859e-05,17.037502885000233,26.6972363550175,26.6972363550175,26.6972363550175,51.58285761351142
483.0,17.0,3.0,-1.272387858920693,-0.05423295222741209,-1.285542856672844,0.01315499775215101,0.8797614330813319,-0.8557776326197232,0.11080855736515033,0.1277108175020107,0.1487199447351557,0.030621578605269397,0.015119137070993964,0.008837137821154981,0.009773165565439267,0.009499648731876639,0.0073219146954853175,-56.6022801831416,12.538964493672236,13.067497592963429,15.655309889103274,4.18218183068298,1.2972233879569236e-298,2.3560593841688558e-33,7.442960873185814e-36,4.955648009736486e-49,3.170010691934116e-05,17.128030665744173,27.267543296076422,27.267543296076422,27.267543296076422,53.945097788592285
484.0,17.0,4.0,-1.190758852665476,-0.24813129885598428,-1.1835343052567833,-0.007224547408692716,0.875273885123738,-0.8286210817055084,0.11191418161840722,0.1212230939644886,0.14191374782097912,0.028681561385683618,0.014876126406444623,0.008995338429528854,0.009917579350909802,0.009805583709885666,0.007429545071365978,-55.701400960570886,12.441353095846658,12.223052589276035,14.472748590979482,3.8604734354764867,9.744296189583151e-294,6.702307554914724e-33,6.802966855229712e-32,7.905949751758639e-43,0.00012126794227861974,16.7812532875001,25.78240469504025,25.78240469504025,25.78240469504025,50.2858754591675
485.0,17.0,5.0,-1.0875040886124043,-0.21396453047143016,-1.1217321378066656,0.034228049194261256,0.8674092123407836,-0.7926459411885657,0.11177852195982486,0.11246508543496604,0.1296164864915013,0.025852092606491673,0.014238390119241339,0.009130395939374666,0.01008876326968498,0.01007109693465666,0.007447136640956466,-55.66963220915034,12.242461630582966,11.147559163461048,12.870145857246694,3.4714137597952526,1.4503910494450977e-293,5.542654635176243e-32,4.0185507787953245e-27,6.510161863305992e-35,0.0005423795451752986,16.781253287500142,26.196805089280375,26.196805089280375,26.196805089280375,50.71920913632039
486.0,17.0,6.0,-0.9877751163285851,-0.2627019560763131,-1.0180211512028672,0.030246034874282124,0.8931268400628862,-0.7486834822586936,0.11117541033493007,0.10479579581799504,0.11766154852384894,0.02258657199699487,0.013653664421989772,0.009392356161669701,0.010154458653899249,0.010273804723203406,0.007454081990029341,-54.83388628278493,11.836796690977076,10.320175539614228,11.452577861258169,3.030094386834879,5.311042532044487e-289,3.825325262859263e-30,1.1259948472821496e-23,1.9199075106699025e-28,0.002514752500843193,16.781253287500142,26.196805089280414,26.196805089280414,26.196805089280414,51.05623637017926
487.0,17.0,7.0,-0.9918876698502995,-0.06643166390265376,-0.9930154987220752,0.001127828871775649,0.9102594285881925,-0.6994016672713168,0.10945377153600383,0.09898838165407126,0.10927461152147816,0.018998960525784037,0.013281633406065259,0.009615327798471003,0.010116071545347913,0.010180593002177857,0.007608907043681691,-52.65931123742088,11.383259502958266,9.785259150286766,10.733619495259449,2.4969368684245468,5.98173421350311e-277,3.8524949730912914e-28,1.4829216043687547e-21,2.2592101535766964e-25,0.012705063347590128,16.781253287500142,26.196805089280414,26.196805089280414,26.196805089280414,47.12939217540802
488.0,17.0,8.0,-0.9517044345052035,-0.02255596019856987,-0.921729165802303,-0.02997526870290046,0.9304097341999047,-0.6426213067657439,0.10719901577294319,0.09475685267216645,0.10503623762887447,0.015795003472288835,0.012787204087382115,0.00974980219908796,0.010281110130678586,0.010131525702813641,0.007756625753536588,-50.25502857187179,10.994993906950345,9.216597377885709,10.367267547838791,2.0363240375606875,2.515209845242587e-263,1.797986352795431e-26,2.120111013483229e-19,7.256986567520484e-24,0.042010468339965995,16.781253287500142,26.196805089280414,26.196805089280414,26.196805089280414,47.12939217540803
489.0,17.0,9.0,-0.7683547613471949,0.023297539654455246,-0.7679970722471992,-0.0003576890999957838,0.9560952978971893,-0.5788806508464115,0.10488160627394409,0.09151804526062801,0.10234809933879516,0.012650798726585612,0.012139492691905257,0.009972001682944586,0.010581613792488577,0.010334593068769675,0.008003723550120934,-47.68573659032846,10.517608160187764,8.64877957704265,9.903447446623035,1.5806141538202507,2.021221457520447e-248,1.7670057193714013e-24,2.366733151653887e-17,5.13320884172709e-22,0.11431803344534025,16.781253287500142,26.196805089280414,26.196805089280414,26.196805089280414,47.129392175408015
490.0,17.0,10.0,-0.7609741678527365,0.04568168474702927,-0.7517439935047888,-0.009230174347947706,0.9731185932313666,-0.511812731135471,0.10309351723473312,0.088554487789851,0.0994663921765758,0.010090967273385355,0.011642329020816152,0.01044088531400967,0.011113895962646756,0.010648552410458182,0.008223605410532636,-43.96136977578665,9.874020653823422,7.967906851699726,9.340836983521594,1.2270733783579935,3.421062547193028e-226,6.691268824040312e-22,4.870718502928641e-15,7.316245879225646e-20,0.2201162537863485,16.781253287500142,26.196805089280414,26.196805089280414,26.196805089280414,47.12939217540803
491.0,17.0,11.0,-0.5127938649287369,-0.17406089198333907,-0.531789216724472,0.018995351795735083,0.9823654718847655,-0.4410969910531982,0.10441339541693101,0.08708078720132807,0.09541913433835031,0.00810365620075,0.011353720460326568,0.011303889391796084,0.011897234984451452,0.010971825983529786,0.008326190497563392,-38.850436083443164,9.236944187786385,7.319413907108192,8.69674149786804,0.9732729755728607,1.437540481621466e-194,1.7824838240947388e-19,5.523460686070276e-13,1.6043176912220312e-17,0.3306794474921081,16.781253287500142,26.196805089280414,26.196805089280414,26.196805089280414,47.12939217540802
492.0,17.0,12.0,-0.37985870285078993,-0.2129550640225783,-0.39709381459078985,0.01723511173999992,0.9877906696010722,-0.3672212690729187,0.10646698793014012,0.08473936364323395,0.09042087468157481,0.006668407955527107,0.011250627353617553,0.012420811935384222,0.012831275654163735,0.011517587593006492,0.008380297023952377,-32.64007041837018,8.571660893346156,6.604126193465115,7.850678273675869,0.7957245353556818,9.291564629494408e-155,4.406059644977743e-17,6.833876973917251e-11,1.1746213019796295e-14,0.4264022126936108,16.781253287500142,26.196805089280414,26.196805089280414,26.196805089280414,47.12939217540802
493.0,17.0,13.0,-0.3301402997778457,-0.03524316618231621,-0.359212486631941,0.029072186854095294,0.9896925634347172,-0.29130417832674405,0.10657931024645836,0.08013885987370203,0.08533925857383003,0.005853338812497036,0.01115775618085167,0.012946577517515106,0.013871285183282985,0.012316222401910224,0.008656120177512602,-26.107774144291152,8.232238219117743,5.777320472819749,6.929012467377502,0.6762081270201398,2.8150861382281797e-112,6.42951366727279e-16,1.0455966905378931e-08,8.07607309117975e-12,0.4990824357947301,16.781253287500142,26.196805089280414,26.196805089280414,26.196805089280414,47.12939217540803
494.0,17.0,14.0,-0.22108892013006054,-0.18845467369912194,-0.21249129864989366,-0.008597621480166878,0.9900956589909377,-0.21105951953353852,0.1045165992222969,0.07539098001228936,0.08242830888736828,0.004558804404521369,0.010848684961530025,0.013093862395645516,0.014613907472011042,0.013512138666360649,0.00915541489189157,-19.454848240313552,7.9821061245499925,5.158851604656745,6.100315495768182,0.4979353156959433,1.2446950459414948e-70,4.3748542142994005e-15,3.0577698946960064e-07,1.5711351009508895e-09,0.6186514137120429,16.781253287500142,26.196805089280414,26.196805089280414,26.196805089280414,47.12939217540803
495.0,17.0,15.0,-0.16392398912230824,-0.0427326662384966,-0.14829062691048467,-0.01563336221182357,0.9908901281304173,-0.12465401027498095,0.10065942935155772,0.07337845813883476,0.08270848185647624,0.0021797268127733086,0.01054956353925872,0.012997625911721997,0.015078527142552912,0.014503795089931541,0.009582622540965978,-11.816034835099911,7.744447334861156,4.8664208012568,5.702540703563306,0.2274666254936909,4.7380210912737445e-30,2.5835341091941514e-14,1.3416667391622095e-06,1.6008266241443253e-08,0.820112636894757,16.781253287500142,26.196805089280414,26.196805089280414,26.196805089280414,47.12939217540802
496.0,17.0,16.0,-0.12032290199506071,0.3578038087801917,-0.11143169571353655,-0.008891206281524164,0.9913901774664333,-0.03353208076486192,0.09645120611566041,0.07414683588204357,0.08547621949039555,-0.000141771000672132,0.010525624120050488,0.012880453437335857,0.015152837862733203,0.014747876445906217,0.009599745414325856,-3.185757004279294,7.488184060048899,4.893263991453367,5.795832356198131,-0.014768204213058071,0.0014935293106236307,1.6662263172993013e-13,1.1750723352762004e-06,9.402559624446556e-09,0.9882203828639011,16.781253287500142,26.196805089280414,26.196805089280414,26.196805089280414,47.12939217540802
497.0,17.0,17.0,0.1371723219672272,-0.332181519063373,0.13942595577595102,-0.002253633808723815,0.9899818355326829,0.06047644607149948,0.09390423722525484,0.07640742352376652,0.0875986826336198,-0.0007772716358157242,0.010560168404259196,0.012735794595608372,0.014864099000340856,0.014500707933046997,0.00938470477484272,5.7268448528820555,7.373253119019007,5.140400606993696,6.0409935182532095,-0.08282323786032478,1.3946192028270738e-08,3.7780894199853076e-13,3.3643337064888e-07,2.2404081632212504e-09,0.9340105285065243,16.781253287500142,26.196805089280414,26.196805089280414,26.196805089280414,47.12939217540803
498.0,17.0,18.0,0.2445922648574184,-0.00033398731391554026,0.22084421534743956,0.02374804950997883,0.9861717867694301,0.1561090868869378,0.09306227339896847,0.07925252581687561,0.08688702069469678,0.0015760563071385326,0.010509540696538264,0.012295314824086408,0.014615997411376558,0.013254031281217677,0.009068547501751244,14.854035147164762,7.56892155511629,5.422313892529041,6.5555164954095595,0.1737936871184914,8.501958844411669e-45,9.314945394345494e-14,7.562913315663663e-08,9.33509734689331e-11,0.862066731098228,16.78125328750014,26.196805089280417,26.196805089280417,26.196805089280417,47.12939217540803
499.0,17.0,19.0,0.3309895738411067,-0.09534610481365974,0.3465690266783338,-0.015579452837227059,0.9816573449069369,0.24971833060758342,0.09302549905328453,0.08238150311440741,0.08520849840771019,0.007516103456597893,0.010625956149998006,0.011702959453939229,0.013913008057339844,0.011748119951084641,0.00868725578005565,23.500786854614518,7.948886725568552,5.921185610968351,7.252947600338669,0.8651873096511664,1.3830112380475242e-95,5.62269699687233e-15,4.545290504692573e-09,8.798532688487642e-13,0.38716679952696387,16.781253287500142,26.19680508928041,26.19680508928041,26.19680508928041,47.12939217540803
500.0,17.0,20.0,0.4556524427195552,0.019116046270133635,0.453756647926552,0.0018957947930031693,0.9784664779975628,0.33817337774664397,0.09500752364372503,0.08828627285255265,0.0850066811800729,0.016055251188142133,0.010975232596957775,0.011749808390117085,0.01279128538478566,0.01109116373242221,0.008236991025302709,30.81241101353809,8.085878551316384,6.9020641942336,7.664360857966363,1.9491645843516145,7.225386223614701e-143,1.9864237476831764e-15,9.673656568885118e-12,4.6524199087910686e-14,0.051586457469355716,16.781253287500142,26.196805089280414,26.196805089280414,26.196805089280414,47.12939217540802
501.0,17.0,21.0,0.5292273295055655,0.2923069691052514,0.4968740323023059,0.03235329720325958,0.9753253283257435,0.42280827503222695,0.09992377911508699,0.09755045963694814,0.08737020411908046,0.025861877971160935,0.011390772980658423,0.012220891501571225,0.011678435688557419,0.010556259131945826,0.00790138375883512,37.11848842481165,8.176472158536054,8.353041643456452,8.276625557123435,3.273082128461722,1.3572825311943523e-183,9.901522012890866e-16,2.502198751704201e-16,4.55155080644278e-16,0.001104392210612942,16.781253287500142,26.196805089280414,26.196805089280414,26.196805089280414,47.12939217540803
502.0,17.0,22.0,0.8114309877898954,-0.1725214295730645,0.8056029293024531,0.005828058487442278,0.9703696633614717,0.5039338459903614,0.10534142462308457,0.10754324816555684,0.09208860585351891,0.03630932007117588,0.01182759500865513,0.011867300084914352,0.01053105648888632,0.00992649623809964,0.00766913400887525,42.60661999515502,8.876612529331252,10.21200942935306,9.277050395694165,4.734474587242345,6.253213093798631e-218,3.674681727944457e-18,3.0704590969008976e-23,1.265153817030249e-19,2.5505178074245218e-06,16.781253287500135,26.196805089280417,26.196805089280417,26.196805089280417,47.12939217540802
503.0,17.0,23.0,0.99275372406206,-0.26730919268295283,1.0170471009012259,-0.02429337683916588,0.9611574246045335,0.5799322137550375,0.11349254434585777,0.11523882586328385,0.09838435886389482,0.04560168334336602,0.012184468967201469,0.01106906355713275,0.009786987230037085,0.00964842326518169,0.007547843020624921,47.5960187773564,10.25312970334557,11.774698704991279,10.196936448563042,6.041684123365677,6.799892427179625e-248,2.0989324423953264e-23,7.248796702426745e-30,3.5288393073901283e-23,2.2312106761081755e-09,16.78125328750014,26.196805089280414,26.196805089280414,26.196805089280414,47.12939217540803
504.0,17.0,24.0,0.9261659398204335,0.39420131506974354,0.8644728898037359,0.06169305001669756,0.9283335729693198,0.6543440887654022,0.12544889403419457,0.12264965545737902,0.10567692837532164,0.053812392335822204,0.012653683040475481,0.010416735578027764,0.009362056336798878,0.009628280603993013,0.00748322255982753,51.71174958882281,12.043014156834941,13.100717518146876,10.975680157420381,7.191072015511783,1.2841408093572156e-271,4.501297329980634e-31,5.155381403490613e-36,2.1711297797270202e-26,1.3527761942566617e-12,16.78125328750014,26.196805089280414,26.196805089280414,26.196805089280414,47.12939217540802
505.0,17.0,25.0,1.208324796915944,-0.31995410609504127,1.3107785352254318,-0.10245373830948767,0.8757000691895082,0.7256786811893904,0.1382803428742297,0.1292006570987288,0.1128449543121899,0.06293207042639741,0.013487952365801147,0.009911339714524474,0.008975151284359339,0.009412392949111429,0.0073279273305215924,53.80199021382643,13.951730730366162,14.395373738588892,11.988976121406296,8.587976870933023,2.582554968580617e-283,3.440099567788492e-40,1.966070628199606e-42,7.906201398963649e-31,3.8646783256065914e-17,16.78125328750014,26.196805089280414,26.196805089280414,26.196805089280414,51.05623637017926
506.0,17.0,26.0,1.4173699414555792,-0.2195644539739201,1.5053661321008738,-0.08799619064529463,0.8419223043119792,0.7874425760252031,0.1523783985182758,0.13627713258498325,0.12099088504296213,0.0698174484618477,0.014540658510201962,0.009545290268710527,0.008682703397473592,0.009222906849349576,0.007313812720785745,54.15453333648683,15.963726008183572,15.695242178217885,13.118519683574027,9.545971592002564,2.9018123952999933e-285,1.0755726353461222e-50,3.0251445360579224e-49,4.2333422162604104e-36,1.2317823836693264e-20,16.78125328750014,26.196805089280375,26.196805089280375,26.196805089280375,50.719209136320394
507.0,17.0,27.0,1.3344085238439518,0.676377188705098,1.1512109042375063,0.18319761960644554,0.8343470273655502,0.8375187659657312,0.16788511705269915,0.14337718706886665,0.1302728050282887,0.0750169353551185,0.015514835673603048,0.009366500061394495,0.008573363811125764,0.009191765299345359,0.007304545429020347,53.98180061879006,17.923996791999617,16.723562679423942,14.172773214473478,10.269897844304246,2.6118593655112485e-284,1.1654325216879536e-61,7.222643701438742e-55,2.657718204990056e-41,1.796733015737876e-23,16.7812532875001,25.78240469504025,25.78240469504025,25.78240469504025,50.28587545916751
508.0,17.0,28.0,1.4801474567110455,0.3245625664837859,1.4257637015524594,0.05438375515858618,0.8198123088782037,0.8750201235334165,0.17931587559268733,0.14983218529551182,0.1392915896652706,0.07813568329338333,0.01598932420514959,0.00925919632530513,0.008405561162883029,0.009106833254048893,0.007210953547595959,54.7252724572064,19.366246193810788,17.82536375526423,15.295282759607094,10.83569361217599,2.09433918204362e-288,4.1953992114862973e-70,4.296824938448421e-61,4.108193617992512e-47,8.454084050323675e-26,17.128030665744173,27.26754329607642,27.26754329607642,27.26754329607642,53.94509778859228
509.0,17.0,29.0,1.9169854241275308,-0.44223775483062955,2.0916148810158757,-0.17462945688834486,0.8247021576411893,0.8972907255884167,0.18538363981903178,0.15413443856962222,0.14556268131847663,0.08058162010249503,0.015962296846529948,0.009234421106738609,0.008299338136109303,0.00904771723486894,0.007206074966314994,56.21313362453093,20.075285464700357,18.571895257406617,16.088332287562384,11.182456535517067,1.6360955735765812e-296,2.362107040351946e-74,2.0358452208475707e-65,2.261986662470226e-51,2.8463653326779243e-27,17.037502885000233,26.6972363550175,26.6972363550175,26.6972363550175,51.58285761351142
510.0,17.0,30.0,1.9638787966089555,0.048060441456839964,1.9095303261745622,0.05434847043439328,0.7935316929049285,0.9086622501308603,0.18901461657751967,0.15722571128303242,0.1500207146051133,0.08255262582045925,0.01575783576853771,0.009230804563622705,0.008241208649032352,0.009010673913104958,0.007207822104576449,57.664152836591086,20.47650508411797,19.07799183090616,16.64922247235314,11.453199679837306,2.6406817823864957e-304,8.7724888850212e-77,2.151633420638099e-68,1.8684954269460953e-54,1.9079237083560976e-28,15.764802798080233,24.310629505750295,24.310629505750295,24.310629505750295,47.76666578673462
511.0,18.0,1.0,-1.5095079036633643,-0.010770484689071713,-1.526103782537085,0.016595878873720604,0.8356786721880547,-0.8859382335669529,0.10891582454772117,0.12910066513605037,0.15643662749204612,0.03502562328003406,0.014883433166400919,0.008765694863086938,0.00978371777361942,0.009457230433783128,0.007329362084137672,-59.52512593444787,12.425235677136637,13.19546087931464,16.541484167840835,4.7788092439636864,3.9062944927e-314,7.960819150240633e-33,1.8027119489050058e-36,7.379624858926584e-54,2.058919151099991e-06,15.764802798080234,24.310629505750295,24.310629505750295,24.310629505750295,47.76666578673462
512.0,18.0,2.0,-1.2863385326913894,-0.16829716447034104,-1.2641170927949854,-0.022221439896404016,0.8605855974923902,-0.8772134877209773,0.10833458917929442,0.12553638812105292,0.1544273440135982,0.033635506255832476,0.015050356450707885,0.008671869765920144,0.009724475257470392,0.009504593933317481,0.007354366482457853,-58.28523002720763,12.492644850945752,12.909322590400466,16.24765298728516,4.5735423079693165,1.3205328131550196e-307,3.872108223053468e-33,4.240262597907896e-35,3.0515552705368775e-52,5.467321337941139e-06,17.037502885000233,26.6972363550175,26.6972363550175,26.6972363550175,51.582857613511415
513.0,18.0,3.0,-1.203177703097799,-0.34741733778037864,-1.1184545772527645,-0.0847231258450345,0.8647020629128354,-0.8613875828674349,0.10808448856566755,0.12071311200873544,0.15097799736087567,0.03193791872523312,0.015185999466047552,0.008628815358785798,0.009723976982302342,0.009617308742167293,0.007385364436139066,-56.72248209894265,12.52599390200379,12.413965214894436,15.698570297416934,4.324487843680424,2.922460731974642e-299,2.708071114416384e-33,8.977941680801244e-33,2.903134171855553e-49,1.6998774327091235e-05,17.128030665744177,27.267543296076422,27.267543296076422,27.267543296076422,53.94509778859228
514.0,18.0,4.0,-1.1845670888975037,0.16584514405343875,-1.2492914695752142,0.06472438067771047,0.8564651099740879,-0.8334615373706575,0.10832075351033017,0.11430539456816304,0.14413535106943381,0.029886015793931388,0.015010094609677307,0.008735577057994924,0.009874171274008465,0.009887753164780154,0.007506105799629475,-55.526734443986,12.399953980280385,11.576201323248897,14.577159104541476,3.9815606909519787,8.692159815695708e-293,1.0424340915538138e-32,5.502272989006682e-29,2.301494044505349e-43,7.399108136851599e-05,16.7812532875001,25.78240469504025,25.78240469504025,25.78240469504025,50.28587545916751
515.0,18.0,5.0,-1.079991675392098,0.09726177968121075,-1.104561990226974,0.02457031483487615,0.8441930135803899,-0.7955611690065223,0.10810311742471243,0.10723787962790847,0.13234265806929618,0.026992703654637035,0.014381541429682934,0.008902084613380002,0.01010568265202294,0.010136199835479764,0.007525993426319206,-55.318212786601265,12.143573344858057,10.611641323057157,13.05643734509425,3.5865967621285257,1.1908738803169318e-291,1.5704866209690778e-31,7.245611773866401e-25,8.409778277525292e-36,0.000353086447963772,16.78125328750014,26.196805089280378,26.196805089280378,26.196805089280378,50.71920913632039
516.0,18.0,6.0,-0.9562709442310605,-0.49829508276952855,-0.8813824242880417,-0.07488851994301882,0.8757297022404144,-0.7509600520393601,0.10741387467749211,0.10154655106261626,0.12024331350987719,0.023540233259180844,0.013715261673062841,0.009185184940675674,0.010243465213510643,0.010397877642044345,0.007533291779029741,-54.75360732739549,11.694252796350403,9.913300718655362,11.564217011331934,3.1248269613967796,1.4639875298315889e-288,1.6531866557774877e-29,4.696585893370618e-22,6.213579460477241e-29,0.0018361736664233093,16.78125328750014,26.196805089280414,26.196805089280414,26.196805089280414,51.05623637017926
517.0,18.0,7.0,-0.9850353947299767,0.019500737919937117,-0.9771331163160986,-0.007902278413878139,0.9054042810135443,-0.7012513139042807,0.1058564542034437,0.09744509941647755,0.11133797598150727,0.01942396094850223,0.01326374130419986,0.009397591635367252,0.010152101489588974,0.01048499683676155,0.007691672908562971,-52.86979727825625,11.264210907511613,9.598515097234593,10.618789658681068,2.5253233177502854,3.972653456809603e-278,1.2648742977730716e-27,7.765893509471117e-21,6.769178117695282e-25,0.011730101750550753,16.78125328750014,26.196805089280414,26.196805089280414,26.196805089280414,47.12939217540802
518.0,18.0,8.0,-0.8275598375645381,-0.3097927838541433,-0.8011246591878496,-0.026435178376688517,0.929239750982442,-0.6445740875178172,0.1041807856036728,0.09455715063393291,0.1061440518126817,0.015616914384914114,0.012708967937874615,0.009575954384337976,0.010089341809296324,0.01060482701598686,0.007851012540266043,-50.71805127439897,10.879415400523051,9.371984062112745,10.009031892049602,1.9891592714721242,5.655242326275349e-266,5.537130025329977e-26,5.593308276955546e-20,1.9730112403044325e-22,0.0469863207640729,16.78125328750014,26.196805089280414,26.196805089280414,26.196805089280414,47.12939217540803
519.0,18.0,9.0,-0.7767851687210819,-0.3158432494887381,-0.7137916466118972,-0.06299352210918474,0.9559592087196231,-0.5803423273358983,0.1029959840584273,0.09290479439951474,0.10243268123708736,0.011987580310899183,0.01199375930701145,0.009878864376454856,0.010237603164419868,0.010899230231319383,0.008038961641801198,-48.38702465845176,10.425893112158363,9.074857943546727,9.398157398560393,1.491185161099147,1.5921826094102957e-252,4.191013496676982e-24,7.037540205835317e-19,4.4609921882712604e-20,0.13626367533153158,16.78125328750014,26.196805089280417,26.196805089280417,26.196805089280417,47.12939217540802
520.0,18.0,10.0,-0.7435867974814853,0.11015495627062866,-0.7761588840081188,0.03257208652663357,0.9735534341161697,-0.5128162615507718,0.10192784361147375,0.09067180781320798,0.09808558340262577,0.009350513362352595,0.011465309782157424,0.010414281380969963,0.010611495630664764,0.011242660008653038,0.008196312445273328,-44.727641144840945,9.787314158586756,8.544677486478669,8.724410711267005,1.1408195361982418,7.977909049652327e-231,1.4559430912955826e-21,5.4703769334962597e-17,1.280936127078576e-17,0.2542488397191461,16.78125328750014,26.196805089280414,26.196805089280414,26.196805089280414,47.12939217540803
521.0,18.0,11.0,-0.646854976757166,0.19043112646855842,-0.643815850197485,-0.0030391265596809713,0.9811790400119178,-0.4421452634850993,0.10297286359046406,0.08906423042046376,0.09318304994926234,0.006991644303766371,0.01122582991821003,0.011358729643595336,0.011292949404316466,0.011569409515247639,0.008270573802511857,-39.386421022455664,9.06552641197211,7.886711188701601,8.054261527042835,0.8453638732590644,6.104227694608692e-198,7.61195825103441e-19,8.972111129989346e-15,2.5289230336206352e-15,0.3981326392903196,16.78125328750014,26.196805089280414,26.196805089280414,26.196805089280414,47.12939217540803
522.0,18.0,12.0,-0.4981032605146815,-0.16180884791367495,-0.5003114771798837,0.002208216665202156,0.9863019054599418,-0.36827090490714065,0.10456983395720143,0.0872544901717745,0.08756710381014092,0.005182378813710255,0.01124590116932078,0.012659112778393926,0.012021035087598202,0.01219410845877087,0.008269717200980485,-32.74712265049926,8.260439399487545,7.258483943848791,7.181099307605094,0.6266694117539854,1.875203739468352e-155,5.163480096743608e-16,8.46502318904587e-13,1.4494643175441062e-12,0.5310350544770646,16.78125328750014,26.196805089280414,26.196805089280414,26.196805089280414,47.12939217540803
523.0,18.0,13.0,-0.3573592388676085,-0.1777588448681958,-0.34612701376248955,-0.011232225105118954,0.9878923643489494,-0.2930279842982871,0.10338204544100951,0.08365189845936138,0.08200719712900564,0.00396524909020896,0.011295192144528935,0.013214417553952239,0.01243298991931204,0.012937030438729907,0.008414880309854775,-25.94271797671201,7.823428086702879,6.728220564984592,6.3389506206539235,0.47121871544212046,3.273551851867587e-111,1.4390735319293584e-14,3.0545769211225656e-11,3.656063860975039e-10,0.6375988800117696,16.78125328750014,26.196805089280417,26.196805089280417,26.196805089280417,47.12939217540803
524.0,18.0,14.0,-0.40274033006562626,0.1533663559687919,-0.3910405654923254,-0.011699764573300853,0.9885239243573702,-0.2133510801427405,0.1009018255461922,0.0795107993748628,0.07900326911744432,0.0024203751585213313,0.010975209503418645,0.013013242710440494,0.012847636006049346,0.013827752576532761,0.008885710674651076,-19.439362872871286,7.7537803444823865,6.18874938061951,5.713384635730443,0.2723895979897381,1.539441935351794e-70,2.411555833029539e-14,9.205159404597832e-10,1.505396799239532e-08,0.7853850188420091,16.78125328750014,26.196805089280414,26.196805089280414,26.196805089280414,47.12939217540803
525.0,18.0,15.0,-0.06223453295365604,-0.23913026739072807,-0.06027603987420936,-0.001958493079446677,0.9896617057950404,-0.12748153817770125,0.09727522780795253,0.07554639520018716,0.07996317181969709,0.0003001111038344953,0.010589010826642885,0.012584469322486629,0.013942748970018761,0.014533443945777673,0.009507932759920313,-12.039041253687875,7.729783856212018,5.418328578003905,5.502011231338487,0.031564285466929465,4.691909367382412e-31,2.878434858833358e-14,7.727948468797168e-08,4.8970938569361666e-08,0.9748265312870943,16.78125328750014,26.196805089280414,26.196805089280414,26.196805089280414,47.12939217540803
526.0,18.0,16.0,-0.12608486521530585,0.10942364546709152,-0.12738937708819126,0.001304511872885411,0.9893396306725691,-0.03638048308648772,0.09411248391752633,0.07466291156607696,0.08269557664274928,-0.0016884959353063518,0.010488082064465339,0.012667670550218002,0.014577711761559257,0.01473275683626582,0.009787948326910193,-3.4687450825493062,7.429344135880351,5.12171682272931,5.613041575436019,-0.17250764704837457,0.0005477229275080571,2.5371119552134833e-13,3.704961526674388e-07,2.6482288108297627e-08,0.8630772776011794,16.78125328750014,26.196805089280414,26.196805089280414,26.196805089280414,47.129392175408015
527.0,18.0,17.0,0.15139857299945209,-0.1417784294727032,0.12287576559480903,0.028522807404643052,0.9871989442943504,0.058989355086093424,0.09201979605817151,0.07601792917611355,0.08349383258377446,-0.001240876166637895,0.010566073580390717,0.012750379592596964,0.014375373490919987,0.01439695633699064,0.00966511386987554,5.582902166758533,7.2170240415116265,5.288066374353979,5.7994086131421145,-0.12838712335355798,3.132501134684317e-08,1.129894483431635e-12,1.5529531817743006e-07,9.21131812297287e-09,0.897871335422963,16.78125328750014,26.196805089280417,26.196805089280417,26.196805089280417,47.12939217540803
528.0,18.0,18.0,0.1483881388324675,0.16996505064329154,0.13313201698034824,0.015256121852119248,0.9838609669695221,0.15608320807461104,0.09064009491028208,0.07767828616173925,0.08146502891355308,0.0025674331775077087,0.010626901520679683,0.012516744893978162,0.013893048210310626,0.01319773001150404,0.009330647406011857,14.687555706701248,7.241506931557681,5.5911622119104765,6.172654603673708,0.275161311513441,6.205735064996118e-44,9.529173176933622e-13,2.9918281597567335e-08,1.0150908519487127e-09,0.7832555355356547,16.78125328750014,26.196805089280414,26.196805089280414,26.196805089280414,47.12939217540803
529.0,18.0,19.0,0.4120700869913758,-0.19886532436307092,0.4146768673042772,-0.0026067803129014022,0.9784302901471754,0.25036933260051125,0.09087632725699392,0.08091479302111902,0.08053106949067292,0.009327640492208298,0.010792178296442615,0.01213728724785372,0.013401960222147177,0.011910276664900356,0.008885815519931223,23.199147171525098,7.4873672675963,6.037534187529126,6.761477651312532,1.0497225011352131,1.1177958581351125e-93,1.6760124092517121e-13,2.2870391970208418e-09,2.4562459004378443e-11,0.2941278184190372,16.78125328750014,26.196805089280414,26.196805089280414,26.196805089280414,47.12939217540803
530.0,18.0,20.0,0.3978058873006824,0.3031051321775219,0.3634088092417938,0.034397078058888586,0.9732658493687527,0.3418628173883076,0.09379509922106165,0.08785479110247593,0.08108827590102813,0.018021236955185833,0.011150682708971644,0.0118008038095908,0.01244457527988697,0.011224827347562088,0.00840622096495647,30.658465164043342,7.948195795343373,7.059685776859545,7.2240109705241595,2.143797674402335,7.276438109882098e-142,5.652067361727952e-15,3.3370229755168804e-12,1.0763327573742488e-12,0.0323167794526455,16.78125328750014,26.196805089280414,26.196805089280414,26.196805089280414,47.12939217540803
531.0,18.0,21.0,0.6167327628378818,0.0465567237208695,0.6259135988813018,-0.009180836043420015,0.9699910822487594,0.4295287896431364,0.09926991563679016,0.0967239353340455,0.0837872836833218,0.027799295114502874,0.011564946944713834,0.011807503083796956,0.011487968332104092,0.010556828942941498,0.008022576424564862,37.14057588819875,8.407358857522974,8.419585825610463,7.936785197163171,3.46513309980848,9.817165124071122e-184,1.6308856102852207e-16,1.4806065947932164e-16,6.159574611163827e-15,0.0005550333115135118,16.78125328750014,26.196805089280414,26.196805089280414,26.196805089280414,47.12939217540803
532.0,18.0,22.0,0.5912502408834592,0.25159620792278187,0.5787552810462047,0.012494959837254571,0.9670575242971746,0.5120925490475698,0.10394638242974609,0.10598285640197652,0.0883905266427635,0.03832321536289321,0.01204478780079545,0.011488366765154762,0.010379821356816492,0.009791236683715733,0.007779303867433989,42.51569703982255,9.047968658610788,10.210470176577454,9.027514041180309,4.9263039490362726,2.258595554836588e-217,8.821333704370377e-19,3.114421928801487e-23,1.047154816517831e-18,9.972646014937764e-07,16.78125328750014,26.196805089280417,26.196805089280417,26.196805089280417,47.12939217540803
533.0,18.0,23.0,0.8808771672907008,0.06432197840203946,0.8634293860175749,0.01744778127312585,0.9605686910595012,0.5874064826630692,0.11094808129145317,0.11432001987750003,0.0951333017478313,0.047712886581833425,0.012456321958548445,0.0108475641361256,0.009666553442679568,0.009440891503050657,0.007600383098530565,47.157297685288846,10.22792581810724,11.82634747279797,10.076728634906,6.277694948174137,2.601207408011166e-245,2.6504432501749693e-23,4.2604253623343086e-30,1.06432269293221e-22,5.34034756210377e-10,16.78125328750014,26.196805089280417,26.196805089280417,26.196805089280417,47.12939217540802
534.0,18.0,24.0,1.0283680619851172,0.08463362939473962,1.0171411555378913,0.011226906447225904,0.9315522584238576,0.6607590135082679,0.122747965125204,0.12174568385018902,0.10319617380597872,0.05627353869359645,0.012899746619341927,0.010223438270350455,0.009167733687245978,0.009418192916976716,0.00748245397467328,51.222635064592936,12.006524799116946,13.279801530400027,10.957109789072485,7.52073302209034,7.583913329960516e-269,6.585832207376775e-31,7.044669265798755e-37,2.6021440708966405e-26,1.3188480235338992e-13,16.78125328750014,26.196805089280417,26.196805089280417,26.196805089280417,47.12939217540802
535.0,18.0,25.0,1.2000826125676998,0.04190312039047139,1.1949261381700547,0.0051564743976451055,0.8863176781095912,0.7320185009915134,0.1365675065391948,0.12753734587140186,0.11152273949043906,0.0649305154456012,0.013630561813320228,0.009751012194998198,0.008821466695043119,0.009310747551958591,0.007303385261678803,53.70420610808288,14.00546977156355,14.45761235408467,11.97785020677307,8.890468340249637,8.993702800359038e-283,1.850226031192465e-40,9.450470620102348e-43,8.876419969867537e-31,3.2769540864833635e-18,16.78125328750014,26.19680508928041,26.19680508928041,26.19680508928041,51.05623637017927
536.0,18.0,26.0,1.366949675815772,-0.06809589201261845,1.4362202709875753,-0.06927059517180334,0.8483668402581274,0.793766622882123,0.15234034820765935,0.13356747389808335,0.12035396432598747,0.071642216609965,0.014626637756896058,0.009407927026478104,0.008610083877522016,0.009194875757777271,0.007275305238266879,54.268563703772855,16.19276465250056,15.512912045698224,13.089243128074772,9.847314203827356,6.816823150625049e-286,6.092036457763515e-52,2.8639711559635785e-48,5.8530010203112484e-36,8.506542485560573e-22,16.78125328750014,26.196805089280375,26.196805089280375,26.196805089280375,50.71920913632039
537.0,18.0,27.0,1.3844847896872359,0.5893744921422999,1.213977277224975,0.1705075124622608,0.8321556286845149,0.844159874466542,0.16825968346496917,0.13962538904627944,0.13000580999338526,0.07664900631738543,0.015605065632389399,0.009275791821088826,0.008552940560654695,0.009153298616476091,0.007273907227588294,54.09524665595955,18.139657153842663,16.324840334865094,14.203164939836292,10.537528720008002,6.166273097480021e-285,6.643993230662751e-63,1.1518055269811121e-52,1.8653126770550736e-41,1.463653753947251e-24,16.7812532875001,25.78240469504025,25.78240469504025,25.78240469504025,50.28587545916751
538.0,18.0,28.0,1.697720688518512,0.08384046251789479,1.705921151614814,-0.008200463096301958,0.8202063373815682,0.879368233411741,0.17992061995148823,0.14494295391554837,0.1396892910621586,0.0795580093548651,0.016075475161676032,0.009239989491678745,0.00844819730782642,0.009047242526758184,0.007205944841458601,54.70247221731627,19.471950710930926,17.156672439607092,15.439985238487045,11.040607596263705,2.793911077468926e-288,9.842140027106492e-71,2.722943453666378e-57,7.008300552141427e-48,1.1506313395354624e-26,17.128030665744177,27.26754329607642,27.26754329607642,27.26754329607642,53.94509778859228
539.0,18.0,29.0,1.7542396605748332,0.3335788433875697,1.639596069135683,0.11464359143915015,0.8246469223028999,0.8998739016720734,0.1868283351672496,0.14901401707931872,0.14622483491634453,0.08195378675245688,0.016047807762723857,0.009256776989697794,0.008377617837806035,0.009000325564421423,0.007209492137509186,56.07456887428057,20.182870925288324,17.787158589027154,16.246616177349853,11.367484032068196,9.200393560367888e-296,5.289318547787008e-75,7.116162799853e-61,3.0917025670421478e-52,4.512200110733202e-28,17.037502885000237,26.6972363550175,26.6972363550175,26.6972363550175,51.58285761351142
540.0,18.0,30.0,1.9686807669174395,0.023914986470140454,1.9291595278383447,0.03952123907909488,0.7921324697232704,0.9105362286233489,0.1912096522844798,0.15217707566564903,0.15078669035316505,0.08379287967659291,0.015845843237195605,0.009271203686050573,0.00833242264507578,0.008979106414626462,0.0072148586281989315,57.46215048284773,20.624037477698103,18.263244934602696,16.793061958542108,11.613932302026324,3.160488350579015e-303,1.1095636330500665e-77,1.2776935610340765e-63,2.9642816881491375e-55,3.750163743388869e-29,15.764802798080233,24.310629505750295,24.310629505750295,24.310629505750295,47.76666578673462
541.0,19.0,1.0,-1.3861056692218239,-0.39792770462216265,-1.2846213475351622,-0.10148432168666166,0.810234628842271,-0.8883320082178315,0.10703419813999676,0.12347481422168874,0.15573062163758072,0.03675442661892378,0.015029164024695778,0.009154825206787584,0.009768531480184896,0.009524923075276498,0.007404027396517732,-59.107213598716,11.691561086348138,12.64005899680549,16.34980360542807,4.964112725489124,6.07224082811e-312,1.6993067940102198e-29,7.93174891248225e-34,8.400405363914584e-53,8.25572544087879e-07,15.764802798080234,24.3106295057503,24.3106295057503,24.3106295057503,47.76666578673462
542.0,19.0,2.0,-1.3854720600856,-0.07620465992839898,-1.3797158254114639,-0.005756234674136218,0.8387143599417106,-0.8792179437549467,0.10574202986040739,0.11958946326767483,0.15362358659022313,0.035291013890997196,0.015157823148738989,0.00912654482896215,0.00970104968006806,0.00959284505104843,0.007431215509478697,-58.004235511092546,11.586206153816935,12.32747663517128,16.014392578292835,4.749023069776761,4.089541796027583e-306,4.9708776130161703e-29,2.253217270528716e-32,5.710180836675805e-51,2.377922578294911e-06,17.037502885000237,26.6972363550175,26.6972363550175,26.6972363550175,51.582857613511415
543.0,19.0,3.0,-1.2610719586765617,-0.44304453323354065,-1.1957611596679931,-0.06531079900856862,0.8433880255828715,-0.862556695427497,0.10430971340795703,0.11452101592089177,0.14996643887243472,0.03347691903073823,0.015239354624437157,0.009107538540777522,0.009699899772183208,0.00975137996202751,0.007468096870090386,-56.600605254263144,11.453117979235252,11.806412294002078,15.378996558068037,4.482657310567674,1.324461775871939e-298,1.9094940060045023e-28,5.231510801895901e-30,1.4785296280719627e-47,8.324256806677849e-06,17.128030665744177,27.26754329607642,27.26754329607642,27.26754329607642,53.945097788592285
544.0,19.0,4.0,-1.156311074251368,-0.032228722858631764,-1.1881558051916223,0.03184473094025431,0.8504787306373878,-0.8340747643666933,0.10264081899029115,0.10784760748482422,0.14267837960787016,0.031321525731763854,0.015040297831789694,0.00909649821528967,0.009933666941907598,0.010015024640776556,0.007602815203775196,-55.456000519069775,11.28355291905289,10.856777070896426,14.246433206659292,4.119727349970453,2.1108875623320504e-292,1.0433602215006435e-27,6.894662506715903e-26,1.1258885152749875e-41,4.143275959565885e-05,16.781253287500096,25.78240469504025,25.78240469504025,25.78240469504025,50.2858754591675
545.0,19.0,5.0,-1.0986679777949138,-0.2888083187875887,-1.0495283584825597,-0.04913961931235411,0.854339844997964,-0.7968670923361879,0.10141855615563775,0.10104091935125997,0.131049318562164,0.028236064313675327,0.014447381428295932,0.00898930147975535,0.010209759270181022,0.010155520991435272,0.007625095938136519,-55.15650682382367,11.282139817430833,9.896503597921608,12.904243777614694,3.703043809908558,9.099252935980823e-291,1.0581482455114409e-27,5.464846189621344e-22,4.4828365265284835e-35,0.00022601109708547226,16.78125328750014,26.19680508928037,26.19680508928037,26.19680508928037,50.719209136320394
546.0,19.0,6.0,-1.1264011101127183,-0.15014110070827402,-1.0550324360427934,-0.07136867406992486,0.8797161031604054,-0.75347355085626,0.10096136588380064,0.09678582343825064,0.12006025495203235,0.024560466596925873,0.013787330491075006,0.009134701684145286,0.010343203277466299,0.010370687907607356,0.007639717639931635,-54.649705491865035,11.052508267350975,9.357432203726308,11.576884390085914,3.2148395731999404,5.444922924018111e-288,1.0239105056943684e-26,6.341498445619555e-20,5.464262123516122e-29,0.0013517209741455158,16.78125328750014,26.19680508928041,26.19680508928041,26.19680508928041,51.05623637017927
547.0,19.0,7.0,-1.092276901083796,0.31069621714304607,-1.1443018658864201,0.052024964802624085,0.9135304217459714,-0.7034013226116974,0.10108174060686187,0.09500733436840243,0.11230990804609366,0.020098173174587196,0.013268195189699579,0.009448758796832449,0.010311434707508754,0.010547614319843891,0.007816853004521436,-53.014092162117485,10.697885593264163,9.213784217555913,10.6478967319461,2.5711335703718596,6.209963367197393e-279,3.1818498604955394e-25,2.171519125266215e-19,5.129801138823798e-25,0.010296413334012178,16.78125328750014,26.19680508928041,26.19680508928041,26.19680508928041,47.12939217540802
548.0,19.0,8.0,-0.9382733341666856,0.10246480611364284,-0.9650842571725351,0.02681092300584953,0.9356806796845976,-0.6470163468483597,0.1007826655144532,0.09393704929773461,0.10621286988480849,0.015844609868102145,0.012690940508683517,0.009669892846343951,0.010176847187647263,0.010758172903554129,0.007967087314815014,-50.98253722059859,10.422314612571709,9.230466721732457,9.872761001054316,1.9887581548954114,1.7580321032113397e-267,4.334138766696932e-24,1.8837470440246434e-19,6.767532082624582e-22,0.04703068120700563,16.78125328750014,26.19680508928041,26.19680508928041,26.19680508928041,47.12939217540803
549.0,19.0,9.0,-0.7618340846411319,0.030885989160981064,-0.7569671922766951,-0.004866892364436826,0.9579235338473596,-0.5828652971719794,0.10064949349785704,0.09360286513216592,0.10138485239653607,0.011933014986151562,0.011887888141931103,0.010001577780765361,0.010270257100515805,0.011113650999251844,0.008175416550635852,-49.030180147480515,10.063361571953394,9.113974870937252,9.122551392279743,1.459621648908331,2.8958356784457574e-256,1.2025798133487707e-22,5.061403271775931e-19,4.707803219844672e-19,0.14474341688320944,16.78125328750014,26.19680508928041,26.19680508928041,26.19680508928041,47.129392175408015
550.0,19.0,10.0,-0.8482797635174735,0.32117314676910036,-0.8405985414416282,-0.007681222075845318,0.9724611738862201,-0.5150131663992517,0.1008319450067712,0.09239443525889242,0.0964275641755889,0.008806960525915314,0.011258242527278957,0.010632841396921796,0.01071116113128247,0.011413092977563958,0.008370205248347078,-45.74543186037821,9.48306677798862,8.625996204001632,8.448854693915816,1.052179757199441,6.248573301981272e-237,2.134185207959605e-20,2.8450749688577066e-17,1.1741781155026784e-16,0.29299981204332876,16.78125328750014,26.196805089280417,26.196805089280417,26.196805089280417,47.12939217540803
551.0,19.0,11.0,-0.6117437798549032,0.09652645880283539,-0.6485007031530544,0.03675692329815117,0.9796871198281563,-0.44451641190442126,0.10150330062681084,0.0909980895215048,0.0906287190197056,0.005919427363328252,0.01102577147072552,0.01161556539727846,0.011399901191343629,0.011815845689234744,0.008510187608474721,-40.31612781787242,8.738558748986355,7.9823577410129705,7.670100084522615,0.695569549775083,9.245210203276112e-204,1.1414063665064555e-17,4.3665321911990875e-15,4.4611441378914674e-14,0.4868782002356712,16.78125328750014,26.196805089280414,26.196805089280414,26.196805089280414,47.12939217540802
552.0,19.0,12.0,-0.5224393862707548,0.14938584075564254,-0.5172452205203844,-0.005194165750370461,0.9838485526505538,-0.37174949701177273,0.10159724049276256,0.08927708323936373,0.08363209600122264,0.0036803469639231216,0.011171739037899031,0.012714687638226491,0.011878685273817647,0.012591153150474169,0.00854354265350498,-33.275884421453895,7.990541599096166,7.515737742134092,6.642131582528892,0.4307752782639018,6.968861036554452e-159,4.104205515036108e-15,1.3671061825354036e-13,5.347625434641109e-11,0.6667350365738266,16.78125328750014,26.196805089280414,26.196805089280414,26.196805089280414,47.12939217540803
553.0,19.0,13.0,-0.4452643728349471,-0.033788043306088034,-0.43482826566693433,-0.010436107168012743,0.9850607223206237,-0.29662524915013666,0.09962939166824797,0.08645831180107733,0.07792666873467027,0.0019936007484415937,0.011325526828435219,0.013538823019655725,0.012120867842749768,0.0133590401654339,0.00865557508412238,-26.19085660592794,7.358792675227792,7.133013322374712,5.833253569841275,0.23032562586148858,8.180934180028494e-113,4.1847906400207797e-13,2.0196270179889862e-12,7.579233297900948e-09,0.8178911490187916,16.781253287500135,26.196805089280414,26.196805089280414,26.196805089280414,47.12939217540803
554.0,19.0,14.0,-0.1191151705508175,-0.5512438489940974,-0.1018147187493152,-0.01730045180150229,0.9857792329130816,-0.21685448477043273,0.096573153902312,0.08271745734873101,0.07557237746853943,8.27228057197853e-05,0.011053424004160798,0.0130831095966601,0.012669228163531082,0.013977840328511095,0.009020985784023184,-19.618761090572754,7.381513789884135,6.529005262280836,5.406584686361867,0.009170040580963263,1.3069599249020335e-71,3.5634781489108823e-13,1.10567414033028e-10,8.234845715784861e-08,0.9926855032006343,16.78125328750014,26.196805089280417,26.196805089280417,26.196805089280417,47.12939217540803
555.0,19.0,15.0,-0.16782310870246211,-0.17018706186393234,-0.13048891430249282,-0.037334194399969295,0.9867530537781285,-0.13154414922455138,0.09320342483256555,0.07772898755218514,0.07682502313561873,-0.0018275985679783537,0.010609672767346475,0.012484543556736718,0.013765544000255132,0.014386048448411343,0.009614930619894976,-12.398511444142413,7.4655051992087085,5.646633910780752,5.340244988824749,-0.19007922576131045,1.0585823217310275e-32,1.9600238008366593e-13,2.1941087033912234e-08,1.1763239468039953e-07,0.849289959062101,16.78125328750014,26.196805089280414,26.196805089280414,26.196805089280414,47.12939217540803
556.0,19.0,16.0,-0.144960788692775,0.48893360075857945,-0.1647253422519039,0.0197645535591289,0.9859557747307796,-0.0409045468568671,0.09130241883509008,0.0750442445742911,0.07934184379663589,-0.0028951848433082655,0.01043598202363839,0.012737219227004715,0.014276178632868038,0.014579873968318094,0.010058262370548044,-3.9195685431629537,7.168159486610388,5.25660588201921,5.441874461263852,-0.2878414517984497,9.544345825605417e-05,1.585098380724639e-12,1.8339549289357563e-07,6.801221167670296e-08,0.773534447391073,16.781253287500135,26.196805089280414,26.196805089280414,26.196805089280414,47.12939217540803
557.0,19.0,17.0,0.03888555027332639,-0.09993826426962274,0.06199508294268118,-0.023109532669354796,0.9840324167757162,0.05503492840542262,0.09011137322642063,0.07591540766498293,0.07903994153955093,-0.0014990656996035896,0.010507397582102685,0.013182371780148389,0.014017041698403072,0.014057628623233903,0.010046291905350854,5.237731605318138,6.835748128581932,5.415936493477921,5.622565772502823,-0.14921582149182402,2.0255381500765185e-07,1.5044497508374463e-11,7.828678797298393e-08,2.5109372348265583e-08,0.881416801919376,16.78125328750014,26.19680508928041,26.19680508928041,26.19680508928041,47.12939217540802
558.0,19.0,18.0,0.16596464625642585,0.22361746524893972,0.17436425883082296,-0.008399612574397114,0.9807012777963819,0.15271421155958348,0.08920634634495339,0.07689037715672688,0.07654085348387603,0.003352648537810347,0.010613069585355794,0.013096455980613332,0.01348066727889274,0.012961316294245429,0.009713247730375798,14.38925942503032,6.811487510591067,5.7037515700070305,5.905330272501619,0.3451624658275483,2.112555570361934e-42,1.766610264446599e-11,1.5898854947177446e-08,4.986749297958649e-09,0.730052974980896,16.781253287500135,26.196805089280414,26.196805089280414,26.196805089280414,47.12939217540803
559.0,19.0,19.0,0.1795177999648146,0.15847076408446276,0.22799522479052778,-0.04847742482571318,0.9741051375555636,0.24891713901553061,0.08966972489568098,0.08038206560197424,0.07581118212122376,0.01086129115529904,0.010800005367270169,0.012667021186425785,0.013017162987478076,0.012052853932168471,0.009197286276785108,23.04787178809036,7.078990677916662,6.175083286527038,6.289894704430746,1.1809234624689295,1.0063003040658363e-92,2.9250330879991743e-12,1.0002346073671226e-09,4.953444850125755e-10,0.2379454587894287,16.781253287500135,26.196805089280414,26.196805089280414,26.196805089280414,47.12939217540803
560.0,19.0,20.0,0.33143164792719426,0.48616722093918496,0.29284106252972003,0.03859058539747423,0.9680147405312984,0.34313391470593907,0.0931878300097849,0.08705152196026963,0.07731648790603346,0.01981905949235367,0.01118375515953824,0.011844087479764107,0.012192594786507223,0.011435637296430146,0.008595722444255587,30.68145804437537,7.8678775523229145,7.139704343869778,6.761012604882921,2.305688628371022,5.153435088125322e-142,1.0330134153881929e-14,1.9287449986759425e-12,2.463760897397006e-11,0.021354860357228746,16.781253287500135,26.19680508928041,26.19680508928041,26.19680508928041,47.12939217540803
561.0,19.0,21.0,0.67625250058551,-0.2547148541074368,0.700844087327963,-0.024591586742452987,0.9652686947439342,0.43335765967330675,0.09836900425731336,0.09527216994370236,0.08121031434682295,0.02943792238051361,0.011646136449346681,0.011245108208161584,0.011085105168530979,0.01081285895750037,0.00817519828885815,37.210422663184325,8.74771522304411,8.594611282008074,7.510531180145579,3.6008817572821554,3.525496028549526e-184,1.0592267155334269e-17,3.6638366981595964e-17,1.4192552467350127e-13,0.0003345019855235011,16.78125328750014,26.19680508928041,26.19680508928041,26.19680508928041,47.12939217540803
562.0,19.0,22.0,0.6225237087561283,0.2017995359660285,0.6486202999984398,-0.026096591242311562,0.9631342992450921,0.5166112288046005,0.10257052066489455,0.10361078759695404,0.08660494698160164,0.03991540637392411,0.012140751607509727,0.010993230928003913,0.010006635853770795,0.009952544729388094,0.007936721099927813,42.55183249816658,9.330334397288851,10.354207858769083,8.701789274643764,5.029206125724532,1.3555947866802739e-217,8.00832119192059e-20,8.198434806607333e-24,1.53983498052604e-17,5.945588837331465e-07,16.781253287500135,26.196805089280414,26.196805089280414,26.196805089280414,47.12939217540803
563.0,19.0,23.0,0.7683062381815887,0.4181590452210298,0.7010179898155289,0.06728824836605984,0.9581064344681836,0.5905245851446295,0.10973879704414666,0.11232036314139637,0.09401385449217457,0.04948500106444913,0.01257875603355176,0.010581575705399459,0.009447252581483679,0.009370052818697877,0.007751347694330637,46.94618319724958,10.370742515044357,11.889209288374568,10.033439118354869,6.384051266419468,4.587951228163111e-244,7.025091753217339e-24,2.2261463935253986e-30,1.5799653297199172e-22,2.760376483074776e-10,16.781253287500135,26.196805089280414,26.196805089280414,26.196805089280414,47.12939217540803
564.0,19.0,24.0,0.9632459258019759,0.30382834290916716,0.9017929734738729,0.061452952328102994,0.9391438641624537,0.6614686586133596,0.12204816623955018,0.11977254125925571,0.10358203648549848,0.05788867555010227,0.012990205122563115,0.010041094352706602,0.009015645137035002,0.009126193975887984,0.00758181982323505,50.92057072019847,12.154866984857263,13.28496623799521,11.349970947272121,7.6351953620288,3.9615103707012e-267,1.3947860055226108e-31,6.6499177773970935e-37,5.376676852881038e-28,5.756450420905123e-14,16.78125328750014,26.196805089280414,26.196805089280414,26.196805089280414,47.12939217540802
565.0,19.0,25.0,1.202068311952427,0.05036199898969529,1.1916075249698488,0.01046078698257813,0.9045064297805062,0.7317308899932897,0.13730065762199545,0.12629236236988034,0.11432053143587331,0.0664019713340449,0.013633190777849946,0.009627540658654723,0.00868231577641011,0.009086325300033971,0.007359380465002195,53.6727536434203,14.261238927988154,14.545930558413604,12.581602315673852,9.022766474681113,1.3438429018546766e-282,9.470524877236228e-42,3.3308410026668885e-43,1.4896645103899789e-33,1.089626277889156e-18,16.78125328750014,26.196805089280414,26.196805089280414,26.196805089280414,51.05623637017927
566.0,19.0,26.0,1.2356960715715457,0.4027913142942937,1.16257626687032,0.07311980470122581,0.8655320293377401,0.7947764184509698,0.1545556829038267,0.13206715517780981,0.12482658858371115,0.07301490145624571,0.01461104608207885,0.009299356401243403,0.008522784111714182,0.009087689757923133,0.007324377172287406,54.39558632463704,16.62004081090615,15.495776197861153,13.73578895283927,9.96875225548265,1.3603401091449519e-286,2.711875664988922e-54,3.534952117744732e-48,4.094863102667857e-39,2.844160001380974e-22,16.78125328750014,26.19680508928037,26.19680508928037,26.19680508928037,50.71920913632039
567.0,19.0,27.0,1.3923831998734553,0.4995717090956805,1.2574231956829407,0.13496000419051457,0.850310529990415,0.8470015037155176,0.16999438044978638,0.1372917098426557,0.13461891769863588,0.07801211432125432,0.01560347793218879,0.009230776182134803,0.008521963777529019,0.00905402820586989,0.007320158000760506,54.28286612744315,18.416044013589303,16.110337174240378,14.868400521588834,10.65716263407832,5.684961679942072e-286,1.6525507575630523e-64,1.716365289950513e-51,7.157391995431693e-45,4.695791209161081e-25,16.781253287500096,25.782404695040253,25.782404695040253,25.782404695040253,50.2858754591675
568.0,19.0,28.0,1.7411297880228072,-0.2665112977437183,1.8866471037089467,-0.14551731568613957,0.8399343169267899,0.8830172379111734,0.18093096958197,0.14140552107984178,0.14309550163244372,0.08074401505826831,0.016066378686355357,0.009224307288429571,0.00847375202783084,0.00896654323674487,0.007253935064983693,54.96056424096929,19.614586106527387,16.68747452314103,15.958825809932945,11.1310639445943,1.0740288226784745e-289,1.3843106588568136e-71,1.146055684355419e-54,1.1434307433655641e-50,4.728743588079181e-27,17.128030665744173,27.267543296076422,27.267543296076422,27.267543296076422,53.945097788592285
569.0,19.0,29.0,1.8635182880260988,-0.20017978527335978,1.9555160848600202,-0.0919977968339214,0.8404037240241617,0.9010650957906281,0.18829055599520816,0.1449599157827373,0.14931558196178404,0.08300201377958613,0.01600640971465093,0.009266463935135383,0.008455841037552748,0.008914803621315593,0.007255414637943232,56.29401670043897,20.319569289130055,17.143169453986204,16.749172309838155,11.44000969228074,5.977174377519721e-297,7.866461868977554e-76,3.243945229655723e-57,5.203196583729285e-55,2.1788112118442977e-28,17.037502885000237,26.6972363550175,26.6972363550175,26.6972363550175,51.58285761351142
570.0,19.0,30.0,1.8578730103596024,0.08916580594508505,1.8349595816150281,0.02291342874457425,0.8091922300500867,0.9104931825964433,0.1930625265571197,0.147918744527425,0.15374150254021815,0.0846866067177725,0.01579575374628587,0.009306942651966153,0.00844912842974872,0.008882763874563578,0.0072599483307588,57.64164200208122,20.743925666753082,17.506982614516154,17.30784525078594,11.664904880792887,3.4813168041472184e-304,2.0595213715630183e-78,2.832219893264702e-59,3.8173047577649665e-58,2.2310293840365682e-29,15.764802798080233,24.310629505750295,24.310629505750295,24.310629505750295,47.76666578673462
571.0,20.0,1.0,-1.3650948385758581,-0.19008821117865038,-1.3026982532050473,-0.06239658537081083,0.7963099652250918,-0.8893101534953894,0.10518492374387897,0.11892356637554667,0.15254791849024074,0.038439756351933564,0.015242116804539855,0.009584243778481289,0.009756811962511889,0.009715137190000118,0.007476570108709395,-58.345580531866084,10.974775493507583,12.18877301648128,15.702085879678544,5.141362388504243,6.325305407357531e-308,2.190379398614323e-26,9.763609715955727e-32,2.7795769485579887e-49,3.347644660870815e-07,15.764802798080233,24.3106295057503,24.3106295057503,24.3106295057503,47.76666578673462
572.0,20.0,2.0,-1.4257971961475573,0.14816806352615153,-1.4493365121464716,0.023539315998914345,0.8298401677534809,-0.8795092216080854,0.1032836451715014,0.11506006187495668,0.15014932964559696,0.037045616068829064,0.015349953065691108,0.00966394988193257,0.009746189954538123,0.009775938743901874,0.007512425572709186,-57.297192886790555,10.687518709570028,11.805645325164344,15.359070221185512,4.931245668963,2.4082655380428866e-302,3.5136293590121834e-25,5.272975818795192e-30,1.8862491146486553e-47,9.730090011001474e-07,17.037502885000237,26.6972363550175,26.6972363550175,26.6972363550175,51.582857613511415
573.0,20.0,3.0,-1.1187028729352013,-0.19189341387021086,-1.1192765373160338,0.0005736643808325059,0.838853835732077,-0.862229163520271,0.10080368442770339,0.10968383595017835,0.14610310039442465,0.03526076181159747,0.015355886441400263,0.00974312117516579,0.00980716328518159,0.009905515464930334,0.007553253262023779,-56.149748619894496,10.346138841487631,11.184053202816376,14.749671626044167,4.668288032771443,3.60378970715042e-296,8.839669165110741e-24,2.801750651943194e-27,2.9605793438100987e-44,3.4997276182583393e-06,17.128030665744177,27.267543296076422,27.267543296076422,27.267543296076422,53.945097788592285
574.0,20.0,4.0,-1.1474023349613036,-0.4208818598711922,-1.0935398309774673,-0.053862503983836296,0.8619118759045163,-0.8351662553335513,0.0978018827603503,0.10232753082472222,0.1387105991857388,0.032965200622999055,0.015104230098597413,0.009715574798479669,0.010098307902711292,0.010120816871254105,0.007693050081537588,-55.29353365790589,10.066505048744489,10.133136344282821,13.705474661804715,4.285062527034842,1.6238915811386394e-291,1.1685451680973196e-22,6.34810825796574e-23,5.786056530635881e-39,2.0239003489099885e-05,16.781253287500096,25.78240469504025,25.78240469504025,25.78240469504025,50.2858754591675
575.0,20.0,5.0,-1.1856622979357117,0.27308334640586174,-1.2157362979885833,0.03007400005287164,0.8728543000221007,-0.7989606793009574,0.09587715242445378,0.09611757935197762,0.1284556919546927,0.029601734652194737,0.014499144718521538,0.009419381001305934,0.010383253392353492,0.010182275959674698,0.007713373479300946,-55.10398680829407,10.178710513053996,9.256980998148538,12.61561682902931,3.8377157195398124,1.7625510194858254e-290,4.1745389196131296e-23,1.5021377756566298e-19,1.0325802997241097e-33,0.00013287159358141921,16.78125328750014,26.19680508928037,26.19680508928037,26.19680508928037,50.719209136320394
576.0,20.0,6.0,-1.1327241702358581,-0.10276922426217183,-1.115766419206655,-0.01695775102920316,0.8910855845045476,-0.7561825368481059,0.09531242703816764,0.09298449575120361,0.11945915184695982,0.02564808945075614,0.013801505689387716,0.009390554600834858,0.010476142720819604,0.010338287302201772,0.0077425436870456575,-54.789857995678794,10.149818736977897,8.875833236446109,11.55502341490532,3.312617982856064,9.260765922352266e-289,5.446076939213698e-23,3.698417262670949e-18,6.820551374194683e-29,0.0009611509894222271,16.78125328750014,26.19680508928041,26.19680508928041,26.19680508928041,51.05623637017926
577.0,20.0,7.0,-0.9099788864378031,-0.012008676773278548,-0.9323591558857843,0.022380269447981216,0.9250259667259868,-0.7066578142589942,0.09631716890408704,0.09254525229450444,0.11238240487984161,0.020687381935395446,0.013217809932009064,0.009724462555856654,0.010362114193424025,0.01053590005717504,0.00793499912535112,-53.462549234250076,9.904626435738505,8.931116813327076,10.666616451368881,2.607105761272537,1.974015086872777e-281,5.078916283466986e-22,2.3396844607674737e-18,4.290543583173831e-25,0.009282385139337681,16.78125328750014,26.196805089280414,26.196805089280414,26.196805089280414,47.12939217540802
578.0,20.0,8.0,-0.9133056521156561,0.1961373180138274,-0.9438801796073774,0.030574527491721293,0.9471494838902987,-0.6491949482355904,0.09811396950873469,0.09326344840790113,0.10622043690065906,0.016500220144297962,0.012609528793925514,0.0100707435317086,0.010283139391736446,0.010765791523589478,0.008099187011168858,-51.48447327772725,9.74247524026547,9.069550149524167,9.866477227235361,2.0372686939496516,2.4815473516628875e-270,2.171838115782323e-21,7.358793008893237e-19,7.161031261846202e-22,0.0419155562099343,16.78125328750014,26.19680508928041,26.19680508928041,26.19680508928041,47.12939217540802
579.0,20.0,9.0,-0.7988091553162043,0.12179217598082626,-0.8153118172527435,0.016502661936539154,0.9621035219174239,-0.5860983984039787,0.09926407249358883,0.09373038147188983,0.10046577425297738,0.012449830257418927,0.011862214359530922,0.010409878554097427,0.01048325890313545,0.011030032832164088,0.008326178136536619,-49.4088523980404,9.535564894224203,8.940958373531718,9.10838397144336,1.4952634994424459,1.8624024109772742e-258,1.3493041564407779e-20,2.156012212401676e-18,5.305930417507023e-19,0.135196619505577,16.78125328750014,26.196805089280417,26.196805089280417,26.196805089280417,47.12939217540802
580.0,20.0,10.0,-0.7478369380579535,-0.07931433714957559,-0.7413258625384668,-0.006511075519486709,0.9712825770612387,-0.5193741727123831,0.1000140763181531,0.09353008110276471,0.0949458804134024,0.008555100360128593,0.011203962437457351,0.011005478496919277,0.011020070096566062,0.011273129744424772,0.00859047041049927,-46.35629364268476,9.087662689645859,8.487249199250503,8.42231772062756,0.995882641033552,1.4351882651113013e-240,6.318532739118657e-19,8.653498959492077e-17,1.4489461752463413e-16,0.31957514115531915,16.78125328750014,26.196805089280414,26.196805089280414,26.196805089280414,47.12939217540802
581.0,20.0,11.0,-0.6796425838804744,-0.04266915347803579,-0.6318003711532615,-0.047842212727212896,0.9782801984395748,-0.448506141340993,0.10079299167269976,0.09315047838570761,0.08817292130112203,0.005029369161315921,0.010854045400374978,0.011800359359665684,0.011611566234407721,0.011800273080316902,0.008829358909875566,-41.32156489095746,8.541518830114283,8.022214790428658,7.472108543673983,0.5696188378626915,5.196196770246231e-210,5.610492414709019e-17,3.2275547668459007e-15,1.8695834134855326e-13,0.5690785500923377,16.781253287500142,26.196805089280414,26.196805089280414,26.196805089280414,47.12939217540803
582.0,20.0,12.0,-0.3967830206880678,-0.27411002667068907,-0.39497749262811555,-0.001805528059952266,0.9815219337571308,-0.3749767521318911,0.09946519608602071,0.0915557780094765,0.07999224941202632,0.0025095079001055927,0.011036204910414195,0.012642519371156886,0.01199055988188296,0.012688498850123828,0.008949717092106856,-33.97696537675269,7.8675138369132585,7.635654957848295,6.304311515246397,0.2804008075650611,2.0159922794980568e-163,1.035826132898998e-14,5.7371978815118e-14,4.5314615621024135e-10,0.7792345283781418,16.78125328750014,26.196805089280414,26.196805089280414,26.196805089280414,47.12939217540802
583.0,20.0,13.0,-0.42068419253518247,-0.03429622682027911,-0.39592898037142144,-0.02475521216376103,0.9821989678691492,-0.29901057063134556,0.09636601560051111,0.08872857189709539,0.07371180852767496,0.0004965901748632107,0.011224093085873858,0.01362217873878212,0.01233644683491748,0.013494401923640046,0.009065527687609194,-26.64006511204606,7.07419990945785,7.192392840858776,5.462399070724549,0.05477785651043265,1.0169848847514538e-115,3.0223537028301626e-12,1.340455501319497e-12,6.082132191813e-08,0.9563276125231428,16.781253287500135,26.196805089280414,26.196805089280414,26.196805089280414,47.12939217540803
584.0,20.0,14.0,-0.17786697696868398,-0.06850978803441146,-0.18626010781102717,0.008393130842343194,0.983207953638736,-0.21867413905363514,0.09279068377987235,0.08502579003402883,0.07197936261297072,-0.0016194854118651218,0.010998809480372893,0.013312513420869455,0.012839282778294863,0.01391802595650694,0.009310393431831729,-19.881618955565493,6.9701851818912255,6.622316176240553,5.171664633900112,-0.17394382135648417,3.466448730732585e-73,6.12243937713486e-12,6.077957230101505e-11,2.8609671065885354e-07,0.8619487730965852,16.78125328750014,26.196805089280414,26.196805089280414,26.196805089280414,47.12939217540803
585.0,20.0,15.0,-0.17857337211251173,0.1817049575561835,-0.15609025803127272,-0.022483114081239014,0.9840781835911748,-0.1334508412494983,0.0903889408672699,0.08030734641867142,0.07333531909582781,-0.0031264498841221252,0.010609851141143158,0.012524789518987134,0.013354501494367522,0.014303006682701866,0.009808653421588437,-12.578012591712916,7.216803183019043,6.013503870027821,5.127265946433483,-0.3187440466844246,1.548348341624242e-33,1.1316296178514493e-12,2.6381337390380766e-09,3.60045897354423e-07,0.7499946495779602,16.78125328750014,26.196805089280414,26.196805089280414,26.196805089280414,47.12939217540802
586.0,20.0,16.0,-0.09337697090284205,-0.022014485139555395,-0.09899131133365134,0.0056143404308092865,0.9835478458760991,-0.04351597271906611,0.0893899368148296,0.07664457732697144,0.07562884203227845,-0.003567774065049179,0.010467296584156705,0.012758937656524388,0.013595164257157748,0.014438537054836562,0.010239016098661216,-4.157326810146172,7.0060642367916355,5.637635255978513,5.237985105072997,-0.34844891644575854,3.527933628660251e-05,4.8041138638461945e-12,2.3077300482957598e-08,2.0228410624460938e-07,0.7275846535244009,16.78125328750014,26.196805089280414,26.196805089280414,26.196805089280414,47.12939217540803
587.0,20.0,17.0,0.19066692136743746,-0.4113995859896331,0.1961205807594242,-0.005453659391986748,0.9821700780625399,0.05124319653980479,0.08897341052513986,0.07625127468848247,0.07512539766657042,-0.0017127427916499845,0.010492802542577319,0.01342863393850739,0.01379854756839338,0.013615978336959397,0.01031096425814378,4.8836520397550585,6.625648664828328,5.5260362955259,5.517443977025802,-0.16610888649887717,1.2322950650266494e-06,5.948639352871467e-11,4.2910621789646135e-08,4.498928565514242e-08,0.8681086100564103,16.78125328750014,26.196805089280417,26.196805089280417,26.196805089280417,47.12939217540802
588.0,20.0,18.0,-0.015681141013646226,0.5245000845169644,-0.03549810712275359,0.019816966109107367,0.9790927417182226,0.14830486112755675,0.08858663801015886,0.07702892982555395,0.07285754363578308,0.0035690055180124455,0.010551575232752842,0.013507074980690332,0.013591751062005651,0.01232260655731965,0.010061922611912433,14.055234204956232,6.558536036617995,5.667329358384178,5.912510741690894,0.3547041311753935,1.0404389965112565e-40,9.156513044648992e-11,1.9530509011280216e-08,4.781876896357622e-09,0.7228944448060319,16.78125328750014,26.196805089280417,26.196805089280417,26.196805089280417,47.12939217540803
589.0,20.0,19.0,0.31024944690125433,0.30366705463863825,0.26312805237617654,0.0471213945250778,0.9731041821613385,0.24532511181476854,0.08897595931859228,0.08031869218206737,0.07227178445999481,0.011750577402818478,0.010745118841745458,0.012910651902500401,0.013000719916545228,0.01168351034999005,0.009462008365931425,22.831307445541242,6.891670536122219,6.178018809546896,6.185793678015303,1.241869267958713,2.323885664004056e-91,1.03694255605294e-11,9.825613171256322e-10,9.37213524152798e-10,0.21460868503656202,16.78125328750014,26.196805089280417,26.196805089280417,26.196805089280417,47.12939217540803
590.0,20.0,20.0,0.3486432326552335,0.6624881573039152,0.2935631159543265,0.05508011670090701,0.967557749637373,0.3407662897583408,0.09194804681899994,0.08613930834607052,0.07472406591380243,0.021277196841140288,0.011123911515575735,0.01180173948535171,0.012146575952359687,0.011398884673137887,0.008730939873714734,30.63367496956433,7.791058846293432,7.091653539558729,6.555383974529884,2.436988130590289,1.05549278118212e-141,1.8301989194452983e-14,2.6823753170878517e-12,9.343012654481729e-11,0.015003208936957887,16.78125328750014,26.196805089280417,26.196805089280417,26.196805089280417,47.12939217540803
591.0,20.0,21.0,0.6013748544207351,-0.4871355015423935,0.6899905706784965,-0.08861571625776132,0.9628513784912078,0.43152090975290014,0.09641596776862822,0.09329419993100634,0.08002991283927338,0.031019647220197646,0.011605355000470913,0.011047770750883857,0.010544136681405173,0.010970759435004458,0.008258592055769913,37.182913382261056,8.727187587678232,8.847969516132393,7.294838002182559,3.75604546280084,5.276802197287627e-184,1.2522814890741669e-17,4.654382552148278e-18,6.563837506702387e-13,0.00018373151094435222,16.78125328750014,26.196805089280414,26.196805089280414,26.196805089280414,47.12939217540803
592.0,20.0,22.0,0.5904775897032805,0.5217500353246246,0.5091658104252819,0.0813117792779986,0.9603690654341557,0.5134881726665921,0.1018973331625248,0.10157197258894277,0.08721843822210305,0.04081437544750061,0.012053419645975762,0.01090936319310389,0.009503135778320362,0.010224268062050314,0.008006420300791354,42.601036697335,9.340355743856518,10.688258587303396,8.530531251017765,5.097705830340499,6.7661313660575e-218,7.346621901153587e-20,3.488852998465612e-25,6.126077245912806e-17,4.191928484746175e-07,16.78125328750014,26.196805089280417,26.196805089280417,26.196805089280417,47.12939217540803
593.0,20.0,23.0,0.8626608881706799,0.1467771608601891,0.8178093166098281,0.04485157156085173,0.9571764268074822,0.5871385396716393,0.11023585119699948,0.10996925912292645,0.09613202054315312,0.04994305844036106,0.01243340206185426,0.010652729483235918,0.009287642899205441,0.009466231087227972,0.007859499183461157,47.22267781181012,10.348132032309318,11.840384079833035,10.155258165296257,6.354483571352341,1.0706406036137107e-245,8.676790325119705e-24,3.6863759080252774e-30,5.180394133891967e-23,3.3194451808822784e-10,16.78125328750014,26.196805089280414,26.196805089280414,26.196805089280414,47.12939217540803
594.0,20.0,24.0,1.0230810932975505,-0.012728972865770016,1.0196573460291056,0.0034237472684448544,0.9467395246870828,0.6568847080095972,0.12247572483243047,0.11693241150487861,0.10798189869008977,0.058636202440546376,0.012848588206570328,0.010194705978052125,0.009011763764940815,0.008893174342146147,0.007692585204719554,51.12504949560831,12.013659353796447,12.9755300466031,12.142109727720802,7.622431325761839,2.7187003360022463e-268,6.113976751726302e-31,2.0504737799214068e-35,1.5948118292575585e-31,6.317309548722965e-14,16.78125328750014,26.196805089280417,26.196805089280417,26.196805089280417,47.12939217540803
595.0,20.0,25.0,1.1528959757809796,0.1273075897472673,1.1298959609697823,0.02300001481119729,0.9202311517529804,0.7244334800217826,0.13791495854972552,0.1230950814886727,0.12126447216599048,0.06756153564929762,0.013496555884901748,0.00974550045906732,0.008696987321524916,0.008718689632242364,0.0074641826918023955,53.675432917829646,14.151654820498,14.153761174747741,13.908566227377268,9.051431139741217,1.298641623273288e-282,3.398047953420914e-41,3.315809985183653e-41,5.655106724184027e-40,8.568673786822967e-19,16.78125328750014,26.196805089280414,26.196805089280414,26.196805089280414,51.05623637017926
596.0,20.0,26.0,1.167736891412835,0.15119779217875196,1.2177311069497654,-0.0499942155369304,0.8886674991956197,0.787406150116564,0.15480267584121382,0.12860573729069263,0.13346503772222895,0.07398625137122489,0.01454819306792662,0.00930795433339962,0.008527941718180542,0.008829255624292532,0.007425922642117436,54.12398271318677,16.631224251470297,15.080513157884361,15.116227618896604,9.963240251332373,4.278897247311576e-285,2.3511934581687056e-54,5.569758288110904e-46,3.615860847384375e-46,2.989848456383201e-22,16.78125328750014,26.196805089280378,26.196805089280378,26.196805089280378,50.71920913632039
597.0,20.0,27.0,1.4725242008538064,0.1456503262769735,1.4725063046972804,1.7896156526031604e-05,0.87616941756722,0.8425287300931964,0.17145000801029237,0.13388272323896147,0.14326463225263594,0.07883464376660376,0.015570094509331821,0.009198559612427944,0.008528106923959677,0.00893061325925991,0.00742236627214532,54.11198561371821,18.63878859671144,15.698996791752057,16.041970253732433,10.621227904429167,4.984008089432121e-285,8.267596481647792e-66,2.8878576334127273e-49,4.043642410304633e-51,6.613889016595829e-25,16.7812532875001,25.782404695040253,25.782404695040253,25.782404695040253,50.2858754591675
598.0,20.0,28.0,1.5120328883862995,0.3351402895876858,1.4720934625078912,0.03993942587840826,0.866649892214445,0.8797048696184439,0.18292747086919914,0.13795337833007384,0.15048155433194005,0.08153141374575015,0.015966664542510226,0.009251597668617249,0.008509620726013724,0.008869334735945747,0.007353004387900472,55.09634571931324,19.772527667271508,16.211460272060467,16.966498481793295,11.088176947087351,1.9405697092081902e-290,1.5671287213636803e-72,4.814579421710788e-52,3.185102304541607e-56,7.21336429104821e-27,17.128030665744173,27.267543296076422,27.267543296076422,27.267543296076422,53.945097788592285
599.0,20.0,29.0,1.6819460452472565,0.3375635954691263,1.5563425679873273,0.12560347725992926,0.860549021198983,0.8987746519253806,0.1905317691123268,0.1414985142056388,0.15552992875077126,0.08364299422969922,0.015875479733752123,0.009323595950131542,0.008515738856570964,0.00884544852163526,0.007345367322285971,56.6140152611916,20.43543822913505,16.616117120178586,17.58304605700406,11.387176510005828,1.1214744552869507e-298,1.5583663352564198e-76,2.8510883730347677e-54,1.044697573166321e-59,3.7041330476006715e-28,17.037502885000233,26.697236355017495,26.697236355017495,26.697236355017495,51.58285761351142
600.0,20.0,30.0,1.9065131916115534,0.09751416661245615,1.8959322548586037,0.010580936752949688,0.8324397189815841,0.9076708534052723,0.19594980144564703,0.144672769486351,0.15918855438515211,0.08524116195838521,0.015656895369453683,0.00937817129054424,0.00852747377400359,0.008840732084353842,0.007343919929861225,57.97259494855676,20.89424423748988,16.9654898180271,18.006263832706903,11.607038580552167,6.023071759854802e-306,2.4811924928658407e-79,3.2268022030278807e-56,3.915026840781458e-62,4.02252579389849e-29,15.764802798080233,24.3106295057503,24.3106295057503,24.3106295057503,47.76666578673462
601.0,21.0,1.0,-1.4370378816604434,0.12961717404529494,-1.4532686060472577,0.016230724386814277,0.8069820234230574,-0.8891639449144582,0.10446861200342067,0.11591184141510641,0.14869320301841865,0.03994072988662891,0.015419703703126984,0.009805946967843324,0.009752707562965332,0.010039679115511157,0.0075405061715858816,-57.66413946943373,10.653597489972661,11.88509351549378,14.810553336180817,5.296823446300393,2.6411151403930483e-304,4.858289275183052e-25,2.3229684301228998e-30,1.4307232567904542e-44,1.4824689543425027e-07,15.764802798080233,24.310629505750295,24.310629505750295,24.310629505750295,47.76666578673462
602.0,21.0,2.0,-1.408299969551991,0.11648597148288986,-1.445863723701128,0.03756375414913693,0.8439124915873634,-0.8793620163229323,0.1022136273206258,0.11189140438205028,0.14571394966811257,0.0386039100022325,0.01553008009139265,0.009879342921099162,0.009823311182009324,0.010097312804232449,0.007571645248967927,-56.62314753999933,10.346196921895455,11.390395998751542,14.430963216969396,5.098483715609167,1.0013646847102386e-298,8.834880342696784e-24,3.5864518178021723e-28,1.2935384150615779e-42,4.175224928539185e-07,17.037502885000233,26.6972363550175,26.6972363550175,26.6972363550175,51.58285761351142
603.0,21.0,3.0,-1.4057369726029187,0.4057439938638385,-1.484964113401996,0.07922714079907722,0.8573097298577431,-0.8628243945027434,0.09927553881068307,0.10619974928612896,0.14116847025481155,0.03682925726189579,0.015555656294756408,0.009937684877711104,0.01001998058411565,0.010174766337961647,0.007606281626961022,-55.466923294878235,9.989805476056583,10.598797911293758,13.874369746272956,4.841952884225558,1.8405324073377645e-292,2.3496469371226927e-22,8.186720693519257e-25,8.378353029115214e-40,1.5131683082261036e-06,17.128030665744173,27.267543296076422,27.267543296076422,27.267543296076422,53.94509778859228
604.0,21.0,4.0,-1.1397300192988309,-0.5156593179237589,-1.0813028781139338,-0.05842714118489711,0.8822234580840518,-0.8371623013165093,0.09564258167874719,0.09859606616769061,0.13422475722104407,0.03456014607406884,0.015332463884711623,0.00994776818729175,0.010411900791476532,0.010252473521653436,0.007734506431506846,-54.600637419486404,9.614476320520852,9.469554900907628,13.091938929426018,4.468306592038839,1.0129641623067234e-287,6.747769262435443e-21,2.400712224267326e-20,5.6810954489341715e-36,8.889552388745667e-06,16.781253287500096,25.78240469504025,25.78240469504025,25.78240469504025,50.28587545916751
605.0,21.0,5.0,-1.2679165231307572,0.24253924518351355,-1.2923644418332147,0.02444791870245755,0.8905611334356386,-0.8031857033644894,0.0929034026910881,0.09296774230540489,0.12554189898753587,0.031050764773888097,0.014693633624951826,0.009685976516069637,0.010491796158539441,0.01022880077661261,0.007746946243536276,-54.662156677199896,9.591537057410328,8.860993951901834,12.273374145146912,4.008129629116188,4.651574288251273e-288,8.25749281844971e-21,4.1804448297319326e-18,3.997563918077642e-32,6.62722753173477e-05,16.78125328750014,26.196805089280375,26.196805089280375,26.196805089280375,50.71920913632039
606.0,21.0,6.0,-1.1175985295230255,0.1188993807481582,-1.1207886989121922,0.0031901693891667193,0.9036480797594881,-0.7609708393267812,0.09168526751799495,0.09052501723768161,0.11810350081085658,0.026895618163224496,0.013884730258014257,0.009595715942549305,0.010452694056327946,0.01037645757620143,0.007778653549329305,-54.80631061504053,9.554812592090634,8.660448373391237,11.381870926907544,3.457618724456947,7.523198233266157e-289,1.1399488961041714e-20,2.1534642698837692e-17,3.9064944426782475e-28,0.000570534477759448,16.78125328750014,26.196805089280414,26.196805089280414,26.196805089280414,51.05623637017926
607.0,21.0,7.0,-0.9054363238470257,-0.513703725633927,-0.8470644179907987,-0.05837190585622698,0.9340321598823051,-0.7105877517149117,0.09268907316074503,0.09062708152328049,0.11164082077498864,0.02181568597520803,0.013188193396395959,0.009903641730249312,0.010285762515764437,0.010560208505324279,0.00800049949156044,-53.88059837741685,9.359089886868484,8.810924944493053,10.571838682796956,2.726790495796037,9.479898070599211e-284,6.251500652752167e-20,6.3126239005084694e-18,1.0574868824002372e-24,0.006519877400466083,16.78125328750014,26.196805089280414,26.196805089280414,26.196805089280414,47.12939217540802
608.0,21.0,8.0,-0.8839565724288212,-0.321013352776246,-0.8486075992599718,-0.03534897316884944,0.9551574515830742,-0.6536105937749215,0.0952353872741468,0.0921841141510505,0.10573721511613506,0.017554999097321652,0.012593484596802615,0.010421117089636172,0.010255790493977584,0.010729689487415449,0.008183226619118607,-51.90069426383131,9.138692757694722,8.988494276007584,9.85463887283516,2.145241713862307,1.1004038423431447e-272,4.107318083532888e-19,1.4511266719293946e-18,7.964974734255564e-22,0.03220085270091651,16.78125328750014,26.196805089280414,26.196805089280414,26.196805089280414,47.12939217540802
609.0,21.0,9.0,-0.915981073161477,0.08591677045329527,-0.8920638305126544,-0.023917242648822667,0.9648782347481297,-0.5925048549974052,0.09769308623779743,0.09337383407558478,0.0993872390409435,0.01332012338843952,0.012013933134196852,0.010802084532917366,0.010606634138843834,0.010790278584962306,0.008423284283681777,-49.31814155939324,9.043910547088917,8.803342592314861,9.21081307200473,1.581345582060464,6.228578400076763e-258,9.126851193525314e-19,6.718049638530413e-18,2.227154159630436e-19,0.11415077721610373,16.78125328750014,26.196805089280414,26.196805089280414,26.196805089280414,47.12939217540802
610.0,21.0,10.0,-0.6194992540872288,0.14160690439267754,-0.6390066533386094,0.019507399251380564,0.970869297029854,-0.5262243517140309,0.09949011268932859,0.09432867187413987,0.09320921700566975,0.008889179052335078,0.01141473732477263,0.011286259941679377,0.01119994634822349,0.010996315192701668,0.008708584718918303,-46.1004346172734,8.815153399215845,8.422243191290114,8.476404629391977,1.0207375066380713,4.771611312098932e-239,6.097137459350579e-18,1.4498009713208452e-16,9.433628084449655e-17,0.3076534196715744,16.781253287500142,26.196805089280417,26.196805089280417,26.196805089280417,47.12939217540802
611.0,21.0,11.0,-0.5513754391171855,-0.17085679140548032,-0.570691502869379,0.019316063752193524,0.9763704073798268,-0.45389937639072253,0.10016047650871274,0.09501523524586046,0.08587211209923812,0.004962771991662998,0.011051433558738432,0.011825006989742913,0.011696142669622982,0.011610086620084923,0.00893824871628503,-41.07153827403882,8.470225564821448,8.123638530216665,7.39633690162856,0.5552286750111441,1.8434267744433724e-208,9.908788266224898e-17,1.4872504221428491e-15,3.208030182243225e-13,0.5788763825424719,16.78125328750014,26.19680508928041,26.19680508928041,26.19680508928041,47.12939217540802
612.0,21.0,12.0,-0.4978388316166545,-0.28694053439251876,-0.4494992282951723,-0.04833960332148218,0.9787390632512916,-0.37767774589131553,0.09785613025335882,0.09362638967959784,0.07723063975077493,0.002204331828385487,0.011114454010852077,0.012527059404247436,0.012061024133891927,0.012613838423221377,0.009094308388297149,-33.98077364147205,7.811580283572347,7.7627230192255565,6.122691377479326,0.24238586754129568,1.904870935115683e-163,1.571605152500667e-14,2.2573720018056945e-14,1.3732242331901171e-09,0.8085364681660284,16.781253287500142,26.196805089280414,26.196805089280414,26.196805089280414,47.12939217540802
613.0,21.0,13.0,-0.4847035884734866,0.33516223641016973,-0.5229804641738012,0.03827687570031457,0.9800508074065674,-0.2990460662820537,0.09368289393377344,0.09054687216712015,0.0705487422856797,-4.591560937506527e-05,0.01115541557048195,0.013355054723588894,0.012420447335116913,0.013431326226643177,0.009207039691631487,-26.807254682053404,7.014789221964199,7.290145815530551,5.252552212285264,-0.004987011125497714,8.403153706840392e-117,4.528284652043746e-12,6.783324954984006e-13,1.873561513364026e-07,0.996022063695112,16.78125328750014,26.196805089280414,26.196805089280414,26.196805089280414,47.12939217540802
614.0,21.0,14.0,-0.1975621775297414,-0.4147400476606461,-0.16473681450915192,-0.03282536302058947,0.9823056641345249,-0.21779130033774852,0.089900803063031,0.08700947706926328,0.06823329761384926,-0.0021287940953977607,0.010943893579827847,0.01326016759683069,0.012698354035733116,0.01393612239926394,0.009406903131655315,-19.900714380043752,6.779763710114657,6.852027973422301,4.896146550596679,-0.22630126680417523,2.6610422751999242e-73,2.1779188671974366e-11,1.3503425888508466e-11,1.158416739757367e-06,0.8210185547721927,16.78125328750014,26.196805089280417,26.196805089280417,26.196805089280417,47.12939217540802
615.0,21.0,15.0,-0.33775666368765345,0.4643835135768686,-0.34343514749365545,0.005678483806001999,0.9826719279377693,-0.13304149687959493,0.0884584363698672,0.08326177620920569,0.06948281431371045,-0.00347968645351578,0.010650781074518738,0.012571411199718231,0.012516874758292452,0.014331359548695547,0.009794221490318129,-12.491243219512564,7.036476252709788,6.651962076559455,4.848305848277656,-0.3552795346680235,3.93068112462319e-33,3.908274248926423e-12,5.0179452911840056e-11,1.4667123668563148e-06,0.7224635229345155,16.78125328750014,26.196805089280414,26.196805089280414,26.196805089280414,47.12939217540802
616.0,21.0,16.0,-0.10052357717872668,0.2091809456934695,-0.07890337507304726,-0.021620202105679415,0.9830721603638498,-0.04453004853885772,0.08822989291017773,0.0803078563826019,0.07195091436511744,-0.0037124160551577526,0.010577149950625087,0.012856445316789793,0.012351392745436758,0.014564242619856406,0.010190746525906267,-4.2100233755527015,6.862697326993991,6.501927194588786,4.940244147472657,-0.3642928460363806,2.8101674483500265e-05,1.2578611795976892e-11,1.3135310712634037e-10,9.302947661710895e-07,0.7157250067063257,16.78125328750014,26.196805089280414,26.196805089280414,26.196805089280414,47.12939217540803
617.0,21.0,17.0,-0.026843729993668068,0.2907998071667581,0.021601971289467184,-0.04844570128313525,0.9827935625438623,0.04818476840180148,0.08868934225168347,0.07913185212244182,0.07273910704568909,-0.0018296183764315794,0.010566355975412316,0.013543626551632812,0.012842812099728386,0.013441653246583564,0.010305650206534733,4.56020680298169,6.548419059959324,6.161567381657433,5.411470279087658,-0.17753546256319008,5.81786965549446e-06,9.768398979329679e-11,1.0856944627624321e-09,8.020170087555782e-08,0.8591278048510775,16.78125328750014,26.196805089280417,26.196805089280417,26.196805089280417,47.12939217540802
618.0,21.0,18.0,0.06486401198220228,-0.03481995094459138,0.09242862631331458,-0.027564614331112305,0.9809387911606008,0.14420554811732247,0.08868744459123093,0.07915985093964406,0.07152769181635257,0.0033906989100301634,0.010608299601937356,0.013579468062180898,0.013352923642286879,0.011883662383688605,0.010098932794548647,13.59365341557536,6.530995484147668,5.92827855983207,6.018993935281329,0.33574823983980223,2.0623777527510344e-38,1.0917363927248371e-10,4.360361015813151e-09,2.5535583204433696e-09,0.7371390641666198,16.78125328750014,26.196805089280417,26.196805089280417,26.196805089280417,47.12939217540802
619.0,21.0,19.0,0.4198597841290064,-0.29607880833444633,0.4130997295067903,0.006760054622216072,0.9767821746387971,0.2402254353306561,0.08914822340632671,0.08163178939788482,0.07186092301502187,0.011949588277695182,0.010805044295013892,0.01266759653257933,0.013182355745272621,0.011196004582027493,0.009499922490951888,22.232711756814435,7.037501011107327,6.192503902586541,6.418443516035835,1.2578616603531718,1.3089639789485474e-87,3.881138352067087e-12,8.997241527743277e-10,2.225333729554255e-10,0.20876841150165323,16.78125328750014,26.196805089280417,26.196805089280417,26.196805089280417,47.12939217540802
620.0,21.0,20.0,0.36589338240356195,0.18588523546765165,0.36456289862138586,0.001330483782176095,0.972128879996938,0.33581577052854855,0.09100003104521805,0.08683933662232408,0.07526507328000481,0.02201750892021945,0.011164250879119235,0.011423470477357664,0.012166043500882174,0.01111340938275511,0.008800229193399695,30.07956146494637,7.966058232967662,7.13784531643564,6.772455750329423,2.5019244881409355,4.312688861736538e-138,4.939223124442517e-15,1.953584474731905e-12,2.2852299430770372e-11,0.012528723423083832,16.78125328750014,26.196805089280414,26.196805089280414,26.196805089280414,47.12939217540803
621.0,21.0,21.0,0.5334476956849659,0.31037100973817977,0.4866121579075385,0.04683553777742738,0.9659453992437574,0.4257723276790715,0.09434840445225845,0.0928290479745956,0.08133547030472318,0.0320476334706164,0.011610596608544547,0.010950347664515381,0.010205145543318339,0.010838890829471013,0.00826524605096183,36.67101201033324,8.616019083850151,9.09629829193117,7.504039996746855,3.8773961807086192,9.696182029484608e-181,3.083527265018624e-17,5.8751741873957035e-19,1.48701992331277e-13,0.00011326710216570316,16.78125328750014,26.196805089280417,26.196805089280417,26.196805089280417,47.12939217540802
622.0,21.0,22.0,0.7533075420898186,-0.045529684027801665,0.7379250621634338,0.015382479926384862,0.9615126996038302,0.5057865331073359,0.10055625426285983,0.10019020271492421,0.0902702113129434,0.04123312099483744,0.012001045364334072,0.011022762253706605,0.009327139440929477,0.010257099843138866,0.007986439223565008,42.14520633431516,9.122600301847747,10.741793167074166,8.800753886911469,5.162891726913022,4.2719662086888634e-215,4.70585853172184e-19,2.088745012833214e-25,6.862278548904535e-18,2.994343214254847e-07,16.781253287500142,26.196805089280417,26.196805089280417,26.196805089280417,47.12939217540803
623.0,21.0,23.0,0.8040626334016577,0.20194353491039418,0.7775845687197376,0.026478064681920155,0.9581509067341358,0.5785598606192401,0.10987281276669902,0.1072817041100845,0.10127294900970316,0.050127574485961335,0.012281313354061437,0.010824186041555375,0.009311869666505738,0.009672451132455817,0.007868298135066044,47.10895683057465,10.15067667396734,11.520962809001789,10.470246644088254,6.3708280527095935,5.0162114833189835e-245,5.403291773091623e-23,9.628921396362355e-29,2.762123893702412e-24,2.9979833005349707e-10,16.78125328750014,26.196805089280417,26.196805089280417,26.196805089280417,47.12939217540802
624.0,21.0,24.0,1.051374333347224,-0.30092687773140603,1.143206454177908,-0.09183212083068382,0.9508998727776627,0.6471349265158854,0.12127299602041314,0.11300158589635552,0.11492262792891333,0.05980731809357754,0.012691995441680022,0.010419188514169448,0.009122067710249067,0.009046969156053289,0.0077725604818645894,50.98764252551804,11.63938975242548,12.3877161939275,12.702887115738545,7.694673876533172,1.6442459043417657e-267,2.893974769849022e-29,1.1875932207394816e-32,4.019858037192133e-34,3.7260491102733145e-14,16.78125328750014,26.196805089280414,26.196805089280414,26.196805089280414,47.12939217540803
625.0,21.0,25.0,1.173692006063805,-0.18632227870250295,1.2557927146660552,-0.08210070860225027,0.9322233152343877,0.7120972546463122,0.13517999540764586,0.1178800430039308,0.1291287560647645,0.06858798719972667,0.013373271207267235,0.009964572051263226,0.008819615351668404,0.00866930003874559,0.0075946669861259655,53.24779880777023,13.56606131324113,13.365667129874488,14.894946014978261,9.031072372893252,3.090775534621229e-280,2.8191687772907144e-38,2.695586443734734e-37,5.2057842381031365e-45,1.016399830637771e-18,16.781253287500135,26.196805089280414,26.196805089280414,26.196805089280414,51.05623637017927
626.0,21.0,26.0,1.2255117699879632,0.29492499842536,1.1787824591614111,0.04672931082655207,0.9047261917493606,0.773732558845515,0.1524212110080162,0.123420858646975,0.14271890021170347,0.0747618273089923,0.014464953779113002,0.00949980662890063,0.008659117189364398,0.008676304001217543,0.0075670619367683755,53.49015079210026,16.04466458762595,14.25328424918042,16.449273814250375,9.879901596381071,1.386681780025047e-281,3.9095088796969843e-51,1.0392991386375554e-41,2.3822044658479214e-53,6.346339960269622e-22,16.78125328750014,26.196805089280375,26.196805089280375,26.196805089280375,50.719209136320394
627.0,21.0,27.0,1.4927803114030593,0.11592520090672354,1.4770814682021272,0.015698843200932178,0.8915186888540123,0.8299496694962771,0.17150308948270243,0.12924348504115982,0.15360633533275445,0.0793395352465151,0.015522569790507361,0.00931832574877075,0.008641555599137705,0.008847772882587916,0.007552548516462591,53.467285423565805,18.40492531668864,14.956043915757059,17.361016989376605,10.50500173200815,1.857932498643332e-281,1.918242223091761e-64,2.4985374365801377e-45,1.9087712859770427e-58,1.990409989389733e-24,16.7812532875001,25.78240469504025,25.78240469504025,25.78240469504025,50.2858754591675
628.0,21.0,28.0,1.5266464873998318,0.45318770095727245,1.3918526659301487,0.1347938214696831,0.8815151041672873,0.8712490905570731,0.18578850026550658,0.1343037901745214,0.15982868765926594,0.08173635953845118,0.015924174901624035,0.009341170072490964,0.008599557176568455,0.008883443393583872,0.0074769930495399576,54.71235376020759,19.88921075451132,15.617523951170895,17.99174943521375,10.931715329530798,2.4658282276427734e-288,3.120581311454005e-73,7.900412425500158e-49,4.746705796463679e-62,3.3320808860272376e-26,17.128030665744177,27.267543296076422,27.267543296076422,27.267543296076422,53.94509778859228
629.0,21.0,29.0,1.8599022437909338,-0.002023332599974337,1.8682145327108532,-0.00831228891991942,0.8673006302297259,0.8934531697756966,0.19431668154774012,0.1385777879566216,0.16355844276147108,0.08388044630580264,0.015808943239551433,0.009424721711862587,0.00857875330145564,0.00889414728879206,0.007465325859973529,56.515679526283606,20.617763313176678,16.153604502545583,18.38944616619728,11.236006020251615,3.8003479098395285e-298,1.2116777210140678e-77,9.968595933560011e-52,2.3605633061259355e-64,1.6741095096457735e-27,17.037502885000233,26.697236355017495,26.697236355017495,26.697236355017495,51.58285761351142
630.0,21.0,30.0,1.8640764513013184,0.13632070866522383,1.8273729239001237,0.03670352740119465,0.8325143592891119,0.9055999973874393,0.19952021130754347,0.14197527256195897,0.16601297394046505,0.08553066240402114,0.015606368678203466,0.00949281403116035,0.008576805413521522,0.00889513777915512,0.007455967545854437,58.02759220037136,21.018025914403715,16.553397881468992,18.663339237926152,11.471437057364433,3.0731746981802836e-306,4.326239660048904e-80,6.341156931120173e-54,5.937302932046179e-66,1.5876630888511163e-28,15.764802798080234,24.310629505750295,24.310629505750295,24.310629505750295,47.76666578673462
631.0,22.0,1.0,-1.3940337505666265,-0.005244059343451957,-1.3589213557426465,-0.03511239482397999,0.8200787241716692,-0.8903516069641773,0.10511611425930259,0.11386650986694782,0.1447351975798775,0.041088788012458084,0.015622363805381932,0.009777740692264971,0.009815919925336572,0.010368647187051092,0.007556353294080094,-56.99211835391067,10.750552460698659,11.600187321520302,13.958927810817054,5.437647819438042,1.039000377483524e-300,1.920221596678282e-25,4.3126767309425336e-29,3.166186216153319e-40,6.959226916022567e-08,15.764802798080234,24.3106295057503,24.3106295057503,24.3106295057503,49.41620309691406
632.0,22.0,2.0,-1.3799659101946071,-0.35725142084611794,-1.2649892812019272,-0.11497662899267991,0.8591842093077318,-0.880660794336686,0.10256006384095491,0.10984740503618733,0.1414633007759613,0.03984501049736741,0.015747588030447807,0.009809779381899609,0.00991538939912824,0.010401819183404009,0.007606649225156711,-55.923535250854734,10.454879752973072,11.078476156049414,13.599861551300997,5.238181664219771,6.059932539049827e-295,3.1918762068201466e-24,7.935003032409866e-27,1.922204520931089e-38,2.0207521825713203e-07,17.037502885000233,26.6972363550175,26.6972363550175,26.6972363550175,51.58285761351143
633.0,22.0,3.0,-1.3934098080578203,0.07888173650595132,-1.3903928801279564,-0.003016927929863966,0.880589229800103,-0.8648938772629913,0.09953672612481712,0.10439639275427068,0.1368758061264489,0.038073276534921,0.015840229189810623,0.009860669021843096,0.010131690452983632,0.010448883209864568,0.00762279635208009,-54.60109616465287,10.094317728779455,10.30394614193207,13.099563214299053,4.994660066516358,1.0071007579685906e-287,9.061419152422735e-23,1.30957470366792e-23,5.2216410767618744e-36,7.080387220340703e-07,17.128030665744177,27.267543296076422,27.267543296076422,27.267543296076422,53.945097788592285
634.0,22.0,4.0,-1.2484642682282083,0.2212395942323695,-1.3133017572509378,0.06483748902272946,0.896690749444389,-0.8400832601494006,0.09572392626744462,0.09745734462726341,0.13039682199185293,0.03592191065825094,0.015631458350585856,0.009929155278896462,0.010451940373864356,0.010490817151891808,0.00772520319075653,-53.74311476944919,9.640691839203818,9.324330329223919,12.429615358260104,4.649963214072186,5.473394695572218e-283,5.354822147187433e-21,8.432680645388991e-20,7.597254292089741e-33,3.817484163602342e-06,16.7812532875001,25.78240469504025,25.78240469504025,25.78240469504025,50.28587545916751
635.0,22.0,5.0,-1.0893996589416655,-0.2041984785668507,-1.080755946025224,-0.008643712916441393,0.9051298424204685,-0.8063307291033073,0.09207845941357433,0.09231471505567322,0.12327379871343008,0.03251069244205658,0.014906314850024872,0.009729157146774288,0.010380016284690947,0.01040840345293706,0.007733711844872755,-54.09323076937167,9.464176395187843,8.89350387550204,11.843679894887673,4.20376309515725,6.326403518243197e-285,2.515752204323368e-20,3.1956764900968507e-18,3.563147673887798e-30,2.8875189183271212e-05,16.781253287500135,26.196805089280378,26.196805089280378,26.196805089280378,50.719209136320394
636.0,22.0,6.0,-0.9464753854080212,-0.2927658897463673,-0.9304360738458528,-0.016039311562168423,0.9181157042545345,-0.7649050002432479,0.08978315228871887,0.0895594724615825,0.11655865250559688,0.028473452564227668,0.014067030007652371,0.009583112105809415,0.010306271487707437,0.010416962369157673,0.007757062447197283,-54.375728197575796,9.368893037815042,8.68980334628313,11.189313004595402,3.6706488774646204,1.7499047862392784e-286,5.744548878375629e-20,1.6973243074933038e-17,2.659635131763126e-27,0.0002561908498726461,16.78125328750014,26.196805089280414,26.196805089280414,26.196805089280414,51.05623637017926
637.0,22.0,7.0,-1.1399097523282475,0.6354795541363492,-1.200394934198474,0.060485181870226556,0.935705817840598,-0.7152188552405204,0.08967988190615558,0.08943443437581966,0.1104936000346714,0.023596328706341117,0.013376052770636002,0.009867827800760185,0.010164436979893828,0.010477523771538457,0.007994883648679414,-53.47009820495148,9.08810770889688,8.798759297020487,10.545774215737922,2.951428656530697,1.792251578625457e-281,6.294896878415753e-19,6.975490784028397e-18,1.3537715859577304e-24,0.003245254903997073,16.781253287500135,26.196805089280414,26.196805089280414,26.196805089280414,47.12939217540803
638.0,22.0,8.0,-0.9395760327165948,-0.023590578221363567,-0.9210022383396924,-0.01857379437690243,0.9537722553211793,-0.6597489210402026,0.0916666359118492,0.09120344321092888,0.10432293940386156,0.01932470899428806,0.012798238484638031,0.010487963889077275,0.010111107396813774,0.010653572110629774,0.008192655006029122,-51.54997868121552,8.74017463077993,9.020124070650168,9.792296735831135,2.3587846650526187,1.0562161601011474e-270,1.1264592424492886e-17,1.1139986795012154e-18,1.3925335021546934e-21,0.018548005903097367,16.78125328750014,26.196805089280414,26.196805089280414,26.196805089280414,47.12939217540803
639.0,22.0,9.0,-0.8222044709447915,-0.07320634718880958,-0.7994638281222405,-0.02274064282255106,0.9621208338123165,-0.6001660173522659,0.09501288169141273,0.0933876615629387,0.09772452166929109,0.01468777068142786,0.012326380975571889,0.01092330591957714,0.010530335194491503,0.010787654683352224,0.008464513773057469,-48.68955604582236,8.698180055648468,8.868441491947046,9.058921937879786,1.7352172936594428,2.7534056276593697e-254,1.585673720090947e-17,3.931228121644278e-18,8.046304953342427e-19,0.08304501366855783,16.781253287500135,26.196805089280417,26.196805089280417,26.196805089280417,47.12939217540803
640.0,22.0,10.0,-0.6174735279891388,-0.029916417862721367,-0.6386111841937502,0.021137656204611388,0.9684970345548992,-0.5337569121016154,0.09801293966823921,0.09538973636537132,0.09077024564884381,0.009771647205206919,0.011860330666230037,0.011376585299979371,0.011105083459014864,0.011063470035939294,0.008721514566837367,-45.00354392490787,8.615321476859751,8.589736107560364,8.204500518732356,1.1204071414800556,1.743218408764198e-232,3.100919996750805e-17,3.8103854693860797e-17,7.972307852391073e-16,0.2628395205908343,16.78125328750014,26.196805089280417,26.196805089280417,26.196805089280417,47.12939217540802
641.0,22.0,11.0,-0.5620167436262824,0.026041051208413046,-0.5821500004256889,0.020133256799406474,0.9734533186132751,-0.4594011711831713,0.09878043497623244,0.09643397895330155,0.08290910843189134,0.005506953451282918,0.01150225357222751,0.011829931277222467,0.01159866681210961,0.011812810925204458,0.008931989624476982,-39.94010115482129,8.350043010514002,8.314229602028009,7.018575761251874,0.6165427505862537,2.066259683302247e-201,2.561860055213273e-16,3.392673974961918e-16,4.4134737358507714e-12,0.5376924556742755,16.78125328750014,26.196805089280417,26.196805089280417,26.196805089280417,47.12939217540802
642.0,22.0,12.0,-0.4481330301926911,-0.12888533612707448,-0.43610273661469645,-0.012030293577994622,0.9762114184547521,-0.38013233139245173,0.09600685219978117,0.0951745683486183,0.07458479320065406,0.002470240772928101,0.011330478542642134,0.01254192552456214,0.012063162116896488,0.012865410557472803,0.009088777687481913,-33.54953896799926,7.6548734093310555,7.8896865868452775,5.7973115484707085,0.27179020742584503,1.1756377083047996e-160,4.9864763913968725e-14,8.774311091762702e-15,9.322995046200104e-09,0.7858457376297617,16.78125328750014,26.196805089280414,26.196805089280414,26.196805089280414,47.12939217540803
643.0,22.0,13.0,-0.4567417966207479,0.4701494423654793,-0.4796032294208654,0.022861432800117543,0.9797672714468844,-0.2986690407217626,0.09068857532637609,0.09235729815875915,0.06854690972274628,-4.31928218690915e-05,0.011185854987218575,0.013190939497617887,0.012235708764598327,0.013484131800225561,0.009247456257774636,-26.700600093871618,6.875065672369528,7.548177219286001,5.0835241555262485,-0.0046707787163391985,4.1240360521896103e-116,1.1584128300162298e-11,1.0821557246465599e-13,4.5080170751493757e-07,0.9962743075504885,16.78125328750014,26.196805089280417,26.196805089280417,26.196805089280417,47.12939217540803
644.0,22.0,14.0,-0.29586697535471485,-0.01443236429331074,-0.28895816545573516,-0.006908809898979684,0.9832308886916842,-0.2160251238541069,0.0871352406761089,0.08962459043672072,0.06579724211361089,-0.0022680492456879464,0.010988307339771323,0.013348084669344855,0.012109258870894936,0.014032730894989907,0.009445876111136533,-19.65954511230504,6.527920884126788,7.401327479432852,4.688840868251982,-0.24010999286915838,7.451020705171457e-72,1.1133413333839904e-10,3.0963959828940125e-13,3.1735651785776516e-06,0.8102997259267124,16.781253287500135,26.196805089280417,26.196805089280417,26.196805089280417,47.129392175408015
645.0,22.0,15.0,-0.11541543934528553,0.23315733868653016,-0.15298619982728415,0.037570760481998616,0.9837975836540077,-0.13205617784741833,0.08666721759382,0.08689614846984059,0.06646273136150285,-0.0036368866744679565,0.010754900099179286,0.012831583294209909,0.01181765230573433,0.014831339224209076,0.009715647325813988,-12.278698698232969,6.754210731962243,7.353080478402263,4.481236006861489,-0.3743329242514733,3.778544684385006e-32,2.5762878518853425e-11,4.357052986222094e-13,8.378670448300312e-06,0.7082449142413512,16.781253287500135,26.196805089280417,26.196805089280417,26.196805089280417,47.129392175408015
646.0,22.0,16.0,0.004094800138234457,-0.03802896934791541,-0.011626119712809493,0.01572091985104395,0.9850210979062077,-0.04525902237824189,0.08763391309691025,0.08494232255337758,0.06971704274638209,-0.003781374726953842,0.010687585123128281,0.012947186911728551,0.011604596304703922,0.015125840328735252,0.009955846855794776,-4.234728599288524,6.7685678514090775,7.319713699902358,4.609135177365149,-0.3798144730152114,2.5237429677654672e-05,2.3444160679408046e-11,5.511828455345115e-13,4.6280824392928855e-06,0.7041728444046382,16.78125328750014,26.196805089280417,26.196805089280417,26.196805089280417,47.12939217540802
647.0,22.0,17.0,0.18637292307575745,-0.5035788905824955,0.19668526439048678,-0.010312341314729329,0.9859838598280388,0.045675769627470976,0.08895514761536426,0.08396295980154606,0.07269593258918058,-0.0019299241975356497,0.010661213141939718,0.013413698773710842,0.01185315696086622,0.014288858121693334,0.00996328445659003,4.284293824666998,6.631664324362578,7.083594697914985,5.087595661602495,-0.19370361309509104,2.0307687518446922e-05,5.721991242995514e-11,2.83440948366469e-12,4.4149861644243425e-07,0.8464517193649487,16.78125328750014,26.196805089280417,26.196805089280417,26.196805089280417,47.12939217540803
648.0,22.0,18.0,0.14566648061101042,0.13547968109749117,0.13027894931718753,0.015387531293822893,0.9854091353032505,0.14048975331248123,0.08965482880887582,0.08359391635356433,0.07304975256350238,0.003160523442176947,0.010674185357169083,0.013065878940231295,0.01248818212615856,0.01256600897087139,0.009741115842230414,13.161637034729246,6.861752601489259,6.693841866580651,5.813281904607517,0.324451889636217,2.6247704218796568e-36,1.2657926971012073e-11,3.822954700032416e-11,8.5046465660326e-09,0.7456714172043177,16.78125328750014,26.196805089280417,26.196805089280417,26.196805089280417,47.12939217540802
649.0,22.0,19.0,0.4383825872751734,-0.29769166827483323,0.4367207238476733,0.0016618634275000765,0.9831512773183052,0.23575217490458295,0.09013636250192086,0.08479940333347062,0.07483930796752286,0.011386733808118974,0.010846647977410594,0.011937177644727605,0.013041707238026775,0.011421749951894955,0.009209422966709546,21.735025917275482,7.550893953708744,6.502170443315431,6.552350408888652,1.2364220700124238,1.6350573452579354e-84,1.061137049752368e-13,1.3115035982841145e-10,9.526011721184345e-11,0.21662464039036292,16.78125328750014,26.196805089280417,26.196805089280417,26.196805089280417,47.12939217540803
650.0,22.0,20.0,0.26253142203522106,0.48854677963682713,0.25527345102382665,0.007257971011394415,0.9794002067942349,0.3302711027276344,0.09128383892207528,0.08936055909091399,0.07940273195024061,0.021147901506350264,0.011181913520192087,0.011144767358067926,0.012215027190546054,0.011041152059359592,0.008536922370035333,29.536188250001853,8.19073525621807,7.315625065499282,7.19152598599807,2.4772278099399814,1.501049180880899e-134,8.868306532557319e-16,5.672568197166893e-13,1.3485290445244607e-12,0.013423603049868806,16.78125328750014,26.196805089280417,26.196805089280417,26.196805089280417,47.12939217540802
651.0,22.0,21.0,0.5857089249063451,0.07268413668341223,0.5576794962618409,0.028029428644504195,0.9731359564072388,0.4191461069206597,0.09314288476007965,0.09442393358104284,0.08646352239700641,0.031656236816345766,0.011631373437410499,0.011100485744383715,0.010173821670290047,0.010642328093520313,0.008060569546739189,36.035822353750724,8.390883687878725,9.281068279069894,8.12449321588296,3.9272952900892637,1.1210941294817952e-176,1.857438775632202e-16,1.2223612667243717e-19,1.4775205676163391e-15,9.247983735541353e-05,16.78125328750014,26.196805089280417,26.196805089280417,26.196805089280417,47.12939217540802
652.0,22.0,22.0,0.7126961878049851,-0.04252142867491693,0.7347235940153097,-0.022027406210324618,0.9686311294063278,0.4977862460951393,0.0981326903176157,0.09956279982981825,0.09592651095755872,0.04093876857425489,0.012031491788860305,0.011082406011501853,0.009362716116620843,0.010166805164484129,0.007848729697444446,41.373609759350764,8.85481818801521,10.633965463619342,9.435265986276635,5.215973813900686,2.4741159882494733e-210,4.398903589603839e-18,5.858342282608618e-25,3.234261972911366e-20,2.2704683291906485e-07,16.781253287500135,26.196805089280417,26.196805089280417,26.196805089280417,47.12939217540803
653.0,22.0,23.0,0.8786629827781336,0.026826642122161237,0.8685222189261884,0.010140763851945178,0.9638239992188418,0.5694021331702838,0.1065566519936387,0.1044197382378392,0.10792137667087734,0.050594308377689245,0.012315228105948844,0.010756002531732988,0.009364083100252156,0.009730071799882162,0.007792383421845019,46.23561401150461,9.906715034630109,11.151090514673816,11.091529321724465,6.492789899923832,7.485802871323295e-240,4.984129827078883e-22,3.8808669502891744e-27,6.979454833437109e-27,1.3919531858385656e-10,16.78125328750014,26.196805089280414,26.196805089280414,26.196805089280414,47.12939217540802
654.0,22.0,24.0,0.9735960510124846,-0.09473073904510754,1.008289852395749,-0.0346938013832645,0.9553223917593265,0.6350384396902757,0.11747085448612968,0.10853155042298458,0.12116982994406454,0.06020753108721477,0.012713681093217789,0.010446082083886473,0.00923862182663565,0.009366759083643771,0.007777916233508476,49.949218879577046,11.245446239344938,11.747590978351324,12.936153141341194,7.740830484626633,1.432000391142637e-261,1.5242757902043659e-27,9.57451804124529e-30,3.1597451205058834e-35,2.6533821507954553e-14,16.781253287500142,26.196805089280414,26.196805089280414,26.196805089280414,47.12939217540803
655.0,22.0,25.0,1.1693922321718024,-0.0024747943942891037,1.1618853757906489,0.007506856381153559,0.9390647045192378,0.6956995605903676,0.1312901620593841,0.11306724461170771,0.13524665430922045,0.06871550854762001,0.013339814606178774,0.01017644899205041,0.008995118758053842,0.009070512287218566,0.007681724502886239,52.15211613721614,12.901372783565733,12.569844562693758,14.910586086719613,8.945323217696973,4.213702326805782e-274,4.6260200611015114e-35,1.6905885497739965e-33,4.314717027855863e-45,2.0791876616982397e-18,16.781253287500142,26.196805089280417,26.196805089280417,26.196805089280417,51.05623637017926
656.0,22.0,26.0,1.2144277864710649,0.4130436379287127,1.127186245578244,0.08724154089282088,0.9139006048487532,0.7574447019130321,0.14985421039713784,0.11813682803149257,0.14905896355422155,0.07468769847597789,0.014410381542269337,0.00979714794303777,0.008851294555120149,0.008924174486961825,0.0076821298440442306,52.56243213902789,15.295697407900224,13.34684178634127,16.70282935099442,9.722264527184667,2.087903479638704e-276,4.08748370338968e-47,3.328696885929382e-37,9.41716538524566e-55,2.599606955716982e-21,16.78125328750014,26.196805089280375,26.196805089280375,26.196805089280375,50.719209136320394
657.0,22.0,27.0,1.491224182661193,-0.11824015508480978,1.5658659402212016,-0.07464175756000868,0.8932131001541644,0.8176360230916446,0.17083155930496374,0.12396526124410379,0.16019997892977667,0.07913916774552376,0.015513143552491566,0.009564006496118688,0.008823047270056993,0.008993614980729217,0.007678337385948451,52.70601798565347,17.86192422331493,14.050164013606494,17.812634771784214,10.306810415800486,3.275502027272655e-277,2.6501714640935025e-61,1.1033517567125385e-40,5.0835867259503794e-61,1.275145104313297e-23,16.7812532875001,25.78240469504025,25.78240469504025,25.78240469504025,50.2858754591675
658.0,22.0,28.0,1.581359287963731,0.2994658605023588,1.5150142699633176,0.06634501800041348,0.8742740691886274,0.8634430571743332,0.18748976360869923,0.13041162427793923,0.1668426868731491,0.0816689281093461,0.015974937934477178,0.009518089676359691,0.008732684582506825,0.009030782195031157,0.007596653089622452,54.04985363422582,19.698255635726156,14.933738078571821,18.474887697429786,10.750645994472414,1.0984760458396744e-284,4.3691042556539927e-72,3.26711504845385e-45,7.5022995118388055e-65,1.9184969322932076e-25,17.128030665744173,27.267543296076425,27.267543296076425,27.267543296076425,53.94509778859228
659.0,22.0,29.0,1.727630225551567,0.0922270603762152,1.7297238938085475,-0.002093668256980541,0.8543438107920313,0.8903156315829459,0.19684688853715804,0.1355615402263632,0.17023939823087958,0.0838761171517685,0.015923506959849593,0.009553762743725219,0.008679153603037374,0.009042521550519178,0.007582514592719833,55.91203205599349,20.604121519183046,15.619212013821464,18.826540504192135,11.061781171156612,6.996322834540511e-295,1.4672575493964504e-77,7.737611145594102e-49,6.541176835966612e-67,9.34864984344776e-27,17.037502885000233,26.6972363550175,26.6972363550175,26.6972363550175,51.58285761351142
660.0,22.0,30.0,1.9039788383914853,-0.0632729219240924,1.9152491486702226,-0.011270310278737261,0.8139523693391288,0.9052648920084654,0.20219654616703545,0.13944446610538436,0.17212015416423726,0.08534727828991882,0.01575603709516726,0.009588504082395517,0.008661971141921188,0.00904236957301507,0.007549259469027269,57.455113017354535,21.087392196898374,16.098468099312576,19.034850630070615,11.305384142653653,3.4462803042140885e-303,1.6231747063207737e-80,1.9919676936322563e-51,3.870576146728346e-68,8.393318311284858e-28,15.764802798080233,24.3106295057503,24.3106295057503,24.3106295057503,49.41620309691406
661.0,23.0,1.0,-1.4674582081316796,-0.09707979015863488,-1.4022280457038219,-0.06523016242785773,0.817546149677144,-0.8937322891664863,0.10618150334925736,0.11250127157724496,0.14078136173139982,0.04233494428462038,0.01594268610114736,0.009663964994894945,0.009867381592666218,0.010626578641230091,0.0075975993073944285,-56.059078344531066,10.987364234591956,11.401329777380843,13.248042148314966,5.57214753921249,1.116129917993643e-295,1.9371027328693778e-26,3.213840532387719e-28,1.0039783226521796e-36,3.325319976723314e-08,15.764802798080233,24.3106295057503,24.3106295057503,24.3106295057503,49.236410428346495
662.0,23.0,2.0,-1.3775242482918577,0.2223465398801585,-1.4325217392678011,0.05499749097594342,0.8591027671682717,-0.8846019918659045,0.10360430451886593,0.10889395080971194,0.13746140263019743,0.04099004974920665,0.016078625353219637,0.009672461179792992,0.009975275158105005,0.010636776886997386,0.007614587458405488,-55.01726499826485,10.711265994564917,10.916385671951573,12.923219513820307,5.383095272477186,5.255216274189069e-290,2.7992066317015064e-25,3.867665154883687e-26,3.641259408071406e-35,9.347253613500232e-08,17.037502885000233,26.697236355017495,26.697236355017495,26.697236355017495,52.14792718875132
663.0,23.0,3.0,-1.2363137834329179,-0.22484590742286548,-1.2057990348501828,-0.030514748582735063,0.8835856570284767,-0.86971541515158,0.10044199865051995,0.10424296224369786,0.1329153936302426,0.03921629485504381,0.016153809790834018,0.009731079947235797,0.01009127511474742,0.010657816683706868,0.007628199384377535,-53.83964689525274,10.321773040108608,10.330008949152212,12.471165302874551,5.1409635326730365,1.5977407476607092e-283,1.1093677426715516e-23,1.0274349175791378e-23,4.8731950371378986e-33,3.354555957476398e-07,17.128030665744173,27.267543296076422,27.267543296076422,27.267543296076422,53.94486109614246
664.0,23.0,4.0,-1.016016056659866,-0.48653062410403725,-0.9499737751733941,-0.06604228148647184,0.9006580138779655,-0.8437776654943947,0.09647682612285485,0.09855717382034707,0.1268877986865776,0.03722972796204743,0.015852833782073927,0.009857642422382209,0.010228145096126675,0.010706292529302547,0.007717899871139323,-53.225667858103826,9.787008088648053,9.63587951618617,11.851702943786798,4.823815880439966,4.1051637456080773e-280,1.4599301869332141e-21,5.587200706388695e-21,3.280023320060743e-30,1.6537244257416228e-06,16.7812532875001,25.78240469504025,25.78240469504025,25.78240469504025,50.2858754591675
665.0,23.0,5.0,-0.9414286341601201,-0.6621240911953017,-0.8582938269153778,-0.08313480724474231,0.9138223709534347,-0.8082513175168338,0.0921860664618254,0.093732459310255,0.12072201289312415,0.034100572380822376,0.015032693238593665,0.009744306487137352,0.01025058957656078,0.010571986938461309,0.007716555490442829,-53.7662350111554,9.460505638191137,9.144104210804194,11.41904673131336,4.419144321978491,4.0750560880945493e-283,2.597382984351477e-20,3.923487557288089e-19,2.6900287304824444e-28,1.1117958068732908e-05,16.78125328750014,26.196805089280375,26.196805089280375,26.196805089280375,50.71920913632039
666.0,23.0,6.0,-1.0150284797991198,-0.2953666549973385,-0.975746847399011,-0.039281632400108846,0.9266430480946257,-0.765962349786219,0.08888353271877367,0.09104796469183,0.11494048332254353,0.030297359960507326,0.01419771134129015,0.009614632692793553,0.010306923079137584,0.01048078074479889,0.00772884127918356,-53.94970579227284,9.244610330813206,8.833670727214576,10.96678636079502,3.920039093325488,3.930422438882013e-284,1.6695807815084772e-19,5.236011184323133e-18,2.3679005866892372e-26,9.526043813443672e-05,16.781253287500142,26.196805089280417,26.196805089280417,26.196805089280417,51.05623637017926
667.0,23.0,7.0,-0.9281590454167601,-0.21534955820822577,-0.9301760155089174,0.0020169700921572886,0.9360236196638743,-0.7172986548017175,0.08761778433523101,0.09079627170608756,0.10955561209413486,0.02596097530233528,0.013537459533974986,0.009838555352026764,0.010310637866053704,0.010511996291459541,0.007935406052987324,-52.98620860151137,8.905553833895091,8.806077071625342,10.421960687252447,3.2715370995491955,8.886909851647243e-279,2.8922374239901134e-18,6.568953469369384e-18,4.3485551698617165e-24,0.00111037232004661,16.781253287500142,26.196805089280417,26.196805089280417,26.196805089280417,47.129392175408015
668.0,23.0,8.0,-0.845911981106182,-0.1636566343053799,-0.8230459544540917,-0.022866026652090365,0.9480214481847935,-0.6632212589549629,0.08861663176538404,0.09217340909341967,0.10316245485693495,0.02167631088321412,0.012995842180579604,0.01037597387870836,0.010286692516087123,0.010678285098073255,0.008133229436708446,-51.03334202888756,8.540560414018252,8.960451471575707,9.660957158331458,2.6651542357062312,9.034468112204522e-268,5.653703878051073e-17,1.8332883942083942e-18,4.4768540342817834e-21,0.007833269005789425,16.78125328750014,26.196805089280417,26.196805089280417,26.196805089280417,47.12939217540802
669.0,23.0,9.0,-0.7519855355376444,-0.25077126820333795,-0.7477464933784992,-0.004239042159145168,0.9557741110287561,-0.6037828107651453,0.0922467562986289,0.09475725970694118,0.09620510151695377,0.016635142990926305,0.012569394205113922,0.01091847035421144,0.01050271103065367,0.011026367213935377,0.008402867337111297,-48.03595152736106,8.448688626337457,9.022171459385916,8.72500431469102,1.97969839621972,1.7906817755163686e-250,1.1757261758438433e-16,1.0950680078927083e-18,1.2747567584608013e-17,0.048042060766723925,16.781253287500142,26.196805089280414,26.196805089280414,26.196805089280414,47.12939217540803
670.0,23.0,10.0,-0.7391585356312146,-0.2889935549039717,-0.6859555855723082,-0.053202950058906406,0.9627154208820407,-0.5377312780295596,0.09554223909824164,0.0966480052129007,0.08817533406758365,0.011300201565113332,0.012134056390443643,0.011410452249789413,0.010956983199589146,0.011620303304020634,0.008647782421015703,-44.31587102669622,8.373221061418047,8.820676590662721,7.5880406699087555,1.3067166835340078,2.440116504149744e-228,2.134888415859747e-16,5.8265907329723015e-18,8.110314838875486e-14,0.19164311802556486,16.78125328750014,26.196805089280417,26.196805089280417,26.196805089280417,47.12939217540802
671.0,23.0,11.0,-0.4964580439825944,-0.3507940059310899,-0.48740700312704466,-0.009051040855549752,0.9698676166474516,-0.4629798031131111,0.0958425442496316,0.09744671536654347,0.08008230225128513,0.006768808937201105,0.011718714833341937,0.011923104347885134,0.011591289003583952,0.01260093503105335,0.0088845858236017,-39.507728423926395,8.038388447605234,8.406892049401371,6.355266657111779,0.7618598178454102,1.0571785578417278e-198,2.853987020115254e-15,1.6369121872205414e-16,3.3033024217605734e-10,0.446343492145848,16.78125328750014,26.196805089280414,26.196805089280414,26.196805089280414,47.129392175408015
672.0,23.0,12.0,-0.4992729405931937,0.021507232648503738,-0.5004603376682434,0.0011873970750496676,0.9754800575587255,-0.38283833905483766,0.09244984805427862,0.09610910749088018,0.07248370080851635,0.003305240983234394,0.011428611870702057,0.012767181032039669,0.01203119996488864,0.013564400854797954,0.009145584016474261,-33.49823612754468,7.241210712237309,7.988322675324245,5.343671392819216,0.36140294346217233,2.5265048246593464e-160,9.54886203752936e-13,4.1737549312476974e-15,1.1549656286709033e-07,0.7178831652918489,16.78125328750014,26.196805089280414,26.196805089280414,26.196805089280414,47.12939217540802
673.0,23.0,13.0,-0.18976997495421122,-0.3096123325005363,-0.199257887293148,0.009487912338936783,0.9806858357545267,-0.29999077265308594,0.08708138239911076,0.0936798010002233,0.067418207769365,0.00037860743255986877,0.011227730475872886,0.013403233506727641,0.011990304402668192,0.013929822979168125,0.00934763974540187,-26.718736551231963,6.497042848309774,7.812962695040237,4.839846699429567,0.040502997855272165,3.146740270582193e-116,1.3548975115299272e-10,1.555541849130136e-14,1.528880142981007e-06,0.9677011100213437,16.781253287500142,26.196805089280417,26.196805089280417,26.196805089280417,47.12939217540802
674.0,23.0,14.0,-0.3218081115831025,0.024238522550436015,-0.32206492620649785,0.00025681462339532946,0.9854146040497334,-0.21610624890311675,0.08482764028451396,0.09145481656457247,0.0653820129399689,-0.002164734136306092,0.011029709305343818,0.013557704770770491,0.01178953854895315,0.01427249326624931,0.009467833297799941,-19.59310467034836,6.256784737442927,7.757285510779655,4.580980472037086,-0.2286409221853447,1.8607346268401974e-71,6.073284091525528e-10,2.3499233023409097e-14,5.280690256641496e-06,0.8192000139972717,16.78125328750014,26.196805089280414,26.196805089280414,26.196805089280414,47.12939217540802
675.0,23.0,15.0,-0.09884489139332991,-0.238353017813396,-0.07189432956196215,-0.026950561831367764,0.9870858398143274,-0.13239387063461483,0.08587663563494327,0.08981497999255703,0.06669599855675329,-0.0036375349925147293,0.010851728054486748,0.013355607413678064,0.011763126462338448,0.01490158851837211,0.009631269949510498,-12.200256951691243,6.430005987372258,7.635298343524081,4.475764343816369,-0.37767968415209924,8.651234751524546e-32,2.0693706777365565e-10,5.752130986984204e-14,8.591345368542162e-06,0.7057577097010308,16.78125328750014,26.196805089280414,26.196805089280414,26.196805089280414,47.129392175408015
676.0,23.0,16.0,-0.007338946415968324,-0.12083357736234804,-0.03606708656574589,0.028728140149777568,0.9874875389905557,-0.04711241842679671,0.08825263996501906,0.08871490911163957,0.07060459539688271,-0.0036451231118335018,0.010780163463389739,0.013280114147928445,0.011573677989541536,0.014716736557723636,0.009737029783538386,-4.370287944778768,6.645472996840582,7.665230464490726,4.7975714670130465,-0.3743567795177148,1.3855872336886937e-05,5.233252744479713e-11,4.622927045597017e-14,1.879566753013718e-06,0.7082271747012192,16.781253287500142,26.196805089280417,26.196805089280417,26.196805089280417,47.12939217540803
677.0,23.0,17.0,0.015835897164439748,0.23635494758967387,0.023188182287621636,-0.007352285123181888,0.9885647871556555,0.043041664014695696,0.0901341463621898,0.0880770135583854,0.07368574928617462,-0.0017882517235444965,0.010706645043396966,0.013322514846051353,0.011580850055331217,0.014140163842459252,0.009657301333307106,4.020088817760937,6.7655504537797215,7.605401428873466,5.211095861910411,-0.1851709563392195,6.305284978159448e-05,2.391383971764297e-11,7.150146575474466e-14,2.3291901997051663e-07,0.8531367150386417,16.781253287500142,26.196805089280417,26.196805089280417,26.196805089280417,47.12939217540802
678.0,23.0,18.0,0.08420065294354738,-0.09055249715897963,0.12272308285017765,-0.03852242990663027,0.9890568227507462,0.13681394105188194,0.09076316469849632,0.08740066942816793,0.0756686545214548,0.002868073226306064,0.010660390293078872,0.012579985319517437,0.011970912048885066,0.013168642875320628,0.009443844460486385,12.833858544626336,7.214886376511126,7.301086923974866,5.746123973280916,0.30369763482512396,9.676448638220864e-35,1.1467990793285903e-12,6.282341519691615e-13,1.2496563453899442e-08,0.7614285323407669,16.781253287500142,26.196805089280417,26.196805089280417,26.196805089280417,47.12939217540803
679.0,23.0,19.0,0.22981912808869473,0.25549172254015945,0.2294080560703252,0.00041107201836954044,0.9887179363229461,0.23202330972118274,0.09058331237773379,0.08830321237907957,0.07979008949389596,0.010458063333546402,0.010792973025905355,0.011767095585217416,0.012489597160454863,0.011987958578497045,0.008889223097998727,21.497627128714125,7.698017894197306,7.070140953678575,6.655852952062786,1.1764878908147638,4.820585874830996e-83,3.635725105096374e-14,3.1072915015418956e-12,4.8930346528651096e-11,0.2397113896692059,16.781253287500142,26.196805089280417,26.196805089280417,26.196805089280417,47.12939217540802
680.0,23.0,20.0,0.4458072919611742,-0.056495066209459655,0.4535225906348719,-0.00771529867369769,0.9857911652692418,0.3256548282842473,0.09085305746114486,0.09163985653401277,0.08630950027116556,0.01994755071570311,0.011093772192250231,0.011455079555593784,0.011712813475105098,0.011105306657985793,0.00825408661868369,29.354742700750585,7.931246310443926,7.823897881477233,7.771915078914156,2.4166878344298524,2.2851296343960005e-133,6.421870731368329e-15,1.434051858568337e-14,2.1090150074288868e-14,0.015860666995282085,16.781253287500142,26.196805089280414,26.196805089280414,26.196805089280414,47.12939217540802
681.0,23.0,21.0,0.6379621896764391,-0.25238394385426544,0.6753033243264903,-0.03734113465005118,0.980332534834584,0.4146666208240973,0.0909032845537357,0.09590873093678394,0.09417333878447372,0.030422994138714306,0.011597751612873027,0.011411478445663837,0.010004691669442066,0.01041572512895855,0.007858076891817051,35.75405256686429,7.965951562418046,9.58637548318693,9.04145775915747,3.8715571961881743,7.182427151647531e-175,4.943204898546079e-15,8.640840858668168e-21,9.316562343497036e-19,0.00011596959402405384,16.781253287500142,26.196805089280417,26.196805089280417,26.196805089280417,47.12939217540802
682.0,23.0,22.0,0.6708472203659678,0.21956195899171477,0.6389351825118018,0.031912037854165964,0.9755274063603377,0.49315963208102304,0.09422291607180694,0.10042031484712474,0.10374171414455335,0.04063445846471442,0.012118957341006487,0.011120390243347343,0.009410815159721645,0.009931238761660502,0.007714788418643367,40.69323937731312,8.47298646989253,10.670735015275232,10.445999399898401,5.267086569285321,4.1325775747656153e-206,9.69362644932586e-17,4.12503939937687e-25,3.469819753632473e-24,1.7352739963683487e-07,16.781253287500142,26.196805089280417,26.196805089280417,26.196805089280417,47.12939217540802
683.0,23.0,23.0,0.7782559531571847,0.31318060273932363,0.7342243726875588,0.04403158046962585,0.968181728187064,0.5634430352481454,0.10209720537235922,0.10351240010014288,0.1149121538421863,0.050743867865449516,0.012510997240951775,0.010661497117645571,0.009432513407804008,0.009644567095843931,0.007733361521238377,45.03582123764272,9.576254089435597,10.973999784034413,11.914703138070823,6.561683134312292,1.1151801548981657e-232,9.444453282442515e-21,2.2070199982101799e-26,1.7097159638016578e-30,8.973945982230487e-11,16.781253287500142,26.196805089280417,26.196805089280417,26.196805089280417,47.129392175408015
684.0,23.0,24.0,1.1132102674903916,-0.36940605201948795,1.1603470639338376,-0.04713679644344593,0.957614778778025,0.6272503549753938,0.11309428715445982,0.10549082669152404,0.1256672342127635,0.05960376529650763,0.012938500197369472,0.010342664400596804,0.009312776902490766,0.00955089969890868,0.007778160087761985,48.47937128778807,10.934734298053211,11.327537188538232,13.15763312090092,7.662964585967715,4.6088120829880513e-253,3.2356322746930427e-26,6.728258230433666e-28,2.7440221425907936e-36,4.7001628262679895e-14,16.781253287500142,26.196805089280417,26.196805089280417,26.196805089280417,47.12939217540802
685.0,23.0,25.0,1.301510782058774,-0.14899447488000206,1.2635768404774632,0.03793394158131069,0.9405798418777082,0.6857822280944181,0.12744230571667492,0.10874860926286752,0.1384188389144454,0.06779527622753256,0.013480215750756284,0.010220042959913583,0.009149513998046905,0.009416321023687214,0.007734922708304022,50.87323829041412,12.469840510117828,11.885725218419411,14.699885291319834,8.764829175959216,7.370717054435911e-267,4.942757973537881e-33,2.30784033649109e-30,5.358698399783894e-44,9.210028396543848e-18,16.781253287500142,26.196805089280417,26.196805089280417,26.196805089280417,51.05623637017926
686.0,23.0,26.0,1.2442128178245677,0.24934595143320848,1.1789751098536296,0.06523770797093809,0.9117712692431766,0.7459025278664989,0.14805520210070833,0.11341933922576625,0.1520669266299105,0.07379425461973671,0.014416725885620062,0.01002464915916032,0.00900233888169113,0.009302135535089249,0.007757921554395814,51.73869114141222,14.769115582007027,12.598874660943657,16.347528592363336,9.512116628444536,9.04361743781352e-272,2.3474532720234586e-44,1.2368090366244999e-33,8.645646767873727e-53,1.6563644754076273e-20,16.781253287500142,26.196805089280375,26.196805089280375,26.196805089280375,50.71920913632039
687.0,23.0,27.0,1.512025974995307,-0.07609310213750065,1.5814876520647223,-0.0694616770694152,0.8811773370550243,0.8071090526888309,0.17100269590998096,0.11989724184166556,0.16345281107093795,0.07835612512317659,0.015535892036853526,0.009889778412712338,0.008948233435552793,0.009287607711037859,0.007763289493028902,51.951252671828826,17.290852107482387,13.398984582285731,17.59902185324671,10.093160276135135,5.706291825013244e-273,4.7627551590502104e-58,1.8547812169953849e-37,8.470376987538976e-60,9.157931813446253e-23,16.7812532875001,25.78240469504025,25.78240469504025,25.78240469504025,50.2858754591675
688.0,23.0,28.0,1.5447335205292327,-0.009393295061026707,1.625573261728318,-0.08083974119908532,0.8472674390854131,0.8576994934660578,0.188009287030038,0.12714870148687635,0.1703735575453067,0.08126632661780425,0.016119864737045603,0.009761424394583463,0.00885892039906771,0.009240545196219162,0.007696148011215194,53.207611072253584,19.260435714111853,14.352618124919278,18.437608812845404,10.559350794628571,5.175130293568744e-280,1.7852223523776595e-69,3.248354303060499e-42,1.2374412597218427e-64,1.1904059216041406e-24,17.128030665744173,27.267543296076425,27.267543296076425,27.267543296076425,53.94486109614246
689.0,23.0,29.0,1.63086582758006,0.3499771608958049,1.5581867668977787,0.07267906068228136,0.8344955340867026,0.8880051380448662,0.1980132934932055,0.1332012605977254,0.17437957156766648,0.08351094655263834,0.016176416388030152,0.009722274793445486,0.008852951738465295,0.009235743815588008,0.007674151217140755,54.89504700818357,20.366971485593176,15.045971618593342,18.88094505970923,10.88210854721116,2.454290278843266e-289,4.057995512159882e-76,8.453778933341576e-46,3.129851721922141e-67,5.394436223302092e-26,17.037502885000233,26.6972363550175,26.6972363550175,26.6972363550175,52.147927188751325
690.0,23.0,30.0,1.855559641493695,0.3825270866598385,1.7712184870345018,0.08434115445919321,0.7906925005366819,0.9032898064590998,0.20415541730575765,0.13797459837651624,0.1769313505345353,0.08515190139103833,0.016042125479690954,0.009718121358297258,0.0088723513232022,0.009239772200222821,0.007651562847960364,56.307364482508795,21.00770403854355,15.551074720823678,19.148886650070065,11.128693978346766,5.0624627477380573e-297,5.005209534647262e-80,1.791327481254584e-48,8.188155907729968e-69,4.8405406238138045e-27,15.764802798080233,24.3106295057503,24.3106295057503,24.3106295057503,49.2364104283465
691.0,24.0,1.0,-1.4984943326262743,0.10517880505665267,-1.4830224863488608,-0.015471846277413492,0.803795640690682,-0.8959956833074496,0.10764870263590359,0.11243164817843015,0.1376243931275149,0.04319324399825906,0.01635120077842211,0.009634033283609397,0.009958253902223477,0.010828204111175082,0.007619653666724481,-54.79693482143842,11.173793931047427,11.290297403777428,12.709807805107936,5.668662368066247,8.468918577769046e-289,3.1010068697999866e-27,9.755597133425752e-28,3.7293831924349736e-34,1.9384401187546894e-08,15.764802798080233,24.3106295057503,24.3106295057503,24.3106295057503,51.077292915259655
692.0,24.0,2.0,-1.3741345409182348,-0.03475547644444643,-1.3923412341708576,0.018206693252622808,0.8462276105547243,-0.8877589005158941,0.10485145404431206,0.10922236035836676,0.13397781486030674,0.04178998421534093,0.016427111605984934,0.009640536401977599,0.009949657273329682,0.0108240385510029,0.007607167679442459,-54.0423004244066,10.876101668243637,10.977499762845115,12.377802816296606,5.493501126348747,1.209283561629959e-284,5.717856758155723e-26,2.1329191485679417e-26,1.3197881635655538e-32,5.131077233302156e-08,17.037502885000233,26.6972363550175,26.6972363550175,26.6972363550175,55.66926680567003
693.0,24.0,3.0,-1.3031238302131947,0.000697195126736494,-1.3314634711694966,0.028339640956301926,0.8705510578560004,-0.8718718607763832,0.10156006867712178,0.10540803970972129,0.12945415672854554,0.04038683641115595,0.016371310317837652,0.009691505031073057,0.009993485152966565,0.010817570569711806,0.007646161387849453,-53.256082979895616,10.479287618537914,10.54767562029458,11.967026782427949,5.281975407337706,2.779289926710007e-280,2.5366506202284785e-24,1.32961785287012e-24,9.933658245665999e-31,1.6038812051784284e-07,17.128030665744173,27.267543296076422,27.267543296076422,27.267543296076422,55.68404873641897
694.0,24.0,4.0,-1.2361234546446898,0.01649077881280392,-1.2678419319810947,0.03171847733640498,0.8961475884670982,-0.8441095761008435,0.09736499406680284,0.10075556271665426,0.12377237797656605,0.038212695271932565,0.015906414636057294,0.009804808167819751,0.010173429974172856,0.010843436785787933,0.007646583839812548,-53.06724333636961,9.930331363989698,9.903794784299984,11.41449712131763,4.9973551683269495,3.1367958472248745e-279,4.0270091507748467e-22,5.117154408515681e-22,2.8158344485412735e-28,6.984819182334079e-07,16.7812532875001,25.78240469504025,25.78240469504025,25.78240469504025,56.58452964987921
695.0,24.0,5.0,-1.001809307569294,-0.45608520328316526,-0.9531905041119997,-0.0486188034572943,0.9179190482456594,-0.8064751662764432,0.0922362959987391,0.0963191918942542,0.11747283155868032,0.03566112348041987,0.014997842637307652,0.009804638336667651,0.010329149618330912,0.010664889747743558,0.007722094229518488,-53.77274490601124,9.407414412604217,9.324987579163214,11.014912890546743,4.618063755826964,3.7502789770498045e-283,4.117506962521589e-20,8.385162842616364e-20,1.479816504602414e-26,4.437811409406364e-06,16.781253287500135,26.196805089280375,26.196805089280375,26.196805089280375,52.5344028696749
696.0,24.0,6.0,-1.0484421845908556,-0.0235185033114087,-1.0688005598023693,0.020358375211513735,0.9345443564772644,-0.7630518908850412,0.08831271528932452,0.09440018189519984,0.11267440140167845,0.03231267097636516,0.014165204636502116,0.009860927948291912,0.010642764504856085,0.010576432441989529,0.007760665716397579,-53.8680457124314,8.95582198271937,8.869892954234484,10.653346676176879,4.16364680005369,1.1124592140534033e-283,1.905313684762981e-18,3.884397217591064e-18,4.869929184611041e-25,3.433442484898403e-05,16.78125328750014,26.196805089280417,26.196805089280417,26.196805089280417,51.05623637017922
697.0,24.0,7.0,-0.9450583051866704,-0.09361034764003628,-0.9651892522322995,0.02013094704562901,0.9445142948878996,-0.7142450375771134,0.08653779329683839,0.09468440269036119,0.10842128144296208,0.02853825097759904,0.013574834450048008,0.010082807296509637,0.01090767175522792,0.010605259646693193,0.007935860564352078,-52.61537738860509,8.582708243050044,8.680532822687853,10.223350022058982,3.5961129541253527,1.0542821590293036e-276,4.031890716640824e-17,1.8299607168724506e-17,2.764983911372999e-23,0.00034060166967593054,16.78125328750014,26.196805089280417,26.196805089280417,26.196805089280417,47.12939217540802
698.0,24.0,8.0,-0.6553743632501606,-0.9506250785196758,-0.5877451846797191,-0.06762917857044148,0.9493278220044674,-0.6615405778521076,0.08655220694002219,0.09515624338364521,0.10241610733107573,0.024196960321601478,0.013131822549738175,0.010404516484200191,0.0109911351707064,0.010707705477100081,0.00808374836330665,-50.37690505993759,8.318714961089858,8.657544639907247,9.564710903760552,2.993284703348155,5.039745802344498e-264,3.2755787740570995e-16,2.2046898007638463e-17,1.0451612559472811e-20,0.002835438997893423,16.78125328750014,26.196805089280417,26.196805089280417,26.196805089280417,47.12939217540803
699.0,24.0,9.0,-0.7412949357773087,-0.29770369589148865,-0.7301098711896695,-0.011185064587639126,0.950055083892675,-0.6035550057794405,0.08892125186606323,0.09598396918663106,0.09497469972268105,0.019177977893263625,0.012711259745597737,0.010878068508550711,0.010902554256993892,0.01104024334904438,0.00832824600969058,-47.481919011879874,8.174360346799308,8.803805688475084,8.602591149487829,2.3027631353526923,3.1856619598003355e-247,1.0064273812852814e-15,6.6925662809919345e-18,3.4358881755002605e-17,0.02151975162306492,16.78125328750014,26.196805089280417,26.196805089280417,26.196805089280417,47.12939217540802
700.0,24.0,10.0,-0.7063748372206623,-0.28047569547269996,-0.6601255969809763,-0.04624924023968602,0.9540909491911406,-0.539014596946978,0.09114269185231683,0.09708673488645798,0.0869236208839135,0.013646703101355899,0.01220615354343043,0.011355454862393926,0.01120602622643345,0.011715629992827268,0.008617288578560768,-44.15925090808687,8.026335620791007,8.663796864712305,7.419457676380296,1.5836423460748401,2.1630574588953406e-227,3.128031096931177e-15,2.0958516764609216e-17,2.722082569496333e-13,0.11362682857135051,16.781253287500135,26.196805089280417,26.196805089280417,26.196805089280417,47.12939217540803
701.0,24.0,11.0,-0.5984097461983516,-0.2735577196268302,-0.5490188346036151,-0.04939091159473652,0.9658705102029995,-0.4652510065125589,0.09044133583240573,0.09718919926697997,0.07915650985980949,0.008808152836931041,0.011795732052971316,0.012066580295124748,0.011856106958529187,0.012796043676131125,0.00888783142887339,-39.44231730792523,7.495191978206673,8.197395621255158,6.186014354379134,0.9910350919029021,2.7206646363189956e-198,1.584542174667697e-13,8.423010856834533e-16,9.359567089632951e-10,0.3219351033441311,16.781253287500142,26.196805089280417,26.196805089280417,26.196805089280417,47.129392175408015
702.0,24.0,12.0,-0.5513821511579627,0.19924316519189278,-0.5683223084543855,0.01694015729642273,0.9740073049157191,-0.385310501118064,0.08697415659815307,0.0956576739304334,0.07319315740299703,0.004734301258597356,0.011522524801227734,0.013129118714625505,0.012092028599848172,0.013548352933005383,0.009234529672344373,-33.43976322593889,6.624523586740522,7.910804472595647,5.402365716698292,0.512673782702293,6.043255514181435e-160,5.991993900851658e-11,7.488754084783323e-15,8.424705568032253e-08,0.6083054703745391,16.78125328750014,26.196805089280417,26.196805089280417,26.196805089280417,47.12939217540803
703.0,24.0,13.0,-0.3816520300651769,0.03597831217740277,-0.39143644565038765,0.00978441558521076,0.9788067965251569,-0.30249703336291556,0.08363581221733274,0.09384073951885122,0.0696901070790639,0.0011230840205762932,0.011244675793232226,0.013798857182779537,0.011840227942230384,0.013915516396168382,0.009463711168190682,-26.901356599803247,6.061068036975347,7.925585552635409,5.008086304167121,0.11867268565329746,2.0636040734261117e-117,1.987569977405707e-09,6.701313210457631e-15,6.616494571975206e-07,0.905561188251476,16.78125328750014,26.196805089280414,26.196805089280414,26.196805089280414,47.12939217540803
704.0,24.0,14.0,-0.3076130536829837,0.2292344968358742,-0.3105185931950643,0.0029055395120806127,0.9843930834714943,-0.21880846680849259,0.08318291687326293,0.09213202694971576,0.06709893465137928,-0.0018693394622180813,0.010980008254574083,0.013707566449271156,0.011803960188560917,0.014125354297645177,0.009504520392976659,-19.92789638544586,6.06839420995007,7.805179404027459,4.750247904405858,-0.1966789890418274,1.8260645547267478e-73,1.9024175292603286e-09,1.6481383460002568e-14,2.3639158884084837e-06,0.8441232060603064,16.78125328750014,26.196805089280417,26.196805089280417,26.196805089280417,47.12939217540802
705.0,24.0,15.0,-0.3172395386287676,0.17044034731342528,-0.29792209044362394,-0.019317448185143637,0.9880897738753275,-0.13535662583383828,0.08567834488040543,0.09106328249224609,0.0678192963404002,-0.0034010320440383455,0.010819145051809757,0.013771539734899082,0.012109113323132508,0.013775763003820461,0.009567538045190137,-12.510843064369185,6.221406359035081,7.520227126645547,4.923088203650987,-0.3554761975311023,3.185989195763801e-33,7.543178016718285e-10,1.32365802732306e-13,1.0133605657526797e-06,0.7223162615767483,16.78125328750014,26.196805089280417,26.196805089280417,26.196805089280417,47.12939217540802
706.0,24.0,16.0,-0.07815409725175904,-0.09945297129832512,-0.08382845101069983,0.005674353758940792,0.9889946660283806,-0.04967013999696589,0.08959638227908556,0.09064951195220605,0.07149524700010569,-0.003271510240142033,0.01078381772186021,0.01394956357565293,0.012116090695923424,0.013158460986000466,0.009588289343869055,-4.605988461421971,6.42288067244368,7.481745905278339,5.433404945773737,-0.3411985311262955,4.696986798484182e-06,2.1641675580333714e-10,1.7449139945556998e-13,7.121419303267407e-08,0.7330338564681094,16.781253287500142,26.196805089280417,26.196805089280417,26.196805089280417,47.12939217540802
707.0,24.0,17.0,-0.06634991748476403,0.5927528801437187,-0.09504052965941584,0.02869061217465181,0.989842601801746,0.04089523042602454,0.092270134309687,0.0904121035872926,0.0741289880412754,-0.0014536946967740353,0.010718196058466115,0.01381057126354266,0.011872981715873233,0.012700781388865852,0.009512791371443664,3.8154956489830316,6.681123651507668,7.614945070320355,5.836569087494147,-0.1528147354453567,0.00014520617519962837,4.1527916992677045e-11,6.670944790813972e-14,7.435411976202962e-09,0.8785786678827723,16.781253287500142,26.196805089280414,26.196805089280414,26.196805089280414,47.12939217540803
708.0,24.0,18.0,0.2563986314524061,-0.30018284575114346,0.24908122424886545,0.0073174072035406545,0.990554693648659,0.1343242245086026,0.09132100520660316,0.08955182488737107,0.07672561250303878,0.0026187621498936922,0.010651729323754048,0.012755817091917898,0.011697581285677118,0.012368181445872716,0.009338810809747454,12.6105555657569,7.159165465336146,7.655584748705367,6.203467570298481,0.2804170898462082,1.0905003025617155e-33,1.686643339176008e-12,4.9606312293353475e-14,8.41600686693313e-10,0.7792220418360536,16.781253287500142,26.196805089280414,26.196805089280414,26.196805089280414,47.12939217540802
709.0,24.0,19.0,0.34737432269905916,-0.3040943764556641,0.3466426555970562,0.000731667102002953,0.9902675230096774,0.22860938172831818,0.08918483948147678,0.09033351964873225,0.08276516520490707,0.009593147506826384,0.010776877721371708,0.012106562309795522,0.011568355944528694,0.011625719708187305,0.008849731536647367,21.212951249781852,7.3666526631855325,7.80867394484485,7.119143354765423,1.0840043527987804,2.7450057432066302e-81,3.95866246358696e-13,1.6059111252378116e-14,2.2216256775369537e-12,0.27865349520474997,16.781253287500142,26.196805089280414,26.196805089280414,26.196805089280414,47.12939217540802
710.0,24.0,20.0,0.6365493723506065,-0.46492664636273695,0.6395611575158302,-0.0030117851652237126,0.9873630098476842,0.322485570524679,0.08738214247622042,0.09303347247140319,0.09124566396873243,0.018986732677690646,0.011123022348375713,0.011928383985837725,0.011023587803300984,0.010638843344728414,0.008267370935173716,28.992620928409025,7.325564182035645,8.439491219323763,8.57665265030385,2.2965865238864707,5.229621345741763e-131,5.289587062401605e-13,1.2646851698021929e-16,4.232922921199772e-17,0.0218715382393967,16.781253287500142,26.196805089280414,26.196805089280414,26.196805089280414,47.12939217540803
711.0,24.0,21.0,0.48375558175350625,0.18885700339456019,0.4693078177280349,0.014447764025471321,0.9822810177055006,0.41155901185003957,0.08620119398754375,0.09713897681033004,0.09998104022553761,0.029887261371868312,0.011729214069460247,0.011650843253710486,0.010090575360339861,0.010056722617463782,0.007882153819631131,35.08837074784318,7.39870858361183,9.626703467487735,9.941712029714106,3.7917632738188525,1.3621555292456652e-170,3.154492893566501e-13,6.058326541943187e-21,3.6332388952952236e-22,0.00015956898008077745,16.781253287500142,26.196805089280414,26.196805089280414,26.196805089280414,47.12939217540802
712.0,24.0,22.0,0.7484989397010559,-0.13418615110579724,0.7751592974794356,-0.026660357778379717,0.9737756600432407,0.49105655575173895,0.08904433092030145,0.10156756605067661,0.11005986913470522,0.04052458008793795,0.012383099271189031,0.011144495416685487,0.009537246966270693,0.009717424601252345,0.00771448412233023,39.65538392268638,7.989983179228078,10.649568623930909,11.32603273510567,5.253051201523134,1.2534994555636568e-199,4.121600115956208e-15,5.048649169108375e-25,6.830125268676359e-28,1.8686417785540863e-07,16.781253287500142,26.196805089280414,26.196805089280414,26.196805089280414,47.12939217540803
713.0,24.0,23.0,0.8866537655439761,0.10025954841940554,0.8338318795724351,0.05282188597154103,0.964426197627677,0.5626530525383346,0.09748267918751788,0.10393828065494463,0.12026689048360206,0.05025238649069695,0.012878663450084324,0.01058506133255025,0.009401656883906014,0.009599926368288016,0.007739421406562207,43.68877676779811,9.209458133959764,11.055315242664165,12.5278971806374,6.493041772875717,1.546033996326716e-224,2.2529916623804655e-19,9.961017432989215e-27,2.653315906567638e-33,1.3897312623731147e-10,16.781253287500142,26.196805089280414,26.196805089280414,26.196805089280414,47.129392175408015
714.0,24.0,24.0,0.9068340961558051,0.10823020791917781,0.9184519962448229,-0.011617900089017752,0.9534142107660405,0.6268954191745506,0.10921630500607728,0.10463612591056487,0.12918080527311387,0.058484875400900305,0.013310441519905153,0.010287040567178307,0.009293460636651667,0.009603766909965563,0.007810931994221481,47.09801836678801,10.616882891911727,11.259113262706423,13.451055870490414,7.487566841468771,5.820063232322326e-245,6.893134724752989e-25,1.330657341344653e-27,1.0327882836866976e-37,1.6736160805429783e-13,16.781253287500142,26.196805089280414,26.196805089280414,26.196805089280414,47.12939217540803
715.0,24.0,25.0,1.2228348966967097,-0.2513536006333177,1.2774470957470632,-0.054612199050353416,0.9365476430240057,0.6848176474612768,0.12446872127972047,0.10607236712182684,0.14000748249064088,0.06640292128804519,0.0138258609718616,0.010271307156946605,0.009180359863677058,0.00958233236998016,0.007778583132725793,49.53164572210136,12.11809941790523,11.554271150253268,14.61100252891048,8.536634520067935,3.639384780561131e-259,2.0517936496776533e-31,6.872749654142831e-29,1.5409425796412191e-43,5.834166298630249e-17,16.781253287500142,26.196805089280414,26.196805089280414,26.196805089280414,51.05623637017922
716.0,24.0,26.0,1.376047040421467,-0.00041668977843301036,1.3458233529534214,0.030223687468045712,0.9069004803034684,0.7412485888550597,0.14631935280189318,0.11023551399881013,0.15289694223992667,0.07248603927351177,0.014657555466483486,0.010235100371692013,0.009000225849714653,0.009555081801335795,0.007784571604030367,50.57109219542279,14.295839560751121,12.248083085860015,16.001636136547965,9.311500100530003,3.905527039998868e-265,6.318707775341761e-42,5.223093792821933e-32,6.697763321679274e-51,9.415547225668876e-20,16.781253287500142,26.196805089280378,26.196805089280378,26.196805089280378,52.5344028696749
717.0,24.0,27.0,1.5644493819771346,-0.2831983610602049,1.6830520054554938,-0.11860262347835926,0.8699552825550314,0.7986057638230508,0.1703900128228239,0.11749619304152814,0.16437656672762585,0.0770620849556291,0.01569763957702205,0.010165792441228476,0.00899205197679243,0.009545077860566586,0.007745771010774626,50.87425787199478,16.76111467039094,13.066671917018922,17.221081810836967,9.948923722174742,7.272772202843229e-267,4.46493537778397e-55,7.5111469389286e-36,1.1801586906200529e-57,3.4037287183309304e-22,16.7812532875001,25.78240469504025,25.78240469504025,25.78240469504025,56.58452964987921
718.0,24.0,28.0,1.511911425958782,0.27530092324260513,1.435878414953012,0.07603301100577009,0.8313384421334244,0.8490562122326197,0.1883508051694887,0.12630654982762166,0.17274412155654095,0.08027656678142002,0.016358144865798674,0.009987202503078075,0.009013094307266014,0.009476323175979635,0.007746055085090247,51.9041871311344,18.859215592298106,14.013672277432859,18.22902388918191,10.363541944845947,1.0515852641701088e-272,4.201782917678592e-67,1.682888320346983e-40,2.0179335434758978e-63,7.51404671702939e-24,17.128030665744173,27.267543296076422,27.267543296076422,27.267543296076422,55.68404873641896
719.0,24.0,29.0,1.6886665363387225,0.3879854444846902,1.6114452535033406,0.07722128283538199,0.8216633564800955,0.8808771537552662,0.1991913192542697,0.1331838668723823,0.17764766608240407,0.08233227299732042,0.01648987077974311,0.00990483730313255,0.009078755251862379,0.009442964029237088,0.0077094722373569485,53.419287847748016,20.11050895215336,14.669837789168454,18.812701767408562,10.679365650786302,3.434190175764105e-281,1.4476560783663473e-74,7.661677545879654e-44,7.889034691742308e-67,3.7984913166881864e-25,17.037502885000233,26.697236355017495,26.697236355017495,26.697236355017495,55.66926680567002
720.0,24.0,30.0,1.9581594900350192,-0.037172097239069,2.0221409636720074,-0.06398147363698814,0.7738744338077893,0.8986143248227443,0.20607348792346405,0.13848084252384224,0.18084668024188927,0.08424191748222189,0.01639714198204684,0.009873841315771731,0.00914856569435435,0.009432154205547445,0.007710138231009835,54.80310689549638,20.870650168774514,15.136891087670698,19.17342277287258,10.926122847370573,7.833829368417053e-289,3.459989115104974e-79,2.8153871437207256e-46,5.858972265189217e-69,3.5183503686137993e-26,15.764802798080233,24.3106295057503,24.3106295057503,24.3106295057503,51.07729291525964
721.0,25.0,1.0,-1.5180648252715618,0.21853136036641696,-1.5197467441239765,0.0016819188524146433,0.7771667683144671,-0.895109005279744,0.10977495384431182,0.1142733281056843,0.13631111212291536,0.0436080805518031,0.016740868616754053,0.009738773802292242,0.010097529777558246,0.010899366110873027,0.007656851801876359,-53.46849233282496,11.27194820137149,11.31695876348458,12.506333922202472,5.695301630510423,1.8294600949353598e-281,1.17115049396242e-27,7.477840942782339e-28,3.343797328559979e-33,1.667781613178807e-08,15.764802798080233,24.849498886853368,24.849498886853368,24.849498886853368,54.041308955480275
722.0,25.0,2.0,-1.3550509450169343,-0.16210420280258164,-1.3116372896823982,-0.043413655334536116,0.8258543579540034,-0.8850998680245945,0.10676930076962426,0.11133886456616457,0.13246571246838273,0.042707783498545704,0.01672964067304293,0.009768737747325243,0.01009054637757822,0.010921723117286286,0.0076916311518307615,-52.90608957613702,10.929692610374206,11.033977784747712,12.12864591473881,5.552500198658175,2.4903212114758534e-278,3.398293418105508e-26,1.227860196474446e-26,1.836910739699667e-31,3.707773616906027e-08,17.037502885000237,26.6972363550175,26.6972363550175,26.6972363550175,56.16692907316296
723.0,25.0,3.0,-1.104823216539185,-0.5228498099234163,-1.0289595595726801,-0.07586365696650477,0.8510167652500988,-0.8667150756118374,0.10301232130973152,0.107796520428383,0.12756765003315862,0.041328919286416674,0.016524220982146884,0.009836555770690782,0.010115966434114505,0.010910070243049309,0.0077130142256763125,-52.451191287519976,10.472397423564587,10.656077314062273,11.692651577053836,5.358335674895344,8.78420145672644e-276,2.706746048212376e-24,4.7446800849025815e-25,1.6804700504892758e-29,1.0677273898655135e-07,17.128030665744177,27.267543296076422,27.267543296076422,27.267543296076422,58.11943896084756
724.0,25.0,4.0,-1.228500243711899,-0.13255132424035754,-1.1977936597540106,-0.03070658395788839,0.8855866072486321,-0.8366792147158454,0.09827799147164615,0.10370649386944955,0.12132637396766055,0.039484441955303054,0.01590581842406444,0.009988128239398288,0.010320030956904917,0.01093282178453748,0.0077363567754151095,-52.602085124397355,9.83948034267196,10.049048719186418,11.097443675452114,5.103751429972597,1.2515393979709608e-276,9.126185606313708e-22,1.370397646131336e-22,6.585008215456943e-27,4.0637919976015015e-07,16.7812532875001,25.782404695040256,25.782404695040256,25.782404695040256,58.51196160871027
725.0,25.0,5.0,-1.1670704378562273,-0.12473937500566556,-1.1535813462368991,-0.013489091619328208,0.9177813970099022,-0.7992312283791383,0.09262439233949984,0.10011037827260211,0.11484697740128409,0.037032079995236555,0.014939906051924863,0.010020200222424266,0.010595078664340927,0.010789916863033717,0.007764431340693416,-53.49640256112354,9.24376661977424,9.448762151199142,10.643916802987624,4.7694516662348825,1.2800983251132126e-281,1.6816514144358619e-19,2.876564258190831e-20,5.328229614011678e-25,2.154415811200675e-06,16.781253287500142,26.196805089280375,26.196805089280375,26.196805089280375,57.16082993923908
726.0,25.0,6.0,-1.0869618485389252,0.15056266341113966,-1.1203422910658873,0.03338044252696215,0.945531311093255,-0.7562192569500296,0.08798250330370848,0.09843909550681602,0.11023968064488944,0.034119754080479375,0.014133795702676042,0.010169458804646914,0.011047204683531516,0.010724876875158761,0.007870416891331484,-53.50432911711393,8.65164066189098,8.910769586225092,10.278876105349932,4.335190187708994,1.1566664643757474e-281,2.312585570239676e-17,2.7699025458700284e-18,1.6530981846728428e-23,1.620855239441922e-05,16.781253287500135,26.196805089280417,26.196805089280417,26.196805089280417,51.73840948064027
727.0,25.0,7.0,-0.8522767837583732,-0.3280589001687294,-0.8582164422644665,0.005939658506093237,0.9570554464747915,-0.7080472225775013,0.08527282676685327,0.09845857422080559,0.10705590044138412,0.030575375943179193,0.013608184173374416,0.010357614967291843,0.011434299048561325,0.010661754204274641,0.00791673149330615,-52.03098470425295,8.232863167450716,8.610809792769391,10.041115035128268,3.8621211252436254,2.0270805644660927e-273,6.39838847659189e-16,3.215769629716724e-17,1.4732169588703238e-22,0.00012046608806471751,16.78125328750014,26.196805089280414,26.196805089280414,26.196805089280414,51.05623637017922
728.0,25.0,8.0,-0.8555179823801862,-0.07001605365499253,-0.9130651436125923,0.05754716123240611,0.9573166660283057,-0.6563110604282236,0.08459578541859519,0.09845719986644588,0.10232600386261724,0.02675116870131566,0.0132374994525894,0.010652138402156619,0.011554511693977998,0.01068834696173226,0.007995826968111243,-49.5796855575954,7.941671636698603,8.521104350758499,9.573604246660166,3.3456412711285526,1.92244341694588e-259,5.936963990532587e-15,6.60554032049369e-17,9.666797848913049e-21,0.000854927034522807,16.78125328750014,26.196805089280414,26.196805089280414,26.196805089280414,51.05623637017926
729.0,25.0,9.0,-0.7467348297897385,-0.1868253950800398,-0.7669485512573397,0.020213721467601253,0.9489162055953655,-0.6009584082838455,0.08527541465599098,0.09761031620982329,0.09545610639199413,0.022200727304002386,0.012813741645300573,0.011070579324068146,0.011589104342780435,0.010992018739881513,0.008157231868360407,-46.89952590890939,7.7028863765599676,8.422593612303675,8.68412878934221,2.7216006192140645,8.657807584645389e-244,3.508067726539101e-14,1.445786232160298e-16,1.7773379945883712e-17,0.006622279110320152,16.78125328750014,26.196805089280414,26.196805089280414,26.196805089280414,51.05623637017926
730.0,25.0,10.0,-0.6054010192296847,-0.374758861160738,-0.6038906322120412,-0.0015103870176434997,0.9500422914633272,-0.537893034377374,0.08568671387067614,0.09724856103327637,0.08812855956512305,0.01664233579228631,0.012313490150577,0.011438061307929076,0.011892685915328107,0.01175933031607291,0.008439224189326909,-43.68323097673236,7.491366898975836,8.177173913920972,7.494351905794075,1.972022003318016,1.670818544334511e-224,1.6286259869150057e-13,9.84801662194426e-16,1.5941221872212854e-13,0.04891327727694284,16.78125328750014,26.196805089280414,26.196805089280414,26.196805089280414,51.05623637017926
731.0,25.0,11.0,-0.6975410480915729,0.37394245006209315,-0.6989688394758141,0.001427791384241206,0.961663182472107,-0.465348001633581,0.08397375585520181,0.09603535837034421,0.0812737947909295,0.011300514406260207,0.01198283277073014,0.012113565925983815,0.01218195967827501,0.012625737618824672,0.008729522029465123,-38.834556948025096,6.932207771707966,7.883407998929037,6.437152208022462,1.2945169699001968,1.8100972592802884e-194,7.904745853538371e-12,9.196853345269272e-15,1.9783804276639062e-10,0.19581931112237802,16.78125328750014,26.196805089280417,26.196805089280417,26.196805089280417,51.05623637017926
732.0,25.0,12.0,-0.6197315470989397,0.34439701518006627,-0.6343004388877518,0.014568891788812044,0.9682437704498427,-0.3863393308944212,0.08167453846949327,0.09475232564089327,0.07670705088140922,0.006942834009076269,0.011767314584742413,0.01326543719399341,0.012142320572446276,0.013166747695266146,0.009026642952041305,-32.83156306497929,6.15694283385364,7.803477521085066,5.82581611319155,0.7691490674842968,5.308351573233293e-156,1.1165411064753002e-09,1.6690978543691086e-14,7.91178352695162e-09,0.442006845559929,16.78125328750014,26.196805089280414,26.196805089280414,26.196805089280414,51.05623637017926
733.0,25.0,13.0,-0.41437668751899975,0.1966374291563518,-0.4323291589177272,0.017952471398727465,0.9704802526954031,-0.3052335883716929,0.08050161989740545,0.09362507483889608,0.07352225786838343,0.0027120328942077873,0.011444540332660274,0.014000512964016196,0.011926642021299482,0.01368908628227822,0.009262117510589408,-26.67067260889644,5.749905028787795,7.850078393540569,5.370866714717457,0.29280916497843085,6.443612729868152e-116,1.2229986643528712e-08,1.1798911413634933e-14,9.982711534624223e-08,0.7697355915228568,16.78125328750014,26.196805089280417,26.196805089280417,26.196805089280417,51.05623637017926
734.0,25.0,14.0,-0.40088811296404064,0.24754669831892323,-0.38002697999400975,-0.020861132970030893,0.9781942065992383,-0.22297490502657982,0.08138695046948088,0.09219315595514416,0.07025985003700738,-0.000917814451009963,0.011076317570127696,0.01381976981640149,0.012020665958159331,0.01372568388521064,0.009367456381444162,-20.130779351066334,5.889168311102385,7.669554771428094,5.1188596957789505,-0.097979047207313,1.092032242513077e-74,5.479673927304481e-09,4.478980054301231e-14,3.759905181670096e-07,0.921970771449705,16.78125328750014,26.196805089280417,26.196805089280417,26.196805089280417,51.05623637017927
735.0,25.0,15.0,-0.34004734395882436,0.5357029852233048,-0.3303122768723589,-0.009735067086465432,0.9852181456105925,-0.13970633593838577,0.08474010338220753,0.09136425008187238,0.06932759129188758,-0.002627888153094454,0.010827713061425796,0.01376306739080947,0.012434685215465884,0.01298990831296425,0.009376800814400617,-12.902663299796496,6.157065207629095,7.347532205176879,5.337034690437108,-0.2802542365044824,4.5611042400265576e-35,1.1157139323241227e-09,4.531042061671588e-13,1.196682222587644e-07,0.7793469332386009,16.781253287500142,26.196805089280417,26.196805089280417,26.196805089280417,51.056236370179256
736.0,25.0,16.0,-0.2714366809046035,0.3146914460239262,-0.23569989646435052,-0.03573678444025297,0.988790904115284,-0.053497511244293416,0.08894089898223496,0.09130054703997637,0.07150304604840728,-0.0024073276083360225,0.010808748933885615,0.014080244315261656,0.012668581689415212,0.012457560794827656,0.009346898466410711,-4.949463769722488,6.316715604560315,7.206848349587494,5.739730853097273,-0.2575536277608092,8.884086643144115e-07,4.196682944189555e-10,1.21261756757124e-12,1.2960217443508325e-08,0.7968103626080263,16.78125328750014,26.196805089280414,26.196805089280414,26.196805089280414,51.056236370179256
737.0,25.0,17.0,0.23924874929533435,-0.45119305552372013,0.2520268704196429,-0.012778121124308539,0.9899283205559456,0.03763311297623162,0.0914566655322478,0.0911585480937209,0.07424006983848094,-0.0006638077563974488,0.010784582708249658,0.013849448315822422,0.012281479421364599,0.011965916184218524,0.00930999069399845,3.489528894562068,6.60363239362844,7.422440323854098,6.204294656216452,-0.07130058216120053,0.0005073744610300207,6.855631975434283e-11,2.6649237708894646e-13,8.373678702932616e-10,0.9431743900112437,16.78125328750014,26.196805089280414,26.196805089280414,26.196805089280414,51.05623637017926
738.0,25.0,18.0,0.09791397354894206,0.02845949136854528,0.13619211248640764,-0.03827813893746558,0.9906170907238799,0.1317065915933184,0.08890630170628089,0.09030110998349024,0.07702335595964803,0.003062471299454965,0.01072288957183188,0.012613724148155016,0.011577842421767822,0.011502965737742996,0.009148171224337935,12.282751837648355,7.048378469516874,7.79947650813701,6.69595630515725,0.33476322473146536,3.6198615206462226e-32,3.6042660376713634e-12,1.7194124378279768e-14,3.7706665730399394e-11,0.737881792472413,16.78125328750014,26.196805089280414,26.196805089280414,26.196805089280414,51.05623637017927
739.0,25.0,19.0,0.29189570535828574,0.10756508674015369,0.2574504481817898,0.034445257176495936,0.9895221596513486,0.22558995834246987,0.08503324922173972,0.09090499292855686,0.08225348371607503,0.00996203029073904,0.010896312967732719,0.012062731383649149,0.011138310462820726,0.010892015692621597,0.008765428985072096,20.703329558402924,7.049253317287742,8.161470559829914,7.551722843347966,1.1365137185761027,3.6441126853515044e-78,3.5828601866008576e-12,1.111645413345882e-15,1.054804535495177e-13,0.2560444831809463,16.78125328750014,26.196805089280417,26.196805089280417,26.196805089280417,51.05623637017926
740.0,25.0,20.0,0.4425190917034727,0.08507813783532059,0.4227033633882394,0.019815728315233316,0.9859758494068298,0.3185426989287397,0.0817672041917554,0.0941909233420517,0.09050867631899229,0.02010983313374999,0.011366388553747666,0.011995959010292698,0.010836385814976687,0.01019267336181174,0.008261358906822221,28.024970061727434,6.816229041929704,8.692097619104045,8.879777964640322,2.4342040287274425,1.0424089421779617e-124,1.7120757517472577e-11,1.6659943097687845e-17,3.57980843850917e-18,0.015118332180601803,16.78125328750014,26.196805089280414,26.196805089280414,26.196805089280414,51.05623637017926
741.0,25.0,21.0,0.731422344881316,-0.30668141707967855,0.7102542652678143,0.021168079613501645,0.9783834818853844,0.4074446982892782,0.08085948612928237,0.09849108016397169,0.10048690868723706,0.031104485772724497,0.01206974331897302,0.011770550128607385,0.010409441166513175,0.009779155836896803,0.007875306618464889,33.75752802040089,6.869643750359622,9.461706789872084,10.275621982431188,3.94962218992149,5.295375064007232e-162,1.2010205393013453e-11,2.5703869607184676e-20,1.703791677532964e-23,8.439785197750932e-05,16.78125328750014,26.196805089280414,26.196805089280414,26.196805089280414,51.05623637017926
742.0,25.0,22.0,0.6404584892499467,0.06603865791082131,0.6296165452136413,0.010841944036305451,0.9653821474285739,0.4890685223064383,0.08403135303154519,0.10248038733833027,0.11216519744248021,0.041177936812639,0.01275145363563909,0.011246437507381137,0.009894163097348151,0.009567642549290708,0.0076874295956587055,38.353942717521925,7.47181967413189,10.35766100983288,11.723389211566596,5.356528642017518,1.9577575639375317e-191,1.873452483846731e-13,7.938322938658172e-24,1.2269960852193483e-29,1.0781220347954983e-07,16.78125328750014,26.196805089280414,26.196805089280414,26.196805089280414,51.056236370179256
743.0,25.0,23.0,0.8206889346708396,0.15470265839517872,0.7942747664446241,0.02641416822621545,0.9522999379030039,0.5634595338855369,0.09269826705699415,0.1048210224861153,0.12236639875149971,0.05000450363896189,0.013282393353705848,0.010697000698337811,0.009479126211398806,0.009578465189430058,0.007698091484039932,42.42153645663033,8.66581854775408,11.058089126407696,12.775157223156418,6.495701401137376,8.547859498450328e-217,2.0618078305461322e-17,9.693579045555769e-27,1.834252919621076e-34,1.366479952746524e-10,16.78125328750014,26.196805089280417,26.196805089280417,26.196805089280417,51.05623637017926
744.0,25.0,24.0,1.1053906778866351,-0.25118362144730555,1.1345710661779,-0.029180388291264903,0.9402629561670605,0.6298409527592014,0.10572917227449283,0.10525245053078641,0.13047224338103175,0.05790822903750398,0.0137617639281835,0.010409922088617697,0.009215868528446048,0.009641240520310628,0.0077679414847703614,45.767458012363825,10.156576713489342,11.420784726465035,13.532723626816864,7.45477153130433,4.61564635257271e-237,5.1179514015045326e-23,2.6434580416808218e-28,4.110579059611866e-38,2.1163026975829526e-13,16.78125328750014,26.196805089280414,26.196805089280414,26.196805089280414,51.05623637017923
745.0,25.0,25.0,1.126213709850636,-0.15859860890719646,1.1904399100671446,-0.0642262002165086,0.9260187688104367,0.6862257296884269,0.12272567006033187,0.10620281780317795,0.1403649328127562,0.06506984486804233,0.014362527605600058,0.01045173925976888,0.009049024805672344,0.009649888152484703,0.007799068699416881,47.77889717829766,11.74212894237908,11.736382658229111,14.54575748389522,8.343283970932,5.740670585929477e-249,1.012612700431646e-29,1.0740561590682208e-29,3.337667601226452e-43,2.7015385633547e-16,16.78125328750014,26.196805089280414,26.196805089280414,26.196805089280414,51.73840948064027
746.0,25.0,26.0,1.364773798425788,-0.004252191767284419,1.3443766712139582,0.020397127211829735,0.9078272071761861,0.7380766418129673,0.14562254567210045,0.11049600916559002,0.15344691807361022,0.07143191833680353,0.015167634680343817,0.010504598393737442,0.008987401499635091,0.009656403566972166,0.007769068597581433,48.661288155196836,13.862742792615153,12.294544665671875,15.890690256406153,9.194399230692955,4.020782043721546e-254,9.57508170090656e-40,3.194882678355554e-32,2.674185474317547e-50,2.560905140785892e-19,16.78125328750014,26.196805089280375,26.196805089280375,26.196805089280375,57.16082993923909
747.0,25.0,27.0,1.480867821669916,0.07389566501945599,1.4795946654627612,0.0012731562071548463,0.8797803991288677,0.7921969105951534,0.16993028293725065,0.11798179515629288,0.1653079085300427,0.07582995853111045,0.016121566952022017,0.010369115712488093,0.009165146036333654,0.009676912923031068,0.007776220081909808,49.13895237061889,16.38811714026822,12.872876731977236,17.082711175028727,9.7515190841264,6.783017163009557e-257,5.172428970746016e-53,6.318658908118512e-35,7.098130613026429e-57,2.0037652945621194e-21,16.781253287500096,25.78240469504025,25.78240469504025,25.78240469504025,58.51196160871028
748.0,25.0,28.0,1.5550510875188135,0.12913569796067814,1.516914845852012,0.03813624166680141,0.8385312244214691,0.8419430228572309,0.1887004122224604,0.1276473084673457,0.17438754720604044,0.07902307030787988,0.016761065657302746,0.010138380165336285,0.00926329598048476,0.009618320969774167,0.007776737240974966,50.23206996927423,18.612481396943284,13.779901747311516,18.130768119930497,10.161468474402612,3.405509337956449e-263,1.1785973590605668e-65,2.4738483598116907e-39,7.478972623559263e-63,4.8927438700593194e-23,17.128030665744177,27.267543296076422,27.267543296076422,27.267543296076422,58.11943896084757
749.0,25.0,29.0,1.6136396610036752,0.6520891586299842,1.4521732681546835,0.16146639284899167,0.8215992652603478,0.8755023568160167,0.20048846558520686,0.1355691804740406,0.18042215560410282,0.08131754023931578,0.01690877169346674,0.010055615110104258,0.009344244464762768,0.009584167724216447,0.00777034697505353,51.77799858485853,19.937961366853486,14.508308401527081,18.82502067949288,10.465110567183595,5.423154533191545e-272,1.588328471416299e-73,5.19622714478872e-43,6.67718328256853e-67,2.8989559870534345e-24,17.037502885000233,26.6972363550175,26.6972363550175,26.6972363550175,56.166929073162954
750.0,25.0,30.0,1.8486436381654108,0.553588979975965,1.6399631676187036,0.20868047054670713,0.7692430944211937,0.8947156166431843,0.2077579830701123,0.1415203401112957,0.18431038505901223,0.08287704566221833,0.016805784926748245,0.010007563191638107,0.009363764001996093,0.009543971851839767,0.007742740011278432,53.23854973409463,20.76009704777143,15.11361671237416,19.31170668986028,10.70383940846468,3.479997313004542e-280,1.640583792141929e-78,3.731958732320424e-46,8.853648135980809e-70,3.0055655987955303e-25,15.764802798080234,24.849498886853368,24.849498886853368,24.849498886853368,54.041308955480275
751.0,26.0,1.0,-1.4510897390968434,-0.15610948448395168,-1.4019182149364668,-0.04917152416037651,0.7298808899674243,-0.8910465183341335,0.11075724062160523,0.11675829083275245,0.13604740775695806,0.04403134994673279,0.01692797571270015,0.0098133094663692,0.010170859347738854,0.010713675777277776,0.007743097927460284,-52.63751162317826,11.286431045630115,11.479687884850133,12.698480949507152,5.686528875035803,7.923946800970379e-277,1.0138727696035163e-27,1.4609122527772864e-28,4.216411234525216e-34,1.752578825103784e-08,16.325446702958825,28.47897188504796,28.47897188504796,28.47897188504796,54.837732940190584
752.0,26.0,2.0,-1.1326745720937441,-0.7558749825542785,-0.9799796366781512,-0.15269493541559287,0.7917491517766522,-0.8784011393880888,0.10862888289407086,0.11462372616077912,0.1326749249445482,0.04300922662822938,0.017014114386006942,0.009963811025601777,0.010309061853226439,0.01082575230967579,0.0077576993600814576,-51.62779087170823,10.902342749671938,11.118734933664715,12.255492380512589,5.544069785630076,3.8316918121179523e-271,4.43290934397399e-26,5.33974572058009e-27,4.829730973590217e-32,3.884681311215881e-08,17.037502885000233,28.338937997954893,28.338937997954893,28.338937997954893,58.8742780308217
753.0,26.0,3.0,-1.355214448880348,0.12471015140904362,-1.4003211156902504,0.045106666809902496,0.8215349370269058,-0.8570780643177216,0.10449748795132445,0.11102131556499148,0.12707586112282865,0.042018135039928746,0.01677305125849002,0.010122938403091798,0.010439852226958864,0.01090273712445781,0.007818895978029662,-51.09851815923439,10.322841431042228,10.634376153170136,11.655409065835668,5.373921734986068,3.847674348137427e-268,1.0983838652961995e-23,5.835463333255428e-25,2.4579713498597033e-29,9.820140339938109e-08,17.128030665744177,27.227115112485304,27.227115112485304,27.227115112485304,59.667914419214995
754.0,26.0,4.0,-1.309279384984094,0.03975241557794007,-1.2539115684705748,-0.055367816513519186,0.8707157899920447,-0.8262999696578545,0.09846736210293433,0.10672563426203868,0.11944025479277728,0.04037097093571177,0.016112371238481325,0.010241030735768973,0.010600311489668602,0.01096261648955213,0.007843664439164287,-51.2835731890533,9.614985507173236,10.068160201335296,10.895232438953718,5.146952836755106,3.419115669340697e-269,6.7175655655868444e-21,1.1510103409788415e-22,4.749652461162021e-26,3.252211491031375e-07,16.781253287500096,25.782404695040206,25.782404695040206,25.782404695040206,61.02102575837883
755.0,26.0,5.0,-1.1537299954501183,0.045913360218844845,-1.171183378997748,0.017453383547629597,0.9202103015328702,-0.7889280806312583,0.09262240813839842,0.1039105478337222,0.11264482883833936,0.038268315161302385,0.015140376826846845,0.01023119208104643,0.010863921842653454,0.010946714535207316,0.007875717246673946,-52.10755912180037,9.052943919407399,9.564736320704476,10.29028650341123,4.859026036957303,7.507828063167831e-274,8.460545087284852e-19,1.0449282016198901e-20,1.486881493218209e-23,1.3914190252652482e-06,16.78125328750014,26.196805089280335,26.196805089280335,26.196805089280335,60.21823387247357
756.0,26.0,6.0,-1.0439131255090282,-0.2256333604312094,-1.0064313866270624,-0.03748173888196571,0.9520868343326815,-0.7476971216435945,0.08775103216858071,0.10243387388995398,0.10800522363075303,0.03553472708739058,0.014334195823632906,0.01030548262182435,0.011223523075902806,0.01089021595202542,0.007933092486298228,-52.16177669422237,8.514985216000142,9.12671299352359,9.917638374348824,4.479303266508612,3.717837105495149e-274,6.936417200048711e-17,4.545146300335156e-19,4.516241089946471e-22,8.45321071076947e-06,16.78125328750014,26.196805089280378,26.196805089280378,26.196805089280378,57.16082993923908
757.0,26.0,7.0,-1.0541581792377435,-0.15917174868442296,-1.0219478721007467,-0.032210307136996796,0.9631219374018125,-0.7020627837289748,0.08417401822777729,0.10134172931242791,0.1054598070585294,0.032146830446599856,0.013797349455338948,0.010477957587936588,0.011567730428027806,0.01080149192089518,0.008054303442945408,-50.88388795264647,8.03343757801501,8.76072708842557,9.763448219085403,3.99126140135142,6.40956976696467e-267,2.9635638939885254e-15,9.524141952679517e-18,1.801636252399441e-21,7.10790387728177e-05,16.78125328750014,26.196805089280378,26.196805089280378,26.196805089280378,52.5344028696749
758.0,26.0,8.0,-0.7425435163322245,-0.32579556668349013,-0.7440323961840091,0.0014888798517845858,0.9632962571684046,-0.6513477128100996,0.08217727530164405,0.09996015971346915,0.1020846134553981,0.028718982742350286,0.013383216012025034,0.010869252094065354,0.011762256379545668,0.010898503680865349,0.008181426041381773,-48.668997961689726,7.560527126472032,8.49838300475221,9.366846719942798,3.510266131734156,3.626241116333842e-254,9.89796334470003e-14,7.918879932784561e-17,5.846893430246499e-20,0.00046989639061574806,16.78125328750014,26.196805089280378,26.196805089280378,26.196805089280378,50.71920913632039
759.0,26.0,9.0,-0.7424204179556665,-0.23263400752561825,-0.7140726434816783,-0.028347774473988174,0.9574581494128546,-0.5967435411172215,0.08122658428644788,0.0987706292209928,0.09719585582029235,0.024627548378868803,0.012915786848801321,0.01131936192289309,0.011956496928238853,0.011150880033019664,0.008325421123099691,-46.202647047601566,7.17589779704538,8.260833404114909,8.716429154692616,2.95811443225824,1.1757904686025593e-239,1.5025572239772041e-12,5.147662102840718e-16,1.3669562503080738e-17,0.003176360613768958,16.78125328750014,26.196805089280375,26.196805089280375,26.196805089280375,50.71920913632039
760.0,26.0,10.0,-0.70873800355648,-0.021773176498645852,-0.6988677514296479,-0.009870252126832124,0.9576345958646604,-0.5343468667434181,0.08046819402783603,0.0977542244196845,0.09154209517869555,0.01933499937352801,0.012499485838702197,0.011641872083667985,0.012244719337215057,0.011761338127571389,0.008568276318197284,-42.749507750864296,6.911963423882859,7.983378118156014,7.783306132836959,2.2565798131958448,8.325736071448183e-219,9.053680052539097e-12,4.332943711771409e-15,1.938440592209182e-14,0.024273789025561907,16.78125328750014,26.196805089280375,26.196805089280375,26.196805089280375,50.71920913632039
761.0,26.0,11.0,-0.5803986881365141,-0.08822101953012829,-0.5814968187657987,0.0010981306292846549,0.9627576709540552,-0.4630413543019404,0.07883180232410772,0.09590920602577592,0.08621653478404556,0.013755318926202971,0.01231458353181522,0.012163757704806627,0.012309072347307829,0.012396898015927395,0.00887318575926068,-37.60105675564703,6.480875748861437,7.791749314622612,6.954686137877034,1.5502119869232933,1.1563514124895439e-186,1.50112316299232e-10,1.8208527238399706e-14,6.796307383723799e-12,0.12144258700500171,16.78125328750014,26.196805089280375,26.196805089280375,26.196805089280375,50.71920913632039
762.0,26.0,12.0,-0.4045498540375909,-0.45149167953947417,-0.3467843883385244,-0.05776546569906654,0.9620241574997269,-0.38623523497041967,0.07760798487555881,0.09408045395122656,0.08218014288705383,0.008946911482807277,0.012172322876991857,0.013202981399196496,0.012080322431589555,0.012849497506797125,0.009155229395424017,-31.730610408016872,5.878065152790556,7.787909179080351,6.395591955528393,0.977246019338318,7.5867934967513474e-149,5.845496269352592e-09,1.8734360587536083e-14,2.568133241911981e-10,0.32871026169092266,16.78125328750014,26.196805089280375,26.196805089280375,26.196805089280375,50.71920913632039
763.0,26.0,13.0,-0.24347656416475177,-0.4038070036200758,-0.2513920955158711,0.007915531351119331,0.9600399613650503,-0.3073828503217607,0.0774135711674649,0.09264344434327226,0.07847811398335064,0.004110124648503286,0.011833216692807921,0.013969895584599538,0.01198813705493787,0.013399625982787813,0.009450647462693917,-25.97627156684996,5.541456677228561,7.72792669275605,5.856739142134111,0.4349040279756336,1.988329006090307e-111,3.941161456079688e-08,2.9180745613458604e-14,6.616060088226459e-09,0.6637364677990587,16.78125328750014,26.196805089280375,26.196805089280375,26.196805089280375,50.71920913632039
764.0,26.0,14.0,-0.4682573666222667,0.6067971950677706,-0.4694396598742222,0.001182293251955513,0.9695513677122163,-0.22681154717759427,0.07905374151278734,0.09151251964279078,0.07447012580075307,-2.4004742177172363e-05,0.011327239563850258,0.01399669441446008,0.012158249024543344,0.013333364547784715,0.009666100037036343,-20.02354994781257,5.648029396935064,7.526784445528161,5.585246359526409,-0.0024833947595407145,4.845713109738734e-74,2.1769829961060993e-08,1.2626285319684235e-13,3.091937977871604e-08,0.9980190906431013,16.78125328750014,26.196805089280375,26.196805089280375,26.196805089280375,50.71920913632039
765.0,26.0,15.0,-0.20768004308017932,0.31418860351471056,-0.21654309666305113,0.008863053582871816,0.9816022151681894,-0.1434215460488676,0.08230127028885949,0.09105144761136921,0.07212209784767755,-0.0021755110316450596,0.010933527681338798,0.01381348156218065,0.012491603712718726,0.01294845317896752,0.009657269893731857,-13.117591158950244,5.958039609231367,7.289011859915334,5.569939270030121,-0.22527184759091134,4.2770944321506915e-36,3.661226396673216e-09,6.837441713275416e-13,3.3663151752774115e-08,0.821818996036181,16.78125328750014,26.196805089280375,26.196805089280375,26.196805089280375,50.71920913632039
766.0,26.0,16.0,-0.12838506201814462,0.2262962431207963,-0.1280884269116986,-0.0002966351064460082,0.9874889595456092,-0.05675574024234655,0.08556213889271566,0.09108132067756011,0.0724424924161727,-0.0022293527399428934,0.01084376615037213,0.013831967675650066,0.012808595402859089,0.012723417666135042,0.00961744203650806,-5.2339509590400795,6.185825538281159,7.110953060257432,5.693634707047887,-0.23180308563131571,2.0661774890924317e-07,9.370319690294077e-10,2.350093876827279e-12,1.683580777758625e-08,0.8167437123777435,16.78125328750014,26.196805089280375,26.196805089280375,26.196805089280375,50.71920913632039
767.0,26.0,17.0,0.014451278920080666,0.08677417001443835,0.0022392584317315616,0.012212020488349105,0.9892984898121466,0.03463157291115484,0.08692765041905887,0.09108735581698899,0.07434057640468542,-0.00041229713330988505,0.010839707624285754,0.013388661911790794,0.01236198773103444,0.012222282075798858,0.009585123266229623,3.194880721096642,6.492631675351036,7.3683421953507215,6.082381010653156,-0.04301427554536449,0.0014476281342687338,1.3933507584457334e-10,3.911648265452092e-13,1.7496231670439128e-09,0.9656997056882936,16.78125328750014,26.19680508928037,26.19680508928037,26.19680508928037,50.71920913632039
768.0,26.0,18.0,0.2236392612857715,-0.018699157261319155,0.2230731221405619,0.0005661391452095876,0.989961469719812,0.1285463765810014,0.0845358808481673,0.09064992898011674,0.07720141974542372,0.0033723056224755628,0.010853371034303928,0.012518407169736118,0.011567228671313648,0.0115687067472398,0.009458721179730864,11.843912474263405,6.752926287022926,7.8367888762263025,6.673297321141221,0.35652870598428166,3.554608021904147e-30,2.598095685176958e-11,1.3028007803284615e-14,4.3694578206462594e-11,0.721528317414176,16.78125328750014,26.19680508928037,26.19680508928037,26.19680508928037,50.71920913632039
769.0,26.0,19.0,0.2814512816650371,0.12806400339410093,0.25349194775278133,0.027959333912255746,0.9888301428672293,0.22278923430123898,0.07988328235711678,0.09111541677419799,0.08129092325501591,0.010557861565070013,0.011151529719646768,0.011901802709681367,0.011146142096626484,0.010897283456638504,0.009077788247020074,19.978356324399947,6.711864102077306,8.174614676927112,7.459742015382227,1.1630433843327197,9.072084805336009e-74,3.399132315249189e-11,1.0044534298746354e-15,2.0424661663914737e-13,0.24512051718442,16.78125328750014,26.19680508928037,26.19680508928037,26.19680508928037,50.71920913632039
770.0,26.0,20.0,0.43415394361199533,-0.06593812021308487,0.4328354293420417,0.0013185142699536079,0.9850710900658269,0.31385209076045567,0.07696390599910674,0.09520232568107659,0.08782722213567973,0.020928019940802168,0.011747207057780292,0.011857394385113339,0.010867398104339593,0.01039348009728042,0.008543490076573167,26.71716683095224,6.490794140720578,8.760360554294978,8.45022276596852,2.4495867324980254,3.221273601824477e-116,1.4096823610756276e-10,9.552719068308946e-18,1.1615014949354885e-16,0.014491868912728115,16.78125328750014,26.19680508928037,26.19680508928037,26.19680508928037,50.71920913632039
771.0,26.0,21.0,0.4104402420224431,0.4122300916311776,0.39119808811479156,0.01924215390765155,0.976312851358364,0.40173722137177137,0.07729377591971835,0.10019427979070514,0.09815420475240182,0.03158289984635282,0.012448965470754709,0.011783448807337287,0.01067723106719946,0.010029372674794382,0.008108843596043067,32.270731436723665,6.559520661861684,9.3839197784623,9.786674394808461,3.894871009938404,2.330814666761124e-152,9.099006172596261e-11,5.0454186090283316e-20,1.4642894620651741e-21,0.00010553023419888999,16.78125328750014,26.19680508928037,26.19680508928037,26.19680508928037,50.71920913632039
772.0,26.0,22.0,0.6655285912201159,0.3556594523904908,0.5892374690878518,0.07629112213226408,0.9586638182494597,0.48682689922910516,0.08086362858896698,0.10396348430670048,0.10974552818641754,0.04113869492018001,0.013098977324643934,0.01138581313181419,0.01028299921332779,0.009746800850093534,0.00785229347116423,37.1652600934889,7.102139096505824,10.110229724801831,11.259646100737186,5.239067422944972,6.835703695512087e-184,2.496500743005611e-12,7.832495851147423e-23,1.323625201465557e-27,2.011364897866938e-07,16.78125328750014,26.19680508928037,26.19680508928037,26.19680508928037,50.71920913632039
773.0,26.0,23.0,0.9892742910378826,-0.33147594003435554,1.0204467489871907,-0.03117245794930812,0.9329749957350105,0.5644829524391519,0.08917163957508391,0.10619104094821984,0.12012379511264319,0.04941584168389636,0.013707352406312772,0.010904074475677086,0.00978418986343092,0.009617761191204539,0.00778549845738477,41.18103450664808,8.177827451013151,10.853329956843554,12.489787667268827,6.347164790331955,3.8591392677864323e-209,9.798444267219746e-16,7.128534229085742e-26,3.992440392953469e-33,3.474095241228993e-10,16.78125328750014,26.19680508928037,26.19680508928037,26.19680508928037,50.71920913632039
774.0,26.0,24.0,0.9099101465272178,0.49134473323021444,0.8010141517362489,0.1088959947909689,0.9086363345074602,0.6323879178982372,0.10298219211628196,0.10704491713323874,0.12891706870353278,0.05749420857510248,0.014348897009882995,0.01059763114660219,0.00938422894961584,0.009674644605439481,0.007777040094460514,44.0722319954399,9.71747277213928,11.406895303595594,13.325251103389403,7.3928137024849425,7.279963275341005e-227,2.7126948830916977e-21,3.039214442791925e-28,4.238860802971139e-37,3.2892154557294513e-13,16.78125328750014,26.196805089280375,26.196805089280375,26.196805089280375,52.53440286967489
775.0,26.0,25.0,1.1024199499913745,0.2402909577443748,1.0202475784535472,0.0821723715378273,0.9017649151515471,0.6889829593837095,0.1212409319953031,0.10881410920779522,0.13963226611307633,0.06502009358496912,0.015105408835077936,0.0106066857977378,0.009097817583609495,0.009680326780118837,0.007775012599800365,45.61167240861076,11.430614077505853,11.960462848126703,14.424333938793147,8.36269944908367,3.937183489045834e-236,2.3947593748863304e-28,1.0634871603848237e-30,1.3985176772209984e-42,2.3192169381129865e-16,16.78125328750014,26.196805089280375,26.196805089280375,26.196805089280375,57.160829939239086
776.0,26.0,26.0,1.2782557769263447,-0.1836095369937314,1.3670808706674067,-0.08882509374106196,0.9038073089107919,0.7394868753756187,0.1452907433530537,0.11404259289373751,0.15375308418673814,0.07069104854290591,0.015949413795441635,0.01061818097266768,0.009085367104221254,0.009706417315119753,0.007789186472043946,46.364517521450544,13.683204658787359,12.552337355829124,15.840353777828602,9.075536809475818,1.2824882015775914e-240,7.456711911146233e-39,2.0407586968815766e-33,5.002906377978117e-50,6.997466041762514e-19,16.78125328750014,26.196805089280335,26.196805089280335,26.196805089280335,60.218233872473576
777.0,26.0,27.0,1.357230828400921,0.32990729613312575,1.253594745094795,0.10363608330612584,0.8944360738458174,0.7901869582027031,0.1707948069333527,0.12273772500290381,0.1669715946207303,0.07475616574720576,0.01677230291432317,0.01043880214081538,0.009415447115685881,0.009744780752035926,0.007801902435838854,47.11260953484815,16.361533117439834,13.035782952720966,17.134463962757273,9.581786796487673,4.773328395262475e-245,7.241894852686994e-53,1.0562116955237114e-35,3.6314324794615964e-57,8.996412306230578e-21,16.781253287500096,25.78240469504021,25.78240469504021,25.78240469504021,61.02102575837883
778.0,26.0,28.0,1.6071322733432374,0.0016681914174059287,1.68109162783748,-0.07395935449424251,0.8595225899276168,0.8381888646909116,0.19061408551654624,0.1329315228433084,0.1769200219817362,0.07781086619968453,0.017235219741105735,0.010215661528263448,0.00956857532750306,0.009683998611218584,0.007811084113413052,48.632328295289675,18.659005585607787,13.892509416863957,18.26931509229879,9.961596248345236,5.926807624088044e-254,6.29472661964997e-66,6.801958023187001e-40,1.1781552284727402e-63,3.0347165043176733e-22,17.128030665744177,27.227115112485308,27.227115112485308,27.227115112485308,59.66791441921499
779.0,26.0,29.0,1.9682838960848277,-0.17878648031624822,2.0527917778546065,-0.08450788176977886,0.833753967964467,0.8727171244251392,0.20130565395411748,0.1402335054961178,0.1825244253789849,0.07994188202443923,0.017289781821118785,0.010102052391413041,0.00946866315858035,0.009597456424379824,0.007791551683758788,50.47588994785057,19.92720351809218,14.810275024837106,19.017999906238636,10.260072097201798,1.3676348933647027e-264,1.8436806561918808e-73,1.4354931965846912e-44,4.867593486802178e-68,1.9681404037740178e-23,17.037502885000233,28.338937997954897,28.338937997954897,28.338937997954897,58.874278030821706
780.0,26.0,30.0,1.9026316640660887,0.17300585179752215,1.8238770304321812,0.07875463363390756,0.7779576815856283,0.8910471662437008,0.206357946768789,0.14447835172508347,0.18520533895607114,0.08173504960549854,0.017056383411590756,0.010000006535705786,0.009304369843175023,0.009500667203039227,0.007790450215450683,52.241272064638565,20.635781189939447,15.528010403741828,19.49392974177905,10.491697828117127,1.3275509747079466e-274,9.409677030359315e-78,2.3788962149489375e-48,7.277577556571158e-71,2.2566094355339617e-24,16.325446702958825,28.478971885047965,28.478971885047965,28.478971885047965,54.837732940190584
781.0,27.0,1.0,-1.3430467539047952,-0.41506480510162325,-1.2255755907503691,-0.11747116315442607,0.7096585551856928,-0.8856713068633764,0.11220061198964386,0.11932756134004138,0.1362520060804648,0.04425245692200169,0.01687979571081816,0.010059033649648294,0.010440653055802579,0.01071839623834336,0.007830705045568598,-52.46931432326251,11.154213803983732,11.429128111265316,12.711976964710905,5.651145926769926,6.950202714000984e-276,3.7630037725173556e-27,2.4308081134077803e-28,3.642712526796232e-34,2.1392042213975515e-08,17.529134905113118,28.157918668787175,28.157918668787175,28.157918668787175,55.15990228842319
782.0,27.0,2.0,-1.4243248094008918,0.15797759002435496,-1.4487769209729748,0.024452111572083046,0.7478869924661149,-0.8704850298084401,0.10973014810466697,0.11765845618417518,0.1329580994297439,0.043587402880592985,0.01666482154041179,0.010174336835485314,0.01054346898381221,0.010742416540080376,0.007892993254661152,-52.2348845859246,10.784992661335737,11.15936854984073,12.376926451666815,5.522290653783689,1.442030077415845e-274,1.3787545057340895e-25,3.5762070250662825e-27,1.3321558936378405e-32,4.380504301213448e-08,20.209603036160093,29.204049471029336,29.204049471029336,29.204049471029336,57.34551506091013
783.0,27.0,3.0,-1.3035604275453188,0.14440835240701366,-1.3655427664581898,0.06198233891287108,0.7978290501657546,-0.8503936414888658,0.10520910543245643,0.11495670251468418,0.12771295802707236,0.04259490005030217,0.016982030620366052,0.010158493731072337,0.01052533161094002,0.01068617337257997,0.007951373506912284,-50.076086923846056,10.356762352537327,10.921907904089053,11.95123395197532,5.356923557077729,2.6735980740241566e-262,8.005216360455672e-24,3.6655377885851497e-26,1.1704764657489466e-30,1.0758420105381729e-07,17.12457043598628,31.09722671666669,31.09722671666669,31.09722671666669,59.01655140770404
784.0,27.0,4.0,-1.2665653318434953,0.32510177193629497,-1.3209985187730615,0.054433186929566224,0.8623207650464031,-0.8174110043751027,0.09928436969383964,0.11119282404516258,0.12010049416862564,0.041044795799137,0.016476030681188653,0.010261005805667274,0.010676874358210645,0.010809170299313994,0.007966134483530354,-49.61213171983066,9.675890607040072,10.414361011905507,11.110981772231662,5.152410605670213,1.2494541244507571e-259,3.9226557173568266e-21,4.669850981698313e-24,5.7634965541634265e-27,3.1615841110340356e-07,16.78125328750006,28.721764527943048,28.721764527943048,28.721764527943048,61.43367882665101
785.0,27.0,5.0,-0.9486749963951152,-0.18957438362069723,-0.9892278658413879,0.04055286944627268,0.9216832078362673,-0.781500889120267,0.09219108874582758,0.10690594511490178,0.11090182680449591,0.039197702292562045,0.015684299474168602,0.010332662209225584,0.010969517067806486,0.011076456548046757,0.008010617471993714,-49.82695531970471,8.922297746607276,9.74572941124738,10.012392169231463,4.893218585159374,7.230416747944066e-261,2.517372129569583e-18,2.109811337581003e-21,1.9136267555764878e-22,1.1753365329081332e-06,16.7812532875001,25.78240469504021,25.78240469504021,25.78240469504021,61.02102575837884
786.0,27.0,6.0,-1.0989281557684305,0.07104875483470785,-1.1077072625795819,0.00877910681115135,0.9479561352794512,-0.7432431177447789,0.08677278209784321,0.10449474790320668,0.10522711628970778,0.036726020441122914,0.014906705086650901,0.010336014878964846,0.011152295662080636,0.011080545041857877,0.008078072217540345,-49.859651306200476,8.395187421260129,9.369797131410659,9.496565005800864,4.546384267446602,4.68842860047219e-261,1.7954217151959004e-16,5.699898391627909e-20,1.897220226260837e-20,6.203919805942675e-06,16.781253287500096,25.78240469504025,25.78240469504025,25.78240469504025,58.51196160871028
787.0,27.0,7.0,-0.9001644537811408,-0.05381925549871447,-0.9114346379570113,0.011270184175870446,0.9547833601817487,-0.6985770740510155,0.08319177925810514,0.10306163209491269,0.10291362720643496,0.033496488121798916,0.014215855289098137,0.010546737506090212,0.011457754387257093,0.011072347144097593,0.008121795188455207,-49.14069958117403,7.887915974970086,8.994924189467193,9.294653235406892,4.124271462719569,6.62678359132984e-257,8.891494681064637e-15,1.3752774736660549e-18,1.0880138982520373e-19,4.063821498739106e-05,16.781253287500096,25.78240469504025,25.78240469504025,25.78240469504025,56.584529649879215
788.0,27.0,8.0,-0.7939562788702345,-0.15972178900875056,-0.7944867152297792,0.0005304363595447503,0.9597339046927262,-0.6477824080616453,0.08001296499993046,0.1009883796119641,0.10096486893741675,0.029805456882745215,0.01362684334450775,0.011023217548732877,0.011876990331986415,0.011105147925193806,0.008393800413802208,-47.5372316012374,7.258585312881536,8.502859460951829,9.091717608584194,3.550889396147078,1.5065244431165522e-247,8.459034070690652e-13,7.641197956395887e-17,6.106373097330304e-19,0.00040385814165596397,16.7812532875001,25.78240469504025,25.78240469504025,25.78240469504025,50.2858754591675
789.0,27.0,9.0,-0.6970461947201023,-0.3139464306018568,-0.6691762624437281,-0.027869932276374243,0.9637245127967965,-0.592382904607603,0.07752654261719046,0.09911705719670873,0.0982637626829138,0.026095955310459683,0.013108675085693251,0.011471121287282912,0.012116266682630925,0.01120591861403816,0.008494421291211581,-45.19014322462893,6.758410156741848,8.180494849853078,8.768916326039916,3.0721286849121596,1.3198279090030478e-233,2.5062335559433734e-11,9.598656528014984e-16,8.907248492136514e-18,0.0021893978087728894,16.7812532875001,25.78240469504025,25.78240469504025,25.78240469504025,50.28587545916751
790.0,27.0,10.0,-0.6859894170383203,-0.08041234937640285,-0.7102990928198286,0.024309675781508333,0.9659349466159708,-0.5308828047108103,0.07580932943570703,0.09757747281036061,0.09467640638306056,0.02161834609027694,0.012747853431206026,0.011772803019484978,0.012325866747094814,0.011574784288410035,0.008704135833061184,-41.644878298587834,6.4393610689175915,7.916479612548096,8.179539594345714,2.483686664006703,5.197110684231705e-212,1.951056465012461e-10,7.17617871382078e-15,9.66973865709986e-16,0.013184263907137596,16.7812532875001,25.78240469504025,25.78240469504025,25.78240469504025,50.28587545916751
791.0,27.0,11.0,-0.6618491703825247,-0.08503218322682338,-0.6145817127493982,-0.04726745763312645,0.9672259180483361,-0.46125184855222534,0.07499227170863246,0.09613948116552844,0.09128910867957982,0.01627113146632372,0.012627750620556339,0.012337611621160205,0.012384717228374155,0.012146506465994833,0.009043911543624454,-36.52684174815483,6.078345956361068,7.762751413109936,7.515667894727703,1.7991254544936506,8.083430506385853e-180,1.7924287639151478e-09,2.2568982658456586e-14,1.367793134580388e-13,0.07233410814328402,16.7812532875001,25.782404695040253,25.782404695040253,25.782404695040253,50.28587545916751
792.0,27.0,12.0,-0.4358031227474892,-0.1732174041981886,-0.4422175910894809,0.006414468341991664,0.9619803132808636,-0.3860921731568462,0.07474110810967072,0.09415715217982618,0.08856776777533398,0.010765750277147164,0.012533497904320942,0.013477666276498426,0.01223981890601593,0.01255373754560371,0.009327483953984875,-30.80482209389769,5.5455526629265135,7.692691607842946,7.0550915576811795,1.1541966011689395,8.096635468537887e-143,3.8529806642160485e-08,3.780631138275986e-14,3.443172399843583e-12,0.24872630407263382,16.7812532875001,25.78240469504025,25.78240469504025,25.78240469504025,50.28587545916751
793.0,27.0,13.0,-0.4477768737605544,0.30785515182223033,-0.5119611804389034,0.06418430667834896,0.9560978777020133,-0.30887572794807405,0.07489675480171085,0.09175211438451919,0.08499669174684192,0.005529186922899085,0.012163676842361039,0.014226670734608,0.012132667744275773,0.012932672064177177,0.009668379931975123,-25.393286253083286,5.264531400133971,7.56240229423641,6.5722451883921424,0.5718834966976255,1.1343808436970163e-107,1.7588471692234979e-07,9.764688606378636e-14,8.386909454671371e-11,0.5675438661635627,16.7812532875001,25.78240469504025,25.78240469504025,25.78240469504025,50.2858754591675
794.0,27.0,14.0,-0.3740055793317078,0.12677085643948244,-0.3918220331268861,0.017816453795178322,0.9641292556645812,-0.22925074900865022,0.07675310663278023,0.09050788333614793,0.08020422648121651,0.0013273904115748054,0.01154294042843157,0.014327612304941449,0.012307364178493952,0.012942417842926041,0.009942019358750855,-19.86068891458364,5.357006108150265,7.353961581335391,6.197004876106196,0.13351315901496924,4.6312885383461435e-73,1.0753659966737629e-07,4.3300338001694513e-13,8.754027587374325e-10,0.8938174384126523,16.7812532875001,25.78240469504025,25.78240469504025,25.78240469504025,50.2858754591675
795.0,27.0,15.0,-0.3473902877757714,0.023879891623291627,-0.28185957753114504,-0.06553071024462637,0.9797762601395391,-0.14577199546952666,0.07952129836696001,0.09053360013965836,0.07585094129263428,-0.0013418266815381137,0.011094414277422656,0.014165253344307207,0.0125630950240093,0.013089957394876325,0.009995436486237071,-13.139224101823512,5.613828177589098,7.206313409764061,5.7945903874617555,-0.1342439305562797,3.3655566808043614e-36,2.6366188935673056e-08,1.2171272989415692e-12,9.469874415919525e-09,0.8932397354626758,16.7812532875001,25.782404695040253,25.782404695040253,25.782404695040253,50.2858754591675
796.0,27.0,16.0,0.020688802008217832,-0.256706920822907,0.038849336474943506,-0.018160534466725674,0.9866669670166018,-0.05898997685006407,0.08206420585076879,0.09080213433359159,0.07421746441570504,-0.0018553194081445865,0.010935239745919064,0.014116500708853263,0.012707819710240296,0.013139736213921237,0.009985083889189762,-5.394484091862605,5.813353290826646,7.145374769553965,5.64832224996065,-0.18580909572059048,8.790827539349322e-08,8.501150564616366e-09,1.8548806275259873e-12,2.1734055765184126e-08,0.8526363863856359,16.7812532875001,25.782404695040245,25.782404695040245,25.782404695040245,50.2858754591675
797.0,27.0,17.0,-0.02579775856232123,0.2074216463272884,-0.05260457789336461,0.026806819331043383,0.9890244078160246,0.03208820134867281,0.08256011570862429,0.09094210189967783,0.07449201602248867,-0.00011498708635216418,0.010861161285473372,0.013978740363608962,0.0122601136425934,0.01282639080522869,0.009893969678433943,2.9543987521472737,5.906119833483288,7.417720956821467,5.807714512497307,-0.011621936400593941,0.0032144826053767854,4.963809600258498e-09,2.7559185445010613e-13,8.78165465021637e-09,0.9907298236275177,16.7812532875001,25.78240469504025,25.78240469504025,25.78240469504025,50.28587545916751
798.0,27.0,18.0,0.21257139727328753,-0.6078004139297535,0.23570942667351705,-0.02313802940022952,0.9895734030095491,0.12549604230358463,0.08017981481075409,0.09098728864992761,0.07690295259843286,0.00411513662094582,0.01094027060882559,0.01340174204125836,0.011620609908008235,0.012192141060690649,0.009678888339253726,11.47101811196024,5.98279048827488,7.8298204113387,6.307583894873058,0.4251662460301831,1.5943827950702533e-28,3.1641312092781556e-09,1.3722074734491858e-14,4.440688742475393e-10,0.6708172349879242,16.7812532875001,25.782404695040245,25.782404695040245,25.782404695040245,50.28587545916751
799.0,27.0,19.0,0.17634473662798772,0.2493028243396726,0.2085777169059703,-0.032232980277982576,0.9889148638667912,0.21880048911369154,0.0761951840404255,0.09231478468980789,0.08039333819535685,0.012176208520837657,0.011333238800503978,0.012324056125277922,0.011212571761270468,0.011516092227342819,0.009226309612075516,19.306086544647915,6.1826385133171575,8.233149954827843,6.980956439761556,1.319726849931556,9.561462485941706e-70,9.553643990840055e-10,6.384155023721232e-16,5.693218236588225e-12,0.18726219768296992,16.7812532875001,25.78240469504025,25.78240469504025,25.78240469504025,50.28587545916751
800.0,27.0,20.0,0.43232476845332557,-0.2757300224951328,0.44861776521012015,-0.016292996756794575,0.985683587845433,0.30860299338262165,0.07474348498095384,0.09693055825698875,0.08578581612567338,0.022159406365822972,0.011978994339402051,0.011826341101736918,0.010919981464280097,0.011077288482826573,0.008663861497828685,25.76201178821377,6.32008533645088,8.876439815768398,7.744297375541812,2.5576824342559616,4.791596938300666e-110,4.109994135195689e-10,3.679929173106006e-18,2.5863937652487334e-14,0.010700254031840113,16.7812532875001,25.782404695040245,25.782404695040245,25.782404695040245,50.28587545916751
801.0,27.0,21.0,0.7486293722234963,-0.6341082319885273,0.7825882953884565,-0.033958923164960186,0.9767071558442953,0.3957510313577705,0.07653576647430888,0.10258300861168602,0.09522350268391641,0.03212245092240287,0.01263088380031291,0.011708758818530767,0.010786360589744344,0.010811573276260037,0.00821718147497499,31.332014260788814,6.53662507363122,9.510437534345161,8.807552818700993,3.9091811493065074,2.9821670077398077e-146,1.0532366924491976e-10,1.680837239811905e-20,6.489853198956031e-18,9.956934504990294e-05,16.7812532875001,25.78240469504025,25.78240469504025,25.78240469504025,50.28587545916751
802.0,27.0,22.0,0.8460258391727512,-0.2998978736610728,0.8593345554749733,-0.013308716302222079,0.9534469788297206,0.4827891914165414,0.08096672231322963,0.10660008164772902,0.10505175557231566,0.0412037916977455,0.013267101908394247,0.011383657137293517,0.010652827909254302,0.010463931371917356,0.007947472176069599,36.389951230500095,7.112540489995784,10.006740234217398,10.039415573218399,5.18451537607304,6.0638290828398946e-179,2.324637012340048e-12,2.0145548136389216e-22,1.496217208420811e-22,2.675917071824461e-07,16.7812532875001,25.782404695040245,25.782404695040245,25.782404695040245,50.28587545916751
803.0,27.0,23.0,0.8455884657673317,-0.402881355805219,0.9354065728609848,-0.08981810709365312,0.903306098046602,0.5649179345466384,0.08860644950399059,0.10841876409930402,0.1147893561020105,0.04930633588292078,0.014045813499586656,0.01097507606210878,0.010339080657557268,0.009987848067551854,0.007835006825652205,40.219666490891605,8.073424639843955,10.48630605469319,11.492901706718374,6.293081420361928,3.698035452352778e-203,2.1848348585493013e-15,2.3742945918628422e-24,1.2785424941515948e-28,4.856982068604625e-10,16.7812532875001,25.78240469504025,25.78240469504025,25.78240469504025,50.28587545916751
804.0,27.0,24.0,0.9358450018484007,0.14754122073670317,0.9080422788177485,0.027802723030652232,0.8672286045285953,0.6336438744540811,0.10207071237142237,0.10974304221999812,0.12524594102871336,0.05826762526276094,0.014909635197516152,0.01072197506822157,0.00987442026246834,0.009853568322101165,0.00775003425834029,42.49895225871402,9.51976774073516,11.113871934043578,12.710719298286252,7.518370025275121,2.861523755408309e-217,1.5492431194640637e-20,5.6017650567862896e-27,3.6927165063604377e-34,1.3414636592510168e-13,16.7812532875001,25.782404695040245,25.782404695040245,25.782404695040245,56.58452964987921
805.0,27.0,25.0,1.0685246634558474,0.32621440307946514,0.9939812573224709,0.07454340613337651,0.8701851435900713,0.6917121582535999,0.12057104755398781,0.11317601073664865,0.1383810278222306,0.06485155714841143,0.0158111276864037,0.01068380874538115,0.009413935705222842,0.009841675750472297,0.0078032452745402485,43.748439198831896,11.285399282920839,12.022178000839618,14.060718045459868,8.310844381632275,6.708986579181504e-225,1.024347113579369e-27,5.594425145316584e-31,9.764107215964328e-41,3.4837763440099103e-16,16.7812532875001,25.78240469504025,25.78240469504025,25.78240469504025,58.51196160871027
806.0,27.0,26.0,1.190234817796164,0.09514479459234293,1.2201932442253984,-0.02995842642923452,0.8938171674188073,0.7429290051388348,0.1455478549111765,0.12064683814731787,0.1542709655996742,0.07007718447661229,0.016657180163827716,0.010571560465696845,0.009314460930946436,0.009837835376505875,0.007826958023354568,44.60112683130842,13.767868554832358,12.952637736283792,15.681393283739514,8.953310375181724,4.619877639449093e-230,2.8387072730346514e-39,2.636816448297744e-35,3.590219720378424e-49,1.9455529659842643e-18,16.7812532875001,25.782404695040206,25.782404695040206,25.782404695040206,61.02102575837884
807.0,27.0,27.0,1.463515048416084,-0.0923561888198079,1.549919200634751,-0.08640415221866715,0.9041637433652895,0.7909754511250405,0.17295142077999534,0.1314997229611804,0.16957291731470406,0.07388970091351478,0.017287000227805466,0.010234655754687868,0.009382284268396776,0.009703925014812105,0.007842051066213452,45.755506490523864,16.89860655066751,14.01574703978254,17.47467308907142,9.422241743854462,5.440117744127165e-237,7.6377620772025335e-56,1.6430068347880587e-40,4.323496937704138e-59,3.6211069119400234e-20,16.781253287500057,28.721764527943044,28.721764527943044,28.721764527943044,61.43367882665102
808.0,27.0,28.0,1.5282373535126543,0.19132115610739486,1.5300783593055263,-0.0018410057928719414,0.8879701227654332,0.8361647776043594,0.18997307332122806,0.13946491698761188,0.17842799292108064,0.07680954614095431,0.01748368361971479,0.01009735397459746,0.009459759487227354,0.009616445458786102,0.00785927322834341,47.82543517668616,18.814144160851953,14.742966475619022,18.55446419217812,9.773110554796725,3.062379794111502e-249,7.736493895811998e-67,3.2070932208927216e-44,2.57409904866935e-65,1.6528366031058286e-21,17.12457043598628,31.097226716666686,31.097226716666686,31.097226716666686,59.01655140770405
809.0,27.0,29.0,1.7855191539471422,0.23282593232429782,1.7291550667921853,0.05636408715495689,0.8599515235217945,0.862037995637071,0.2010170737319863,0.14536142287027648,0.18420844218828347,0.07898878053901397,0.01696205239663135,0.010136287513741776,0.00961166414424798,0.009618246491279063,0.00784758515716214,50.82156188883551,19.83142974777178,15.123439675872028,19.151977686921068,10.065361376413284,1.4522619081871265e-266,6.942282697897688e-73,3.3135371406720227e-46,7.850140980716423e-69,1.1808158122852585e-22,20.209603036160086,29.204049471029336,29.204049471029336,29.204049471029336,57.345515060910124
810.0,27.0,30.0,1.9460336400637868,-0.0395645095641699,2.0316391860052616,-0.08560554594147485,0.8333978837387841,0.8832660592560824,0.20621778923690048,0.1483868348491692,0.18678704773996532,0.08058721310251317,0.017008002612345585,0.010105017736418509,0.00952419474844847,0.009566973422500477,0.007826168498814123,51.93238026756573,20.40746435245641,15.579987470682708,19.524152466093675,10.297147718545073,7.2911537260030655e-273,2.3043688997614616e-76,1.254838503597988e-48,4.804129099693572e-71,1.3950302237153506e-23,17.52913490511312,28.157918668787175,28.157918668787175,28.157918668787175,55.15990228842318
811.0,28.0,1.0,-1.4354858222117641,0.10797080970046435,-1.453960304965332,0.01847448275356789,0.7212225112617618,-0.878579252681014,0.11192897125292178,0.12090862515795349,0.135645617667965,0.0446354774462236,0.016670258320221263,0.010167146569808305,0.010553734436408817,0.010667988857078786,0.007954680571171324,-52.70339762013674,11.008887349504604,11.456477883396106,12.715200539224114,5.611221851948109,3.3880382129622505e-277,1.5696583508838678e-26,1.8459637208497632e-28,3.517600763368881e-34,2.6752779372391584e-08,19.112657253703794,28.82343909680208,28.82343909680208,28.82343909680208,52.91278975843835
812.0,28.0,2.0,-1.2521523098002207,-0.14415350740353494,-1.2615253604961572,0.009373050695936413,0.7658834775335854,-0.8684603066412202,0.10931328082987635,0.11960206860757633,0.13249161091448652,0.04377500788765919,0.016773354198979747,0.010237501638674637,0.01062217359282114,0.010676300160261679,0.007986186098921492,-51.7761859875376,10.677730240053785,11.259660516978169,12.40988066330641,5.481340823446483,5.552536878622945e-272,3.8583333369087965e-25,1.3234354566741336e-27,9.377637836000626e-33,5.48435097762773e-08,19.28254701952681,30.460804247680223,30.460804247680223,30.460804247680223,56.56549907604679
813.0,28.0,3.0,-1.3743650066806181,0.029808482086677968,-1.39038742297302,0.016022416292401864,0.8181763315832911,-0.847919889014899,0.10545340779602436,0.11760171808685368,0.12778459133256098,0.04278299795396485,0.01674170132290343,0.010306989853903999,0.010694998329939191,0.01072423455990672,0.00803272342964638,-50.64717573565268,10.23125173215161,10.995954787355478,11.91549761605293,5.326088757900664,1.4356497782900574e-265,2.5701550224396535e-23,1.7811848640800652e-26,1.695699469375252e-30,1.2686957342473168e-07,18.625002790000124,30.438754144500177,30.438754144500177,30.438754144500177,58.924749477441225
814.0,28.0,4.0,-1.2747872469130548,0.34162286520517804,-1.336530020602355,0.061742773689300146,0.8708745457993765,-0.8150171598300815,0.09985537746851325,0.11446584677509168,0.12098958771001389,0.041607619251747,0.01663638711163519,0.010260897562077854,0.010665565202934007,0.010746800918710693,0.008108496352500601,-48.99003337449831,9.7316415902599,10.732281374418216,11.258195683086047,5.131360667001535,4.949846594356153e-256,2.391647161991701e-21,2.288403470975694e-25,1.3428542094417617e-27,3.5251793088754864e-07,17.12457043598628,31.09722671666669,31.09722671666669,31.09722671666669,59.01655140770404
815.0,28.0,5.0,-1.0919062146849037,-0.08355907288928655,-1.0848064033291311,-0.007099811355772534,0.9199170537448577,-0.7788918511308339,0.09261384154877872,0.10996421441567142,0.11135074318605377,0.039877518262033416,0.0161168771249071,0.010358948268898778,0.010870095127404212,0.011053227327314664,0.008146764366711978,-48.327715418710405,8.940467617435468,10.116214543370878,10.074048048472191,4.89489034750712,3.5320131905669744e-252,2.164823553220458e-18,7.414352286621303e-23,1.0907225668611603e-22,1.1656469910460822e-06,17.128030665744173,27.2271151124853,27.2271151124853,27.2271151124853,59.66791441921499
816.0,28.0,6.0,-1.14802607688115,-0.09982098589933863,-1.0921254977575878,-0.05590057912356228,0.9359346062395051,-0.7415058346878436,0.08640651550042502,0.1060875795557216,0.1040128172533111,0.03759286677849418,0.015440908113361868,0.010359680060486083,0.011003014366471728,0.011072011881361027,0.008207587668085528,-48.022164839267305,8.340654826783403,9.641683271721481,9.394211130536226,4.580257719898708,2.1562415995751537e-250,2.757879362410286e-16,5.308150703411313e-21,4.615908144733949e-20,5.298553339015719e-06,17.128030665744173,27.26754329607642,27.26754329607642,27.26754329607642,58.11943896084756
817.0,28.0,7.0,-0.9270760853594905,-0.2534516602886421,-0.896580618149372,-0.030495467210118532,0.9391795262176806,-0.697690767636425,0.0825420469639945,0.10399390852849501,0.10053725561538031,0.034534770244151636,0.014646075424939392,0.01053840142806251,0.011217772835771573,0.011056120137080216,0.008276616350888112,-47.63670453645176,7.832501687039065,9.270459479877868,9.093357739320926,4.172571106361106,3.922043703091831e-248,1.345080631230575e-14,1.3385842949278468e-19,6.0225749492508505e-19,3.30410585914465e-05,17.128030665744173,27.26754329607642,27.26754329607642,27.26754329607642,55.684048736418966
818.0,28.0,8.0,-0.8517991308723384,0.029013853738815043,-0.8552369152168583,0.003437784344519912,0.9463718287267044,-0.6460932221000233,0.07934141873568938,0.10220727046458433,0.09928403289796175,0.030785680721405667,0.01384276442487678,0.010933075389032813,0.011675603659864872,0.01101081701038503,0.008323991943750966,-46.67371359285227,7.257008290208842,8.753917436913683,9.01695421913927,3.6984275008239607,1.8784711410216723e-242,8.552681760316595e-13,1.0069129362957487e-17,1.1439484070853282e-18,0.000230097422535725,17.128030665744173,27.26754329607642,27.26754329607642,27.26754329607642,53.94486109614245
819.0,28.0,9.0,-0.9377163473955532,0.13457196720043108,-0.9350264377445814,-0.0026899096509718223,0.9604398482097607,-0.5889429079819435,0.07585712678545802,0.09970778881300191,0.09802477394010492,0.026711922771827615,0.013226105126027985,0.01135658960541178,0.012000001953432836,0.011052938064885017,0.0083157986822602,-44.52882404684263,6.679569256364574,8.308981048497124,8.868662193225152,3.2121896876617773,1.2615496440440341e-229,4.1949687586964185e-11,3.5349481773348697e-16,3.924071448778037e-18,0.0013641072146105705,17.128030665744173,27.267543296076422,27.267543296076422,27.267543296076422,53.945097788592285
820.0,28.0,10.0,-0.8185236016692962,0.13025325556556966,-0.8133161755025401,-0.005207426166756068,0.9679095435237556,-0.5276486373566578,0.07310452808546247,0.09732368953593155,0.09640207359474066,0.022650575862298905,0.012896788928839843,0.01158934371350093,0.012137002598892391,0.011296477127831108,0.008436388913816938,-40.91317926253163,6.3079092218397,8.018758234822592,8.533817446258096,2.684866249492395,1.7733947216599628e-207,4.4317622309561056e-10,3.313438731064605e-15,5.967154617888097e-17,0.00738946962663114,17.128030665744173,27.267543296076422,27.267543296076422,27.267543296076422,53.94509778859228
821.0,28.0,11.0,-0.6013726155049032,-0.10753292334583298,-0.6205306451924741,0.019158029687570965,0.970208600193035,-0.46037597433482785,0.07257976006146219,0.0959217747484126,0.09470245078910594,0.017946118357653154,0.012715757997070231,0.012024072796623488,0.012219768925670517,0.011818809535244142,0.008725439543933303,-36.205153828887006,6.036204311890352,7.8497208361204125,8.012858698390867,2.0567580884943366,9.229448189854778e-178,2.305216492678189e-09,1.1830432962698394e-14,3.4652587497191206e-15,0.03999759675772233,17.128030665744173,27.267543296076422,27.267543296076422,27.267543296076422,53.94509778859228
822.0,28.0,12.0,-0.4741978669878154,-0.37591629829995366,-0.4277594364482949,-0.046438430539520514,0.9668126935135208,-0.38680643545044313,0.07356900136887935,0.09494237010506187,0.09368568173150174,0.012366596662188478,0.012524895109803511,0.01319852485481002,0.012204014955426017,0.012312772141466382,0.009081157591577477,-30.883007966085177,5.57403211178317,7.7796012584243535,7.608821202496833,1.3617863733207487,2.505668099491732e-143,3.2907179929109804e-08,1.99237111328243e-14,6.974659337974535e-14,0.17360645970496194,17.128030665744173,27.267543296076425,27.267543296076425,27.267543296076425,53.94509778859228
823.0,28.0,13.0,-0.3869129474473408,-0.1273868494584654,-0.4051904251733375,0.018277477725996694,0.9637154387536617,-0.3099118818746517,0.07448303264809575,0.0927931966771318,0.09119616387010313,0.007045559683776289,0.012143476270695536,0.014070943139458118,0.012133949218796524,0.012470191775489218,0.009356381192241218,-25.520853746181942,5.293393051900581,7.647402754363535,7.313132429074083,0.7530218723472726,1.7136990981170727e-108,1.5097023924267227e-07,5.2660472539350635e-14,5.772815761185042e-13,0.4516339130568493,17.128030665744173,27.267543296076425,27.267543296076425,27.267543296076425,53.945097788592285
824.0,28.0,14.0,-0.328184264398266,-0.10480608480627168,-0.28982907085545545,-0.03835519354281053,0.9705407583128765,-0.2303926106869591,0.07549294010702168,0.09093947925959442,0.08589110965374322,0.00304506694502791,0.011626620832990955,0.01427254131524514,0.012275470016269734,0.012364381322247415,0.009599306446248757,-19.815956329564973,5.289383189690563,7.408227883662664,6.946656481646847,0.3172173908686778,8.59868699646974e-73,1.5421507360995e-07,2.948312593861534e-13,7.173527377104802e-12,0.751152309682545,17.128030665744173,27.267543296076422,27.267543296076422,27.267543296076422,53.94509778859228
825.0,28.0,15.0,-0.24673230438207425,0.03752940647321598,-0.23424643353796895,-0.012485870844105296,0.9817714089018761,-0.14702843038234642,0.07721774750558211,0.09058876616485984,0.0803495792111098,0.000587842049237111,0.01122176723570013,0.014257139783026436,0.01237915852117515,0.012604537538301977,0.009804802218668533,-13.102074503434777,5.416075642150343,7.317845232364006,6.374655076947322,0.05995450353071359,5.078556880040382e-36,7.822784540700098e-08,5.584721456078867e-13,2.9272317182575564e-10,0.952205195146299,17.128030665744173,27.267543296076425,27.267543296076425,27.267543296076425,53.94509778859228
826.0,28.0,16.0,-0.18083394572959077,0.43104003811706426,-0.2013438072739302,0.020509861544339425,0.987884870560384,-0.06007380021355526,0.07889561038184069,0.0908660431540769,0.07692022287102228,-3.669339764309073e-05,0.01100053551165462,0.014241207847909079,0.012325475173258327,0.012780712207934206,0.009825441555374103,-5.460988708223296,5.539952174311134,7.372214204870757,6.018461383026102,-0.0037345291238357614,6.12908762814173e-08,3.974040999412191e-08,3.805964617475809e-13,2.561645130589988e-09,0.9970211123083914,17.128030665744173,27.267543296076425,27.267543296076425,27.267543296076425,53.945097788592285
827.0,28.0,17.0,0.049735990524372595,-0.011435964865161699,0.04954932962908337,0.00018666089528922292,0.9903458805428238,0.030138097661411633,0.07920918950629338,0.09122329136074744,0.07602625298372878,0.0019942927137354435,0.01088642612166505,0.014187080350604077,0.011884477574354863,0.012712669259938797,0.009634640779719107,2.76841061746002,5.5831917173092425,7.6758352052087915,5.980353254631498,0.20699191172061385,0.005748898476365108,3.12746299279844e-08,4.277747229172895e-14,3.2099995118510168e-09,0.8360630487485138,17.128030665744173,27.267543296076425,27.267543296076425,27.267543296076425,53.945097788592285
828.0,28.0,18.0,0.13111016041552515,0.3399845257020325,0.11215397649842006,0.018956183917105088,0.9907733013551904,0.12299108775560652,0.07743583269883986,0.09275357498466497,0.07750294293483839,0.007692834057030912,0.010990967440290827,0.013558955256440278,0.011365647892503326,0.01232078422038486,0.009276717630876877,11.190196715963713,5.71104714443682,8.160870005998017,6.290422878002279,0.8292625002862948,2.6364707918827463e-27,1.5254876301343168e-08,1.1168038234029174e-15,4.937328408769813e-10,0.40717601071170273,17.128030665744173,27.267543296076425,27.267543296076425,27.267543296076425,53.945097788592285
829.0,28.0,19.0,0.33670246463400677,-0.03161571951372527,0.3330195933269433,0.0036828713070634622,0.9903363667396314,0.21490109060917018,0.07509784580593129,0.09588535070802247,0.08032933424442325,0.01589852715944488,0.011395289975305398,0.01236703331930746,0.01092127307171122,0.011856277295942474,0.008742184551448087,18.858764548763556,6.072422048761545,8.779686221415805,6.775257717016625,1.8185988943474536,4.227542656997642e-67,1.8571295859045548e-09,8.15572927162441e-18,2.2434861596716473e-11,0.06930526690249679,17.128030665744173,27.267543296076425,27.267543296076425,27.267543296076425,53.94509778859228
830.0,28.0,20.0,0.5552854825500212,-0.28223940957979965,0.5514714215457652,0.003814061004255964,0.9874643629298429,0.3041855561380489,0.07523758135819544,0.10046568921567306,0.08535355462796068,0.024946299907753267,0.011999301853238865,0.011641376185510999,0.010807635484155415,0.011494974217460924,0.008239609357061764,25.350271195648165,6.4629456311047715,9.29580659552788,7.4252932641039076,3.0276071142102166,2.1448025598719526e-107,1.6813858911410815e-10,1.0773051556175188e-19,2.611356330711621e-13,0.002535327483317099,17.128030665744173,27.267543296076425,27.267543296076425,27.267543296076425,53.94509778859228
831.0,28.0,21.0,0.4177948559786154,0.5210790429570509,0.3705036897418649,0.047291166236750504,0.9791145441902268,0.3913050175805276,0.07886511875085708,0.10588813216659237,0.09258408003281796,0.03410287394174528,0.01259983000191944,0.011405150274912533,0.010788880176632732,0.011149247006381216,0.007928342677083831,31.056372786054794,6.914868883782586,9.814561885294813,8.30406573464808,4.301387481688525,1.86037971915502e-144,8.879236399206659e-12,1.141021553187172e-21,3.6735228148758753e-16,1.8831620463614433e-05,17.128030665744173,27.267543296076425,27.267543296076425,27.267543296076425,53.94509778859228
832.0,28.0,22.0,0.7320874107785271,-0.15551980113509367,0.7547338340033096,-0.022646423224782497,0.9485250032912705,0.47926762126942224,0.08397191708320052,0.10895071277056918,0.10015227801913182,0.04298404231609437,0.013261336981131423,0.011125385806427779,0.01069738331405379,0.01076010229661774,0.007781484998680203,36.14021888979495,7.547775739577956,10.18480029853975,9.307744039813919,5.523886806102535,2.4039939263671404e-177,1.0852964306055536e-13,3.946719566843576e-23,9.724167794099928e-20,4.342170598859155e-08,17.128030665744173,27.26754329607642,27.26754329607642,27.26754329607642,53.94509778859228
833.0,28.0,23.0,0.9570286064420092,-0.25560892402812596,0.9742967692978157,-0.017268162855806568,0.8887880847823038,0.5613268734194881,0.0922977281321472,0.11073022853827687,0.11039254487747663,0.051060690177009156,0.014126225086521975,0.01088460220437802,0.010500607738194712,0.010216321742894002,0.00776146465494561,39.73650922177771,8.479660202466846,10.545125701201924,10.805507858467804,6.578744147790875,3.8881809697059444e-200,9.192405938575392e-17,1.3621089107940004e-24,1.1314240894406096e-25,8.044569578587122e-11,17.128030665744173,27.26754329607642,27.26754329607642,27.26754329607642,53.94486109614246
834.0,28.0,24.0,0.9230599700685005,0.4111894903847044,0.817210310206929,0.10584965986157147,0.8479071184617988,0.6301240169098822,0.10522462724274155,0.11355374092200138,0.12389346913919337,0.05860664973746158,0.015091496496962462,0.01072330353591215,0.01002628717901507,0.009949562775181607,0.007791518305042947,41.75358070266327,9.812706214120134,11.325602278744654,12.452152113481386,7.521852281285058,1.1078124735061047e-212,1.1601389605018406e-21,6.859552513342084e-28,5.9719170043484414e-33,1.308267273954821e-13,17.128030665744173,27.26754329607642,27.26754329607642,27.26754329607642,55.68404873641896
835.0,28.0,25.0,0.9679842264508272,0.36927783758632504,0.8991694193724857,0.06881480707834142,0.8582302125758787,0.689361458577702,0.12393185285945045,0.11965904439900661,0.13997633831903003,0.06480388583886422,0.0160629874373609,0.010627903692431481,0.0094697170713569,0.009946822269755209,0.007837211244943978,42.91614254608183,11.660987570644515,12.635968265719354,14.072468022742186,8.268743027779323,7.95192146659914e-220,2.3220098949212203e-29,8.289949552283907e-34,8.521314027418467e-41,4.840045784304309e-16,17.128030665744173,27.26754329607642,27.26754329607642,27.26754329607642,58.11943896084757
836.0,28.0,26.0,1.250266356248694,-0.18215112094113395,1.3651340846163225,-0.11486772836762849,0.8923764624441597,0.742605617521934,0.14945881030823926,0.12905307671944488,0.15705274438811265,0.06952868670175218,0.01688778661183838,0.010403249393098581,0.00938489504284013,0.009893247465258404,0.007869664620669282,43.972939414177915,14.3665507439809,13.751147576008462,15.874741326306301,8.835025385851711,2.910706354609876e-226,2.7583382431843943e-42,3.4362793688244665e-39,3.261634636929207e-50,5.177959273955593e-18,17.128030665744173,27.2271151124853,27.2271151124853,27.2271151124853,59.66791441921498
837.0,28.0,27.0,1.5326875669128819,0.06251807527388031,1.5480857247086413,-0.01539815779575937,0.9164700555229727,0.7909333750796155,0.1734856104122721,0.13798990620454682,0.17144798019729984,0.07316744162538129,0.017365834307768932,0.010128245284580664,0.009352557987287555,0.009674303774590146,0.00789684808543311,45.54537150718849,17.12889108998853,14.754242250313691,17.721996765039897,9.265398147945803,9.812382639104041e-236,3.9033898508319023e-57,2.8034571854645437e-44,1.6804304083012294e-60,1.3978231839238985e-19,17.12457043598628,31.097226716666693,31.097226716666693,31.097226716666693,59.01655140770404
838.0,28.0,28.0,1.515552702604878,0.3078602279379361,1.4560060464824376,0.05954665612244048,0.9123098897740438,0.8316717993059219,0.18923761496928848,0.14480480299456894,0.18000291512885963,0.07585392810059696,0.01721820807314099,0.010139075301632525,0.00959193952403165,0.009670828727987114,0.007885061911554456,48.30187878860999,18.664188729204795,15.096509171244763,18.612977252708045,9.619953394334626,4.998281942362259e-252,5.869652158784857e-66,4.590226040236346e-46,1.170749305151141e-65,6.429821385906334e-21,18.625002790000124,30.43875414450018,30.43875414450018,30.43875414450018,58.92474947744123
839.0,28.0,29.0,1.6634179944036391,0.4343886755720412,1.5520208800200908,0.11139711438354838,0.8937064528537481,0.857660609817943,0.19785033095781213,0.14827692810242402,0.1841870961075179,0.07797471435943953,0.017028813147426023,0.010118847912499366,0.009607997380414825,0.009625085092203604,0.007880470851759051,50.365260478977184,19.552653885964265,15.43265700765857,19.136152495598292,9.894677085447793,5.875967849506435e-264,3.2464836742568557e-71,7.666703513973581e-48,9.740905930415678e-69,5.555552628081788e-22,19.28254701952681,30.46080424768022,30.46080424768022,30.46080424768022,56.56549907604678
840.0,28.0,30.0,1.872664120734693,0.2882279836882906,1.7742342020477595,0.09842991868693352,0.8719381353224206,0.8705795612404372,0.20335851577280153,0.1505943049170914,0.18672359193833804,0.07974786772871698,0.016830422226982954,0.010115395965150402,0.009588094518944178,0.009592734020267604,0.007879936397702337,51.72654313120572,20.103861131429063,15.706385102853005,19.465106771836577,10.120369467952834,1.0592449714606595e-271,1.587841342520988e-74,2.63558329502637e-49,1.0811870220948193e-70,7.137153743834009e-23,19.11265725370379,28.823439096802076,28.823439096802076,28.823439096802076,52.91278975843835
841.0,29.0,1.0,-1.433453827538909,-0.27582704772904254,-1.3374575201547132,-0.09599630738419584,0.7607848782233815,-0.8758799088683041,0.11228773331332254,0.12259764216811256,0.13576965846656402,0.044691054059400465,0.016745341498306546,0.01037438850954207,0.010763647933356275,0.010745333349185019,0.008036145818601563,-52.30588512971693,10.823551981887265,11.389971404414439,12.635220709728982,5.561254744277093,5.751653909521838e-275,9.506143340104197e-26,3.6017566616945244e-28,8.357126766987455e-34,3.532353744712863e-08,17.731252787500157,26.187459866319838,26.187459866319838,26.187459866319838,51.43920029481139
842.0,29.0,2.0,-1.2816072978648514,-0.34016365085117506,-1.2138218328800774,-0.067785464984774,0.7796056804806232,-0.8625304509740588,0.10877218665906303,0.12089563436951363,0.13192528513841273,0.04394458828509367,0.016572753676585682,0.010328806344498166,0.010712656276665402,0.01070456589869452,0.008082677075119248,-52.04508965777118,10.53095421011573,11.285308820451169,12.324206921319595,5.436885313699773,1.6880738881162626e-273,1.5575724541108648e-24,1.0252705886161363e-27,2.3327746417191647e-32,6.988108618772169e-08,19.870244995847827,29.1742017143878,29.1742017143878,29.1742017143878,54.245807481325926
843.0,29.0,3.0,-1.2761182372334459,0.09995469246588606,-1.3263089851034027,0.05019074786995681,0.8355528260689389,-0.8454548237526136,0.10489886685697722,0.11905595688370746,0.1273907599825167,0.042988885489423936,0.016550913163200617,0.010323273294460212,0.010698992027029532,0.010723889323294787,0.008126085763755772,-51.082065105169065,10.161395893032223,11.127773212927812,11.87915653939045,5.290232805708788,4.772622252947384e-268,4.896012451218688e-23,4.884680006235945e-27,2.4700534849544005e-30,1.5352196132178062e-07,19.28254701952681,30.46080424768022,30.46080424768022,30.46080424768022,56.56549907604678
844.0,29.0,4.0,-1.3010605636441321,-0.15534801209625404,-1.259128287694022,-0.041932275950110176,0.8803903215796071,-0.8160493153303324,0.10002213131580226,0.1166710984034711,0.12126049847605636,0.04186381485521758,0.01619336354133425,0.010367626103347082,0.010739640953216802,0.010871253144227074,0.008191591337601872,-50.394058853019125,9.647544222636572,10.863593942451592,11.154233726996683,5.110583906090391,4.0198365398842525e-264,5.0403670590269316e-21,6.454364420145181e-26,3.762263469809353e-27,3.923533371133904e-07,20.209603036160093,29.204049471029336,29.204049471029336,29.204049471029336,57.34551506091013
845.0,29.0,5.0,-1.0619216240141742,-0.19315715085356366,-1.0362409579579692,-0.025680666056205004,0.9202263882287359,-0.7791070689656598,0.0936271045615937,0.11278854059785143,0.11312315569985558,0.040256027661444864,0.0162966206095259,0.010377943777309497,0.010786261828768042,0.010990593199498435,0.008211186450220858,-47.80789144163095,9.021739428411774,10.456684844886027,10.292725210229603,4.902583555432734,3.8808217510034004e-249,1.0990359987688023e-18,3.138141172941849e-24,1.453567000211328e-23,1.1220406978977638e-06,17.037502885000237,28.338937997954897,28.338937997954897,28.338937997954897,58.8742780308217
846.0,29.0,6.0,-0.9943690908901343,-0.30320293393734876,-0.9414624402672244,-0.05290665062290989,0.9385291799626396,-0.7397661221027744,0.08687734613566672,0.10829764617852927,0.10467524892522614,0.0381942987927312,0.015679469216749953,0.010484803478893275,0.010981596464984403,0.01110867001633425,0.008309706556027543,-47.18055897660759,8.286025227898413,9.861739731909106,9.422842587934566,4.596347480528842,1.8966296924180534e-245,4.2296524458335785e-16,7.472617233937595e-22,3.602292569231688e-20,4.914279028835107e-06,17.037502885000237,26.697236355017495,26.697236355017495,26.697236355017495,56.16692907316297
847.0,29.0,7.0,-1.0995529497960717,0.41770841552529525,-1.1485081995783524,0.04895524978228072,0.9437695225540489,-0.6960716081648575,0.08242837490231461,0.1051495077033743,0.10000756840373357,0.03538119750063358,0.014894437572864553,0.01065629483940547,0.011189724784367163,0.01102861207844664,0.008313569332268024,-46.733661795528036,7.735181518955927,9.396969963932948,9.068010343675036,4.255837184553947,8.293873407480263e-243,2.766212881233359e-14,4.5070569718425735e-20,7.454674998142887e-19,2.3012627420470964e-05,17.037502885000233,26.697236355017495,26.697236355017495,26.697236355017495,55.66926680567002
848.0,29.0,8.0,-0.82543259105124,-0.10950099996986284,-0.8369296415492125,0.01149705049797245,0.9492005616227999,-0.6448419801044445,0.07911627743308086,0.10298714703524041,0.09813403052651405,0.031640417303775564,0.014047796713848157,0.010975321968578314,0.011611732558290988,0.011005094317002409,0.008410201746291791,-45.903424803176904,7.208560956989325,8.869231746274222,8.917145796279192,3.7621472419168054,7.1244257245322e-238,1.1982898588379584e-12,3.905662040916893e-18,2.6272829822415004e-18,0.00017937340100271528,17.037502885000233,26.697236355017495,26.697236355017495,26.697236355017495,52.147927188751325
849.0,29.0,9.0,-0.8326825787742518,-0.2359368537844866,-0.7889030929548246,-0.043779485819427144,0.9606396769386981,-0.5866119724001424,0.07570995375659839,0.10054706892646424,0.09752090823781519,0.027501472460469092,0.01332800391947803,0.011330450867873633,0.012007367773915017,0.0111004616113386,0.008414477816871378,-44.0134903879227,6.681989502400689,8.373781066729228,8.785302057907408,3.2683516504526873,1.6524772636004008e-226,4.129478172976553e-11,2.1254938625625972e-16,7.78908602864899e-18,0.001122796531346992,17.037502885000233,26.697236355017495,26.697236355017495,26.697236355017495,51.58285761351142
850.0,29.0,10.0,-0.7419662818384294,0.017544404927883006,-0.7324938712035554,-0.009472410634874029,0.9705449952573758,-0.5243641691303622,0.0723678257610801,0.09777654669967945,0.09690628358664721,0.02350671816335313,0.012932186856153122,0.011593687185297505,0.012171229949732531,0.011347363483213798,0.008497825155432659,-40.54721563823293,6.24200261784302,8.03341544802776,8.53998232540987,2.7662040267238597,3.351968728009974e-205,6.649832975559272e-10,2.9640628911607656e-15,5.679926570400981e-17,0.005787609179256115,17.037502885000237,26.697236355017495,26.697236355017495,26.697236355017495,51.58285761351142
851.0,29.0,11.0,-0.5698381711389691,-0.08291491083428643,-0.5861850217654705,0.01634685062650143,0.9751014186365597,-0.45850879992283866,0.07126769076792805,0.09587739327742213,0.09639329549503528,0.019206115269541864,0.012697966360599108,0.011926915709740702,0.012189047818384839,0.011841503956976734,0.008734525382873344,-36.108837187154556,5.975366348042838,7.865864069612516,8.140291625561856,2.1988733706357086,3.8186536682332166e-177,3.305882027129981e-09,1.0486793352864704e-14,1.30857090921681e-15,0.028141000198564407,17.037502885000233,26.697236355017495,26.697236355017495,26.697236355017495,51.58285761351142
852.0,29.0,12.0,-0.5019902868132562,0.07032788587451211,-0.5149243490195056,0.012934062206249375,0.9768465409255312,-0.38690274496940996,0.07226980009269889,0.09504829374043464,0.09626210445397007,0.013947536087112147,0.012404344855488593,0.012866682349651928,0.012185257346568423,0.012384020955550292,0.009143487173125906,-31.19090524141755,5.616816995148244,7.80026970601502,7.773089596624685,1.525406644426217,2.4739948681705598e-145,2.5929546557642803e-08,1.709320241409064e-14,2.090764795234287e-14,0.127509408317436,17.037502885000233,26.697236355017495,26.697236355017495,26.697236355017495,51.58285761351143
853.0,29.0,13.0,-0.41238383584421534,-0.12010183609911718,-0.4013200756834436,-0.011063760160771763,0.9799093260816032,-0.31024409676061027,0.07386011086024835,0.0938634648545171,0.09485560236983973,0.008497749183209516,0.012049091606108842,0.01384839068554169,0.012294981325317722,0.01256578060279365,0.009447539967316497,-25.74833911988168,5.333479718864479,7.634290965634428,7.54872342341798,0.8994668678414957,5.869668777477082e-110,1.2196247249508418e-07,5.794521693752552e-14,1.0778972269964004e-13,0.36864489402770984,17.037502885000233,26.697236355017495,26.697236355017495,26.697236355017495,51.582857613511415
854.0,29.0,14.0,-0.3941695106098079,0.11735311385935548,-0.3830502786327623,-0.011119231977045618,0.9836126996307377,-0.23049838548306337,0.0747821106389249,0.09216860460807244,0.09024253900011556,0.004162269462880605,0.011717942183367731,0.014284907399902944,0.012421069088022747,0.012408331934272224,0.009702427251701173,-19.670551524842754,5.23504343048335,7.420343929730476,7.272737341178202,0.4289925968938148,6.402072167754701e-72,2.0543537841902072e-07,2.7049738091817573e-13,7.662527545823834e-13,0.6680313905580038,17.037502885000237,26.697236355017495,26.697236355017495,26.697236355017495,51.58285761351142
855.0,29.0,15.0,-0.26650862902996075,0.46963375421416287,-0.2609624691526153,-0.005546159877345469,0.9881805615957177,-0.14723396394588978,0.07586974120652132,0.09124463451387825,0.08432297773085214,0.001674342448933969,0.011429955017655556,0.014423079520772202,0.012429289776313641,0.012339477056244332,0.009975072420089489,-12.881412369380394,5.260301109569096,7.341098015733943,6.833594109904431,0.16785266095531245,5.755506773344625e-35,1.7985577807225197e-07,4.741381909600794e-13,1.5260907797807966e-11,0.8667369443457006,17.037502885000233,26.697236355017495,26.697236355017495,26.697236355017495,51.58285761351142
856.0,29.0,16.0,-0.09803414543268472,0.07603870407031425,-0.10851473276206634,0.010480587329381619,0.9916401465046113,-0.06062882675050546,0.07703782061397924,0.09133231334094016,0.0798063346034281,0.0012313543157921277,0.011212754803132793,0.014480250734082219,0.012407215681668879,0.012411916239889685,0.01000506997735779,-5.407130345306939,5.320199354880993,7.3612255710102374,6.429815756163805,0.12307303382972565,8.210595433089997e-08,1.3091619934879683e-07,4.1134725973233333e-13,2.0718479429470066e-10,0.90207677298932,17.037502885000233,26.697236355017495,26.697236355017495,26.697236355017495,51.58285761351142
857.0,29.0,17.0,0.08610549541703141,-0.27459933540670867,0.10679324113049007,-0.02068774571345866,0.9932780781967756,0.02939378306153143,0.07740121192832697,0.09240864074432453,0.07781986897246351,0.003854518576284628,0.011115709064832073,0.01435463203699715,0.011996806436075714,0.012574613019494137,0.00969700152398647,2.6443462032060197,5.392072170769384,7.70277000272686,6.188649213444671,0.39749592353369273,0.008327557692199491,8.905918618526756e-08,3.5110670398018887e-14,9.210770253196998e-10,0.6910961511762889,17.037502885000233,26.697236355017495,26.697236355017495,26.697236355017495,51.58285761351142
858.0,29.0,18.0,0.0919851956216017,0.4714959390179275,0.06753404451958002,0.024451151102021687,0.9934847487588251,0.12139587880344997,0.07654930309624854,0.09547403423108582,0.07840014536553971,0.009889301043687897,0.01120942440911565,0.013645025377700234,0.011449813284723203,0.012395394466563217,0.009253193349256547,10.829804847493262,5.610052086920365,8.33847957664699,6.324941539942549,1.0687446668865357,8.949052850739757e-26,2.692807407812436e-08,2.805369239712214e-16,3.988136998735291e-10,0.2854716203149227,17.037502885000237,26.697236355017495,26.697236355017495,26.697236355017495,51.58285761351142
859.0,29.0,19.0,0.2029894178147591,0.2759872811417713,0.1969629151135556,0.006026502701203501,0.992767348321809,0.21266740234200826,0.07550548737138113,0.09913238311508689,0.08085240900432532,0.01774034719546428,0.011579833684819981,0.012437260921285309,0.011103627880884157,0.012064526852702038,0.008662562558063927,18.365324419192152,6.070909651992582,8.927927356585116,6.701664308220853,2.047932938614094,3.261168544813866e-64,1.8740098335918206e-09,2.402466213895051e-18,3.63298825010388e-11,0.040856642345751454,17.037502885000233,26.697236355017495,26.697236355017495,26.697236355017495,51.58285761351142
860.0,29.0,20.0,0.41494586852346027,-0.1854201227846145,0.43579018819114423,-0.020844319667683964,0.9899168050103493,0.3019001010388116,0.07706981386732183,0.10356791890559477,0.08477647743465586,0.02638477377330024,0.012082282815042405,0.011618891963926242,0.01100809101514145,0.01176408570459465,0.00818270178368618,24.987008304667963,6.6331466121386065,9.408345076647603,7.206380467080842,3.2244574555929018,4.617178270155769e-105,5.6674564571800904e-11,4.0844582435026363e-20,1.2165610796809141e-12,0.0013076324613441263,17.037502885000233,26.697236355017495,26.697236355017495,26.697236355017495,51.58285761351143
861.0,29.0,21.0,0.583970887003988,0.005986742304253001,0.5786446008658193,0.005326286138168768,0.9788214356428431,0.3891816497631136,0.08126534803889436,0.10811257260221588,0.0902877992804956,0.03527080177376784,0.01262011634626376,0.011281955044376173,0.01097873587108921,0.011376790622333667,0.007894646983694126,30.838198245163763,7.203126383614115,9.847451826117203,7.936139661676862,4.467685742835286,4.907430254468116e-143,1.2443387298755885e-12,8.496038192159986e-22,6.1895918767364226e-15,8.914819603862765e-06,17.037502885000233,26.697236355017495,26.697236355017495,26.697236355017495,51.58285761351143
862.0,29.0,22.0,0.7001805743313995,-0.0689847751656596,0.720828426928823,-0.02064785259742352,0.953798644913126,0.4758683323213064,0.0871420298602214,0.1107293056622987,0.09726358533562939,0.04397855801885802,0.013283156604519926,0.011083949500481895,0.010833968586183369,0.010962377617254724,0.007791648169078016,35.82494330898578,7.862001704034537,10.220567355485276,8.872489958979065,5.644320311252194,2.5205800179521233e-175,1.0793887713310868e-14,2.837025833394098e-23,3.801978332189821e-18,2.2227907274685875e-08,17.037502885000237,26.6972363550175,26.6972363550175,26.6972363550175,51.58285761351143
863.0,29.0,23.0,0.8824418669635135,-0.06851342818307415,0.889552985880686,-0.007111118917172532,0.9204574964315231,0.5551331460563167,0.09605805637879257,0.1130400157425015,0.10902897403735017,0.052053887773139754,0.014110936287730696,0.01096346128932316,0.010533944251625823,0.010406566838073936,0.0077928047621566516,39.34063160209992,8.76165417506781,10.731024680053224,10.47693977599335,6.679737188582393,1.1836623318434451e-197,9.452237593776563e-18,2.3161611916374385e-25,2.5933847596240532e-24,4.190391922947984e-11,17.037502885000237,26.697236355017495,26.697236355017495,26.697236355017495,52.147927188751325
864.0,29.0,24.0,0.8571165375249925,0.1229908840889502,0.8715607386393364,-0.014444201114343858,0.9011995938658887,0.6238077018379093,0.10922308687239701,0.11768489089439939,0.12468890271628402,0.059371515251566954,0.01502227183864947,0.010858090922223592,0.010050461157919372,0.010107121050993834,0.007803027992922825,41.52552347195382,10.059142777009422,11.709402090636237,12.336737839310171,7.6087789644501616,2.8410887208605034e-211,1.2498063633809937e-22,1.4158891659773294e-29,2.04222769826401e-32,6.976800715255501e-14,17.037502885000233,26.697236355017495,26.697236355017495,26.697236355017495,55.669266805670034
865.0,29.0,25.0,0.9275421600466384,0.8398624813002038,0.7010507213051506,0.2264914387414878,0.9048326293876502,0.6840998751236529,0.12897044767348959,0.12578943532153794,0.14271067435806878,0.06476321711453487,0.015958791136368448,0.010663980963861662,0.009567873801907135,0.010062093492818164,0.007870474725657252,42.86664755983048,12.094024558984822,13.147062547633594,14.183000233493036,8.228629069020558,1.5969170744659518e-219,2.640574990914707e-31,3.0854050402869804e-36,2.359345464182789e-41,6.612210788617859e-16,17.037502885000237,26.697236355017495,26.697236355017495,26.697236355017495,56.16692907316297
866.0,29.0,26.0,1.2431532769947955,-0.007846750575456252,1.3223952754190218,-0.0792419984242263,0.92001429554403,0.7394093589307219,0.15371137638680196,0.13502603836242932,0.16051805239158204,0.06909925028139957,0.016756483060706498,0.010308581051453838,0.009361932020292913,0.00986443932001731,0.007880853249235348,44.126763131138,14.911012060687417,14.422881737417772,16.272394931342166,8.767990989821316,3.402491070419888e-227,4.292704026123939e-45,1.4226244973085576e-42,2.2335871093785526e-52,8.974924669778184e-18,17.037502885000237,28.3389379979549,28.3389379979549,28.3389379979549,58.874278030821706
867.0,29.0,27.0,1.393861830546174,0.3854805992103525,1.311094820166527,0.08276701037964718,0.928414304153865,0.786458428749366,0.17368345198472387,0.14289347905404184,0.17292373154628815,0.07246420993424597,0.0167031679033878,0.010187104730976115,0.009501067433148281,0.009770905804855373,0.007920175844673036,47.084387422690845,17.04934390795075,15.039728963032163,17.697819936034858,9.149318317595696,7.004510253382631e-245,1.0928787019320409e-56,9.115394986701128e-46,2.310536911386693e-60,3.754070663012116e-19,20.20960303616009,29.204049471029336,29.204049471029336,29.204049471029336,57.34551506091013
868.0,29.0,28.0,1.5921426466253001,0.3526859954954018,1.553528287816239,0.038614358809061056,0.9252571506305715,0.8238732273902677,0.1864445519911195,0.14721723306912587,0.1798636554876665,0.07506437723575526,0.01695493651998628,0.010133898953600737,0.009561003738761347,0.009687628453995267,0.007919451991059145,48.59193818974761,18.398106478540797,15.397675504747605,18.56632470390512,9.478481253564134,1.0183951722011563e-253,2.1018592783364395e-64,1.1765504614398294e-47,2.1943601889979107e-65,2.2211768307520428e-20,19.28254701952681,30.460804247680226,30.460804247680226,30.460804247680226,56.56549907604678
869.0,29.0,29.0,1.7667011066744287,0.11182897358469557,1.7231382754893994,0.04356283118502935,0.9107424233126937,0.845823056960987,0.195528208725425,0.1507851720027569,0.18443974676332045,0.07713970276806865,0.01682841812845024,0.010156140340410857,0.009679868722382193,0.009676837787068508,0.007918742329338356,50.261590275739145,19.252216114760294,15.577191832581901,19.059919244465753,9.741408365097541,2.306562252843572e-263,1.9975108143440927e-69,1.2988001301561727e-48,2.751849375007208e-68,2.1925642004511867e-21,19.870244995847827,29.174201714387802,29.174201714387802,29.174201714387802,54.245807481325926
870.0,29.0,30.0,1.8535045818533638,0.40583361888593816,1.7353867270921188,0.11811785476124492,0.8995685938866792,0.8638016700049329,0.20285801753961374,0.15416992860015752,0.18811060058694495,0.07881913344003542,0.016869487216696528,0.010219714423716757,0.00981415016687232,0.009689760590536865,0.007910373633431885,51.20497492952765,19.849675747185636,15.708943309279938,19.413338320314747,9.964021561120628,9.554269494898373e-269,5.393677349436184e-73,2.5534566645760305e-49,2.1999641647790093e-70,2.9687561405985617e-22,17.73125278750016,26.187459866319834,26.187459866319834,26.187459866319834,51.43920029481139
871.0,30.0,1.0,-1.418901059002727,-0.22504732110212888,-1.3069906704917356,-0.11191038851099133,0.7598591933871777,-0.8695882105230648,0.11066800732353299,0.12271837215537243,0.1342263419101179,0.04476491156693213,0.01662996098631186,0.010354279120478005,0.010734222252232407,0.010713183573749955,0.008120233686362345,-52.29045403286416,10.688142171545401,11.432441892084968,12.529080733667893,5.51276149134886,7.023064329809212e-275,3.492739896865389e-25,2.351145387709208e-28,2.6198232914151066e-33,4.616290587986853e-08,17.112002963200204,25.96719215312518,25.96719215312518,25.96719215312518,48.884930936031694
872.0,30.0,2.0,-1.4205846359761891,-0.2207805579780293,-1.296774661942451,-0.12380997403373817,0.8201675764108214,-0.8591280291574661,0.10850575040607494,0.12212944781380936,0.13166875578193515,0.044023420613909604,0.016596056713511248,0.010436698109782181,0.010810072110874548,0.010801970429877576,0.008163664102118464,-51.76699766626064,10.39655926277813,11.297745894863317,12.18932755247576,5.392605582888395,6.257481622230735e-272,5.517627699007173e-24,9.057588611115482e-28,9.706765349284268e-32,8.880340297607521e-08,17.73125278750016,26.187459866319838,26.187459866319838,26.187459866319838,51.439200294811386
873.0,30.0,3.0,-1.3713760287695598,0.011840896997256767,-1.3436882292583354,-0.027687799511224354,0.8518811591166333,-0.8396184934045334,0.10430629910738308,0.11997116904983651,0.12691884874092893,0.043185258801450715,0.016341777031568805,0.010349768142640004,0.01070976291558707,0.010755679678024455,0.008224209114814869,-51.37865311603326,10.078129062394318,11.202037803771507,11.800170006944713,5.2509923080212,9.87405493874091e-270,1.0507835027701221e-22,2.3447493439163943e-27,5.578635263214123e-30,1.8890222536047777e-07,19.11265725370379,28.823439096802073,28.823439096802073,28.823439096802073,52.912789758438365
874.0,30.0,4.0,-1.286002549925871,0.39723198611898436,-1.354907253416899,0.06890470349102817,0.8892334795427783,-0.815170046835265,0.09997044751803699,0.11797156898056496,0.12155869373969974,0.04198682013033221,0.01632265217182763,0.010388093633220418,0.010724792597904759,0.010875851137962248,0.008247463815906757,-49.941029083632756,9.62356049606044,10.99989280945278,11.176936149429089,5.090876549146281,1.5959631485868821e-261,6.228579284414018e-21,1.7139400707273174e-26,3.006125582967456e-27,4.341372697561451e-07,17.529134905113118,28.15791866878718,28.15791866878718,28.15791866878718,55.15990228842319
875.0,30.0,5.0,-1.1928825898641482,-0.04296454800588112,-1.1631439373216497,-0.029738652542498523,0.9177593791222153,-0.7797888368027022,0.09461186051907841,0.1146500788006379,0.11479543403178905,0.04058686590907823,0.016192608637229055,0.010381149054668427,0.010695873660465196,0.010857575405922743,0.00831282882026786,-48.1570853883209,9.113813896789319,10.719094338634084,10.572842438576924,4.882437349139401,3.5041878673946865e-251,5.068285286644892e-19,2.596898746737511e-25,1.0474659562106e-24,1.2397148006345874e-06,16.32544670295882,28.478971885047958,28.478971885047958,28.478971885047958,54.83773294019059
876.0,30.0,6.0,-0.8008717025956255,-0.840566171517959,-0.6963549145157351,-0.1045167880798904,0.9344981674818025,-0.7386839261274505,0.0877971028722048,0.11049045393008176,0.10607860383380831,0.03859367987407405,0.015740959143997337,0.01061083239505819,0.010973456564541916,0.011097060945681827,0.008355177017440978,-46.92750418637231,8.274289858078879,10.06888333500176,9.55916204777504,4.619133717156661,5.915830575335701e-244,4.635218653800971e-16,1.1434315321623e-22,1.0972924359626825e-20,4.415520401487389e-06,15.764802798080233,24.849498886853368,24.849498886853368,24.849498886853368,54.041308955480275
877.0,30.0,7.0,-1.0404641365079739,0.2102583793748134,-1.0524143402751132,0.011950203767139289,0.9417907655070223,-0.6938151437364992,0.08269917650051942,0.10643990444540555,0.10025299134026298,0.03584998559920557,0.014995241664575398,0.010815135446425213,0.011254666890690952,0.011042192413884922,0.008437897572947151,-46.26902048371524,7.646614960134821,9.457401580978372,9.079083897705008,4.248686985031041,4.737954566554195e-240,5.296413312453265e-14,2.6684543515197462e-20,6.791721051467594e-19,2.3744431219923757e-05,15.76480279808023,24.310629505750295,24.310629505750295,24.310629505750295,51.077292915259655
878.0,30.0,8.0,-0.9652579062334926,0.41412282384639376,-1.046408016484862,0.08115011025136931,0.9474448592852918,-0.6427349066215484,0.07911569044304081,0.10362209553228638,0.09758903684116946,0.03237205762714186,0.014161827538723987,0.011081120186676296,0.011636655122157847,0.011054119395793231,0.008472999972073006,-45.38502568711978,7.139683453498487,8.90480077346068,8.82829589106013,3.8206134466942183,8.9506089625062e-235,1.9290223947267466e-12,2.9103362723262877e-18,5.472752225067503e-18,0.00014227303039420993,15.76480279808023,24.3106295057503,24.3106295057503,24.3106295057503,49.23641042834649
879.0,30.0,9.0,-0.7491470889467409,-0.19955544252346114,-0.7460228454703418,-0.003124243476399058,0.9586486270684467,-0.5847897903205099,0.0757633040094059,0.10115571050225053,0.09696394156128893,0.028405626284516976,0.013418042367789451,0.011384796411520886,0.012060103816573504,0.011219382094693881,0.008432431482122993,-43.582347878429815,6.654778993916566,8.387631818163793,8.642538487671906,3.3686163172197428,6.861501812285927e-224,4.92720471105653e-11,1.9056970459510552e-16,2.4892346521407677e-17,0.0007875732186401426,15.764802798080233,24.310629505750295,24.310629505750295,24.310629505750295,49.41620309691406
880.0,30.0,10.0,-0.701318375124888,-0.16756485210671002,-0.6510359027145585,-0.05028247241032957,0.9691855436693493,-0.5219326756720812,0.07231400275830271,0.09840487933270534,0.09691684615624888,0.024240126237492138,0.012937311146017927,0.011683611360742441,0.012260073723829226,0.011515312376851423,0.00856607516736291,-40.34321118053428,6.189353661769479,8.026450863948822,8.416345382959415,2.8297821071951357,6.2654644759800824e-204,9.17138144874746e-10,3.125291772175558e-15,1.5190474031932103e-16,0.004761718767452215,15.764802798080233,24.3106295057503,24.3106295057503,24.3106295057503,47.76666578673461
881.0,30.0,11.0,-0.7798579153102234,0.1808696360519726,-0.7573516181363402,-0.022506297173883194,0.9766744012494981,-0.45596438945522905,0.07040165450427906,0.09603455005635696,0.09708454753927857,0.020070474837140036,0.012631032143668517,0.012007205628440168,0.012256824403360747,0.012003433782204687,0.008754994343247328,-36.09874349688736,5.863283821635092,7.835190168019774,8.088064573922857,2.2924600576835625,4.43159310696179e-177,6.369624646704395e-09,1.3184116901035171e-14,1.9534794803068054e-15,0.022109343056607944,15.764802798080233,24.3106295057503,24.3106295057503,24.3106295057503,47.76666578673462
882.0,30.0,12.0,-0.530683216510611,0.13180183643016685,-0.547747011989631,0.01706379547902004,0.9802673685884722,-0.3857126605072646,0.07111759361294044,0.09506274479991425,0.09762643031538105,0.015159076149417944,0.01230904712741866,0.012660486263847002,0.012262527622177805,0.01258434409847058,0.009160332506321906,-31.335704260005762,5.61728768791624,7.752296078663696,7.757768664895769,1.6548609058629768,2.8216690889837645e-146,2.586142588009125e-08,2.4381316687364135e-14,2.3415504683835793e-14,0.09830175499903251,15.764802798080233,24.3106295057503,24.3106295057503,24.3106295057503,47.76666578673462
883.0,30.0,13.0,-0.476479500958603,-0.05643203779321848,-0.4524524382581783,-0.02402706270042465,0.9841615473693188,-0.3101003184216453,0.0729019070098161,0.09456365447278159,0.09694812982261405,0.00983546079089726,0.01199689694468505,0.013670986655003336,0.012510506092248594,0.012840715644310562,0.009557779116176175,-25.84837728051237,5.3326002613816685,7.558739332805445,7.55005659404736,1.0290529495760286,1.3292734382213178e-110,1.2253658668622733e-07,1.0026694973996884e-13,1.0675722713566723e-13,0.30373157273060114,15.764802798080233,24.3106295057503,24.3106295057503,24.3106295057503,47.76666578673462
884.0,30.0,14.0,-0.388221520671853,0.25726748551444745,-0.38487812169628044,-0.0033433989755725646,0.9875352795324359,-0.23017169565065473,0.07426980427819006,0.09346126285729871,0.09334722810312675,0.005288571663669367,0.01177104588472904,0.014322796715637553,0.012670223852582438,0.01271788268698075,0.0098470330053696,-19.554056445337956,5.1854261254090614,7.376449220212434,7.3398403178137475,0.5370726045891693,3.1844543644020822e-71,2.6632511826159575e-07,3.6935877650175903e-13,4.783605273764441e-13,0.5913503578419932,15.764802798080233,24.3106295057503,24.3106295057503,24.3106295057503,47.76666578673462
885.0,30.0,15.0,-0.28833172064692364,0.1464632664638093,-0.2812849620901904,-0.007046758556733257,0.9909255897074882,-0.1469218572444769,0.07509717365893438,0.09222240972883104,0.08748442143471219,0.00262194872011877,0.011589126079244802,0.014634537639916652,0.012759442382689633,0.012381455939948731,0.010139951255509238,-12.677561382958997,5.131502990166355,7.227777434376484,7.065762044384777,0.25857606748298845,5.288204441174892e-34,3.52259031729782e-07,1.0485027004523022e-12,3.201554287388785e-12,0.7960215388540703,15.764802798080233,24.3106295057503,24.3106295057503,24.3106295057503,47.76666578673463
886.0,30.0,16.0,0.011577385505034853,-0.25771836561683326,0.02111095453817392,-0.009533569033139067,0.9932768772122458,-0.060546416518106216,0.07593922818913455,0.09222747568178105,0.08251671231829574,0.0026524423430373365,0.011433884695149336,0.014773591567359723,0.012766306867154477,0.012206801032648732,0.01011102951457054,-5.295349579989396,5.140200867398564,7.224287857208459,6.759896560744595,0.26233157951077324,1.4941109612495837e-07,3.367809706750171e-07,1.0742623742315063e-12,2.4818878988042746e-11,0.7931259163867581,15.764802798080233,24.3106295057503,24.3106295057503,24.3106295057503,47.76666578673462
887.0,30.0,17.0,-0.06587027102136186,0.08342831065319212,-0.04567151312709706,-0.020198757894264806,0.9944829910768015,0.028947266343061787,0.0765516128050985,0.09430421967404236,0.07953941812313436,0.005814790195538284,0.01135999500337632,0.014517020111607331,0.012344214546409674,0.012466202280730181,0.009753958092733439,2.5481759749417434,5.2732318489998065,7.6395480100814375,6.380404900543256,0.5961467273342317,0.010994112401678021,1.6798256064118734e-07,5.576640501359508e-14,2.8239928346561486e-10,0.5512272770261798,15.764802798080233,24.3106295057503,24.3106295057503,24.3106295057503,47.76666578673462
888.0,30.0,18.0,0.12889379797426087,-0.0011829366041233025,0.13736133685230523,-0.008467538878044356,0.9944956924718711,0.12058756162216845,0.07649260932892918,0.09812827631889137,0.07954843220533953,0.011847456378640663,0.01144926447196936,0.013766112191381038,0.011763667600280445,0.012438983269633046,0.009208076413733245,10.53234134973445,5.556587674537565,8.341639669974354,6.3950911807670785,1.2866374958586309,1.5372714975681404e-24,3.6248421147786034e-08,2.736640227434837e-16,2.576196284825943e-10,0.1985518841329891,15.764802798080233,24.3106295057503,24.3106295057503,24.3106295057503,47.76666578673461
889.0,30.0,19.0,0.3765236937786302,-0.04158984772952623,0.3920407752213458,-0.015517081442715575,0.9938465685890208,0.21167187009921626,0.07644759060850184,0.10174556501257176,0.08147324474193682,0.019369874051161952,0.011754121377062797,0.012520938439275996,0.011454175632980056,0.012210641961946827,0.00860433598356839,18.008310728548075,6.105579943488829,8.882836117827225,6.672314608506216,2.251175928991197,3.81008267716829e-62,1.522205978451777e-09,3.4904523915259765e-18,4.397434425877009e-11,0.024615224270505887,15.764802798080233,24.3106295057503,24.3106295057503,24.3106295057503,47.76666578673462
890.0,30.0,20.0,0.4108152104089412,0.20401979796498398,0.3805219002121635,0.030293310196777723,0.990791707358309,0.3005037508727514,0.07921867095828636,0.10595386188103248,0.08415973102773358,0.027795788633189367,0.012178354006109091,0.011652823937894081,0.011304918844032624,0.011948110024507626,0.008140553948816853,24.675235316858757,6.7982380391651995,9.372368200322015,7.043769337167762,3.4144836835371875,4.591097529273484e-103,1.928191412220573e-11,5.574790384062473e-20,3.71913355245418e-12,0.0006676129687799372,15.764802798080233,24.3106295057503,24.3106295057503,24.3106295057503,47.76666578673462
891.0,30.0,21.0,0.4845135801783606,0.18203043973647948,0.4962163451271373,-0.0117027649487767,0.9793164688427106,0.3878905239362136,0.08336881493787766,0.10966012060665767,0.08851564415668588,0.03651834239016639,0.012677781016903105,0.011319629032561493,0.01122459548781692,0.011560433889827517,0.007889891835090361,30.59608960109381,7.364977659432389,9.769627843219993,7.656775256037258,4.628497215608299,1.855122996561551e-141,4.005820926614971e-13,1.7050111431411074e-21,4.9176712689150317e-14,4.224977801761868e-06,15.764802798080233,24.310629505750292,24.310629505750292,24.310629505750292,47.76666578673463
892.0,30.0,22.0,0.7759840412756084,0.03850627853527855,0.7266905822882525,0.04929345898735593,0.9563225728985284,0.4721793065390841,0.09011912867896318,0.11230851743779001,0.09608843432130115,0.04549054422826986,0.013304868619246386,0.011167172314388974,0.01102178359711875,0.011119765030955483,0.007772387588895308,35.489212261445786,8.070004307432786,10.18968631058489,8.641228843757736,5.852840418465988,3.602781304711925e-173,2.24266661205623e-15,3.772884776261787e-23,2.5157252231535282e-17,6.767252778209451e-09,15.764802798080233,24.3106295057503,24.3106295057503,24.3106295057503,49.41620309691406
893.0,30.0,23.0,0.8677428408038929,0.07960308228594348,0.8293863216723782,0.03835651913151461,0.9280214939463327,0.5492555557469843,0.0993132615890264,0.11534871870953609,0.10930095646338202,0.052951358994430354,0.014063531921569465,0.011109591724584165,0.010584440870240212,0.010581577010476215,0.007823219259870277,39.05530693214997,8.939415961547741,10.897951070222028,10.329363605743206,6.7684871451894315,7.367387841592511e-196,2.1838257563204927e-18,4.6259760377813706e-26,1.0336321750262007e-23,2.3456604616619387e-11,15.764802798080233,24.3106295057503,24.3106295057503,24.3106295057503,49.236410428346495
894.0,30.0,24.0,0.9162330583892933,-0.09086837231911615,0.9576169525490007,-0.041383894159707446,0.9141199395656148,0.6178277159987109,0.11324364754079472,0.12147824787440126,0.12622633090770563,0.059543214630506436,0.014897890300213214,0.01101049893703204,0.010074295133327355,0.010297668991694837,0.007863081371402224,41.470819260218924,10.285060485308069,12.058237947837371,12.257757654621479,7.572503935551679,6.192004898365036e-211,1.5608446496498435e-23,3.8395361115864413e-31,4.715455061558966e-32,9.076555940604402e-14,15.764802798080233,24.3106295057503,24.3106295057503,24.3106295057503,51.07729291525965
895.0,30.0,25.0,1.0872984871129017,0.02375451859544686,1.1522391008881532,-0.06494061377525151,0.9174477763079867,0.6792358684659661,0.1341391283536962,0.13067692356805874,0.1460976180617599,0.06476358324394721,0.015763562684010152,0.010688952040901405,0.009669054938750999,0.010113346558740114,0.007887090617434927,43.088981982160185,12.549324558704276,13.514963395682075,14.446021127942068,8.211340072698428,6.982109101375924e-221,2.1079128415568073e-33,5.023988863412658e-38,1.0833487813770659e-42,7.560951262968854e-16,15.764802798080233,24.849498886853368,24.849498886853368,24.849498886853368,54.041308955480275
896.0,30.0,26.0,1.126969738486188,0.03081378806056989,1.2224148854646684,-0.09544514697848028,0.9273256158475444,0.7361738915748144,0.15665807499646722,0.13817261969465197,0.16276201098330226,0.06869125186620853,0.016424204471535024,0.0102402066651077,0.009319346161639432,0.009770243645919703,0.007919842175678878,44.82249918714089,15.298331383316823,14.82642851742134,16.658951084733257,8.673310697674403,2.14061546233118e-231,3.9583367129138426e-47,1.1832478799484216e-44,1.6501578926761982e-54,1.9403435584600525e-17,16.325446702958825,28.478971885047965,28.478971885047965,28.478971885047965,54.83773294019059
897.0,30.0,27.0,1.225971689444077,0.3370280756393069,1.2215710955204417,0.004400593923635343,0.9371012094574055,0.7826491876521885,0.17294117752831298,0.1449803883963272,0.17335501971927492,0.07179906860966785,0.016693321914575395,0.010197314105940852,0.009487413680254745,0.009784543583744896,0.007930606938816864,46.883969030084785,16.95948322583877,15.28133939158373,17.71723108344781,9.053414090949673,1.0700143591931875e-243,3.4866500068136944e-56,4.868976396962429e-47,1.7893179841834088e-60,8.427214516684105e-19,17.52913490511312,28.157918668787175,28.157918668787175,28.157918668787175,55.15990228842318
898.0,30.0,28.0,1.5896127237245992,-0.03347951075895983,1.597204256624142,-0.007591532899542841,0.9339446105400026,0.8131547492463611,0.18418796558207698,0.14870279289863006,0.1795899413383778,0.07438010065887304,0.016659329924275764,0.010157319036438371,0.009554038865587425,0.009719430599060405,0.007957735284068566,48.81077167824393,18.133521741447815,15.564390619577738,18.477413826663785,9.34689305483464,5.435271043165178e-255,7.209691275228839e-63,1.5205454587632033e-48,7.252043426989006e-65,6.9444486265783e-20,19.112657253703794,28.823439096802076,28.823439096802076,28.823439096802076,52.91278975843835
899.0,30.0,29.0,1.7434655223887983,0.2718802630654382,1.6486727012507034,0.09479282113809484,0.9260054521698718,0.8382998824940389,0.19412774048975873,0.15336805728880054,0.18504684059692522,0.07637166365294866,0.016813022547654457,0.010234589055397288,0.009806897492912373,0.00976252145207758,0.007949732526493032,49.86015334946351,18.96780998621376,15.63879477680301,18.954820381730897,9.606821789089736,4.657350792202513e-261,9.628759788406089e-68,6.076629058825525e-49,1.1486565907020638e-67,7.218368129044255e-21,17.731252787500157,26.187459866319834,26.187459866319834,26.187459866319834,51.439200294811386
900.0,30.0,30.0,1.9193892153902081,0.17514107483663466,1.8628359926584803,0.056553222731727804,0.9100624649292949,0.8525803232621614,0.19863281629208734,0.15393248676380006,0.18672521266787567,0.07803792783900738,0.01676757441690281,0.01018865173467946,0.009738592879637274,0.009698469442021327,0.007944503095991231,50.84696820565202,19.49549572059609,15.806440280059585,19.253059854871175,9.82288343224198,1.0404489560534543e-266,7.1226839595285205e-71,7.624806979656501e-50,1.9746064431043936e-69,1.0590600390259323e-21,17.1120029632002,25.96719215312518,25.96719215312518,25.96719215312518,48.8849309360317
