-1.292177304291305395e-01,2.600615956305675214e-01,2.072864629992863528e-01,-5.755763307347354363e-02,-3.040985151710547812e-02,4.399133067126963920e-02,5.689989399595807296e-01
-1.292177304291305395e-01,2.600615956305675214e-01,2.072864629992863528e-01,-5.755763307347354363e-02,-3.040985151710547812e-02,4.399133067126963920e-02,5.689989399595807296e-01
-1.292177304291305395e-01,2.600615956305675214e-01,2.072864629992863528e-01,-5.755763307347354363e-02,-3.040985151710547812e-02,4.399133067126963920e-02,5.689989399595807296e-01
-1.292177304291305395e-01,2.600615956305675214e-01,2.072864629992863528e-01,-5.755763307347354363e-02,-3.040985151710547812e-02,4.399133067126963920e-02,5.689989399595807296e-01
-1.292177304291305395e-01,2.600615956305675214e-01,2.072864629992863528e-01,-5.755763307347354363e-02,-3.040985151710547812e-02,4.399133067126963920e-02,5.689989399595807296e-01
-9.486231373336684314e-02,1.528939316991732300e-01,1.891949134355494500e-01,-1.011763468180435499e-01,-6.812019627856143178e-02,4.721758383287927990e-02,4.013543666615128069e-01
-9.486231373336684314e-02,1.528939316991732300e-01,1.891949134355494500e-01,-1.011763468180435499e-01,-6.812019627856143178e-02,4.721758383287927990e-02,4.013543666615128069e-01
-9.486231373336684314e-02,1.528939316991732300e-01,1.891949134355494500e-01,-1.011763468180435499e-01,-6.812019627856143178e-02,4.721758383287927990e-02,4.013543666615128069e-01
-9.486231373336684314e-02,1.528939316991732300e-01,1.891949134355494500e-01,-1.011763468180435499e-01,-6.812019627856143178e-02,4.721758383287927990e-02,4.013543666615128069e-01
-9.486231373336684314e-02,1.528939316991732300e-01,1.891949134355494500e-01,-1.011763468180435499e-01,-6.812019627856143178e-02,4.721758383287927990e-02,4.013543666615128069e-01
-1.229175468842144681e-01,1.990805447704022124e-01,2.153803100412247651e-01,-7.782057144380943869e-02,-4.711152199473597063e-02,4.238539509373288189e-02,4.772006945699243108e-01
-1.229175468842144681e-01,1.990805447704022124e-01,2.153803100412247651e-01,-7.782057144380943869e-02,-4.711152199473597063e-02,4.238539509373288189e-02,4.772006945699243108e-01
-1.229175468842144681e-01,1.990805447704022124e-01,2.153803100412247651e-01,-7.782057144380943869e-02,-4.711152199473597063e-02,4.238539509373288189e-02,4.772006945699243108e-01
-1.229175468842144681e-01,1.990805447704022124e-01,2.153803100412247651e-01,-7.782057144380943869e-02,-4.711152199473597063e-02,4.238539509373288189e-02,4.772006945699243108e-01
-1.229175468842144681e-01,1.990805447704022124e-01,2.153803100412247651e-01,-7.782057144380943869e-02,-4.711152199473597063e-02,4.238539509373288189e-02,4.772006945699243108e-01
-8.016719856792165269e-03,2.108508013473856801e-01,-1.212957795570716694e-02,5.533441414173185385e-02,2.802493013937207289e-02,-3.639212631598663650e-02,4.582992560516309100e-01
-8.016719856792165269e-03,2.108508013473856801e-01,-1.212957795570716694e-02,5.533441414173185385e-02,2.802493013937207289e-02,-3.639212631598663650e-02,4.582992560516309100e-01
-8.016719856792165269e-03,2.108508013473856801e-01,-1.212957795570716694e-02,5.533441414173185385e-02,2.802493013937207289e-02,-3.639212631598663650e-02,4.582992560516309100e-01
-8.016719856792165269e-03,2.108508013473856801e-01,-1.212957795570716694e-02,5.533441414173185385e-02,2.802493013937207289e-02,-3.639212631598663650e-02,4.582992560516309100e-01
-8.016719856792165269e-03,2.108508013473856801e-01,-1.212957795570716694e-02,5.533441414173185385e-02,2.802493013937207289e-02,-3.639212631598663650e-02,4.582992560516309100e-01
-9.319031748862564857e-02,6.213591242371667434e-02,1.088232948735676775e-01,7.049821417172690008e-02,-1.063236258795079298e-01,1.388211767826989240e-01,8.614998338511907772e-01
-9.319031748862564857e-02,6.213591242371667434e-02,1.088232948735676775e-01,7.049821417172690008e-02,-1.063236258795079298e-01,1.388211767826989240e-01,8.614998338511907772e-01
-9.319031748862564857e-02,6.213591242371667434e-02,1.088232948735676775e-01,7.049821417172690008e-02,-1.063236258795079298e-01,1.388211767826989240e-01,8.614998338511907772e-01
-9.319031748862564857e-02,6.213591242371667434e-02,1.088232948735676775e-01,7.049821417172690008e-02,-1.063236258795079298e-01,1.388211767826989240e-01,8.614998338511907772e-01
-9.319031748862564857e-02,6.213591242371667434e-02,1.088232948735676775e-01,7.049821417172690008e-02,-1.063236258795079298e-01,1.388211767826989240e-01,8.614998338511907772e-01
-5.548891102829639488e-02,1.285860113769994317e-01,-6.075761236182335157e-02,-2.510535850622511167e-02,8.974384870633916877e-02,2.967332123061954818e-01,1.133129188137460774e+00
-5.548891102829639488e-02,1.285860113769994317e-01,-6.075761236182335157e-02,-2.510535850622511167e-02,8.974384870633916877e-02,2.967332123061954818e-01,1.133129188137460774e+00
-5.548891102829639488e-02,1.285860113769994317e-01,-6.075761236182335157e-02,-2.510535850622511167e-02,8.974384870633916877e-02,2.967332123061954818e-01,1.133129188137460774e+00
-5.548891102829639488e-02,1.285860113769994317e-01,-6.075761236182335157e-02,-2.510535850622511167e-02,8.974384870633916877e-02,2.967332123061954818e-01,1.133129188137460774e+00
-5.548891102829639488e-02,1.285860113769994317e-01,-6.075761236182335157e-02,-2.510535850622511167e-02,8.974384870633916877e-02,2.967332123061954818e-01,1.133129188137460774e+00
-1.480084111890074827e-01,1.669671282240092480e-01,3.147133867173837474e-02,1.658556797398996405e-02,2.641345617715652738e-02,2.972692240550022236e-01,1.177119817902060994e+00
-1.480084111890074827e-01,1.669671282240092480e-01,3.147133867173837474e-02,1.658556797398996405e-02,2.641345617715652738e-02,2.972692240550022236e-01,1.177119817902060994e+00
-1.480084111890074827e-01,1.669671282240092480e-01,3.147133867173837474e-02,1.658556797398996405e-02,2.641345617715652738e-02,2.972692240550022236e-01,1.177119817902060994e+00
-1.480084111890074827e-01,1.669671282240092480e-01,3.147133867173837474e-02,1.658556797398996405e-02,2.641345617715652738e-02,2.972692240550022236e-01,1.177119817902060994e+00
-1.480084111890074827e-01,1.669671282240092480e-01,3.147133867173837474e-02,1.658556797398996405e-02,2.641345617715652738e-02,2.972692240550022236e-01,1.177119817902060994e+00
-1.932265505672013939e-01,2.176061043816193141e-01,2.687298541176668179e-02,4.558612900538423426e-03,1.074643237553697533e-01,3.086381925559267825e-01,1.168024557646332617e+00
-1.932265505672013939e-01,2.176061043816193141e-01,2.687298541176668179e-02,4.558612900538423426e-03,1.074643237553697533e-01,3.086381925559267825e-01,1.168024557646332617e+00
-1.932265505672013939e-01,2.176061043816193141e-01,2.687298541176668179e-02,4.558612900538423426e-03,1.074643237553697533e-01,3.086381925559267825e-01,1.168024557646332617e+00
-1.932265505672013939e-01,2.176061043816193141e-01,2.687298541176668179e-02,4.558612900538423426e-03,1.074643237553697533e-01,3.086381925559267825e-01,1.168024557646332617e+00
-1.932265505672013939e-01,2.176061043816193141e-01,2.687298541176668179e-02,4.558612900538423426e-03,1.074643237553697533e-01,3.086381925559267825e-01,1.168024557646332617e+00
-1.281043248919898070e-01,2.283789455634213095e-01,3.141605704601315580e-02,-4.393024607646580509e-02,-2.661286490492868057e-02,-9.811936087727705577e-03,4.689380698641750778e-01
-1.281043248919898070e-01,2.283789455634213095e-01,3.141605704601315580e-02,-4.393024607646580509e-02,-2.661286490492868057e-02,-9.811936087727705577e-03,4.689380698641750778e-01
-1.281043248919898070e-01,2.283789455634213095e-01,3.141605704601315580e-02,-4.393024607646580509e-02,-2.661286490492868057e-02,-9.811936087727705577e-03,4.689380698641750778e-01
-1.281043248919898070e-01,2.283789455634213095e-01,3.141605704601315580e-02,-4.393024607646580509e-02,-2.661286490492868057e-02,-9.811936087727705577e-03,4.689380698641750778e-01
-1.281043248919898070e-01,2.283789455634213095e-01,3.141605704601315580e-02,-4.393024607646580509e-02,-2.661286490492868057e-02,-9.811936087727705577e-03,4.689380698641750778e-01
-8.349642871119375420e-02,1.716617593598109559e-01,1.033569648981328831e-01,-1.039618429519837545e-01,-5.226252493384174469e-02,2.762501274365656428e-02,4.184780044209076566e-01
-8.349642871119375420e-02,1.716617593598109559e-01,1.033569648981328831e-01,-1.039618429519837545e-01,-5.226252493384174469e-02,2.762501274365656428e-02,4.184780044209076566e-01
-8.349642871119375420e-02,1.716617593598109559e-01,1.033569648981328831e-01,-1.039618429519837545e-01,-5.226252493384174469e-02,2.762501274365656428e-02,4.184780044209076566e-01
-8.349642871119375420e-02,1.716617593598109559e-01,1.033569648981328831e-01,-1.039618429519837545e-01,-5.226252493384174469e-02,2.762501274365656428e-02,4.184780044209076566e-01
-8.349642871119375420e-02,1.716617593598109559e-01,1.033569648981328831e-01,-1.039618429519837545e-01,-5.226252493384174469e-02,2.762501274365656428e-02,4.184780044209076566e-01
-7.576543227371798639e-02,9.360032940537807433e-02,-6.169266715273344533e-03,-2.517535265254242094e-02,-6.539496234141203845e-02,5.778839301484842150e-02,7.215466714106404389e-01
-7.576543227371798639e-02,9.360032940537807433e-02,-6.169266715273344533e-03,-2.517535265254242094e-02,-6.539496234141203845e-02,5.778839301484842150e-02,7.215466714106404389e-01
-7.576543227371798639e-02,9.360032940537807433e-02,-6.169266715273344533e-03,-2.517535265254242094e-02,-6.539496234141203845e-02,5.778839301484842150e-02,7.215466714106404389e-01
-7.576543227371798639e-02,9.360032940537807433e-02,-6.169266715273344533e-03,-2.517535265254242094e-02,-6.539496234141203845e-02,5.778839301484842150e-02,7.215466714106404389e-01
-7.576543227371798639e-02,9.360032940537807433e-02,-6.169266715273344533e-03,-2.517535265254242094e-02,-6.539496234141203845e-02,5.778839301484842150e-02,7.215466714106404389e-01
-8.999176951275540681e-02,1.716223701379228361e-01,-3.176509687800876947e-02,9.813148838028008802e-03,-5.939430954109994887e-02,-3.699431923631213166e-03,5.661820413214331271e-01
-8.999176951275540681e-02,1.716223701379228361e-01,-3.176509687800876947e-02,9.813148838028008802e-03,-5.939430954109994887e-02,-3.699431923631213166e-03,5.661820413214331271e-01
-8.999176951275540681e-02,1.716223701379228361e-01,-3.176509687800876947e-02,9.813148838028008802e-03,-5.939430954109994887e-02,-3.699431923631213166e-03,5.661820413214331271e-01
-8.999176951275540681e-02,1.716223701379228361e-01,-3.176509687800876947e-02,9.813148838028008802e-03,-5.939430954109994887e-02,-3.699431923631213166e-03,5.661820413214331271e-01
-8.999176951275540681e-02,1.716223701379228361e-01,-3.176509687800876947e-02,9.813148838028008802e-03,-5.939430954109994887e-02,-3.699431923631213166e-03,5.661820413214331271e-01
-9.227309724978546845e-02,2.432489536001911368e-01,1.895639473204266956e-01,-9.066362682412719420e-02,-5.601586660836859605e-02,5.648888968624250079e-02,6.000865096653782427e-01
-9.227309724978546845e-02,2.432489536001911368e-01,1.895639473204266956e-01,-9.066362682412719420e-02,-5.601586660836859605e-02,5.648888968624250079e-02,6.000865096653782427e-01
-9.227309724978546845e-02,2.432489536001911368e-01,1.895639473204266956e-01,-9.066362682412719420e-02,-5.601586660836859605e-02,5.648888968624250079e-02,6.000865096653782427e-01
-9.227309724978546845e-02,2.432489536001911368e-01,1.895639473204266956e-01,-9.066362682412719420e-02,-5.601586660836859605e-02,5.648888968624250079e-02,6.000865096653782427e-01
-9.227309724978546845e-02,2.432489536001911368e-01,1.895639473204266956e-01,-9.066362682412719420e-02,-5.601586660836859605e-02,5.648888968624250079e-02,6.000865096653782427e-01
-4.494865575263331386e-02,1.839418252977246260e-01,6.241482215343518297e-02,-1.302468732814929253e-01,-3.273489727626557877e-02,2.027316720859673529e-02,4.131019526817993337e-01
-4.494865575263331386e-02,1.839418252977246260e-01,6.241482215343518297e-02,-1.302468732814929253e-01,-3.273489727626557877e-02,2.027316720859673529e-02,4.131019526817993337e-01
-4.494865575263331386e-02,1.839418252977246260e-01,6.241482215343518297e-02,-1.302468732814929253e-01,-3.273489727626557877e-02,2.027316720859673529e-02,4.131019526817993337e-01
-4.494865575263331386e-02,1.839418252977246260e-01,6.241482215343518297e-02,-1.302468732814929253e-01,-3.273489727626557877e-02,2.027316720859673529e-02,4.131019526817993337e-01
-4.494865575263331386e-02,1.839418252977246260e-01,6.241482215343518297e-02,-1.302468732814929253e-01,-3.273489727626557877e-02,2.027316720859673529e-02,4.131019526817993337e-01
-9.391134912838923487e-02,3.081526418568122372e-01,1.856225086474727615e-01,2.867242445593897252e-02,2.237008105721514407e-03,6.894126565853656019e-02,7.236400243460974213e-01
-9.391134912838923487e-02,3.081526418568122372e-01,1.856225086474727615e-01,2.867242445593897252e-02,2.237008105721514407e-03,6.894126565853656019e-02,7.236400243460974213e-01
-9.391134912838923487e-02,3.081526418568122372e-01,1.856225086474727615e-01,2.867242445593897252e-02,2.237008105721514407e-03,6.894126565853656019e-02,7.236400243460974213e-01
-9.391134912838923487e-02,3.081526418568122372e-01,1.856225086474727615e-01,2.867242445593897252e-02,2.237008105721514407e-03,6.894126565853656019e-02,7.236400243460974213e-01
-9.391134912838923487e-02,3.081526418568122372e-01,1.856225086474727615e-01,2.867242445593897252e-02,2.237008105721514407e-03,6.894126565853656019e-02,7.236400243460974213e-01
-1.015818520956305870e-01,2.190106818803665978e-01,1.556962289024345913e-01,7.014446545454514070e-02,3.066480469504389433e-02,8.155754860126518402e-02,7.071266575998078618e-01
-1.015818520956305870e-01,2.190106818803665978e-01,1.556962289024345913e-01,7.014446545454514070e-02,3.066480469504389433e-02,8.155754860126518402e-02,7.071266575998078618e-01
-1.015818520956305870e-01,2.190106818803665978e-01,1.556962289024345913e-01,7.014446545454514070e-02,3.066480469504389433e-02,8.155754860126518402e-02,7.071266575998078618e-01
-1.015818520956305870e-01,2.190106818803665978e-01,1.556962289024345913e-01,7.014446545454514070e-02,3.066480469504389433e-02,8.155754860126518402e-02,7.071266575998078618e-01
-1.015818520956305870e-01,2.190106818803665978e-01,1.556962289024345913e-01,7.014446545454514070e-02,3.066480469504389433e-02,8.155754860126518402e-02,7.071266575998078618e-01
-8.571485712389306788e-02,1.036636971181420508e-01,1.401349065906046243e-01,1.755182358552282995e-01,4.507143020542672684e-02,1.125692552320327333e-01,7.876767972477130009e-01
-8.571485712389306788e-02,1.036636971181420508e-01,1.401349065906046243e-01,1.755182358552282995e-01,4.507143020542672684e-02,1.125692552320327333e-01,7.876767972477130009e-01
-8.571485712389306788e-02,1.036636971181420508e-01,1.401349065906046243e-01,1.755182358552282995e-01,4.507143020542672684e-02,1.125692552320327333e-01,7.876767972477130009e-01
-8.571485712389306788e-02,1.036636971181420508e-01,1.401349065906046243e-01,1.755182358552282995e-01,4.507143020542672684e-02,1.125692552320327333e-01,7.876767972477130009e-01
-8.571485712389306788e-02,1.036636971181420508e-01,1.401349065906046243e-01,1.755182358552282995e-01,4.507143020542672684e-02,1.125692552320327333e-01,7.876767972477130009e-01
-1.661392485846731604e-01,1.543918996969859125e-01,-1.897355269871383102e-02,6.729854832276402354e-02,2.526230724584424894e-02,1.928117319230608917e-01,1.147835370830839974e+00
-1.661392485846731604e-01,1.543918996969859125e-01,-1.897355269871383102e-02,6.729854832276402354e-02,2.526230724584424894e-02,1.928117319230608917e-01,1.147835370830839974e+00
-1.661392485846731604e-01,1.543918996969859125e-01,-1.897355269871383102e-02,6.729854832276402354e-02,2.526230724584424894e-02,1.928117319230608917e-01,1.147835370830839974e+00
-1.661392485846731604e-01,1.543918996969859125e-01,-1.897355269871383102e-02,6.729854832276402354e-02,2.526230724584424894e-02,1.928117319230608917e-01,1.147835370830839974e+00
-1.661392485846731604e-01,1.543918996969859125e-01,-1.897355269871383102e-02,6.729854832276402354e-02,2.526230724584424894e-02,1.928117319230608917e-01,1.147835370830839974e+00
1.917545192176493482e-02,1.983590335055587517e-01,-1.971253980917292425e-02,7.442062492829272513e-02,1.637570540783902726e-02,-4.126047336340275817e-02,4.616477000863362656e-01
1.917545192176493482e-02,1.983590335055587517e-01,-1.971253980917292425e-02,7.442062492829272513e-02,1.637570540783902726e-02,-4.126047336340275817e-02,4.616477000863362656e-01
1.917545192176493482e-02,1.983590335055587517e-01,-1.971253980917292425e-02,7.442062492829272513e-02,1.637570540783902726e-02,-4.126047336340275817e-02,4.616477000863362656e-01
1.917545192176493482e-02,1.983590335055587517e-01,-1.971253980917292425e-02,7.442062492829272513e-02,1.637570540783902726e-02,-4.126047336340275817e-02,4.616477000863362656e-01
1.917545192176493482e-02,1.983590335055587517e-01,-1.971253980917292425e-02,7.442062492829272513e-02,1.637570540783902726e-02,-4.126047336340275817e-02,4.616477000863362656e-01
-8.146908612141873229e-02,2.609492079503369921e-01,1.845584329888475261e-01,-9.022287447975943508e-02,-5.903887170538557605e-02,6.041209729025230624e-02,6.384839576125027616e-01
-8.146908612141873229e-02,2.609492079503369921e-01,1.845584329888475261e-01,-9.022287447975943508e-02,-5.903887170538557605e-02,6.041209729025230624e-02,6.384839576125027616e-01
-8.146908612141873229e-02,2.609492079503369921e-01,1.845584329888475261e-01,-9.022287447975943508e-02,-5.903887170538557605e-02,6.041209729025230624e-02,6.384839576125027616e-01
-8.146908612141873229e-02,2.609492079503369921e-01,1.845584329888475261e-01,-9.022287447975943508e-02,-5.903887170538557605e-02,6.041209729025230624e-02,6.384839576125027616e-01
-8.146908612141873229e-02,2.609492079503369921e-01,1.845584329888475261e-01,-9.022287447975943508e-02,-5.903887170538557605e-02,6.041209729025230624e-02,6.384839576125027616e-01
-1.104951539248797965e-01,1.861336577373408074e-01,1.419642730852560542e-01,4.325687380324126641e-02,2.840057760059910147e-02,7.709531942373032409e-02,6.584601446323414820e-01
-1.104951539248797965e-01,1.861336577373408074e-01,1.419642730852560542e-01,4.325687380324126641e-02,2.840057760059910147e-02,7.709531942373032409e-02,6.584601446323414820e-01
-1.104951539248797965e-01,1.861336577373408074e-01,1.419642730852560542e-01,4.325687380324126641e-02,2.840057760059910147e-02,7.709531942373032409e-02,6.584601446323414820e-01
-1.104951539248797965e-01,1.861336577373408074e-01,1.419642730852560542e-01,4.325687380324126641e-02,2.840057760059910147e-02,7.709531942373032409e-02,6.584601446323414820e-01
-1.104951539248797965e-01,1.861336577373408074e-01,1.419642730852560542e-01,4.325687380324126641e-02,2.840057760059910147e-02,7.709531942373032409e-02,6.584601446323414820e-01
-2.580580659373696850e-01,2.068388249750444108e-01,6.962058034538927409e-02,9.723939078511603662e-02,8.516300487986797063e-02,2.604558282509779610e-01,1.159676414324364302e+00
-2.580580659373696850e-01,2.068388249750444108e-01,6.962058034538927409e-02,9.723939078511603662e-02,8.516300487986797063e-02,2.604558282509779610e-01,1.159676414324364302e+00
-2.580580659373696850e-01,2.068388249750444108e-01,6.962058034538927409e-02,9.723939078511603662e-02,8.516300487986797063e-02,2.604558282509779610e-01,1.159676414324364302e+00
-2.580580659373696850e-01,2.068388249750444108e-01,6.962058034538927409e-02,9.723939078511603662e-02,8.516300487986797063e-02,2.604558282509779610e-01,1.159676414324364302e+00
-2.580580659373696850e-01,2.068388249750444108e-01,6.962058034538927409e-02,9.723939078511603662e-02,8.516300487986797063e-02,2.604558282509779610e-01,1.159676414324364302e+00
-1.212451065042913778e-01,1.951743788934416912e-01,-4.222122420802903314e-02,-8.227637312266959657e-02,1.475436244808134012e-01,2.996522312755314221e-01,1.120175448787065653e+00
-1.212451065042913778e-01,1.951743788934416912e-01,-4.222122420802903314e-02,-8.227637312266959657e-02,1.475436244808134012e-01,2.996522312755314221e-01,1.120175448787065653e+00
-1.212451065042913778e-01,1.951743788934416912e-01,-4.222122420802903314e-02,-8.227637312266959657e-02,1.475436244808134012e-01,2.996522312755314221e-01,1.120175448787065653e+00
-1.212451065042913778e-01,1.951743788934416912e-01,-4.222122420802903314e-02,-8.227637312266959657e-02,1.475436244808134012e-01,2.996522312755314221e-01,1.120175448787065653e+00
-1.212451065042913778e-01,1.951743788934416912e-01,-4.222122420802903314e-02,-8.227637312266959657e-02,1.475436244808134012e-01,2.996522312755314221e-01,1.120175448787065653e+00
-7.709014737153123409e-02,2.010264279718894376e-01,1.925394242365899566e-01,-1.156279518187350031e-01,-6.705988408035519488e-02,5.918624792573633220e-02,5.234050383348077817e-01
-7.709014737153123409e-02,2.010264279718894376e-01,1.925394242365899566e-01,-1.156279518187350031e-01,-6.705988408035519488e-02,5.918624792573633220e-02,5.234050383348077817e-01
-7.709014737153123409e-02,2.010264279718894376e-01,1.925394242365899566e-01,-1.156279518187350031e-01,-6.705988408035519488e-02,5.918624792573633220e-02,5.234050383348077817e-01
-7.709014737153123409e-02,2.010264279718894376e-01,1.925394242365899566e-01,-1.156279518187350031e-01,-6.705988408035519488e-02,5.918624792573633220e-02,5.234050383348077817e-01
-7.709014737153123409e-02,2.010264279718894376e-01,1.925394242365899566e-01,-1.156279518187350031e-01,-6.705988408035519488e-02,5.918624792573633220e-02,5.234050383348077817e-01
-8.732116493016289782e-02,3.193939851367211258e-01,1.858036839048640143e-01,4.039725998416968111e-02,5.629520757513845758e-04,7.104436708584277449e-02,7.382901036011353391e-01
-8.732116493016289782e-02,3.193939851367211258e-01,1.858036839048640143e-01,4.039725998416968111e-02,5.629520757513845758e-04,7.104436708584277449e-02,7.382901036011353391e-01
-8.732116493016289782e-02,3.193939851367211258e-01,1.858036839048640143e-01,4.039725998416968111e-02,5.629520757513845758e-04,7.104436708584277449e-02,7.382901036011353391e-01
-8.732116493016289782e-02,3.193939851367211258e-01,1.858036839048640143e-01,4.039725998416968111e-02,5.629520757513845758e-04,7.104436708584277449e-02,7.382901036011353391e-01
-8.732116493016289782e-02,3.193939851367211258e-01,1.858036839048640143e-01,4.039725998416968111e-02,5.629520757513845758e-04,7.104436708584277449e-02,7.382901036011353391e-01
7.180448749690034049e-02,1.409977001867580848e-01,-2.483659547478652210e-02,8.844950213825332475e-02,-4.911189669987120476e-02,-3.042391218932237115e-02,5.496092446103473250e-01
7.180448749690034049e-02,1.409977001867580848e-01,-2.483659547478652210e-02,8.844950213825332475e-02,-4.911189669987120476e-02,-3.042391218932237115e-02,5.496092446103473250e-01
7.180448749690034049e-02,1.409977001867580848e-01,-2.483659547478652210e-02,8.844950213825332475e-02,-4.911189669987120476e-02,-3.042391218932237115e-02,5.496092446103473250e-01
7.180448749690034049e-02,1.409977001867580848e-01,-2.483659547478652210e-02,8.844950213825332475e-02,-4.911189669987120476e-02,-3.042391218932237115e-02,5.496092446103473250e-01
7.180448749690034049e-02,1.409977001867580848e-01,-2.483659547478652210e-02,8.844950213825332475e-02,-4.911189669987120476e-02,-3.042391218932237115e-02,5.496092446103473250e-01
-1.703673122759234992e-01,2.122625970487514446e-01,-5.701471649719701273e-03,-5.161151159097483038e-02,1.065030411681185396e-01,3.024619337500196181e-01,1.145101693475533589e+00
-1.703673122759234992e-01,2.122625970487514446e-01,-5.701471649719701273e-03,-5.161151159097483038e-02,1.065030411681185396e-01,3.024619337500196181e-01,1.145101693475533589e+00
-1.703673122759234992e-01,2.122625970487514446e-01,-5.701471649719701273e-03,-5.161151159097483038e-02,1.065030411681185396e-01,3.024619337500196181e-01,1.145101693475533589e+00
-1.703673122759234992e-01,2.122625970487514446e-01,-5.701471649719701273e-03,-5.161151159097483038e-02,1.065030411681185396e-01,3.024619337500196181e-01,1.145101693475533589e+00
-1.703673122759234992e-01,2.122625970487514446e-01,-5.701471649719701273e-03,-5.161151159097483038e-02,1.065030411681185396e-01,3.024619337500196181e-01,1.145101693475533589e+00
-1.776078199040194705e-01,2.150300391617430695e-01,3.082095965592156900e-02,1.732286952665934229e-02,1.215187584421924399e-01,3.136509015215814267e-01,1.170283687636035186e+00
-1.776078199040194705e-01,2.150300391617430695e-01,3.082095965592156900e-02,1.732286952665934229e-02,1.215187584421924399e-01,3.136509015215814267e-01,1.170283687636035186e+00
-1.776078199040194705e-01,2.150300391617430695e-01,3.082095965592156900e-02,1.732286952665934229e-02,1.215187584421924399e-01,3.136509015215814267e-01,1.170283687636035186e+00
-1.776078199040194705e-01,2.150300391617430695e-01,3.082095965592156900e-02,1.732286952665934229e-02,1.215187584421924399e-01,3.136509015215814267e-01,1.170283687636035186e+00
-1.776078199040194705e-01,2.150300391617430695e-01,3.082095965592156900e-02,1.732286952665934229e-02,1.215187584421924399e-01,3.136509015215814267e-01,1.170283687636035186e+00
-9.164596501952690377e-02,1.169215264248556069e-01,4.447504456765887654e-02,-4.043443335793047745e-03,-2.786316965703300452e-02,2.867814639498021956e-01,1.156845310701480001e+00
-9.164596501952690377e-02,1.169215264248556069e-01,4.447504456765887654e-02,-4.043443335793047745e-03,-2.786316965703300452e-02,2.867814639498021956e-01,1.156845310701480001e+00
-9.164596501952690377e-02,1.169215264248556069e-01,4.447504456765887654e-02,-4.043443335793047745e-03,-2.786316965703300452e-02,2.867814639498021956e-01,1.156845310701480001e+00
-9.164596501952690377e-02,1.169215264248556069e-01,4.447504456765887654e-02,-4.043443335793047745e-03,-2.786316965703300452e-02,2.867814639498021956e-01,1.156845310701480001e+00
-9.164596501952690377e-02,1.169215264248556069e-01,4.447504456765887654e-02,-4.043443335793047745e-03,-2.786316965703300452e-02,2.867814639498021956e-01,1.156845310701480001e+00
5.624196183729286702e-02,1.844349107898737294e-01,-1.972860176951714284e-02,8.087031905722094627e-02,2.588957463061928449e-03,-4.195931663195999473e-02,4.621280515730299965e-01
5.624196183729286702e-02,1.844349107898737294e-01,-1.972860176951714284e-02,8.087031905722094627e-02,2.588957463061928449e-03,-4.195931663195999473e-02,4.621280515730299965e-01
5.624196183729286702e-02,1.844349107898737294e-01,-1.972860176951714284e-02,8.087031905722094627e-02,2.588957463061928449e-03,-4.195931663195999473e-02,4.621280515730299965e-01
5.624196183729286702e-02,1.844349107898737294e-01,-1.972860176951714284e-02,8.087031905722094627e-02,2.588957463061928449e-03,-4.195931663195999473e-02,4.621280515730299965e-01
5.624196183729286702e-02,1.844349107898737294e-01,-1.972860176951714284e-02,8.087031905722094627e-02,2.588957463061928449e-03,-4.195931663195999473e-02,4.621280515730299965e-01
-2.268287349845018452e-01,2.026507815764136966e-01,2.041850458503902122e-02,8.734922869256991906e-02,8.644957634408258207e-02,2.545802263278277300e-01,1.187401662517034939e+00
-2.268287349845018452e-01,2.026507815764136966e-01,2.041850458503902122e-02,8.734922869256991906e-02,8.644957634408258207e-02,2.545802263278277300e-01,1.187401662517034939e+00
-2.268287349845018452e-01,2.026507815764136966e-01,2.041850458503902122e-02,8.734922869256991906e-02,8.644957634408258207e-02,2.545802263278277300e-01,1.187401662517034939e+00
-2.268287349845018452e-01,2.026507815764136966e-01,2.041850458503902122e-02,8.734922869256991906e-02,8.644957634408258207e-02,2.545802263278277300e-01,1.187401662517034939e+00
-2.268287349845018452e-01,2.026507815764136966e-01,2.041850458503902122e-02,8.734922869256991906e-02,8.644957634408258207e-02,2.545802263278277300e-01,1.187401662517034939e+00
-7.224140001734946637e-02,1.595555684252196460e-01,2.018117922934448694e-01,-1.256249629679621060e-01,-6.929239136955198108e-02,6.333282633217666990e-02,4.160241795521038011e-01
-7.224140001734946637e-02,1.595555684252196460e-01,2.018117922934448694e-01,-1.256249629679621060e-01,-6.929239136955198108e-02,6.333282633217666990e-02,4.160241795521038011e-01
-7.224140001734946637e-02,1.595555684252196460e-01,2.018117922934448694e-01,-1.256249629679621060e-01,-6.929239136955198108e-02,6.333282633217666990e-02,4.160241795521038011e-01
-7.224140001734946637e-02,1.595555684252196460e-01,2.018117922934448694e-01,-1.256249629679621060e-01,-6.929239136955198108e-02,6.333282633217666990e-02,4.160241795521038011e-01
-7.224140001734946637e-02,1.595555684252196460e-01,2.018117922934448694e-01,-1.256249629679621060e-01,-6.929239136955198108e-02,6.333282633217666990e-02,4.160241795521038011e-01
-2.268908884929139447e-01,2.250263263625963961e-01,7.078606500778734933e-02,7.029980986786911468e-02,8.128538338447563460e-02,3.062061415751933247e-01,1.189571929103440340e+00
-2.268908884929139447e-01,2.250263263625963961e-01,7.078606500778734933e-02,7.029980986786911468e-02,8.128538338447563460e-02,3.062061415751933247e-01,1.189571929103440340e+00
-2.268908884929139447e-01,2.250263263625963961e-01,7.078606500778734933e-02,7.029980986786911468e-02,8.128538338447563460e-02,3.062061415751933247e-01,1.189571929103440340e+00
-2.268908884929139447e-01,2.250263263625963961e-01,7.078606500778734933e-02,7.029980986786911468e-02,8.128538338447563460e-02,3.062061415751933247e-01,1.189571929103440340e+00
-2.268908884929139447e-01,2.250263263625963961e-01,7.078606500778734933e-02,7.029980986786911468e-02,8.128538338447563460e-02,3.062061415751933247e-01,1.189571929103440340e+00
-1.160147277717492598e-01,1.716636891013713639e-01,1.734577587882831229e-01,-7.498540313303546367e-02,-5.184554149555445357e-02,3.450808827503231563e-02,4.221664032861867089e-01
-1.160147277717492598e-01,1.716636891013713639e-01,1.734577587882831229e-01,-7.498540313303546367e-02,-5.184554149555445357e-02,3.450808827503231563e-02,4.221664032861867089e-01
-1.160147277717492598e-01,1.716636891013713639e-01,1.734577587882831229e-01,-7.498540313303546367e-02,-5.184554149555445357e-02,3.450808827503231563e-02,4.221664032861867089e-01
-1.160147277717492598e-01,1.716636891013713639e-01,1.734577587882831229e-01,-7.498540313303546367e-02,-5.184554149555445357e-02,3.450808827503231563e-02,4.221664032861867089e-01
-1.160147277717492598e-01,1.716636891013713639e-01,1.734577587882831229e-01,-7.498540313303546367e-02,-5.184554149555445357e-02,3.450808827503231563e-02,4.221664032861867089e-01
-5.934502599746666052e-02,2.246976213132222677e-01,1.385023645907500905e-02,-9.475727284545677753e-02,-1.067084680750555147e-02,-7.050726076587679990e-03,4.556656101064548992e-01
-5.934502599746666052e-02,2.246976213132222677e-01,1.385023645907500905e-02,-9.475727284545677753e-02,-1.067084680750555147e-02,-7.050726076587679990e-03,4.556656101064548992e-01
-5.934502599746666052e-02,2.246976213132222677e-01,1.385023645907500905e-02,-9.475727284545677753e-02,-1.067084680750555147e-02,-7.050726076587679990e-03,4.556656101064548992e-01
-5.934502599746666052e-02,2.246976213132222677e-01,1.385023645907500905e-02,-9.475727284545677753e-02,-1.067084680750555147e-02,-7.050726076587679990e-03,4.556656101064548992e-01
-5.934502599746666052e-02,2.246976213132222677e-01,1.385023645907500905e-02,-9.475727284545677753e-02,-1.067084680750555147e-02,-7.050726076587679990e-03,4.556656101064548992e-01
-3.806923764483034767e-02,9.092946769374266047e-02,1.190573352183966760e-01,1.622449548250069762e-01,-2.780977315000163208e-02,1.515118967820306972e-01,9.538450088493889423e-01
-3.806923764483034767e-02,9.092946769374266047e-02,1.190573352183966760e-01,1.622449548250069762e-01,-2.780977315000163208e-02,1.515118967820306972e-01,9.538450088493889423e-01
-3.806923764483034767e-02,9.092946769374266047e-02,1.190573352183966760e-01,1.622449548250069762e-01,-2.780977315000163208e-02,1.515118967820306972e-01,9.538450088493889423e-01
-3.806923764483034767e-02,9.092946769374266047e-02,1.190573352183966760e-01,1.622449548250069762e-01,-2.780977315000163208e-02,1.515118967820306972e-01,9.538450088493889423e-01
-3.806923764483034767e-02,9.092946769374266047e-02,1.190573352183966760e-01,1.622449548250069762e-01,-2.780977315000163208e-02,1.515118967820306972e-01,9.538450088493889423e-01
-6.940824753066771047e-02,1.879831322947150551e-01,6.171333538406277575e-02,-1.131268135856734192e-01,-4.111957542254237458e-02,1.894294488670042464e-02,4.284029452573235863e-01
-6.940824753066771047e-02,1.879831322947150551e-01,6.171333538406277575e-02,-1.131268135856734192e-01,-4.111957542254237458e-02,1.894294488670042464e-02,4.284029452573235863e-01
-6.940824753066771047e-02,1.879831322947150551e-01,6.171333538406277575e-02,-1.131268135856734192e-01,-4.111957542254237458e-02,1.894294488670042464e-02,4.284029452573235863e-01
-6.940824753066771047e-02,1.879831322947150551e-01,6.171333538406277575e-02,-1.131268135856734192e-01,-4.111957542254237458e-02,1.894294488670042464e-02,4.284029452573235863e-01
-6.940824753066771047e-02,1.879831322947150551e-01,6.171333538406277575e-02,-1.131268135856734192e-01,-4.111957542254237458e-02,1.894294488670042464e-02,4.284029452573235863e-01
-2.120294015070028903e-01,1.886944621947820866e-01,4.027719402948711641e-02,9.720320915810022611e-02,8.040226584484896910e-02,2.176118940295733994e-01,1.136409503634806084e+00
-2.120294015070028903e-01,1.886944621947820866e-01,4.027719402948711641e-02,9.720320915810022611e-02,8.040226584484896910e-02,2.176118940295733994e-01,1.136409503634806084e+00
-2.120294015070028903e-01,1.886944621947820866e-01,4.027719402948711641e-02,9.720320915810022611e-02,8.040226584484896910e-02,2.176118940295733994e-01,1.136409503634806084e+00
-2.120294015070028903e-01,1.886944621947820866e-01,4.027719402948711641e-02,9.720320915810022611e-02,8.040226584484896910e-02,2.176118940295733994e-01,1.136409503634806084e+00
-2.120294015070028903e-01,1.886944621947820866e-01,4.027719402948711641e-02,9.720320915810022611e-02,8.040226584484896910e-02,2.176118940295733994e-01,1.136409503634806084e+00
-2.970258765158606887e-02,8.822592436891711631e-02,-9.421707948796044854e-03,-3.614665636042274643e-02,-4.007551967000022586e-02,2.395047388432508528e-02,6.884189636968984782e-01
-2.970258765158606887e-02,8.822592436891711631e-02,-9.421707948796044854e-03,-3.614665636042274643e-02,-4.007551967000022586e-02,2.395047388432508528e-02,6.884189636968984782e-01
-2.970258765158606887e-02,8.822592436891711631e-02,-9.421707948796044854e-03,-3.614665636042274643e-02,-4.007551967000022586e-02,2.395047388432508528e-02,6.884189636968984782e-01
-2.970258765158606887e-02,8.822592436891711631e-02,-9.421707948796044854e-03,-3.614665636042274643e-02,-4.007551967000022586e-02,2.395047388432508528e-02,6.884189636968984782e-01
-2.970258765158606887e-02,8.822592436891711631e-02,-9.421707948796044854e-03,-3.614665636042274643e-02,-4.007551967000022586e-02,2.395047388432508528e-02,6.884189636968984782e-01
-9.217142431173307171e-02,2.356598286490957928e-01,-4.955262453758191993e-02,4.706826009406527012e-02,4.905413364906911072e-03,-3.784933011137742859e-02,5.380463833031294829e-01
-9.217142431173307171e-02,2.356598286490957928e-01,-4.955262453758191993e-02,4.706826009406527012e-02,4.905413364906911072e-03,-3.784933011137742859e-02,5.380463833031294829e-01
-9.217142431173307171e-02,2.356598286490957928e-01,-4.955262453758191993e-02,4.706826009406527012e-02,4.905413364906911072e-03,-3.784933011137742859e-02,5.380463833031294829e-01
-9.217142431173307171e-02,2.356598286490957928e-01,-4.955262453758191993e-02,4.706826009406527012e-02,4.905413364906911072e-03,-3.784933011137742859e-02,5.380463833031294829e-01
-9.217142431173307171e-02,2.356598286490957928e-01,-4.955262453758191993e-02,4.706826009406527012e-02,4.905413364906911072e-03,-3.784933011137742859e-02,5.380463833031294829e-01
-1.392212016248217388e-01,2.017531777597902087e-01,-3.207503728102344132e-02,-8.049558887501565008e-02,1.266234044756185950e-01,2.992290420150769958e-01,1.124986653830273742e+00
-1.392212016248217388e-01,2.017531777597902087e-01,-3.207503728102344132e-02,-8.049558887501565008e-02,1.266234044756185950e-01,2.992290420150769958e-01,1.124986653830273742e+00
-1.392212016248217388e-01,2.017531777597902087e-01,-3.207503728102344132e-02,-8.049558887501565008e-02,1.266234044756185950e-01,2.992290420150769958e-01,1.124986653830273742e+00
-1.392212016248217388e-01,2.017531777597902087e-01,-3.207503728102344132e-02,-8.049558887501565008e-02,1.266234044756185950e-01,2.992290420150769958e-01,1.124986653830273742e+00
-1.392212016248217388e-01,2.017531777597902087e-01,-3.207503728102344132e-02,-8.049558887501565008e-02,1.266234044756185950e-01,2.992290420150769958e-01,1.124986653830273742e+00
-1.075647681213174611e-01,1.817180479822044781e-01,-2.995336641429374724e-02,-1.793708427767728639e-02,1.830302474307476113e-01,3.088028402041632092e-01,1.139760476493104857e+00
-1.075647681213174611e-01,1.817180479822044781e-01,-2.995336641429374724e-02,-1.793708427767728639e-02,1.830302474307476113e-01,3.088028402041632092e-01,1.139760476493104857e+00
-1.075647681213174611e-01,1.817180479822044781e-01,-2.995336641429374724e-02,-1.793708427767728639e-02,1.830302474307476113e-01,3.088028402041632092e-01,1.139760476493104857e+00
-1.075647681213174611e-01,1.817180479822044781e-01,-2.995336641429374724e-02,-1.793708427767728639e-02,1.830302474307476113e-01,3.088028402041632092e-01,1.139760476493104857e+00
-1.075647681213174611e-01,1.817180479822044781e-01,-2.995336641429374724e-02,-1.793708427767728639e-02,1.830302474307476113e-01,3.088028402041632092e-01,1.139760476493104857e+00
-3.665536662652670204e-03,2.045799800269799407e-01,1.577586703476190240e-03,2.629841732569771981e-02,2.553874242064417197e-02,-2.617906274109189219e-02,4.379855895257406262e-01
-3.665536662652670204e-03,2.045799800269799407e-01,1.577586703476190240e-03,2.629841732569771981e-02,2.553874242064417197e-02,-2.617906274109189219e-02,4.379855895257406262e-01
-3.665536662652670204e-03,2.045799800269799407e-01,1.577586703476190240e-03,2.629841732569771981e-02,2.553874242064417197e-02,-2.617906274109189219e-02,4.379855895257406262e-01
-3.665536662652670204e-03,2.045799800269799407e-01,1.577586703476190240e-03,2.629841732569771981e-02,2.553874242064417197e-02,-2.617906274109189219e-02,4.379855895257406262e-01
-3.665536662652670204e-03,2.045799800269799407e-01,1.577586703476190240e-03,2.629841732569771981e-02,2.553874242064417197e-02,-2.617906274109189219e-02,4.379855895257406262e-01
-2.213434110553750556e-01,2.078773713044037852e-01,4.445124044178050404e-02,6.797309054458899880e-02,8.438859518947211535e-02,2.876785433114867896e-01,1.192332186581035458e+00
-2.213434110553750556e-01,2.078773713044037852e-01,4.445124044178050404e-02,6.797309054458899880e-02,8.438859518947211535e-02,2.876785433114867896e-01,1.192332186581035458e+00
-2.213434110553750556e-01,2.078773713044037852e-01,4.445124044178050404e-02,6.797309054458899880e-02,8.438859518947211535e-02,2.876785433114867896e-01,1.192332186581035458e+00
-2.213434110553750556e-01,2.078773713044037852e-01,4.445124044178050404e-02,6.797309054458899880e-02,8.438859518947211535e-02,2.876785433114867896e-01,1.192332186581035458e+00
-2.213434110553750556e-01,2.078773713044037852e-01,4.445124044178050404e-02,6.797309054458899880e-02,8.438859518947211535e-02,2.876785433114867896e-01,1.192332186581035458e+00
-1.138427823570934277e-01,2.010811590832077556e-01,-1.247761734390331889e-02,-2.680800130052370459e-03,-2.500964717397072268e-02,-1.329209841922422003e-02,5.097902260523643481e-01
-1.138427823570934277e-01,2.010811590832077556e-01,-1.247761734390331889e-02,-2.680800130052370459e-03,-2.500964717397072268e-02,-1.329209841922422003e-02,5.097902260523643481e-01
-1.138427823570934277e-01,2.010811590832077556e-01,-1.247761734390331889e-02,-2.680800130052370459e-03,-2.500964717397072268e-02,-1.329209841922422003e-02,5.097902260523643481e-01
-1.138427823570934277e-01,2.010811590832077556e-01,-1.247761734390331889e-02,-2.680800130052370459e-03,-2.500964717397072268e-02,-1.329209841922422003e-02,5.097902260523643481e-01
-1.138427823570934277e-01,2.010811590832077556e-01,-1.247761734390331889e-02,-2.680800130052370459e-03,-2.500964717397072268e-02,-1.329209841922422003e-02,5.097902260523643481e-01
-6.542636367164997302e-02,1.960176507534754364e-01,-5.375634288000379069e-02,5.040508890860911917e-02,-6.310557080263575792e-03,-3.881605805336402898e-02,5.542354277880997548e-01
-6.542636367164997302e-02,1.960176507534754364e-01,-5.375634288000379069e-02,5.040508890860911917e-02,-6.310557080263575792e-03,-3.881605805336402898e-02,5.542354277880997548e-01
-6.542636367164997302e-02,1.960176507534754364e-01,-5.375634288000379069e-02,5.040508890860911917e-02,-6.310557080263575792e-03,-3.881605805336402898e-02,5.542354277880997548e-01
-6.542636367164997302e-02,1.960176507534754364e-01,-5.375634288000379069e-02,5.040508890860911917e-02,-6.310557080263575792e-03,-3.881605805336402898e-02,5.542354277880997548e-01
-6.542636367164997302e-02,1.960176507534754364e-01,-5.375634288000379069e-02,5.040508890860911917e-02,-6.310557080263575792e-03,-3.881605805336402898e-02,5.542354277880997548e-01
-3.377778250869959559e-02,2.259032739743707385e-01,-2.033288435460606225e-02,6.231062736901953059e-02,2.565281225710541735e-02,-3.918320755794194032e-02,4.857437004402281322e-01
-3.377778250869959559e-02,2.259032739743707385e-01,-2.033288435460606225e-02,6.231062736901953059e-02,2.565281225710541735e-02,-3.918320755794194032e-02,4.857437004402281322e-01
-3.377778250869959559e-02,2.259032739743707385e-01,-2.033288435460606225e-02,6.231062736901953059e-02,2.565281225710541735e-02,-3.918320755794194032e-02,4.857437004402281322e-01
-3.377778250869959559e-02,2.259032739743707385e-01,-2.033288435460606225e-02,6.231062736901953059e-02,2.565281225710541735e-02,-3.918320755794194032e-02,4.857437004402281322e-01
-3.377778250869959559e-02,2.259032739743707385e-01,-2.033288435460606225e-02,6.231062736901953059e-02,2.565281225710541735e-02,-3.918320755794194032e-02,4.857437004402281322e-01
-2.550585770851334644e-01,2.153952972848376390e-01,6.258462355473863592e-02,9.063701463798429225e-02,8.795474083399704157e-02,2.803715067941664474e-01,1.182089641045744211e+00
-2.550585770851334644e-01,2.153952972848376390e-01,6.258462355473863592e-02,9.063701463798429225e-02,8.795474083399704157e-02,2.803715067941664474e-01,1.182089641045744211e+00
-2.550585770851334644e-01,2.153952972848376390e-01,6.258462355473863592e-02,9.063701463798429225e-02,8.795474083399704157e-02,2.803715067941664474e-01,1.182089641045744211e+00
-2.550585770851334644e-01,2.153952972848376390e-01,6.258462355473863592e-02,9.063701463798429225e-02,8.795474083399704157e-02,2.803715067941664474e-01,1.182089641045744211e+00
-2.550585770851334644e-01,2.153952972848376390e-01,6.258462355473863592e-02,9.063701463798429225e-02,8.795474083399704157e-02,2.803715067941664474e-01,1.182089641045744211e+00
2.940433316926607810e-02,1.939926720824729223e-01,-1.419328878404020784e-02,6.940288249305437418e-02,2.226121780532177782e-02,-4.009364703716763317e-02,4.483415171952113143e-01
2.940433316926607810e-02,1.939926720824729223e-01,-1.419328878404020784e-02,6.940288249305437418e-02,2.226121780532177782e-02,-4.009364703716763317e-02,4.483415171952113143e-01
2.940433316926607810e-02,1.939926720824729223e-01,-1.419328878404020784e-02,6.940288249305437418e-02,2.226121780532177782e-02,-4.009364703716763317e-02,4.483415171952113143e-01
2.940433316926607810e-02,1.939926720824729223e-01,-1.419328878404020784e-02,6.940288249305437418e-02,2.226121780532177782e-02,-4.009364703716763317e-02,4.483415171952113143e-01
2.940433316926607810e-02,1.939926720824729223e-01,-1.419328878404020784e-02,6.940288249305437418e-02,2.226121780532177782e-02,-4.009364703716763317e-02,4.483415171952113143e-01
-6.028293123284594185e-02,1.585709490373485298e-01,1.798157713825428994e-01,-1.363239806307855462e-01,-6.569138263900770047e-02,5.758967385700856229e-02,4.081120399148351896e-01
-6.028293123284594185e-02,1.585709490373485298e-01,1.798157713825428994e-01,-1.363239806307855462e-01,-6.569138263900770047e-02,5.758967385700856229e-02,4.081120399148351896e-01
-6.028293123284594185e-02,1.585709490373485298e-01,1.798157713825428994e-01,-1.363239806307855462e-01,-6.569138263900770047e-02,5.758967385700856229e-02,4.081120399148351896e-01
-6.028293123284594185e-02,1.585709490373485298e-01,1.798157713825428994e-01,-1.363239806307855462e-01,-6.569138263900770047e-02,5.758967385700856229e-02,4.081120399148351896e-01
-6.028293123284594185e-02,1.585709490373485298e-01,1.798157713825428994e-01,-1.363239806307855462e-01,-6.569138263900770047e-02,5.758967385700856229e-02,4.081120399148351896e-01
-9.162070126284793670e-02,2.527609859353494581e-01,1.646457352836680488e-01,9.067569769444830396e-02,2.710980665160447195e-02,8.190278602142206377e-02,7.349509474451121349e-01
-9.162070126284793670e-02,2.527609859353494581e-01,1.646457352836680488e-01,9.067569769444830396e-02,2.710980665160447195e-02,8.190278602142206377e-02,7.349509474451121349e-01
-9.162070126284793670e-02,2.527609859353494581e-01,1.646457352836680488e-01,9.067569769444830396e-02,2.710980665160447195e-02,8.190278602142206377e-02,7.349509474451121349e-01
-9.162070126284793670e-02,2.527609859353494581e-01,1.646457352836680488e-01,9.067569769444830396e-02,2.710980665160447195e-02,8.190278602142206377e-02,7.349509474451121349e-01
-9.162070126284793670e-02,2.527609859353494581e-01,1.646457352836680488e-01,9.067569769444830396e-02,2.710980665160447195e-02,8.190278602142206377e-02,7.349509474451121349e-01
-2.472605356472216964e-02,7.368831740738790437e-02,3.789770197230910714e-02,-2.102870514501125818e-02,-2.855018150752099138e-02,2.514019445482569837e-01,1.092343311935925820e+00
-2.472605356472216964e-02,7.368831740738790437e-02,3.789770197230910714e-02,-2.102870514501125818e-02,-2.855018150752099138e-02,2.514019445482569837e-01,1.092343311935925820e+00
-2.472605356472216964e-02,7.368831740738790437e-02,3.789770197230910714e-02,-2.102870514501125818e-02,-2.855018150752099138e-02,2.514019445482569837e-01,1.092343311935925820e+00
-2.472605356472216964e-02,7.368831740738790437e-02,3.789770197230910714e-02,-2.102870514501125818e-02,-2.855018150752099138e-02,2.514019445482569837e-01,1.092343311935925820e+00
-2.472605356472216964e-02,7.368831740738790437e-02,3.789770197230910714e-02,-2.102870514501125818e-02,-2.855018150752099138e-02,2.514019445482569837e-01,1.092343311935925820e+00
-1.142643531700387322e-01,1.484872193541295626e-01,1.266019600427240599e-01,8.940762521060827139e-02,2.086912832630892500e-02,8.504137905559476518e-02,6.486041076697379726e-01
-1.142643531700387322e-01,1.484872193541295626e-01,1.266019600427240599e-01,8.940762521060827139e-02,2.086912832630892500e-02,8.504137905559476518e-02,6.486041076697379726e-01
-1.142643531700387322e-01,1.484872193541295626e-01,1.266019600427240599e-01,8.940762521060827139e-02,2.086912832630892500e-02,8.504137905559476518e-02,6.486041076697379726e-01
-1.142643531700387322e-01,1.484872193541295626e-01,1.266019600427240599e-01,8.940762521060827139e-02,2.086912832630892500e-02,8.504137905559476518e-02,6.486041076697379726e-01
-1.142643531700387322e-01,1.484872193541295626e-01,1.266019600427240599e-01,8.940762521060827139e-02,2.086912832630892500e-02,8.504137905559476518e-02,6.486041076697379726e-01
-1.067498634503293020e-01,2.606430814714283950e-01,1.750794813680380813e-01,1.865700438330331751e-02,1.124524510819057896e-02,6.668604704695160756e-02,6.859544777512129876e-01
-1.067498634503293020e-01,2.606430814714283950e-01,1.750794813680380813e-01,1.865700438330331751e-02,1.124524510819057896e-02,6.668604704695160756e-02,6.859544777512129876e-01
-1.067498634503293020e-01,2.606430814714283950e-01,1.750794813680380813e-01,1.865700438330331751e-02,1.124524510819057896e-02,6.668604704695160756e-02,6.859544777512129876e-01
-1.067498634503293020e-01,2.606430814714283950e-01,1.750794813680380813e-01,1.865700438330331751e-02,1.124524510819057896e-02,6.668604704695160756e-02,6.859544777512129876e-01
-1.067498634503293020e-01,2.606430814714283950e-01,1.750794813680380813e-01,1.865700438330331751e-02,1.124524510819057896e-02,6.668604704695160756e-02,6.859544777512129876e-01
-7.253210629697148804e-02,1.627061367611766229e-01,-6.847948087508412551e-02,-7.004746720061888476e-02,2.123900995072689202e-01,3.002715122209252963e-01,1.105706027596809360e+00
-7.253210629697148804e-02,1.627061367611766229e-01,-6.847948087508412551e-02,-7.004746720061888476e-02,2.123900995072689202e-01,3.002715122209252963e-01,1.105706027596809360e+00
-7.253210629697148804e-02,1.627061367611766229e-01,-6.847948087508412551e-02,-7.004746720061888476e-02,2.123900995072689202e-01,3.002715122209252963e-01,1.105706027596809360e+00
-7.253210629697148804e-02,1.627061367611766229e-01,-6.847948087508412551e-02,-7.004746720061888476e-02,2.123900995072689202e-01,3.002715122209252963e-01,1.105706027596809360e+00
-7.253210629697148804e-02,1.627061367611766229e-01,-6.847948087508412551e-02,-7.004746720061888476e-02,2.123900995072689202e-01,3.002715122209252963e-01,1.105706027596809360e+00
-2.160241192471539506e-01,1.930483601404069938e-01,2.369711804444020117e-02,9.128386082769587850e-02,8.485584107623166117e-02,2.309008555368292082e-01,1.162934268791786074e+00
-2.160241192471539506e-01,1.930483601404069938e-01,2.369711804444020117e-02,9.128386082769587850e-02,8.485584107623166117e-02,2.309008555368292082e-01,1.162934268791786074e+00
-2.160241192471539506e-01,1.930483601404069938e-01,2.369711804444020117e-02,9.128386082769587850e-02,8.485584107623166117e-02,2.309008555368292082e-01,1.162934268791786074e+00
-2.160241192471539506e-01,1.930483601404069938e-01,2.369711804444020117e-02,9.128386082769587850e-02,8.485584107623166117e-02,2.309008555368292082e-01,1.162934268791786074e+00
-2.160241192471539506e-01,1.930483601404069938e-01,2.369711804444020117e-02,9.128386082769587850e-02,8.485584107623166117e-02,2.309008555368292082e-01,1.162934268791786074e+00
-1.938707388755397387e-01,2.163233234861473842e-01,1.594265148484081199e-02,-1.566233738369028627e-02,9.834867921828009674e-02,3.051463946725996301e-01,1.159251915475771000e+00
-1.938707388755397387e-01,2.163233234861473842e-01,1.594265148484081199e-02,-1.566233738369028627e-02,9.834867921828009674e-02,3.051463946725996301e-01,1.159251915475771000e+00
-1.938707388755397387e-01,2.163233234861473842e-01,1.594265148484081199e-02,-1.566233738369028627e-02,9.834867921828009674e-02,3.051463946725996301e-01,1.159251915475771000e+00
-1.938707388755397387e-01,2.163233234861473842e-01,1.594265148484081199e-02,-1.566233738369028627e-02,9.834867921828009674e-02,3.051463946725996301e-01,1.159251915475771000e+00
-1.938707388755397387e-01,2.163233234861473842e-01,1.594265148484081199e-02,-1.566233738369028627e-02,9.834867921828009674e-02,3.051463946725996301e-01,1.159251915475771000e+00
-1.455228409086274655e-01,1.974266539670628262e-01,1.207004160228917350e-02,1.631303577230793292e-02,1.221963251195059136e-01,3.115052721584841144e-01,1.163679763786279686e+00
-1.455228409086274655e-01,1.974266539670628262e-01,1.207004160228917350e-02,1.631303577230793292e-02,1.221963251195059136e-01,3.115052721584841144e-01,1.163679763786279686e+00
-1.455228409086274655e-01,1.974266539670628262e-01,1.207004160228917350e-02,1.631303577230793292e-02,1.221963251195059136e-01,3.115052721584841144e-01,1.163679763786279686e+00
-1.455228409086274655e-01,1.974266539670628262e-01,1.207004160228917350e-02,1.631303577230793292e-02,1.221963251195059136e-01,3.115052721584841144e-01,1.163679763786279686e+00
-1.455228409086274655e-01,1.974266539670628262e-01,1.207004160228917350e-02,1.631303577230793292e-02,1.221963251195059136e-01,3.115052721584841144e-01,1.163679763786279686e+00
-3.569437056616425741e-02,1.003227530380580157e-01,-6.077280773444396905e-02,-3.611587032852280055e-02,6.231755230759788294e-02,2.863145045483098672e-01,1.118681327114427138e+00
-3.569437056616425741e-02,1.003227530380580157e-01,-6.077280773444396905e-02,-3.611587032852280055e-02,6.231755230759788294e-02,2.863145045483098672e-01,1.118681327114427138e+00
-3.569437056616425741e-02,1.003227530380580157e-01,-6.077280773444396905e-02,-3.611587032852280055e-02,6.231755230759788294e-02,2.863145045483098672e-01,1.118681327114427138e+00
-3.569437056616425741e-02,1.003227530380580157e-01,-6.077280773444396905e-02,-3.611587032852280055e-02,6.231755230759788294e-02,2.863145045483098672e-01,1.118681327114427138e+00
-3.569437056616425741e-02,1.003227530380580157e-01,-6.077280773444396905e-02,-3.611587032852280055e-02,6.231755230759788294e-02,2.863145045483098672e-01,1.118681327114427138e+00
-2.372807386919656703e-01,2.137632483337161271e-01,5.591752763376123952e-02,7.457545898102425908e-02,9.023980192244709930e-02,2.926542661692504987e-01,1.187870885945389476e+00
-2.372807386919656703e-01,2.137632483337161271e-01,5.591752763376123952e-02,7.457545898102425908e-02,9.023980192244709930e-02,2.926542661692504987e-01,1.187870885945389476e+00
-2.372807386919656703e-01,2.137632483337161271e-01,5.591752763376123952e-02,7.457545898102425908e-02,9.023980192244709930e-02,2.926542661692504987e-01,1.187870885945389476e+00
-2.372807386919656703e-01,2.137632483337161271e-01,5.591752763376123952e-02,7.457545898102425908e-02,9.023980192244709930e-02,2.926542661692504987e-01,1.187870885945389476e+00
-2.372807386919656703e-01,2.137632483337161271e-01,5.591752763376123952e-02,7.457545898102425908e-02,9.023980192244709930e-02,2.926542661692504987e-01,1.187870885945389476e+00
-9.974892507131911945e-02,1.800707605843447356e-01,-4.782457809501797219e-02,-5.981610453021302815e-02,1.943719635934971768e-01,3.036244256284292842e-01,1.122410921338499623e+00
-9.974892507131911945e-02,1.800707605843447356e-01,-4.782457809501797219e-02,-5.981610453021302815e-02,1.943719635934971768e-01,3.036244256284292842e-01,1.122410921338499623e+00
-9.974892507131911945e-02,1.800707605843447356e-01,-4.782457809501797219e-02,-5.981610453021302815e-02,1.943719635934971768e-01,3.036244256284292842e-01,1.122410921338499623e+00
-9.974892507131911945e-02,1.800707605843447356e-01,-4.782457809501797219e-02,-5.981610453021302815e-02,1.943719635934971768e-01,3.036244256284292842e-01,1.122410921338499623e+00
-9.974892507131911945e-02,1.800707605843447356e-01,-4.782457809501797219e-02,-5.981610453021302815e-02,1.943719635934971768e-01,3.036244256284292842e-01,1.122410921338499623e+00
-6.828917756850071130e-02,8.106789096601560440e-02,1.302858029347560842e-01,1.720634925417669492e-01,-3.528875050053691120e-02,1.335321969453842628e-01,8.892396564533943115e-01
-6.828917756850071130e-02,8.106789096601560440e-02,1.302858029347560842e-01,1.720634925417669492e-01,-3.528875050053691120e-02,1.335321969453842628e-01,8.892396564533943115e-01
-6.828917756850071130e-02,8.106789096601560440e-02,1.302858029347560842e-01,1.720634925417669492e-01,-3.528875050053691120e-02,1.335321969453842628e-01,8.892396564533943115e-01
-6.828917756850071130e-02,8.106789096601560440e-02,1.302858029347560842e-01,1.720634925417669492e-01,-3.528875050053691120e-02,1.335321969453842628e-01,8.892396564533943115e-01
-6.828917756850071130e-02,8.106789096601560440e-02,1.302858029347560842e-01,1.720634925417669492e-01,-3.528875050053691120e-02,1.335321969453842628e-01,8.892396564533943115e-01
-8.628857864274742939e-02,2.995668154618758017e-01,1.869627514289138315e-01,-6.541029080550542218e-02,-4.600300372150473160e-02,6.069745116592946410e-02,6.869982038360655796e-01
-8.628857864274742939e-02,2.995668154618758017e-01,1.869627514289138315e-01,-6.541029080550542218e-02,-4.600300372150473160e-02,6.069745116592946410e-02,6.869982038360655796e-01
-8.628857864274742939e-02,2.995668154618758017e-01,1.869627514289138315e-01,-6.541029080550542218e-02,-4.600300372150473160e-02,6.069745116592946410e-02,6.869982038360655796e-01
-8.628857864274742939e-02,2.995668154618758017e-01,1.869627514289138315e-01,-6.541029080550542218e-02,-4.600300372150473160e-02,6.069745116592946410e-02,6.869982038360655796e-01
-8.628857864274742939e-02,2.995668154618758017e-01,1.869627514289138315e-01,-6.541029080550542218e-02,-4.600300372150473160e-02,6.069745116592946410e-02,6.869982038360655796e-01
-1.540891114956827734e-01,2.080026928051287305e-01,-1.073025000269766174e-02,-3.986020067569061298e-02,1.320043113489666464e-01,3.055409103775936774e-01,1.148115083696375160e+00
-1.540891114956827734e-01,2.080026928051287305e-01,-1.073025000269766174e-02,-3.986020067569061298e-02,1.320043113489666464e-01,3.055409103775936774e-01,1.148115083696375160e+00
-1.540891114956827734e-01,2.080026928051287305e-01,-1.073025000269766174e-02,-3.986020067569061298e-02,1.320043113489666464e-01,3.055409103775936774e-01,1.148115083696375160e+00
-1.540891114956827734e-01,2.080026928051287305e-01,-1.073025000269766174e-02,-3.986020067569061298e-02,1.320043113489666464e-01,3.055409103775936774e-01,1.148115083696375160e+00
-1.540891114956827734e-01,2.080026928051287305e-01,-1.073025000269766174e-02,-3.986020067569061298e-02,1.320043113489666464e-01,3.055409103775936774e-01,1.148115083696375160e+00
-1.963930755834058031e-02,2.080508874984009771e-01,1.307440797221507377e-02,-2.859304144541851764e-02,1.749416277020775581e-02,-1.606929154818268618e-02,4.352454327139388957e-01
-1.963930755834058031e-02,2.080508874984009771e-01,1.307440797221507377e-02,-2.859304144541851764e-02,1.749416277020775581e-02,-1.606929154818268618e-02,4.352454327139388957e-01
-1.963930755834058031e-02,2.080508874984009771e-01,1.307440797221507377e-02,-2.859304144541851764e-02,1.749416277020775581e-02,-1.606929154818268618e-02,4.352454327139388957e-01
-1.963930755834058031e-02,2.080508874984009771e-01,1.307440797221507377e-02,-2.859304144541851764e-02,1.749416277020775581e-02,-1.606929154818268618e-02,4.352454327139388957e-01
-1.963930755834058031e-02,2.080508874984009771e-01,1.307440797221507377e-02,-2.859304144541851764e-02,1.749416277020775581e-02,-1.606929154818268618e-02,4.352454327139388957e-01
-5.251171154566681987e-02,6.325561232812887402e-02,9.958608336879212763e-02,4.921778092583200398e-02,-6.793407498883576034e-02,2.296842499763319112e-01,1.092458397801391312e+00
-5.251171154566681987e-02,6.325561232812887402e-02,9.958608336879212763e-02,4.921778092583200398e-02,-6.793407498883576034e-02,2.296842499763319112e-01,1.092458397801391312e+00
-5.251171154566681987e-02,6.325561232812887402e-02,9.958608336879212763e-02,4.921778092583200398e-02,-6.793407498883576034e-02,2.296842499763319112e-01,1.092458397801391312e+00
-5.251171154566681987e-02,6.325561232812887402e-02,9.958608336879212763e-02,4.921778092583200398e-02,-6.793407498883576034e-02,2.296842499763319112e-01,1.092458397801391312e+00
-5.251171154566681987e-02,6.325561232812887402e-02,9.958608336879212763e-02,4.921778092583200398e-02,-6.793407498883576034e-02,2.296842499763319112e-01,1.092458397801391312e+00
-1.877132558813699725e-01,1.972123010717827252e-01,4.347114277620273831e-02,4.050884275399813106e-02,6.961392270093541557e-02,3.050941615736043611e-01,1.184616378630180655e+00
-1.877132558813699725e-01,1.972123010717827252e-01,4.347114277620273831e-02,4.050884275399813106e-02,6.961392270093541557e-02,3.050941615736043611e-01,1.184616378630180655e+00
-1.877132558813699725e-01,1.972123010717827252e-01,4.347114277620273831e-02,4.050884275399813106e-02,6.961392270093541557e-02,3.050941615736043611e-01,1.184616378630180655e+00
-1.877132558813699725e-01,1.972123010717827252e-01,4.347114277620273831e-02,4.050884275399813106e-02,6.961392270093541557e-02,3.050941615736043611e-01,1.184616378630180655e+00
-1.877132558813699725e-01,1.972123010717827252e-01,4.347114277620273831e-02,4.050884275399813106e-02,6.961392270093541557e-02,3.050941615736043611e-01,1.184616378630180655e+00
-2.832351145214498031e-02,1.210733756401630445e-01,-9.257847982199585157e-02,-3.996129874759840606e-02,1.576498409120531130e-01,2.959328059346907902e-01,1.108468380189369329e+00
-2.832351145214498031e-02,1.210733756401630445e-01,-9.257847982199585157e-02,-3.996129874759840606e-02,1.576498409120531130e-01,2.959328059346907902e-01,1.108468380189369329e+00
-2.832351145214498031e-02,1.210733756401630445e-01,-9.257847982199585157e-02,-3.996129874759840606e-02,1.576498409120531130e-01,2.959328059346907902e-01,1.108468380189369329e+00
-2.832351145214498031e-02,1.210733756401630445e-01,-9.257847982199585157e-02,-3.996129874759840606e-02,1.576498409120531130e-01,2.959328059346907902e-01,1.108468380189369329e+00
-2.832351145214498031e-02,1.210733756401630445e-01,-9.257847982199585157e-02,-3.996129874759840606e-02,1.576498409120531130e-01,2.959328059346907902e-01,1.108468380189369329e+00
-8.960912173578257367e-02,1.647693621038941458e-01,-3.670259558485233081e-02,-6.429192871986305451e-03,1.215160153103893026e-01,3.051566930349396412e-01,1.146291897664808657e+00
-8.960912173578257367e-02,1.647693621038941458e-01,-3.670259558485233081e-02,-6.429192871986305451e-03,1.215160153103893026e-01,3.051566930349396412e-01,1.146291897664808657e+00
-8.960912173578257367e-02,1.647693621038941458e-01,-3.670259558485233081e-02,-6.429192871986305451e-03,1.215160153103893026e-01,3.051566930349396412e-01,1.146291897664808657e+00
-8.960912173578257367e-02,1.647693621038941458e-01,-3.670259558485233081e-02,-6.429192871986305451e-03,1.215160153103893026e-01,3.051566930349396412e-01,1.146291897664808657e+00
-8.960912173578257367e-02,1.647693621038941458e-01,-3.670259558485233081e-02,-6.429192871986305451e-03,1.215160153103893026e-01,3.051566930349396412e-01,1.146291897664808657e+00
-6.779331015215431244e-02,5.170177152539660870e-02,1.284171947912424727e-01,1.311151746821719866e-01,-8.303344534249587627e-02,1.673514094442180578e-01,9.552695398010450090e-01
-6.779331015215431244e-02,5.170177152539660870e-02,1.284171947912424727e-01,1.311151746821719866e-01,-8.303344534249587627e-02,1.673514094442180578e-01,9.552695398010450090e-01
-6.779331015215431244e-02,5.170177152539660870e-02,1.284171947912424727e-01,1.311151746821719866e-01,-8.303344534249587627e-02,1.673514094442180578e-01,9.552695398010450090e-01
-6.779331015215431244e-02,5.170177152539660870e-02,1.284171947912424727e-01,1.311151746821719866e-01,-8.303344534249587627e-02,1.673514094442180578e-01,9.552695398010450090e-01
-6.779331015215431244e-02,5.170177152539660870e-02,1.284171947912424727e-01,1.311151746821719866e-01,-8.303344534249587627e-02,1.673514094442180578e-01,9.552695398010450090e-01
-2.569564852108908171e-01,2.159324853950265743e-01,6.686104770321299462e-02,6.949245877742644961e-02,8.217628377339103452e-02,2.834326989771751015e-01,1.168847289976874482e+00
-2.569564852108908171e-01,2.159324853950265743e-01,6.686104770321299462e-02,6.949245877742644961e-02,8.217628377339103452e-02,2.834326989771751015e-01,1.168847289976874482e+00
-2.569564852108908171e-01,2.159324853950265743e-01,6.686104770321299462e-02,6.949245877742644961e-02,8.217628377339103452e-02,2.834326989771751015e-01,1.168847289976874482e+00
-2.569564852108908171e-01,2.159324853950265743e-01,6.686104770321299462e-02,6.949245877742644961e-02,8.217628377339103452e-02,2.834326989771751015e-01,1.168847289976874482e+00
-2.569564852108908171e-01,2.159324853950265743e-01,6.686104770321299462e-02,6.949245877742644961e-02,8.217628377339103452e-02,2.834326989771751015e-01,1.168847289976874482e+00
-1.185592420704687996e-02,1.010717609242722803e-01,-7.511675075154299226e-03,8.260267983126139135e-02,-9.904949041281630590e-03,3.076223150468626946e-02,7.771847990690807784e-01
-1.185592420704687996e-02,1.010717609242722803e-01,-7.511675075154299226e-03,8.260267983126139135e-02,-9.904949041281630590e-03,3.076223150468626946e-02,7.771847990690807784e-01
-1.185592420704687996e-02,1.010717609242722803e-01,-7.511675075154299226e-03,8.260267983126139135e-02,-9.904949041281630590e-03,3.076223150468626946e-02,7.771847990690807784e-01
-1.185592420704687996e-02,1.010717609242722803e-01,-7.511675075154299226e-03,8.260267983126139135e-02,-9.904949041281630590e-03,3.076223150468626946e-02,7.771847990690807784e-01
-1.185592420704687996e-02,1.010717609242722803e-01,-7.511675075154299226e-03,8.260267983126139135e-02,-9.904949041281630590e-03,3.076223150468626946e-02,7.771847990690807784e-01
-2.190018880743295135e-02,8.056021030256846349e-02,-3.763258827655687616e-02,-3.859025493638415516e-02,3.024797388630016612e-02,2.703396518884456645e-01,1.100623842566899269e+00
-2.190018880743295135e-02,8.056021030256846349e-02,-3.763258827655687616e-02,-3.859025493638415516e-02,3.024797388630016612e-02,2.703396518884456645e-01,1.100623842566899269e+00
-2.190018880743295135e-02,8.056021030256846349e-02,-3.763258827655687616e-02,-3.859025493638415516e-02,3.024797388630016612e-02,2.703396518884456645e-01,1.100623842566899269e+00
-2.190018880743295135e-02,8.056021030256846349e-02,-3.763258827655687616e-02,-3.859025493638415516e-02,3.024797388630016612e-02,2.703396518884456645e-01,1.100623842566899269e+00
-2.190018880743295135e-02,8.056021030256846349e-02,-3.763258827655687616e-02,-3.859025493638415516e-02,3.024797388630016612e-02,2.703396518884456645e-01,1.100623842566899269e+00
-2.070951956062982435e-01,1.807778448974033947e-01,5.660897962816183876e-02,1.046455398552169624e-01,6.919220605410178471e-02,1.983869833608272182e-01,1.102697298814941052e+00
-2.070951956062982435e-01,1.807778448974033947e-01,5.660897962816183876e-02,1.046455398552169624e-01,6.919220605410178471e-02,1.983869833608272182e-01,1.102697298814941052e+00
-2.070951956062982435e-01,1.807778448974033947e-01,5.660897962816183876e-02,1.046455398552169624e-01,6.919220605410178471e-02,1.983869833608272182e-01,1.102697298814941052e+00
-2.070951956062982435e-01,1.807778448974033947e-01,5.660897962816183876e-02,1.046455398552169624e-01,6.919220605410178471e-02,1.983869833608272182e-01,1.102697298814941052e+00
-2.070951956062982435e-01,1.807778448974033947e-01,5.660897962816183876e-02,1.046455398552169624e-01,6.919220605410178471e-02,1.983869833608272182e-01,1.102697298814941052e+00
-2.027326747836364351e-01,1.888299927735984096e-01,-1.701152700956290453e-03,8.102105516086768877e-02,6.489008700611616220e-02,2.344119940147452730e-01,1.186741779304215427e+00
-2.027326747836364351e-01,1.888299927735984096e-01,-1.701152700956290453e-03,8.102105516086768877e-02,6.489008700611616220e-02,2.344119940147452730e-01,1.186741779304215427e+00
-2.027326747836364351e-01,1.888299927735984096e-01,-1.701152700956290453e-03,8.102105516086768877e-02,6.489008700611616220e-02,2.344119940147452730e-01,1.186741779304215427e+00
-2.027326747836364351e-01,1.888299927735984096e-01,-1.701152700956290453e-03,8.102105516086768877e-02,6.489008700611616220e-02,2.344119940147452730e-01,1.186741779304215427e+00
-2.027326747836364351e-01,1.888299927735984096e-01,-1.701152700956290453e-03,8.102105516086768877e-02,6.489008700611616220e-02,2.344119940147452730e-01,1.186741779304215427e+00
-5.219042179267765341e-02,1.514862901107732751e-01,-4.052731649613483533e-02,-2.339704337474087653e-02,-5.533970000340585754e-02,-2.291640695020610505e-02,5.918199727068753635e-01
-5.219042179267765341e-02,1.514862901107732751e-01,-4.052731649613483533e-02,-2.339704337474087653e-02,-5.533970000340585754e-02,-2.291640695020610505e-02,5.918199727068753635e-01
-5.219042179267765341e-02,1.514862901107732751e-01,-4.052731649613483533e-02,-2.339704337474087653e-02,-5.533970000340585754e-02,-2.291640695020610505e-02,5.918199727068753635e-01
-5.219042179267765341e-02,1.514862901107732751e-01,-4.052731649613483533e-02,-2.339704337474087653e-02,-5.533970000340585754e-02,-2.291640695020610505e-02,5.918199727068753635e-01
-5.219042179267765341e-02,1.514862901107732751e-01,-4.052731649613483533e-02,-2.339704337474087653e-02,-5.533970000340585754e-02,-2.291640695020610505e-02,5.918199727068753635e-01
-1.183830966491259407e-01,2.191292731197077570e-01,4.063635145305834195e-02,-6.122271978778444368e-02,-3.749320441335840526e-02,-9.545457061041363184e-04,4.581036187466995813e-01
-1.183830966491259407e-01,2.191292731197077570e-01,4.063635145305834195e-02,-6.122271978778444368e-02,-3.749320441335840526e-02,-9.545457061041363184e-04,4.581036187466995813e-01
-1.183830966491259407e-01,2.191292731197077570e-01,4.063635145305834195e-02,-6.122271978778444368e-02,-3.749320441335840526e-02,-9.545457061041363184e-04,4.581036187466995813e-01
-1.183830966491259407e-01,2.191292731197077570e-01,4.063635145305834195e-02,-6.122271978778444368e-02,-3.749320441335840526e-02,-9.545457061041363184e-04,4.581036187466995813e-01
-1.183830966491259407e-01,2.191292731197077570e-01,4.063635145305834195e-02,-6.122271978778444368e-02,-3.749320441335840526e-02,-9.545457061041363184e-04,4.581036187466995813e-01
-9.888754100261787361e-02,1.483635830827788049e-01,-9.444921413789969522e-03,-2.933709840349764224e-03,3.769212513643778462e-02,2.991768769272441508e-01,1.159919476909190950e+00
-9.888754100261787361e-02,1.483635830827788049e-01,-9.444921413789969522e-03,-2.933709840349764224e-03,3.769212513643778462e-02,2.991768769272441508e-01,1.159919476909190950e+00
-9.888754100261787361e-02,1.483635830827788049e-01,-9.444921413789969522e-03,-2.933709840349764224e-03,3.769212513643778462e-02,2.991768769272441508e-01,1.159919476909190950e+00
-9.888754100261787361e-02,1.483635830827788049e-01,-9.444921413789969522e-03,-2.933709840349764224e-03,3.769212513643778462e-02,2.991768769272441508e-01,1.159919476909190950e+00
-9.888754100261787361e-02,1.483635830827788049e-01,-9.444921413789969522e-03,-2.933709840349764224e-03,3.769212513643778462e-02,2.991768769272441508e-01,1.159919476909190950e+00
-1.463984454799850954e-01,1.278111442081257543e-01,2.373129130264091044e-03,5.918349248258546191e-02,-2.611579873766294718e-02,2.004248051769050853e-01,1.133154533535339681e+00
-1.463984454799850954e-01,1.278111442081257543e-01,2.373129130264091044e-03,5.918349248258546191e-02,-2.611579873766294718e-02,2.004248051769050853e-01,1.133154533535339681e+00
-1.463984454799850954e-01,1.278111442081257543e-01,2.373129130264091044e-03,5.918349248258546191e-02,-2.611579873766294718e-02,2.004248051769050853e-01,1.133154533535339681e+00
-1.463984454799850954e-01,1.278111442081257543e-01,2.373129130264091044e-03,5.918349248258546191e-02,-2.611579873766294718e-02,2.004248051769050853e-01,1.133154533535339681e+00
-1.463984454799850954e-01,1.278111442081257543e-01,2.373129130264091044e-03,5.918349248258546191e-02,-2.611579873766294718e-02,2.004248051769050853e-01,1.133154533535339681e+00
-1.305910244584485846e-01,2.086637063785671264e-01,1.985952030293995918e-01,-5.289784911698262870e-02,-3.138927347231520310e-02,2.094392040572100322e-02,4.560004602520922878e-01
-1.305910244584485846e-01,2.086637063785671264e-01,1.985952030293995918e-01,-5.289784911698262870e-02,-3.138927347231520310e-02,2.094392040572100322e-02,4.560004602520922878e-01
-1.305910244584485846e-01,2.086637063785671264e-01,1.985952030293995918e-01,-5.289784911698262870e-02,-3.138927347231520310e-02,2.094392040572100322e-02,4.560004602520922878e-01
-1.305910244584485846e-01,2.086637063785671264e-01,1.985952030293995918e-01,-5.289784911698262870e-02,-3.138927347231520310e-02,2.094392040572100322e-02,4.560004602520922878e-01
-1.305910244584485846e-01,2.086637063785671264e-01,1.985952030293995918e-01,-5.289784911698262870e-02,-3.138927347231520310e-02,2.094392040572100322e-02,4.560004602520922878e-01
-8.873296280293525851e-02,9.285263410071105394e-02,1.358266646228525332e-01,1.692070670380234620e-01,2.603527003372705338e-03,1.144664167087249274e-01,8.009350716258996083e-01
-8.873296280293525851e-02,9.285263410071105394e-02,1.358266646228525332e-01,1.692070670380234620e-01,2.603527003372705338e-03,1.144664167087249274e-01,8.009350716258996083e-01
-8.873296280293525851e-02,9.285263410071105394e-02,1.358266646228525332e-01,1.692070670380234620e-01,2.603527003372705338e-03,1.144664167087249274e-01,8.009350716258996083e-01
-8.873296280293525851e-02,9.285263410071105394e-02,1.358266646228525332e-01,1.692070670380234620e-01,2.603527003372705338e-03,1.144664167087249274e-01,8.009350716258996083e-01
-8.873296280293525851e-02,9.285263410071105394e-02,1.358266646228525332e-01,1.692070670380234620e-01,2.603527003372705338e-03,1.144664167087249274e-01,8.009350716258996083e-01
-9.629657993471205102e-02,1.285965390495424077e-01,1.404054266503724224e-01,1.380451933577484525e-01,4.543975231486851313e-02,1.009754285881538649e-01,7.371867158707445800e-01
-9.629657993471205102e-02,1.285965390495424077e-01,1.404054266503724224e-01,1.380451933577484525e-01,4.543975231486851313e-02,1.009754285881538649e-01,7.371867158707445800e-01
-9.629657993471205102e-02,1.285965390495424077e-01,1.404054266503724224e-01,1.380451933577484525e-01,4.543975231486851313e-02,1.009754285881538649e-01,7.371867158707445800e-01
-9.629657993471205102e-02,1.285965390495424077e-01,1.404054266503724224e-01,1.380451933577484525e-01,4.543975231486851313e-02,1.009754285881538649e-01,7.371867158707445800e-01
-9.629657993471205102e-02,1.285965390495424077e-01,1.404054266503724224e-01,1.380451933577484525e-01,4.543975231486851313e-02,1.009754285881538649e-01,7.371867158707445800e-01
-1.157285422668284658e-01,1.268982614672899412e-01,1.208750952046771798e-01,1.040310740112455751e-01,-2.692456162096105998e-02,8.494957029530791903e-02,6.547504983752213681e-01
-1.157285422668284658e-01,1.268982614672899412e-01,1.208750952046771798e-01,1.040310740112455751e-01,-2.692456162096105998e-02,8.494957029530791903e-02,6.547504983752213681e-01
-1.157285422668284658e-01,1.268982614672899412e-01,1.208750952046771798e-01,1.040310740112455751e-01,-2.692456162096105998e-02,8.494957029530791903e-02,6.547504983752213681e-01
-1.157285422668284658e-01,1.268982614672899412e-01,1.208750952046771798e-01,1.040310740112455751e-01,-2.692456162096105998e-02,8.494957029530791903e-02,6.547504983752213681e-01
-1.157285422668284658e-01,1.268982614672899412e-01,1.208750952046771798e-01,1.040310740112455751e-01,-2.692456162096105998e-02,8.494957029530791903e-02,6.547504983752213681e-01
-1.043951142940686694e-01,7.652296682692967533e-02,3.204954161992920603e-02,-2.253609111690819955e-04,-8.528751797045092120e-02,1.278266688568696907e-01,8.534952970375579984e-01
-1.043951142940686694e-01,7.652296682692967533e-02,3.204954161992920603e-02,-2.253609111690819955e-04,-8.528751797045092120e-02,1.278266688568696907e-01,8.534952970375579984e-01
-1.043951142940686694e-01,7.652296682692967533e-02,3.204954161992920603e-02,-2.253609111690819955e-04,-8.528751797045092120e-02,1.278266688568696907e-01,8.534952970375579984e-01
-1.043951142940686694e-01,7.652296682692967533e-02,3.204954161992920603e-02,-2.253609111690819955e-04,-8.528751797045092120e-02,1.278266688568696907e-01,8.534952970375579984e-01
-1.043951142940686694e-01,7.652296682692967533e-02,3.204954161992920603e-02,-2.253609111690819955e-04,-8.528751797045092120e-02,1.278266688568696907e-01,8.534952970375579984e-01
-1.266673667932179670e-01,1.123126082718796381e-01,-1.770253350250371865e-02,3.140461167083764826e-02,3.692645980948897066e-02,1.366236611740976881e-01,1.026749448041432533e+00
-1.266673667932179670e-01,1.123126082718796381e-01,-1.770253350250371865e-02,3.140461167083764826e-02,3.692645980948897066e-02,1.366236611740976881e-01,1.026749448041432533e+00
-1.266673667932179670e-01,1.123126082718796381e-01,-1.770253350250371865e-02,3.140461167083764826e-02,3.692645980948897066e-02,1.366236611740976881e-01,1.026749448041432533e+00
-1.266673667932179670e-01,1.123126082718796381e-01,-1.770253350250371865e-02,3.140461167083764826e-02,3.692645980948897066e-02,1.366236611740976881e-01,1.026749448041432533e+00
-1.266673667932179670e-01,1.123126082718796381e-01,-1.770253350250371865e-02,3.140461167083764826e-02,3.692645980948897066e-02,1.366236611740976881e-01,1.026749448041432533e+00
-7.118530348344828673e-02,1.571566288751339024e-01,1.566461631372906838e-01,-1.228409745024795496e-01,-6.107209775305434685e-02,4.807780556824792217e-02,4.005636142806496824e-01
-7.118530348344828673e-02,1.571566288751339024e-01,1.566461631372906838e-01,-1.228409745024795496e-01,-6.107209775305434685e-02,4.807780556824792217e-02,4.005636142806496824e-01
-7.118530348344828673e-02,1.571566288751339024e-01,1.566461631372906838e-01,-1.228409745024795496e-01,-6.107209775305434685e-02,4.807780556824792217e-02,4.005636142806496824e-01
-7.118530348344828673e-02,1.571566288751339024e-01,1.566461631372906838e-01,-1.228409745024795496e-01,-6.107209775305434685e-02,4.807780556824792217e-02,4.005636142806496824e-01
-7.118530348344828673e-02,1.571566288751339024e-01,1.566461631372906838e-01,-1.228409745024795496e-01,-6.107209775305434685e-02,4.807780556824792217e-02,4.005636142806496824e-01
-1.185703848777290570e-01,1.756181218042346670e-01,5.608469377915940857e-02,4.308022650254866859e-02,-5.284401315882542721e-02,3.209644225626197278e-02,5.589063283133938187e-01
-1.185703848777290570e-01,1.756181218042346670e-01,5.608469377915940857e-02,4.308022650254866859e-02,-5.284401315882542721e-02,3.209644225626197278e-02,5.589063283133938187e-01
-1.185703848777290570e-01,1.756181218042346670e-01,5.608469377915940857e-02,4.308022650254866859e-02,-5.284401315882542721e-02,3.209644225626197278e-02,5.589063283133938187e-01
-1.185703848777290570e-01,1.756181218042346670e-01,5.608469377915940857e-02,4.308022650254866859e-02,-5.284401315882542721e-02,3.209644225626197278e-02,5.589063283133938187e-01
-1.185703848777290570e-01,1.756181218042346670e-01,5.608469377915940857e-02,4.308022650254866859e-02,-5.284401315882542721e-02,3.209644225626197278e-02,5.589063283133938187e-01
-3.956169022575033167e-02,2.278849267930632694e-01,-3.657513045421229014e-02,8.419133644670560856e-02,1.363214260939706046e-02,-4.332522787573155759e-02,5.121657303397219030e-01
-3.956169022575033167e-02,2.278849267930632694e-01,-3.657513045421229014e-02,8.419133644670560856e-02,1.363214260939706046e-02,-4.332522787573155759e-02,5.121657303397219030e-01
-3.956169022575033167e-02,2.278849267930632694e-01,-3.657513045421229014e-02,8.419133644670560856e-02,1.363214260939706046e-02,-4.332522787573155759e-02,5.121657303397219030e-01
-3.956169022575033167e-02,2.278849267930632694e-01,-3.657513045421229014e-02,8.419133644670560856e-02,1.363214260939706046e-02,-4.332522787573155759e-02,5.121657303397219030e-01
-3.956169022575033167e-02,2.278849267930632694e-01,-3.657513045421229014e-02,8.419133644670560856e-02,1.363214260939706046e-02,-4.332522787573155759e-02,5.121657303397219030e-01
-9.238525505504108226e-02,3.284754670767937590e-01,1.941948366611695176e-01,-4.836251462040554866e-04,-1.169953688768091138e-02,6.445613151924287076e-02,7.229032254207972130e-01
-9.238525505504108226e-02,3.284754670767937590e-01,1.941948366611695176e-01,-4.836251462040554866e-04,-1.169953688768091138e-02,6.445613151924287076e-02,7.229032254207972130e-01
-9.238525505504108226e-02,3.284754670767937590e-01,1.941948366611695176e-01,-4.836251462040554866e-04,-1.169953688768091138e-02,6.445613151924287076e-02,7.229032254207972130e-01
-9.238525505504108226e-02,3.284754670767937590e-01,1.941948366611695176e-01,-4.836251462040554866e-04,-1.169953688768091138e-02,6.445613151924287076e-02,7.229032254207972130e-01
-9.238525505504108226e-02,3.284754670767937590e-01,1.941948366611695176e-01,-4.836251462040554866e-04,-1.169953688768091138e-02,6.445613151924287076e-02,7.229032254207972130e-01
-2.830059630269195214e-02,8.386385556923781071e-02,1.039319758517186637e-01,1.041236350544849226e-01,-5.168619413602720813e-02,1.892407736260920403e-01,1.026695368506600925e+00
-2.830059630269195214e-02,8.386385556923781071e-02,1.039319758517186637e-01,1.041236350544849226e-01,-5.168619413602720813e-02,1.892407736260920403e-01,1.026695368506600925e+00
-2.830059630269195214e-02,8.386385556923781071e-02,1.039319758517186637e-01,1.041236350544849226e-01,-5.168619413602720813e-02,1.892407736260920403e-01,1.026695368506600925e+00
-2.830059630269195214e-02,8.386385556923781071e-02,1.039319758517186637e-01,1.041236350544849226e-01,-5.168619413602720813e-02,1.892407736260920403e-01,1.026695368506600925e+00
-2.830059630269195214e-02,8.386385556923781071e-02,1.039319758517186637e-01,1.041236350544849226e-01,-5.168619413602720813e-02,1.892407736260920403e-01,1.026695368506600925e+00
-9.950918761728930195e-02,3.171072186362445255e-01,1.970607789355498518e-01,-2.662387006500986641e-02,-1.930707179534003545e-02,5.913770963294623373e-02,6.980611677755921285e-01
-9.950918761728930195e-02,3.171072186362445255e-01,1.970607789355498518e-01,-2.662387006500986641e-02,-1.930707179534003545e-02,5.913770963294623373e-02,6.980611677755921285e-01
-9.950918761728930195e-02,3.171072186362445255e-01,1.970607789355498518e-01,-2.662387006500986641e-02,-1.930707179534003545e-02,5.913770963294623373e-02,6.980611677755921285e-01
-9.950918761728930195e-02,3.171072186362445255e-01,1.970607789355498518e-01,-2.662387006500986641e-02,-1.930707179534003545e-02,5.913770963294623373e-02,6.980611677755921285e-01
-9.950918761728930195e-02,3.171072186362445255e-01,1.970607789355498518e-01,-2.662387006500986641e-02,-1.930707179534003545e-02,5.913770963294623373e-02,6.980611677755921285e-01
-5.493100785432309535e-02,1.640926149953882973e-01,1.222144727290738475e-01,-1.359007599865742488e-01,-5.416149086205904184e-02,4.167511657596338626e-02,3.987522663292621394e-01
-5.493100785432309535e-02,1.640926149953882973e-01,1.222144727290738475e-01,-1.359007599865742488e-01,-5.416149086205904184e-02,4.167511657596338626e-02,3.987522663292621394e-01
-5.493100785432309535e-02,1.640926149953882973e-01,1.222144727290738475e-01,-1.359007599865742488e-01,-5.416149086205904184e-02,4.167511657596338626e-02,3.987522663292621394e-01
-5.493100785432309535e-02,1.640926149953882973e-01,1.222144727290738475e-01,-1.359007599865742488e-01,-5.416149086205904184e-02,4.167511657596338626e-02,3.987522663292621394e-01
-5.493100785432309535e-02,1.640926149953882973e-01,1.222144727290738475e-01,-1.359007599865742488e-01,-5.416149086205904184e-02,4.167511657596338626e-02,3.987522663292621394e-01
-6.840373681656616855e-02,1.524926632073246302e-01,-6.400598845013444338e-02,-3.806917914681558213e-02,2.081357331645750652e-01,3.032951734326869708e-01,1.117364203331802752e+00
-6.840373681656616855e-02,1.524926632073246302e-01,-6.400598845013444338e-02,-3.806917914681558213e-02,2.081357331645750652e-01,3.032951734326869708e-01,1.117364203331802752e+00
-6.840373681656616855e-02,1.524926632073246302e-01,-6.400598845013444338e-02,-3.806917914681558213e-02,2.081357331645750652e-01,3.032951734326869708e-01,1.117364203331802752e+00
-6.840373681656616855e-02,1.524926632073246302e-01,-6.400598845013444338e-02,-3.806917914681558213e-02,2.081357331645750652e-01,3.032951734326869708e-01,1.117364203331802752e+00
-6.840373681656616855e-02,1.524926632073246302e-01,-6.400598845013444338e-02,-3.806917914681558213e-02,2.081357331645750652e-01,3.032951734326869708e-01,1.117364203331802752e+00
-4.001207215022241359e-02,8.492685221857587674e-02,1.204644157322354026e-01,1.636808105995839757e-01,-4.031204565394853195e-02,1.549049019180477882e-01,9.644406721989171594e-01
-4.001207215022241359e-02,8.492685221857587674e-02,1.204644157322354026e-01,1.636808105995839757e-01,-4.031204565394853195e-02,1.549049019180477882e-01,9.644406721989171594e-01
-4.001207215022241359e-02,8.492685221857587674e-02,1.204644157322354026e-01,1.636808105995839757e-01,-4.031204565394853195e-02,1.549049019180477882e-01,9.644406721989171594e-01
-4.001207215022241359e-02,8.492685221857587674e-02,1.204644157322354026e-01,1.636808105995839757e-01,-4.031204565394853195e-02,1.549049019180477882e-01,9.644406721989171594e-01
-4.001207215022241359e-02,8.492685221857587674e-02,1.204644157322354026e-01,1.636808105995839757e-01,-4.031204565394853195e-02,1.549049019180477882e-01,9.644406721989171594e-01
-8.779038954910181602e-02,3.243128311126524110e-01,1.930722225779732404e-01,-3.617893069966690578e-02,-3.045284022505856392e-02,6.243742590549238025e-02,7.141107882171522370e-01
-8.779038954910181602e-02,3.243128311126524110e-01,1.930722225779732404e-01,-3.617893069966690578e-02,-3.045284022505856392e-02,6.243742590549238025e-02,7.141107882171522370e-01
-8.779038954910181602e-02,3.243128311126524110e-01,1.930722225779732404e-01,-3.617893069966690578e-02,-3.045284022505856392e-02,6.243742590549238025e-02,7.141107882171522370e-01
-8.779038954910181602e-02,3.243128311126524110e-01,1.930722225779732404e-01,-3.617893069966690578e-02,-3.045284022505856392e-02,6.243742590549238025e-02,7.141107882171522370e-01
-8.779038954910181602e-02,3.243128311126524110e-01,1.930722225779732404e-01,-3.617893069966690578e-02,-3.045284022505856392e-02,6.243742590549238025e-02,7.141107882171522370e-01
7.353001186571001338e-03,1.413037027720489280e-01,-3.326068001958752685e-02,6.057736461476569828e-02,-3.556383537389051774e-02,-4.176695545057911713e-02,5.541743250439667978e-01
7.353001186571001338e-03,1.413037027720489280e-01,-3.326068001958752685e-02,6.057736461476569828e-02,-3.556383537389051774e-02,-4.176695545057911713e-02,5.541743250439667978e-01
7.353001186571001338e-03,1.413037027720489280e-01,-3.326068001958752685e-02,6.057736461476569828e-02,-3.556383537389051774e-02,-4.176695545057911713e-02,5.541743250439667978e-01
7.353001186571001338e-03,1.413037027720489280e-01,-3.326068001958752685e-02,6.057736461476569828e-02,-3.556383537389051774e-02,-4.176695545057911713e-02,5.541743250439667978e-01
7.353001186571001338e-03,1.413037027720489280e-01,-3.326068001958752685e-02,6.057736461476569828e-02,-3.556383537389051774e-02,-4.176695545057911713e-02,5.541743250439667978e-01
-5.680319866895608416e-02,9.761245109582861179e-02,4.536630648125187029e-03,-2.574163629823258276e-02,-6.306886543027108785e-03,2.806869619844932773e-01,1.135289229591569082e+00
-5.680319866895608416e-02,9.761245109582861179e-02,4.536630648125187029e-03,-2.574163629823258276e-02,-6.306886543027108785e-03,2.806869619844932773e-01,1.135289229591569082e+00
-5.680319866895608416e-02,9.761245109582861179e-02,4.536630648125187029e-03,-2.574163629823258276e-02,-6.306886543027108785e-03,2.806869619844932773e-01,1.135289229591569082e+00
-5.680319866895608416e-02,9.761245109582861179e-02,4.536630648125187029e-03,-2.574163629823258276e-02,-6.306886543027108785e-03,2.806869619844932773e-01,1.135289229591569082e+00
-5.680319866895608416e-02,9.761245109582861179e-02,4.536630648125187029e-03,-2.574163629823258276e-02,-6.306886543027108785e-03,2.806869619844932773e-01,1.135289229591569082e+00
7.368660913596629392e-02,1.351426573720010682e-01,-2.591056206293355924e-02,8.600994326808458768e-02,-4.946098123787754514e-02,-3.540982032939554019e-02,5.281700617334744718e-01
7.368660913596629392e-02,1.351426573720010682e-01,-2.591056206293355924e-02,8.600994326808458768e-02,-4.946098123787754514e-02,-3.540982032939554019e-02,5.281700617334744718e-01
7.368660913596629392e-02,1.351426573720010682e-01,-2.591056206293355924e-02,8.600994326808458768e-02,-4.946098123787754514e-02,-3.540982032939554019e-02,5.281700617334744718e-01
7.368660913596629392e-02,1.351426573720010682e-01,-2.591056206293355924e-02,8.600994326808458768e-02,-4.946098123787754514e-02,-3.540982032939554019e-02,5.281700617334744718e-01
7.368660913596629392e-02,1.351426573720010682e-01,-2.591056206293355924e-02,8.600994326808458768e-02,-4.946098123787754514e-02,-3.540982032939554019e-02,5.281700617334744718e-01
-1.161498471585432901e-01,1.377087318233737867e-01,8.407205900414535527e-03,8.102962745858224847e-02,4.623353629368873174e-02,1.252092348602401872e-01,1.015078781804106267e+00
-1.161498471585432901e-01,1.377087318233737867e-01,8.407205900414535527e-03,8.102962745858224847e-02,4.623353629368873174e-02,1.252092348602401872e-01,1.015078781804106267e+00
-1.161498471585432901e-01,1.377087318233737867e-01,8.407205900414535527e-03,8.102962745858224847e-02,4.623353629368873174e-02,1.252092348602401872e-01,1.015078781804106267e+00
-1.161498471585432901e-01,1.377087318233737867e-01,8.407205900414535527e-03,8.102962745858224847e-02,4.623353629368873174e-02,1.252092348602401872e-01,1.015078781804106267e+00
-1.161498471585432901e-01,1.377087318233737867e-01,8.407205900414535527e-03,8.102962745858224847e-02,4.623353629368873174e-02,1.252092348602401872e-01,1.015078781804106267e+00
1.041777286953385860e-02,2.014173045422137376e-01,-9.416047639147499121e-03,5.679743324648833108e-02,2.878152050622572247e-02,-3.618676093252740783e-02,4.448574530059253296e-01
1.041777286953385860e-02,2.014173045422137376e-01,-9.416047639147499121e-03,5.679743324648833108e-02,2.878152050622572247e-02,-3.618676093252740783e-02,4.448574530059253296e-01
1.041777286953385860e-02,2.014173045422137376e-01,-9.416047639147499121e-03,5.679743324648833108e-02,2.878152050622572247e-02,-3.618676093252740783e-02,4.448574530059253296e-01
1.041777286953385860e-02,2.014173045422137376e-01,-9.416047639147499121e-03,5.679743324648833108e-02,2.878152050622572247e-02,-3.618676093252740783e-02,4.448574530059253296e-01
1.041777286953385860e-02,2.014173045422137376e-01,-9.416047639147499121e-03,5.679743324648833108e-02,2.878152050622572247e-02,-3.618676093252740783e-02,4.448574530059253296e-01
-3.166434477356653426e-02,2.243079554471625603e-01,-2.902879654097640771e-03,1.252938669572591091e-02,2.451658855367990289e-02,-2.816733338642013820e-02,4.616243309084211432e-01
-3.166434477356653426e-02,2.243079554471625603e-01,-2.902879654097640771e-03,1.252938669572591091e-02,2.451658855367990289e-02,-2.816733338642013820e-02,4.616243309084211432e-01
-3.166434477356653426e-02,2.243079554471625603e-01,-2.902879654097640771e-03,1.252938669572591091e-02,2.451658855367990289e-02,-2.816733338642013820e-02,4.616243309084211432e-01
-3.166434477356653426e-02,2.243079554471625603e-01,-2.902879654097640771e-03,1.252938669572591091e-02,2.451658855367990289e-02,-2.816733338642013820e-02,4.616243309084211432e-01
-3.166434477356653426e-02,2.243079554471625603e-01,-2.902879654097640771e-03,1.252938669572591091e-02,2.451658855367990289e-02,-2.816733338642013820e-02,4.616243309084211432e-01
-1.101658223369294809e-01,9.305038628667952616e-02,-1.897571148403036020e-02,5.125161087706265467e-03,-9.596355360242140795e-03,1.136486315109170586e-01,9.391262233534842796e-01
-1.101658223369294809e-01,9.305038628667952616e-02,-1.897571148403036020e-02,5.125161087706265467e-03,-9.596355360242140795e-03,1.136486315109170586e-01,9.391262233534842796e-01
-1.101658223369294809e-01,9.305038628667952616e-02,-1.897571148403036020e-02,5.125161087706265467e-03,-9.596355360242140795e-03,1.136486315109170586e-01,9.391262233534842796e-01
-1.101658223369294809e-01,9.305038628667952616e-02,-1.897571148403036020e-02,5.125161087706265467e-03,-9.596355360242140795e-03,1.136486315109170586e-01,9.391262233534842796e-01
-1.101658223369294809e-01,9.305038628667952616e-02,-1.897571148403036020e-02,5.125161087706265467e-03,-9.596355360242140795e-03,1.136486315109170586e-01,9.391262233534842796e-01
-1.218686479321647032e-01,2.171990313348103885e-01,1.564663659047504929e-01,-1.445420997777425304e-02,-1.427630103492752781e-02,2.937346960427406062e-02,5.189938491988471680e-01
-1.218686479321647032e-01,2.171990313348103885e-01,1.564663659047504929e-01,-1.445420997777425304e-02,-1.427630103492752781e-02,2.937346960427406062e-02,5.189938491988471680e-01
-1.218686479321647032e-01,2.171990313348103885e-01,1.564663659047504929e-01,-1.445420997777425304e-02,-1.427630103492752781e-02,2.937346960427406062e-02,5.189938491988471680e-01
-1.218686479321647032e-01,2.171990313348103885e-01,1.564663659047504929e-01,-1.445420997777425304e-02,-1.427630103492752781e-02,2.937346960427406062e-02,5.189938491988471680e-01
-1.218686479321647032e-01,2.171990313348103885e-01,1.564663659047504929e-01,-1.445420997777425304e-02,-1.427630103492752781e-02,2.937346960427406062e-02,5.189938491988471680e-01
-1.174358019034108386e-01,1.210613771518417731e-01,5.718710495224307161e-02,4.147867324193248856e-02,-3.585302838337260656e-02,2.519949405330227377e-01,1.156581880273555463e+00
-1.174358019034108386e-01,1.210613771518417731e-01,5.718710495224307161e-02,4.147867324193248856e-02,-3.585302838337260656e-02,2.519949405330227377e-01,1.156581880273555463e+00
-1.174358019034108386e-01,1.210613771518417731e-01,5.718710495224307161e-02,4.147867324193248856e-02,-3.585302838337260656e-02,2.519949405330227377e-01,1.156581880273555463e+00
-1.174358019034108386e-01,1.210613771518417731e-01,5.718710495224307161e-02,4.147867324193248856e-02,-3.585302838337260656e-02,2.519949405330227377e-01,1.156581880273555463e+00
-1.174358019034108386e-01,1.210613771518417731e-01,5.718710495224307161e-02,4.147867324193248856e-02,-3.585302838337260656e-02,2.519949405330227377e-01,1.156581880273555463e+00
-1.107533942797364890e-01,1.890926006458629183e-01,-4.505575928266011831e-02,-7.371110984911496966e-02,1.696456691381973969e-01,3.026060043389203202e-01,1.121585166370679953e+00
-1.107533942797364890e-01,1.890926006458629183e-01,-4.505575928266011831e-02,-7.371110984911496966e-02,1.696456691381973969e-01,3.026060043389203202e-01,1.121585166370679953e+00
-1.107533942797364890e-01,1.890926006458629183e-01,-4.505575928266011831e-02,-7.371110984911496966e-02,1.696456691381973969e-01,3.026060043389203202e-01,1.121585166370679953e+00
-1.107533942797364890e-01,1.890926006458629183e-01,-4.505575928266011831e-02,-7.371110984911496966e-02,1.696456691381973969e-01,3.026060043389203202e-01,1.121585166370679953e+00
-1.107533942797364890e-01,1.890926006458629183e-01,-4.505575928266011831e-02,-7.371110984911496966e-02,1.696456691381973969e-01,3.026060043389203202e-01,1.121585166370679953e+00
4.734385070215681862e-02,1.244879327552428222e-01,-2.011027207744514600e-02,8.800119655840574207e-02,-4.287693054442429791e-02,-1.345235623490819397e-02,6.322695670269388168e-01
4.734385070215681862e-02,1.244879327552428222e-01,-2.011027207744514600e-02,8.800119655840574207e-02,-4.287693054442429791e-02,-1.345235623490819397e-02,6.322695670269388168e-01
4.734385070215681862e-02,1.244879327552428222e-01,-2.011027207744514600e-02,8.800119655840574207e-02,-4.287693054442429791e-02,-1.345235623490819397e-02,6.322695670269388168e-01
4.734385070215681862e-02,1.244879327552428222e-01,-2.011027207744514600e-02,8.800119655840574207e-02,-4.287693054442429791e-02,-1.345235623490819397e-02,6.322695670269388168e-01
4.734385070215681862e-02,1.244879327552428222e-01,-2.011027207744514600e-02,8.800119655840574207e-02,-4.287693054442429791e-02,-1.345235623490819397e-02,6.322695670269388168e-01
-1.804565524922031594e-01,1.740502805116835305e-01,1.022438464372943737e-02,6.245147766973678516e-02,2.253702006862322652e-02,2.487455402769605528e-01,1.192302308855189397e+00
-1.804565524922031594e-01,1.740502805116835305e-01,1.022438464372943737e-02,6.245147766973678516e-02,2.253702006862322652e-02,2.487455402769605528e-01,1.192302308855189397e+00
-1.804565524922031594e-01,1.740502805116835305e-01,1.022438464372943737e-02,6.245147766973678516e-02,2.253702006862322652e-02,2.487455402769605528e-01,1.192302308855189397e+00
-1.804565524922031594e-01,1.740502805116835305e-01,1.022438464372943737e-02,6.245147766973678516e-02,2.253702006862322652e-02,2.487455402769605528e-01,1.192302308855189397e+00
-1.804565524922031594e-01,1.740502805116835305e-01,1.022438464372943737e-02,6.245147766973678516e-02,2.253702006862322652e-02,2.487455402769605528e-01,1.192302308855189397e+00
-1.085965718043840761e-01,1.236433726036929304e-01,5.673407947605683954e-02,1.177233456452720858e-02,-3.528564543529927322e-02,2.800328683446998146e-01,1.165781172511964670e+00
-1.085965718043840761e-01,1.236433726036929304e-01,5.673407947605683954e-02,1.177233456452720858e-02,-3.528564543529927322e-02,2.800328683446998146e-01,1.165781172511964670e+00
-1.085965718043840761e-01,1.236433726036929304e-01,5.673407947605683954e-02,1.177233456452720858e-02,-3.528564543529927322e-02,2.800328683446998146e-01,1.165781172511964670e+00
-1.085965718043840761e-01,1.236433726036929304e-01,5.673407947605683954e-02,1.177233456452720858e-02,-3.528564543529927322e-02,2.800328683446998146e-01,1.165781172511964670e+00
-1.085965718043840761e-01,1.236433726036929304e-01,5.673407947605683954e-02,1.177233456452720858e-02,-3.528564543529927322e-02,2.800328683446998146e-01,1.165781172511964670e+00
-5.161649148718174679e-02,8.019301661862263120e-02,7.845975266351011557e-02,-1.935536388270027962e-03,-5.044494793423327794e-02,2.560565767071358301e-01,1.112149379851857356e+00
-5.161649148718174679e-02,8.019301661862263120e-02,7.845975266351011557e-02,-1.935536388270027962e-03,-5.044494793423327794e-02,2.560565767071358301e-01,1.112149379851857356e+00
-5.161649148718174679e-02,8.019301661862263120e-02,7.845975266351011557e-02,-1.935536388270027962e-03,-5.044494793423327794e-02,2.560565767071358301e-01,1.112149379851857356e+00
-5.161649148718174679e-02,8.019301661862263120e-02,7.845975266351011557e-02,-1.935536388270027962e-03,-5.044494793423327794e-02,2.560565767071358301e-01,1.112149379851857356e+00
-5.161649148718174679e-02,8.019301661862263120e-02,7.845975266351011557e-02,-1.935536388270027962e-03,-5.044494793423327794e-02,2.560565767071358301e-01,1.112149379851857356e+00
-2.424767076553221989e-01,2.208162255432561394e-01,6.690375844279101980e-02,6.291701859733037083e-02,8.703415192452959581e-02,2.994351446193108668e-01,1.181529670577288860e+00
-2.424767076553221989e-01,2.208162255432561394e-01,6.690375844279101980e-02,6.291701859733037083e-02,8.703415192452959581e-02,2.994351446193108668e-01,1.181529670577288860e+00
-2.424767076553221989e-01,2.208162255432561394e-01,6.690375844279101980e-02,6.291701859733037083e-02,8.703415192452959581e-02,2.994351446193108668e-01,1.181529670577288860e+00
-2.424767076553221989e-01,2.208162255432561394e-01,6.690375844279101980e-02,6.291701859733037083e-02,8.703415192452959581e-02,2.994351446193108668e-01,1.181529670577288860e+00
-2.424767076553221989e-01,2.208162255432561394e-01,6.690375844279101980e-02,6.291701859733037083e-02,8.703415192452959581e-02,2.994351446193108668e-01,1.181529670577288860e+00
-3.145933120490616158e-02,1.196277445671915934e-01,-2.446002495323722561e-02,-3.712884666742409523e-02,-5.568095900364274792e-02,-1.440279490923112443e-02,6.055540942276127492e-01
-3.145933120490616158e-02,1.196277445671915934e-01,-2.446002495323722561e-02,-3.712884666742409523e-02,-5.568095900364274792e-02,-1.440279490923112443e-02,6.055540942276127492e-01
-3.145933120490616158e-02,1.196277445671915934e-01,-2.446002495323722561e-02,-3.712884666742409523e-02,-5.568095900364274792e-02,-1.440279490923112443e-02,6.055540942276127492e-01
-3.145933120490616158e-02,1.196277445671915934e-01,-2.446002495323722561e-02,-3.712884666742409523e-02,-5.568095900364274792e-02,-1.440279490923112443e-02,6.055540942276127492e-01
-3.145933120490616158e-02,1.196277445671915934e-01,-2.446002495323722561e-02,-3.712884666742409523e-02,-5.568095900364274792e-02,-1.440279490923112443e-02,6.055540942276127492e-01
-1.355781286488832171e-01,2.004619304364194665e-01,-1.228952265711038411e-02,-2.821884924730013594e-02,1.678683756904156832e-01,3.092029173057090352e-01,1.147920795734557409e+00
-1.355781286488832171e-01,2.004619304364194665e-01,-1.228952265711038411e-02,-2.821884924730013594e-02,1.678683756904156832e-01,3.092029173057090352e-01,1.147920795734557409e+00
-1.355781286488832171e-01,2.004619304364194665e-01,-1.228952265711038411e-02,-2.821884924730013594e-02,1.678683756904156832e-01,3.092029173057090352e-01,1.147920795734557409e+00
-1.355781286488832171e-01,2.004619304364194665e-01,-1.228952265711038411e-02,-2.821884924730013594e-02,1.678683756904156832e-01,3.092029173057090352e-01,1.147920795734557409e+00
-1.355781286488832171e-01,2.004619304364194665e-01,-1.228952265711038411e-02,-2.821884924730013594e-02,1.678683756904156832e-01,3.092029173057090352e-01,1.147920795734557409e+00
-1.035074356249209709e-01,2.228082822034793686e-01,1.970995191324551588e-01,-9.005099629525738225e-02,-5.366087210634608307e-02,5.193243317187979519e-02,5.523348680409578826e-01
-1.035074356249209709e-01,2.228082822034793686e-01,1.970995191324551588e-01,-9.005099629525738225e-02,-5.366087210634608307e-02,5.193243317187979519e-02,5.523348680409578826e-01
-1.035074356249209709e-01,2.228082822034793686e-01,1.970995191324551588e-01,-9.005099629525738225e-02,-5.366087210634608307e-02,5.193243317187979519e-02,5.523348680409578826e-01
-1.035074356249209709e-01,2.228082822034793686e-01,1.970995191324551588e-01,-9.005099629525738225e-02,-5.366087210634608307e-02,5.193243317187979519e-02,5.523348680409578826e-01
-1.035074356249209709e-01,2.228082822034793686e-01,1.970995191324551588e-01,-9.005099629525738225e-02,-5.366087210634608307e-02,5.193243317187979519e-02,5.523348680409578826e-01
-1.293389745316510242e-01,1.403056545366626329e-01,-6.214589799186463065e-04,6.536034131151224891e-02,5.019245074380045135e-02,1.423066810387532133e-01,1.049244931118296753e+00
-1.293389745316510242e-01,1.403056545366626329e-01,-6.214589799186463065e-04,6.536034131151224891e-02,5.019245074380045135e-02,1.423066810387532133e-01,1.049244931118296753e+00
-1.293389745316510242e-01,1.403056545366626329e-01,-6.214589799186463065e-04,6.536034131151224891e-02,5.019245074380045135e-02,1.423066810387532133e-01,1.049244931118296753e+00
-1.293389745316510242e-01,1.403056545366626329e-01,-6.214589799186463065e-04,6.536034131151224891e-02,5.019245074380045135e-02,1.423066810387532133e-01,1.049244931118296753e+00
-1.293389745316510242e-01,1.403056545366626329e-01,-6.214589799186463065e-04,6.536034131151224891e-02,5.019245074380045135e-02,1.423066810387532133e-01,1.049244931118296753e+00
-2.297877711822942093e-01,2.177705225939888245e-01,4.488460331029438255e-02,2.983094256235161237e-02,8.728624466947593197e-02,2.958761714524562603e-01,1.169316255726824405e+00
-2.297877711822942093e-01,2.177705225939888245e-01,4.488460331029438255e-02,2.983094256235161237e-02,8.728624466947593197e-02,2.958761714524562603e-01,1.169316255726824405e+00
-2.297877711822942093e-01,2.177705225939888245e-01,4.488460331029438255e-02,2.983094256235161237e-02,8.728624466947593197e-02,2.958761714524562603e-01,1.169316255726824405e+00
-2.297877711822942093e-01,2.177705225939888245e-01,4.488460331029438255e-02,2.983094256235161237e-02,8.728624466947593197e-02,2.958761714524562603e-01,1.169316255726824405e+00
-2.297877711822942093e-01,2.177705225939888245e-01,4.488460331029438255e-02,2.983094256235161237e-02,8.728624466947593197e-02,2.958761714524562603e-01,1.169316255726824405e+00
-9.026153625903854394e-02,1.925139476298698971e-01,-4.924555016021218284e-02,2.543659777264799596e-03,-2.598040611575967718e-02,-2.318198885401347858e-02,5.456688313188422512e-01
-9.026153625903854394e-02,1.925139476298698971e-01,-4.924555016021218284e-02,2.543659777264799596e-03,-2.598040611575967718e-02,-2.318198885401347858e-02,5.456688313188422512e-01
-9.026153625903854394e-02,1.925139476298698971e-01,-4.924555016021218284e-02,2.543659777264799596e-03,-2.598040611575967718e-02,-2.318198885401347858e-02,5.456688313188422512e-01
-9.026153625903854394e-02,1.925139476298698971e-01,-4.924555016021218284e-02,2.543659777264799596e-03,-2.598040611575967718e-02,-2.318198885401347858e-02,5.456688313188422512e-01
-9.026153625903854394e-02,1.925139476298698971e-01,-4.924555016021218284e-02,2.543659777264799596e-03,-2.598040611575967718e-02,-2.318198885401347858e-02,5.456688313188422512e-01
-9.327420862242755129e-02,6.438793568334894024e-02,8.462800191609794187e-02,5.557511996923450437e-02,-7.578022294085576260e-02,1.977541095631315526e-01,1.055031019051548169e+00
-9.327420862242755129e-02,6.438793568334894024e-02,8.462800191609794187e-02,5.557511996923450437e-02,-7.578022294085576260e-02,1.977541095631315526e-01,1.055031019051548169e+00
-9.327420862242755129e-02,6.438793568334894024e-02,8.462800191609794187e-02,5.557511996923450437e-02,-7.578022294085576260e-02,1.977541095631315526e-01,1.055031019051548169e+00
-9.327420862242755129e-02,6.438793568334894024e-02,8.462800191609794187e-02,5.557511996923450437e-02,-7.578022294085576260e-02,1.977541095631315526e-01,1.055031019051548169e+00
-9.327420862242755129e-02,6.438793568334894024e-02,8.462800191609794187e-02,5.557511996923450437e-02,-7.578022294085576260e-02,1.977541095631315526e-01,1.055031019051548169e+00
7.348228214404643743e-02,1.740263229727407324e-01,-2.275644300494838665e-02,8.619867316978147009e-02,-1.686648129659507403e-02,-4.104160564645376041e-02,4.782190507008469149e-01
7.348228214404643743e-02,1.740263229727407324e-01,-2.275644300494838665e-02,8.619867316978147009e-02,-1.686648129659507403e-02,-4.104160564645376041e-02,4.782190507008469149e-01
7.348228214404643743e-02,1.740263229727407324e-01,-2.275644300494838665e-02,8.619867316978147009e-02,-1.686648129659507403e-02,-4.104160564645376041e-02,4.782190507008469149e-01
7.348228214404643743e-02,1.740263229727407324e-01,-2.275644300494838665e-02,8.619867316978147009e-02,-1.686648129659507403e-02,-4.104160564645376041e-02,4.782190507008469149e-01
7.348228214404643743e-02,1.740263229727407324e-01,-2.275644300494838665e-02,8.619867316978147009e-02,-1.686648129659507403e-02,-4.104160564645376041e-02,4.782190507008469149e-01
-1.215741580308639033e-02,1.050792878902037514e-01,-1.067971444643865536e-01,-5.472345230091819890e-02,1.785258923954153309e-01,2.912191686277085800e-01,1.089772974161612229e+00
-1.215741580308639033e-02,1.050792878902037514e-01,-1.067971444643865536e-01,-5.472345230091819890e-02,1.785258923954153309e-01,2.912191686277085800e-01,1.089772974161612229e+00
-1.215741580308639033e-02,1.050792878902037514e-01,-1.067971444643865536e-01,-5.472345230091819890e-02,1.785258923954153309e-01,2.912191686277085800e-01,1.089772974161612229e+00
-1.215741580308639033e-02,1.050792878902037514e-01,-1.067971444643865536e-01,-5.472345230091819890e-02,1.785258923954153309e-01,2.912191686277085800e-01,1.089772974161612229e+00
-1.215741580308639033e-02,1.050792878902037514e-01,-1.067971444643865536e-01,-5.472345230091819890e-02,1.785258923954153309e-01,2.912191686277085800e-01,1.089772974161612229e+00
4.996098389316258603e-02,1.850143178068755501e-01,-2.363437811802641605e-02,8.387354230616921036e-02,-3.223018926761513255e-03,-4.333859279261469827e-02,4.733329859407748308e-01
4.996098389316258603e-02,1.850143178068755501e-01,-2.363437811802641605e-02,8.387354230616921036e-02,-3.223018926761513255e-03,-4.333859279261469827e-02,4.733329859407748308e-01
4.996098389316258603e-02,1.850143178068755501e-01,-2.363437811802641605e-02,8.387354230616921036e-02,-3.223018926761513255e-03,-4.333859279261469827e-02,4.733329859407748308e-01
4.996098389316258603e-02,1.850143178068755501e-01,-2.363437811802641605e-02,8.387354230616921036e-02,-3.223018926761513255e-03,-4.333859279261469827e-02,4.733329859407748308e-01
4.996098389316258603e-02,1.850143178068755501e-01,-2.363437811802641605e-02,8.387354230616921036e-02,-3.223018926761513255e-03,-4.333859279261469827e-02,4.733329859407748308e-01
-5.719510353485990350e-02,9.431559562128495611e-02,1.305364784608928908e-01,1.700775422362437173e-01,1.130338414953706294e-02,1.283899175729044106e-01,8.725866896580841692e-01
-5.719510353485990350e-02,9.431559562128495611e-02,1.305364784608928908e-01,1.700775422362437173e-01,1.130338414953706294e-02,1.283899175729044106e-01,8.725866896580841692e-01
-5.719510353485990350e-02,9.431559562128495611e-02,1.305364784608928908e-01,1.700775422362437173e-01,1.130338414953706294e-02,1.283899175729044106e-01,8.725866896580841692e-01
-5.719510353485990350e-02,9.431559562128495611e-02,1.305364784608928908e-01,1.700775422362437173e-01,1.130338414953706294e-02,1.283899175729044106e-01,8.725866896580841692e-01
-5.719510353485990350e-02,9.431559562128495611e-02,1.305364784608928908e-01,1.700775422362437173e-01,1.130338414953706294e-02,1.283899175729044106e-01,8.725866896580841692e-01
-2.066944775489766850e-01,1.934153466597832161e-01,2.260390891829489393e-02,6.527856566479349476e-02,5.899111018871879691e-02,2.680621205797028006e-01,1.195708487288149158e+00
-2.066944775489766850e-01,1.934153466597832161e-01,2.260390891829489393e-02,6.527856566479349476e-02,5.899111018871879691e-02,2.680621205797028006e-01,1.195708487288149158e+00
-2.066944775489766850e-01,1.934153466597832161e-01,2.260390891829489393e-02,6.527856566479349476e-02,5.899111018871879691e-02,2.680621205797028006e-01,1.195708487288149158e+00
-2.066944775489766850e-01,1.934153466597832161e-01,2.260390891829489393e-02,6.527856566479349476e-02,5.899111018871879691e-02,2.680621205797028006e-01,1.195708487288149158e+00
-2.066944775489766850e-01,1.934153466597832161e-01,2.260390891829489393e-02,6.527856566479349476e-02,5.899111018871879691e-02,2.680621205797028006e-01,1.195708487288149158e+00
4.664671592663813954e-02,1.506749584028302114e-01,-3.128284243588932284e-02,8.423006296951993099e-02,-3.546339561847926952e-02,-4.305236456671046597e-02,5.252466050311679346e-01
4.664671592663813954e-02,1.506749584028302114e-01,-3.128284243588932284e-02,8.423006296951993099e-02,-3.546339561847926952e-02,-4.305236456671046597e-02,5.252466050311679346e-01
4.664671592663813954e-02,1.506749584028302114e-01,-3.128284243588932284e-02,8.423006296951993099e-02,-3.546339561847926952e-02,-4.305236456671046597e-02,5.252466050311679346e-01
4.664671592663813954e-02,1.506749584028302114e-01,-3.128284243588932284e-02,8.423006296951993099e-02,-3.546339561847926952e-02,-4.305236456671046597e-02,5.252466050311679346e-01
4.664671592663813954e-02,1.506749584028302114e-01,-3.128284243588932284e-02,8.423006296951993099e-02,-3.546339561847926952e-02,-4.305236456671046597e-02,5.252466050311679346e-01
-9.063815015100332162e-02,1.610747650770213979e-01,1.460255547444407886e-01,1.387936399822011779e-01,5.272090627665805551e-02,9.890459647936705734e-02,7.454244063695316669e-01
-9.063815015100332162e-02,1.610747650770213979e-01,1.460255547444407886e-01,1.387936399822011779e-01,5.272090627665805551e-02,9.890459647936705734e-02,7.454244063695316669e-01
-9.063815015100332162e-02,1.610747650770213979e-01,1.460255547444407886e-01,1.387936399822011779e-01,5.272090627665805551e-02,9.890459647936705734e-02,7.454244063695316669e-01
-9.063815015100332162e-02,1.610747650770213979e-01,1.460255547444407886e-01,1.387936399822011779e-01,5.272090627665805551e-02,9.890459647936705734e-02,7.454244063695316669e-01
-9.063815015100332162e-02,1.610747650770213979e-01,1.460255547444407886e-01,1.387936399822011779e-01,5.272090627665805551e-02,9.890459647936705734e-02,7.454244063695316669e-01
1.193134875917750519e-02,1.997202062803088152e-01,-5.145652443280084205e-03,4.919313015017075241e-02,2.840527031247090661e-02,-3.314580482766549263e-02,4.380380161127074290e-01
1.193134875917750519e-02,1.997202062803088152e-01,-5.145652443280084205e-03,4.919313015017075241e-02,2.840527031247090661e-02,-3.314580482766549263e-02,4.380380161127074290e-01
1.193134875917750519e-02,1.997202062803088152e-01,-5.145652443280084205e-03,4.919313015017075241e-02,2.840527031247090661e-02,-3.314580482766549263e-02,4.380380161127074290e-01
1.193134875917750519e-02,1.997202062803088152e-01,-5.145652443280084205e-03,4.919313015017075241e-02,2.840527031247090661e-02,-3.314580482766549263e-02,4.380380161127074290e-01
1.193134875917750519e-02,1.997202062803088152e-01,-5.145652443280084205e-03,4.919313015017075241e-02,2.840527031247090661e-02,-3.314580482766549263e-02,4.380380161127074290e-01
-1.795382776223406474e-01,1.657876258670915592e-01,-3.897952309193167264e-03,7.776742681581808037e-02,7.073043771602902097e-02,1.913497133205060985e-01,1.135340030806212930e+00
-1.795382776223406474e-01,1.657876258670915592e-01,-3.897952309193167264e-03,7.776742681581808037e-02,7.073043771602902097e-02,1.913497133205060985e-01,1.135340030806212930e+00
-1.795382776223406474e-01,1.657876258670915592e-01,-3.897952309193167264e-03,7.776742681581808037e-02,7.073043771602902097e-02,1.913497133205060985e-01,1.135340030806212930e+00
-1.795382776223406474e-01,1.657876258670915592e-01,-3.897952309193167264e-03,7.776742681581808037e-02,7.073043771602902097e-02,1.913497133205060985e-01,1.135340030806212930e+00
-1.795382776223406474e-01,1.657876258670915592e-01,-3.897952309193167264e-03,7.776742681581808037e-02,7.073043771602902097e-02,1.913497133205060985e-01,1.135340030806212930e+00
-2.138975665179999527e-02,9.901030230587187786e-02,-9.314997009254061267e-02,-4.485078620225795010e-02,1.137719140253405647e-01,2.886280178537308783e-01,1.104902609990411788e+00
-2.138975665179999527e-02,9.901030230587187786e-02,-9.314997009254061267e-02,-4.485078620225795010e-02,1.137719140253405647e-01,2.886280178537308783e-01,1.104902609990411788e+00
-2.138975665179999527e-02,9.901030230587187786e-02,-9.314997009254061267e-02,-4.485078620225795010e-02,1.137719140253405647e-01,2.886280178537308783e-01,1.104902609990411788e+00
-2.138975665179999527e-02,9.901030230587187786e-02,-9.314997009254061267e-02,-4.485078620225795010e-02,1.137719140253405647e-01,2.886280178537308783e-01,1.104902609990411788e+00
-2.138975665179999527e-02,9.901030230587187786e-02,-9.314997009254061267e-02,-4.485078620225795010e-02,1.137719140253405647e-01,2.886280178537308783e-01,1.104902609990411788e+00
8.337721388629350250e-02,1.653070409605663094e-01,-2.652033703447404661e-02,8.917884122491775978e-02,-3.472606264172847096e-02,-4.156157933915249902e-02,4.950974864690001476e-01
8.337721388629350250e-02,1.653070409605663094e-01,-2.652033703447404661e-02,8.917884122491775978e-02,-3.472606264172847096e-02,-4.156157933915249902e-02,4.950974864690001476e-01
8.337721388629350250e-02,1.653070409605663094e-01,-2.652033703447404661e-02,8.917884122491775978e-02,-3.472606264172847096e-02,-4.156157933915249902e-02,4.950974864690001476e-01
8.337721388629350250e-02,1.653070409605663094e-01,-2.652033703447404661e-02,8.917884122491775978e-02,-3.472606264172847096e-02,-4.156157933915249902e-02,4.950974864690001476e-01
8.337721388629350250e-02,1.653070409605663094e-01,-2.652033703447404661e-02,8.917884122491775978e-02,-3.472606264172847096e-02,-4.156157933915249902e-02,4.950974864690001476e-01
1.756446778553870944e-03,1.880458485871842889e-01,-3.955926052237911106e-02,8.902761845393843132e-02,-8.548025633415879537e-03,-4.651360893687307707e-02,5.124892586339099276e-01
1.756446778553870944e-03,1.880458485871842889e-01,-3.955926052237911106e-02,8.902761845393843132e-02,-8.548025633415879537e-03,-4.651360893687307707e-02,5.124892586339099276e-01
1.756446778553870944e-03,1.880458485871842889e-01,-3.955926052237911106e-02,8.902761845393843132e-02,-8.548025633415879537e-03,-4.651360893687307707e-02,5.124892586339099276e-01
1.756446778553870944e-03,1.880458485871842889e-01,-3.955926052237911106e-02,8.902761845393843132e-02,-8.548025633415879537e-03,-4.651360893687307707e-02,5.124892586339099276e-01
1.756446778553870944e-03,1.880458485871842889e-01,-3.955926052237911106e-02,8.902761845393843132e-02,-8.548025633415879537e-03,-4.651360893687307707e-02,5.124892586339099276e-01
2.994647998958679253e-03,9.068486214964943670e-02,-9.598251709648118399e-03,7.019535671538384980e-02,-1.609356791052497446e-02,1.712534214826095733e-02,7.482282906965369573e-01
2.994647998958679253e-03,9.068486214964943670e-02,-9.598251709648118399e-03,7.019535671538384980e-02,-1.609356791052497446e-02,1.712534214826095733e-02,7.482282906965369573e-01
2.994647998958679253e-03,9.068486214964943670e-02,-9.598251709648118399e-03,7.019535671538384980e-02,-1.609356791052497446e-02,1.712534214826095733e-02,7.482282906965369573e-01
2.994647998958679253e-03,9.068486214964943670e-02,-9.598251709648118399e-03,7.019535671538384980e-02,-1.609356791052497446e-02,1.712534214826095733e-02,7.482282906965369573e-01
2.994647998958679253e-03,9.068486214964943670e-02,-9.598251709648118399e-03,7.019535671538384980e-02,-1.609356791052497446e-02,1.712534214826095733e-02,7.482282906965369573e-01
-3.594385250759668526e-02,6.528238808624473033e-02,1.132087180732783277e-01,1.034765603619108715e-01,-6.951233243804291750e-02,2.002264105957822227e-01,1.042622942282300125e+00
-3.594385250759668526e-02,6.528238808624473033e-02,1.132087180732783277e-01,1.034765603619108715e-01,-6.951233243804291750e-02,2.002264105957822227e-01,1.042622942282300125e+00
-3.594385250759668526e-02,6.528238808624473033e-02,1.132087180732783277e-01,1.034765603619108715e-01,-6.951233243804291750e-02,2.002264105957822227e-01,1.042622942282300125e+00
-3.594385250759668526e-02,6.528238808624473033e-02,1.132087180732783277e-01,1.034765603619108715e-01,-6.951233243804291750e-02,2.002264105957822227e-01,1.042622942282300125e+00
-3.594385250759668526e-02,6.528238808624473033e-02,1.132087180732783277e-01,1.034765603619108715e-01,-6.951233243804291750e-02,2.002264105957822227e-01,1.042622942282300125e+00
-1.130775539482003905e-01,2.663025962198264374e-01,1.901490851547386063e-01,-1.648340503277706537e-02,5.254411007359054836e-04,5.621757642704458546e-02,6.593538776669303214e-01
-1.130775539482003905e-01,2.663025962198264374e-01,1.901490851547386063e-01,-1.648340503277706537e-02,5.254411007359054836e-04,5.621757642704458546e-02,6.593538776669303214e-01
-1.130775539482003905e-01,2.663025962198264374e-01,1.901490851547386063e-01,-1.648340503277706537e-02,5.254411007359054836e-04,5.621757642704458546e-02,6.593538776669303214e-01
-1.130775539482003905e-01,2.663025962198264374e-01,1.901490851547386063e-01,-1.648340503277706537e-02,5.254411007359054836e-04,5.621757642704458546e-02,6.593538776669303214e-01
-1.130775539482003905e-01,2.663025962198264374e-01,1.901490851547386063e-01,-1.648340503277706537e-02,5.254411007359054836e-04,5.621757642704458546e-02,6.593538776669303214e-01
2.872315211566997192e-02,1.043277877323600111e-01,-1.128313896397229246e-02,6.322015497466564049e-02,-3.840936648668633047e-02,-1.450758695566816553e-02,6.114795119890132913e-01
2.872315211566997192e-02,1.043277877323600111e-01,-1.128313896397229246e-02,6.322015497466564049e-02,-3.840936648668633047e-02,-1.450758695566816553e-02,6.114795119890132913e-01
2.872315211566997192e-02,1.043277877323600111e-01,-1.128313896397229246e-02,6.322015497466564049e-02,-3.840936648668633047e-02,-1.450758695566816553e-02,6.114795119890132913e-01
2.872315211566997192e-02,1.043277877323600111e-01,-1.128313896397229246e-02,6.322015497466564049e-02,-3.840936648668633047e-02,-1.450758695566816553e-02,6.114795119890132913e-01
2.872315211566997192e-02,1.043277877323600111e-01,-1.128313896397229246e-02,6.322015497466564049e-02,-3.840936648668633047e-02,-1.450758695566816553e-02,6.114795119890132913e-01
-1.253129424132579939e-01,2.135083949218484489e-01,9.558032009302402932e-02,-3.398587078810354212e-02,-2.424069819036288667e-02,-2.728716721060110446e-03,4.639135702703518493e-01
-1.253129424132579939e-01,2.135083949218484489e-01,9.558032009302402932e-02,-3.398587078810354212e-02,-2.424069819036288667e-02,-2.728716721060110446e-03,4.639135702703518493e-01
-1.253129424132579939e-01,2.135083949218484489e-01,9.558032009302402932e-02,-3.398587078810354212e-02,-2.424069819036288667e-02,-2.728716721060110446e-03,4.639135702703518493e-01
-1.253129424132579939e-01,2.135083949218484489e-01,9.558032009302402932e-02,-3.398587078810354212e-02,-2.424069819036288667e-02,-2.728716721060110446e-03,4.639135702703518493e-01
-1.253129424132579939e-01,2.135083949218484489e-01,9.558032009302402932e-02,-3.398587078810354212e-02,-2.424069819036288667e-02,-2.728716721060110446e-03,4.639135702703518493e-01
1.890803005044104992e-02,2.005678321551363774e-01,-2.933103184724562482e-02,8.620568080458941573e-02,4.875925769145201226e-03,-4.404903109104041370e-02,4.814264796764267662e-01
1.890803005044104992e-02,2.005678321551363774e-01,-2.933103184724562482e-02,8.620568080458941573e-02,4.875925769145201226e-03,-4.404903109104041370e-02,4.814264796764267662e-01
1.890803005044104992e-02,2.005678321551363774e-01,-2.933103184724562482e-02,8.620568080458941573e-02,4.875925769145201226e-03,-4.404903109104041370e-02,4.814264796764267662e-01
1.890803005044104992e-02,2.005678321551363774e-01,-2.933103184724562482e-02,8.620568080458941573e-02,4.875925769145201226e-03,-4.404903109104041370e-02,4.814264796764267662e-01
1.890803005044104992e-02,2.005678321551363774e-01,-2.933103184724562482e-02,8.620568080458941573e-02,4.875925769145201226e-03,-4.404903109104041370e-02,4.814264796764267662e-01
-3.218229069355204447e-02,2.020086848989814110e-01,2.852372719799973338e-02,-1.056937129177979856e-01,-3.012463532255101484e-03,-1.643298279954177963e-03,4.264770350033775803e-01
-3.218229069355204447e-02,2.020086848989814110e-01,2.852372719799973338e-02,-1.056937129177979856e-01,-3.012463532255101484e-03,-1.643298279954177963e-03,4.264770350033775803e-01
-3.218229069355204447e-02,2.020086848989814110e-01,2.852372719799973338e-02,-1.056937129177979856e-01,-3.012463532255101484e-03,-1.643298279954177963e-03,4.264770350033775803e-01
-3.218229069355204447e-02,2.020086848989814110e-01,2.852372719799973338e-02,-1.056937129177979856e-01,-3.012463532255101484e-03,-1.643298279954177963e-03,4.264770350033775803e-01
-3.218229069355204447e-02,2.020086848989814110e-01,2.852372719799973338e-02,-1.056937129177979856e-01,-3.012463532255101484e-03,-1.643298279954177963e-03,4.264770350033775803e-01
-9.909195181042423917e-02,2.414762035876270030e-01,6.391203503443010185e-03,-7.512275505791807251e-02,-2.582445727243964234e-02,-8.882876421071652859e-03,4.741272540982001127e-01
-9.909195181042423917e-02,2.414762035876270030e-01,6.391203503443010185e-03,-7.512275505791807251e-02,-2.582445727243964234e-02,-8.882876421071652859e-03,4.741272540982001127e-01
-9.909195181042423917e-02,2.414762035876270030e-01,6.391203503443010185e-03,-7.512275505791807251e-02,-2.582445727243964234e-02,-8.882876421071652859e-03,4.741272540982001127e-01
-9.909195181042423917e-02,2.414762035876270030e-01,6.391203503443010185e-03,-7.512275505791807251e-02,-2.582445727243964234e-02,-8.882876421071652859e-03,4.741272540982001127e-01
-9.909195181042423917e-02,2.414762035876270030e-01,6.391203503443010185e-03,-7.512275505791807251e-02,-2.582445727243964234e-02,-8.882876421071652859e-03,4.741272540982001127e-01
-1.209363899941966469e-01,2.209611330040832100e-01,1.731960110071583125e-01,-2.286376178772972848e-02,-3.600210111036450389e-03,4.345048430035960974e-02,5.842136049548380949e-01
-1.209363899941966469e-01,2.209611330040832100e-01,1.731960110071583125e-01,-2.286376178772972848e-02,-3.600210111036450389e-03,4.345048430035960974e-02,5.842136049548380949e-01
-1.209363899941966469e-01,2.209611330040832100e-01,1.731960110071583125e-01,-2.286376178772972848e-02,-3.600210111036450389e-03,4.345048430035960974e-02,5.842136049548380949e-01
-1.209363899941966469e-01,2.209611330040832100e-01,1.731960110071583125e-01,-2.286376178772972848e-02,-3.600210111036450389e-03,4.345048430035960974e-02,5.842136049548380949e-01
-1.209363899941966469e-01,2.209611330040832100e-01,1.731960110071583125e-01,-2.286376178772972848e-02,-3.600210111036450389e-03,4.345048430035960974e-02,5.842136049548380949e-01
-2.219829883917324997e-02,1.084730822149087420e-01,-1.023759917161899263e-01,-6.835805203802122754e-02,2.280716515209219308e-01,2.958685156516736026e-01,1.080628995809031601e+00
-2.219829883917324997e-02,1.084730822149087420e-01,-1.023759917161899263e-01,-6.835805203802122754e-02,2.280716515209219308e-01,2.958685156516736026e-01,1.080628995809031601e+00
-2.219829883917324997e-02,1.084730822149087420e-01,-1.023759917161899263e-01,-6.835805203802122754e-02,2.280716515209219308e-01,2.958685156516736026e-01,1.080628995809031601e+00
-2.219829883917324997e-02,1.084730822149087420e-01,-1.023759917161899263e-01,-6.835805203802122754e-02,2.280716515209219308e-01,2.958685156516736026e-01,1.080628995809031601e+00
-2.219829883917324997e-02,1.084730822149087420e-01,-1.023759917161899263e-01,-6.835805203802122754e-02,2.280716515209219308e-01,2.958685156516736026e-01,1.080628995809031601e+00
-1.220119916967283974e-01,1.922457709888857058e-01,1.041122685846953555e-01,3.783792214197500420e-02,-1.782078758022317966e-02,5.435267457781794986e-02,5.563751581015934367e-01
-1.220119916967283974e-01,1.922457709888857058e-01,1.041122685846953555e-01,3.783792214197500420e-02,-1.782078758022317966e-02,5.435267457781794986e-02,5.563751581015934367e-01
-1.220119916967283974e-01,1.922457709888857058e-01,1.041122685846953555e-01,3.783792214197500420e-02,-1.782078758022317966e-02,5.435267457781794986e-02,5.563751581015934367e-01
-1.220119916967283974e-01,1.922457709888857058e-01,1.041122685846953555e-01,3.783792214197500420e-02,-1.782078758022317966e-02,5.435267457781794986e-02,5.563751581015934367e-01
-1.220119916967283974e-01,1.922457709888857058e-01,1.041122685846953555e-01,3.783792214197500420e-02,-1.782078758022317966e-02,5.435267457781794986e-02,5.563751581015934367e-01
-1.236836327266728208e-01,1.438319815488391940e-01,2.458866846115287733e-02,9.299807037009473476e-02,4.008583475068908109e-02,1.216381655213711888e-01,9.990439231872390025e-01
-1.236836327266728208e-01,1.438319815488391940e-01,2.458866846115287733e-02,9.299807037009473476e-02,4.008583475068908109e-02,1.216381655213711888e-01,9.990439231872390025e-01
-1.236836327266728208e-01,1.438319815488391940e-01,2.458866846115287733e-02,9.299807037009473476e-02,4.008583475068908109e-02,1.216381655213711888e-01,9.990439231872390025e-01
-1.236836327266728208e-01,1.438319815488391940e-01,2.458866846115287733e-02,9.299807037009473476e-02,4.008583475068908109e-02,1.216381655213711888e-01,9.990439231872390025e-01
-1.236836327266728208e-01,1.438319815488391940e-01,2.458866846115287733e-02,9.299807037009473476e-02,4.008583475068908109e-02,1.216381655213711888e-01,9.990439231872390025e-01
-1.156143845374950352e-01,2.668188725107521475e-01,-3.758000152036847924e-02,-1.413544976480273635e-02,-7.423473855085733000e-03,-3.327081421929063698e-02,5.191953898935911527e-01
-1.156143845374950352e-01,2.668188725107521475e-01,-3.758000152036847924e-02,-1.413544976480273635e-02,-7.423473855085733000e-03,-3.327081421929063698e-02,5.191953898935911527e-01
-1.156143845374950352e-01,2.668188725107521475e-01,-3.758000152036847924e-02,-1.413544976480273635e-02,-7.423473855085733000e-03,-3.327081421929063698e-02,5.191953898935911527e-01
-1.156143845374950352e-01,2.668188725107521475e-01,-3.758000152036847924e-02,-1.413544976480273635e-02,-7.423473855085733000e-03,-3.327081421929063698e-02,5.191953898935911527e-01
-1.156143845374950352e-01,2.668188725107521475e-01,-3.758000152036847924e-02,-1.413544976480273635e-02,-7.423473855085733000e-03,-3.327081421929063698e-02,5.191953898935911527e-01
-7.634887355935535136e-02,1.414665217389065588e-01,-5.518508504780124911e-03,1.050525905579458019e-02,-1.033737160623191959e-01,3.225115033442640944e-02,6.500647919508049100e-01
-7.634887355935535136e-02,1.414665217389065588e-01,-5.518508504780124911e-03,1.050525905579458019e-02,-1.033737160623191959e-01,3.225115033442640944e-02,6.500647919508049100e-01
-7.634887355935535136e-02,1.414665217389065588e-01,-5.518508504780124911e-03,1.050525905579458019e-02,-1.033737160623191959e-01,3.225115033442640944e-02,6.500647919508049100e-01
-7.634887355935535136e-02,1.414665217389065588e-01,-5.518508504780124911e-03,1.050525905579458019e-02,-1.033737160623191959e-01,3.225115033442640944e-02,6.500647919508049100e-01
-7.634887355935535136e-02,1.414665217389065588e-01,-5.518508504780124911e-03,1.050525905579458019e-02,-1.033737160623191959e-01,3.225115033442640944e-02,6.500647919508049100e-01
-4.281693215749256265e-02,1.264391920714658946e-01,-8.836517522152603776e-02,-6.972217860142115864e-02,2.410744239596074867e-01,2.980155954612617730e-01,1.088393751525291719e+00
-4.281693215749256265e-02,1.264391920714658946e-01,-8.836517522152603776e-02,-6.972217860142115864e-02,2.410744239596074867e-01,2.980155954612617730e-01,1.088393751525291719e+00
-4.281693215749256265e-02,1.264391920714658946e-01,-8.836517522152603776e-02,-6.972217860142115864e-02,2.410744239596074867e-01,2.980155954612617730e-01,1.088393751525291719e+00
-4.281693215749256265e-02,1.264391920714658946e-01,-8.836517522152603776e-02,-6.972217860142115864e-02,2.410744239596074867e-01,2.980155954612617730e-01,1.088393751525291719e+00
-4.281693215749256265e-02,1.264391920714658946e-01,-8.836517522152603776e-02,-6.972217860142115864e-02,2.410744239596074867e-01,2.980155954612617730e-01,1.088393751525291719e+00
-5.673353739483042585e-02,7.473339139626630767e-02,-7.053779348612492645e-03,4.793728244572184691e-04,1.610511233482449581e-02,7.198072035283553660e-02,8.742790466104310987e-01
-5.673353739483042585e-02,7.473339139626630767e-02,-7.053779348612492645e-03,4.793728244572184691e-04,1.610511233482449581e-02,7.198072035283553660e-02,8.742790466104310987e-01
-5.673353739483042585e-02,7.473339139626630767e-02,-7.053779348612492645e-03,4.793728244572184691e-04,1.610511233482449581e-02,7.198072035283553660e-02,8.742790466104310987e-01
-5.673353739483042585e-02,7.473339139626630767e-02,-7.053779348612492645e-03,4.793728244572184691e-04,1.610511233482449581e-02,7.198072035283553660e-02,8.742790466104310987e-01
-5.673353739483042585e-02,7.473339139626630767e-02,-7.053779348612492645e-03,4.793728244572184691e-04,1.610511233482449581e-02,7.198072035283553660e-02,8.742790466104310987e-01
-1.431158916849433749e-01,2.035359269003946259e-01,-2.712205444757163561e-02,-7.030704892714581544e-02,1.277780238182796568e-01,3.010751808182682288e-01,1.131636380765087324e+00
-1.431158916849433749e-01,2.035359269003946259e-01,-2.712205444757163561e-02,-7.030704892714581544e-02,1.277780238182796568e-01,3.010751808182682288e-01,1.131636380765087324e+00
-1.431158916849433749e-01,2.035359269003946259e-01,-2.712205444757163561e-02,-7.030704892714581544e-02,1.277780238182796568e-01,3.010751808182682288e-01,1.131636380765087324e+00
-1.431158916849433749e-01,2.035359269003946259e-01,-2.712205444757163561e-02,-7.030704892714581544e-02,1.277780238182796568e-01,3.010751808182682288e-01,1.131636380765087324e+00
-1.431158916849433749e-01,2.035359269003946259e-01,-2.712205444757163561e-02,-7.030704892714581544e-02,1.277780238182796568e-01,3.010751808182682288e-01,1.131636380765087324e+00
-1.752791608690950076e-01,1.688962177458578628e-01,4.030945490558650313e-02,3.886840780742936013e-02,1.595734117412412820e-02,2.819747852093174578e-01,1.189997818353193182e+00
-1.752791608690950076e-01,1.688962177458578628e-01,4.030945490558650313e-02,3.886840780742936013e-02,1.595734117412412820e-02,2.819747852093174578e-01,1.189997818353193182e+00
-1.752791608690950076e-01,1.688962177458578628e-01,4.030945490558650313e-02,3.886840780742936013e-02,1.595734117412412820e-02,2.819747852093174578e-01,1.189997818353193182e+00
-1.752791608690950076e-01,1.688962177458578628e-01,4.030945490558650313e-02,3.886840780742936013e-02,1.595734117412412820e-02,2.819747852093174578e-01,1.189997818353193182e+00
-1.752791608690950076e-01,1.688962177458578628e-01,4.030945490558650313e-02,3.886840780742936013e-02,1.595734117412412820e-02,2.819747852093174578e-01,1.189997818353193182e+00
-8.747347774759159367e-02,1.787825525185632591e-01,2.035672547968062074e-01,-1.126849340101045843e-01,-6.701637932234826012e-02,5.551273574471398548e-02,4.623758948139045644e-01
-8.747347774759159367e-02,1.787825525185632591e-01,2.035672547968062074e-01,-1.126849340101045843e-01,-6.701637932234826012e-02,5.551273574471398548e-02,4.623758948139045644e-01
-8.747347774759159367e-02,1.787825525185632591e-01,2.035672547968062074e-01,-1.126849340101045843e-01,-6.701637932234826012e-02,5.551273574471398548e-02,4.623758948139045644e-01
-8.747347774759159367e-02,1.787825525185632591e-01,2.035672547968062074e-01,-1.126849340101045843e-01,-6.701637932234826012e-02,5.551273574471398548e-02,4.623758948139045644e-01
-8.747347774759159367e-02,1.787825525185632591e-01,2.035672547968062074e-01,-1.126849340101045843e-01,-6.701637932234826012e-02,5.551273574471398548e-02,4.623758948139045644e-01
-4.646232013695016094e-02,7.724672843831154045e-02,1.217829995561213186e-01,1.585479400510905745e-01,-5.272275800445146848e-02,1.596097318242827023e-01,9.698743424656464107e-01
-4.646232013695016094e-02,7.724672843831154045e-02,1.217829995561213186e-01,1.585479400510905745e-01,-5.272275800445146848e-02,1.596097318242827023e-01,9.698743424656464107e-01
-4.646232013695016094e-02,7.724672843831154045e-02,1.217829995561213186e-01,1.585479400510905745e-01,-5.272275800445146848e-02,1.596097318242827023e-01,9.698743424656464107e-01
-4.646232013695016094e-02,7.724672843831154045e-02,1.217829995561213186e-01,1.585479400510905745e-01,-5.272275800445146848e-02,1.596097318242827023e-01,9.698743424656464107e-01
-4.646232013695016094e-02,7.724672843831154045e-02,1.217829995561213186e-01,1.585479400510905745e-01,-5.272275800445146848e-02,1.596097318242827023e-01,9.698743424656464107e-01
-1.031185820526534513e-01,8.291409348843720162e-02,1.359890900034491090e-01,1.517437786028100200e-01,-5.085391194873444681e-02,1.110142689884850153e-01,7.598800636206251014e-01
-1.031185820526534513e-01,8.291409348843720162e-02,1.359890900034491090e-01,1.517437786028100200e-01,-5.085391194873444681e-02,1.110142689884850153e-01,7.598800636206251014e-01
-1.031185820526534513e-01,8.291409348843720162e-02,1.359890900034491090e-01,1.517437786028100200e-01,-5.085391194873444681e-02,1.110142689884850153e-01,7.598800636206251014e-01
-1.031185820526534513e-01,8.291409348843720162e-02,1.359890900034491090e-01,1.517437786028100200e-01,-5.085391194873444681e-02,1.110142689884850153e-01,7.598800636206251014e-01
-1.031185820526534513e-01,8.291409348843720162e-02,1.359890900034491090e-01,1.517437786028100200e-01,-5.085391194873444681e-02,1.110142689884850153e-01,7.598800636206251014e-01
-1.025632119748699778e-01,2.907138535172361649e-01,1.933645279286658747e-01,-5.977031678781434543e-02,-3.642796432356867203e-02,5.538503155611455148e-02,6.578877095834119171e-01
-1.025632119748699778e-01,2.907138535172361649e-01,1.933645279286658747e-01,-5.977031678781434543e-02,-3.642796432356867203e-02,5.538503155611455148e-02,6.578877095834119171e-01
-1.025632119748699778e-01,2.907138535172361649e-01,1.933645279286658747e-01,-5.977031678781434543e-02,-3.642796432356867203e-02,5.538503155611455148e-02,6.578877095834119171e-01
-1.025632119748699778e-01,2.907138535172361649e-01,1.933645279286658747e-01,-5.977031678781434543e-02,-3.642796432356867203e-02,5.538503155611455148e-02,6.578877095834119171e-01
-1.025632119748699778e-01,2.907138535172361649e-01,1.933645279286658747e-01,-5.977031678781434543e-02,-3.642796432356867203e-02,5.538503155611455148e-02,6.578877095834119171e-01
6.030339278749820286e-02,1.735179680169815220e-01,-3.043407366747445664e-02,8.971666728598398644e-02,-2.371926802063101594e-02,-4.590359793514354331e-02,4.968898181493472954e-01
6.030339278749820286e-02,1.735179680169815220e-01,-3.043407366747445664e-02,8.971666728598398644e-02,-2.371926802063101594e-02,-4.590359793514354331e-02,4.968898181493472954e-01
6.030339278749820286e-02,1.735179680169815220e-01,-3.043407366747445664e-02,8.971666728598398644e-02,-2.371926802063101594e-02,-4.590359793514354331e-02,4.968898181493472954e-01
6.030339278749820286e-02,1.735179680169815220e-01,-3.043407366747445664e-02,8.971666728598398644e-02,-2.371926802063101594e-02,-4.590359793514354331e-02,4.968898181493472954e-01
6.030339278749820286e-02,1.735179680169815220e-01,-3.043407366747445664e-02,8.971666728598398644e-02,-2.371926802063101594e-02,-4.590359793514354331e-02,4.968898181493472954e-01
-1.243444610897370683e-01,2.145337837933077030e-01,1.222077207675734134e-01,-1.611565314207057467e-02,-2.294083134335516902e-02,1.067294538428345020e-02,4.888151354009618865e-01
-1.243444610897370683e-01,2.145337837933077030e-01,1.222077207675734134e-01,-1.611565314207057467e-02,-2.294083134335516902e-02,1.067294538428345020e-02,4.888151354009618865e-01
-1.243444610897370683e-01,2.145337837933077030e-01,1.222077207675734134e-01,-1.611565314207057467e-02,-2.294083134335516902e-02,1.067294538428345020e-02,4.888151354009618865e-01
-1.243444610897370683e-01,2.145337837933077030e-01,1.222077207675734134e-01,-1.611565314207057467e-02,-2.294083134335516902e-02,1.067294538428345020e-02,4.888151354009618865e-01
-1.243444610897370683e-01,2.145337837933077030e-01,1.222077207675734134e-01,-1.611565314207057467e-02,-2.294083134335516902e-02,1.067294538428345020e-02,4.888151354009618865e-01
-4.032837896686961021e-02,1.333287684374323823e-01,-8.462675255738257019e-02,-4.119252777991015690e-02,1.881026743403905466e-01,2.997778715979320108e-01,1.109638718453229922e+00
-4.032837896686961021e-02,1.333287684374323823e-01,-8.462675255738257019e-02,-4.119252777991015690e-02,1.881026743403905466e-01,2.997778715979320108e-01,1.109638718453229922e+00
-4.032837896686961021e-02,1.333287684374323823e-01,-8.462675255738257019e-02,-4.119252777991015690e-02,1.881026743403905466e-01,2.997778715979320108e-01,1.109638718453229922e+00
-4.032837896686961021e-02,1.333287684374323823e-01,-8.462675255738257019e-02,-4.119252777991015690e-02,1.881026743403905466e-01,2.997778715979320108e-01,1.109638718453229922e+00
-4.032837896686961021e-02,1.333287684374323823e-01,-8.462675255738257019e-02,-4.119252777991015690e-02,1.881026743403905466e-01,2.997778715979320108e-01,1.109638718453229922e+00
-1.218444350399971871e-01,1.954988716005646165e-01,-3.960968629911064409e-02,-7.586683533560097115e-02,1.519391091528634607e-01,3.014045662235189660e-01,1.124496558465818863e+00
-1.218444350399971871e-01,1.954988716005646165e-01,-3.960968629911064409e-02,-7.586683533560097115e-02,1.519391091528634607e-01,3.014045662235189660e-01,1.124496558465818863e+00
-1.218444350399971871e-01,1.954988716005646165e-01,-3.960968629911064409e-02,-7.586683533560097115e-02,1.519391091528634607e-01,3.014045662235189660e-01,1.124496558465818863e+00
-1.218444350399971871e-01,1.954988716005646165e-01,-3.960968629911064409e-02,-7.586683533560097115e-02,1.519391091528634607e-01,3.014045662235189660e-01,1.124496558465818863e+00
-1.218444350399971871e-01,1.954988716005646165e-01,-3.960968629911064409e-02,-7.586683533560097115e-02,1.519391091528634607e-01,3.014045662235189660e-01,1.124496558465818863e+00
-1.133381714551806863e-01,2.260469987285614046e-01,-3.776955226333537918e-02,-9.951174972444064640e-03,-9.646896730586256713e-03,-2.633473614964222317e-02,5.162029766950596565e-01
-1.133381714551806863e-01,2.260469987285614046e-01,-3.776955226333537918e-02,-9.951174972444064640e-03,-9.646896730586256713e-03,-2.633473614964222317e-02,5.162029766950596565e-01
-1.133381714551806863e-01,2.260469987285614046e-01,-3.776955226333537918e-02,-9.951174972444064640e-03,-9.646896730586256713e-03,-2.633473614964222317e-02,5.162029766950596565e-01
-1.133381714551806863e-01,2.260469987285614046e-01,-3.776955226333537918e-02,-9.951174972444064640e-03,-9.646896730586256713e-03,-2.633473614964222317e-02,5.162029766950596565e-01
-1.133381714551806863e-01,2.260469987285614046e-01,-3.776955226333537918e-02,-9.951174972444064640e-03,-9.646896730586256713e-03,-2.633473614964222317e-02,5.162029766950596565e-01
-2.965328120871619719e-02,7.239932570497920050e-02,1.020637103329418705e-01,5.414926249149701332e-02,-6.164896779538453497e-02,2.132997971962711792e-01,1.058629557744533489e+00
-2.965328120871619719e-02,7.239932570497920050e-02,1.020637103329418705e-01,5.414926249149701332e-02,-6.164896779538453497e-02,2.132997971962711792e-01,1.058629557744533489e+00
-2.965328120871619719e-02,7.239932570497920050e-02,1.020637103329418705e-01,5.414926249149701332e-02,-6.164896779538453497e-02,2.132997971962711792e-01,1.058629557744533489e+00
-2.965328120871619719e-02,7.239932570497920050e-02,1.020637103329418705e-01,5.414926249149701332e-02,-6.164896779538453497e-02,2.132997971962711792e-01,1.058629557744533489e+00
-2.965328120871619719e-02,7.239932570497920050e-02,1.020637103329418705e-01,5.414926249149701332e-02,-6.164896779538453497e-02,2.132997971962711792e-01,1.058629557744533489e+00
-9.331747207327023563e-02,1.098249567084648159e-01,8.840846229426074787e-02,6.442229413403437188e-02,-1.002423083649370827e-01,8.150377489492663385e-02,6.869111492805766161e-01
-9.331747207327023563e-02,1.098249567084648159e-01,8.840846229426074787e-02,6.442229413403437188e-02,-1.002423083649370827e-01,8.150377489492663385e-02,6.869111492805766161e-01
-9.331747207327023563e-02,1.098249567084648159e-01,8.840846229426074787e-02,6.442229413403437188e-02,-1.002423083649370827e-01,8.150377489492663385e-02,6.869111492805766161e-01
-9.331747207327023563e-02,1.098249567084648159e-01,8.840846229426074787e-02,6.442229413403437188e-02,-1.002423083649370827e-01,8.150377489492663385e-02,6.869111492805766161e-01
-9.331747207327023563e-02,1.098249567084648159e-01,8.840846229426074787e-02,6.442229413403437188e-02,-1.002423083649370827e-01,8.150377489492663385e-02,6.869111492805766161e-01
-8.997288581710274902e-02,2.662247747298800982e-01,-2.395447895295085491e-02,-8.557866077956954171e-03,6.575920993778225365e-03,-3.265618119142402881e-02,5.164906161830989939e-01
-8.997288581710274902e-02,2.662247747298800982e-01,-2.395447895295085491e-02,-8.557866077956954171e-03,6.575920993778225365e-03,-3.265618119142402881e-02,5.164906161830989939e-01
-8.997288581710274902e-02,2.662247747298800982e-01,-2.395447895295085491e-02,-8.557866077956954171e-03,6.575920993778225365e-03,-3.265618119142402881e-02,5.164906161830989939e-01
-8.997288581710274902e-02,2.662247747298800982e-01,-2.395447895295085491e-02,-8.557866077956954171e-03,6.575920993778225365e-03,-3.265618119142402881e-02,5.164906161830989939e-01
-8.997288581710274902e-02,2.662247747298800982e-01,-2.395447895295085491e-02,-8.557866077956954171e-03,6.575920993778225365e-03,-3.265618119142402881e-02,5.164906161830989939e-01
