7.435960637065355816e-02,-3.693984902392405401e-02,-7.228810074918426420e-02,-6.225562549234293225e-02,7.211476603999859847e-02,2.582131795392353935e-01
7.435960637065355816e-02,-3.693984902392405401e-02,-7.228810074918426420e-02,-6.225562549234293225e-02,7.211476603999859847e-02,2.582131795392353935e-01
7.435960637065355816e-02,-3.693984902392405401e-02,-7.228810074918426420e-02,-6.225562549234293225e-02,7.211476603999859847e-02,2.582131795392353935e-01
7.435960637065355816e-02,-3.693984902392405401e-02,-7.228810074918426420e-02,-6.225562549234293225e-02,7.211476603999859847e-02,2.582131795392353935e-01
7.435960637065355816e-02,-3.693984902392405401e-02,-7.228810074918426420e-02,-6.225562549234293225e-02,7.211476603999859847e-02,2.582131795392353935e-01
2.217165534545393474e-02,-7.480967969726518528e-03,5.179763944748647098e-02,-9.015690862137493156e-02,-2.748531564019708953e-02,-6.124629471035453188e-02
2.217165534545393474e-02,-7.480967969726518528e-03,5.179763944748647098e-02,-9.015690862137493156e-02,-2.748531564019708953e-02,-6.124629471035453188e-02
2.217165534545393474e-02,-7.480967969726518528e-03,5.179763944748647098e-02,-9.015690862137493156e-02,-2.748531564019708953e-02,-6.124629471035453188e-02
2.217165534545393474e-02,-7.480967969726518528e-03,5.179763944748647098e-02,-9.015690862137493156e-02,-2.748531564019708953e-02,-6.124629471035453188e-02
2.217165534545393474e-02,-7.480967969726518528e-03,5.179763944748647098e-02,-9.015690862137493156e-02,-2.748531564019708953e-02,-6.124629471035453188e-02
5.743529650575143752e-02,-2.105558212247777769e-02,-7.873317203167529144e-03,-6.941145232019389766e-02,5.465273087198141422e-02,1.355574023562435837e-01
5.743529650575143752e-02,-2.105558212247777769e-02,-7.873317203167529144e-03,-6.941145232019389766e-02,5.465273087198141422e-02,1.355574023562435837e-01
5.743529650575143752e-02,-2.105558212247777769e-02,-7.873317203167529144e-03,-6.941145232019389766e-02,5.465273087198141422e-02,1.355574023562435837e-01
5.743529650575143752e-02,-2.105558212247777769e-02,-7.873317203167529144e-03,-6.941145232019389766e-02,5.465273087198141422e-02,1.355574023562435837e-01
5.743529650575143752e-02,-2.105558212247777769e-02,-7.873317203167529144e-03,-6.941145232019389766e-02,5.465273087198141422e-02,1.355574023562435837e-01
-1.345362483756224470e-01,9.051555397112277801e-02,1.247836614617059553e-01,-1.117321989007356436e-01,-4.685822604675567854e-02,-3.385905233116580648e-01
-1.345362483756224470e-01,9.051555397112277801e-02,1.247836614617059553e-01,-1.117321989007356436e-01,-4.685822604675567854e-02,-3.385905233116580648e-01
-1.345362483756224470e-01,9.051555397112277801e-02,1.247836614617059553e-01,-1.117321989007356436e-01,-4.685822604675567854e-02,-3.385905233116580648e-01
-1.345362483756224470e-01,9.051555397112277801e-02,1.247836614617059553e-01,-1.117321989007356436e-01,-4.685822604675567854e-02,-3.385905233116580648e-01
-1.345362483756224470e-01,9.051555397112277801e-02,1.247836614617059553e-01,-1.117321989007356436e-01,-4.685822604675567854e-02,-3.385905233116580648e-01
-8.632854035722342667e-02,-1.457105024650781622e-01,-1.203216175614767181e-01,-2.870493906745035309e-02,3.255216730976816519e-01,2.362035914717538487e-01
-8.632854035722342667e-02,-1.457105024650781622e-01,-1.203216175614767181e-01,-2.870493906745035309e-02,3.255216730976816519e-01,2.362035914717538487e-01
-8.632854035722342667e-02,-1.457105024650781622e-01,-1.203216175614767181e-01,-2.870493906745035309e-02,3.255216730976816519e-01,2.362035914717538487e-01
-8.632854035722342667e-02,-1.457105024650781622e-01,-1.203216175614767181e-01,-2.870493906745035309e-02,3.255216730976816519e-01,2.362035914717538487e-01
-8.632854035722342667e-02,-1.457105024650781622e-01,-1.203216175614767181e-01,-2.870493906745035309e-02,3.255216730976816519e-01,2.362035914717538487e-01
1.334266601991165035e-01,7.191850023086293620e-02,3.341845949183446796e-01,2.144538605622915206e+00,6.006176966360691344e-02,8.485244843863026798e-01
1.334266601991165035e-01,7.191850023086293620e-02,3.341845949183446796e-01,2.144538605622915206e+00,6.006176966360691344e-02,8.485244843863026798e-01
1.334266601991165035e-01,7.191850023086293620e-02,3.341845949183446796e-01,2.144538605622915206e+00,6.006176966360691344e-02,8.485244843863026798e-01
1.334266601991165035e-01,7.191850023086293620e-02,3.341845949183446796e-01,2.144538605622915206e+00,6.006176966360691344e-02,8.485244843863026798e-01
1.334266601991165035e-01,7.191850023086293620e-02,3.341845949183446796e-01,2.144538605622915206e+00,6.006176966360691344e-02,8.485244843863026798e-01
1.846153491766252541e-01,6.516415084432650162e-02,3.249402143515230934e-01,3.548162931470364434e-01,8.642405419516840243e-03,8.330938578678235285e-01
1.846153491766252541e-01,6.516415084432650162e-02,3.249402143515230934e-01,3.548162931470364434e-01,8.642405419516840243e-03,8.330938578678235285e-01
1.846153491766252541e-01,6.516415084432650162e-02,3.249402143515230934e-01,3.548162931470364434e-01,8.642405419516840243e-03,8.330938578678235285e-01
1.846153491766252541e-01,6.516415084432650162e-02,3.249402143515230934e-01,3.548162931470364434e-01,8.642405419516840243e-03,8.330938578678235285e-01
1.846153491766252541e-01,6.516415084432650162e-02,3.249402143515230934e-01,3.548162931470364434e-01,8.642405419516840243e-03,8.330938578678235285e-01
2.513153758573569499e-02,1.797770632560363735e-01,2.824269957737010617e-01,7.072804576841450197e-02,-4.197587044468417683e-02,7.665714186118249840e-01
2.513153758573569499e-02,1.797770632560363735e-01,2.824269957737010617e-01,7.072804576841450197e-02,-4.197587044468417683e-02,7.665714186118249840e-01
2.513153758573569499e-02,1.797770632560363735e-01,2.824269957737010617e-01,7.072804576841450197e-02,-4.197587044468417683e-02,7.665714186118249840e-01
2.513153758573569499e-02,1.797770632560363735e-01,2.824269957737010617e-01,7.072804576841450197e-02,-4.197587044468417683e-02,7.665714186118249840e-01
2.513153758573569499e-02,1.797770632560363735e-01,2.824269957737010617e-01,7.072804576841450197e-02,-4.197587044468417683e-02,7.665714186118249840e-01
-1.796233626288933072e-02,-3.874212417356050903e-02,5.158949182274729511e-02,-7.990801030640648506e-02,-5.116098528782835053e-02,-2.063144897492563967e-01
-1.796233626288933072e-02,-3.874212417356050903e-02,5.158949182274729511e-02,-7.990801030640648506e-02,-5.116098528782835053e-02,-2.063144897492563967e-01
-1.796233626288933072e-02,-3.874212417356050903e-02,5.158949182274729511e-02,-7.990801030640648506e-02,-5.116098528782835053e-02,-2.063144897492563967e-01
-1.796233626288933072e-02,-3.874212417356050903e-02,5.158949182274729511e-02,-7.990801030640648506e-02,-5.116098528782835053e-02,-2.063144897492563967e-01
-1.796233626288933072e-02,-3.874212417356050903e-02,5.158949182274729511e-02,-7.990801030640648506e-02,-5.116098528782835053e-02,-2.063144897492563967e-01
4.301568793820819379e-03,2.957971486770677449e-02,5.506987523574562865e-02,-1.057916932318532927e-01,-4.313426022643975649e-02,-1.360298143447595254e-01
4.301568793820819379e-03,2.957971486770677449e-02,5.506987523574562865e-02,-1.057916932318532927e-01,-4.313426022643975649e-02,-1.360298143447595254e-01
4.301568793820819379e-03,2.957971486770677449e-02,5.506987523574562865e-02,-1.057916932318532927e-01,-4.313426022643975649e-02,-1.360298143447595254e-01
4.301568793820819379e-03,2.957971486770677449e-02,5.506987523574562865e-02,-1.057916932318532927e-01,-4.313426022643975649e-02,-1.360298143447595254e-01
4.301568793820819379e-03,2.957971486770677449e-02,5.506987523574562865e-02,-1.057916932318532927e-01,-4.313426022643975649e-02,-1.360298143447595254e-01
3.843137251048650560e-03,2.298553624127070913e-02,-1.112658672998238785e-01,-8.930529368505212007e-03,7.079807827780262852e-02,2.083357321011246599e-01
3.843137251048650560e-03,2.298553624127070913e-02,-1.112658672998238785e-01,-8.930529368505212007e-03,7.079807827780262852e-02,2.083357321011246599e-01
3.843137251048650560e-03,2.298553624127070913e-02,-1.112658672998238785e-01,-8.930529368505212007e-03,7.079807827780262852e-02,2.083357321011246599e-01
3.843137251048650560e-03,2.298553624127070913e-02,-1.112658672998238785e-01,-8.930529368505212007e-03,7.079807827780262852e-02,2.083357321011246599e-01
3.843137251048650560e-03,2.298553624127070913e-02,-1.112658672998238785e-01,-8.930529368505212007e-03,7.079807827780262852e-02,2.083357321011246599e-01
1.048107671720432087e-02,-6.463102669458128946e-02,-4.959195789494460355e-02,-3.997939302956661500e-02,-1.107703053924844958e-02,-1.143229913381742652e-01
1.048107671720432087e-02,-6.463102669458128946e-02,-4.959195789494460355e-02,-3.997939302956661500e-02,-1.107703053924844958e-02,-1.143229913381742652e-01
1.048107671720432087e-02,-6.463102669458128946e-02,-4.959195789494460355e-02,-3.997939302956661500e-02,-1.107703053924844958e-02,-1.143229913381742652e-01
1.048107671720432087e-02,-6.463102669458128946e-02,-4.959195789494460355e-02,-3.997939302956661500e-02,-1.107703053924844958e-02,-1.143229913381742652e-01
1.048107671720432087e-02,-6.463102669458128946e-02,-4.959195789494460355e-02,-3.997939302956661500e-02,-1.107703053924844958e-02,-1.143229913381742652e-01
1.108751595680843305e-01,-2.198222713398697865e-03,2.104431837751011281e-02,-7.394550513033322503e-02,6.520107485540477255e-02,3.320259061087231789e-01
1.108751595680843305e-01,-2.198222713398697865e-03,2.104431837751011281e-02,-7.394550513033322503e-02,6.520107485540477255e-02,3.320259061087231789e-01
1.108751595680843305e-01,-2.198222713398697865e-03,2.104431837751011281e-02,-7.394550513033322503e-02,6.520107485540477255e-02,3.320259061087231789e-01
1.108751595680843305e-01,-2.198222713398697865e-03,2.104431837751011281e-02,-7.394550513033322503e-02,6.520107485540477255e-02,3.320259061087231789e-01
1.108751595680843305e-01,-2.198222713398697865e-03,2.104431837751011281e-02,-7.394550513033322503e-02,6.520107485540477255e-02,3.320259061087231789e-01
3.630397573411955556e-03,9.194061604506097163e-02,5.198902357739366986e-02,-1.237370374471983697e-01,-3.081457305050759252e-02,-1.825262142275990151e-01
3.630397573411955556e-03,9.194061604506097163e-02,5.198902357739366986e-02,-1.237370374471983697e-01,-3.081457305050759252e-02,-1.825262142275990151e-01
3.630397573411955556e-03,9.194061604506097163e-02,5.198902357739366986e-02,-1.237370374471983697e-01,-3.081457305050759252e-02,-1.825262142275990151e-01
3.630397573411955556e-03,9.194061604506097163e-02,5.198902357739366986e-02,-1.237370374471983697e-01,-3.081457305050759252e-02,-1.825262142275990151e-01
3.630397573411955556e-03,9.194061604506097163e-02,5.198902357739366986e-02,-1.237370374471983697e-01,-3.081457305050759252e-02,-1.825262142275990151e-01
1.828896129458889575e-01,-6.771207550418596732e-02,-1.047315380033521787e-01,-6.204041279013830512e-02,6.876266896758902181e-02,5.332529000953161180e-01
1.828896129458889575e-01,-6.771207550418596732e-02,-1.047315380033521787e-01,-6.204041279013830512e-02,6.876266896758902181e-02,5.332529000953161180e-01
1.828896129458889575e-01,-6.771207550418596732e-02,-1.047315380033521787e-01,-6.204041279013830512e-02,6.876266896758902181e-02,5.332529000953161180e-01
1.828896129458889575e-01,-6.771207550418596732e-02,-1.047315380033521787e-01,-6.204041279013830512e-02,6.876266896758902181e-02,5.332529000953161180e-01
1.828896129458889575e-01,-6.771207550418596732e-02,-1.047315380033521787e-01,-6.204041279013830512e-02,6.876266896758902181e-02,5.332529000953161180e-01
1.430105941580036844e-01,-1.201628730549692131e-01,-1.150406599571401622e-01,-6.070141585708797860e-02,6.612724852028643852e-02,4.370358813248622631e-01
1.430105941580036844e-01,-1.201628730549692131e-01,-1.150406599571401622e-01,-6.070141585708797860e-02,6.612724852028643852e-02,4.370358813248622631e-01
1.430105941580036844e-01,-1.201628730549692131e-01,-1.150406599571401622e-01,-6.070141585708797860e-02,6.612724852028643852e-02,4.370358813248622631e-01
1.430105941580036844e-01,-1.201628730549692131e-01,-1.150406599571401622e-01,-6.070141585708797860e-02,6.612724852028643852e-02,4.370358813248622631e-01
1.430105941580036844e-01,-1.201628730549692131e-01,-1.150406599571401622e-01,-6.070141585708797860e-02,6.612724852028643852e-02,4.370358813248622631e-01
-1.910587502638185636e-02,-1.799805820893286834e-01,-4.407361660697901862e-02,-5.741009013849609349e-02,2.860162219587570331e-01,1.708698110314987029e-01
-1.910587502638185636e-02,-1.799805820893286834e-01,-4.407361660697901862e-02,-5.741009013849609349e-02,2.860162219587570331e-01,1.708698110314987029e-01
-1.910587502638185636e-02,-1.799805820893286834e-01,-4.407361660697901862e-02,-5.741009013849609349e-02,2.860162219587570331e-01,1.708698110314987029e-01
-1.910587502638185636e-02,-1.799805820893286834e-01,-4.407361660697901862e-02,-5.741009013849609349e-02,2.860162219587570331e-01,1.708698110314987029e-01
-1.910587502638185636e-02,-1.799805820893286834e-01,-4.407361660697901862e-02,-5.741009013849609349e-02,2.860162219587570331e-01,1.708698110314987029e-01
2.368441588766870276e-02,7.835917645238107965e-02,-1.146139349309785310e-01,4.600155198648901017e-02,1.096317238916971401e-02,5.889631925213426600e-01
2.368441588766870276e-02,7.835917645238107965e-02,-1.146139349309785310e-01,4.600155198648901017e-02,1.096317238916971401e-02,5.889631925213426600e-01
2.368441588766870276e-02,7.835917645238107965e-02,-1.146139349309785310e-01,4.600155198648901017e-02,1.096317238916971401e-02,5.889631925213426600e-01
2.368441588766870276e-02,7.835917645238107965e-02,-1.146139349309785310e-01,4.600155198648901017e-02,1.096317238916971401e-02,5.889631925213426600e-01
2.368441588766870276e-02,7.835917645238107965e-02,-1.146139349309785310e-01,4.600155198648901017e-02,1.096317238916971401e-02,5.889631925213426600e-01
-1.918991420696571637e-01,8.571076560057332150e-02,1.510306861550104740e-01,-1.064171861492350518e-01,-7.923965043420126697e-02,-3.431181304264211973e-01
-1.918991420696571637e-01,8.571076560057332150e-02,1.510306861550104740e-01,-1.064171861492350518e-01,-7.923965043420126697e-02,-3.431181304264211973e-01
-1.918991420696571637e-01,8.571076560057332150e-02,1.510306861550104740e-01,-1.064171861492350518e-01,-7.923965043420126697e-02,-3.431181304264211973e-01
-1.918991420696571637e-01,8.571076560057332150e-02,1.510306861550104740e-01,-1.064171861492350518e-01,-7.923965043420126697e-02,-3.431181304264211973e-01
-1.918991420696571637e-01,8.571076560057332150e-02,1.510306861550104740e-01,-1.064171861492350518e-01,-7.923965043420126697e-02,-3.431181304264211973e-01
1.335056919139155918e-01,-4.002975752450812033e-04,3.066636007371107558e-02,-7.681069308802661311e-02,6.921308017854972683e-02,3.905414396287220646e-01
1.335056919139155918e-01,-4.002975752450812033e-04,3.066636007371107558e-02,-7.681069308802661311e-02,6.921308017854972683e-02,3.905414396287220646e-01
1.335056919139155918e-01,-4.002975752450812033e-04,3.066636007371107558e-02,-7.681069308802661311e-02,6.921308017854972683e-02,3.905414396287220646e-01
1.335056919139155918e-01,-4.002975752450812033e-04,3.066636007371107558e-02,-7.681069308802661311e-02,6.921308017854972683e-02,3.905414396287220646e-01
1.335056919139155918e-01,-4.002975752450812033e-04,3.066636007371107558e-02,-7.681069308802661311e-02,6.921308017854972683e-02,3.905414396287220646e-01
9.456391817663027666e-02,-1.282357311046771198e-01,-1.099205745716469174e-01,-6.062870873292743046e-02,5.384194189976255346e-02,2.846685757584404008e-01
9.456391817663027666e-02,-1.282357311046771198e-01,-1.099205745716469174e-01,-6.062870873292743046e-02,5.384194189976255346e-02,2.846685757584404008e-01
9.456391817663027666e-02,-1.282357311046771198e-01,-1.099205745716469174e-01,-6.062870873292743046e-02,5.384194189976255346e-02,2.846685757584404008e-01
9.456391817663027666e-02,-1.282357311046771198e-01,-1.099205745716469174e-01,-6.062870873292743046e-02,5.384194189976255346e-02,2.846685757584404008e-01
9.456391817663027666e-02,-1.282357311046771198e-01,-1.099205745716469174e-01,-6.062870873292743046e-02,5.384194189976255346e-02,2.846685757584404008e-01
2.548892710995874847e-02,1.321938552491543351e-01,-5.267060940989680418e-02,3.644626266906266648e-02,-9.565330589585721577e-02,6.210390165396235673e-01
2.548892710995874847e-02,1.321938552491543351e-01,-5.267060940989680418e-02,3.644626266906266648e-02,-9.565330589585721577e-02,6.210390165396235673e-01
2.548892710995874847e-02,1.321938552491543351e-01,-5.267060940989680418e-02,3.644626266906266648e-02,-9.565330589585721577e-02,6.210390165396235673e-01
2.548892710995874847e-02,1.321938552491543351e-01,-5.267060940989680418e-02,3.644626266906266648e-02,-9.565330589585721577e-02,6.210390165396235673e-01
2.548892710995874847e-02,1.321938552491543351e-01,-5.267060940989680418e-02,3.644626266906266648e-02,-9.565330589585721577e-02,6.210390165396235673e-01
2.858327486109931218e-02,2.331336702691442775e-01,2.820447057918799016e-01,7.368578202551884226e-02,9.680946155934497255e-03,7.793703150246802380e-01
2.858327486109931218e-02,2.331336702691442775e-01,2.820447057918799016e-01,7.368578202551884226e-02,9.680946155934497255e-03,7.793703150246802380e-01
2.858327486109931218e-02,2.331336702691442775e-01,2.820447057918799016e-01,7.368578202551884226e-02,9.680946155934497255e-03,7.793703150246802380e-01
2.858327486109931218e-02,2.331336702691442775e-01,2.820447057918799016e-01,7.368578202551884226e-02,9.680946155934497255e-03,7.793703150246802380e-01
2.858327486109931218e-02,2.331336702691442775e-01,2.820447057918799016e-01,7.368578202551884226e-02,9.680946155934497255e-03,7.793703150246802380e-01
8.926496071455132519e-02,1.110983975675953681e-02,4.504387722320250115e-02,-9.317990001016425439e-02,3.630670450962526774e-02,2.173812916331556155e-01
8.926496071455132519e-02,1.110983975675953681e-02,4.504387722320250115e-02,-9.317990001016425439e-02,3.630670450962526774e-02,2.173812916331556155e-01
8.926496071455132519e-02,1.110983975675953681e-02,4.504387722320250115e-02,-9.317990001016425439e-02,3.630670450962526774e-02,2.173812916331556155e-01
8.926496071455132519e-02,1.110983975675953681e-02,4.504387722320250115e-02,-9.317990001016425439e-02,3.630670450962526774e-02,2.173812916331556155e-01
8.926496071455132519e-02,1.110983975675953681e-02,4.504387722320250115e-02,-9.317990001016425439e-02,3.630670450962526774e-02,2.173812916331556155e-01
2.055021658120743111e-01,-6.373578285299216772e-02,-1.014183617035835094e-01,-6.228433186402030503e-02,7.302173241643922230e-02,5.687797871040859432e-01
2.055021658120743111e-01,-6.373578285299216772e-02,-1.014183617035835094e-01,-6.228433186402030503e-02,7.302173241643922230e-02,5.687797871040859432e-01
2.055021658120743111e-01,-6.373578285299216772e-02,-1.014183617035835094e-01,-6.228433186402030503e-02,7.302173241643922230e-02,5.687797871040859432e-01
2.055021658120743111e-01,-6.373578285299216772e-02,-1.014183617035835094e-01,-6.228433186402030503e-02,7.302173241643922230e-02,5.687797871040859432e-01
2.055021658120743111e-01,-6.373578285299216772e-02,-1.014183617035835094e-01,-6.228433186402030503e-02,7.302173241643922230e-02,5.687797871040859432e-01
-2.549151596065256653e-01,7.046887649736038872e-02,2.135315919096336390e-01,-7.182898742858670471e-02,-2.436139676275812516e-01,-2.063487869233852634e-01
-2.549151596065256653e-01,7.046887649736038872e-02,2.135315919096336390e-01,-7.182898742858670471e-02,-2.436139676275812516e-01,-2.063487869233852634e-01
-2.549151596065256653e-01,7.046887649736038872e-02,2.135315919096336390e-01,-7.182898742858670471e-02,-2.436139676275812516e-01,-2.063487869233852634e-01
-2.549151596065256653e-01,7.046887649736038872e-02,2.135315919096336390e-01,-7.182898742858670471e-02,-2.436139676275812516e-01,-2.063487869233852634e-01
-2.549151596065256653e-01,7.046887649736038872e-02,2.135315919096336390e-01,-7.182898742858670471e-02,-2.436139676275812516e-01,-2.063487869233852634e-01
-1.910885992286641064e-02,2.150308665569810596e-01,2.221229454443197637e-01,7.013124877793276701e-02,1.734292209760365105e-02,7.194608392204847602e-01
-1.910885992286641064e-02,2.150308665569810596e-01,2.221229454443197637e-01,7.013124877793276701e-02,1.734292209760365105e-02,7.194608392204847602e-01
-1.910885992286641064e-02,2.150308665569810596e-01,2.221229454443197637e-01,7.013124877793276701e-02,1.734292209760365105e-02,7.194608392204847602e-01
-1.910885992286641064e-02,2.150308665569810596e-01,2.221229454443197637e-01,7.013124877793276701e-02,1.734292209760365105e-02,7.194608392204847602e-01
-1.910885992286641064e-02,2.150308665569810596e-01,2.221229454443197637e-01,7.013124877793276701e-02,1.734292209760365105e-02,7.194608392204847602e-01
9.149894668176268564e-02,1.571214008766791403e-01,3.775622772294375817e-01,7.397317880261146394e-02,-9.223264366165601080e-02,8.362010345527320920e-01
9.149894668176268564e-02,1.571214008766791403e-01,3.775622772294375817e-01,7.397317880261146394e-02,-9.223264366165601080e-02,8.362010345527320920e-01
9.149894668176268564e-02,1.571214008766791403e-01,3.775622772294375817e-01,7.397317880261146394e-02,-9.223264366165601080e-02,8.362010345527320920e-01
9.149894668176268564e-02,1.571214008766791403e-01,3.775622772294375817e-01,7.397317880261146394e-02,-9.223264366165601080e-02,8.362010345527320920e-01
9.149894668176268564e-02,1.571214008766791403e-01,3.775622772294375817e-01,7.397317880261146394e-02,-9.223264366165601080e-02,8.362010345527320920e-01
1.278572148165312838e-01,-5.112417109089890943e-03,1.414909160965086565e-01,2.783893945569752226e+00,3.084257369550604255e-01,7.453180631355131869e-01
1.278572148165312838e-01,-5.112417109089890943e-03,1.414909160965086565e-01,2.783893945569752226e+00,3.084257369550604255e-01,7.453180631355131869e-01
1.278572148165312838e-01,-5.112417109089890943e-03,1.414909160965086565e-01,2.783893945569752226e+00,3.084257369550604255e-01,7.453180631355131869e-01
1.278572148165312838e-01,-5.112417109089890943e-03,1.414909160965086565e-01,2.783893945569752226e+00,3.084257369550604255e-01,7.453180631355131869e-01
1.278572148165312838e-01,-5.112417109089890943e-03,1.414909160965086565e-01,2.783893945569752226e+00,3.084257369550604255e-01,7.453180631355131869e-01
-2.356421187744819068e-01,8.103320734925188729e-02,1.682365001398270776e-01,-1.025664924331008837e-01,-1.267300574181571271e-01,-3.139245150014410290e-01
-2.356421187744819068e-01,8.103320734925188729e-02,1.682365001398270776e-01,-1.025664924331008837e-01,-1.267300574181571271e-01,-3.139245150014410290e-01
-2.356421187744819068e-01,8.103320734925188729e-02,1.682365001398270776e-01,-1.025664924331008837e-01,-1.267300574181571271e-01,-3.139245150014410290e-01
-2.356421187744819068e-01,8.103320734925188729e-02,1.682365001398270776e-01,-1.025664924331008837e-01,-1.267300574181571271e-01,-3.139245150014410290e-01
-2.356421187744819068e-01,8.103320734925188729e-02,1.682365001398270776e-01,-1.025664924331008837e-01,-1.267300574181571271e-01,-3.139245150014410290e-01
2.686226078909328963e-02,1.153586669623714867e-01,2.196244655948553087e-02,6.852223750164265770e-02,-1.138934339875362217e-01,6.454518847795595038e-01
2.686226078909328963e-02,1.153586669623714867e-01,2.196244655948553087e-02,6.852223750164265770e-02,-1.138934339875362217e-01,6.454518847795595038e-01
2.686226078909328963e-02,1.153586669623714867e-01,2.196244655948553087e-02,6.852223750164265770e-02,-1.138934339875362217e-01,6.454518847795595038e-01
2.686226078909328963e-02,1.153586669623714867e-01,2.196244655948553087e-02,6.852223750164265770e-02,-1.138934339875362217e-01,6.454518847795595038e-01
2.686226078909328963e-02,1.153586669623714867e-01,2.196244655948553087e-02,6.852223750164265770e-02,-1.138934339875362217e-01,6.454518847795595038e-01
5.424752789259618124e-02,2.123446732843984469e-02,5.453396256833584199e-02,-1.013748339474137422e-01,-1.787551748438147292e-02,2.751878654757364956e-02
5.424752789259618124e-02,2.123446732843984469e-02,5.453396256833584199e-02,-1.013748339474137422e-01,-1.787551748438147292e-02,2.751878654757364956e-02
5.424752789259618124e-02,2.123446732843984469e-02,5.453396256833584199e-02,-1.013748339474137422e-01,-1.787551748438147292e-02,2.751878654757364956e-02
5.424752789259618124e-02,2.123446732843984469e-02,5.453396256833584199e-02,-1.013748339474137422e-01,-1.787551748438147292e-02,2.751878654757364956e-02
5.424752789259618124e-02,2.123446732843984469e-02,5.453396256833584199e-02,-1.013748339474137422e-01,-1.787551748438147292e-02,2.751878654757364956e-02
4.648585321245051610e-02,1.417599259284552937e-01,2.729999560676785730e-01,7.006558410818125582e-02,-1.527434149436379396e-01,7.512721046949706327e-01
4.648585321245051610e-02,1.417599259284552937e-01,2.729999560676785730e-01,7.006558410818125582e-02,-1.527434149436379396e-01,7.512721046949706327e-01
4.648585321245051610e-02,1.417599259284552937e-01,2.729999560676785730e-01,7.006558410818125582e-02,-1.527434149436379396e-01,7.512721046949706327e-01
4.648585321245051610e-02,1.417599259284552937e-01,2.729999560676785730e-01,7.006558410818125582e-02,-1.527434149436379396e-01,7.512721046949706327e-01
4.648585321245051610e-02,1.417599259284552937e-01,2.729999560676785730e-01,7.006558410818125582e-02,-1.527434149436379396e-01,7.512721046949706327e-01
8.946003274386661944e-03,-3.609228389901777967e-02,3.551381125753287626e-02,-7.680513295844797195e-02,-1.428383848776729886e-02,-7.736003511923468523e-02
8.946003274386661944e-03,-3.609228389901777967e-02,3.551381125753287626e-02,-7.680513295844797195e-02,-1.428383848776729886e-02,-7.736003511923468523e-02
8.946003274386661944e-03,-3.609228389901777967e-02,3.551381125753287626e-02,-7.680513295844797195e-02,-1.428383848776729886e-02,-7.736003511923468523e-02
8.946003274386661944e-03,-3.609228389901777967e-02,3.551381125753287626e-02,-7.680513295844797195e-02,-1.428383848776729886e-02,-7.736003511923468523e-02
8.946003274386661944e-03,-3.609228389901777967e-02,3.551381125753287626e-02,-7.680513295844797195e-02,-1.428383848776729886e-02,-7.736003511923468523e-02
-3.266143908184891004e-02,9.866711988859995508e-02,4.406863006423165918e-02,-1.178990483085810698e-01,-8.370047019914962291e-03,-2.633044981399683127e-01
-3.266143908184891004e-02,9.866711988859995508e-02,4.406863006423165918e-02,-1.178990483085810698e-01,-8.370047019914962291e-03,-2.633044981399683127e-01
-3.266143908184891004e-02,9.866711988859995508e-02,4.406863006423165918e-02,-1.178990483085810698e-01,-8.370047019914962291e-03,-2.633044981399683127e-01
-3.266143908184891004e-02,9.866711988859995508e-02,4.406863006423165918e-02,-1.178990483085810698e-01,-8.370047019914962291e-03,-2.633044981399683127e-01
-3.266143908184891004e-02,9.866711988859995508e-02,4.406863006423165918e-02,-1.178990483085810698e-01,-8.370047019914962291e-03,-2.633044981399683127e-01
-7.647946268331670683e-02,-1.513757258215991386e-01,-3.181908971051611301e-03,-4.704969382422136137e-02,4.724998580239872514e-01,3.258247459381807820e-01
-7.647946268331670683e-02,-1.513757258215991386e-01,-3.181908971051611301e-03,-4.704969382422136137e-02,4.724998580239872514e-01,3.258247459381807820e-01
-7.647946268331670683e-02,-1.513757258215991386e-01,-3.181908971051611301e-03,-4.704969382422136137e-02,4.724998580239872514e-01,3.258247459381807820e-01
-7.647946268331670683e-02,-1.513757258215991386e-01,-3.181908971051611301e-03,-4.704969382422136137e-02,4.724998580239872514e-01,3.258247459381807820e-01
-7.647946268331670683e-02,-1.513757258215991386e-01,-3.181908971051611301e-03,-4.704969382422136137e-02,4.724998580239872514e-01,3.258247459381807820e-01
-1.022447694197146928e-03,7.526592181407346094e-02,5.062292418131585786e-02,-1.162122263325645333e-01,-2.849356215495535416e-02,-1.689015908338531990e-01
-1.022447694197146928e-03,7.526592181407346094e-02,5.062292418131585786e-02,-1.162122263325645333e-01,-2.849356215495535416e-02,-1.689015908338531990e-01
-1.022447694197146928e-03,7.526592181407346094e-02,5.062292418131585786e-02,-1.162122263325645333e-01,-2.849356215495535416e-02,-1.689015908338531990e-01
-1.022447694197146928e-03,7.526592181407346094e-02,5.062292418131585786e-02,-1.162122263325645333e-01,-2.849356215495535416e-02,-1.689015908338531990e-01
-1.022447694197146928e-03,7.526592181407346094e-02,5.062292418131585786e-02,-1.162122263325645333e-01,-2.849356215495535416e-02,-1.689015908338531990e-01
1.254961811175716799e-02,8.748375648370695923e-02,-1.028729948004249162e-01,2.700897986685648483e-02,-1.355879170442288451e-01,5.551975025061415270e-01
1.254961811175716799e-02,8.748375648370695923e-02,-1.028729948004249162e-01,2.700897986685648483e-02,-1.355879170442288451e-01,5.551975025061415270e-01
1.254961811175716799e-02,8.748375648370695923e-02,-1.028729948004249162e-01,2.700897986685648483e-02,-1.355879170442288451e-01,5.551975025061415270e-01
1.254961811175716799e-02,8.748375648370695923e-02,-1.028729948004249162e-01,2.700897986685648483e-02,-1.355879170442288451e-01,5.551975025061415270e-01
1.254961811175716799e-02,8.748375648370695923e-02,-1.028729948004249162e-01,2.700897986685648483e-02,-1.355879170442288451e-01,5.551975025061415270e-01
-3.209940671660989342e-02,5.840314242478710643e-02,5.243838942115891522e-02,-2.051914184878854408e-02,2.197864448701116954e-02,4.491889705300461388e-02
-3.209940671660989342e-02,5.840314242478710643e-02,5.243838942115891522e-02,-2.051914184878854408e-02,2.197864448701116954e-02,4.491889705300461388e-02
-3.209940671660989342e-02,5.840314242478710643e-02,5.243838942115891522e-02,-2.051914184878854408e-02,2.197864448701116954e-02,4.491889705300461388e-02
-3.209940671660989342e-02,5.840314242478710643e-02,5.243838942115891522e-02,-2.051914184878854408e-02,2.197864448701116954e-02,4.491889705300461388e-02
-3.209940671660989342e-02,5.840314242478710643e-02,5.243838942115891522e-02,-2.051914184878854408e-02,2.197864448701116954e-02,4.491889705300461388e-02
-2.852280686886961639e-02,8.382327155487243053e-02,7.975847302068159173e-02,-8.426035737126459646e-02,2.020076362880528220e-02,-3.455320469109517956e-01
-2.852280686886961639e-02,8.382327155487243053e-02,7.975847302068159173e-02,-8.426035737126459646e-02,2.020076362880528220e-02,-3.455320469109517956e-01
-2.852280686886961639e-02,8.382327155487243053e-02,7.975847302068159173e-02,-8.426035737126459646e-02,2.020076362880528220e-02,-3.455320469109517956e-01
-2.852280686886961639e-02,8.382327155487243053e-02,7.975847302068159173e-02,-8.426035737126459646e-02,2.020076362880528220e-02,-3.455320469109517956e-01
-2.852280686886961639e-02,8.382327155487243053e-02,7.975847302068159173e-02,-8.426035737126459646e-02,2.020076362880528220e-02,-3.455320469109517956e-01
1.563592821614914058e-03,2.401597647089860899e-01,2.413370864873752297e-01,7.161549167408465255e-02,2.044863465575814943e-02,7.406008071458642927e-01
1.563592821614914058e-03,2.401597647089860899e-01,2.413370864873752297e-01,7.161549167408465255e-02,2.044863465575814943e-02,7.406008071458642927e-01
1.563592821614914058e-03,2.401597647089860899e-01,2.413370864873752297e-01,7.161549167408465255e-02,2.044863465575814943e-02,7.406008071458642927e-01
1.563592821614914058e-03,2.401597647089860899e-01,2.413370864873752297e-01,7.161549167408465255e-02,2.044863465575814943e-02,7.406008071458642927e-01
1.563592821614914058e-03,2.401597647089860899e-01,2.413370864873752297e-01,7.161549167408465255e-02,2.044863465575814943e-02,7.406008071458642927e-01
1.449031799278927835e-01,1.571458321561959859e-01,4.197862786964090542e-01,1.028265496937629114e-01,-6.056794732394286257e-02,8.975120693220496326e-01
1.449031799278927835e-01,1.571458321561959859e-01,4.197862786964090542e-01,1.028265496937629114e-01,-6.056794732394286257e-02,8.975120693220496326e-01
1.449031799278927835e-01,1.571458321561959859e-01,4.197862786964090542e-01,1.028265496937629114e-01,-6.056794732394286257e-02,8.975120693220496326e-01
1.449031799278927835e-01,1.571458321561959859e-01,4.197862786964090542e-01,1.028265496937629114e-01,-6.056794732394286257e-02,8.975120693220496326e-01
1.449031799278927835e-01,1.571458321561959859e-01,4.197862786964090542e-01,1.028265496937629114e-01,-6.056794732394286257e-02,8.975120693220496326e-01
-1.003532723826732059e-01,9.231192956154683771e-02,1.081615212278280863e-01,-1.194522626688815647e-01,-5.579895067609023929e-02,-3.071653631308430832e-01
-1.003532723826732059e-01,9.231192956154683771e-02,1.081615212278280863e-01,-1.194522626688815647e-01,-5.579895067609023929e-02,-3.071653631308430832e-01
-1.003532723826732059e-01,9.231192956154683771e-02,1.081615212278280863e-01,-1.194522626688815647e-01,-5.579895067609023929e-02,-3.071653631308430832e-01
-1.003532723826732059e-01,9.231192956154683771e-02,1.081615212278280863e-01,-1.194522626688815647e-01,-5.579895067609023929e-02,-3.071653631308430832e-01
-1.003532723826732059e-01,9.231192956154683771e-02,1.081615212278280863e-01,-1.194522626688815647e-01,-5.579895067609023929e-02,-3.071653631308430832e-01
1.089183379911204674e-01,1.083967098104846871e-01,2.756273243088102065e-01,7.126025848322357914e-02,-1.371729150145367393e-01,7.404239478744629732e-01
1.089183379911204674e-01,1.083967098104846871e-01,2.756273243088102065e-01,7.126025848322357914e-02,-1.371729150145367393e-01,7.404239478744629732e-01
1.089183379911204674e-01,1.083967098104846871e-01,2.756273243088102065e-01,7.126025848322357914e-02,-1.371729150145367393e-01,7.404239478744629732e-01
1.089183379911204674e-01,1.083967098104846871e-01,2.756273243088102065e-01,7.126025848322357914e-02,-1.371729150145367393e-01,7.404239478744629732e-01
1.089183379911204674e-01,1.083967098104846871e-01,2.756273243088102065e-01,7.126025848322357914e-02,-1.371729150145367393e-01,7.404239478744629732e-01
2.037679275655632574e-03,-8.393639834498460572e-02,-8.299486402406514593e-04,-5.539215354924219986e-02,-3.504913206879339133e-02,-1.672615700226281199e-01
2.037679275655632574e-03,-8.393639834498460572e-02,-8.299486402406514593e-04,-5.539215354924219986e-02,-3.504913206879339133e-02,-1.672615700226281199e-01
2.037679275655632574e-03,-8.393639834498460572e-02,-8.299486402406514593e-04,-5.539215354924219986e-02,-3.504913206879339133e-02,-1.672615700226281199e-01
2.037679275655632574e-03,-8.393639834498460572e-02,-8.299486402406514593e-04,-5.539215354924219986e-02,-3.504913206879339133e-02,-1.672615700226281199e-01
2.037679275655632574e-03,-8.393639834498460572e-02,-8.299486402406514593e-04,-5.539215354924219986e-02,-3.504913206879339133e-02,-1.672615700226281199e-01
-1.110699724887093121e-02,7.264986163556735876e-02,8.305109083230310940e-02,-6.607220773745972608e-02,2.198026226424385637e-02,-3.215039880568655306e-01
-1.110699724887093121e-02,7.264986163556735876e-02,8.305109083230310940e-02,-6.607220773745972608e-02,2.198026226424385637e-02,-3.215039880568655306e-01
-1.110699724887093121e-02,7.264986163556735876e-02,8.305109083230310940e-02,-6.607220773745972608e-02,2.198026226424385637e-02,-3.215039880568655306e-01
-1.110699724887093121e-02,7.264986163556735876e-02,8.305109083230310940e-02,-6.607220773745972608e-02,2.198026226424385637e-02,-3.215039880568655306e-01
-1.110699724887093121e-02,7.264986163556735876e-02,8.305109083230310940e-02,-6.607220773745972608e-02,2.198026226424385637e-02,-3.215039880568655306e-01
-1.256188687586722308e-01,9.181881864672006288e-02,1.134109012707326392e-01,-1.054457957280498376e-01,-1.349028358270044220e-02,-3.665459085985416920e-01
-1.256188687586722308e-01,9.181881864672006288e-02,1.134109012707326392e-01,-1.054457957280498376e-01,-1.349028358270044220e-02,-3.665459085985416920e-01
-1.256188687586722308e-01,9.181881864672006288e-02,1.134109012707326392e-01,-1.054457957280498376e-01,-1.349028358270044220e-02,-3.665459085985416920e-01
-1.256188687586722308e-01,9.181881864672006288e-02,1.134109012707326392e-01,-1.054457957280498376e-01,-1.349028358270044220e-02,-3.665459085985416920e-01
-1.256188687586722308e-01,9.181881864672006288e-02,1.134109012707326392e-01,-1.054457957280498376e-01,-1.349028358270044220e-02,-3.665459085985416920e-01
1.902112037161267019e-02,1.438324178180718782e-01,6.344168572527854322e-02,6.812079319591374249e-02,-1.199016880407393348e-01,6.659887319910338110e-01
1.902112037161267019e-02,1.438324178180718782e-01,6.344168572527854322e-02,6.812079319591374249e-02,-1.199016880407393348e-01,6.659887319910338110e-01
1.902112037161267019e-02,1.438324178180718782e-01,6.344168572527854322e-02,6.812079319591374249e-02,-1.199016880407393348e-01,6.659887319910338110e-01
1.902112037161267019e-02,1.438324178180718782e-01,6.344168572527854322e-02,6.812079319591374249e-02,-1.199016880407393348e-01,6.659887319910338110e-01
1.902112037161267019e-02,1.438324178180718782e-01,6.344168572527854322e-02,6.812079319591374249e-02,-1.199016880407393348e-01,6.659887319910338110e-01
-1.895274007608455102e-01,8.566589282218260715e-02,1.508640654019109684e-01,-1.107166803416845258e-01,-9.331120624787465900e-02,-3.270403229511965049e-01
-1.895274007608455102e-01,8.566589282218260715e-02,1.508640654019109684e-01,-1.107166803416845258e-01,-9.331120624787465900e-02,-3.270403229511965049e-01
-1.895274007608455102e-01,8.566589282218260715e-02,1.508640654019109684e-01,-1.107166803416845258e-01,-9.331120624787465900e-02,-3.270403229511965049e-01
-1.895274007608455102e-01,8.566589282218260715e-02,1.508640654019109684e-01,-1.107166803416845258e-01,-9.331120624787465900e-02,-3.270403229511965049e-01
-1.895274007608455102e-01,8.566589282218260715e-02,1.508640654019109684e-01,-1.107166803416845258e-01,-9.331120624787465900e-02,-3.270403229511965049e-01
4.682608335038443426e-02,5.110714565984254831e-02,5.778440438387361100e-02,-1.126028831123034452e-01,-3.179775676897918929e-02,-2.796049447969178522e-02
4.682608335038443426e-02,5.110714565984254831e-02,5.778440438387361100e-02,-1.126028831123034452e-01,-3.179775676897918929e-02,-2.796049447969178522e-02
4.682608335038443426e-02,5.110714565984254831e-02,5.778440438387361100e-02,-1.126028831123034452e-01,-3.179775676897918929e-02,-2.796049447969178522e-02
4.682608335038443426e-02,5.110714565984254831e-02,5.778440438387361100e-02,-1.126028831123034452e-01,-3.179775676897918929e-02,-2.796049447969178522e-02
4.682608335038443426e-02,5.110714565984254831e-02,5.778440438387361100e-02,-1.126028831123034452e-01,-3.179775676897918929e-02,-2.796049447969178522e-02
1.896415589418215808e-01,-1.108027385785013419e-01,-1.181446038048310082e-01,-6.087532308963325423e-02,7.054384644675606997e-02,5.350464194886472846e-01
1.896415589418215808e-01,-1.108027385785013419e-01,-1.181446038048310082e-01,-6.087532308963325423e-02,7.054384644675606997e-02,5.350464194886472846e-01
1.896415589418215808e-01,-1.108027385785013419e-01,-1.181446038048310082e-01,-6.087532308963325423e-02,7.054384644675606997e-02,5.350464194886472846e-01
1.896415589418215808e-01,-1.108027385785013419e-01,-1.181446038048310082e-01,-6.087532308963325423e-02,7.054384644675606997e-02,5.350464194886472846e-01
1.896415589418215808e-01,-1.108027385785013419e-01,-1.181446038048310082e-01,-6.087532308963325423e-02,7.054384644675606997e-02,5.350464194886472846e-01
3.302893471480375376e-02,-6.255583226977957934e-02,9.433080701491886044e-02,2.130704136555506611e+00,4.103218399689635976e-01,6.439219032413687760e-01
3.302893471480375376e-02,-6.255583226977957934e-02,9.433080701491886044e-02,2.130704136555506611e+00,4.103218399689635976e-01,6.439219032413687760e-01
3.302893471480375376e-02,-6.255583226977957934e-02,9.433080701491886044e-02,2.130704136555506611e+00,4.103218399689635976e-01,6.439219032413687760e-01
3.302893471480375376e-02,-6.255583226977957934e-02,9.433080701491886044e-02,2.130704136555506611e+00,4.103218399689635976e-01,6.439219032413687760e-01
3.302893471480375376e-02,-6.255583226977957934e-02,9.433080701491886044e-02,2.130704136555506611e+00,4.103218399689635976e-01,6.439219032413687760e-01
9.812396895714114997e-03,-1.588111753727474429e-01,-9.045086486162769168e-02,-6.008961840563149109e-02,9.382784441470293224e-02,3.681569626836461023e-02
9.812396895714114997e-03,-1.588111753727474429e-01,-9.045086486162769168e-02,-6.008961840563149109e-02,9.382784441470293224e-02,3.681569626836461023e-02
9.812396895714114997e-03,-1.588111753727474429e-01,-9.045086486162769168e-02,-6.008961840563149109e-02,9.382784441470293224e-02,3.681569626836461023e-02
9.812396895714114997e-03,-1.588111753727474429e-01,-9.045086486162769168e-02,-6.008961840563149109e-02,9.382784441470293224e-02,3.681569626836461023e-02
9.812396895714114997e-03,-1.588111753727474429e-01,-9.045086486162769168e-02,-6.008961840563149109e-02,9.382784441470293224e-02,3.681569626836461023e-02
1.371666688955903712e-01,-8.542587643954974164e-02,-1.108651999925099746e-01,-6.142074696491525015e-02,5.717634025871906611e-02,4.312127812370248892e-01
1.371666688955903712e-01,-8.542587643954974164e-02,-1.108651999925099746e-01,-6.142074696491525015e-02,5.717634025871906611e-02,4.312127812370248892e-01
1.371666688955903712e-01,-8.542587643954974164e-02,-1.108651999925099746e-01,-6.142074696491525015e-02,5.717634025871906611e-02,4.312127812370248892e-01
1.371666688955903712e-01,-8.542587643954974164e-02,-1.108651999925099746e-01,-6.142074696491525015e-02,5.717634025871906611e-02,4.312127812370248892e-01
1.371666688955903712e-01,-8.542587643954974164e-02,-1.108651999925099746e-01,-6.142074696491525015e-02,5.717634025871906611e-02,4.312127812370248892e-01
1.020188900165821533e-01,2.079317562150181098e-01,3.524372703749097391e-01,9.887968577442415863e-02,-1.496964680431965219e-02,8.687972789264556406e-01
1.020188900165821533e-01,2.079317562150181098e-01,3.524372703749097391e-01,9.887968577442415863e-02,-1.496964680431965219e-02,8.687972789264556406e-01
1.020188900165821533e-01,2.079317562150181098e-01,3.524372703749097391e-01,9.887968577442415863e-02,-1.496964680431965219e-02,8.687972789264556406e-01
1.020188900165821533e-01,2.079317562150181098e-01,3.524372703749097391e-01,9.887968577442415863e-02,-1.496964680431965219e-02,8.687972789264556406e-01
1.020188900165821533e-01,2.079317562150181098e-01,3.524372703749097391e-01,9.887968577442415863e-02,-1.496964680431965219e-02,8.687972789264556406e-01
2.000724015164079272e-02,1.085198042852579536e-01,-9.843862733042013646e-02,5.851807171430799259e-02,-1.126849163491237260e-01,5.967496226067805498e-01
2.000724015164079272e-02,1.085198042852579536e-01,-9.843862733042013646e-02,5.851807171430799259e-02,-1.126849163491237260e-01,5.967496226067805498e-01
2.000724015164079272e-02,1.085198042852579536e-01,-9.843862733042013646e-02,5.851807171430799259e-02,-1.126849163491237260e-01,5.967496226067805498e-01
2.000724015164079272e-02,1.085198042852579536e-01,-9.843862733042013646e-02,5.851807171430799259e-02,-1.126849163491237260e-01,5.967496226067805498e-01
2.000724015164079272e-02,1.085198042852579536e-01,-9.843862733042013646e-02,5.851807171430799259e-02,-1.126849163491237260e-01,5.967496226067805498e-01
-1.343339422613708950e-02,2.026179473352696103e-01,2.056705602774529518e-01,6.959661929934596314e-02,-3.049409436203888435e-03,7.155643153929507339e-01
-1.343339422613708950e-02,2.026179473352696103e-01,2.056705602774529518e-01,6.959661929934596314e-02,-3.049409436203888435e-03,7.155643153929507339e-01
-1.343339422613708950e-02,2.026179473352696103e-01,2.056705602774529518e-01,6.959661929934596314e-02,-3.049409436203888435e-03,7.155643153929507339e-01
-1.343339422613708950e-02,2.026179473352696103e-01,2.056705602774529518e-01,6.959661929934596314e-02,-3.049409436203888435e-03,7.155643153929507339e-01
-1.343339422613708950e-02,2.026179473352696103e-01,2.056705602774529518e-01,6.959661929934596314e-02,-3.049409436203888435e-03,7.155643153929507339e-01
1.612279432417403346e-01,1.253358183768219503e-01,4.451891354447135019e-01,1.026433270749849830e-01,-9.462599752485698068e-02,8.754520120629323277e-01
1.612279432417403346e-01,1.253358183768219503e-01,4.451891354447135019e-01,1.026433270749849830e-01,-9.462599752485698068e-02,8.754520120629323277e-01
1.612279432417403346e-01,1.253358183768219503e-01,4.451891354447135019e-01,1.026433270749849830e-01,-9.462599752485698068e-02,8.754520120629323277e-01
1.612279432417403346e-01,1.253358183768219503e-01,4.451891354447135019e-01,1.026433270749849830e-01,-9.462599752485698068e-02,8.754520120629323277e-01
1.612279432417403346e-01,1.253358183768219503e-01,4.451891354447135019e-01,1.026433270749849830e-01,-9.462599752485698068e-02,8.754520120629323277e-01
1.024191127547801339e-01,2.977372088266550670e-02,2.401612349607811225e-01,1.931708504294911366e+00,1.720937134971062821e-01,7.971700407896473717e-01
1.024191127547801339e-01,2.977372088266550670e-02,2.401612349607811225e-01,1.931708504294911366e+00,1.720937134971062821e-01,7.971700407896473717e-01
1.024191127547801339e-01,2.977372088266550670e-02,2.401612349607811225e-01,1.931708504294911366e+00,1.720937134971062821e-01,7.971700407896473717e-01
1.024191127547801339e-01,2.977372088266550670e-02,2.401612349607811225e-01,1.931708504294911366e+00,1.720937134971062821e-01,7.971700407896473717e-01
1.024191127547801339e-01,2.977372088266550670e-02,2.401612349607811225e-01,1.931708504294911366e+00,1.720937134971062821e-01,7.971700407896473717e-01
6.500462036594958914e-02,1.275928312799597120e-01,2.195385654708169321e-01,6.981647495558575278e-02,-1.499109211696581512e-01,7.226097205939112644e-01
6.500462036594958914e-02,1.275928312799597120e-01,2.195385654708169321e-01,6.981647495558575278e-02,-1.499109211696581512e-01,7.226097205939112644e-01
6.500462036594958914e-02,1.275928312799597120e-01,2.195385654708169321e-01,6.981647495558575278e-02,-1.499109211696581512e-01,7.226097205939112644e-01
6.500462036594958914e-02,1.275928312799597120e-01,2.195385654708169321e-01,6.981647495558575278e-02,-1.499109211696581512e-01,7.226097205939112644e-01
6.500462036594958914e-02,1.275928312799597120e-01,2.195385654708169321e-01,6.981647495558575278e-02,-1.499109211696581512e-01,7.226097205939112644e-01
9.616250638782682103e-02,1.990980365627887383e-01,3.560607539036714231e-01,8.405026431694767597e-02,-2.489048703727500533e-02,8.644800529139607947e-01
9.616250638782682103e-02,1.990980365627887383e-01,3.560607539036714231e-01,8.405026431694767597e-02,-2.489048703727500533e-02,8.644800529139607947e-01
9.616250638782682103e-02,1.990980365627887383e-01,3.560607539036714231e-01,8.405026431694767597e-02,-2.489048703727500533e-02,8.644800529139607947e-01
9.616250638782682103e-02,1.990980365627887383e-01,3.560607539036714231e-01,8.405026431694767597e-02,-2.489048703727500533e-02,8.644800529139607947e-01
9.616250638782682103e-02,1.990980365627887383e-01,3.560607539036714231e-01,8.405026431694767597e-02,-2.489048703727500533e-02,8.644800529139607947e-01
-1.122359809367617922e-01,-1.762453194139150525e-01,-2.796515970269518314e-02,-5.727968710776158712e-02,4.497453394088612999e-01,1.804314170998195521e-01
-1.122359809367617922e-01,-1.762453194139150525e-01,-2.796515970269518314e-02,-5.727968710776158712e-02,4.497453394088612999e-01,1.804314170998195521e-01
-1.122359809367617922e-01,-1.762453194139150525e-01,-2.796515970269518314e-02,-5.727968710776158712e-02,4.497453394088612999e-01,1.804314170998195521e-01
-1.122359809367617922e-01,-1.762453194139150525e-01,-2.796515970269518314e-02,-5.727968710776158712e-02,4.497453394088612999e-01,1.804314170998195521e-01
-1.122359809367617922e-01,-1.762453194139150525e-01,-2.796515970269518314e-02,-5.727968710776158712e-02,4.497453394088612999e-01,1.804314170998195521e-01
1.577497344243574962e-01,-1.231901809476285831e-02,5.374630503696249673e-03,-6.709767596845966908e-02,7.456094573880038545e-02,4.705409049548702205e-01
1.577497344243574962e-01,-1.231901809476285831e-02,5.374630503696249673e-03,-6.709767596845966908e-02,7.456094573880038545e-02,4.705409049548702205e-01
1.577497344243574962e-01,-1.231901809476285831e-02,5.374630503696249673e-03,-6.709767596845966908e-02,7.456094573880038545e-02,4.705409049548702205e-01
1.577497344243574962e-01,-1.231901809476285831e-02,5.374630503696249673e-03,-6.709767596845966908e-02,7.456094573880038545e-02,4.705409049548702205e-01
1.577497344243574962e-01,-1.231901809476285831e-02,5.374630503696249673e-03,-6.709767596845966908e-02,7.456094573880038545e-02,4.705409049548702205e-01
3.466754642303412209e-02,2.010438958725065950e-01,3.037361857394972331e-01,7.253927220120542918e-02,-1.399312157120814748e-02,7.879914441324745722e-01
3.466754642303412209e-02,2.010438958725065950e-01,3.037361857394972331e-01,7.253927220120542918e-02,-1.399312157120814748e-02,7.879914441324745722e-01
3.466754642303412209e-02,2.010438958725065950e-01,3.037361857394972331e-01,7.253927220120542918e-02,-1.399312157120814748e-02,7.879914441324745722e-01
3.466754642303412209e-02,2.010438958725065950e-01,3.037361857394972331e-01,7.253927220120542918e-02,-1.399312157120814748e-02,7.879914441324745722e-01
3.466754642303412209e-02,2.010438958725065950e-01,3.037361857394972331e-01,7.253927220120542918e-02,-1.399312157120814748e-02,7.879914441324745722e-01
-5.835237312283589328e-02,9.627898779419974407e-02,7.305756811563049458e-02,-1.203334091460379618e-01,-3.352784547942441046e-02,-2.929296624818369388e-01
-5.835237312283589328e-02,9.627898779419974407e-02,7.305756811563049458e-02,-1.203334091460379618e-01,-3.352784547942441046e-02,-2.929296624818369388e-01
-5.835237312283589328e-02,9.627898779419974407e-02,7.305756811563049458e-02,-1.203334091460379618e-01,-3.352784547942441046e-02,-2.929296624818369388e-01
-5.835237312283589328e-02,9.627898779419974407e-02,7.305756811563049458e-02,-1.203334091460379618e-01,-3.352784547942441046e-02,-2.929296624818369388e-01
-5.835237312283589328e-02,9.627898779419974407e-02,7.305756811563049458e-02,-1.203334091460379618e-01,-3.352784547942441046e-02,-2.929296624818369388e-01
1.767283816307932062e-02,-9.411616274753668854e-02,-8.497194501687510559e-03,-9.178246821747879092e-03,5.197326341917369863e-01,5.386538803399445463e-01
1.767283816307932062e-02,-9.411616274753668854e-02,-8.497194501687510559e-03,-9.178246821747879092e-03,5.197326341917369863e-01,5.386538803399445463e-01
1.767283816307932062e-02,-9.411616274753668854e-02,-8.497194501687510559e-03,-9.178246821747879092e-03,5.197326341917369863e-01,5.386538803399445463e-01
1.767283816307932062e-02,-9.411616274753668854e-02,-8.497194501687510559e-03,-9.178246821747879092e-03,5.197326341917369863e-01,5.386538803399445463e-01
1.767283816307932062e-02,-9.411616274753668854e-02,-8.497194501687510559e-03,-9.178246821747879092e-03,5.197326341917369863e-01,5.386538803399445463e-01
1.698331433070946195e-01,9.314426696361506608e-02,3.903454232182383410e-01,8.220058971046184659e-02,-1.081358225402057616e-01,8.200722280507071194e-01
1.698331433070946195e-01,9.314426696361506608e-02,3.903454232182383410e-01,8.220058971046184659e-02,-1.081358225402057616e-01,8.200722280507071194e-01
1.698331433070946195e-01,9.314426696361506608e-02,3.903454232182383410e-01,8.220058971046184659e-02,-1.081358225402057616e-01,8.200722280507071194e-01
1.698331433070946195e-01,9.314426696361506608e-02,3.903454232182383410e-01,8.220058971046184659e-02,-1.081358225402057616e-01,8.200722280507071194e-01
1.698331433070946195e-01,9.314426696361506608e-02,3.903454232182383410e-01,8.220058971046184659e-02,-1.081358225402057616e-01,8.200722280507071194e-01
1.249395251297635567e-01,1.120323648655670995e-01,3.460739827413836789e-01,1.851399324235420529e+00,2.097308824186976464e-02,8.682913333122084243e-01
1.249395251297635567e-01,1.120323648655670995e-01,3.460739827413836789e-01,1.851399324235420529e+00,2.097308824186976464e-02,8.682913333122084243e-01
1.249395251297635567e-01,1.120323648655670995e-01,3.460739827413836789e-01,1.851399324235420529e+00,2.097308824186976464e-02,8.682913333122084243e-01
1.249395251297635567e-01,1.120323648655670995e-01,3.460739827413836789e-01,1.851399324235420529e+00,2.097308824186976464e-02,8.682913333122084243e-01
1.249395251297635567e-01,1.120323648655670995e-01,3.460739827413836789e-01,1.851399324235420529e+00,2.097308824186976464e-02,8.682913333122084243e-01
1.579108387876229647e-01,1.103442331089356521e-01,4.180225225808856804e-01,2.128769077278453992e+00,-3.056341066737833928e-02,8.763804128204206734e-01
1.579108387876229647e-01,1.103442331089356521e-01,4.180225225808856804e-01,2.128769077278453992e+00,-3.056341066737833928e-02,8.763804128204206734e-01
1.579108387876229647e-01,1.103442331089356521e-01,4.180225225808856804e-01,2.128769077278453992e+00,-3.056341066737833928e-02,8.763804128204206734e-01
1.579108387876229647e-01,1.103442331089356521e-01,4.180225225808856804e-01,2.128769077278453992e+00,-3.056341066737833928e-02,8.763804128204206734e-01
1.579108387876229647e-01,1.103442331089356521e-01,4.180225225808856804e-01,2.128769077278453992e+00,-3.056341066737833928e-02,8.763804128204206734e-01
-1.174606114622855357e-01,-1.506370209617970413e-01,-4.668304134627604407e-02,-4.776777232132613238e-02,5.014986904714966442e-01,2.552181510792239649e-01
-1.174606114622855357e-01,-1.506370209617970413e-01,-4.668304134627604407e-02,-4.776777232132613238e-02,5.014986904714966442e-01,2.552181510792239649e-01
-1.174606114622855357e-01,-1.506370209617970413e-01,-4.668304134627604407e-02,-4.776777232132613238e-02,5.014986904714966442e-01,2.552181510792239649e-01
-1.174606114622855357e-01,-1.506370209617970413e-01,-4.668304134627604407e-02,-4.776777232132613238e-02,5.014986904714966442e-01,2.552181510792239649e-01
-1.174606114622855357e-01,-1.506370209617970413e-01,-4.668304134627604407e-02,-4.776777232132613238e-02,5.014986904714966442e-01,2.552181510792239649e-01
-1.028237412435264488e-02,1.651306031894856363e-01,3.491980706305131826e-02,4.619346270366236906e-02,-5.271797827223481669e-02,6.504201395807356345e-01
-1.028237412435264488e-02,1.651306031894856363e-01,3.491980706305131826e-02,4.619346270366236906e-02,-5.271797827223481669e-02,6.504201395807356345e-01
-1.028237412435264488e-02,1.651306031894856363e-01,3.491980706305131826e-02,4.619346270366236906e-02,-5.271797827223481669e-02,6.504201395807356345e-01
-1.028237412435264488e-02,1.651306031894856363e-01,3.491980706305131826e-02,4.619346270366236906e-02,-5.271797827223481669e-02,6.504201395807356345e-01
-1.028237412435264488e-02,1.651306031894856363e-01,3.491980706305131826e-02,4.619346270366236906e-02,-5.271797827223481669e-02,6.504201395807356345e-01
-2.335922884976680269e-01,6.492734041723242921e-02,2.310976501210336431e-01,-4.738860077387642422e-02,-3.494316217609348962e-01,5.647746807039930039e-02
-2.335922884976680269e-01,6.492734041723242921e-02,2.310976501210336431e-01,-4.738860077387642422e-02,-3.494316217609348962e-01,5.647746807039930039e-02
-2.335922884976680269e-01,6.492734041723242921e-02,2.310976501210336431e-01,-4.738860077387642422e-02,-3.494316217609348962e-01,5.647746807039930039e-02
-2.335922884976680269e-01,6.492734041723242921e-02,2.310976501210336431e-01,-4.738860077387642422e-02,-3.494316217609348962e-01,5.647746807039930039e-02
-2.335922884976680269e-01,6.492734041723242921e-02,2.310976501210336431e-01,-4.738860077387642422e-02,-3.494316217609348962e-01,5.647746807039930039e-02
6.837605294294879510e-02,-1.448173315635364888e-02,1.702874211214162603e-01,1.787948600712541136e+00,2.784543580953501296e-01,7.338024004759389207e-01
6.837605294294879510e-02,-1.448173315635364888e-02,1.702874211214162603e-01,1.787948600712541136e+00,2.784543580953501296e-01,7.338024004759389207e-01
6.837605294294879510e-02,-1.448173315635364888e-02,1.702874211214162603e-01,1.787948600712541136e+00,2.784543580953501296e-01,7.338024004759389207e-01
6.837605294294879510e-02,-1.448173315635364888e-02,1.702874211214162603e-01,1.787948600712541136e+00,2.784543580953501296e-01,7.338024004759389207e-01
6.837605294294879510e-02,-1.448173315635364888e-02,1.702874211214162603e-01,1.787948600712541136e+00,2.784543580953501296e-01,7.338024004759389207e-01
-3.148144456406333502e-02,7.201295835339630025e-02,-4.414881736805116759e-03,-1.096353361409846058e-03,-1.737801479550641626e-01,4.983119821752659551e-01
-3.148144456406333502e-02,7.201295835339630025e-02,-4.414881736805116759e-03,-1.096353361409846058e-03,-1.737801479550641626e-01,4.983119821752659551e-01
-3.148144456406333502e-02,7.201295835339630025e-02,-4.414881736805116759e-03,-1.096353361409846058e-03,-1.737801479550641626e-01,4.983119821752659551e-01
-3.148144456406333502e-02,7.201295835339630025e-02,-4.414881736805116759e-03,-1.096353361409846058e-03,-1.737801479550641626e-01,4.983119821752659551e-01
-3.148144456406333502e-02,7.201295835339630025e-02,-4.414881736805116759e-03,-1.096353361409846058e-03,-1.737801479550641626e-01,4.983119821752659551e-01
3.553047246970866130e-02,1.004302509121323544e-01,-2.807663640718668224e-02,6.630137930761199894e-02,-7.682769738686534566e-02,6.367445537589954130e-01
3.553047246970866130e-02,1.004302509121323544e-01,-2.807663640718668224e-02,6.630137930761199894e-02,-7.682769738686534566e-02,6.367445537589954130e-01
3.553047246970866130e-02,1.004302509121323544e-01,-2.807663640718668224e-02,6.630137930761199894e-02,-7.682769738686534566e-02,6.367445537589954130e-01
3.553047246970866130e-02,1.004302509121323544e-01,-2.807663640718668224e-02,6.630137930761199894e-02,-7.682769738686534566e-02,6.367445537589954130e-01
3.553047246970866130e-02,1.004302509121323544e-01,-2.807663640718668224e-02,6.630137930761199894e-02,-7.682769738686534566e-02,6.367445537589954130e-01
2.751287389678068115e-02,4.197519794320932890e-02,-1.329305106661249000e-02,-3.425271353889794423e-02,2.548658989437891861e-02,-1.399220685865449620e-01
2.751287389678068115e-02,4.197519794320932890e-02,-1.329305106661249000e-02,-3.425271353889794423e-02,2.548658989437891861e-02,-1.399220685865449620e-01
2.751287389678068115e-02,4.197519794320932890e-02,-1.329305106661249000e-02,-3.425271353889794423e-02,2.548658989437891861e-02,-1.399220685865449620e-01
2.751287389678068115e-02,4.197519794320932890e-02,-1.329305106661249000e-02,-3.425271353889794423e-02,2.548658989437891861e-02,-1.399220685865449620e-01
2.751287389678068115e-02,4.197519794320932890e-02,-1.329305106661249000e-02,-3.425271353889794423e-02,2.548658989437891861e-02,-1.399220685865449620e-01
-1.943143596260973535e-02,4.663344160798905264e-03,5.450184531211637456e-02,-9.133304337863136502e-02,-4.668741011268577601e-02,-2.004525984325303822e-01
-1.943143596260973535e-02,4.663344160798905264e-03,5.450184531211637456e-02,-9.133304337863136502e-02,-4.668741011268577601e-02,-2.004525984325303822e-01
-1.943143596260973535e-02,4.663344160798905264e-03,5.450184531211637456e-02,-9.133304337863136502e-02,-4.668741011268577601e-02,-2.004525984325303822e-01
-1.943143596260973535e-02,4.663344160798905264e-03,5.450184531211637456e-02,-9.133304337863136502e-02,-4.668741011268577601e-02,-2.004525984325303822e-01
-1.943143596260973535e-02,4.663344160798905264e-03,5.450184531211637456e-02,-9.133304337863136502e-02,-4.668741011268577601e-02,-2.004525984325303822e-01
1.510682508835737292e-01,5.642697015860256848e-02,3.000379236184496645e-01,2.617269849544242799e+00,8.992333064888678729e-02,8.290716456688640434e-01
1.510682508835737292e-01,5.642697015860256848e-02,3.000379236184496645e-01,2.617269849544242799e+00,8.992333064888678729e-02,8.290716456688640434e-01
1.510682508835737292e-01,5.642697015860256848e-02,3.000379236184496645e-01,2.617269849544242799e+00,8.992333064888678729e-02,8.290716456688640434e-01
1.510682508835737292e-01,5.642697015860256848e-02,3.000379236184496645e-01,2.617269849544242799e+00,8.992333064888678729e-02,8.290716456688640434e-01
1.510682508835737292e-01,5.642697015860256848e-02,3.000379236184496645e-01,2.617269849544242799e+00,8.992333064888678729e-02,8.290716456688640434e-01
4.170688810998477575e-02,2.021836037063472896e-02,-9.636435755978910167e-02,3.342390560495715757e-02,1.889277677946659406e-01,6.016476172168772063e-01
4.170688810998477575e-02,2.021836037063472896e-02,-9.636435755978910167e-02,3.342390560495715757e-02,1.889277677946659406e-01,6.016476172168772063e-01
4.170688810998477575e-02,2.021836037063472896e-02,-9.636435755978910167e-02,3.342390560495715757e-02,1.889277677946659406e-01,6.016476172168772063e-01
4.170688810998477575e-02,2.021836037063472896e-02,-9.636435755978910167e-02,3.342390560495715757e-02,1.889277677946659406e-01,6.016476172168772063e-01
4.170688810998477575e-02,2.021836037063472896e-02,-9.636435755978910167e-02,3.342390560495715757e-02,1.889277677946659406e-01,6.016476172168772063e-01
2.385359815508790449e-02,-4.832233825603651084e-02,-2.363742740866381711e-02,-6.213508606611095608e-02,2.843502052532441773e-02,-7.272976019346010261e-04
2.385359815508790449e-02,-4.832233825603651084e-02,-2.363742740866381711e-02,-6.213508606611095608e-02,2.843502052532441773e-02,-7.272976019346010261e-04
2.385359815508790449e-02,-4.832233825603651084e-02,-2.363742740866381711e-02,-6.213508606611095608e-02,2.843502052532441773e-02,-7.272976019346010261e-04
2.385359815508790449e-02,-4.832233825603651084e-02,-2.363742740866381711e-02,-6.213508606611095608e-02,2.843502052532441773e-02,-7.272976019346010261e-04
2.385359815508790449e-02,-4.832233825603651084e-02,-2.363742740866381711e-02,-6.213508606611095608e-02,2.843502052532441773e-02,-7.272976019346010261e-04
-8.798188170249772455e-02,-1.830489270768173582e-01,-5.137098333195960764e-02,-5.822948844495433318e-02,3.517036193111435782e-01,6.801001350042312765e-02
-8.798188170249772455e-02,-1.830489270768173582e-01,-5.137098333195960764e-02,-5.822948844495433318e-02,3.517036193111435782e-01,6.801001350042312765e-02
-8.798188170249772455e-02,-1.830489270768173582e-01,-5.137098333195960764e-02,-5.822948844495433318e-02,3.517036193111435782e-01,6.801001350042312765e-02
-8.798188170249772455e-02,-1.830489270768173582e-01,-5.137098333195960764e-02,-5.822948844495433318e-02,3.517036193111435782e-01,6.801001350042312765e-02
-8.798188170249772455e-02,-1.830489270768173582e-01,-5.137098333195960764e-02,-5.822948844495433318e-02,3.517036193111435782e-01,6.801001350042312765e-02
4.352259657447618557e-02,-1.695253638314515032e-01,-7.512988809019099934e-02,-5.908106371627616649e-02,1.683100095036604849e-01,2.324520462442042912e-01
4.352259657447618557e-02,-1.695253638314515032e-01,-7.512988809019099934e-02,-5.908106371627616649e-02,1.683100095036604849e-01,2.324520462442042912e-01
4.352259657447618557e-02,-1.695253638314515032e-01,-7.512988809019099934e-02,-5.908106371627616649e-02,1.683100095036604849e-01,2.324520462442042912e-01
4.352259657447618557e-02,-1.695253638314515032e-01,-7.512988809019099934e-02,-5.908106371627616649e-02,1.683100095036604849e-01,2.324520462442042912e-01
4.352259657447618557e-02,-1.695253638314515032e-01,-7.512988809019099934e-02,-5.908106371627616649e-02,1.683100095036604849e-01,2.324520462442042912e-01
-4.743198734907350111e-02,-1.749643768372450003e-01,-7.725538892821812165e-02,-5.996913312297934978e-02,1.622674034621199302e-01,-9.618030440829090921e-02
-4.743198734907350111e-02,-1.749643768372450003e-01,-7.725538892821812165e-02,-5.996913312297934978e-02,1.622674034621199302e-01,-9.618030440829090921e-02
-4.743198734907350111e-02,-1.749643768372450003e-01,-7.725538892821812165e-02,-5.996913312297934978e-02,1.622674034621199302e-01,-9.618030440829090921e-02
-4.743198734907350111e-02,-1.749643768372450003e-01,-7.725538892821812165e-02,-5.996913312297934978e-02,1.622674034621199302e-01,-9.618030440829090921e-02
-4.743198734907350111e-02,-1.749643768372450003e-01,-7.725538892821812165e-02,-5.996913312297934978e-02,1.622674034621199302e-01,-9.618030440829090921e-02
-1.709173457027408222e-02,-3.023536983553590934e-02,-1.495299364672126319e-01,-3.241603166514443746e-03,1.659045046450049743e-01,3.970188132956693483e-01
-1.709173457027408222e-02,-3.023536983553590934e-02,-1.495299364672126319e-01,-3.241603166514443746e-03,1.659045046450049743e-01,3.970188132956693483e-01
-1.709173457027408222e-02,-3.023536983553590934e-02,-1.495299364672126319e-01,-3.241603166514443746e-03,1.659045046450049743e-01,3.970188132956693483e-01
-1.709173457027408222e-02,-3.023536983553590934e-02,-1.495299364672126319e-01,-3.241603166514443746e-03,1.659045046450049743e-01,3.970188132956693483e-01
-1.709173457027408222e-02,-3.023536983553590934e-02,-1.495299364672126319e-01,-3.241603166514443746e-03,1.659045046450049743e-01,3.970188132956693483e-01
5.804229766572431559e-03,6.240413254335270415e-02,-1.146937324132693004e-01,1.440429427222366179e-02,-1.621614485300842262e-02,4.546156221158568767e-01
5.804229766572431559e-03,6.240413254335270415e-02,-1.146937324132693004e-01,1.440429427222366179e-02,-1.621614485300842262e-02,4.546156221158568767e-01
5.804229766572431559e-03,6.240413254335270415e-02,-1.146937324132693004e-01,1.440429427222366179e-02,-1.621614485300842262e-02,4.546156221158568767e-01
5.804229766572431559e-03,6.240413254335270415e-02,-1.146937324132693004e-01,1.440429427222366179e-02,-1.621614485300842262e-02,4.546156221158568767e-01
5.804229766572431559e-03,6.240413254335270415e-02,-1.146937324132693004e-01,1.440429427222366179e-02,-1.621614485300842262e-02,4.546156221158568767e-01
2.622393174525532514e-02,3.282445681985741992e-02,5.709778482380558490e-02,-1.078544542687529528e-01,-3.973667860332499857e-02,-8.554154862283834537e-02
2.622393174525532514e-02,3.282445681985741992e-02,5.709778482380558490e-02,-1.078544542687529528e-01,-3.973667860332499857e-02,-8.554154862283834537e-02
2.622393174525532514e-02,3.282445681985741992e-02,5.709778482380558490e-02,-1.078544542687529528e-01,-3.973667860332499857e-02,-8.554154862283834537e-02
2.622393174525532514e-02,3.282445681985741992e-02,5.709778482380558490e-02,-1.078544542687529528e-01,-3.973667860332499857e-02,-8.554154862283834537e-02
2.622393174525532514e-02,3.282445681985741992e-02,5.709778482380558490e-02,-1.078544542687529528e-01,-3.973667860332499857e-02,-8.554154862283834537e-02
-1.131166774609173448e-02,-1.441569890889654315e-01,-7.025245289341211508e-02,-5.927437864680350915e-02,2.698619633422940853e-02,-9.882701660207790506e-02
-1.131166774609173448e-02,-1.441569890889654315e-01,-7.025245289341211508e-02,-5.927437864680350915e-02,2.698619633422940853e-02,-9.882701660207790506e-02
-1.131166774609173448e-02,-1.441569890889654315e-01,-7.025245289341211508e-02,-5.927437864680350915e-02,2.698619633422940853e-02,-9.882701660207790506e-02
-1.131166774609173448e-02,-1.441569890889654315e-01,-7.025245289341211508e-02,-5.927437864680350915e-02,2.698619633422940853e-02,-9.882701660207790506e-02
-1.131166774609173448e-02,-1.441569890889654315e-01,-7.025245289341211508e-02,-5.927437864680350915e-02,2.698619633422940853e-02,-9.882701660207790506e-02
-1.359521530224019892e-01,8.998663406320245306e-02,1.297705768876041832e-01,-9.711288225547186348e-02,-9.384640811858980733e-03,-3.980628851296347248e-01
-1.359521530224019892e-01,8.998663406320245306e-02,1.297705768876041832e-01,-9.711288225547186348e-02,-9.384640811858980733e-03,-3.980628851296347248e-01
-1.359521530224019892e-01,8.998663406320245306e-02,1.297705768876041832e-01,-9.711288225547186348e-02,-9.384640811858980733e-03,-3.980628851296347248e-01
-1.359521530224019892e-01,8.998663406320245306e-02,1.297705768876041832e-01,-9.711288225547186348e-02,-9.384640811858980733e-03,-3.980628851296347248e-01
-1.359521530224019892e-01,8.998663406320245306e-02,1.297705768876041832e-01,-9.711288225547186348e-02,-9.384640811858980733e-03,-3.980628851296347248e-01
1.822736468594096382e-01,-4.306920383435140082e-02,-9.052183174155808976e-02,-6.257041487066429541e-02,6.645136308436215555e-02,5.399895588903732557e-01
1.822736468594096382e-01,-4.306920383435140082e-02,-9.052183174155808976e-02,-6.257041487066429541e-02,6.645136308436215555e-02,5.399895588903732557e-01
1.822736468594096382e-01,-4.306920383435140082e-02,-9.052183174155808976e-02,-6.257041487066429541e-02,6.645136308436215555e-02,5.399895588903732557e-01
1.822736468594096382e-01,-4.306920383435140082e-02,-9.052183174155808976e-02,-6.257041487066429541e-02,6.645136308436215555e-02,5.399895588903732557e-01
1.822736468594096382e-01,-4.306920383435140082e-02,-9.052183174155808976e-02,-6.257041487066429541e-02,6.645136308436215555e-02,5.399895588903732557e-01
-4.374650621932982264e-02,-1.247580472346608293e-01,4.509432639626190231e-02,-4.253109847817779232e-03,4.984829406046124012e-01,4.645606614137962609e-01
-4.374650621932982264e-02,-1.247580472346608293e-01,4.509432639626190231e-02,-4.253109847817779232e-03,4.984829406046124012e-01,4.645606614137962609e-01
-4.374650621932982264e-02,-1.247580472346608293e-01,4.509432639626190231e-02,-4.253109847817779232e-03,4.984829406046124012e-01,4.645606614137962609e-01
-4.374650621932982264e-02,-1.247580472346608293e-01,4.509432639626190231e-02,-4.253109847817779232e-03,4.984829406046124012e-01,4.645606614137962609e-01
-4.374650621932982264e-02,-1.247580472346608293e-01,4.509432639626190231e-02,-4.253109847817779232e-03,4.984829406046124012e-01,4.645606614137962609e-01
1.541096180936200044e-01,-3.659384519182053153e-02,-8.144361578203121455e-02,-6.258069121860003470e-02,6.367464128747299390e-02,4.901885417942346557e-01
1.541096180936200044e-01,-3.659384519182053153e-02,-8.144361578203121455e-02,-6.258069121860003470e-02,6.367464128747299390e-02,4.901885417942346557e-01
1.541096180936200044e-01,-3.659384519182053153e-02,-8.144361578203121455e-02,-6.258069121860003470e-02,6.367464128747299390e-02,4.901885417942346557e-01
1.541096180936200044e-01,-3.659384519182053153e-02,-8.144361578203121455e-02,-6.258069121860003470e-02,6.367464128747299390e-02,4.901885417942346557e-01
1.541096180936200044e-01,-3.659384519182053153e-02,-8.144361578203121455e-02,-6.258069121860003470e-02,6.367464128747299390e-02,4.901885417942346557e-01
2.412862072709894001e-02,7.016296206235157762e-02,5.595583196511490220e-02,-1.196940113145412987e-01,-3.885248685500656413e-02,-1.121111023844801879e-01
2.412862072709894001e-02,7.016296206235157762e-02,5.595583196511490220e-02,-1.196940113145412987e-01,-3.885248685500656413e-02,-1.121111023844801879e-01
2.412862072709894001e-02,7.016296206235157762e-02,5.595583196511490220e-02,-1.196940113145412987e-01,-3.885248685500656413e-02,-1.121111023844801879e-01
2.412862072709894001e-02,7.016296206235157762e-02,5.595583196511490220e-02,-1.196940113145412987e-01,-3.885248685500656413e-02,-1.121111023844801879e-01
2.412862072709894001e-02,7.016296206235157762e-02,5.595583196511490220e-02,-1.196940113145412987e-01,-3.885248685500656413e-02,-1.121111023844801879e-01
1.436367766673988799e-01,1.578330611135428663e-01,4.077937538490826741e-01,1.576922639878924615e-01,-3.477696400844314251e-02,9.027602424352774158e-01
1.436367766673988799e-01,1.578330611135428663e-01,4.077937538490826741e-01,1.576922639878924615e-01,-3.477696400844314251e-02,9.027602424352774158e-01
1.436367766673988799e-01,1.578330611135428663e-01,4.077937538490826741e-01,1.576922639878924615e-01,-3.477696400844314251e-02,9.027602424352774158e-01
1.436367766673988799e-01,1.578330611135428663e-01,4.077937538490826741e-01,1.576922639878924615e-01,-3.477696400844314251e-02,9.027602424352774158e-01
1.436367766673988799e-01,1.578330611135428663e-01,4.077937538490826741e-01,1.576922639878924615e-01,-3.477696400844314251e-02,9.027602424352774158e-01
-8.457648082193212902e-02,-1.574769419890092448e-01,5.835887029013248073e-03,-5.078897519369590663e-02,4.967150259581714078e-01,3.220717564268095190e-01
-8.457648082193212902e-02,-1.574769419890092448e-01,5.835887029013248073e-03,-5.078897519369590663e-02,4.967150259581714078e-01,3.220717564268095190e-01
-8.457648082193212902e-02,-1.574769419890092448e-01,5.835887029013248073e-03,-5.078897519369590663e-02,4.967150259581714078e-01,3.220717564268095190e-01
-8.457648082193212902e-02,-1.574769419890092448e-01,5.835887029013248073e-03,-5.078897519369590663e-02,4.967150259581714078e-01,3.220717564268095190e-01
-8.457648082193212902e-02,-1.574769419890092448e-01,5.835887029013248073e-03,-5.078897519369590663e-02,4.967150259581714078e-01,3.220717564268095190e-01
1.769158593234816945e-01,-2.517018973680021365e-02,-3.580573180152882284e-02,-6.340753367793799944e-02,6.994685509901972520e-02,5.241100212792085822e-01
1.769158593234816945e-01,-2.517018973680021365e-02,-3.580573180152882284e-02,-6.340753367793799944e-02,6.994685509901972520e-02,5.241100212792085822e-01
1.769158593234816945e-01,-2.517018973680021365e-02,-3.580573180152882284e-02,-6.340753367793799944e-02,6.994685509901972520e-02,5.241100212792085822e-01
1.769158593234816945e-01,-2.517018973680021365e-02,-3.580573180152882284e-02,-6.340753367793799944e-02,6.994685509901972520e-02,5.241100212792085822e-01
1.769158593234816945e-01,-2.517018973680021365e-02,-3.580573180152882284e-02,-6.340753367793799944e-02,6.994685509901972520e-02,5.241100212792085822e-01
-9.878265712930035802e-02,7.160067434225765581e-02,1.586010904480822936e-01,-5.527718496682009625e-02,-2.269904796523296645e-02,-2.902763688833813194e-01
-9.878265712930035802e-02,7.160067434225765581e-02,1.586010904480822936e-01,-5.527718496682009625e-02,-2.269904796523296645e-02,-2.902763688833813194e-01
-9.878265712930035802e-02,7.160067434225765581e-02,1.586010904480822936e-01,-5.527718496682009625e-02,-2.269904796523296645e-02,-2.902763688833813194e-01
-9.878265712930035802e-02,7.160067434225765581e-02,1.586010904480822936e-01,-5.527718496682009625e-02,-2.269904796523296645e-02,-2.902763688833813194e-01
-9.878265712930035802e-02,7.160067434225765581e-02,1.586010904480822936e-01,-5.527718496682009625e-02,-2.269904796523296645e-02,-2.902763688833813194e-01
9.777885546082491774e-02,-1.019829586178745001e-02,1.589225737891880041e-01,2.333892935573216310e+00,2.939803173892885368e-01,7.404742719852575039e-01
9.777885546082491774e-02,-1.019829586178745001e-02,1.589225737891880041e-01,2.333892935573216310e+00,2.939803173892885368e-01,7.404742719852575039e-01
9.777885546082491774e-02,-1.019829586178745001e-02,1.589225737891880041e-01,2.333892935573216310e+00,2.939803173892885368e-01,7.404742719852575039e-01
9.777885546082491774e-02,-1.019829586178745001e-02,1.589225737891880041e-01,2.333892935573216310e+00,2.939803173892885368e-01,7.404742719852575039e-01
9.777885546082491774e-02,-1.019829586178745001e-02,1.589225737891880041e-01,2.333892935573216310e+00,2.939803173892885368e-01,7.404742719852575039e-01
-2.371125216015934345e-01,7.242305099625478970e-02,2.176768016054408672e-01,-6.641472715431592788e-02,-1.999268549404820960e-01,-2.786506661442336719e-01
-2.371125216015934345e-01,7.242305099625478970e-02,2.176768016054408672e-01,-6.641472715431592788e-02,-1.999268549404820960e-01,-2.786506661442336719e-01
-2.371125216015934345e-01,7.242305099625478970e-02,2.176768016054408672e-01,-6.641472715431592788e-02,-1.999268549404820960e-01,-2.786506661442336719e-01
-2.371125216015934345e-01,7.242305099625478970e-02,2.176768016054408672e-01,-6.641472715431592788e-02,-1.999268549404820960e-01,-2.786506661442336719e-01
-2.371125216015934345e-01,7.242305099625478970e-02,2.176768016054408672e-01,-6.641472715431592788e-02,-1.999268549404820960e-01,-2.786506661442336719e-01
-9.536115943128313510e-02,5.942428119580245305e-02,1.278419879676501725e-01,-1.163454160374584150e-02,-2.223866150486674964e-01,3.451050322920322655e-01
-9.536115943128313510e-02,5.942428119580245305e-02,1.278419879676501725e-01,-1.163454160374584150e-02,-2.223866150486674964e-01,3.451050322920322655e-01
-9.536115943128313510e-02,5.942428119580245305e-02,1.278419879676501725e-01,-1.163454160374584150e-02,-2.223866150486674964e-01,3.451050322920322655e-01
-9.536115943128313510e-02,5.942428119580245305e-02,1.278419879676501725e-01,-1.163454160374584150e-02,-2.223866150486674964e-01,3.451050322920322655e-01
-9.536115943128313510e-02,5.942428119580245305e-02,1.278419879676501725e-01,-1.163454160374584150e-02,-2.223866150486674964e-01,3.451050322920322655e-01
-1.493271250684102269e-01,8.871560540565560926e-02,1.353124541008826620e-01,-1.138999529316452458e-01,-7.094874657184152555e-02,-3.272854626792174315e-01
-1.493271250684102269e-01,8.871560540565560926e-02,1.353124541008826620e-01,-1.138999529316452458e-01,-7.094874657184152555e-02,-3.272854626792174315e-01
-1.493271250684102269e-01,8.871560540565560926e-02,1.353124541008826620e-01,-1.138999529316452458e-01,-7.094874657184152555e-02,-3.272854626792174315e-01
-1.493271250684102269e-01,8.871560540565560926e-02,1.353124541008826620e-01,-1.138999529316452458e-01,-7.094874657184152555e-02,-3.272854626792174315e-01
-1.493271250684102269e-01,8.871560540565560926e-02,1.353124541008826620e-01,-1.138999529316452458e-01,-7.094874657184152555e-02,-3.272854626792174315e-01
-8.170822300852818854e-02,9.584758867248600878e-02,8.580226472014559902e-02,-1.135290331033013689e-01,-1.742775610117717339e-02,-3.283490029834243984e-01
-8.170822300852818854e-02,9.584758867248600878e-02,8.580226472014559902e-02,-1.135290331033013689e-01,-1.742775610117717339e-02,-3.283490029834243984e-01
-8.170822300852818854e-02,9.584758867248600878e-02,8.580226472014559902e-02,-1.135290331033013689e-01,-1.742775610117717339e-02,-3.283490029834243984e-01
-8.170822300852818854e-02,9.584758867248600878e-02,8.580226472014559902e-02,-1.135290331033013689e-01,-1.742775610117717339e-02,-3.283490029834243984e-01
-8.170822300852818854e-02,9.584758867248600878e-02,8.580226472014559902e-02,-1.135290331033013689e-01,-1.742775610117717339e-02,-3.283490029834243984e-01
6.393855037066908942e-03,6.417340305327619288e-02,-1.210734999900145437e-01,1.136484383485793920e-02,4.980108404348671663e-02,4.194393819287670633e-01
6.393855037066908942e-03,6.417340305327619288e-02,-1.210734999900145437e-01,1.136484383485793920e-02,4.980108404348671663e-02,4.194393819287670633e-01
6.393855037066908942e-03,6.417340305327619288e-02,-1.210734999900145437e-01,1.136484383485793920e-02,4.980108404348671663e-02,4.194393819287670633e-01
6.393855037066908942e-03,6.417340305327619288e-02,-1.210734999900145437e-01,1.136484383485793920e-02,4.980108404348671663e-02,4.194393819287670633e-01
6.393855037066908942e-03,6.417340305327619288e-02,-1.210734999900145437e-01,1.136484383485793920e-02,4.980108404348671663e-02,4.194393819287670633e-01
2.638905774666565340e-02,-9.208458806887169501e-02,-6.556206754649836210e-02,-6.108221983676073025e-02,1.703448097491467791e-02,1.388863409378503916e-02
2.638905774666565340e-02,-9.208458806887169501e-02,-6.556206754649836210e-02,-6.108221983676073025e-02,1.703448097491467791e-02,1.388863409378503916e-02
2.638905774666565340e-02,-9.208458806887169501e-02,-6.556206754649836210e-02,-6.108221983676073025e-02,1.703448097491467791e-02,1.388863409378503916e-02
2.638905774666565340e-02,-9.208458806887169501e-02,-6.556206754649836210e-02,-6.108221983676073025e-02,1.703448097491467791e-02,1.388863409378503916e-02
2.638905774666565340e-02,-9.208458806887169501e-02,-6.556206754649836210e-02,-6.108221983676073025e-02,1.703448097491467791e-02,1.388863409378503916e-02
1.056248269274794177e-01,-1.697695564848057670e-02,1.243266965354712650e-02,7.040768626210028303e-02,3.578981320166108038e-01,6.724027260196774325e-01
1.056248269274794177e-01,-1.697695564848057670e-02,1.243266965354712650e-02,7.040768626210028303e-02,3.578981320166108038e-01,6.724027260196774325e-01
1.056248269274794177e-01,-1.697695564848057670e-02,1.243266965354712650e-02,7.040768626210028303e-02,3.578981320166108038e-01,6.724027260196774325e-01
1.056248269274794177e-01,-1.697695564848057670e-02,1.243266965354712650e-02,7.040768626210028303e-02,3.578981320166108038e-01,6.724027260196774325e-01
1.056248269274794177e-01,-1.697695564848057670e-02,1.243266965354712650e-02,7.040768626210028303e-02,3.578981320166108038e-01,6.724027260196774325e-01
6.063463282781528935e-02,2.244219246797062861e-01,3.187124501548133093e-01,7.707011800184032646e-02,-6.229776414085359121e-03,8.222827137161591304e-01
6.063463282781528935e-02,2.244219246797062861e-01,3.187124501548133093e-01,7.707011800184032646e-02,-6.229776414085359121e-03,8.222827137161591304e-01
6.063463282781528935e-02,2.244219246797062861e-01,3.187124501548133093e-01,7.707011800184032646e-02,-6.229776414085359121e-03,8.222827137161591304e-01
6.063463282781528935e-02,2.244219246797062861e-01,3.187124501548133093e-01,7.707011800184032646e-02,-6.229776414085359121e-03,8.222827137161591304e-01
6.063463282781528935e-02,2.244219246797062861e-01,3.187124501548133093e-01,7.707011800184032646e-02,-6.229776414085359121e-03,8.222827137161591304e-01
-2.561829625358250651e-01,6.700379502132701448e-02,2.228727416695321928e-01,-6.295117990399713703e-02,-2.996825893667425245e-01,-1.060081462978862132e-01
-2.561829625358250651e-01,6.700379502132701448e-02,2.228727416695321928e-01,-6.295117990399713703e-02,-2.996825893667425245e-01,-1.060081462978862132e-01
-2.561829625358250651e-01,6.700379502132701448e-02,2.228727416695321928e-01,-6.295117990399713703e-02,-2.996825893667425245e-01,-1.060081462978862132e-01
-2.561829625358250651e-01,6.700379502132701448e-02,2.228727416695321928e-01,-6.295117990399713703e-02,-2.996825893667425245e-01,-1.060081462978862132e-01
-2.561829625358250651e-01,6.700379502132701448e-02,2.228727416695321928e-01,-6.295117990399713703e-02,-2.996825893667425245e-01,-1.060081462978862132e-01
1.196797485945244321e-01,6.700214895563287587e-02,4.360029805878472969e-02,7.247743042790216750e-02,4.791629048097355292e-02,7.061414008544413257e-01
1.196797485945244321e-01,6.700214895563287587e-02,4.360029805878472969e-02,7.247743042790216750e-02,4.791629048097355292e-02,7.061414008544413257e-01
1.196797485945244321e-01,6.700214895563287587e-02,4.360029805878472969e-02,7.247743042790216750e-02,4.791629048097355292e-02,7.061414008544413257e-01
1.196797485945244321e-01,6.700214895563287587e-02,4.360029805878472969e-02,7.247743042790216750e-02,4.791629048097355292e-02,7.061414008544413257e-01
1.196797485945244321e-01,6.700214895563287587e-02,4.360029805878472969e-02,7.247743042790216750e-02,4.791629048097355292e-02,7.061414008544413257e-01
1.443905884148206920e-01,-4.642715973195675472e-03,1.118760391124214854e-01,2.887146549297201492e-01,3.222789003417879106e-01,7.444262653906815741e-01
1.443905884148206920e-01,-4.642715973195675472e-03,1.118760391124214854e-01,2.887146549297201492e-01,3.222789003417879106e-01,7.444262653906815741e-01
1.443905884148206920e-01,-4.642715973195675472e-03,1.118760391124214854e-01,2.887146549297201492e-01,3.222789003417879106e-01,7.444262653906815741e-01
1.443905884148206920e-01,-4.642715973195675472e-03,1.118760391124214854e-01,2.887146549297201492e-01,3.222789003417879106e-01,7.444262653906815741e-01
1.443905884148206920e-01,-4.642715973195675472e-03,1.118760391124214854e-01,2.887146549297201492e-01,3.222789003417879106e-01,7.444262653906815741e-01
5.226495039422734967e-02,-6.435216897262352465e-02,6.160256705291000667e-02,2.618854622884853267e+00,4.559066506656997975e-01,6.318160842434423774e-01
5.226495039422734967e-02,-6.435216897262352465e-02,6.160256705291000667e-02,2.618854622884853267e+00,4.559066506656997975e-01,6.318160842434423774e-01
5.226495039422734967e-02,-6.435216897262352465e-02,6.160256705291000667e-02,2.618854622884853267e+00,4.559066506656997975e-01,6.318160842434423774e-01
5.226495039422734967e-02,-6.435216897262352465e-02,6.160256705291000667e-02,2.618854622884853267e+00,4.559066506656997975e-01,6.318160842434423774e-01
5.226495039422734967e-02,-6.435216897262352465e-02,6.160256705291000667e-02,2.618854622884853267e+00,4.559066506656997975e-01,6.318160842434423774e-01
1.132490572097279505e-02,1.598018208946397345e-01,1.684852493143513819e-01,6.894828083118077766e-02,-8.588830914954401208e-02,7.082700894856076568e-01
1.132490572097279505e-02,1.598018208946397345e-01,1.684852493143513819e-01,6.894828083118077766e-02,-8.588830914954401208e-02,7.082700894856076568e-01
1.132490572097279505e-02,1.598018208946397345e-01,1.684852493143513819e-01,6.894828083118077766e-02,-8.588830914954401208e-02,7.082700894856076568e-01
1.132490572097279505e-02,1.598018208946397345e-01,1.684852493143513819e-01,6.894828083118077766e-02,-8.588830914954401208e-02,7.082700894856076568e-01
1.132490572097279505e-02,1.598018208946397345e-01,1.684852493143513819e-01,6.894828083118077766e-02,-8.588830914954401208e-02,7.082700894856076568e-01
-2.950798259761577835e-03,5.428256520618853637e-02,1.561589048477296515e-02,-2.820001498719617097e-02,3.477035849492586539e-02,-7.684773310798115320e-02
-2.950798259761577835e-03,5.428256520618853637e-02,1.561589048477296515e-02,-2.820001498719617097e-02,3.477035849492586539e-02,-7.684773310798115320e-02
-2.950798259761577835e-03,5.428256520618853637e-02,1.561589048477296515e-02,-2.820001498719617097e-02,3.477035849492586539e-02,-7.684773310798115320e-02
-2.950798259761577835e-03,5.428256520618853637e-02,1.561589048477296515e-02,-2.820001498719617097e-02,3.477035849492586539e-02,-7.684773310798115320e-02
-2.950798259761577835e-03,5.428256520618853637e-02,1.561589048477296515e-02,-2.820001498719617097e-02,3.477035849492586539e-02,-7.684773310798115320e-02
1.032966609371959305e-01,1.800602518185036582e-01,3.803675123925822077e-01,7.958866352023548363e-02,-5.460828587974062009e-02,8.733783966690649159e-01
1.032966609371959305e-01,1.800602518185036582e-01,3.803675123925822077e-01,7.958866352023548363e-02,-5.460828587974062009e-02,8.733783966690649159e-01
1.032966609371959305e-01,1.800602518185036582e-01,3.803675123925822077e-01,7.958866352023548363e-02,-5.460828587974062009e-02,8.733783966690649159e-01
1.032966609371959305e-01,1.800602518185036582e-01,3.803675123925822077e-01,7.958866352023548363e-02,-5.460828587974062009e-02,8.733783966690649159e-01
1.032966609371959305e-01,1.800602518185036582e-01,3.803675123925822077e-01,7.958866352023548363e-02,-5.460828587974062009e-02,8.733783966690649159e-01
8.895828113521721259e-02,-7.747144133637607136e-03,1.203859729729188366e-02,-7.082335009669145365e-02,6.288060136696468905e-02,2.606496056849466614e-01
8.895828113521721259e-02,-7.747144133637607136e-03,1.203859729729188366e-02,-7.082335009669145365e-02,6.288060136696468905e-02,2.606496056849466614e-01
8.895828113521721259e-02,-7.747144133637607136e-03,1.203859729729188366e-02,-7.082335009669145365e-02,6.288060136696468905e-02,2.606496056849466614e-01
8.895828113521721259e-02,-7.747144133637607136e-03,1.203859729729188366e-02,-7.082335009669145365e-02,6.288060136696468905e-02,2.606496056849466614e-01
8.895828113521721259e-02,-7.747144133637607136e-03,1.203859729729188366e-02,-7.082335009669145365e-02,6.288060136696468905e-02,2.606496056849466614e-01
-3.222872568810862537e-02,6.241068481349645175e-02,-2.108825361271922730e-02,6.194602319347166340e-03,-1.112450762797399240e-01,4.197470418707124340e-01
-3.222872568810862537e-02,6.241068481349645175e-02,-2.108825361271922730e-02,6.194602319347166340e-03,-1.112450762797399240e-01,4.197470418707124340e-01
-3.222872568810862537e-02,6.241068481349645175e-02,-2.108825361271922730e-02,6.194602319347166340e-03,-1.112450762797399240e-01,4.197470418707124340e-01
-3.222872568810862537e-02,6.241068481349645175e-02,-2.108825361271922730e-02,6.194602319347166340e-03,-1.112450762797399240e-01,4.197470418707124340e-01
-3.222872568810862537e-02,6.241068481349645175e-02,-2.108825361271922730e-02,6.194602319347166340e-03,-1.112450762797399240e-01,4.197470418707124340e-01
-1.494828188731008208e-02,1.781211785201560205e-01,1.337384963230248136e-01,6.648721912855390381e-02,-2.857279625345117424e-02,6.855587066736458235e-01
-1.494828188731008208e-02,1.781211785201560205e-01,1.337384963230248136e-01,6.648721912855390381e-02,-2.857279625345117424e-02,6.855587066736458235e-01
-1.494828188731008208e-02,1.781211785201560205e-01,1.337384963230248136e-01,6.648721912855390381e-02,-2.857279625345117424e-02,6.855587066736458235e-01
-1.494828188731008208e-02,1.781211785201560205e-01,1.337384963230248136e-01,6.648721912855390381e-02,-2.857279625345117424e-02,6.855587066736458235e-01
-1.494828188731008208e-02,1.781211785201560205e-01,1.337384963230248136e-01,6.648721912855390381e-02,-2.857279625345117424e-02,6.855587066736458235e-01
1.499917881328003723e-02,2.071113357799315990e-02,1.547660395376313641e-02,-5.089009988600222412e-02,-5.393369016182327468e-03,-2.167901454410732787e-01
1.499917881328003723e-02,2.071113357799315990e-02,1.547660395376313641e-02,-5.089009988600222412e-02,-5.393369016182327468e-03,-2.167901454410732787e-01
1.499917881328003723e-02,2.071113357799315990e-02,1.547660395376313641e-02,-5.089009988600222412e-02,-5.393369016182327468e-03,-2.167901454410732787e-01
1.499917881328003723e-02,2.071113357799315990e-02,1.547660395376313641e-02,-5.089009988600222412e-02,-5.393369016182327468e-03,-2.167901454410732787e-01
1.499917881328003723e-02,2.071113357799315990e-02,1.547660395376313641e-02,-5.089009988600222412e-02,-5.393369016182327468e-03,-2.167901454410732787e-01
-1.477329756028036151e-02,-7.166682484036197842e-02,-7.920413359234891593e-02,-3.928856306894350746e-03,4.109046535441897574e-01,4.871113170009843674e-01
-1.477329756028036151e-02,-7.166682484036197842e-02,-7.920413359234891593e-02,-3.928856306894350746e-03,4.109046535441897574e-01,4.871113170009843674e-01
-1.477329756028036151e-02,-7.166682484036197842e-02,-7.920413359234891593e-02,-3.928856306894350746e-03,4.109046535441897574e-01,4.871113170009843674e-01
-1.477329756028036151e-02,-7.166682484036197842e-02,-7.920413359234891593e-02,-3.928856306894350746e-03,4.109046535441897574e-01,4.871113170009843674e-01
-1.477329756028036151e-02,-7.166682484036197842e-02,-7.920413359234891593e-02,-3.928856306894350746e-03,4.109046535441897574e-01,4.871113170009843674e-01
-2.573396241113352634e-01,7.712969600136782011e-02,1.818778574693827033e-01,-9.581399982930265125e-02,-1.630792811391386654e-01,-2.887306590412892504e-01
-2.573396241113352634e-01,7.712969600136782011e-02,1.818778574693827033e-01,-9.581399982930265125e-02,-1.630792811391386654e-01,-2.887306590412892504e-01
-2.573396241113352634e-01,7.712969600136782011e-02,1.818778574693827033e-01,-9.581399982930265125e-02,-1.630792811391386654e-01,-2.887306590412892504e-01
-2.573396241113352634e-01,7.712969600136782011e-02,1.818778574693827033e-01,-9.581399982930265125e-02,-1.630792811391386654e-01,-2.887306590412892504e-01
-2.573396241113352634e-01,7.712969600136782011e-02,1.818778574693827033e-01,-9.581399982930265125e-02,-1.630792811391386654e-01,-2.887306590412892504e-01
1.120996156579729952e-01,1.280781215354855340e-01,3.185119596028027633e-01,1.617361838190098711e+00,3.404406418878989926e-02,8.623762497557103668e-01
1.120996156579729952e-01,1.280781215354855340e-01,3.185119596028027633e-01,1.617361838190098711e+00,3.404406418878989926e-02,8.623762497557103668e-01
1.120996156579729952e-01,1.280781215354855340e-01,3.185119596028027633e-01,1.617361838190098711e+00,3.404406418878989926e-02,8.623762497557103668e-01
1.120996156579729952e-01,1.280781215354855340e-01,3.185119596028027633e-01,1.617361838190098711e+00,3.404406418878989926e-02,8.623762497557103668e-01
1.120996156579729952e-01,1.280781215354855340e-01,3.185119596028027633e-01,1.617361838190098711e+00,3.404406418878989926e-02,8.623762497557103668e-01
-2.326161962237752179e-01,8.163882254227926294e-02,1.705406611370421099e-01,-9.912376572021035226e-02,-1.185137955137180871e-01,-3.288117541272170818e-01
-2.326161962237752179e-01,8.163882254227926294e-02,1.705406611370421099e-01,-9.912376572021035226e-02,-1.185137955137180871e-01,-3.288117541272170818e-01
-2.326161962237752179e-01,8.163882254227926294e-02,1.705406611370421099e-01,-9.912376572021035226e-02,-1.185137955137180871e-01,-3.288117541272170818e-01
-2.326161962237752179e-01,8.163882254227926294e-02,1.705406611370421099e-01,-9.912376572021035226e-02,-1.185137955137180871e-01,-3.288117541272170818e-01
-2.326161962237752179e-01,8.163882254227926294e-02,1.705406611370421099e-01,-9.912376572021035226e-02,-1.185137955137180871e-01,-3.288117541272170818e-01
-6.596048314432936821e-02,-1.684561788962777862e-01,-2.674906599035078991e-02,-5.314383594348377066e-02,4.044218301834866525e-01,2.308635266963455224e-01
-6.596048314432936821e-02,-1.684561788962777862e-01,-2.674906599035078991e-02,-5.314383594348377066e-02,4.044218301834866525e-01,2.308635266963455224e-01
-6.596048314432936821e-02,-1.684561788962777862e-01,-2.674906599035078991e-02,-5.314383594348377066e-02,4.044218301834866525e-01,2.308635266963455224e-01
-6.596048314432936821e-02,-1.684561788962777862e-01,-2.674906599035078991e-02,-5.314383594348377066e-02,4.044218301834866525e-01,2.308635266963455224e-01
-6.596048314432936821e-02,-1.684561788962777862e-01,-2.674906599035078991e-02,-5.314383594348377066e-02,4.044218301834866525e-01,2.308635266963455224e-01
1.261484982218080142e-01,8.950891656236588390e-02,1.527494757509295920e-01,7.215566209076630655e-02,-8.702104873113172823e-02,7.270931712399142377e-01
1.261484982218080142e-01,8.950891656236588390e-02,1.527494757509295920e-01,7.215566209076630655e-02,-8.702104873113172823e-02,7.270931712399142377e-01
1.261484982218080142e-01,8.950891656236588390e-02,1.527494757509295920e-01,7.215566209076630655e-02,-8.702104873113172823e-02,7.270931712399142377e-01
1.261484982218080142e-01,8.950891656236588390e-02,1.527494757509295920e-01,7.215566209076630655e-02,-8.702104873113172823e-02,7.270931712399142377e-01
1.261484982218080142e-01,8.950891656236588390e-02,1.527494757509295920e-01,7.215566209076630655e-02,-8.702104873113172823e-02,7.270931712399142377e-01
-1.860163749721828741e-01,7.537229102211943921e-02,1.990696583520690233e-01,-6.899784695091153164e-02,-1.179953301331275600e-01,-3.300499418367583981e-01
-1.860163749721828741e-01,7.537229102211943921e-02,1.990696583520690233e-01,-6.899784695091153164e-02,-1.179953301331275600e-01,-3.300499418367583981e-01
-1.860163749721828741e-01,7.537229102211943921e-02,1.990696583520690233e-01,-6.899784695091153164e-02,-1.179953301331275600e-01,-3.300499418367583981e-01
-1.860163749721828741e-01,7.537229102211943921e-02,1.990696583520690233e-01,-6.899784695091153164e-02,-1.179953301331275600e-01,-3.300499418367583981e-01
-1.860163749721828741e-01,7.537229102211943921e-02,1.990696583520690233e-01,-6.899784695091153164e-02,-1.179953301331275600e-01,-3.300499418367583981e-01
1.216226192241585957e-01,-1.580424258884292055e-01,-8.929463220297104153e-02,-5.905570104681346494e-02,1.213536898124123464e-01,4.029593255988974665e-01
1.216226192241585957e-01,-1.580424258884292055e-01,-8.929463220297104153e-02,-5.905570104681346494e-02,1.213536898124123464e-01,4.029593255988974665e-01
1.216226192241585957e-01,-1.580424258884292055e-01,-8.929463220297104153e-02,-5.905570104681346494e-02,1.213536898124123464e-01,4.029593255988974665e-01
1.216226192241585957e-01,-1.580424258884292055e-01,-8.929463220297104153e-02,-5.905570104681346494e-02,1.213536898124123464e-01,4.029593255988974665e-01
1.216226192241585957e-01,-1.580424258884292055e-01,-8.929463220297104153e-02,-5.905570104681346494e-02,1.213536898124123464e-01,4.029593255988974665e-01
-1.376281767681400980e-01,8.932842089134702956e-02,1.319380863393368464e-01,-1.163489225349864653e-01,-7.537653462187166031e-02,-3.171999141258836641e-01
-1.376281767681400980e-01,8.932842089134702956e-02,1.319380863393368464e-01,-1.163489225349864653e-01,-7.537653462187166031e-02,-3.171999141258836641e-01
-1.376281767681400980e-01,8.932842089134702956e-02,1.319380863393368464e-01,-1.163489225349864653e-01,-7.537653462187166031e-02,-3.171999141258836641e-01
-1.376281767681400980e-01,8.932842089134702956e-02,1.319380863393368464e-01,-1.163489225349864653e-01,-7.537653462187166031e-02,-3.171999141258836641e-01
-1.376281767681400980e-01,8.932842089134702956e-02,1.319380863393368464e-01,-1.163489225349864653e-01,-7.537653462187166031e-02,-3.171999141258836641e-01
3.139022297091394881e-03,8.679957316833780689e-02,-1.663069014586648631e-01,3.689781004592997821e-02,-7.659375475019920831e-02,5.443859082080234613e-01
3.139022297091394881e-03,8.679957316833780689e-02,-1.663069014586648631e-01,3.689781004592997821e-02,-7.659375475019920831e-02,5.443859082080234613e-01
3.139022297091394881e-03,8.679957316833780689e-02,-1.663069014586648631e-01,3.689781004592997821e-02,-7.659375475019920831e-02,5.443859082080234613e-01
3.139022297091394881e-03,8.679957316833780689e-02,-1.663069014586648631e-01,3.689781004592997821e-02,-7.659375475019920831e-02,5.443859082080234613e-01
3.139022297091394881e-03,8.679957316833780689e-02,-1.663069014586648631e-01,3.689781004592997821e-02,-7.659375475019920831e-02,5.443859082080234613e-01
1.084473403627682353e-01,6.368526756531733835e-02,2.919122840554884135e-01,1.663825288397801305e+00,9.116659975298128937e-02,8.353972210202731397e-01
1.084473403627682353e-01,6.368526756531733835e-02,2.919122840554884135e-01,1.663825288397801305e+00,9.116659975298128937e-02,8.353972210202731397e-01
1.084473403627682353e-01,6.368526756531733835e-02,2.919122840554884135e-01,1.663825288397801305e+00,9.116659975298128937e-02,8.353972210202731397e-01
1.084473403627682353e-01,6.368526756531733835e-02,2.919122840554884135e-01,1.663825288397801305e+00,9.116659975298128937e-02,8.353972210202731397e-01
1.084473403627682353e-01,6.368526756531733835e-02,2.919122840554884135e-01,1.663825288397801305e+00,9.116659975298128937e-02,8.353972210202731397e-01
-2.621223339209747816e-01,7.507076957693022135e-02,1.942329146403705409e-01,-8.666751575576482625e-02,-1.890406614509101135e-01,-2.833023889209737578e-01
-2.621223339209747816e-01,7.507076957693022135e-02,1.942329146403705409e-01,-8.666751575576482625e-02,-1.890406614509101135e-01,-2.833023889209737578e-01
-2.621223339209747816e-01,7.507076957693022135e-02,1.942329146403705409e-01,-8.666751575576482625e-02,-1.890406614509101135e-01,-2.833023889209737578e-01
-2.621223339209747816e-01,7.507076957693022135e-02,1.942329146403705409e-01,-8.666751575576482625e-02,-1.890406614509101135e-01,-2.833023889209737578e-01
-2.621223339209747816e-01,7.507076957693022135e-02,1.942329146403705409e-01,-8.666751575576482625e-02,-1.890406614509101135e-01,-2.833023889209737578e-01
-1.590485120858669277e-01,8.340673510207760599e-02,1.700465950972412099e-01,-8.280765610875745475e-02,-6.056915191307695595e-02,-3.910384676887154187e-01
-1.590485120858669277e-01,8.340673510207760599e-02,1.700465950972412099e-01,-8.280765610875745475e-02,-6.056915191307695595e-02,-3.910384676887154187e-01
-1.590485120858669277e-01,8.340673510207760599e-02,1.700465950972412099e-01,-8.280765610875745475e-02,-6.056915191307695595e-02,-3.910384676887154187e-01
-1.590485120858669277e-01,8.340673510207760599e-02,1.700465950972412099e-01,-8.280765610875745475e-02,-6.056915191307695595e-02,-3.910384676887154187e-01
-1.590485120858669277e-01,8.340673510207760599e-02,1.700465950972412099e-01,-8.280765610875745475e-02,-6.056915191307695595e-02,-3.910384676887154187e-01
-1.993853375864193811e-01,6.594338086682074995e-02,2.294747835525416946e-01,-3.789886172692310401e-02,-2.266144775010957846e-01,3.345006520864640676e-03
-1.993853375864193811e-01,6.594338086682074995e-02,2.294747835525416946e-01,-3.789886172692310401e-02,-2.266144775010957846e-01,3.345006520864640676e-03
-1.993853375864193811e-01,6.594338086682074995e-02,2.294747835525416946e-01,-3.789886172692310401e-02,-2.266144775010957846e-01,3.345006520864640676e-03
-1.993853375864193811e-01,6.594338086682074995e-02,2.294747835525416946e-01,-3.789886172692310401e-02,-2.266144775010957846e-01,3.345006520864640676e-03
-1.993853375864193811e-01,6.594338086682074995e-02,2.294747835525416946e-01,-3.789886172692310401e-02,-2.266144775010957846e-01,3.345006520864640676e-03
-4.456299545218871117e-02,-1.290628697861169738e-01,1.653751156489594032e-02,-4.076231890000668601e-02,5.345390034162987858e-01,4.444630877382462764e-01
-4.456299545218871117e-02,-1.290628697861169738e-01,1.653751156489594032e-02,-4.076231890000668601e-02,5.345390034162987858e-01,4.444630877382462764e-01
-4.456299545218871117e-02,-1.290628697861169738e-01,1.653751156489594032e-02,-4.076231890000668601e-02,5.345390034162987858e-01,4.444630877382462764e-01
-4.456299545218871117e-02,-1.290628697861169738e-01,1.653751156489594032e-02,-4.076231890000668601e-02,5.345390034162987858e-01,4.444630877382462764e-01
-4.456299545218871117e-02,-1.290628697861169738e-01,1.653751156489594032e-02,-4.076231890000668601e-02,5.345390034162987858e-01,4.444630877382462764e-01
1.179954679023665493e-01,-6.459238853596313557e-02,-1.019440013121341582e-01,-6.165024151659267981e-02,4.805886245654497624e-02,3.891965037245642689e-01
1.179954679023665493e-01,-6.459238853596313557e-02,-1.019440013121341582e-01,-6.165024151659267981e-02,4.805886245654497624e-02,3.891965037245642689e-01
1.179954679023665493e-01,-6.459238853596313557e-02,-1.019440013121341582e-01,-6.165024151659267981e-02,4.805886245654497624e-02,3.891965037245642689e-01
1.179954679023665493e-01,-6.459238853596313557e-02,-1.019440013121341582e-01,-6.165024151659267981e-02,4.805886245654497624e-02,3.891965037245642689e-01
1.179954679023665493e-01,-6.459238853596313557e-02,-1.019440013121341582e-01,-6.165024151659267981e-02,4.805886245654497624e-02,3.891965037245642689e-01
-1.575475606857716926e-01,6.905509385424354885e-02,2.064698644587872334e-01,-4.362658865960376831e-02,-9.512331491911829584e-02,-1.558237040975054555e-01
-1.575475606857716926e-01,6.905509385424354885e-02,2.064698644587872334e-01,-4.362658865960376831e-02,-9.512331491911829584e-02,-1.558237040975054555e-01
-1.575475606857716926e-01,6.905509385424354885e-02,2.064698644587872334e-01,-4.362658865960376831e-02,-9.512331491911829584e-02,-1.558237040975054555e-01
-1.575475606857716926e-01,6.905509385424354885e-02,2.064698644587872334e-01,-4.362658865960376831e-02,-9.512331491911829584e-02,-1.558237040975054555e-01
-1.575475606857716926e-01,6.905509385424354885e-02,2.064698644587872334e-01,-4.362658865960376831e-02,-9.512331491911829584e-02,-1.558237040975054555e-01
-3.991236236994307428e-03,-8.070650116355589099e-02,9.766918484872478406e-03,-6.253696656213331151e-02,-3.142906858151638116e-02,-1.499033351138015502e-01
-3.991236236994307428e-03,-8.070650116355589099e-02,9.766918484872478406e-03,-6.253696656213331151e-02,-3.142906858151638116e-02,-1.499033351138015502e-01
-3.991236236994307428e-03,-8.070650116355589099e-02,9.766918484872478406e-03,-6.253696656213331151e-02,-3.142906858151638116e-02,-1.499033351138015502e-01
-3.991236236994307428e-03,-8.070650116355589099e-02,9.766918484872478406e-03,-6.253696656213331151e-02,-3.142906858151638116e-02,-1.499033351138015502e-01
-3.991236236994307428e-03,-8.070650116355589099e-02,9.766918484872478406e-03,-6.253696656213331151e-02,-3.142906858151638116e-02,-1.499033351138015502e-01
-2.040346174366956811e-01,8.565329596039669702e-02,1.573726579793430225e-01,-9.769941324549734352e-02,-6.911016032672417930e-02,-3.703077860931240917e-01
-2.040346174366956811e-01,8.565329596039669702e-02,1.573726579793430225e-01,-9.769941324549734352e-02,-6.911016032672417930e-02,-3.703077860931240917e-01
-2.040346174366956811e-01,8.565329596039669702e-02,1.573726579793430225e-01,-9.769941324549734352e-02,-6.911016032672417930e-02,-3.703077860931240917e-01
-2.040346174366956811e-01,8.565329596039669702e-02,1.573726579793430225e-01,-9.769941324549734352e-02,-6.911016032672417930e-02,-3.703077860931240917e-01
-2.040346174366956811e-01,8.565329596039669702e-02,1.573726579793430225e-01,-9.769941324549734352e-02,-6.911016032672417930e-02,-3.703077860931240917e-01
-2.723334171558695199e-02,9.887534087119818904e-02,5.244482715987209415e-02,-1.229277918968696287e-01,-2.563320597891781405e-02,-2.576510819583947565e-01
-2.723334171558695199e-02,9.887534087119818904e-02,5.244482715987209415e-02,-1.229277918968696287e-01,-2.563320597891781405e-02,-2.576510819583947565e-01
-2.723334171558695199e-02,9.887534087119818904e-02,5.244482715987209415e-02,-1.229277918968696287e-01,-2.563320597891781405e-02,-2.576510819583947565e-01
-2.723334171558695199e-02,9.887534087119818904e-02,5.244482715987209415e-02,-1.229277918968696287e-01,-2.563320597891781405e-02,-2.576510819583947565e-01
-2.723334171558695199e-02,9.887534087119818904e-02,5.244482715987209415e-02,-1.229277918968696287e-01,-2.563320597891781405e-02,-2.576510819583947565e-01
-3.992476779266369152e-02,7.732968237065915296e-02,4.334420770230367620e-02,-1.066428902959153657e-01,-1.946697769335682671e-02,-2.409952538797192068e-01
-3.992476779266369152e-02,7.732968237065915296e-02,4.334420770230367620e-02,-1.066428902959153657e-01,-1.946697769335682671e-02,-2.409952538797192068e-01
-3.992476779266369152e-02,7.732968237065915296e-02,4.334420770230367620e-02,-1.066428902959153657e-01,-1.946697769335682671e-02,-2.409952538797192068e-01
-3.992476779266369152e-02,7.732968237065915296e-02,4.334420770230367620e-02,-1.066428902959153657e-01,-1.946697769335682671e-02,-2.409952538797192068e-01
-3.992476779266369152e-02,7.732968237065915296e-02,4.334420770230367620e-02,-1.066428902959153657e-01,-1.946697769335682671e-02,-2.409952538797192068e-01
6.629819922366837759e-02,-7.918027102279640017e-02,-8.739489340895580105e-02,-6.132289287861166643e-02,3.345723412479281039e-02,1.938152190141861630e-01
6.629819922366837759e-02,-7.918027102279640017e-02,-8.739489340895580105e-02,-6.132289287861166643e-02,3.345723412479281039e-02,1.938152190141861630e-01
6.629819922366837759e-02,-7.918027102279640017e-02,-8.739489340895580105e-02,-6.132289287861166643e-02,3.345723412479281039e-02,1.938152190141861630e-01
6.629819922366837759e-02,-7.918027102279640017e-02,-8.739489340895580105e-02,-6.132289287861166643e-02,3.345723412479281039e-02,1.938152190141861630e-01
6.629819922366837759e-02,-7.918027102279640017e-02,-8.739489340895580105e-02,-6.132289287861166643e-02,3.345723412479281039e-02,1.938152190141861630e-01
1.198747079777899849e-01,1.757188515814784857e-01,3.531701865848702049e-01,1.905215568950457072e+00,-2.715433537013205341e-03,8.866958734763290551e-01
1.198747079777899849e-01,1.757188515814784857e-01,3.531701865848702049e-01,1.905215568950457072e+00,-2.715433537013205341e-03,8.866958734763290551e-01
1.198747079777899849e-01,1.757188515814784857e-01,3.531701865848702049e-01,1.905215568950457072e+00,-2.715433537013205341e-03,8.866958734763290551e-01
1.198747079777899849e-01,1.757188515814784857e-01,3.531701865848702049e-01,1.905215568950457072e+00,-2.715433537013205341e-03,8.866958734763290551e-01
1.198747079777899849e-01,1.757188515814784857e-01,3.531701865848702049e-01,1.905215568950457072e+00,-2.715433537013205341e-03,8.866958734763290551e-01
-4.850286788499573454e-04,-1.349931713164955194e-01,-7.600030517422116938e-02,-6.059286617028247085e-02,3.822849389880658699e-02,-6.697004785323473763e-02
-4.850286788499573454e-04,-1.349931713164955194e-01,-7.600030517422116938e-02,-6.059286617028247085e-02,3.822849389880658699e-02,-6.697004785323473763e-02
-4.850286788499573454e-04,-1.349931713164955194e-01,-7.600030517422116938e-02,-6.059286617028247085e-02,3.822849389880658699e-02,-6.697004785323473763e-02
-4.850286788499573454e-04,-1.349931713164955194e-01,-7.600030517422116938e-02,-6.059286617028247085e-02,3.822849389880658699e-02,-6.697004785323473763e-02
-4.850286788499573454e-04,-1.349931713164955194e-01,-7.600030517422116938e-02,-6.059286617028247085e-02,3.822849389880658699e-02,-6.697004785323473763e-02
-1.341840112762913984e-01,6.278836401125098554e-02,1.811307737800664786e-01,-2.499529262707910274e-02,-2.828062595463478601e-01,3.243926216301251109e-01
-1.341840112762913984e-01,6.278836401125098554e-02,1.811307737800664786e-01,-2.499529262707910274e-02,-2.828062595463478601e-01,3.243926216301251109e-01
-1.341840112762913984e-01,6.278836401125098554e-02,1.811307737800664786e-01,-2.499529262707910274e-02,-2.828062595463478601e-01,3.243926216301251109e-01
-1.341840112762913984e-01,6.278836401125098554e-02,1.811307737800664786e-01,-2.499529262707910274e-02,-2.828062595463478601e-01,3.243926216301251109e-01
-1.341840112762913984e-01,6.278836401125098554e-02,1.811307737800664786e-01,-2.499529262707910274e-02,-2.828062595463478601e-01,3.243926216301251109e-01
-4.561647572442435739e-02,8.118568307952363228e-02,4.936531995428360825e-02,-9.517597182205246586e-02,5.793322566397975451e-03,-3.112393826730335267e-01
-4.561647572442435739e-02,8.118568307952363228e-02,4.936531995428360825e-02,-9.517597182205246586e-02,5.793322566397975451e-03,-3.112393826730335267e-01
-4.561647572442435739e-02,8.118568307952363228e-02,4.936531995428360825e-02,-9.517597182205246586e-02,5.793322566397975451e-03,-3.112393826730335267e-01
-4.561647572442435739e-02,8.118568307952363228e-02,4.936531995428360825e-02,-9.517597182205246586e-02,5.793322566397975451e-03,-3.112393826730335267e-01
-4.561647572442435739e-02,8.118568307952363228e-02,4.936531995428360825e-02,-9.517597182205246586e-02,5.793322566397975451e-03,-3.112393826730335267e-01
1.725838343280758358e-03,-6.194772568613981373e-02,-1.247659759362377968e-01,-2.840916504726144834e-02,4.394068649903135754e-02,4.116592012319471305e-02
1.725838343280758358e-03,-6.194772568613981373e-02,-1.247659759362377968e-01,-2.840916504726144834e-02,4.394068649903135754e-02,4.116592012319471305e-02
1.725838343280758358e-03,-6.194772568613981373e-02,-1.247659759362377968e-01,-2.840916504726144834e-02,4.394068649903135754e-02,4.116592012319471305e-02
1.725838343280758358e-03,-6.194772568613981373e-02,-1.247659759362377968e-01,-2.840916504726144834e-02,4.394068649903135754e-02,4.116592012319471305e-02
1.725838343280758358e-03,-6.194772568613981373e-02,-1.247659759362377968e-01,-2.840916504726144834e-02,4.394068649903135754e-02,4.116592012319471305e-02
1.247155661845697067e-01,1.771254692639681050e-01,3.696335087753526150e-01,4.097751447152707671e-01,-1.671656852626479672e-02,8.968746208369002826e-01
1.247155661845697067e-01,1.771254692639681050e-01,3.696335087753526150e-01,4.097751447152707671e-01,-1.671656852626479672e-02,8.968746208369002826e-01
1.247155661845697067e-01,1.771254692639681050e-01,3.696335087753526150e-01,4.097751447152707671e-01,-1.671656852626479672e-02,8.968746208369002826e-01
1.247155661845697067e-01,1.771254692639681050e-01,3.696335087753526150e-01,4.097751447152707671e-01,-1.671656852626479672e-02,8.968746208369002826e-01
1.247155661845697067e-01,1.771254692639681050e-01,3.696335087753526150e-01,4.097751447152707671e-01,-1.671656852626479672e-02,8.968746208369002826e-01
-7.718006479020118882e-02,5.870627657311999759e-02,1.340465719426771896e-01,-1.489514347562706162e-02,-1.058106613495628789e-01,2.174250521654384205e-01
-7.718006479020118882e-02,5.870627657311999759e-02,1.340465719426771896e-01,-1.489514347562706162e-02,-1.058106613495628789e-01,2.174250521654384205e-01
-7.718006479020118882e-02,5.870627657311999759e-02,1.340465719426771896e-01,-1.489514347562706162e-02,-1.058106613495628789e-01,2.174250521654384205e-01
-7.718006479020118882e-02,5.870627657311999759e-02,1.340465719426771896e-01,-1.489514347562706162e-02,-1.058106613495628789e-01,2.174250521654384205e-01
-7.718006479020118882e-02,5.870627657311999759e-02,1.340465719426771896e-01,-1.489514347562706162e-02,-1.058106613495628789e-01,2.174250521654384205e-01
8.711344106056090331e-03,2.295322654757555869e-01,2.559363398410203216e-01,7.159231341021424222e-02,1.307988391770108227e-02,7.516327909489330938e-01
8.711344106056090331e-03,2.295322654757555869e-01,2.559363398410203216e-01,7.159231341021424222e-02,1.307988391770108227e-02,7.516327909489330938e-01
8.711344106056090331e-03,2.295322654757555869e-01,2.559363398410203216e-01,7.159231341021424222e-02,1.307988391770108227e-02,7.516327909489330938e-01
8.711344106056090331e-03,2.295322654757555869e-01,2.559363398410203216e-01,7.159231341021424222e-02,1.307988391770108227e-02,7.516327909489330938e-01
8.711344106056090331e-03,2.295322654757555869e-01,2.559363398410203216e-01,7.159231341021424222e-02,1.307988391770108227e-02,7.516327909489330938e-01
1.873709390614030079e-01,5.552776014385301523e-02,1.955522348073046313e-01,8.590438907221885356e-02,4.503814346721252138e-02,7.932887033871625082e-01
1.873709390614030079e-01,5.552776014385301523e-02,1.955522348073046313e-01,8.590438907221885356e-02,4.503814346721252138e-02,7.932887033871625082e-01
1.873709390614030079e-01,5.552776014385301523e-02,1.955522348073046313e-01,8.590438907221885356e-02,4.503814346721252138e-02,7.932887033871625082e-01
1.873709390614030079e-01,5.552776014385301523e-02,1.955522348073046313e-01,8.590438907221885356e-02,4.503814346721252138e-02,7.932887033871625082e-01
1.873709390614030079e-01,5.552776014385301523e-02,1.955522348073046313e-01,8.590438907221885356e-02,4.503814346721252138e-02,7.932887033871625082e-01
7.268258674076955028e-02,3.847772411654090327e-03,4.478327254665925850e-02,-8.913045252231271975e-02,2.218313818149380418e-02,1.354066142094716985e-01
7.268258674076955028e-02,3.847772411654090327e-03,4.478327254665925850e-02,-8.913045252231271975e-02,2.218313818149380418e-02,1.354066142094716985e-01
7.268258674076955028e-02,3.847772411654090327e-03,4.478327254665925850e-02,-8.913045252231271975e-02,2.218313818149380418e-02,1.354066142094716985e-01
7.268258674076955028e-02,3.847772411654090327e-03,4.478327254665925850e-02,-8.913045252231271975e-02,2.218313818149380418e-02,1.354066142094716985e-01
7.268258674076955028e-02,3.847772411654090327e-03,4.478327254665925850e-02,-8.913045252231271975e-02,2.218313818149380418e-02,1.354066142094716985e-01
-9.340797133943291863e-02,-1.642344141744285224e-01,-8.306173257619786643e-04,-5.329489483017570833e-02,5.042466995912251448e-01,3.108055367133734648e-01
-9.340797133943291863e-02,-1.642344141744285224e-01,-8.306173257619786643e-04,-5.329489483017570833e-02,5.042466995912251448e-01,3.108055367133734648e-01
-9.340797133943291863e-02,-1.642344141744285224e-01,-8.306173257619786643e-04,-5.329489483017570833e-02,5.042466995912251448e-01,3.108055367133734648e-01
-9.340797133943291863e-02,-1.642344141744285224e-01,-8.306173257619786643e-04,-5.329489483017570833e-02,5.042466995912251448e-01,3.108055367133734648e-01
-9.340797133943291863e-02,-1.642344141744285224e-01,-8.306173257619786643e-04,-5.329489483017570833e-02,5.042466995912251448e-01,3.108055367133734648e-01
-1.170203510985237533e-01,-1.871680017370965510e-01,-6.528579382144031329e-02,-5.911584984236178952e-02,3.335757227312896034e-01,-7.222972504253806492e-03
-1.170203510985237533e-01,-1.871680017370965510e-01,-6.528579382144031329e-02,-5.911584984236178952e-02,3.335757227312896034e-01,-7.222972504253806492e-03
-1.170203510985237533e-01,-1.871680017370965510e-01,-6.528579382144031329e-02,-5.911584984236178952e-02,3.335757227312896034e-01,-7.222972504253806492e-03
-1.170203510985237533e-01,-1.871680017370965510e-01,-6.528579382144031329e-02,-5.911584984236178952e-02,3.335757227312896034e-01,-7.222972504253806492e-03
-1.170203510985237533e-01,-1.871680017370965510e-01,-6.528579382144031329e-02,-5.911584984236178952e-02,3.335757227312896034e-01,-7.222972504253806492e-03
1.279800316463910181e-01,-2.385366611355329777e-02,-3.445526870293905142e-02,-6.310444059892242330e-02,7.089470717433477009e-02,4.190469176591404832e-01
1.279800316463910181e-01,-2.385366611355329777e-02,-3.445526870293905142e-02,-6.310444059892242330e-02,7.089470717433477009e-02,4.190469176591404832e-01
1.279800316463910181e-01,-2.385366611355329777e-02,-3.445526870293905142e-02,-6.310444059892242330e-02,7.089470717433477009e-02,4.190469176591404832e-01
1.279800316463910181e-01,-2.385366611355329777e-02,-3.445526870293905142e-02,-6.310444059892242330e-02,7.089470717433477009e-02,4.190469176591404832e-01
1.279800316463910181e-01,-2.385366611355329777e-02,-3.445526870293905142e-02,-6.310444059892242330e-02,7.089470717433477009e-02,4.190469176591404832e-01
-2.314077635974022829e-01,7.915573172035229865e-02,1.874124386207377535e-01,-8.614997636027169059e-02,-1.375077395841221573e-01,-3.391201920270777159e-01
-2.314077635974022829e-01,7.915573172035229865e-02,1.874124386207377535e-01,-8.614997636027169059e-02,-1.375077395841221573e-01,-3.391201920270777159e-01
-2.314077635974022829e-01,7.915573172035229865e-02,1.874124386207377535e-01,-8.614997636027169059e-02,-1.375077395841221573e-01,-3.391201920270777159e-01
-2.314077635974022829e-01,7.915573172035229865e-02,1.874124386207377535e-01,-8.614997636027169059e-02,-1.375077395841221573e-01,-3.391201920270777159e-01
-2.314077635974022829e-01,7.915573172035229865e-02,1.874124386207377535e-01,-8.614997636027169059e-02,-1.375077395841221573e-01,-3.391201920270777159e-01
1.182573540967214384e-02,-8.871714038295161475e-02,-3.914483809132030673e-02,-6.108386776462977619e-02,-6.312170386617937078e-03,-7.127051243980990491e-02
1.182573540967214384e-02,-8.871714038295161475e-02,-3.914483809132030673e-02,-6.108386776462977619e-02,-6.312170386617937078e-03,-7.127051243980990491e-02
1.182573540967214384e-02,-8.871714038295161475e-02,-3.914483809132030673e-02,-6.108386776462977619e-02,-6.312170386617937078e-03,-7.127051243980990491e-02
1.182573540967214384e-02,-8.871714038295161475e-02,-3.914483809132030673e-02,-6.108386776462977619e-02,-6.312170386617937078e-03,-7.127051243980990491e-02
1.182573540967214384e-02,-8.871714038295161475e-02,-3.914483809132030673e-02,-6.108386776462977619e-02,-6.312170386617937078e-03,-7.127051243980990491e-02
1.326094764053418751e-01,1.465332807604455279e-01,3.763347521843657395e-01,2.043080085069828300e+00,-9.210178573279700909e-03,8.850937838669401536e-01
1.326094764053418751e-01,1.465332807604455279e-01,3.763347521843657395e-01,2.043080085069828300e+00,-9.210178573279700909e-03,8.850937838669401536e-01
1.326094764053418751e-01,1.465332807604455279e-01,3.763347521843657395e-01,2.043080085069828300e+00,-9.210178573279700909e-03,8.850937838669401536e-01
1.326094764053418751e-01,1.465332807604455279e-01,3.763347521843657395e-01,2.043080085069828300e+00,-9.210178573279700909e-03,8.850937838669401536e-01
1.326094764053418751e-01,1.465332807604455279e-01,3.763347521843657395e-01,2.043080085069828300e+00,-9.210178573279700909e-03,8.850937838669401536e-01
3.825045085268939660e-02,2.270272719862055644e-01,2.973017655385997715e-01,7.441741276206140232e-02,2.917578190646315239e-03,7.938870293365615227e-01
3.825045085268939660e-02,2.270272719862055644e-01,2.973017655385997715e-01,7.441741276206140232e-02,2.917578190646315239e-03,7.938870293365615227e-01
3.825045085268939660e-02,2.270272719862055644e-01,2.973017655385997715e-01,7.441741276206140232e-02,2.917578190646315239e-03,7.938870293365615227e-01
3.825045085268939660e-02,2.270272719862055644e-01,2.973017655385997715e-01,7.441741276206140232e-02,2.917578190646315239e-03,7.938870293365615227e-01
3.825045085268939660e-02,2.270272719862055644e-01,2.973017655385997715e-01,7.441741276206140232e-02,2.917578190646315239e-03,7.938870293365615227e-01
3.613462757149631631e-03,2.394722448660744143e-02,4.378333996496375224e-02,-7.124377372648274531e-02,-1.593157935947743520e-02,-2.457305555840149092e-01
3.613462757149631631e-03,2.394722448660744143e-02,4.378333996496375224e-02,-7.124377372648274531e-02,-1.593157935947743520e-02,-2.457305555840149092e-01
3.613462757149631631e-03,2.394722448660744143e-02,4.378333996496375224e-02,-7.124377372648274531e-02,-1.593157935947743520e-02,-2.457305555840149092e-01
3.613462757149631631e-03,2.394722448660744143e-02,4.378333996496375224e-02,-7.124377372648274531e-02,-1.593157935947743520e-02,-2.457305555840149092e-01
3.613462757149631631e-03,2.394722448660744143e-02,4.378333996496375224e-02,-7.124377372648274531e-02,-1.593157935947743520e-02,-2.457305555840149092e-01
-2.143437525426826473e-02,-1.145041775865511396e-01,4.702667007683716816e-02,6.719613354156672713e-02,5.118620397107049858e-01,5.123354553234210629e-01
-2.143437525426826473e-02,-1.145041775865511396e-01,4.702667007683716816e-02,6.719613354156672713e-02,5.118620397107049858e-01,5.123354553234210629e-01
-2.143437525426826473e-02,-1.145041775865511396e-01,4.702667007683716816e-02,6.719613354156672713e-02,5.118620397107049858e-01,5.123354553234210629e-01
-2.143437525426826473e-02,-1.145041775865511396e-01,4.702667007683716816e-02,6.719613354156672713e-02,5.118620397107049858e-01,5.123354553234210629e-01
-2.143437525426826473e-02,-1.145041775865511396e-01,4.702667007683716816e-02,6.719613354156672713e-02,5.118620397107049858e-01,5.123354553234210629e-01
-5.714233653642485089e-02,-1.611186702571915652e-01,-1.091550285377774626e-01,-4.299646045010554335e-02,1.634051137848948065e-01,3.594692127076026811e-02
-5.714233653642485089e-02,-1.611186702571915652e-01,-1.091550285377774626e-01,-4.299646045010554335e-02,1.634051137848948065e-01,3.594692127076026811e-02
-5.714233653642485089e-02,-1.611186702571915652e-01,-1.091550285377774626e-01,-4.299646045010554335e-02,1.634051137848948065e-01,3.594692127076026811e-02
-5.714233653642485089e-02,-1.611186702571915652e-01,-1.091550285377774626e-01,-4.299646045010554335e-02,1.634051137848948065e-01,3.594692127076026811e-02
-5.714233653642485089e-02,-1.611186702571915652e-01,-1.091550285377774626e-01,-4.299646045010554335e-02,1.634051137848948065e-01,3.594692127076026811e-02
-7.137181872846597164e-02,9.678968102940921359e-02,4.918933988522072170e-02,-1.053296770214605799e-01,2.399711465131544597e-02,-3.568976602029075851e-01
-7.137181872846597164e-02,9.678968102940921359e-02,4.918933988522072170e-02,-1.053296770214605799e-01,2.399711465131544597e-02,-3.568976602029075851e-01
-7.137181872846597164e-02,9.678968102940921359e-02,4.918933988522072170e-02,-1.053296770214605799e-01,2.399711465131544597e-02,-3.568976602029075851e-01
-7.137181872846597164e-02,9.678968102940921359e-02,4.918933988522072170e-02,-1.053296770214605799e-01,2.399711465131544597e-02,-3.568976602029075851e-01
-7.137181872846597164e-02,9.678968102940921359e-02,4.918933988522072170e-02,-1.053296770214605799e-01,2.399711465131544597e-02,-3.568976602029075851e-01
