3.565350263830789901e-01,4.413228531553991529e-01,5.386848975601674638e-01,1.490432004637718029e-02
3.565350263830789901e-01,4.413228531553991529e-01,5.386848975601674638e-01,1.490432004637718029e-02
3.565350263830789901e-01,4.413228531553991529e-01,5.386848975601674638e-01,1.490432004637718029e-02
3.481530478713011911e-01,4.424192109133241457e-01,5.384207933316107475e-01,2.538022771868504029e-02
3.481530478713011911e-01,4.424192109133241457e-01,5.384207933316107475e-01,2.538022771868504029e-02
3.481530478713011911e-01,4.424192109133241457e-01,5.384207933316107475e-01,2.538022771868504029e-02
3.542650363635039268e-01,4.434012607873750733e-01,5.381728315606839619e-01,3.312929894184885732e-02
3.542650363635039268e-01,4.434012607873750733e-01,5.381728315606839619e-01,3.312929894184885732e-02
3.542650363635039268e-01,4.434012607873750733e-01,5.381728315606839619e-01,3.312929894184885732e-02
3.531747839111717968e-01,4.446414486574729041e-01,5.379242809846679352e-01,3.830226303595223730e-02
3.531747839111717968e-01,4.446414486574729041e-01,5.379242809846679352e-01,3.830226303595223730e-02
3.531747839111717968e-01,4.446414486574729041e-01,5.379242809846679352e-01,3.830226303595223730e-02
3.774673714374280342e-01,4.457517803437347492e-01,5.376839832607933634e-01,3.664421482263109653e-02
3.774673714374280342e-01,4.457517803437347492e-01,5.376839832607933634e-01,3.664421482263109653e-02
3.774673714374280342e-01,4.457517803437347492e-01,5.376839832607933634e-01,3.664421482263109653e-02
3.979249724736430016e-01,4.469841252146077859e-01,5.374339213953054362e-01,3.505750658576312767e-02
3.979249724736430016e-01,4.469841252146077859e-01,5.374339213953054362e-01,3.505750658576312767e-02
3.979249724736430016e-01,4.469841252146077859e-01,5.374339213953054362e-01,3.505750658576312767e-02
4.070727703154134458e-01,4.484055984008535889e-01,5.371891050710583260e-01,4.366224405750332438e-02
4.070727703154134458e-01,4.484055984008535889e-01,5.371891050710583260e-01,4.366224405750332438e-02
4.070727703154134458e-01,4.484055984008535889e-01,5.371891050710583260e-01,4.366224405750332438e-02
4.057811534555385569e-01,4.497284225990576534e-01,5.369446263074505454e-01,5.509358740631043611e-02
4.057811534555385569e-01,4.497284225990576534e-01,5.369446263074505454e-01,5.509358740631043611e-02
4.057811534555385569e-01,4.497284225990576534e-01,5.369446263074505454e-01,5.509358740631043611e-02
3.995066432881204110e-01,4.515533620233778689e-01,5.367048940278067448e-01,6.858610118083845186e-02
3.995066432881204110e-01,4.515533620233778689e-01,5.367048940278067448e-01,6.858610118083845186e-02
3.995066432881204110e-01,4.515533620233778689e-01,5.367048940278067448e-01,6.858610118083845186e-02
3.888805535688764081e-01,4.532142165864055938e-01,5.364767991494572286e-01,7.836802658843108893e-02
3.888805535688764081e-01,4.532142165864055938e-01,5.364767991494572286e-01,7.836802658843108893e-02
3.888805535688764081e-01,4.532142165864055938e-01,5.364767991494572286e-01,7.836802658843108893e-02
3.746527163785050574e-01,4.545800318872648127e-01,5.362680889134032736e-01,8.568385335421477289e-02
3.746527163785050574e-01,4.545800318872648127e-01,5.362680889134032736e-01,8.568385335421477289e-02
3.746527163785050574e-01,4.545800318872648127e-01,5.362680889134032736e-01,8.568385335421477289e-02
3.630653234688949738e-01,4.556093306073666360e-01,5.360959395342950184e-01,9.402778708061913793e-02
3.630653234688949738e-01,4.556093306073666360e-01,5.360959395342950184e-01,9.402778708061913793e-02
3.630653234688949738e-01,4.556093306073666360e-01,5.360959395342950184e-01,9.402778708061913793e-02
3.603168122831743592e-01,4.563695192829163583e-01,5.359379873121964399e-01,9.517481070400873877e-02
3.603168122831743592e-01,4.563695192829163583e-01,5.359379873121964399e-01,9.517481070400873877e-02
3.603168122831743592e-01,4.563695192829163583e-01,5.359379873121964399e-01,9.517481070400873877e-02
3.702245561599952772e-01,4.576533144609392090e-01,5.357864397028165859e-01,7.981230012093529225e-02
3.702245561599952772e-01,4.576533144609392090e-01,5.357864397028165859e-01,7.981230012093529225e-02
3.702245561599952772e-01,4.576533144609392090e-01,5.357864397028165859e-01,7.981230012093529225e-02
3.913192642883115413e-01,4.600252672679278620e-01,5.356326196194935996e-01,4.420888715650683060e-02
3.913192642883115413e-01,4.600252672679278620e-01,5.356326196194935996e-01,4.420888715650683060e-02
3.913192642883115413e-01,4.600252672679278620e-01,5.356326196194935996e-01,4.420888715650683060e-02
4.091492181634786562e-01,4.631110832859565152e-01,5.355177891651072830e-01,9.712550236074287205e-03
4.091492181634786562e-01,4.631110832859565152e-01,5.355177891651072830e-01,9.712550236074287205e-03
4.091492181634786562e-01,4.631110832859565152e-01,5.355177891651072830e-01,9.712550236074287205e-03
4.159956380233034157e-01,4.667424426078672361e-01,5.354477500439787097e-01,-7.590511687883709502e-03
4.159956380233034157e-01,4.667424426078672361e-01,5.354477500439787097e-01,-7.590511687883709502e-03
4.159956380233034157e-01,4.667424426078672361e-01,5.354477500439787097e-01,-7.590511687883709502e-03
4.182419671281922269e-01,4.713706079223759504e-01,5.353798488704666347e-01,4.010388752045367100e-04
4.182419671281922269e-01,4.713706079223759504e-01,5.353798488704666347e-01,4.010388752045367100e-04
4.182419671281922269e-01,4.713706079223759504e-01,5.353798488704666347e-01,4.010388752045367100e-04
4.135291191698128865e-01,4.776923274995545921e-01,5.353166768033970069e-01,1.700613100609048300e-02
4.135291191698128865e-01,4.776923274995545921e-01,5.353166768033970069e-01,1.700613100609048300e-02
4.135291191698128865e-01,4.776923274995545921e-01,5.353166768033970069e-01,1.700613100609048300e-02
4.030267757693347108e-01,4.840135670083433039e-01,5.352582574032814788e-01,2.830657145566401606e-02
4.030267757693347108e-01,4.840135670083433039e-01,5.352582574032814788e-01,2.830657145566401606e-02
4.030267757693347108e-01,4.840135670083433039e-01,5.352582574032814788e-01,2.830657145566401606e-02
3.926231787078829361e-01,4.898736915537393877e-01,5.352370692673951158e-01,3.305756006667383284e-02
3.926231787078829361e-01,4.898736915537393877e-01,5.352370692673951158e-01,3.305756006667383284e-02
3.926231787078829361e-01,4.898736915537393877e-01,5.352370692673951158e-01,3.305756006667383284e-02
3.805039709674071791e-01,4.952489469942933376e-01,5.352276092919372452e-01,3.381052124075320520e-02
3.805039709674071791e-01,4.952489469942933376e-01,5.352276092919372452e-01,3.381052124075320520e-02
3.805039709674071791e-01,4.952489469942933376e-01,5.352276092919372452e-01,3.381052124075320520e-02
3.684297838462714525e-01,4.999826924653972826e-01,5.352140978816083416e-01,2.624332681730980749e-02
3.684297838462714525e-01,4.999826924653972826e-01,5.352140978816083416e-01,2.624332681730980749e-02
3.684297838462714525e-01,4.999826924653972826e-01,5.352140978816083416e-01,2.624332681730980749e-02
3.672653925286680776e-01,5.044648297730105480e-01,5.351898133446311157e-01,2.013450175982652024e-03
3.672653925286680776e-01,5.044648297730105480e-01,5.351898133446311157e-01,2.013450175982652024e-03
3.672653925286680776e-01,5.044648297730105480e-01,5.351898133446311157e-01,2.013450175982652024e-03
3.698109219008930415e-01,5.080995058735819914e-01,5.351624823039928813e-01,-2.723181386876478982e-02
3.698109219008930415e-01,5.080995058735819914e-01,5.351624823039928813e-01,-2.723181386876478982e-02
3.698109219008930415e-01,5.080995058735819914e-01,5.351624823039928813e-01,-2.723181386876478982e-02
3.741100506865309150e-01,5.112847054441722605e-01,5.351870349266738547e-01,-4.962699654244274311e-02
3.741100506865309150e-01,5.112847054441722605e-01,5.351870349266738547e-01,-4.962699654244274311e-02
3.741100506865309150e-01,5.112847054441722605e-01,5.351870349266738547e-01,-4.962699654244274311e-02
3.811654842878985927e-01,5.141729306113576037e-01,5.351810260494915816e-01,-6.628504588612647852e-02
3.811654842878985927e-01,5.141729306113576037e-01,5.351810260494915816e-01,-6.628504588612647852e-02
3.811654842878985927e-01,5.141729306113576037e-01,5.351810260494915816e-01,-6.628504588612647852e-02
3.817526986587181925e-01,5.168055410504869274e-01,5.351998676024931623e-01,-7.658195451450196256e-02
3.817526986587181925e-01,5.168055410504869274e-01,5.351998676024931623e-01,-7.658195451450196256e-02
3.817526986587181925e-01,5.168055410504869274e-01,5.351998676024931623e-01,-7.658195451450196256e-02
3.834079538798336184e-01,5.192345656233108286e-01,5.352095501142666301e-01,-8.199317292968372195e-02
3.834079538798336184e-01,5.192345656233108286e-01,5.352095501142666301e-01,-8.199317292968372195e-02
3.834079538798336184e-01,5.192345656233108286e-01,5.352095501142666301e-01,-8.199317292968372195e-02
3.801015184245388756e-01,5.214531637464887570e-01,5.352454485311106680e-01,-8.489205187393120133e-02
3.801015184245388756e-01,5.214531637464887570e-01,5.352454485311106680e-01,-8.489205187393120133e-02
3.801015184245388756e-01,5.214531637464887570e-01,5.352454485311106680e-01,-8.489205187393120133e-02
3.680671817715687189e-01,4.408574317131678244e-01,5.388414987226120001e-01,3.119331778498938418e-03
3.680671817715687189e-01,4.408574317131678244e-01,5.388414987226120001e-01,3.119331778498938418e-03
3.680671817715687189e-01,4.408574317131678244e-01,5.388414987226120001e-01,3.119331778498938418e-03
3.700581946136366485e-01,4.417891156151779741e-01,5.385657093908012838e-01,1.193598415974109206e-02
3.700581946136366485e-01,4.417891156151779741e-01,5.385657093908012838e-01,1.193598415974109206e-02
3.700581946136366485e-01,4.417891156151779741e-01,5.385657093908012838e-01,1.193598415974109206e-02
3.702866956308376034e-01,4.428679493095490916e-01,5.382869294489061041e-01,2.339885953498012372e-02
3.702866956308376034e-01,4.428679493095490916e-01,5.382869294489061041e-01,2.339885953498012372e-02
3.702866956308376034e-01,4.428679493095490916e-01,5.382869294489061041e-01,2.339885953498012372e-02
3.715159283671537471e-01,4.441418386763913428e-01,5.380161472742664985e-01,2.645347296660766415e-02
3.715159283671537471e-01,4.441418386763913428e-01,5.380161472742664985e-01,2.645347296660766415e-02
3.715159283671537471e-01,4.441418386763913428e-01,5.380161472742664985e-01,2.645347296660766415e-02
3.908574725516839043e-01,4.451516317097369280e-01,5.377517230807493664e-01,2.596283272704159525e-02
3.908574725516839043e-01,4.451516317097369280e-01,5.377517230807493664e-01,2.596283272704159525e-02
3.908574725516839043e-01,4.451516317097369280e-01,5.377517230807493664e-01,2.596283272704159525e-02
4.119764665941029191e-01,4.466597061859031159e-01,5.374865586988487598e-01,3.185166058538508455e-02
4.119764665941029191e-01,4.466597061859031159e-01,5.374865586988487598e-01,3.185166058538508455e-02
4.119764665941029191e-01,4.466597061859031159e-01,5.374865586988487598e-01,3.185166058538508455e-02
4.272945460440830123e-01,4.479480754211515592e-01,5.372123348501052220e-01,4.992861196831543946e-02
4.272945460440830123e-01,4.479480754211515592e-01,5.372123348501052220e-01,4.992861196831543946e-02
4.272945460440830123e-01,4.479480754211515592e-01,5.372123348501052220e-01,4.992861196831543946e-02
4.295664433486793277e-01,4.496697937279118262e-01,5.369443287638893114e-01,6.632579195796178828e-02
4.295664433486793277e-01,4.496697937279118262e-01,5.369443287638893114e-01,6.632579195796178828e-02
4.295664433486793277e-01,4.496697937279118262e-01,5.369443287638893114e-01,6.632579195796178828e-02
4.207896514667591736e-01,4.514306373441112630e-01,5.366722456633929994e-01,7.984665687290340430e-02
4.207896514667591736e-01,4.514306373441112630e-01,5.366722456633929994e-01,7.984665687290340430e-02
4.207896514667591736e-01,4.514306373441112630e-01,5.366722456633929994e-01,7.984665687290340430e-02
4.041502613734395677e-01,4.530523181163079727e-01,5.364168599266398996e-01,8.994741905729380926e-02
4.041502613734395677e-01,4.530523181163079727e-01,5.364168599266398996e-01,8.994741905729380926e-02
4.041502613734395677e-01,4.530523181163079727e-01,5.364168599266398996e-01,8.994741905729380926e-02
3.849308153357059448e-01,4.549908697527539903e-01,5.361808284775524402e-01,9.936362207932353252e-02
3.849308153357059448e-01,4.549908697527539903e-01,5.361808284775524402e-01,9.936362207932353252e-02
3.849308153357059448e-01,4.549908697527539903e-01,5.361808284775524402e-01,9.936362207932353252e-02
3.770500481574415863e-01,4.565975592130045446e-01,5.359722103260615711e-01,1.080357521780036800e-01
3.770500481574415863e-01,4.565975592130045446e-01,5.359722103260615711e-01,1.080357521780036800e-01
3.770500481574415863e-01,4.565975592130045446e-01,5.359722103260615711e-01,1.080357521780036800e-01
3.823221963140763235e-01,4.580768665578347498e-01,5.357973443730037477e-01,1.131141547102840345e-01
3.823221963140763235e-01,4.580768665578347498e-01,5.357973443730037477e-01,1.131141547102840345e-01
3.823221963140763235e-01,4.580768665578347498e-01,5.357973443730037477e-01,1.131141547102840345e-01
3.953919273360048114e-01,4.599202136667472907e-01,5.356432218608275786e-01,9.546698593976357672e-02
3.953919273360048114e-01,4.599202136667472907e-01,5.356432218608275786e-01,9.546698593976357672e-02
3.953919273360048114e-01,4.599202136667472907e-01,5.356432218608275786e-01,9.546698593976357672e-02
4.130405254310463015e-01,4.626989410359204635e-01,5.354742432292940446e-01,5.406627125784026211e-02
4.130405254310463015e-01,4.626989410359204635e-01,5.354742432292940446e-01,5.406627125784026211e-02
4.130405254310463015e-01,4.626989410359204635e-01,5.354742432292940446e-01,5.406627125784026211e-02
4.321818528736894871e-01,4.660987473048168184e-01,5.353475181269318206e-01,1.552223283092049079e-02
4.321818528736894871e-01,4.660987473048168184e-01,5.353475181269318206e-01,1.552223283092049079e-02
4.321818528736894871e-01,4.660987473048168184e-01,5.353475181269318206e-01,1.552223283092049079e-02
4.433996704532216504e-01,4.701006005029835233e-01,5.352688765640302160e-01,-3.679771306672355996e-03
4.433996704532216504e-01,4.701006005029835233e-01,5.352688765640302160e-01,-3.679771306672355996e-03
4.433996704532216504e-01,4.701006005029835233e-01,5.352688765640302160e-01,-3.679771306672355996e-03
4.466438300845111398e-01,4.749450148675307126e-01,5.351756463258146024e-01,7.343156649114446211e-05
4.466438300845111398e-01,4.749450148675307126e-01,5.351756463258146024e-01,7.343156649114446211e-05
4.466438300845111398e-01,4.749450148675307126e-01,5.351756463258146024e-01,7.343156649114446211e-05
4.413645446952092488e-01,4.802956070060666605e-01,5.351005385888951693e-01,1.583370157416635199e-02
4.413645446952092488e-01,4.802956070060666605e-01,5.351005385888951693e-01,1.583370157416635199e-02
4.413645446952092488e-01,4.802956070060666605e-01,5.351005385888951693e-01,1.583370157416635199e-02
4.275989698108594306e-01,4.858804131914696844e-01,5.350559216208495839e-01,2.756052423715479871e-02
4.275989698108594306e-01,4.858804131914696844e-01,5.350559216208495839e-01,2.756052423715479871e-02
4.275989698108594306e-01,4.858804131914696844e-01,5.350559216208495839e-01,2.756052423715479871e-02
4.064577016537580523e-01,4.914671950049750437e-01,5.350341970032745920e-01,3.012914880620059382e-02
4.064577016537580523e-01,4.914671950049750437e-01,5.350341970032745920e-01,3.012914880620059382e-02
4.064577016537580523e-01,4.914671950049750437e-01,5.350341970032745920e-01,3.012914880620059382e-02
3.869278051427048060e-01,4.973513945923436763e-01,5.350213711311408993e-01,3.006119014502933728e-02
3.869278051427048060e-01,4.973513945923436763e-01,5.350213711311408993e-01,3.006119014502933728e-02
3.869278051427048060e-01,4.973513945923436763e-01,5.350213711311408993e-01,3.006119014502933728e-02
3.704129519400538584e-01,5.023926917035723694e-01,5.350148986760472347e-01,2.376766966347553314e-02
3.704129519400538584e-01,5.023926917035723694e-01,5.350148986760472347e-01,2.376766966347553314e-02
3.704129519400538584e-01,5.023926917035723694e-01,5.350148986760472347e-01,2.376766966347553314e-02
3.622506219475538636e-01,5.066677921716774557e-01,5.349862995462739690e-01,1.467492828209765454e-03
3.622506219475538636e-01,5.066677921716774557e-01,5.349862995462739690e-01,1.467492828209765454e-03
3.622506219475538636e-01,5.066677921716774557e-01,5.349862995462739690e-01,1.467492828209765454e-03
3.551245286478798002e-01,5.103538753200544953e-01,5.349923712960269473e-01,-2.793689343180874238e-02
3.551245286478798002e-01,5.103538753200544953e-01,5.349923712960269473e-01,-2.793689343180874238e-02
3.551245286478798002e-01,5.103538753200544953e-01,5.349923712960269473e-01,-2.793689343180874238e-02
3.572833200487448013e-01,5.135336997818560345e-01,5.349959247511990590e-01,-5.254614357083450815e-02
3.572833200487448013e-01,5.135336997818560345e-01,5.349959247511990590e-01,-5.254614357083450815e-02
3.572833200487448013e-01,5.135336997818560345e-01,5.349959247511990590e-01,-5.254614357083450815e-02
3.682382133004560298e-01,5.165122138801014895e-01,5.350012296748601903e-01,-7.163571048098792138e-02
3.682382133004560298e-01,5.165122138801014895e-01,5.350012296748601903e-01,-7.163571048098792138e-02
3.682382133004560298e-01,5.165122138801014895e-01,5.350012296748601903e-01,-7.163571048098792138e-02
3.743698548903340306e-01,5.191925943551318756e-01,5.350258456267746876e-01,-8.475028926320253564e-02
3.743698548903340306e-01,5.191925943551318756e-01,5.350258456267746876e-01,-8.475028926320253564e-02
3.743698548903340306e-01,5.191925943551318756e-01,5.350258456267746876e-01,-8.475028926320253564e-02
3.757351220969483707e-01,5.216326373397169869e-01,5.350646950392200507e-01,-8.904932485818528587e-02
3.757351220969483707e-01,5.216326373397169869e-01,5.350646950392200507e-01,-8.904932485818528587e-02
3.757351220969483707e-01,5.216326373397169869e-01,5.350646950392200507e-01,-8.904932485818528587e-02
3.770747250199251721e-01,5.239157231019901939e-01,5.350928861485546584e-01,-9.159164790740470519e-02
3.770747250199251721e-01,5.239157231019901939e-01,5.350928861485546584e-01,-9.159164790740470519e-02
3.770747250199251721e-01,5.239157231019901939e-01,5.350928861485546584e-01,-9.159164790740470519e-02
3.945010223637358537e-01,4.401275303926567295e-01,5.390524854362882534e-01,-1.116683918024535989e-02
3.945010223637358537e-01,4.401275303926567295e-01,5.390524854362882534e-01,-1.116683918024535989e-02
3.945010223637358537e-01,4.401275303926567295e-01,5.390524854362882534e-01,-1.116683918024535989e-02
3.966322399687051137e-01,4.411610434771269240e-01,5.387368974107997754e-01,-3.183179915698402043e-03
3.966322399687051137e-01,4.411610434771269240e-01,5.387368974107997754e-01,-3.183179915698402043e-03
3.966322399687051137e-01,4.411610434771269240e-01,5.387368974107997754e-01,-3.183179915698402043e-03
4.036648596213361362e-01,4.424383148887327533e-01,5.384326723037962115e-01,7.740976779763840410e-03
4.036648596213361362e-01,4.424383148887327533e-01,5.384326723037962115e-01,7.740976779763840410e-03
4.036648596213361362e-01,4.424383148887327533e-01,5.384326723037962115e-01,7.740976779763840410e-03
4.118395752441993407e-01,4.433253590812465950e-01,5.381315352506166327e-01,1.258790806598224926e-02
4.118395752441993407e-01,4.433253590812465950e-01,5.381315352506166327e-01,1.258790806598224926e-02
4.118395752441993407e-01,4.433253590812465950e-01,5.381315352506166327e-01,1.258790806598224926e-02
4.240905158512987549e-01,4.451269023154547089e-01,5.378384634135469078e-01,1.232928367494504074e-02
4.240905158512987549e-01,4.451269023154547089e-01,5.378384634135469078e-01,1.232928367494504074e-02
4.240905158512987549e-01,4.451269023154547089e-01,5.378384634135469078e-01,1.232928367494504074e-02
4.404481898799346151e-01,4.460117687791432806e-01,5.375519394591352640e-01,2.705961832582626930e-02
4.404481898799346151e-01,4.460117687791432806e-01,5.375519394591352640e-01,2.705961832582626930e-02
4.404481898799346151e-01,4.460117687791432806e-01,5.375519394591352640e-01,2.705961832582626930e-02
4.527298112976284594e-01,4.477516488609254441e-01,5.372491065647261310e-01,5.574818982149114255e-02
4.527298112976284594e-01,4.477516488609254441e-01,5.372491065647261310e-01,5.574818982149114255e-02
4.527298112976284594e-01,4.477516488609254441e-01,5.372491065647261310e-01,5.574818982149114255e-02
4.530606243962407853e-01,4.490122351138569057e-01,5.369471127644360742e-01,7.647957527317728044e-02
4.530606243962407853e-01,4.490122351138569057e-01,5.369471127644360742e-01,7.647957527317728044e-02
4.530606243962407853e-01,4.490122351138569057e-01,5.369471127644360742e-01,7.647957527317728044e-02
4.428433592749031478e-01,4.514917066094502607e-01,5.366504324855218000e-01,8.742542511251662207e-02
4.428433592749031478e-01,4.514917066094502607e-01,5.366504324855218000e-01,8.742542511251662207e-02
4.428433592749031478e-01,4.514917066094502607e-01,5.366504324855218000e-01,8.742542511251662207e-02
4.276011203433660590e-01,4.534644081294010309e-01,5.363562880085301909e-01,9.908155151195199850e-02
4.276011203433660590e-01,4.534644081294010309e-01,5.363562880085301909e-01,9.908155151195199850e-02
4.276011203433660590e-01,4.534644081294010309e-01,5.363562880085301909e-01,9.908155151195199850e-02
4.139882978788833046e-01,4.553114064049957888e-01,5.360943608973642860e-01,1.063142172859446177e-01
4.139882978788833046e-01,4.553114064049957888e-01,5.360943608973642860e-01,1.063142172859446177e-01
4.139882978788833046e-01,4.553114064049957888e-01,5.360943608973642860e-01,1.063142172859446177e-01
4.079329643512143999e-01,4.572653537920828848e-01,5.358447218563788805e-01,1.121931976528212083e-01
4.079329643512143999e-01,4.572653537920828848e-01,5.358447218563788805e-01,1.121931976528212083e-01
4.079329643512143999e-01,4.572653537920828848e-01,5.358447218563788805e-01,1.121931976528212083e-01
4.121672159294283988e-01,4.592588916877918814e-01,5.356452935857409781e-01,1.195606511742024203e-01
4.121672159294283988e-01,4.592588916877918814e-01,5.356452935857409781e-01,1.195606511742024203e-01
4.121672159294283988e-01,4.592588916877918814e-01,5.356452935857409781e-01,1.195606511742024203e-01
4.273715889408122859e-01,4.616268340569215645e-01,5.354714675357330478e-01,1.021924402781322627e-01
4.273715889408122859e-01,4.616268340569215645e-01,5.354714675357330478e-01,1.021924402781322627e-01
4.273715889408122859e-01,4.616268340569215645e-01,5.354714675357330478e-01,1.021924402781322627e-01
4.477770717654660504e-01,4.643741692692705536e-01,5.353162379432712115e-01,5.834989457828037435e-02
4.477770717654660504e-01,4.643741692692705536e-01,5.353162379432712115e-01,5.834989457828037435e-02
4.477770717654660504e-01,4.643741692692705536e-01,5.353162379432712115e-01,5.834989457828037435e-02
4.653926769627990678e-01,4.677488092731501013e-01,5.351765111793294061e-01,2.414397325726508337e-02
4.653926769627990678e-01,4.677488092731501013e-01,5.351765111793294061e-01,2.414397325726508337e-02
4.653926769627990678e-01,4.677488092731501013e-01,5.351765111793294061e-01,2.414397325726508337e-02
4.778596048130276941e-01,4.717927943994557616e-01,5.350527402938953792e-01,4.674450303677645663e-03
4.778596048130276941e-01,4.717927943994557616e-01,5.350527402938953792e-01,4.674450303677645663e-03
4.778596048130276941e-01,4.717927943994557616e-01,5.350527402938953792e-01,4.674450303677645663e-03
4.817157532265985420e-01,4.767189908625187877e-01,5.349480608914045643e-01,2.199111467253694191e-03
4.817157532265985420e-01,4.767189908625187877e-01,5.349480608914045643e-01,2.199111467253694191e-03
4.817157532265985420e-01,4.767189908625187877e-01,5.349480608914045643e-01,2.199111467253694191e-03
4.775434348697916720e-01,4.820617376861119352e-01,5.348635808413357839e-01,1.101765795819143259e-02
4.775434348697916720e-01,4.820617376861119352e-01,5.348635808413357839e-01,1.101765795819143259e-02
4.775434348697916720e-01,4.820617376861119352e-01,5.348635808413357839e-01,1.101765795819143259e-02
4.601480141729947237e-01,4.880127735259431887e-01,5.348349665684175580e-01,2.040934136341869196e-02
4.601480141729947237e-01,4.880127735259431887e-01,5.348349665684175580e-01,2.040934136341869196e-02
4.601480141729947237e-01,4.880127735259431887e-01,5.348349665684175580e-01,2.040934136341869196e-02
4.300286355541703132e-01,4.942501902215781229e-01,5.347992622426850362e-01,1.758830849072464189e-02
4.300286355541703132e-01,4.942501902215781229e-01,5.347992622426850362e-01,1.758830849072464189e-02
4.300286355541703132e-01,4.942501902215781229e-01,5.347992622426850362e-01,1.758830849072464189e-02
4.010596535785195815e-01,5.000183250646242916e-01,5.347959768034529215e-01,1.194118079421474347e-02
4.010596535785195815e-01,5.000183250646242916e-01,5.347959768034529215e-01,1.194118079421474347e-02
4.010596535785195815e-01,5.000183250646242916e-01,5.347959768034529215e-01,1.194118079421474347e-02
3.759408867607141325e-01,5.047517599086367435e-01,5.347704594513047471e-01,7.188017030594257700e-03
3.759408867607141325e-01,5.047517599086367435e-01,5.347704594513047471e-01,7.188017030594257700e-03
3.759408867607141325e-01,5.047517599086367435e-01,5.347704594513047471e-01,7.188017030594257700e-03
3.550857866760818715e-01,5.092733387299464010e-01,5.347588576108508462e-01,-6.711639549393293158e-03
3.550857866760818715e-01,5.092733387299464010e-01,5.347588576108508462e-01,-6.711639549393293158e-03
3.550857866760818715e-01,5.092733387299464010e-01,5.347588576108508462e-01,-6.711639549393293158e-03
3.415701200474853261e-01,5.128699515638789341e-01,5.347884785251932893e-01,-2.541398655769902537e-02
3.415701200474853261e-01,5.128699515638789341e-01,5.347884785251932893e-01,-2.541398655769902537e-02
3.415701200474853261e-01,5.128699515638789341e-01,5.347884785251932893e-01,-2.541398655769902537e-02
3.414305612118946343e-01,5.162268468960424794e-01,5.347808104362821169e-01,-4.959119858889012716e-02
3.414305612118946343e-01,5.162268468960424794e-01,5.347808104362821169e-01,-4.959119858889012716e-02
3.414305612118946343e-01,5.162268468960424794e-01,5.347808104362821169e-01,-4.959119858889012716e-02
3.531485163722695719e-01,5.191820359101416704e-01,5.348071645796841356e-01,-8.141982107996233176e-02
3.531485163722695719e-01,5.191820359101416704e-01,5.348071645796841356e-01,-8.141982107996233176e-02
3.531485163722695719e-01,5.191820359101416704e-01,5.348071645796841356e-01,-8.141982107996233176e-02
3.657759114399902201e-01,5.219026019204462408e-01,5.348583726025539775e-01,-9.992716468057746826e-02
3.657759114399902201e-01,5.219026019204462408e-01,5.348583726025539775e-01,-9.992716468057746826e-02
3.657759114399902201e-01,5.219026019204462408e-01,5.348583726025539775e-01,-9.992716468057746826e-02
3.696870869047205188e-01,5.243675430837122509e-01,5.349066660640169335e-01,-1.020836841335293343e-01
3.696870869047205188e-01,5.243675430837122509e-01,5.349066660640169335e-01,-1.020836841335293343e-01
3.696870869047205188e-01,5.243675430837122509e-01,5.349066660640169335e-01,-1.020836841335293343e-01
3.707780056056222406e-01,5.266917447259593654e-01,5.349606304033240889e-01,-9.542193506957252769e-02
3.707780056056222406e-01,5.266917447259593654e-01,5.349606304033240889e-01,-9.542193506957252769e-02
3.707780056056222406e-01,5.266917447259593654e-01,5.349606304033240889e-01,-9.542193506957252769e-02
4.251051922689900175e-01,4.395604907266805750e-01,5.392952695546390229e-01,-2.420537280407558667e-02
4.251051922689900175e-01,4.395604907266805750e-01,5.392952695546390229e-01,-2.420537280407558667e-02
4.251051922689900175e-01,4.395604907266805750e-01,5.392952695546390229e-01,-2.420537280407558667e-02
4.352129959426886963e-01,4.405927893339185997e-01,5.389549736826746429e-01,-1.741246198691117492e-02
4.352129959426886963e-01,4.405927893339185997e-01,5.389549736826746429e-01,-1.741246198691117492e-02
4.352129959426886963e-01,4.405927893339185997e-01,5.389549736826746429e-01,-1.741246198691117492e-02
4.502135148925370256e-01,4.414325758681753031e-01,5.386130975474131555e-01,-1.094081757119805959e-02
4.502135148925370256e-01,4.414325758681753031e-01,5.386130975474131555e-01,-1.094081757119805959e-02
4.502135148925370256e-01,4.414325758681753031e-01,5.386130975474131555e-01,-1.094081757119805959e-02
4.592478206004543817e-01,4.427352242391960901e-01,5.382875282507431081e-01,-5.595932556042834682e-03
4.592478206004543817e-01,4.427352242391960901e-01,5.382875282507431081e-01,-5.595932556042834682e-03
4.592478206004543817e-01,4.427352242391960901e-01,5.382875282507431081e-01,-5.595932556042834682e-03
4.579123978672371420e-01,4.442222332958551956e-01,5.379503165604845316e-01,-9.898269145949777775e-03
4.579123978672371420e-01,4.442222332958551956e-01,5.379503165604845316e-01,-9.898269145949777775e-03
4.579123978672371420e-01,4.442222332958551956e-01,5.379503165604845316e-01,-9.898269145949777775e-03
4.719143169185398001e-01,4.460615852551079730e-01,5.376353334301320341e-01,8.934444727400792097e-03
4.719143169185398001e-01,4.460615852551079730e-01,5.376353334301320341e-01,8.934444727400792097e-03
4.719143169185398001e-01,4.460615852551079730e-01,5.376353334301320341e-01,8.934444727400792097e-03
4.816680117813908479e-01,4.473511559074096477e-01,5.373074918554709978e-01,5.369080955990816056e-02
4.816680117813908479e-01,4.473511559074096477e-01,5.373074918554709978e-01,5.369080955990816056e-02
4.816680117813908479e-01,4.473511559074096477e-01,5.373074918554709978e-01,5.369080955990816056e-02
4.820495109507976217e-01,4.491622296506327383e-01,5.369728908995616834e-01,8.512808088887834079e-02
4.820495109507976217e-01,4.491622296506327383e-01,5.369728908995616834e-01,8.512808088887834079e-02
4.820495109507976217e-01,4.491622296506327383e-01,5.369728908995616834e-01,8.512808088887834079e-02
4.744820795338455244e-01,4.509132661868249237e-01,5.366476014377852266e-01,9.962874467666389677e-02
4.744820795338455244e-01,4.509132661868249237e-01,5.366476014377852266e-01,9.962874467666389677e-02
4.744820795338455244e-01,4.509132661868249237e-01,5.366476014377852266e-01,9.962874467666389677e-02
4.571023286326038049e-01,4.538046173857328558e-01,5.363176607568789223e-01,1.034277349003243640e-01
4.571023286326038049e-01,4.538046173857328558e-01,5.363176607568789223e-01,1.034277349003243640e-01
4.571023286326038049e-01,4.538046173857328558e-01,5.363176607568789223e-01,1.034277349003243640e-01
4.405706216091209160e-01,4.561339590027329027e-01,5.359869711880588250e-01,9.818551560206989492e-02
4.405706216091209160e-01,4.561339590027329027e-01,5.359869711880588250e-01,9.818551560206989492e-02
4.405706216091209160e-01,4.561339590027329027e-01,5.359869711880588250e-01,9.818551560206989492e-02
4.340451597663247396e-01,4.589361796479852762e-01,5.357115786849213634e-01,8.834259630172573707e-02
4.340451597663247396e-01,4.589361796479852762e-01,5.357115786849213634e-01,8.834259630172573707e-02
4.340451597663247396e-01,4.589361796479852762e-01,5.357115786849213634e-01,8.834259630172573707e-02
4.383532779863472673e-01,4.616299106237448102e-01,5.354766917252113956e-01,1.061501764378075946e-01
4.383532779863472673e-01,4.616299106237448102e-01,5.354766917252113956e-01,1.061501764378075946e-01
4.383532779863472673e-01,4.616299106237448102e-01,5.354766917252113956e-01,1.061501764378075946e-01
4.552841548744221978e-01,4.645171817232675027e-01,5.352665704625190202e-01,9.852785987407317037e-02
4.552841548744221978e-01,4.645171817232675027e-01,5.352665704625190202e-01,9.852785987407317037e-02
4.552841548744221978e-01,4.645171817232675027e-01,5.352665704625190202e-01,9.852785987407317037e-02
4.822550408331113814e-01,4.678463949527057464e-01,5.350840967177861174e-01,5.606530565409499622e-02
4.822550408331113814e-01,4.678463949527057464e-01,5.350840967177861174e-01,5.606530565409499622e-02
4.822550408331113814e-01,4.678463949527057464e-01,5.350840967177861174e-01,5.606530565409499622e-02
5.037596719157497738e-01,4.717156518137943788e-01,5.349257013469919109e-01,2.939320444630977996e-02
5.037596719157497738e-01,4.717156518137943788e-01,5.349257013469919109e-01,2.939320444630977996e-02
5.037596719157497738e-01,4.717156518137943788e-01,5.349257013469919109e-01,2.939320444630977996e-02
5.165015162500259382e-01,4.762039522687242510e-01,5.347920551176277293e-01,1.872398666264803516e-02
5.165015162500259382e-01,4.762039522687242510e-01,5.347920551176277293e-01,1.872398666264803516e-02
5.165015162500259382e-01,4.762039522687242510e-01,5.347920551176277293e-01,1.872398666264803516e-02
5.251823198483863697e-01,4.811212592225388440e-01,5.346874114044829485e-01,4.363343766732922374e-03
5.251823198483863697e-01,4.811212592225388440e-01,5.346874114044829485e-01,4.363343766732922374e-03
5.251823198483863697e-01,4.811212592225388440e-01,5.346874114044829485e-01,4.363343766732922374e-03
5.168698821580861580e-01,4.862825078438503534e-01,5.345989628166263330e-01,2.395199976575848599e-03
5.168698821580861580e-01,4.862825078438503534e-01,5.345989628166263330e-01,2.395199976575848599e-03
5.168698821580861580e-01,4.862825078438503534e-01,5.345989628166263330e-01,2.395199976575848599e-03
4.904626818551358625e-01,4.913919963142903691e-01,5.345456249939641857e-01,8.005375941978788712e-04
4.904626818551358625e-01,4.913919963142903691e-01,5.345456249939641857e-01,8.005375941978788712e-04
4.904626818551358625e-01,4.913919963142903691e-01,5.345456249939641857e-01,8.005375941978788712e-04
4.593083761398057407e-01,4.973973224597906251e-01,5.345722980521616652e-01,-1.196777277396576626e-02
4.593083761398057407e-01,4.973973224597906251e-01,5.345722980521616652e-01,-1.196777277396576626e-02
4.593083761398057407e-01,4.973973224597906251e-01,5.345722980521616652e-01,-1.196777277396576626e-02
4.274449930295108335e-01,5.027490711097200027e-01,5.345648846777300012e-01,-2.168368701588420031e-02
4.274449930295108335e-01,5.027490711097200027e-01,5.345648846777300012e-01,-2.168368701588420031e-02
4.274449930295108335e-01,5.027490711097200027e-01,5.345648846777300012e-01,-2.168368701588420031e-02
3.815826864143156971e-01,5.079791972852452098e-01,5.345242306653970044e-01,-2.806080424679760488e-02
3.815826864143156971e-01,5.079791972852452098e-01,5.345242306653970044e-01,-2.806080424679760488e-02
3.815826864143156971e-01,5.079791972852452098e-01,5.345242306653970044e-01,-2.806080424679760488e-02
3.433847023719930336e-01,5.122368928952633071e-01,5.345236418295353786e-01,-2.444844309252165379e-02
3.433847023719930336e-01,5.122368928952633071e-01,5.345236418295353786e-01,-2.444844309252165379e-02
3.433847023719930336e-01,5.122368928952633071e-01,5.345236418295353786e-01,-2.444844309252165379e-02
3.219663310659467426e-01,5.159587694926188739e-01,5.345488152124301395e-01,-7.353830651315149819e-03
3.219663310659467426e-01,5.159587694926188739e-01,5.345488152124301395e-01,-7.353830651315149819e-03
3.219663310659467426e-01,5.159587694926188739e-01,5.345488152124301395e-01,-7.353830651315149819e-03
3.248431817153127898e-01,5.192757297875578715e-01,5.345395218755947253e-01,-3.781654073555423129e-02
3.248431817153127898e-01,5.192757297875578715e-01,5.345395218755947253e-01,-3.781654073555423129e-02
3.248431817153127898e-01,5.192757297875578715e-01,5.345395218755947253e-01,-3.781654073555423129e-02
3.477767026543475692e-01,5.223118869722727098e-01,5.346411845981549060e-01,-9.693198403082037284e-02
3.477767026543475692e-01,5.223118869722727098e-01,5.346411845981549060e-01,-9.693198403082037284e-02
3.477767026543475692e-01,5.223118869722727098e-01,5.346411845981549060e-01,-9.693198403082037284e-02
3.608372694121350088e-01,5.250226456451092538e-01,5.346872106233717670e-01,-1.143137801348177995e-01
3.608372694121350088e-01,5.250226456451092538e-01,5.346872106233717670e-01,-1.143137801348177995e-01
3.608372694121350088e-01,5.250226456451092538e-01,5.346872106233717670e-01,-1.143137801348177995e-01
3.649896556568337225e-01,5.275181507804662662e-01,5.347591931103636842e-01,-9.709318563028365712e-02
3.649896556568337225e-01,5.275181507804662662e-01,5.347591931103636842e-01,-9.709318563028365712e-02
3.649896556568337225e-01,5.275181507804662662e-01,5.347591931103636842e-01,-9.709318563028365712e-02
3.653602082112309413e-01,5.298659193673944667e-01,5.348176989483679478e-01,-9.374541453436888161e-02
3.653602082112309413e-01,5.298659193673944667e-01,5.348176989483679478e-01,-9.374541453436888161e-02
3.653602082112309413e-01,5.298659193673944667e-01,5.348176989483679478e-01,-9.374541453436888161e-02
4.613496057267938988e-01,4.387764638347523283e-01,5.396003785232815764e-01,-3.522085325720868826e-02
4.613496057267938988e-01,4.387764638347523283e-01,5.396003785232815764e-01,-3.522085325720868826e-02
4.613496057267938988e-01,4.387764638347523283e-01,5.396003785232815764e-01,-3.522085325720868826e-02
4.808824109836693506e-01,4.396497836707314866e-01,5.392302950432910080e-01,-2.778828219309051328e-02
4.808824109836693506e-01,4.396497836707314866e-01,5.392302950432910080e-01,-2.778828219309051328e-02
4.808824109836693506e-01,4.396497836707314866e-01,5.392302950432910080e-01,-2.778828219309051328e-02
4.858530776579098598e-01,4.412940317471925056e-01,5.388497129627545235e-01,-1.291330283632302449e-02
4.858530776579098598e-01,4.412940317471925056e-01,5.388497129627545235e-01,-1.291330283632302449e-02
4.858530776579098598e-01,4.412940317471925056e-01,5.388497129627545235e-01,-1.291330283632302449e-02
4.856820412756939209e-01,4.421680605544414666e-01,5.384665889094002456e-01,6.862606592810918671e-03
4.856820412756939209e-01,4.421680605544414666e-01,5.384665889094002456e-01,6.862606592810918671e-03
4.856820412756939209e-01,4.421680605544414666e-01,5.384665889094002456e-01,6.862606592810918671e-03
4.844536508287305976e-01,4.439797387896332603e-01,5.381067437111117790e-01,1.534695071045778618e-02
4.844536508287305976e-01,4.439797387896332603e-01,5.381067437111117790e-01,1.534695071045778618e-02
4.844536508287305976e-01,4.439797387896332603e-01,5.381067437111117790e-01,1.534695071045778618e-02
4.874647340611392154e-01,4.459231625741965632e-01,5.377470361931334653e-01,9.944225804819125519e-03
4.874647340611392154e-01,4.459231625741965632e-01,5.377470361931334653e-01,9.944225804819125519e-03
4.874647340611392154e-01,4.459231625741965632e-01,5.377470361931334653e-01,9.944225804819125519e-03
4.855305299756165205e-01,4.471819891583260764e-01,5.373910348484688404e-01,3.683213065490580779e-02
4.855305299756165205e-01,4.471819891583260764e-01,5.373910348484688404e-01,3.683213065490580779e-02
4.855305299756165205e-01,4.471819891583260764e-01,5.373910348484688404e-01,3.683213065490580779e-02
4.809884157127969351e-01,4.493871355321402139e-01,5.370116449872834874e-01,6.077792777056618967e-02
4.809884157127969351e-01,4.493871355321402139e-01,5.370116449872834874e-01,6.077792777056618967e-02
4.809884157127969351e-01,4.493871355321402139e-01,5.370116449872834874e-01,6.077792777056618967e-02
4.777625065740782051e-01,4.519599972760518503e-01,5.366426890078420664e-01,6.955229001597738880e-02
4.777625065740782051e-01,4.519599972760518503e-01,5.366426890078420664e-01,6.955229001597738880e-02
4.777625065740782051e-01,4.519599972760518503e-01,5.366426890078420664e-01,6.955229001597738880e-02
4.674652522360183693e-01,4.538925680202163804e-01,5.362662305137156915e-01,6.354374177320473716e-02
4.674652522360183693e-01,4.538925680202163804e-01,5.362662305137156915e-01,6.354374177320473716e-02
4.674652522360183693e-01,4.538925680202163804e-01,5.362662305137156915e-01,6.354374177320473716e-02
4.526241652505444413e-01,4.571789566427557627e-01,5.358903484658275040e-01,4.383941742019322602e-02
4.526241652505444413e-01,4.571789566427557627e-01,5.358903484658275040e-01,4.383941742019322602e-02
4.526241652505444413e-01,4.571789566427557627e-01,5.358903484658275040e-01,4.383941742019322602e-02
4.461378586881270536e-01,4.608509285520466237e-01,5.355863632946735731e-01,1.802531673289365158e-02
4.461378586881270536e-01,4.608509285520466237e-01,5.355863632946735731e-01,1.802531673289365158e-02
4.461378586881270536e-01,4.608509285520466237e-01,5.355863632946735731e-01,1.802531673289365158e-02
4.496631627350323734e-01,4.641712021503333618e-01,5.352705478283580343e-01,3.125403470441713571e-02
4.496631627350323734e-01,4.641712021503333618e-01,5.352705478283580343e-01,3.125403470441713571e-02
4.496631627350323734e-01,4.641712021503333618e-01,5.352705478283580343e-01,3.125403470441713571e-02
4.640372415351020075e-01,4.676151405369336489e-01,5.350248712024310294e-01,2.458167309515850441e-02
4.640372415351020075e-01,4.676151405369336489e-01,5.350248712024310294e-01,2.458167309515850441e-02
4.640372415351020075e-01,4.676151405369336489e-01,5.350248712024310294e-01,2.458167309515850441e-02
4.910439990940196897e-01,4.716104536184726470e-01,5.348220101760535750e-01,8.694671034303347659e-03
4.910439990940196897e-01,4.716104536184726470e-01,5.348220101760535750e-01,8.694671034303347659e-03
4.910439990940196897e-01,4.716104536184726470e-01,5.348220101760535750e-01,8.694671034303347659e-03
5.190605347513924661e-01,4.762175066112627198e-01,5.346410316078098468e-01,5.077835485106957369e-03
5.190605347513924661e-01,4.762175066112627198e-01,5.346410316078098468e-01,5.077835485106957369e-03
5.190605347513924661e-01,4.762175066112627198e-01,5.346410316078098468e-01,5.077835485106957369e-03
5.282474972839399374e-01,4.809353029286331793e-01,5.344791956406150790e-01,4.743996975504965324e-03
5.282474972839399374e-01,4.809353029286331793e-01,5.344791956406150790e-01,4.743996975504965324e-03
5.282474972839399374e-01,4.809353029286331793e-01,5.344791956406150790e-01,4.743996975504965324e-03
5.281278010052659067e-01,4.857318833760608801e-01,5.343589708004014005e-01,-1.264250913915647770e-02
5.281278010052659067e-01,4.857318833760608801e-01,5.343589708004014005e-01,-1.264250913915647770e-02
5.281278010052659067e-01,4.857318833760608801e-01,5.343589708004014005e-01,-1.264250913915647770e-02
4.996588894574465756e-01,4.906222288891478600e-01,5.343238706769213309e-01,-2.302093972072543834e-02
4.996588894574465756e-01,4.906222288891478600e-01,5.343238706769213309e-01,-2.302093972072543834e-02
4.996588894574465756e-01,4.906222288891478600e-01,5.343238706769213309e-01,-2.302093972072543834e-02
4.650122793381932240e-01,4.956560512003541641e-01,5.342363110507246660e-01,-2.912710202395167591e-02
4.650122793381932240e-01,4.956560512003541641e-01,5.342363110507246660e-01,-2.912710202395167591e-02
4.650122793381932240e-01,4.956560512003541641e-01,5.342363110507246660e-01,-2.912710202395167591e-02
4.358409490188456248e-01,5.011793434008561254e-01,5.342575826581725806e-01,-4.580501990133406531e-02
4.358409490188456248e-01,5.011793434008561254e-01,5.342575826581725806e-01,-4.580501990133406531e-02
4.358409490188456248e-01,5.011793434008561254e-01,5.342575826581725806e-01,-4.580501990133406531e-02
4.293244547282972778e-01,5.069906460459319142e-01,5.342576502795504112e-01,-4.695169167932859017e-02
4.293244547282972778e-01,5.069906460459319142e-01,5.342576502795504112e-01,-4.695169167932859017e-02
4.293244547282972778e-01,5.069906460459319142e-01,5.342576502795504112e-01,-4.695169167932859017e-02
4.121287151222137179e-01,5.117467861485706093e-01,5.342252104937732504e-01,-4.095292577789785837e-02
4.121287151222137179e-01,5.117467861485706093e-01,5.342252104937732504e-01,-4.095292577789785837e-02
4.121287151222137179e-01,5.117467861485706093e-01,5.342252104937732504e-01,-4.095292577789785837e-02
3.887623925805059888e-01,5.158927719635726383e-01,5.342730037385025055e-01,-2.769766487549917347e-02
3.887623925805059888e-01,5.158927719635726383e-01,5.342730037385025055e-01,-2.769766487549917347e-02
3.887623925805059888e-01,5.158927719635726383e-01,5.342730037385025055e-01,-2.769766487549917347e-02
3.662417167855148703e-01,5.196030558544848521e-01,5.342839485230002072e-01,-6.667883558529798249e-03
3.662417167855148703e-01,5.196030558544848521e-01,5.342839485230002072e-01,-6.667883558529798249e-03
3.662417167855148703e-01,5.196030558544848521e-01,5.342839485230002072e-01,-6.667883558529798249e-03
3.618111500896995514e-01,5.229576381115780270e-01,5.343503929661037599e-01,-2.404822412619899916e-02
3.618111500896995514e-01,5.229576381115780270e-01,5.343503929661037599e-01,-2.404822412619899916e-02
3.618111500896995514e-01,5.229576381115780270e-01,5.343503929661037599e-01,-2.404822412619899916e-02
3.639617273587196777e-01,5.259725317604859729e-01,5.344217990043059752e-01,-8.159565357122047780e-02
3.639617273587196777e-01,5.259725317604859729e-01,5.344217990043059752e-01,-8.159565357122047780e-02
3.639617273587196777e-01,5.259725317604859729e-01,5.344217990043059752e-01,-8.159565357122047780e-02
3.653624269736006624e-01,5.286091298774127090e-01,5.345354455451618580e-01,-9.575095488369433916e-02
3.653624269736006624e-01,5.286091298774127090e-01,5.345354455451618580e-01,-9.575095488369433916e-02
3.653624269736006624e-01,5.286091298774127090e-01,5.345354455451618580e-01,-9.575095488369433916e-02
3.596771804186429389e-01,5.311156233358385048e-01,5.346221707837388593e-01,-9.277203649859316892e-02
3.596771804186429389e-01,5.311156233358385048e-01,5.346221707837388593e-01,-9.277203649859316892e-02
3.596771804186429389e-01,5.311156233358385048e-01,5.346221707837388593e-01,-9.277203649859316892e-02
3.641853708471610163e-01,5.334431203214035078e-01,5.346897689164702427e-01,-7.648239901362131887e-02
3.641853708471610163e-01,5.334431203214035078e-01,5.346897689164702427e-01,-7.648239901362131887e-02
3.641853708471610163e-01,5.334431203214035078e-01,5.346897689164702427e-01,-7.648239901362131887e-02
4.729842104054581275e-01,4.381999389038294668e-01,5.399299730298328104e-01,-2.836100191561549688e-02
4.729842104054581275e-01,4.381999389038294668e-01,5.399299730298328104e-01,-2.836100191561549688e-02
4.729842104054581275e-01,4.381999389038294668e-01,5.399299730298328104e-01,-2.836100191561549688e-02
4.863779517381465745e-01,4.392846570037159948e-01,5.395559872709060345e-01,-1.724159659933302904e-02
4.863779517381465745e-01,4.392846570037159948e-01,5.395559872709060345e-01,-1.724159659933302904e-02
4.863779517381465745e-01,4.392846570037159948e-01,5.395559872709060345e-01,-1.724159659933302904e-02
4.852480751779723600e-01,4.402186430521224936e-01,5.391561204617876246e-01,6.905289667310847423e-03
4.852480751779723600e-01,4.402186430521224936e-01,5.391561204617876246e-01,6.905289667310847423e-03
4.852480751779723600e-01,4.402186430521224936e-01,5.391561204617876246e-01,6.905289667310847423e-03
4.972686138239400533e-01,4.419884312381214819e-01,5.387370892307496995e-01,5.463088481874982250e-02
4.972686138239400533e-01,4.419884312381214819e-01,5.387370892307496995e-01,5.463088481874982250e-02
4.972686138239400533e-01,4.419884312381214819e-01,5.387370892307496995e-01,5.463088481874982250e-02
4.986611329059552622e-01,4.437810539589398529e-01,5.383137773666114567e-01,7.922430643982783516e-02
4.986611329059552622e-01,4.437810539589398529e-01,5.383137773666114567e-01,7.922430643982783516e-02
4.986611329059552622e-01,4.437810539589398529e-01,5.383137773666114567e-01,7.922430643982783516e-02
4.951863242731481263e-01,4.456786833739571629e-01,5.379017532914693867e-01,4.614684762067681328e-02
4.951863242731481263e-01,4.456786833739571629e-01,5.379017532914693867e-01,4.614684762067681328e-02
4.951863242731481263e-01,4.456786833739571629e-01,5.379017532914693867e-01,4.614684762067681328e-02
4.937695408658451801e-01,4.483506337838676359e-01,5.375066334495364195e-01,1.977741965744328825e-02
4.937695408658451801e-01,4.483506337838676359e-01,5.375066334495364195e-01,1.977741965744328825e-02
4.937695408658451801e-01,4.483506337838676359e-01,5.375066334495364195e-01,1.977741965744328825e-02
4.920489847763614977e-01,4.499830254937609020e-01,5.370901493477906463e-01,1.987330989817415183e-02
4.920489847763614977e-01,4.499830254937609020e-01,5.370901493477906463e-01,1.987330989817415183e-02
4.920489847763614977e-01,4.499830254937609020e-01,5.370901493477906463e-01,1.987330989817415183e-02
4.971581971747642270e-01,4.525732702171036959e-01,5.366696023586181585e-01,1.749980904855290981e-02
4.971581971747642270e-01,4.525732702171036959e-01,5.366696023586181585e-01,1.749980904855290981e-02
4.971581971747642270e-01,4.525732702171036959e-01,5.366696023586181585e-01,1.749980904855290981e-02
4.901967885495091548e-01,4.559847760495173152e-01,5.362263204735382427e-01,-2.975557891400068544e-03
4.901967885495091548e-01,4.559847760495173152e-01,5.362263204735382427e-01,-2.975557891400068544e-03
4.901967885495091548e-01,4.559847760495173152e-01,5.362263204735382427e-01,-2.975557891400068544e-03
4.683615690482573757e-01,4.599307353016991451e-01,5.358187519096012652e-01,-4.073984989323391898e-02
4.683615690482573757e-01,4.599307353016991451e-01,5.358187519096012652e-01,-4.073984989323391898e-02
4.683615690482573757e-01,4.599307353016991451e-01,5.358187519096012652e-01,-4.073984989323391898e-02
4.540053615328270564e-01,4.641111192092041704e-01,5.354202294724833555e-01,-7.322622321383695509e-02
4.540053615328270564e-01,4.641111192092041704e-01,5.354202294724833555e-01,-7.322622321383695509e-02
4.540053615328270564e-01,4.641111192092041704e-01,5.354202294724833555e-01,-7.322622321383695509e-02
4.540943536378764245e-01,4.679681347602844266e-01,5.350758258463824690e-01,-6.267178605461055929e-02
4.540943536378764245e-01,4.679681347602844266e-01,5.350758258463824690e-01,-6.267178605461055929e-02
4.540943536378764245e-01,4.679681347602844266e-01,5.350758258463824690e-01,-6.267178605461055929e-02
4.697484447291189191e-01,4.720261266160051816e-01,5.347706741452753487e-01,-5.048226729528273310e-02
4.697484447291189191e-01,4.720261266160051816e-01,5.347706741452753487e-01,-5.048226729528273310e-02
4.697484447291189191e-01,4.720261266160051816e-01,5.347706741452753487e-01,-5.048226729528273310e-02
4.963898748187621779e-01,4.766212462297100272e-01,5.345075303935384881e-01,-4.341206169353523103e-02
4.963898748187621779e-01,4.766212462297100272e-01,5.345075303935384881e-01,-4.341206169353523103e-02
4.963898748187621779e-01,4.766212462297100272e-01,5.345075303935384881e-01,-4.341206169353523103e-02
5.223383256671121355e-01,4.818526441754517053e-01,5.342973157898720515e-01,-3.974933888264808174e-02
5.223383256671121355e-01,4.818526441754517053e-01,5.342973157898720515e-01,-3.974933888264808174e-02
5.223383256671121355e-01,4.818526441754517053e-01,5.342973157898720515e-01,-3.974933888264808174e-02
5.286656179462044802e-01,4.872839950530918895e-01,5.341397568720651634e-01,-3.234375026553797106e-02
5.286656179462044802e-01,4.872839950530918895e-01,5.341397568720651634e-01,-3.234375026553797106e-02
5.286656179462044802e-01,4.872839950530918895e-01,5.341397568720651634e-01,-3.234375026553797106e-02
5.174296828524566072e-01,4.922899632169197570e-01,5.340237110208151394e-01,-4.836927037802316726e-02
5.174296828524566072e-01,4.922899632169197570e-01,5.340237110208151394e-01,-4.836927037802316726e-02
5.174296828524566072e-01,4.922899632169197570e-01,5.340237110208151394e-01,-4.836927037802316726e-02
4.935895682881548119e-01,4.969143157462905802e-01,5.339425118195346709e-01,-6.666607679234465289e-02
4.935895682881548119e-01,4.969143157462905802e-01,5.339425118195346709e-01,-6.666607679234465289e-02
4.935895682881548119e-01,4.969143157462905802e-01,5.339425118195346709e-01,-6.666607679234465289e-02
4.667761859660594093e-01,5.017885141132416571e-01,5.339288146577845229e-01,-6.169309446838108085e-02
4.667761859660594093e-01,5.017885141132416571e-01,5.339288146577845229e-01,-6.169309446838108085e-02
4.667761859660594093e-01,5.017885141132416571e-01,5.339288146577845229e-01,-6.169309446838108085e-02
4.499755315139498668e-01,5.069456243207621782e-01,5.338922629674927034e-01,-5.193412337974694787e-02
4.499755315139498668e-01,5.069456243207621782e-01,5.338922629674927034e-01,-5.193412337974694787e-02
4.499755315139498668e-01,5.069456243207621782e-01,5.338922629674927034e-01,-5.193412337974694787e-02
4.641493876328112167e-01,5.118530331854296289e-01,5.339451987921117748e-01,-3.303992209857673640e-02
4.641493876328112167e-01,5.118530331854296289e-01,5.339451987921117748e-01,-3.303992209857673640e-02
4.641493876328112167e-01,5.118530331854296289e-01,5.339451987921117748e-01,-3.303992209857673640e-02
4.883904663218857634e-01,5.164563476235677353e-01,5.339448916009235102e-01,-1.717799296607831760e-02
4.883904663218857634e-01,5.164563476235677353e-01,5.339448916009235102e-01,-1.717799296607831760e-02
4.883904663218857634e-01,5.164563476235677353e-01,5.339448916009235102e-01,-1.717799296607831760e-02
5.064723311825088947e-01,5.204348364717633624e-01,5.340003892826161724e-01,-5.385123119769213984e-03
5.064723311825088947e-01,5.204348364717633624e-01,5.340003892826161724e-01,-5.385123119769213984e-03
5.064723311825088947e-01,5.204348364717633624e-01,5.340003892826161724e-01,-5.385123119769213984e-03
4.864393900629267464e-01,5.240748534941772618e-01,5.340333800896843730e-01,8.380184486758292250e-03
4.864393900629267464e-01,5.240748534941772618e-01,5.340333800896843730e-01,8.380184486758292250e-03
4.864393900629267464e-01,5.240748534941772618e-01,5.340333800896843730e-01,8.380184486758292250e-03
4.428661252609381038e-01,5.272908140772084584e-01,5.341630922060447428e-01,-6.497514316603683615e-03
4.428661252609381038e-01,5.272908140772084584e-01,5.341630922060447428e-01,-6.497514316603683615e-03
4.428661252609381038e-01,5.272908140772084584e-01,5.341630922060447428e-01,-6.497514316603683615e-03
4.071988915814596655e-01,5.301556551549967411e-01,5.342965539825377252e-01,-4.241425613658615645e-02
4.071988915814596655e-01,5.301556551549967411e-01,5.342965539825377252e-01,-4.241425613658615645e-02
4.071988915814596655e-01,5.301556551549967411e-01,5.342965539825377252e-01,-4.241425613658615645e-02
3.887389870021248361e-01,5.327997020671981776e-01,5.344032681986314870e-01,-4.570602828997162581e-02
3.887389870021248361e-01,5.327997020671981776e-01,5.344032681986314870e-01,-4.570602828997162581e-02
3.887389870021248361e-01,5.327997020671981776e-01,5.344032681986314870e-01,-4.570602828997162581e-02
3.771344857542574536e-01,5.352445388521900327e-01,5.344803543200482565e-01,-3.834035445971364919e-02
3.771344857542574536e-01,5.352445388521900327e-01,5.344803543200482565e-01,-3.834035445971364919e-02
3.771344857542574536e-01,5.352445388521900327e-01,5.344803543200482565e-01,-3.834035445971364919e-02
3.810489004930464052e-01,5.375050330837927159e-01,5.345305610039424726e-01,-2.334671379772786104e-02
3.810489004930464052e-01,5.375050330837927159e-01,5.345305610039424726e-01,-2.334671379772786104e-02
3.810489004930464052e-01,5.375050330837927159e-01,5.345305610039424726e-01,-2.334671379772786104e-02
4.568958155538532795e-01,4.377334725629553613e-01,5.403458411677730666e-01,-1.593542075217691326e-02
4.568958155538532795e-01,4.377334725629553613e-01,5.403458411677730666e-01,-1.593542075217691326e-02
4.568958155538532795e-01,4.377334725629553613e-01,5.403458411677730666e-01,-1.593542075217691326e-02
4.563009687083915411e-01,4.386790291931425001e-01,5.399355232767877322e-01,-1.755652179103871398e-04
4.563009687083915411e-01,4.386790291931425001e-01,5.399355232767877322e-01,-1.755652179103871398e-04
4.563009687083915411e-01,4.386790291931425001e-01,5.399355232767877322e-01,-1.755652179103871398e-04
4.542595874484609553e-01,4.400813198642863910e-01,5.395030695190476955e-01,2.649816559082438655e-02
4.542595874484609553e-01,4.400813198642863910e-01,5.395030695190476955e-01,2.649816559082438655e-02
4.542595874484609553e-01,4.400813198642863910e-01,5.395030695190476955e-01,2.649816559082438655e-02
4.595469224905623928e-01,4.414864538514206571e-01,5.390583513235723823e-01,8.802097971696701273e-02
4.595469224905623928e-01,4.414864538514206571e-01,5.390583513235723823e-01,8.802097971696701273e-02
4.595469224905623928e-01,4.414864538514206571e-01,5.390583513235723823e-01,8.802097971696701273e-02
4.748996197953647136e-01,4.432945238686413769e-01,5.386004885283733890e-01,1.215171497676461737e-01
4.748996197953647136e-01,4.432945238686413769e-01,5.386004885283733890e-01,1.215171497676461737e-01
4.748996197953647136e-01,4.432945238686413769e-01,5.386004885283733890e-01,1.215171497676461737e-01
4.784593617257679732e-01,4.463718085785699508e-01,5.381336181401468188e-01,6.645248035790360386e-02
4.784593617257679732e-01,4.463718085785699508e-01,5.381336181401468188e-01,6.645248035790360386e-02
4.784593617257679732e-01,4.463718085785699508e-01,5.381336181401468188e-01,6.645248035790360386e-02
4.916998584341392142e-01,4.489892445312396729e-01,5.376654380216006057e-01,-5.138606259899709816e-03
4.916998584341392142e-01,4.489892445312396729e-01,5.376654380216006057e-01,-5.138606259899709816e-03
4.916998584341392142e-01,4.489892445312396729e-01,5.376654380216006057e-01,-5.138606259899709816e-03
5.109691377420136904e-01,4.518552169984735301e-01,5.372012975773393650e-01,-4.390007232486344002e-02
5.109691377420136904e-01,4.518552169984735301e-01,5.372012975773393650e-01,-4.390007232486344002e-02
5.109691377420136904e-01,4.518552169984735301e-01,5.372012975773393650e-01,-4.390007232486344002e-02
5.328812598740149120e-01,4.544746210341278347e-01,5.367114045896181906e-01,-5.871176894890783871e-02
5.328812598740149120e-01,4.544746210341278347e-01,5.367114045896181906e-01,-5.871176894890783871e-02
5.328812598740149120e-01,4.544746210341278347e-01,5.367114045896181906e-01,-5.871176894890783871e-02
5.289488415510356090e-01,4.591396671702263066e-01,5.362216375393924483e-01,-7.862136899664504130e-02
5.289488415510356090e-01,4.591396671702263066e-01,5.362216375393924483e-01,-7.862136899664504130e-02
5.289488415510356090e-01,4.591396671702263066e-01,5.362216375393924483e-01,-7.862136899664504130e-02
4.996008721768230854e-01,4.636288941757737425e-01,5.357637856443889790e-01,-1.003731591875351575e-01
4.996008721768230854e-01,4.636288941757737425e-01,5.357637856443889790e-01,-1.003731591875351575e-01
4.996008721768230854e-01,4.636288941757737425e-01,5.357637856443889790e-01,-1.003731591875351575e-01
4.748143614944995150e-01,4.679674600369809756e-01,5.352672973943690682e-01,-1.131423013328153038e-01
4.748143614944995150e-01,4.679674600369809756e-01,5.352672973943690682e-01,-1.131423013328153038e-01
4.748143614944995150e-01,4.679674600369809756e-01,5.352672973943690682e-01,-1.131423013328153038e-01
4.749573011782168841e-01,4.723263454068643563e-01,5.348382952112691324e-01,-1.027388488420541840e-01
4.749573011782168841e-01,4.723263454068643563e-01,5.348382952112691324e-01,-1.027388488420541840e-01
4.749573011782168841e-01,4.723263454068643563e-01,5.348382952112691324e-01,-1.027388488420541840e-01
4.986967403730555026e-01,4.770766359462439432e-01,5.345029380929127161e-01,-8.087342316422604926e-02
4.986967403730555026e-01,4.770766359462439432e-01,5.345029380929127161e-01,-8.087342316422604926e-02
4.986967403730555026e-01,4.770766359462439432e-01,5.345029380929127161e-01,-8.087342316422604926e-02
5.364682990437441568e-01,4.821994730369242310e-01,5.342165677652859213e-01,-5.882792487106141416e-02
5.364682990437441568e-01,4.821994730369242310e-01,5.342165677652859213e-01,-5.882792487106141416e-02
5.364682990437441568e-01,4.821994730369242310e-01,5.342165677652859213e-01,-5.882792487106141416e-02
5.668554649382930855e-01,4.880853892289214180e-01,5.339745614239352900e-01,-5.891109988015246629e-02
5.668554649382930855e-01,4.880853892289214180e-01,5.339745614239352900e-01,-5.891109988015246629e-02
5.668554649382930855e-01,4.880853892289214180e-01,5.339745614239352900e-01,-5.891109988015246629e-02
5.781075048946353601e-01,4.941816814723977713e-01,5.337684771197550582e-01,-5.909253340610485378e-02
5.781075048946353601e-01,4.941816814723977713e-01,5.337684771197550582e-01,-5.909253340610485378e-02
5.781075048946353601e-01,4.941816814723977713e-01,5.337684771197550582e-01,-5.909253340610485378e-02
5.613335935536521992e-01,4.995035793376585431e-01,5.335927825418949055e-01,-7.588473682590882174e-02
5.613335935536521992e-01,4.995035793376585431e-01,5.335927825418949055e-01,-7.588473682590882174e-02
5.613335935536521992e-01,4.995035793376585431e-01,5.335927825418949055e-01,-7.588473682590882174e-02
5.353688972877765906e-01,5.040950871527570820e-01,5.335312469052706508e-01,-9.789642683602814421e-02
5.353688972877765906e-01,5.040950871527570820e-01,5.335312469052706508e-01,-9.789642683602814421e-02
5.353688972877765906e-01,5.040950871527570820e-01,5.335312469052706508e-01,-9.789642683602814421e-02
5.130082488073833824e-01,5.088957339341514396e-01,5.335862563535781478e-01,-7.668519353348225709e-02
5.130082488073833824e-01,5.088957339341514396e-01,5.335862563535781478e-01,-7.668519353348225709e-02
5.130082488073833824e-01,5.088957339341514396e-01,5.335862563535781478e-01,-7.668519353348225709e-02
5.000581293572742281e-01,5.140149494539041353e-01,5.335225911071197480e-01,-3.116723805300446876e-02
5.000581293572742281e-01,5.140149494539041353e-01,5.335225911071197480e-01,-3.116723805300446876e-02
5.000581293572742281e-01,5.140149494539041353e-01,5.335225911071197480e-01,-3.116723805300446876e-02
5.208760637116122139e-01,5.184717758119976594e-01,5.335435042134059058e-01,-7.858246573902095272e-03
5.208760637116122139e-01,5.184717758119976594e-01,5.335435042134059058e-01,-7.858246573902095272e-03
5.208760637116122139e-01,5.184717758119976594e-01,5.335435042134059058e-01,-7.858246573902095272e-03
5.607774390006547982e-01,5.223945795781352874e-01,5.336172405379568939e-01,2.359185213585870966e-03
5.607774390006547982e-01,5.223945795781352874e-01,5.336172405379568939e-01,2.359185213585870966e-03
5.607774390006547982e-01,5.223945795781352874e-01,5.336172405379568939e-01,2.359185213585870966e-03
5.892707683743568792e-01,5.260133559644641910e-01,5.337067941528506054e-01,1.338032816535606948e-02
5.892707683743568792e-01,5.260133559644641910e-01,5.337067941528506054e-01,1.338032816535606948e-02
5.892707683743568792e-01,5.260133559644641910e-01,5.337067941528506054e-01,1.338032816535606948e-02
5.882282897283954703e-01,5.293120264823141241e-01,5.338744682198635072e-01,2.758818608457591984e-02
5.882282897283954703e-01,5.293120264823141241e-01,5.338744682198635072e-01,2.758818608457591984e-02
5.882282897283954703e-01,5.293120264823141241e-01,5.338744682198635072e-01,2.758818608457591984e-02
5.335239890131392437e-01,5.325186493033191582e-01,5.340134537418590455e-01,2.266885915983958208e-02
5.335239890131392437e-01,5.325186493033191582e-01,5.340134537418590455e-01,2.266885915983958208e-02
5.335239890131392437e-01,5.325186493033191582e-01,5.340134537418590455e-01,2.266885915983958208e-02
4.758020629124710132e-01,5.350762328568252624e-01,5.341287545723287788e-01,6.675642964791630996e-03
4.758020629124710132e-01,5.350762328568252624e-01,5.341287545723287788e-01,6.675642964791630996e-03
4.758020629124710132e-01,5.350762328568252624e-01,5.341287545723287788e-01,6.675642964791630996e-03
4.358144971734271289e-01,5.375911680704401618e-01,5.342311307899545447e-01,9.316993636917202115e-03
4.358144971734271289e-01,5.375911680704401618e-01,5.342311307899545447e-01,9.316993636917202115e-03
4.358144971734271289e-01,5.375911680704401618e-01,5.342311307899545447e-01,9.316993636917202115e-03
4.177539797979875624e-01,5.399629604527704796e-01,5.343310939851323438e-01,2.115849094157654098e-02
4.177539797979875624e-01,5.399629604527704796e-01,5.343310939851323438e-01,2.115849094157654098e-02
4.177539797979875624e-01,5.399629604527704796e-01,5.343310939851323438e-01,2.115849094157654098e-02
4.202407048846384940e-01,5.422903226985154035e-01,5.344166395921238211e-01,2.665617339982818274e-02
4.202407048846384940e-01,5.422903226985154035e-01,5.344166395921238211e-01,2.665617339982818274e-02
4.202407048846384940e-01,5.422903226985154035e-01,5.344166395921238211e-01,2.665617339982818274e-02
4.408413736792835547e-01,4.368570153506131648e-01,5.408107736054268422e-01,-8.297473275561715461e-03
4.408413736792835547e-01,4.368570153506131648e-01,5.408107736054268422e-01,-8.297473275561715461e-03
4.408413736792835547e-01,4.368570153506131648e-01,5.408107736054268422e-01,-8.297473275561715461e-03
4.369160916636490866e-01,4.383725908606111998e-01,5.403926409681465426e-01,9.806415446341565020e-03
4.369160916636490866e-01,4.383725908606111998e-01,5.403926409681465426e-01,9.806415446341565020e-03
4.369160916636490866e-01,4.383725908606111998e-01,5.403926409681465426e-01,9.806415446341565020e-03
4.365120285355132412e-01,4.393721458360624887e-01,5.399351554094545813e-01,3.307056800123819168e-02
4.365120285355132412e-01,4.393721458360624887e-01,5.399351554094545813e-01,3.307056800123819168e-02
4.365120285355132412e-01,4.393721458360624887e-01,5.399351554094545813e-01,3.307056800123819168e-02
4.227454493063639296e-01,4.414801323345435846e-01,5.394607278406622353e-01,7.568392759959705063e-02
4.227454493063639296e-01,4.414801323345435846e-01,5.394607278406622353e-01,7.568392759959705063e-02
4.227454493063639296e-01,4.414801323345435846e-01,5.394607278406622353e-01,7.568392759959705063e-02
4.280410731485848608e-01,4.438635357028722916e-01,5.389523069307098346e-01,6.523358166028844773e-02
4.280410731485848608e-01,4.438635357028722916e-01,5.389523069307098346e-01,6.523358166028844773e-02
4.280410731485848608e-01,4.438635357028722916e-01,5.389523069307098346e-01,6.523358166028844773e-02
4.401507192642909461e-01,4.468338527104676050e-01,5.384378095412045706e-01,1.407098234022036848e-03
4.401507192642909461e-01,4.468338527104676050e-01,5.384378095412045706e-01,1.407098234022036848e-03
4.401507192642909461e-01,4.468338527104676050e-01,5.384378095412045706e-01,1.407098234022036848e-03
4.627954123189600977e-01,4.508482939782211263e-01,5.379049075858131079e-01,-5.992464913215486688e-02
4.627954123189600977e-01,4.508482939782211263e-01,5.379049075858131079e-01,-5.992464913215486688e-02
4.627954123189600977e-01,4.508482939782211263e-01,5.379049075858131079e-01,-5.992464913215486688e-02
5.048530092959599980e-01,4.546221313214264814e-01,5.373790267212357197e-01,-8.877462898910074007e-02
5.048530092959599980e-01,4.546221313214264814e-01,5.373790267212357197e-01,-8.877462898910074007e-02
5.048530092959599980e-01,4.546221313214264814e-01,5.373790267212357197e-01,-8.877462898910074007e-02
5.617279115085397345e-01,4.591749880243701232e-01,5.368217298754036637e-01,-9.912744447296180372e-02
5.617279115085397345e-01,4.591749880243701232e-01,5.368217298754036637e-01,-9.912744447296180372e-02
5.617279115085397345e-01,4.591749880243701232e-01,5.368217298754036637e-01,-9.912744447296180372e-02
5.847297298500250262e-01,4.645021453996076022e-01,5.362492903755413653e-01,-1.158963452932060822e-01
5.847297298500250262e-01,4.645021453996076022e-01,5.362492903755413653e-01,-1.158963452932060822e-01
5.847297298500250262e-01,4.645021453996076022e-01,5.362492903755413653e-01,-1.158963452932060822e-01
5.629889126590218451e-01,4.695967596587585779e-01,5.357191279913049442e-01,-1.247180117607460115e-01
5.629889126590218451e-01,4.695967596587585779e-01,5.357191279913049442e-01,-1.247180117607460115e-01
5.629889126590218451e-01,4.695967596587585779e-01,5.357191279913049442e-01,-1.247180117607460115e-01
5.292938684051098353e-01,4.740851434720259050e-01,5.351267922888757189e-01,-1.254152023552469186e-01
5.292938684051098353e-01,4.740851434720259050e-01,5.351267922888757189e-01,-1.254152023552469186e-01
5.292938684051098353e-01,4.740851434720259050e-01,5.351267922888757189e-01,-1.254152023552469186e-01
5.163741117640392453e-01,4.782472793269028077e-01,5.346638666145282492e-01,-1.114497003934621505e-01
5.163741117640392453e-01,4.782472793269028077e-01,5.346638666145282492e-01,-1.114497003934621505e-01
5.163741117640392453e-01,4.782472793269028077e-01,5.346638666145282492e-01,-1.114497003934621505e-01
5.377290274936041836e-01,4.830940579540211610e-01,5.341544655478038806e-01,-8.416998760864233264e-02
5.377290274936041836e-01,4.830940579540211610e-01,5.341544655478038806e-01,-8.416998760864233264e-02
5.377290274936041836e-01,4.830940579540211610e-01,5.341544655478038806e-01,-8.416998760864233264e-02
5.912095984582819153e-01,4.887015162746764507e-01,5.338221265940642501e-01,-4.918123502140427095e-02
5.912095984582819153e-01,4.887015162746764507e-01,5.338221265940642501e-01,-4.918123502140427095e-02
5.912095984582819153e-01,4.887015162746764507e-01,5.338221265940642501e-01,-4.918123502140427095e-02
6.391782750079633146e-01,4.949566455775122331e-01,5.335330724774089983e-01,-5.316945601163530072e-02
6.391782750079633146e-01,4.949566455775122331e-01,5.335330724774089983e-01,-5.316945601163530072e-02
6.391782750079633146e-01,4.949566455775122331e-01,5.335330724774089983e-01,-5.316945601163530072e-02
6.674993903707446830e-01,5.012203363536781309e-01,5.332691275739980252e-01,-6.821407372049344275e-02
6.674993903707446830e-01,5.012203363536781309e-01,5.332691275739980252e-01,-6.821407372049344275e-02
6.674993903707446830e-01,5.012203363536781309e-01,5.332691275739980252e-01,-6.821407372049344275e-02
6.542318473544347368e-01,5.071653593200464716e-01,5.332214443174895235e-01,-8.746145983531464219e-02
6.542318473544347368e-01,5.071653593200464716e-01,5.332214443174895235e-01,-8.746145983531464219e-02
6.542318473544347368e-01,5.071653593200464716e-01,5.332214443174895235e-01,-8.746145983531464219e-02
6.228486698130228927e-01,5.125411367019412356e-01,5.330680331376380643e-01,-1.089775222437077973e-01
6.228486698130228927e-01,5.125411367019412356e-01,5.330680331376380643e-01,-1.089775222437077973e-01
6.228486698130228927e-01,5.125411367019412356e-01,5.330680331376380643e-01,-1.089775222437077973e-01
5.863335125433760675e-01,5.172528407637724257e-01,5.331694308143501981e-01,-8.253729538680701361e-02
5.863335125433760675e-01,5.172528407637724257e-01,5.331694308143501981e-01,-8.253729538680701361e-02
5.863335125433760675e-01,5.172528407637724257e-01,5.331694308143501981e-01,-8.253729538680701361e-02
5.623793497653627460e-01,5.219918267934637868e-01,5.331042456118653128e-01,-1.529327409795474928e-02
5.623793497653627460e-01,5.219918267934637868e-01,5.331042456118653128e-01,-1.529327409795474928e-02
5.623793497653627460e-01,5.219918267934637868e-01,5.331042456118653128e-01,-1.529327409795474928e-02
5.695744583514679160e-01,5.261303856108638932e-01,5.331862525488655358e-01,2.160978068290064086e-02
5.695744583514679160e-01,5.261303856108638932e-01,5.331862525488655358e-01,2.160978068290064086e-02
5.695744583514679160e-01,5.261303856108638932e-01,5.331862525488655358e-01,2.160978068290064086e-02
5.937440269748632815e-01,5.297400651687127482e-01,5.333355315164433064e-01,3.345894383049780041e-02
5.937440269748632815e-01,5.297400651687127482e-01,5.333355315164433064e-01,3.345894383049780041e-02
5.937440269748632815e-01,5.297400651687127482e-01,5.333355315164433064e-01,3.345894383049780041e-02
6.061854547402720783e-01,5.327809238870833131e-01,5.334862144901890701e-01,3.510466709912077321e-02
6.061854547402720783e-01,5.327809238870833131e-01,5.334862144901890701e-01,3.510466709912077321e-02
6.061854547402720783e-01,5.327809238870833131e-01,5.334862144901890701e-01,3.510466709912077321e-02
6.059734713550770646e-01,5.358699189538715935e-01,5.336770231608478632e-01,3.666288178245462326e-02
6.059734713550770646e-01,5.358699189538715935e-01,5.336770231608478632e-01,3.666288178245462326e-02
6.059734713550770646e-01,5.358699189538715935e-01,5.336770231608478632e-01,3.666288178245462326e-02
5.791679042712396530e-01,5.383938349866583817e-01,5.338195417056467162e-01,2.607842854611545219e-02
5.791679042712396530e-01,5.383938349866583817e-01,5.338195417056467162e-01,2.607842854611545219e-02
5.791679042712396530e-01,5.383938349866583817e-01,5.338195417056467162e-01,2.607842854611545219e-02
5.396195808318329235e-01,5.408778993589218320e-01,5.339789280445050856e-01,2.267059601961131030e-02
5.396195808318329235e-01,5.408778993589218320e-01,5.339789280445050856e-01,2.267059601961131030e-02
5.396195808318329235e-01,5.408778993589218320e-01,5.339789280445050856e-01,2.267059601961131030e-02
5.073411811493780954e-01,5.432411917341983809e-01,5.340960733696313856e-01,4.032589904816792636e-02
5.073411811493780954e-01,5.432411917341983809e-01,5.340960733696313856e-01,4.032589904816792636e-02
5.073411811493780954e-01,5.432411917341983809e-01,5.340960733696313856e-01,4.032589904816792636e-02
5.001499108972647933e-01,5.457119780528160158e-01,5.342206711293824295e-01,5.156656771541789919e-02
5.001499108972647933e-01,5.457119780528160158e-01,5.342206711293824295e-01,5.156656771541789919e-02
5.001499108972647933e-01,5.457119780528160158e-01,5.342206711293824295e-01,5.156656771541789919e-02
4.964012675809074127e-01,5.477659946429719318e-01,5.343098890845294768e-01,5.954897419778277384e-02
4.964012675809074127e-01,5.477659946429719318e-01,5.343098890845294768e-01,5.954897419778277384e-02
4.964012675809074127e-01,5.477659946429719318e-01,5.343098890845294768e-01,5.954897419778277384e-02
4.426911793413396135e-01,4.367375538299254067e-01,5.413224783081069802e-01,-1.004438907903500156e-02
4.426911793413396135e-01,4.367375538299254067e-01,5.413224783081069802e-01,-1.004438907903500156e-02
4.426911793413396135e-01,4.367375538299254067e-01,5.413224783081069802e-01,-1.004438907903500156e-02
4.412267996702328166e-01,4.380669946261728231e-01,5.408988737849845796e-01,6.178665313421882049e-03
4.412267996702328166e-01,4.380669946261728231e-01,5.408988737849845796e-01,6.178665313421882049e-03
4.412267996702328166e-01,4.380669946261728231e-01,5.408988737849845796e-01,6.178665313421882049e-03
4.497656173162903892e-01,4.398784396441307587e-01,5.404415178438446432e-01,1.795973565163124994e-02
4.497656173162903892e-01,4.398784396441307587e-01,5.404415178438446432e-01,1.795973565163124994e-02
4.497656173162903892e-01,4.398784396441307587e-01,5.404415178438446432e-01,1.795973565163124994e-02
4.432616648690950734e-01,4.414305577875815567e-01,5.399550821065377537e-01,1.922622079336680154e-02
4.432616648690950734e-01,4.414305577875815567e-01,5.399550821065377537e-01,1.922622079336680154e-02
4.432616648690950734e-01,4.414305577875815567e-01,5.399550821065377537e-01,1.922622079336680154e-02
4.348031146055348906e-01,4.449282762590606177e-01,5.394142860994715072e-01,-1.766244822669261680e-02
4.348031146055348906e-01,4.449282762590606177e-01,5.394142860994715072e-01,-1.766244822669261680e-02
4.348031146055348906e-01,4.449282762590606177e-01,5.394142860994715072e-01,-1.766244822669261680e-02
4.267406285072281591e-01,4.485666388789295578e-01,5.388495390023162468e-01,-7.245744305004124530e-02
4.267406285072281591e-01,4.485666388789295578e-01,5.388495390023162468e-01,-7.245744305004124530e-02
4.267406285072281591e-01,4.485666388789295578e-01,5.388495390023162468e-01,-7.245744305004124530e-02
4.463154625499474726e-01,4.536569606277252587e-01,5.382419510682554531e-01,-1.100654243985587644e-01
4.463154625499474726e-01,4.536569606277252587e-01,5.382419510682554531e-01,-1.100654243985587644e-01
4.463154625499474726e-01,4.536569606277252587e-01,5.382419510682554531e-01,-1.100654243985587644e-01
5.053030376416961511e-01,4.599692372248632699e-01,5.376346456552825170e-01,-1.133031329288353428e-01
5.053030376416961511e-01,4.599692372248632699e-01,5.376346456552825170e-01,-1.133031329288353428e-01
5.053030376416961511e-01,4.599692372248632699e-01,5.376346456552825170e-01,-1.133031329288353428e-01
5.780993862711910625e-01,4.660734493522964428e-01,5.370235033346446585e-01,-9.995813856320899526e-02
5.780993862711910625e-01,4.660734493522964428e-01,5.370235033346446585e-01,-9.995813856320899526e-02
5.780993862711910625e-01,4.660734493522964428e-01,5.370235033346446585e-01,-9.995813856320899526e-02
6.218318161627440777e-01,4.718194839129836726e-01,5.363739275585227562e-01,-1.095033104574750921e-01
6.218318161627440777e-01,4.718194839129836726e-01,5.363739275585227562e-01,-1.095033104574750921e-01
6.218318161627440777e-01,4.718194839129836726e-01,5.363739275585227562e-01,-1.095033104574750921e-01
6.230042493723281227e-01,4.772733036221489256e-01,5.356786450319388493e-01,-1.073948951650852829e-01
6.230042493723281227e-01,4.772733036221489256e-01,5.356786450319388493e-01,-1.073948951650852829e-01
6.230042493723281227e-01,4.772733036221489256e-01,5.356786450319388493e-01,-1.073948951650852829e-01
5.926261855068678530e-01,4.817263579534950546e-01,5.350313059915545733e-01,-9.757769039247216059e-02
5.926261855068678530e-01,4.817263579534950546e-01,5.350313059915545733e-01,-9.757769039247216059e-02
5.926261855068678530e-01,4.817263579534950546e-01,5.350313059915545733e-01,-9.757769039247216059e-02
5.624640541820806749e-01,4.856003893234370206e-01,5.344252322330851346e-01,-8.973317846217497562e-02
5.624640541820806749e-01,4.856003893234370206e-01,5.344252322330851346e-01,-8.973317846217497562e-02
5.624640541820806749e-01,4.856003893234370206e-01,5.344252322330851346e-01,-8.973317846217497562e-02
5.717117285389453629e-01,4.901839791806796853e-01,5.338334878135628792e-01,-6.623272671128463407e-02
5.717117285389453629e-01,4.901839791806796853e-01,5.338334878135628792e-01,-6.623272671128463407e-02
5.717117285389453629e-01,4.901839791806796853e-01,5.338334878135628792e-01,-6.623272671128463407e-02
6.210833841830640800e-01,4.956468741030817249e-01,5.333601956885388740e-01,-3.155558936008259763e-02
6.210833841830640800e-01,4.956468741030817249e-01,5.333601956885388740e-01,-3.155558936008259763e-02
6.210833841830640800e-01,4.956468741030817249e-01,5.333601956885388740e-01,-3.155558936008259763e-02
6.687195708140589723e-01,5.014456384783925191e-01,5.330063231409334357e-01,-4.291429958688974811e-02
6.687195708140589723e-01,5.014456384783925191e-01,5.330063231409334357e-01,-4.291429958688974811e-02
6.687195708140589723e-01,5.014456384783925191e-01,5.330063231409334357e-01,-4.291429958688974811e-02
7.128642081163065747e-01,5.076724458977227572e-01,5.327708096236694058e-01,-6.074259477618566827e-02
7.128642081163065747e-01,5.076724458977227572e-01,5.327708096236694058e-01,-6.074259477618566827e-02
7.128642081163065747e-01,5.076724458977227572e-01,5.327708096236694058e-01,-6.074259477618566827e-02
7.045897171060706565e-01,5.142480856998887795e-01,5.326822484105709909e-01,-7.376255380107407666e-02
7.045897171060706565e-01,5.142480856998887795e-01,5.326822484105709909e-01,-7.376255380107407666e-02
7.045897171060706565e-01,5.142480856998887795e-01,5.326822484105709909e-01,-7.376255380107407666e-02
6.761011776759652259e-01,5.204477309236299476e-01,5.326010159498894003e-01,-9.981739605209888344e-02
6.761011776759652259e-01,5.204477309236299476e-01,5.326010159498894003e-01,-9.981739605209888344e-02
6.761011776759652259e-01,5.204477309236299476e-01,5.326010159498894003e-01,-9.981739605209888344e-02
6.210648126258818680e-01,5.255303528400488977e-01,5.326073292623501043e-01,-9.676597411354154188e-02
6.210648126258818680e-01,5.255303528400488977e-01,5.326073292623501043e-01,-9.676597411354154188e-02
6.210648126258818680e-01,5.255303528400488977e-01,5.326073292623501043e-01,-9.676597411354154188e-02
5.868015429363973023e-01,5.299703832290232342e-01,5.327879770985217700e-01,-3.621305486810422192e-02
5.868015429363973023e-01,5.299703832290232342e-01,5.327879770985217700e-01,-3.621305486810422192e-02
5.868015429363973023e-01,5.299703832290232342e-01,5.327879770985217700e-01,-3.621305486810422192e-02
5.845223699650698990e-01,5.341246576255147538e-01,5.329115694616374244e-01,1.957418875229200925e-02
5.845223699650698990e-01,5.341246576255147538e-01,5.329115694616374244e-01,1.957418875229200925e-02
5.845223699650698990e-01,5.341246576255147538e-01,5.329115694616374244e-01,1.957418875229200925e-02
5.921846081532863293e-01,5.380400101404092528e-01,5.330506442444863380e-01,4.580114521052090770e-02
5.921846081532863293e-01,5.380400101404092528e-01,5.330506442444863380e-01,4.580114521052090770e-02
5.921846081532863293e-01,5.380400101404092528e-01,5.330506442444863380e-01,4.580114521052090770e-02
5.904867241710511916e-01,5.413700532673273447e-01,5.332722982418465207e-01,4.421994449650274578e-02
5.904867241710511916e-01,5.413700532673273447e-01,5.332722982418465207e-01,4.421994449650274578e-02
5.904867241710511916e-01,5.413700532673273447e-01,5.332722982418465207e-01,4.421994449650274578e-02
5.836338506841747265e-01,5.435923841601228990e-01,5.335269023780011555e-01,2.994557875153541771e-02
5.836338506841747265e-01,5.435923841601228990e-01,5.335269023780011555e-01,2.994557875153541771e-02
5.836338506841747265e-01,5.435923841601228990e-01,5.335269023780011555e-01,2.994557875153541771e-02
5.570925679688177867e-01,5.456282178475626576e-01,5.337017503941555718e-01,1.015719785644719764e-02
5.570925679688177867e-01,5.456282178475626576e-01,5.337017503941555718e-01,1.015719785644719764e-02
5.570925679688177867e-01,5.456282178475626576e-01,5.337017503941555718e-01,1.015719785644719764e-02
5.459564816101336593e-01,5.479059293859107616e-01,5.338777217296932776e-01,1.713913814669929328e-02
5.459564816101336593e-01,5.479059293859107616e-01,5.338777217296932776e-01,1.713913814669929328e-02
5.459564816101336593e-01,5.479059293859107616e-01,5.338777217296932776e-01,1.713913814669929328e-02
5.703688668229485170e-01,5.503551924053108335e-01,5.339895547999333747e-01,4.222460955609350086e-02
5.703688668229485170e-01,5.503551924053108335e-01,5.339895547999333747e-01,4.222460955609350086e-02
5.703688668229485170e-01,5.503551924053108335e-01,5.339895547999333747e-01,4.222460955609350086e-02
5.973797749202450769e-01,5.525255475948886996e-01,5.341036398965098853e-01,6.130098552037036019e-02
5.973797749202450769e-01,5.525255475948886996e-01,5.341036398965098853e-01,6.130098552037036019e-02
5.973797749202450769e-01,5.525255475948886996e-01,5.341036398965098853e-01,6.130098552037036019e-02
5.942093279560768382e-01,5.546324558189397180e-01,5.342076460553988326e-01,7.251023553358360019e-02
5.942093279560768382e-01,5.546324558189397180e-01,5.342076460553988326e-01,7.251023553358360019e-02
5.942093279560768382e-01,5.546324558189397180e-01,5.342076460553988326e-01,7.251023553358360019e-02
4.520467360763033016e-01,4.366148174459159037e-01,5.418874045181958365e-01,-1.809386366228812881e-02
4.520467360763033016e-01,4.366148174459159037e-01,5.418874045181958365e-01,-1.809386366228812881e-02
4.520467360763033016e-01,4.366148174459159037e-01,5.418874045181958365e-01,-1.809386366228812881e-02
4.601459269307711653e-01,4.376282321905585748e-01,5.414689328738264695e-01,-1.175267515424913665e-02
4.601459269307711653e-01,4.376282321905585748e-01,5.414689328738264695e-01,-1.175267515424913665e-02
4.601459269307711653e-01,4.376282321905585748e-01,5.414689328738264695e-01,-1.175267515424913665e-02
4.738240800650001527e-01,4.401444711897843365e-01,5.410085930460575288e-01,-1.614359511561911861e-02
4.738240800650001527e-01,4.401444711897843365e-01,5.410085930460575288e-01,-1.614359511561911861e-02
4.738240800650001527e-01,4.401444711897843365e-01,5.410085930460575288e-01,-1.614359511561911861e-02
4.905367074882690526e-01,4.427641407781578442e-01,5.405151855881097367e-01,-4.968586587330989235e-02
4.905367074882690526e-01,4.427641407781578442e-01,5.405151855881097367e-01,-4.968586587330989235e-02
4.905367074882690526e-01,4.427641407781578442e-01,5.405151855881097367e-01,-4.968586587330989235e-02
4.869780917686973298e-01,4.460765293303232681e-01,5.399581807902513741e-01,-8.300410512026688836e-02
4.869780917686973298e-01,4.460765293303232681e-01,5.399581807902513741e-01,-8.300410512026688836e-02
4.869780917686973298e-01,4.460765293303232681e-01,5.399581807902513741e-01,-8.300410512026688836e-02
4.719846734343232653e-01,4.515374112298455866e-01,5.393485317273158941e-01,-1.159620037773747003e-01
4.719846734343232653e-01,4.515374112298455866e-01,5.393485317273158941e-01,-1.159620037773747003e-01
4.719846734343232653e-01,4.515374112298455866e-01,5.393485317273158941e-01,-1.159620037773747003e-01
4.733598280144974968e-01,4.584014828006888198e-01,5.387032853049171788e-01,-1.321360712231812728e-01
4.733598280144974968e-01,4.584014828006888198e-01,5.387032853049171788e-01,-1.321360712231812728e-01
4.733598280144974968e-01,4.584014828006888198e-01,5.387032853049171788e-01,-1.321360712231812728e-01
5.276096637877396578e-01,4.667108226139009552e-01,5.380165523585854759e-01,-1.158307014740841967e-01
5.276096637877396578e-01,4.667108226139009552e-01,5.380165523585854759e-01,-1.158307014740841967e-01
5.276096637877396578e-01,4.667108226139009552e-01,5.380165523585854759e-01,-1.158307014740841967e-01
5.930940031125306877e-01,4.744617497766549508e-01,5.373226575261409454e-01,-8.019740812008138708e-02
5.930940031125306877e-01,4.744617497766549508e-01,5.373226575261409454e-01,-8.019740812008138708e-02
5.930940031125306877e-01,4.744617497766549508e-01,5.373226575261409454e-01,-8.019740812008138708e-02
6.413540212907266058e-01,4.805002189412730385e-01,5.365746214234844436e-01,-5.709392525489989656e-02
6.413540212907266058e-01,4.805002189412730385e-01,5.365746214234844436e-01,-5.709392525489989656e-02
6.413540212907266058e-01,4.805002189412730385e-01,5.365746214234844436e-01,-5.709392525489989656e-02
6.572718646102717610e-01,4.857573809570265855e-01,5.357468746747398036e-01,-3.102184947154439099e-02
6.572718646102717610e-01,4.857573809570265855e-01,5.357468746747398036e-01,-3.102184947154439099e-02
6.572718646102717610e-01,4.857573809570265855e-01,5.357468746747398036e-01,-3.102184947154439099e-02
6.332335086583986694e-01,4.899797408698934875e-01,5.349775380916099721e-01,-1.477243005464189650e-02
6.332335086583986694e-01,4.899797408698934875e-01,5.349775380916099721e-01,-1.477243005464189650e-02
6.332335086583986694e-01,4.899797408698934875e-01,5.349775380916099721e-01,-1.477243005464189650e-02
5.988205485036492970e-01,4.939180186411553652e-01,5.341930361551483486e-01,-1.133414292734066624e-02
5.988205485036492970e-01,4.939180186411553652e-01,5.341930361551483486e-01,-1.133414292734066624e-02
5.988205485036492970e-01,4.939180186411553652e-01,5.341930361551483486e-01,-1.133414292734066624e-02
5.916931274561741949e-01,4.982202250609319982e-01,5.334948515170691019e-01,-1.975963498758663214e-02
5.916931274561741949e-01,4.982202250609319982e-01,5.334948515170691019e-01,-1.975963498758663214e-02
5.916931274561741949e-01,4.982202250609319982e-01,5.334948515170691019e-01,-1.975963498758663214e-02
6.159280666869186849e-01,5.027160968881662084e-01,5.328663854711214176e-01,-2.895765658749081817e-02
6.159280666869186849e-01,5.027160968881662084e-01,5.328663854711214176e-01,-2.895765658749081817e-02
6.159280666869186849e-01,5.027160968881662084e-01,5.328663854711214176e-01,-2.895765658749081817e-02
6.518500476408269906e-01,5.075253129873185109e-01,5.324275058306086050e-01,-4.963085173537390427e-02
6.518500476408269906e-01,5.075253129873185109e-01,5.324275058306086050e-01,-4.963085173537390427e-02
6.518500476408269906e-01,5.075253129873185109e-01,5.324275058306086050e-01,-4.963085173537390427e-02
6.935667261236233561e-01,5.134049430264755465e-01,5.321977233113284189e-01,-5.833209618915427552e-02
6.935667261236233561e-01,5.134049430264755465e-01,5.321977233113284189e-01,-5.833209618915427552e-02
6.935667261236233561e-01,5.134049430264755465e-01,5.321977233113284189e-01,-5.833209618915427552e-02
6.917123824007365140e-01,5.199876502775377940e-01,5.320458343766623077e-01,-6.616329965083520004e-02
6.917123824007365140e-01,5.199876502775377940e-01,5.320458343766623077e-01,-6.616329965083520004e-02
6.917123824007365140e-01,5.199876502775377940e-01,5.320458343766623077e-01,-6.616329965083520004e-02
6.672795845607705223e-01,5.266780721431553181e-01,5.320777203007291956e-01,-8.605245529156617390e-02
6.672795845607705223e-01,5.266780721431553181e-01,5.320777203007291956e-01,-8.605245529156617390e-02
6.672795845607705223e-01,5.266780721431553181e-01,5.320777203007291956e-01,-8.605245529156617390e-02
6.223327886423460908e-01,5.324838275281180699e-01,5.321201955780965331e-01,-8.762203376512481268e-02
6.223327886423460908e-01,5.324838275281180699e-01,5.321201955780965331e-01,-8.762203376512481268e-02
6.223327886423460908e-01,5.324838275281180699e-01,5.321201955780965331e-01,-8.762203376512481268e-02
5.806928924005525516e-01,5.371015033986970000e-01,5.324327823712884378e-01,-6.373291556696256133e-02
5.806928924005525516e-01,5.371015033986970000e-01,5.324327823712884378e-01,-6.373291556696256133e-02
5.806928924005525516e-01,5.371015033986970000e-01,5.324327823712884378e-01,-6.373291556696256133e-02
5.701806850305985996e-01,5.420336295651633218e-01,5.326534591419769260e-01,-1.758377516419420278e-02
5.701806850305985996e-01,5.420336295651633218e-01,5.326534591419769260e-01,-1.758377516419420278e-02
5.701806850305985996e-01,5.420336295651633218e-01,5.326534591419769260e-01,-1.758377516419420278e-02
5.746378072410964766e-01,5.465104835267117211e-01,5.328394609756770262e-01,2.768079190037390364e-02
5.746378072410964766e-01,5.465104835267117211e-01,5.328394609756770262e-01,2.768079190037390364e-02
5.746378072410964766e-01,5.465104835267117211e-01,5.328394609756770262e-01,2.768079190037390364e-02
5.697779622725241966e-01,5.499665108893327936e-01,5.331174431845810968e-01,2.726258182973986116e-02
5.697779622725241966e-01,5.499665108893327936e-01,5.331174431845810968e-01,2.726258182973986116e-02
5.697779622725241966e-01,5.499665108893327936e-01,5.331174431845810968e-01,2.726258182973986116e-02
5.527430167353978296e-01,5.522022524357194095e-01,5.333486903316513317e-01,1.078958633704351841e-02
5.527430167353978296e-01,5.522022524357194095e-01,5.333486903316513317e-01,1.078958633704351841e-02
5.527430167353978296e-01,5.522022524357194095e-01,5.333486903316513317e-01,1.078958633704351841e-02
5.298208252969349719e-01,5.542998524671645111e-01,5.335775409404419634e-01,-2.500786510086366876e-04
5.298208252969349719e-01,5.542998524671645111e-01,5.335775409404419634e-01,-2.500786510086366876e-04
5.298208252969349719e-01,5.542998524671645111e-01,5.335775409404419634e-01,-2.500786510086366876e-04
5.390761593560635667e-01,5.564356781018396925e-01,5.337665046054128615e-01,4.066209477480802609e-03
5.390761593560635667e-01,5.564356781018396925e-01,5.337665046054128615e-01,4.066209477480802609e-03
5.390761593560635667e-01,5.564356781018396925e-01,5.337665046054128615e-01,4.066209477480802609e-03
5.947930208059959423e-01,5.585003605247850222e-01,5.338813441682210836e-01,3.001072800315152805e-02
5.947930208059959423e-01,5.585003605247850222e-01,5.338813441682210836e-01,3.001072800315152805e-02
5.947930208059959423e-01,5.585003605247850222e-01,5.338813441682210836e-01,3.001072800315152805e-02
6.463653688573924860e-01,5.601026282052241623e-01,5.340113563429611521e-01,5.290309314712413058e-02
6.463653688573924860e-01,5.601026282052241623e-01,5.340113563429611521e-01,5.290309314712413058e-02
6.463653688573924860e-01,5.601026282052241623e-01,5.340113563429611521e-01,5.290309314712413058e-02
6.567525467308026332e-01,5.622705202245942280e-01,5.341195834394165676e-01,6.813832807183878293e-02
6.567525467308026332e-01,5.622705202245942280e-01,5.341195834394165676e-01,6.813832807183878293e-02
6.567525467308026332e-01,5.622705202245942280e-01,5.341195834394165676e-01,6.813832807183878293e-02
4.606786758112171309e-01,4.369530303439202457e-01,5.425047530642121973e-01,-2.037063138777101684e-02
4.606786758112171309e-01,4.369530303439202457e-01,5.425047530642121973e-01,-2.037063138777101684e-02
4.606786758112171309e-01,4.369530303439202457e-01,5.425047530642121973e-01,-2.037063138777101684e-02
4.739814952933808501e-01,4.387714566452920462e-01,5.420978043459760976e-01,-2.914376893989914855e-02
4.739814952933808501e-01,4.387714566452920462e-01,5.420978043459760976e-01,-2.914376893989914855e-02
4.739814952933808501e-01,4.387714566452920462e-01,5.420978043459760976e-01,-2.914376893989914855e-02
4.942663829425243960e-01,4.409233127619983650e-01,5.416493219089941746e-01,-4.667523444624795126e-02
4.942663829425243960e-01,4.409233127619983650e-01,5.416493219089941746e-01,-4.667523444624795126e-02
4.942663829425243960e-01,4.409233127619983650e-01,5.416493219089941746e-01,-4.667523444624795126e-02
5.198871657399464219e-01,4.444626907590697451e-01,5.411435591876578854e-01,-7.858869396925358131e-02
5.198871657399464219e-01,4.444626907590697451e-01,5.411435591876578854e-01,-7.858869396925358131e-02
5.198871657399464219e-01,4.444626907590697451e-01,5.411435591876578854e-01,-7.858869396925358131e-02
5.259466898772300336e-01,4.489023734343764449e-01,5.405863335030335337e-01,-1.076963551726857204e-01
5.259466898772300336e-01,4.489023734343764449e-01,5.405863335030335337e-01,-1.076963551726857204e-01
5.259466898772300336e-01,4.489023734343764449e-01,5.405863335030335337e-01,-1.076963551726857204e-01
5.244558642817955807e-01,4.552678411283132553e-01,5.399794619916853389e-01,-1.222617396924360750e-01
5.244558642817955807e-01,4.552678411283132553e-01,5.399794619916853389e-01,-1.222617396924360750e-01
5.244558642817955807e-01,4.552678411283132553e-01,5.399794619916853389e-01,-1.222617396924360750e-01
5.278928415788946005e-01,4.636004166287814310e-01,5.393106034350199085e-01,-1.136420765125362303e-01
5.278928415788946005e-01,4.636004166287814310e-01,5.393106034350199085e-01,-1.136420765125362303e-01
5.278928415788946005e-01,4.636004166287814310e-01,5.393106034350199085e-01,-1.136420765125362303e-01
5.626849299021586814e-01,4.732665642368165115e-01,5.385686454314027038e-01,-8.591866852709303948e-02
5.626849299021586814e-01,4.732665642368165115e-01,5.385686454314027038e-01,-8.591866852709303948e-02
5.626849299021586814e-01,4.732665642368165115e-01,5.385686454314027038e-01,-8.591866852709303948e-02
6.092328367269959077e-01,4.824930394091528352e-01,5.377478096515750927e-01,-4.019416559952686263e-02
6.092328367269959077e-01,4.824930394091528352e-01,5.377478096515750927e-01,-4.019416559952686263e-02
6.092328367269959077e-01,4.824930394091528352e-01,5.377478096515750927e-01,-4.019416559952686263e-02
6.474825346403765280e-01,4.888898728377896186e-01,5.368861242873577133e-01,5.559414557155267604e-03
6.474825346403765280e-01,4.888898728377896186e-01,5.368861242873577133e-01,5.559414557155267604e-03
6.474825346403765280e-01,4.888898728377896186e-01,5.368861242873577133e-01,5.559414557155267604e-03
6.560818015199691988e-01,4.938499298266395554e-01,5.360199422530957936e-01,5.227682890382938374e-02
6.560818015199691988e-01,4.938499298266395554e-01,5.360199422530957936e-01,5.227682890382938374e-02
6.560818015199691988e-01,4.938499298266395554e-01,5.360199422530957936e-01,5.227682890382938374e-02
6.389176194355885574e-01,4.980271358003808269e-01,5.350185437532359867e-01,7.388718044605838142e-02
6.389176194355885574e-01,4.980271358003808269e-01,5.350185437532359867e-01,7.388718044605838142e-02
6.389176194355885574e-01,4.980271358003808269e-01,5.350185437532359867e-01,7.388718044605838142e-02
6.114736084027614371e-01,5.022157550197199338e-01,5.340441333706580362e-01,5.968840932573410418e-02
6.114736084027614371e-01,5.022157550197199338e-01,5.340441333706580362e-01,5.968840932573410418e-02
6.114736084027614371e-01,5.022157550197199338e-01,5.340441333706580362e-01,5.968840932573410418e-02
5.956657495808890257e-01,5.059905766853706188e-01,5.332285923459232357e-01,2.318698145332583754e-02
5.956657495808890257e-01,5.059905766853706188e-01,5.332285923459232357e-01,2.318698145332583754e-02
5.956657495808890257e-01,5.059905766853706188e-01,5.332285923459232357e-01,2.318698145332583754e-02
6.059775296789309262e-01,5.095156644818255032e-01,5.324574397507960688e-01,-2.619358491388171228e-02
6.059775296789309262e-01,5.095156644818255032e-01,5.324574397507960688e-01,-2.619358491388171228e-02
6.059775296789309262e-01,5.095156644818255032e-01,5.324574397507960688e-01,-2.619358491388171228e-02
6.330722521955671755e-01,5.134495020128798659e-01,5.319222041400673007e-01,-5.967689249366819881e-02
6.330722521955671755e-01,5.134495020128798659e-01,5.319222041400673007e-01,-5.967689249366819881e-02
6.330722521955671755e-01,5.134495020128798659e-01,5.319222041400673007e-01,-5.967689249366819881e-02
6.609925291027329841e-01,5.186674766772954026e-01,5.316488612979665129e-01,-6.028263603308687407e-02
6.609925291027329841e-01,5.186674766772954026e-01,5.316488612979665129e-01,-6.028263603308687407e-02
6.609925291027329841e-01,5.186674766772954026e-01,5.316488612979665129e-01,-6.028263603308687407e-02
6.567059792890413972e-01,5.253121509663316591e-01,5.313962562057118477e-01,-6.135973789347436147e-02
6.567059792890413972e-01,5.253121509663316591e-01,5.313962562057118477e-01,-6.135973789347436147e-02
6.567059792890413972e-01,5.253121509663316591e-01,5.313962562057118477e-01,-6.135973789347436147e-02
6.302949154229282591e-01,5.321159675846546255e-01,5.315570899284134398e-01,-6.873263208370211652e-02
6.302949154229282591e-01,5.321159675846546255e-01,5.315570899284134398e-01,-6.873263208370211652e-02
6.302949154229282591e-01,5.321159675846546255e-01,5.315570899284134398e-01,-6.873263208370211652e-02
5.965464915021492232e-01,5.384365130015860146e-01,5.319283330787014652e-01,-7.101971428928742502e-02
5.965464915021492232e-01,5.384365130015860146e-01,5.319283330787014652e-01,-7.101971428928742502e-02
5.965464915021492232e-01,5.384365130015860146e-01,5.319283330787014652e-01,-7.101971428928742502e-02
5.637132834612342824e-01,5.440143253284370761e-01,5.320267979532492530e-01,-6.786402002745084427e-02
5.637132834612342824e-01,5.440143253284370761e-01,5.320267979532492530e-01,-6.786402002745084427e-02
5.637132834612342824e-01,5.440143253284370761e-01,5.320267979532492530e-01,-6.786402002745084427e-02
5.510914651788307861e-01,5.496425052441515913e-01,5.323739635111632840e-01,-4.330623581423927171e-02
5.510914651788307861e-01,5.496425052441515913e-01,5.323739635111632840e-01,-4.330623581423927171e-02
5.510914651788307861e-01,5.496425052441515913e-01,5.323739635111632840e-01,-4.330623581423927171e-02
5.478556532825136216e-01,5.550483889770527757e-01,5.327885225344595188e-01,-1.285066202319632561e-02
5.478556532825136216e-01,5.550483889770527757e-01,5.327885225344595188e-01,-1.285066202319632561e-02
5.478556532825136216e-01,5.550483889770527757e-01,5.327885225344595188e-01,-1.285066202319632561e-02
5.362601750780385812e-01,5.591703212310443760e-01,5.330659404817703617e-01,-1.476398284850133011e-02
5.362601750780385812e-01,5.591703212310443760e-01,5.330659404817703617e-01,-1.476398284850133011e-02
5.362601750780385812e-01,5.591703212310443760e-01,5.330659404817703617e-01,-1.476398284850133011e-02
5.230382439899708968e-01,5.618841013292008579e-01,5.332764331024155702e-01,-3.200647886204484316e-02
5.230382439899708968e-01,5.618841013292008579e-01,5.332764331024155702e-01,-3.200647886204484316e-02
5.230382439899708968e-01,5.618841013292008579e-01,5.332764331024155702e-01,-3.200647886204484316e-02
5.140697079827228899e-01,5.643108313286023803e-01,5.334584381405795828e-01,-4.475445665186249949e-02
5.140697079827228899e-01,5.643108313286023803e-01,5.334584381405795828e-01,-4.475445665186249949e-02
5.140697079827228899e-01,5.643108313286023803e-01,5.334584381405795828e-01,-4.475445665186249949e-02
5.373325650108737861e-01,5.662076074937973935e-01,5.336471077439530752e-01,-3.547169893494561688e-02
5.373325650108737861e-01,5.662076074937973935e-01,5.336471077439530752e-01,-3.547169893494561688e-02
5.373325650108737861e-01,5.662076074937973935e-01,5.336471077439530752e-01,-3.547169893494561688e-02
6.072305071911456853e-01,5.678119903728167106e-01,5.338281605100254623e-01,1.285431439677055948e-02
6.072305071911456853e-01,5.678119903728167106e-01,5.338281605100254623e-01,1.285431439677055948e-02
6.072305071911456853e-01,5.678119903728167106e-01,5.338281605100254623e-01,1.285431439677055948e-02
6.702884359201277675e-01,5.695788324496778854e-01,5.339520391838656899e-01,4.473592876800606966e-02
6.702884359201277675e-01,5.695788324496778854e-01,5.339520391838656899e-01,4.473592876800606966e-02
6.702884359201277675e-01,5.695788324496778854e-01,5.339520391838656899e-01,4.473592876800606966e-02
6.831608808778084629e-01,5.710608874800972012e-01,5.340661160237502036e-01,5.972538092185854242e-02
6.831608808778084629e-01,5.710608874800972012e-01,5.340661160237502036e-01,5.972538092185854242e-02
6.831608808778084629e-01,5.710608874800972012e-01,5.340661160237502036e-01,5.972538092185854242e-02
4.718797812230175470e-01,4.378758894781811239e-01,5.431708521964466740e-01,-1.696538218181085564e-02
4.718797812230175470e-01,4.378758894781811239e-01,5.431708521964466740e-01,-1.696538218181085564e-02
4.718797812230175470e-01,4.378758894781811239e-01,5.431708521964466740e-01,-1.696538218181085564e-02
4.895168179787500184e-01,4.407090881324032261e-01,5.427823068759086711e-01,-2.987653207830557114e-02
4.895168179787500184e-01,4.407090881324032261e-01,5.427823068759086711e-01,-2.987653207830557114e-02
4.895168179787500184e-01,4.407090881324032261e-01,5.427823068759086711e-01,-2.987653207830557114e-02
5.148702054777229975e-01,4.430164123341224225e-01,5.423483388953926898e-01,-4.650626511961365728e-02
5.148702054777229975e-01,4.430164123341224225e-01,5.423483388953926898e-01,-4.650626511961365728e-02
5.148702054777229975e-01,4.430164123341224225e-01,5.423483388953926898e-01,-4.650626511961365728e-02
5.380725633502171368e-01,4.474351321275801818e-01,5.418626838747626628e-01,-5.584435726969697034e-02
5.380725633502171368e-01,4.474351321275801818e-01,5.418626838747626628e-01,-5.584435726969697034e-02
5.380725633502171368e-01,4.474351321275801818e-01,5.418626838747626628e-01,-5.584435726969697034e-02
5.528496650664100898e-01,4.524379857192398768e-01,5.413224903552397160e-01,-7.864076665511915420e-02
5.528496650664100898e-01,4.524379857192398768e-01,5.413224903552397160e-01,-7.864076665511915420e-02
5.528496650664100898e-01,4.524379857192398768e-01,5.413224903552397160e-01,-7.864076665511915420e-02
5.621989236890794217e-01,4.593574218189339087e-01,5.407007355035774454e-01,-8.348168705611311302e-02
5.621989236890794217e-01,4.593574218189339087e-01,5.407007355035774454e-01,-8.348168705611311302e-02
5.621989236890794217e-01,4.593574218189339087e-01,5.407007355035774454e-01,-8.348168705611311302e-02
5.707500803997247463e-01,4.682580040906857977e-01,5.400053249166982816e-01,-5.872585960729816146e-02
5.707500803997247463e-01,4.682580040906857977e-01,5.400053249166982816e-01,-5.872585960729816146e-02
5.707500803997247463e-01,4.682580040906857977e-01,5.400053249166982816e-01,-5.872585960729816146e-02
5.940240449648268584e-01,4.784602440191645378e-01,5.392258718219570257e-01,-2.565412698013724499e-02
5.940240449648268584e-01,4.784602440191645378e-01,5.392258718219570257e-01,-2.565412698013724499e-02
5.940240449648268584e-01,4.784602440191645378e-01,5.392258718219570257e-01,-2.565412698013724499e-02
6.299341676304562876e-01,4.883325107163085099e-01,5.383707803522765900e-01,5.247896329821978047e-03
6.299341676304562876e-01,4.883325107163085099e-01,5.383707803522765900e-01,5.247896329821978047e-03
6.299341676304562876e-01,4.883325107163085099e-01,5.383707803522765900e-01,5.247896329821978047e-03
6.488865707978939135e-01,4.952820424478941996e-01,5.374287633464900349e-01,4.023886746633548173e-02
6.488865707978939135e-01,4.952820424478941996e-01,5.374287633464900349e-01,4.023886746633548173e-02
6.488865707978939135e-01,4.952820424478941996e-01,5.374287633464900349e-01,4.023886746633548173e-02
6.426609054558590772e-01,5.004869504945176351e-01,5.363768895802272230e-01,7.438621461211364361e-02
6.426609054558590772e-01,5.004869504945176351e-01,5.363768895802272230e-01,7.438621461211364361e-02
6.426609054558590772e-01,5.004869504945176351e-01,5.363768895802272230e-01,7.438621461211364361e-02
6.215372365968876434e-01,5.047306450893872531e-01,5.353087674005577723e-01,8.459389689454448191e-02
6.215372365968876434e-01,5.047306450893872531e-01,5.353087674005577723e-01,8.459389689454448191e-02
6.215372365968876434e-01,5.047306450893872531e-01,5.353087674005577723e-01,8.459389689454448191e-02
6.019801897658033640e-01,5.083850519895302122e-01,5.341144732983398313e-01,7.191119179428666353e-02
6.019801897658033640e-01,5.083850519895302122e-01,5.341144732983398313e-01,7.191119179428666353e-02
6.019801897658033640e-01,5.083850519895302122e-01,5.341144732983398313e-01,7.191119179428666353e-02
6.010989830141388879e-01,5.119604817631255855e-01,5.329523262165003494e-01,3.448890600763850761e-02
6.010989830141388879e-01,5.119604817631255855e-01,5.329523262165003494e-01,3.448890600763850761e-02
6.010989830141388879e-01,5.119604817631255855e-01,5.329523262165003494e-01,3.448890600763850761e-02
6.174628849286627474e-01,5.148490684198940848e-01,5.320825613790238773e-01,-1.409537514475616218e-02
6.174628849286627474e-01,5.148490684198940848e-01,5.320825613790238773e-01,-1.409537514475616218e-02
6.174628849286627474e-01,5.148490684198940848e-01,5.320825613790238773e-01,-1.409537514475616218e-02
6.316455230479258720e-01,5.183459076070968674e-01,5.314106407776207908e-01,-4.291859836362642289e-02
6.316455230479258720e-01,5.183459076070968674e-01,5.314106407776207908e-01,-4.291859836362642289e-02
6.316455230479258720e-01,5.183459076070968674e-01,5.314106407776207908e-01,-4.291859836362642289e-02
6.400219438512458892e-01,5.234215093192997603e-01,5.309357368905804897e-01,-4.159949354034148811e-02
6.400219438512458892e-01,5.234215093192997603e-01,5.309357368905804897e-01,-4.159949354034148811e-02
6.400219438512458892e-01,5.234215093192997603e-01,5.309357368905804897e-01,-4.159949354034148811e-02
6.302874280394704654e-01,5.299996011083158987e-01,5.309909650506788870e-01,-4.907308514311846392e-02
6.302874280394704654e-01,5.299996011083158987e-01,5.309909650506788870e-01,-4.907308514311846392e-02
6.302874280394704654e-01,5.299996011083158987e-01,5.309909650506788870e-01,-4.907308514311846392e-02
6.071020386273735525e-01,5.372111897479467935e-01,5.313409917986093856e-01,-5.640356920973659677e-02
6.071020386273735525e-01,5.372111897479467935e-01,5.313409917986093856e-01,-5.640356920973659677e-02
6.071020386273735525e-01,5.372111897479467935e-01,5.313409917986093856e-01,-5.640356920973659677e-02
5.821409627283244959e-01,5.444346110287180407e-01,5.315171865542193119e-01,-6.225618621204755121e-02
5.821409627283244959e-01,5.444346110287180407e-01,5.315171865542193119e-01,-6.225618621204755121e-02
5.821409627283244959e-01,5.444346110287180407e-01,5.315171865542193119e-01,-6.225618621204755121e-02
5.627255705330136415e-01,5.515152453768384921e-01,5.319112532847034558e-01,-7.105801550953658174e-02
5.627255705330136415e-01,5.515152453768384921e-01,5.319112532847034558e-01,-7.105801550953658174e-02
5.627255705330136415e-01,5.515152453768384921e-01,5.319112532847034558e-01,-7.105801550953658174e-02
5.471999401694198628e-01,5.580992512796059124e-01,5.322941484648141541e-01,-6.414287612099467406e-02
5.471999401694198628e-01,5.580992512796059124e-01,5.322941484648141541e-01,-6.414287612099467406e-02
5.471999401694198628e-01,5.580992512796059124e-01,5.322941484648141541e-01,-6.414287612099467406e-02
5.321045089207883105e-01,5.636739012423522821e-01,5.326200967485466009e-01,-4.744409487590896951e-02
5.321045089207883105e-01,5.636739012423522821e-01,5.326200967485466009e-01,-4.744409487590896951e-02
5.321045089207883105e-01,5.636739012423522821e-01,5.326200967485466009e-01,-4.744409487590896951e-02
5.285634329265564979e-01,5.684587689873985550e-01,5.329361507300256484e-01,-5.984194840953438455e-02
5.285634329265564979e-01,5.684587689873985550e-01,5.329361507300256484e-01,-5.984194840953438455e-02
5.285634329265564979e-01,5.684587689873985550e-01,5.329361507300256484e-01,-5.984194840953438455e-02
5.261270614807266321e-01,5.721308512357743403e-01,5.332090411786776230e-01,-7.762004216756961117e-02
5.261270614807266321e-01,5.721308512357743403e-01,5.332090411786776230e-01,-7.762004216756961117e-02
5.261270614807266321e-01,5.721308512357743403e-01,5.332090411786776230e-01,-7.762004216756961117e-02
5.266581637001070959e-01,5.749872871295007570e-01,5.334657522372380223e-01,-8.206645873379424250e-02
5.266581637001070959e-01,5.749872871295007570e-01,5.334657522372380223e-01,-8.206645873379424250e-02
5.266581637001070959e-01,5.749872871295007570e-01,5.334657522372380223e-01,-8.206645873379424250e-02
5.516173049348713775e-01,5.770310570638355063e-01,5.336277719551929533e-01,-5.375767458095750961e-02
5.516173049348713775e-01,5.770310570638355063e-01,5.336277719551929533e-01,-5.375767458095750961e-02
5.516173049348713775e-01,5.770310570638355063e-01,5.336277719551929533e-01,-5.375767458095750961e-02
6.058100393217697999e-01,5.783309795194631064e-01,5.337908247671371287e-01,3.528189318415299921e-03
6.058100393217697999e-01,5.783309795194631064e-01,5.337908247671371287e-01,3.528189318415299921e-03
6.058100393217697999e-01,5.783309795194631064e-01,5.337908247671371287e-01,3.528189318415299921e-03
6.650137936684281659e-01,5.798115113425386102e-01,5.339378911665393357e-01,3.610501531471285025e-02
6.650137936684281659e-01,5.798115113425386102e-01,5.339378911665393357e-01,3.610501531471285025e-02
6.650137936684281659e-01,5.798115113425386102e-01,5.339378911665393357e-01,3.610501531471285025e-02
6.802530677136020554e-01,5.806912402475077339e-01,5.340770025140394450e-01,5.387759898352387222e-02
6.802530677136020554e-01,5.806912402475077339e-01,5.340770025140394450e-01,5.387759898352387222e-02
6.802530677136020554e-01,5.806912402475077339e-01,5.340770025140394450e-01,5.387759898352387222e-02
4.864322647028586077e-01,4.395901732469652545e-01,5.438817834925515626e-01,-1.329166515439043558e-02
4.864322647028586077e-01,4.395901732469652545e-01,5.438817834925515626e-01,-1.329166515439043558e-02
4.864322647028586077e-01,4.395901732469652545e-01,5.438817834925515626e-01,-1.329166515439043558e-02
5.072972041701442336e-01,4.432198230062640576e-01,5.435209773835855129e-01,-1.963086704907194072e-02
5.072972041701442336e-01,4.432198230062640576e-01,5.435209773835855129e-01,-1.963086704907194072e-02
5.072972041701442336e-01,4.432198230062640576e-01,5.435209773835855129e-01,-1.963086704907194072e-02
5.341090985302079375e-01,4.457860935489099674e-01,5.431147187864872050e-01,-3.188398779828676560e-02
5.341090985302079375e-01,4.457860935489099674e-01,5.431147187864872050e-01,-3.188398779828676560e-02
5.341090985302079375e-01,4.457860935489099674e-01,5.431147187864872050e-01,-3.188398779828676560e-02
5.506708998402225497e-01,4.506356419520825551e-01,5.426555552561129758e-01,-4.181735187999575942e-02
5.506708998402225497e-01,4.506356419520825551e-01,5.426555552561129758e-01,-4.181735187999575942e-02
5.506708998402225497e-01,4.506356419520825551e-01,5.426555552561129758e-01,-4.181735187999575942e-02
5.665698953597683163e-01,4.562865233241117924e-01,5.421304015717312019e-01,-5.557438776335824060e-02
5.665698953597683163e-01,4.562865233241117924e-01,5.421304015717312019e-01,-5.557438776335824060e-02
5.665698953597683163e-01,4.562865233241117924e-01,5.421304015717312019e-01,-5.557438776335824060e-02
5.789372418549010302e-01,4.635467923986891781e-01,5.415346733861605699e-01,-5.474815761952822601e-02
5.789372418549010302e-01,4.635467923986891781e-01,5.415346733861605699e-01,-5.474815761952822601e-02
5.789372418549010302e-01,4.635467923986891781e-01,5.415346733861605699e-01,-5.474815761952822601e-02
5.888359350133826053e-01,4.724201289326062647e-01,5.408450392129446893e-01,-2.805531331687910121e-02
5.888359350133826053e-01,4.724201289326062647e-01,5.408450392129446893e-01,-2.805531331687910121e-02
5.888359350133826053e-01,4.724201289326062647e-01,5.408450392129446893e-01,-2.805531331687910121e-02
6.084853316855182159e-01,4.821610169002459312e-01,5.400805750967653251e-01,-5.198565852763927658e-03
6.084853316855182159e-01,4.821610169002459312e-01,5.400805750967653251e-01,-5.198565852763927658e-03
6.084853316855182159e-01,4.821610169002459312e-01,5.400805750967653251e-01,-5.198565852763927658e-03
6.296600002061518708e-01,4.919378029542970099e-01,5.391824366292676807e-01,6.769053190131659251e-03
6.296600002061518708e-01,4.919378029542970099e-01,5.391824366292676807e-01,6.769053190131659251e-03
6.296600002061518708e-01,4.919378029542970099e-01,5.391824366292676807e-01,6.769053190131659251e-03
6.346314766131061491e-01,4.992827656387436863e-01,5.381578558956501279e-01,4.273641899651095533e-02
6.346314766131061491e-01,4.992827656387436863e-01,5.381578558956501279e-01,4.273641899651095533e-02
6.346314766131061491e-01,4.992827656387436863e-01,5.381578558956501279e-01,4.273641899651095533e-02
6.240956261716057440e-01,5.046697622065217104e-01,5.370040073252444479e-01,6.701303789617682471e-02
6.240956261716057440e-01,5.046697622065217104e-01,5.370040073252444479e-01,6.701303789617682471e-02
6.240956261716057440e-01,5.046697622065217104e-01,5.370040073252444479e-01,6.701303789617682471e-02
6.142848371318574419e-01,5.088624880326901856e-01,5.357503877644882451e-01,6.871846530343288240e-02
6.142848371318574419e-01,5.088624880326901856e-01,5.357503877644882451e-01,6.871846530343288240e-02
6.142848371318574419e-01,5.088624880326901856e-01,5.357503877644882451e-01,6.871846530343288240e-02
6.187413387596100156e-01,5.121407506477997362e-01,5.344541353524998595e-01,5.485594791994361646e-02
6.187413387596100156e-01,5.121407506477997362e-01,5.344541353524998595e-01,5.485594791994361646e-02
6.187413387596100156e-01,5.121407506477997362e-01,5.344541353524998595e-01,5.485594791994361646e-02
6.353484656155283794e-01,5.151759803916651226e-01,5.331715108717436369e-01,2.732492195595850881e-02
6.353484656155283794e-01,5.151759803916651226e-01,5.331715108717436369e-01,2.732492195595850881e-02
6.353484656155283794e-01,5.151759803916651226e-01,5.331715108717436369e-01,2.732492195595850881e-02
6.552007426706510929e-01,5.179295959034667662e-01,5.320227679015812061e-01,-7.525543510479851955e-03
6.552007426706510929e-01,5.179295959034667662e-01,5.320227679015812061e-01,-7.525543510479851955e-03
6.552007426706510929e-01,5.179295959034667662e-01,5.320227679015812061e-01,-7.525543510479851955e-03
6.561498547025697015e-01,5.215710825303934151e-01,5.312314057352287566e-01,-2.758732504186049705e-02
6.561498547025697015e-01,5.215710825303934151e-01,5.312314057352287566e-01,-2.758732504186049705e-02
6.561498547025697015e-01,5.215710825303934151e-01,5.312314057352287566e-01,-2.758732504186049705e-02
6.394173104257134810e-01,5.269868214857946764e-01,5.308767180375014716e-01,-3.107387343070274963e-02
6.394173104257134810e-01,5.269868214857946764e-01,5.308767180375014716e-01,-3.107387343070274963e-02
6.394173104257134810e-01,5.269868214857946764e-01,5.308767180375014716e-01,-3.107387343070274963e-02
6.186177967640584807e-01,5.341954443787735318e-01,5.308354707336615519e-01,-4.670392680998375345e-02
6.186177967640584807e-01,5.341954443787735318e-01,5.308354707336615519e-01,-4.670392680998375345e-02
6.186177967640584807e-01,5.341954443787735318e-01,5.308354707336615519e-01,-4.670392680998375345e-02
6.030988301450239675e-01,5.424535671236441203e-01,5.310097682413095210e-01,-5.099448810680876770e-02
6.030988301450239675e-01,5.424535671236441203e-01,5.310097682413095210e-01,-5.099448810680876770e-02
6.030988301450239675e-01,5.424535671236441203e-01,5.310097682413095210e-01,-5.099448810680876770e-02
5.885060316294303817e-01,5.510202076644841185e-01,5.313412150216689778e-01,-5.370049881177166307e-02
5.885060316294303817e-01,5.510202076644841185e-01,5.313412150216689778e-01,-5.370049881177166307e-02
5.885060316294303817e-01,5.510202076644841185e-01,5.313412150216689778e-01,-5.370049881177166307e-02
5.817508324176018375e-01,5.595589134657057429e-01,5.318354095076608390e-01,-6.461576316743229687e-02
5.817508324176018375e-01,5.595589134657057429e-01,5.318354095076608390e-01,-6.461576316743229687e-02
5.817508324176018375e-01,5.595589134657057429e-01,5.318354095076608390e-01,-6.461576316743229687e-02
5.820965796928896374e-01,5.672328363972991561e-01,5.323161624282473081e-01,-6.934550861443236625e-02
5.820965796928896374e-01,5.672328363972991561e-01,5.323161624282473081e-01,-6.934550861443236625e-02
5.820965796928896374e-01,5.672328363972991561e-01,5.323161624282473081e-01,-6.934550861443236625e-02
5.669114564309863935e-01,5.734236043764850965e-01,5.327035357149821904e-01,-7.435083508215123427e-02
5.669114564309863935e-01,5.734236043764850965e-01,5.327035357149821904e-01,-7.435083508215123427e-02
5.669114564309863935e-01,5.734236043764850965e-01,5.327035357149821904e-01,-7.435083508215123427e-02
5.549867984486389627e-01,5.786230903796847347e-01,5.329318882497995347e-01,-9.808041674618404870e-02
5.549867984486389627e-01,5.786230903796847347e-01,5.329318882497995347e-01,-9.808041674618404870e-02
5.549867984486389627e-01,5.786230903796847347e-01,5.329318882497995347e-01,-9.808041674618404870e-02
5.505588668615766235e-01,5.824643640014826040e-01,5.332304450559148812e-01,-1.133580303874841128e-01
5.505588668615766235e-01,5.824643640014826040e-01,5.332304450559148812e-01,-1.133580303874841128e-01
5.505588668615766235e-01,5.824643640014826040e-01,5.332304450559148812e-01,-1.133580303874841128e-01
5.475230936011068472e-01,5.856565495039658398e-01,5.334447236662771541e-01,-9.596754242364988197e-02
5.475230936011068472e-01,5.856565495039658398e-01,5.334447236662771541e-01,-9.596754242364988197e-02
5.475230936011068472e-01,5.856565495039658398e-01,5.334447236662771541e-01,-9.596754242364988197e-02
5.628392466659039028e-01,5.876849983835000790e-01,5.336720684462635811e-01,-4.616152100277041981e-02
5.628392466659039028e-01,5.876849983835000790e-01,5.336720684462635811e-01,-4.616152100277041981e-02
5.628392466659039028e-01,5.876849983835000790e-01,5.336720684462635811e-01,-4.616152100277041981e-02
6.015707000148367012e-01,5.890473662532904608e-01,5.338384544470159421e-01,1.225698400393683898e-02
6.015707000148367012e-01,5.890473662532904608e-01,5.338384544470159421e-01,1.225698400393683898e-02
6.015707000148367012e-01,5.890473662532904608e-01,5.338384544470159421e-01,1.225698400393683898e-02
6.385763943483362404e-01,5.903190060569172282e-01,5.339814707321912657e-01,4.380662103892590808e-02
6.385763943483362404e-01,5.903190060569172282e-01,5.339814707321912657e-01,4.380662103892590808e-02
6.385763943483362404e-01,5.903190060569172282e-01,5.339814707321912657e-01,4.380662103892590808e-02
6.546860127948040953e-01,5.908549139288826746e-01,5.341121245029172293e-01,5.732596016026407504e-02
6.546860127948040953e-01,5.908549139288826746e-01,5.341121245029172293e-01,5.732596016026407504e-02
6.546860127948040953e-01,5.908549139288826746e-01,5.341121245029172293e-01,5.732596016026407504e-02
4.825330682586724818e-01,4.428620883658977991e-01,5.446397541961693900e-01,-1.155302473542435190e-02
4.825330682586724818e-01,4.428620883658977991e-01,5.446397541961693900e-01,-1.155302473542435190e-02
4.825330682586724818e-01,4.428620883658977991e-01,5.446397541961693900e-01,-1.155302473542435190e-02
5.155145647965038158e-01,4.463428743411487210e-01,5.443090742045387787e-01,-1.325106295739145873e-02
5.155145647965038158e-01,4.463428743411487210e-01,5.443090742045387787e-01,-1.325106295739145873e-02
5.155145647965038158e-01,4.463428743411487210e-01,5.443090742045387787e-01,-1.325106295739145873e-02
5.467136861153143457e-01,4.489225126526416032e-01,5.439396053120492125e-01,-2.239507068303039916e-02
5.467136861153143457e-01,4.489225126526416032e-01,5.439396053120492125e-01,-2.239507068303039916e-02
5.467136861153143457e-01,4.489225126526416032e-01,5.439396053120492125e-01,-2.239507068303039916e-02
5.724476768647549507e-01,4.539411937424422394e-01,5.435190270459060446e-01,-4.934591016129429020e-02
5.724476768647549507e-01,4.539411937424422394e-01,5.435190270459060446e-01,-4.934591016129429020e-02
5.724476768647549507e-01,4.539411937424422394e-01,5.435190270459060446e-01,-4.934591016129429020e-02
5.809237113320032675e-01,4.599675182900626602e-01,5.430343306354088462e-01,-6.305718746598214242e-02
5.809237113320032675e-01,4.599675182900626602e-01,5.430343306354088462e-01,-6.305718746598214242e-02
5.809237113320032675e-01,4.599675182900626602e-01,5.430343306354088462e-01,-6.305718746598214242e-02
5.887925599169345769e-01,4.672446746302515996e-01,5.424722810294058117e-01,-6.059867022320238744e-02
5.887925599169345769e-01,4.672446746302515996e-01,5.424722810294058117e-01,-6.059867022320238744e-02
5.887925599169345769e-01,4.672446746302515996e-01,5.424722810294058117e-01,-6.059867022320238744e-02
5.908522525354397148e-01,4.759646181955650701e-01,5.418214992865753032e-01,-4.527782409791571150e-02
5.908522525354397148e-01,4.759646181955650701e-01,5.418214992865753032e-01,-4.527782409791571150e-02
5.908522525354397148e-01,4.759646181955650701e-01,5.418214992865753032e-01,-4.527782409791571150e-02
5.990613450565732689e-01,4.849206024089885991e-01,5.410514067630008972e-01,-2.755257596598544023e-02
5.990613450565732689e-01,4.849206024089885991e-01,5.410514067630008972e-01,-2.755257596598544023e-02
5.990613450565732689e-01,4.849206024089885991e-01,5.410514067630008972e-01,-2.755257596598544023e-02
6.089624573697571819e-01,4.939548640659738865e-01,5.401624707121432944e-01,-5.941555885108720098e-03
6.089624573697571819e-01,4.939548640659738865e-01,5.401624707121432944e-01,-5.941555885108720098e-03
6.089624573697571819e-01,4.939548640659738865e-01,5.401624707121432944e-01,-5.941555885108720098e-03
6.128398499354508200e-01,5.010489181307303808e-01,5.391265323565689327e-01,2.732180786806927969e-02
6.128398499354508200e-01,5.010489181307303808e-01,5.391265323565689327e-01,2.732180786806927969e-02
6.128398499354508200e-01,5.010489181307303808e-01,5.391265323565689327e-01,2.732180786806927969e-02
6.200678311312270985e-01,5.065595694151440176e-01,5.379550278779037242e-01,5.311269752601385785e-02
6.200678311312270985e-01,5.065595694151440176e-01,5.379550278779037242e-01,5.311269752601385785e-02
6.200678311312270985e-01,5.065595694151440176e-01,5.379550278779037242e-01,5.311269752601385785e-02
6.339949612129678336e-01,5.106119801349942033e-01,5.365292118255892140e-01,4.896956306746382687e-02
6.339949612129678336e-01,5.106119801349942033e-01,5.365292118255892140e-01,4.896956306746382687e-02
6.339949612129678336e-01,5.106119801349942033e-01,5.365292118255892140e-01,4.896956306746382687e-02
6.587403435055114720e-01,5.134742883786513890e-01,5.351282456386823316e-01,3.011332337255893249e-02
6.587403435055114720e-01,5.134742883786513890e-01,5.351282456386823316e-01,3.011332337255893249e-02
6.587403435055114720e-01,5.134742883786513890e-01,5.351282456386823316e-01,3.011332337255893249e-02
6.821433738658364554e-01,5.156638968235259801e-01,5.336511105823626977e-01,5.127802951841609752e-03
6.821433738658364554e-01,5.156638968235259801e-01,5.336511105823626977e-01,5.127802951841609752e-03
6.821433738658364554e-01,5.156638968235259801e-01,5.336511105823626977e-01,5.127802951841609752e-03
6.981140376504353373e-01,5.183676547199456142e-01,5.324216335819607071e-01,-2.064184211918847212e-02
6.981140376504353373e-01,5.183676547199456142e-01,5.324216335819607071e-01,-2.064184211918847212e-02
6.981140376504353373e-01,5.183676547199456142e-01,5.324216335819607071e-01,-2.064184211918847212e-02
6.882163164111604337e-01,5.226542809962420044e-01,5.315278745502407531e-01,-3.701729408668349985e-02
6.882163164111604337e-01,5.226542809962420044e-01,5.315278745502407531e-01,-3.701729408668349985e-02
6.882163164111604337e-01,5.226542809962420044e-01,5.315278745502407531e-01,-3.701729408668349985e-02
6.529420330983815024e-01,5.290165247584581731e-01,5.309733065204785829e-01,-4.566174528016569978e-02
6.529420330983815024e-01,5.290165247584581731e-01,5.309733065204785829e-01,-4.566174528016569978e-02
6.529420330983815024e-01,5.290165247584581731e-01,5.309733065204785829e-01,-4.566174528016569978e-02
6.247998692135743326e-01,5.376185010269004527e-01,5.309363842121330723e-01,-5.777287032559873248e-02
6.247998692135743326e-01,5.376185010269004527e-01,5.309363842121330723e-01,-5.777287032559873248e-02
6.247998692135743326e-01,5.376185010269004527e-01,5.309363842121330723e-01,-5.777287032559873248e-02
6.167983892267516755e-01,5.473782250655175874e-01,5.309735113268285733e-01,-5.150292647144342345e-02
6.167983892267516755e-01,5.473782250655175874e-01,5.309735113268285733e-01,-5.150292647144342345e-02
6.167983892267516755e-01,5.473782250655175874e-01,5.309735113268285733e-01,-5.150292647144342345e-02
6.181565160871729248e-01,5.576513640213881517e-01,5.315528114947773997e-01,-4.400364194550360208e-02
6.181565160871729248e-01,5.576513640213881517e-01,5.315528114947773997e-01,-4.400364194550360208e-02
6.181565160871729248e-01,5.576513640213881517e-01,5.315528114947773997e-01,-4.400364194550360208e-02
6.305162549408835915e-01,5.675338925790309741e-01,5.319476899784409962e-01,-3.799142155169220325e-02
6.305162549408835915e-01,5.675338925790309741e-01,5.319476899784409962e-01,-3.799142155169220325e-02
6.305162549408835915e-01,5.675338925790309741e-01,5.319476899784409962e-01,-3.799142155169220325e-02
6.465644387064612975e-01,5.762601232572720500e-01,5.323642231370737665e-01,-4.285500584167050570e-02
6.465644387064612975e-01,5.762601232572720500e-01,5.323642231370737665e-01,-4.285500584167050570e-02
6.465644387064612975e-01,5.762601232572720500e-01,5.323642231370737665e-01,-4.285500584167050570e-02
6.246795100884628971e-01,5.833845972561175763e-01,5.327077522005017052e-01,-6.861964888444693766e-02
6.246795100884628971e-01,5.833845972561175763e-01,5.327077522005017052e-01,-6.861964888444693766e-02
6.246795100884628971e-01,5.833845972561175763e-01,5.327077522005017052e-01,-6.861964888444693766e-02
5.903151522076510727e-01,5.893694162322408170e-01,5.330704901242961924e-01,-1.036760830881820195e-01
5.903151522076510727e-01,5.893694162322408170e-01,5.330704901242961924e-01,-1.036760830881820195e-01
5.903151522076510727e-01,5.893694162322408170e-01,5.330704901242961924e-01,-1.036760830881820195e-01
5.748473044287307765e-01,5.932170121873917568e-01,5.333115599575015686e-01,-1.183091668877515601e-01
5.748473044287307765e-01,5.932170121873917568e-01,5.333115599575015686e-01,-1.183091668877515601e-01
5.748473044287307765e-01,5.932170121873917568e-01,5.333115599575015686e-01,-1.183091668877515601e-01
5.663407696322502183e-01,5.964051639225860235e-01,5.335374676436157593e-01,-8.715718869811166225e-02
5.663407696322502183e-01,5.964051639225860235e-01,5.335374676436157593e-01,-8.715718869811166225e-02
5.663407696322502183e-01,5.964051639225860235e-01,5.335374676436157593e-01,-8.715718869811166225e-02
5.726823924160948653e-01,5.983300378617952830e-01,5.337573254101566356e-01,-2.267087717427456947e-02
5.726823924160948653e-01,5.983300378617952830e-01,5.337573254101566356e-01,-2.267087717427456947e-02
5.726823924160948653e-01,5.983300378617952830e-01,5.337573254101566356e-01,-2.267087717427456947e-02
5.800655252556297103e-01,5.997762816451822632e-01,5.339333115235236349e-01,3.169229280700199686e-02
5.800655252556297103e-01,5.997762816451822632e-01,5.339333115235236349e-01,3.169229280700199686e-02
5.800655252556297103e-01,5.997762816451822632e-01,5.339333115235236349e-01,3.169229280700199686e-02
5.940147416859795637e-01,6.009258675332818100e-01,5.340676441716742939e-01,5.766955520283465614e-02
5.940147416859795637e-01,6.009258675332818100e-01,5.340676441716742939e-01,5.766955520283465614e-02
5.940147416859795637e-01,6.009258675332818100e-01,5.340676441716742939e-01,5.766955520283465614e-02
5.964137684478578727e-01,6.016016240525348113e-01,5.341629119796579284e-01,5.899291629928894026e-02
5.964137684478578727e-01,6.016016240525348113e-01,5.341629119796579284e-01,5.899291629928894026e-02
5.964137684478578727e-01,6.016016240525348113e-01,5.341629119796579284e-01,5.899291629928894026e-02
4.621427332105089714e-01,4.472718646059413716e-01,5.454494298945804509e-01,-1.635028344578783738e-02
4.621427332105089714e-01,4.472718646059413716e-01,5.454494298945804509e-01,-1.635028344578783738e-02
4.621427332105089714e-01,4.472718646059413716e-01,5.454494298945804509e-01,-1.635028344578783738e-02
4.997914804546215173e-01,4.504509727070770686e-01,5.451523004297855746e-01,-1.366302355185177071e-02
4.997914804546215173e-01,4.504509727070770686e-01,5.451523004297855746e-01,-1.366302355185177071e-02
4.997914804546215173e-01,4.504509727070770686e-01,5.451523004297855746e-01,-1.366302355185177071e-02
5.476160173127738728e-01,4.528325012522481652e-01,5.448090185778319272e-01,-2.664755451705464254e-02
5.476160173127738728e-01,4.528325012522481652e-01,5.448090185778319272e-01,-2.664755451705464254e-02
5.476160173127738728e-01,4.528325012522481652e-01,5.448090185778319272e-01,-2.664755451705464254e-02
6.038211121740733045e-01,4.575613022086942316e-01,5.444432958621774343e-01,-5.627360277581312797e-02
6.038211121740733045e-01,4.575613022086942316e-01,5.444432958621774343e-01,-5.627360277581312797e-02
6.038211121740733045e-01,4.575613022086942316e-01,5.444432958621774343e-01,-5.627360277581312797e-02
6.177469262575908671e-01,4.632127295732459960e-01,5.440144617894545620e-01,-6.351623963049084221e-02
6.177469262575908671e-01,4.632127295732459960e-01,5.440144617894545620e-01,-6.351623963049084221e-02
6.177469262575908671e-01,4.632127295732459960e-01,5.440144617894545620e-01,-6.351623963049084221e-02
6.273301916745550599e-01,4.700683181404656796e-01,5.435112360591896064e-01,-6.245612986918265552e-02
6.273301916745550599e-01,4.700683181404656796e-01,5.435112360591896064e-01,-6.245612986918265552e-02
6.273301916745550599e-01,4.700683181404656796e-01,5.435112360591896064e-01,-6.245612986918265552e-02
6.188243024834876316e-01,4.783283984362198815e-01,5.429100628292704567e-01,-5.747143070491159134e-02
6.188243024834876316e-01,4.783283984362198815e-01,5.429100628292704567e-01,-5.747143070491159134e-02
6.188243024834876316e-01,4.783283984362198815e-01,5.429100628292704567e-01,-5.747143070491159134e-02
6.139713243723740055e-01,4.866970034696668224e-01,5.421995047864127670e-01,-3.834899027039529590e-02
6.139713243723740055e-01,4.866970034696668224e-01,5.421995047864127670e-01,-3.834899027039529590e-02
6.139713243723740055e-01,4.866970034696668224e-01,5.421995047864127670e-01,-3.834899027039529590e-02
6.158071619660105966e-01,4.946763191681576854e-01,5.413457457989225841e-01,-1.092625837423073787e-02
6.158071619660105966e-01,4.946763191681576854e-01,5.413457457989225841e-01,-1.092625837423073787e-02
6.158071619660105966e-01,4.946763191681576854e-01,5.413457457989225841e-01,-1.092625837423073787e-02
6.261394590375450875e-01,5.012332266307233386e-01,5.403234770612473925e-01,2.228115211604253521e-02
6.261394590375450875e-01,5.012332266307233386e-01,5.403234770612473925e-01,2.228115211604253521e-02
6.261394590375450875e-01,5.012332266307233386e-01,5.403234770612473925e-01,2.228115211604253521e-02
6.490803679378167601e-01,5.068554905625677343e-01,5.391386478176486419e-01,4.442177776697400771e-02
6.490803679378167601e-01,5.068554905625677343e-01,5.391386478176486419e-01,4.442177776697400771e-02
6.490803679378167601e-01,5.068554905625677343e-01,5.391386478176486419e-01,4.442177776697400771e-02
6.679625531811652639e-01,5.109863994979246815e-01,5.377444522751891887e-01,3.694462138251460026e-02
6.679625531811652639e-01,5.109863994979246815e-01,5.377444522751891887e-01,3.694462138251460026e-02
6.679625531811652639e-01,5.109863994979246815e-01,5.377444522751891887e-01,3.694462138251460026e-02
6.978078353170700243e-01,5.134755904733593335e-01,5.362076368675305904e-01,1.473980465011203410e-02
6.978078353170700243e-01,5.134755904733593335e-01,5.362076368675305904e-01,1.473980465011203410e-02
6.978078353170700243e-01,5.134755904733593335e-01,5.362076368675305904e-01,1.473980465011203410e-02
7.283974614513468726e-01,5.148145589264825350e-01,5.347117881827961883e-01,-9.992251216402832023e-03
7.283974614513468726e-01,5.148145589264825350e-01,5.347117881827961883e-01,-9.992251216402832023e-03
7.283974614513468726e-01,5.148145589264825350e-01,5.347117881827961883e-01,-9.992251216402832023e-03
7.394704492384227557e-01,5.176146482910941593e-01,5.333526508792461041e-01,-3.580129242855427385e-02
7.394704492384227557e-01,5.176146482910941593e-01,5.333526508792461041e-01,-3.580129242855427385e-02
7.394704492384227557e-01,5.176146482910941593e-01,5.333526508792461041e-01,-3.580129242855427385e-02
7.279269040534077639e-01,5.223607940084584733e-01,5.323096342560869054e-01,-5.382781830531334355e-02
7.279269040534077639e-01,5.223607940084584733e-01,5.323096342560869054e-01,-5.382781830531334355e-02
7.279269040534077639e-01,5.223607940084584733e-01,5.323096342560869054e-01,-5.382781830531334355e-02
6.897452151693885813e-01,5.299582221576140117e-01,5.316889863969729291e-01,-6.903349594876784234e-02
6.897452151693885813e-01,5.299582221576140117e-01,5.316889863969729291e-01,-6.903349594876784234e-02
6.897452151693885813e-01,5.299582221576140117e-01,5.316889863969729291e-01,-6.903349594876784234e-02
6.516644396874253786e-01,5.400420630173118353e-01,5.314014684488252982e-01,-8.327930287447751767e-02
6.516644396874253786e-01,5.400420630173118353e-01,5.314014684488252982e-01,-8.327930287447751767e-02
6.516644396874253786e-01,5.400420630173118353e-01,5.314014684488252982e-01,-8.327930287447751767e-02
6.434068347780155239e-01,5.514014232620187972e-01,5.314705883746472237e-01,-6.999900809501660714e-02
6.434068347780155239e-01,5.514014232620187972e-01,5.314705883746472237e-01,-6.999900809501660714e-02
6.434068347780155239e-01,5.514014232620187972e-01,5.314705883746472237e-01,-6.999900809501660714e-02
6.602030946457685401e-01,5.631644906622335078e-01,5.318245715042078103e-01,-4.249211723511100297e-02
6.602030946457685401e-01,5.631644906622335078e-01,5.318245715042078103e-01,-4.249211723511100297e-02
6.602030946457685401e-01,5.631644906622335078e-01,5.318245715042078103e-01,-4.249211723511100297e-02
6.924983197424676717e-01,5.745623908819532666e-01,5.321653180227974289e-01,-1.430644983557262211e-02
6.924983197424676717e-01,5.745623908819532666e-01,5.321653180227974289e-01,-1.430644983557262211e-02
6.924983197424676717e-01,5.745623908819532666e-01,5.321653180227974289e-01,-1.430644983557262211e-02
7.211382565544373069e-01,5.850181299027551463e-01,5.325868624322687150e-01,-2.792191916612524888e-03
7.211382565544373069e-01,5.850181299027551463e-01,5.325868624322687150e-01,-2.792191916612524888e-03
7.211382565544373069e-01,5.850181299027551463e-01,5.325868624322687150e-01,-2.792191916612524888e-03
6.883564732123166330e-01,5.933657643932603865e-01,5.329687191283938308e-01,-2.826523398500003365e-02
6.883564732123166330e-01,5.933657643932603865e-01,5.329687191283938308e-01,-2.826523398500003365e-02
6.883564732123166330e-01,5.933657643932603865e-01,5.329687191283938308e-01,-2.826523398500003365e-02
6.177810600377469097e-01,6.002147078839228378e-01,5.332772010835593601e-01,-7.111247148168202414e-02
6.177810600377469097e-01,6.002147078839228378e-01,5.332772010835593601e-01,-7.111247148168202414e-02
6.177810600377469097e-01,6.002147078839228378e-01,5.332772010835593601e-01,-7.111247148168202414e-02
5.753131746607442754e-01,6.043640376370372769e-01,5.334607162034251671e-01,-8.670149289923055613e-02
5.753131746607442754e-01,6.043640376370372769e-01,5.334607162034251671e-01,-8.670149289923055613e-02
5.753131746607442754e-01,6.043640376370372769e-01,5.334607162034251671e-01,-8.670149289923055613e-02
5.578244441737358894e-01,6.076273513643023483e-01,5.337036923055271664e-01,-4.541082539519364358e-02
5.578244441737358894e-01,6.076273513643023483e-01,5.337036923055271664e-01,-4.541082539519364358e-02
5.578244441737358894e-01,6.076273513643023483e-01,5.337036923055271664e-01,-4.541082539519364358e-02
5.501123515033976563e-01,6.093660783374474921e-01,5.338952403090246879e-01,1.452778290724248030e-02
5.501123515033976563e-01,6.093660783374474921e-01,5.338952403090246879e-01,1.452778290724248030e-02
5.501123515033976563e-01,6.093660783374474921e-01,5.338952403090246879e-01,1.452778290724248030e-02
5.395296969240095386e-01,6.109279609562472402e-01,5.340669341611575804e-01,4.013342928641674967e-02
5.395296969240095386e-01,6.109279609562472402e-01,5.340669341611575804e-01,4.013342928641674967e-02
5.395296969240095386e-01,6.109279609562472402e-01,5.340669341611575804e-01,4.013342928641674967e-02
5.320217312542552257e-01,6.116358492885960452e-01,5.341283771120552970e-01,4.899890309150230217e-02
5.320217312542552257e-01,6.116358492885960452e-01,5.341283771120552970e-01,4.899890309150230217e-02
5.320217312542552257e-01,6.116358492885960452e-01,5.341283771120552970e-01,4.899890309150230217e-02
5.157369296332217079e-01,6.124663731655977106e-01,5.342088314753206113e-01,4.336496943693552569e-02
5.157369296332217079e-01,6.124663731655977106e-01,5.342088314753206113e-01,4.336496943693552569e-02
5.157369296332217079e-01,6.124663731655977106e-01,5.342088314753206113e-01,4.336496943693552569e-02
4.450976704990415866e-01,4.528469057796358221e-01,5.462798876654768598e-01,-3.729912423187550785e-02
4.450976704990415866e-01,4.528469057796358221e-01,5.462798876654768598e-01,-3.729912423187550785e-02
4.450976704990415866e-01,4.528469057796358221e-01,5.462798876654768598e-01,-3.729912423187550785e-02
4.748763920309562181e-01,4.556622931384928243e-01,5.460241880488121424e-01,-3.671089883121955028e-02
4.748763920309562181e-01,4.556622931384928243e-01,5.460241880488121424e-01,-3.671089883121955028e-02
4.748763920309562181e-01,4.556622931384928243e-01,5.460241880488121424e-01,-3.671089883121955028e-02
5.252047279402776159e-01,4.575704805698366240e-01,5.457215175288070430e-01,-4.493815668672545421e-02
5.252047279402776159e-01,4.575704805698366240e-01,5.457215175288070430e-01,-4.493815668672545421e-02
5.252047279402776159e-01,4.575704805698366240e-01,5.457215175288070430e-01,-4.493815668672545421e-02
6.008714749302085378e-01,4.614390135783708047e-01,5.454168271321864214e-01,-6.429139405811129526e-02
6.008714749302085378e-01,4.614390135783708047e-01,5.454168271321864214e-01,-6.429139405811129526e-02
6.008714749302085378e-01,4.614390135783708047e-01,5.454168271321864214e-01,-6.429139405811129526e-02
6.298030512676504600e-01,4.662173408873198088e-01,5.450554328449794816e-01,-6.021035705957432371e-02
6.298030512676504600e-01,4.662173408873198088e-01,5.450554328449794816e-01,-6.021035705957432371e-02
6.298030512676504600e-01,4.662173408873198088e-01,5.450554328449794816e-01,-6.021035705957432371e-02
6.441901505790972315e-01,4.723348445187330324e-01,5.446308379065361027e-01,-5.665306044966317289e-02
6.441901505790972315e-01,4.723348445187330324e-01,5.446308379065361027e-01,-5.665306044966317289e-02
6.441901505790972315e-01,4.723348445187330324e-01,5.446308379065361027e-01,-5.665306044966317289e-02
6.409829080112969812e-01,4.795997229368913484e-01,5.440977468909554693e-01,-5.413984076085539415e-02
6.409829080112969812e-01,4.795997229368913484e-01,5.440977468909554693e-01,-5.413984076085539415e-02
6.409829080112969812e-01,4.795997229368913484e-01,5.440977468909554693e-01,-5.413984076085539415e-02
6.381912579006892017e-01,4.871864386902799993e-01,5.434742480544252352e-01,-3.303216022818319941e-02
6.381912579006892017e-01,4.871864386902799993e-01,5.434742480544252352e-01,-3.303216022818319941e-02
6.381912579006892017e-01,4.871864386902799993e-01,5.434742480544252352e-01,-3.303216022818319941e-02
6.387824291830273005e-01,4.945693059350900755e-01,5.427100150639707632e-01,-5.424473139329085564e-03
6.387824291830273005e-01,4.945693059350900755e-01,5.427100150639707632e-01,-5.424473139329085564e-03
6.387824291830273005e-01,4.945693059350900755e-01,5.427100150639707632e-01,-5.424473139329085564e-03
6.569886887658982211e-01,5.011619722054068138e-01,5.417679529248593528e-01,2.615582807110798311e-02
6.569886887658982211e-01,5.011619722054068138e-01,5.417679529248593528e-01,2.615582807110798311e-02
6.569886887658982211e-01,5.011619722054068138e-01,5.417679529248593528e-01,2.615582807110798311e-02
6.893481492549977663e-01,5.067488694143510441e-01,5.406389155504283117e-01,4.806861913178192558e-02
6.893481492549977663e-01,5.067488694143510441e-01,5.406389155504283117e-01,4.806861913178192558e-02
6.893481492549977663e-01,5.067488694143510441e-01,5.406389155504283117e-01,4.806861913178192558e-02
7.131258486825016174e-01,5.108598731750566557e-01,5.392976423265989361e-01,4.019620536985572118e-02
7.131258486825016174e-01,5.108598731750566557e-01,5.392976423265989361e-01,4.019620536985572118e-02
7.131258486825016174e-01,5.108598731750566557e-01,5.392976423265989361e-01,4.019620536985572118e-02
7.382265474227165392e-01,5.134003859389510982e-01,5.378157467678733594e-01,1.532958706351111519e-02
7.382265474227165392e-01,5.134003859389510982e-01,5.378157467678733594e-01,1.532958706351111519e-02
7.382265474227165392e-01,5.134003859389510982e-01,5.378157467678733594e-01,1.532958706351111519e-02
7.660163136191464606e-01,5.154469847726592668e-01,5.362778675500829983e-01,-1.382434880820992452e-02
7.660163136191464606e-01,5.154469847726592668e-01,5.362778675500829983e-01,-1.382434880820992452e-02
7.660163136191464606e-01,5.154469847726592668e-01,5.362778675500829983e-01,-1.382434880820992452e-02
7.791347757197240043e-01,5.185084461075920581e-01,5.348648764211781925e-01,-3.567361346613613649e-02
7.791347757197240043e-01,5.185084461075920581e-01,5.348648764211781925e-01,-3.567361346613613649e-02
7.791347757197240043e-01,5.185084461075920581e-01,5.348648764211781925e-01,-3.567361346613613649e-02
7.824311309726910135e-01,5.236303758128152408e-01,5.337177532238976951e-01,-5.022888913908647723e-02
7.824311309726910135e-01,5.236303758128152408e-01,5.337177532238976951e-01,-5.022888913908647723e-02
7.824311309726910135e-01,5.236303758128152408e-01,5.337177532238976951e-01,-5.022888913908647723e-02
7.555284805182602703e-01,5.313631975329967672e-01,5.328876653531313679e-01,-6.919452602394635110e-02
7.555284805182602703e-01,5.313631975329967672e-01,5.328876653531313679e-01,-6.919452602394635110e-02
7.555284805182602703e-01,5.313631975329967672e-01,5.328876653531313679e-01,-6.919452602394635110e-02
7.184261338755324466e-01,5.420887795195594716e-01,5.323697073886287656e-01,-8.311189993528955711e-02
7.184261338755324466e-01,5.420887795195594716e-01,5.323697073886287656e-01,-8.311189993528955711e-02
7.184261338755324466e-01,5.420887795195594716e-01,5.323697073886287656e-01,-8.311189993528955711e-02
7.034871998533620552e-01,5.542482947725801967e-01,5.322351145488647406e-01,-7.444485976957757045e-02
7.034871998533620552e-01,5.542482947725801967e-01,5.322351145488647406e-01,-7.444485976957757045e-02
7.034871998533620552e-01,5.542482947725801967e-01,5.322351145488647406e-01,-7.444485976957757045e-02
7.107765614440856305e-01,5.670355926035912653e-01,5.324360163447698913e-01,-3.431337996573929211e-02
7.107765614440856305e-01,5.670355926035912653e-01,5.324360163447698913e-01,-3.431337996573929211e-02
7.107765614440856305e-01,5.670355926035912653e-01,5.324360163447698913e-01,-3.431337996573929211e-02
7.342990587435054284e-01,5.802364935853945305e-01,5.326545787788348196e-01,2.056647857372326249e-02
7.342990587435054284e-01,5.802364935853945305e-01,5.326545787788348196e-01,2.056647857372326249e-02
7.342990587435054284e-01,5.802364935853945305e-01,5.326545787788348196e-01,2.056647857372326249e-02
7.445849176232718358e-01,5.927409015774092182e-01,5.329834971604965332e-01,5.666034149977261514e-02
7.445849176232718358e-01,5.927409015774092182e-01,5.329834971604965332e-01,5.666034149977261514e-02
7.445849176232718358e-01,5.927409015774092182e-01,5.329834971604965332e-01,5.666034149977261514e-02
6.978237952518493437e-01,6.031813626619166868e-01,5.332970227405608998e-01,4.095691376470136230e-02
6.978237952518493437e-01,6.031813626619166868e-01,5.332970227405608998e-01,4.095691376470136230e-02
6.978237952518493437e-01,6.031813626619166868e-01,5.332970227405608998e-01,4.095691376470136230e-02
6.034006145742725202e-01,6.107803798234833215e-01,5.335541002935089150e-01,3.472386694640682697e-03
6.034006145742725202e-01,6.107803798234833215e-01,5.335541002935089150e-01,3.472386694640682697e-03
6.034006145742725202e-01,6.107803798234833215e-01,5.335541002935089150e-01,3.472386694640682697e-03
5.332682150035177315e-01,6.154163025593188951e-01,5.336948135887142897e-01,-1.867254895634909082e-02
5.332682150035177315e-01,6.154163025593188951e-01,5.336948135887142897e-01,-1.867254895634909082e-02
5.332682150035177315e-01,6.154163025593188951e-01,5.336948135887142897e-01,-1.867254895634909082e-02
5.101310208818814473e-01,6.190044911171705966e-01,5.339082288122958264e-01,-2.426531776873814411e-03
5.101310208818814473e-01,6.190044911171705966e-01,5.339082288122958264e-01,-2.426531776873814411e-03
5.101310208818814473e-01,6.190044911171705966e-01,5.339082288122958264e-01,-2.426531776873814411e-03
5.033758423983821784e-01,6.205773455376670800e-01,5.340757091137799950e-01,3.114342788831349698e-02
5.033758423983821784e-01,6.205773455376670800e-01,5.340757091137799950e-01,3.114342788831349698e-02
5.033758423983821784e-01,6.205773455376670800e-01,5.340757091137799950e-01,3.114342788831349698e-02
4.882311377169642475e-01,6.221674884470980160e-01,5.342283420013247408e-01,3.317143080467854777e-02
4.882311377169642475e-01,6.221674884470980160e-01,5.342283420013247408e-01,3.317143080467854777e-02
4.882311377169642475e-01,6.221674884470980160e-01,5.342283420013247408e-01,3.317143080467854777e-02
4.694004428652249761e-01,6.226362866075754177e-01,5.342691534899042249e-01,2.694494727489720950e-02
4.694004428652249761e-01,6.226362866075754177e-01,5.342691534899042249e-01,2.694494727489720950e-02
4.694004428652249761e-01,6.226362866075754177e-01,5.342691534899042249e-01,2.694494727489720950e-02
4.489001993703585214e-01,6.238946094539908893e-01,5.343335381334930467e-01,1.851903318759284475e-02
4.489001993703585214e-01,6.238946094539908893e-01,5.343335381334930467e-01,1.851903318759284475e-02
4.489001993703585214e-01,6.238946094539908893e-01,5.343335381334930467e-01,1.851903318759284475e-02
4.262910102726288342e-01,4.592425275404690144e-01,5.471089506305102379e-01,-6.536006128146447380e-02
4.262910102726288342e-01,4.592425275404690144e-01,5.471089506305102379e-01,-6.536006128146447380e-02
4.262910102726288342e-01,4.592425275404690144e-01,5.471089506305102379e-01,-6.536006128146447380e-02
4.476284070666400883e-01,4.618648604248822287e-01,5.469038428124983753e-01,-7.360525995496321194e-02
4.476284070666400883e-01,4.618648604248822287e-01,5.469038428124983753e-01,-7.360525995496321194e-02
4.476284070666400883e-01,4.618648604248822287e-01,5.469038428124983753e-01,-7.360525995496321194e-02
4.923137079372924552e-01,4.631914882816063339e-01,5.466853689511880221e-01,-7.647149238508653413e-02
4.923137079372924552e-01,4.631914882816063339e-01,5.466853689511880221e-01,-7.647149238508653413e-02
4.923137079372924552e-01,4.631914882816063339e-01,5.466853689511880221e-01,-7.647149238508653413e-02
5.573969023850322557e-01,4.665030260921732008e-01,5.464420526875120032e-01,-6.889101008667564141e-02
5.573969023850322557e-01,4.665030260921732008e-01,5.464420526875120032e-01,-6.889101008667564141e-02
5.573969023850322557e-01,4.665030260921732008e-01,5.464420526875120032e-01,-6.889101008667564141e-02
6.078349595589573884e-01,4.699090354294993555e-01,5.461594492979520155e-01,-6.278243788302392825e-02
6.078349595589573884e-01,4.699090354294993555e-01,5.461594492979520155e-01,-6.278243788302392825e-02
6.078349595589573884e-01,4.699090354294993555e-01,5.461594492979520155e-01,-6.278243788302392825e-02
6.399519901294505875e-01,4.750409477430230787e-01,5.458025536360724406e-01,-5.376950966250737540e-02
6.399519901294505875e-01,4.750409477430230787e-01,5.458025536360724406e-01,-5.376950966250737540e-02
6.399519901294505875e-01,4.750409477430230787e-01,5.458025536360724406e-01,-5.376950966250737540e-02
6.549402456403349282e-01,4.810114982254022342e-01,5.453616643900935923e-01,-4.443298589178178853e-02
6.549402456403349282e-01,4.810114982254022342e-01,5.453616643900935923e-01,-4.443298589178178853e-02
6.549402456403349282e-01,4.810114982254022342e-01,5.453616643900935923e-01,-4.443298589178178853e-02
6.621138463211027059e-01,4.878390519458133956e-01,5.448490985274947462e-01,-2.208634174639564213e-02
6.621138463211027059e-01,4.878390519458133956e-01,5.448490985274947462e-01,-2.208634174639564213e-02
6.621138463211027059e-01,4.878390519458133956e-01,5.448490985274947462e-01,-2.208634174639564213e-02
6.598260636205943719e-01,4.945096388121289488e-01,5.441912521025502603e-01,1.201517338656032940e-02
6.598260636205943719e-01,4.945096388121289488e-01,5.441912521025502603e-01,1.201517338656032940e-02
6.598260636205943719e-01,4.945096388121289488e-01,5.441912521025502603e-01,1.201517338656032940e-02
6.747126597108372703e-01,5.008426609058032053e-01,5.433831488156843914e-01,3.952449079356472328e-02
6.747126597108372703e-01,5.008426609058032053e-01,5.433831488156843914e-01,3.952449079356472328e-02
6.747126597108372703e-01,5.008426609058032053e-01,5.433831488156843914e-01,3.952449079356472328e-02
7.101591942969115445e-01,5.064870400344465562e-01,5.423844058032920579e-01,5.211148643605092307e-02
7.101591942969115445e-01,5.064870400344465562e-01,5.423844058032920579e-01,5.211148643605092307e-02
7.101591942969115445e-01,5.064870400344465562e-01,5.423844058032920579e-01,5.211148643605092307e-02
7.424088173770936328e-01,5.109706088911931676e-01,5.411692542057546795e-01,4.616367882013919233e-02
7.424088173770936328e-01,5.109706088911931676e-01,5.411692542057546795e-01,4.616367882013919233e-02
7.424088173770936328e-01,5.109706088911931676e-01,5.411692542057546795e-01,4.616367882013919233e-02
7.605495248545066644e-01,5.144682399504876269e-01,5.398182829365323343e-01,2.214307392897059759e-02
7.605495248545066644e-01,5.144682399504876269e-01,5.398182829365323343e-01,2.214307392897059759e-02
7.605495248545066644e-01,5.144682399504876269e-01,5.398182829365323343e-01,2.214307392897059759e-02
7.708004465846167719e-01,5.178354626093107926e-01,5.382884136338140779e-01,-9.264590447915183741e-03
7.708004465846167719e-01,5.178354626093107926e-01,5.382884136338140779e-01,-9.264590447915183741e-03
7.708004465846167719e-01,5.178354626093107926e-01,5.382884136338140779e-01,-9.264590447915183741e-03
7.890379297580583096e-01,5.220439257398858945e-01,5.368563739964741233e-01,-2.751018865258432131e-02
7.890379297580583096e-01,5.220439257398858945e-01,5.368563739964741233e-01,-2.751018865258432131e-02
7.890379297580583096e-01,5.220439257398858945e-01,5.368563739964741233e-01,-2.751018865258432131e-02
8.123673858034727857e-01,5.276366704862212043e-01,5.355736409621206784e-01,-3.818596140382019694e-02
8.123673858034727857e-01,5.276366704862212043e-01,5.355736409621206784e-01,-3.818596140382019694e-02
8.123673858034727857e-01,5.276366704862212043e-01,5.355736409621206784e-01,-3.818596140382019694e-02
7.963021541850121565e-01,5.353329208977166687e-01,5.344541480747382334e-01,-5.310458652083405173e-02
7.963021541850121565e-01,5.353329208977166687e-01,5.344541480747382334e-01,-5.310458652083405173e-02
7.963021541850121565e-01,5.353329208977166687e-01,5.344541480747382334e-01,-5.310458652083405173e-02
7.621194685862722196e-01,5.451640581685914810e-01,5.337742273859502617e-01,-6.528928230450561920e-02
7.621194685862722196e-01,5.451640581685914810e-01,5.337742273859502617e-01,-6.528928230450561920e-02
7.621194685862722196e-01,5.451640581685914810e-01,5.337742273859502617e-01,-6.528928230450561920e-02
7.403609895257340368e-01,5.567750538427415075e-01,5.332589589565009947e-01,-5.885132506173789552e-02
7.403609895257340368e-01,5.567750538427415075e-01,5.332589589565009947e-01,-5.885132506173789552e-02
7.403609895257340368e-01,5.567750538427415075e-01,5.332589589565009947e-01,-5.885132506173789552e-02
7.252162073087616845e-01,5.704777018347715334e-01,5.333599502259451786e-01,-1.908475144461121639e-02
7.252162073087616845e-01,5.704777018347715334e-01,5.333599502259451786e-01,-1.908475144461121639e-02
7.252162073087616845e-01,5.704777018347715334e-01,5.333599502259451786e-01,-1.908475144461121639e-02
7.185137187951298188e-01,5.854644748318398317e-01,5.334061815921000704e-01,5.522499183416250401e-02
7.185137187951298188e-01,5.854644748318398317e-01,5.334061815921000704e-01,5.522499183416250401e-02
7.185137187951298188e-01,5.854644748318398317e-01,5.334061815921000704e-01,5.522499183416250401e-02
6.935927583126098028e-01,6.001723154783908942e-01,5.335495248772512689e-01,9.727708113355718056e-02
6.935927583126098028e-01,6.001723154783908942e-01,5.335495248772512689e-01,9.727708113355718056e-02
6.935927583126098028e-01,6.001723154783908942e-01,5.335495248772512689e-01,9.727708113355718056e-02
6.379587632238756800e-01,6.119906030334355540e-01,5.336853296217678455e-01,7.316645252238669628e-02
6.379587632238756800e-01,6.119906030334355540e-01,5.336853296217678455e-01,7.316645252238669628e-02
6.379587632238756800e-01,6.119906030334355540e-01,5.336853296217678455e-01,7.316645252238669628e-02
5.423139403067809283e-01,6.204745776297446724e-01,5.338952541858785761e-01,4.475421974843787898e-02
5.423139403067809283e-01,6.204745776297446724e-01,5.338952541858785761e-01,4.475421974843787898e-02
5.423139403067809283e-01,6.204745776297446724e-01,5.338952541858785761e-01,4.475421974843787898e-02
4.551794683960328491e-01,6.255004552432923415e-01,5.340133878745554341e-01,1.592197780573949284e-02
4.551794683960328491e-01,6.255004552432923415e-01,5.340133878745554341e-01,1.592197780573949284e-02
4.551794683960328491e-01,6.255004552432923415e-01,5.340133878745554341e-01,1.592197780573949284e-02
4.373211862134505634e-01,6.296227594508481129e-01,5.341450680443700083e-01,7.298009139794146144e-03
4.373211862134505634e-01,6.296227594508481129e-01,5.341450680443700083e-01,7.298009139794146144e-03
4.373211862134505634e-01,6.296227594508481129e-01,5.341450680443700083e-01,7.298009139794146144e-03
4.509949876567230787e-01,6.315859574227367101e-01,5.342945107083707512e-01,1.616979492543807462e-02
4.509949876567230787e-01,6.315859574227367101e-01,5.342945107083707512e-01,1.616979492543807462e-02
4.509949876567230787e-01,6.315859574227367101e-01,5.342945107083707512e-01,1.616979492543807462e-02
4.423930506853782640e-01,6.337135800235047522e-01,5.344122112321552098e-01,1.367733506004455667e-02
4.423930506853782640e-01,6.337135800235047522e-01,5.344122112321552098e-01,1.367733506004455667e-02
4.423930506853782640e-01,6.337135800235047522e-01,5.344122112321552098e-01,1.367733506004455667e-02
4.236547727897780891e-01,6.341848871141704258e-01,5.344957732771649095e-01,3.225862775918447029e-03
4.236547727897780891e-01,6.341848871141704258e-01,5.344957732771649095e-01,3.225862775918447029e-03
4.236547727897780891e-01,6.341848871141704258e-01,5.344957732771649095e-01,3.225862775918447029e-03
4.097177817347428253e-01,6.358336621868400096e-01,5.345443527809757844e-01,-6.917337774582348747e-03
4.097177817347428253e-01,6.358336621868400096e-01,5.345443527809757844e-01,-6.917337774582348747e-03
4.097177817347428253e-01,6.358336621868400096e-01,5.345443527809757844e-01,-6.917337774582348747e-03
4.122191243379177417e-01,4.662344320166251777e-01,5.479763602601452899e-01,-7.862623165100172951e-02
4.122191243379177417e-01,4.662344320166251777e-01,5.479763602601452899e-01,-7.862623165100172951e-02
4.122191243379177417e-01,4.662344320166251777e-01,5.479763602601452899e-01,-7.862623165100172951e-02
4.257463764182993771e-01,4.687767724125012636e-01,5.478468072607725059e-01,-8.934617554886839508e-02
4.257463764182993771e-01,4.687767724125012636e-01,5.478468072607725059e-01,-8.934617554886839508e-02
4.257463764182993771e-01,4.687767724125012636e-01,5.478468072607725059e-01,-8.934617554886839508e-02
4.617947195849093633e-01,4.696845335646592234e-01,5.476880046212659892e-01,-9.300263504820943661e-02
4.617947195849093633e-01,4.696845335646592234e-01,5.476880046212659892e-01,-9.300263504820943661e-02
4.617947195849093633e-01,4.696845335646592234e-01,5.476880046212659892e-01,-9.300263504820943661e-02
5.091140627854122691e-01,4.725608575908396003e-01,5.475008150738450707e-01,-7.846624626844475592e-02
5.091140627854122691e-01,4.725608575908396003e-01,5.475008150738450707e-01,-7.846624626844475592e-02
5.091140627854122691e-01,4.725608575908396003e-01,5.475008150738450707e-01,-7.846624626844475592e-02
5.733476020074499413e-01,4.749170216934954780e-01,5.473021612427928506e-01,-7.200398680036794452e-02
5.733476020074499413e-01,4.749170216934954780e-01,5.473021612427928506e-01,-7.200398680036794452e-02
5.733476020074499413e-01,4.749170216934954780e-01,5.473021612427928506e-01,-7.200398680036794452e-02
6.277921100457497516e-01,4.790939954822653890e-01,5.470193931056641645e-01,-5.842446228848949263e-02
6.277921100457497516e-01,4.790939954822653890e-01,5.470193931056641645e-01,-5.842446228848949263e-02
6.277921100457497516e-01,4.790939954822653890e-01,5.470193931056641645e-01,-5.842446228848949263e-02
6.571969633700148750e-01,4.832892609580469179e-01,5.467040010287533836e-01,-4.337952286172525040e-02
6.571969633700148750e-01,4.832892609580469179e-01,5.467040010287533836e-01,-4.337952286172525040e-02
6.571969633700148750e-01,4.832892609580469179e-01,5.467040010287533836e-01,-4.337952286172525040e-02
6.767038090301245035e-01,4.890496005077589192e-01,5.462428382195579912e-01,-2.538773177967248648e-02
6.767038090301245035e-01,4.890496005077589192e-01,5.462428382195579912e-01,-2.538773177967248648e-02
6.767038090301245035e-01,4.890496005077589192e-01,5.462428382195579912e-01,-2.538773177967248648e-02
6.838983679765326951e-01,4.952960404610803891e-01,5.457337947523717148e-01,4.310727099170748311e-03
6.838983679765326951e-01,4.952960404610803891e-01,5.457337947523717148e-01,4.310727099170748311e-03
6.838983679765326951e-01,4.952960404610803891e-01,5.457337947523717148e-01,4.310727099170748311e-03
7.111471521647110272e-01,5.014918829025397651e-01,5.450900909008995487e-01,2.985870792100506904e-02
7.111471521647110272e-01,5.014918829025397651e-01,5.450900909008995487e-01,2.985870792100506904e-02
7.111471521647110272e-01,5.014918829025397651e-01,5.450900909008995487e-01,2.985870792100506904e-02
7.516751018875762469e-01,5.076650176506777301e-01,5.442566384830891391e-01,4.544817530598108113e-02
7.516751018875762469e-01,5.076650176506777301e-01,5.442566384830891391e-01,4.544817530598108113e-02
7.516751018875762469e-01,5.076650176506777301e-01,5.442566384830891391e-01,4.544817530598108113e-02
7.727377341466351579e-01,5.135905000473820481e-01,5.432074320850501792e-01,5.009499199388527113e-02
7.727377341466351579e-01,5.135905000473820481e-01,5.432074320850501792e-01,5.009499199388527113e-02
7.727377341466351579e-01,5.135905000473820481e-01,5.432074320850501792e-01,5.009499199388527113e-02
7.705386239580307439e-01,5.181829446861376809e-01,5.419449326143974677e-01,3.845508802833814271e-02
7.705386239580307439e-01,5.181829446861376809e-01,5.419449326143974677e-01,3.845508802833814271e-02
7.705386239580307439e-01,5.181829446861376809e-01,5.419449326143974677e-01,3.845508802833814271e-02
7.546656863342373622e-01,5.224882135506010439e-01,5.405374343005973081e-01,1.516486986727320560e-02
7.546656863342373622e-01,5.224882135506010439e-01,5.405374343005973081e-01,1.516486986727320560e-02
7.546656863342373622e-01,5.224882135506010439e-01,5.405374343005973081e-01,1.516486986727320560e-02
7.504964676872387663e-01,5.276246158003119469e-01,5.390435942608429176e-01,-1.066464153674700870e-02
7.504964676872387663e-01,5.276246158003119469e-01,5.390435942608429176e-01,-1.066464153674700870e-02
7.504964676872387663e-01,5.276246158003119469e-01,5.390435942608429176e-01,-1.066464153674700870e-02
7.497105469340443751e-01,5.336570145438930268e-01,5.376251409379595447e-01,-2.243914765464149336e-02
7.497105469340443751e-01,5.336570145438930268e-01,5.376251409379595447e-01,-2.243914765464149336e-02
7.497105469340443751e-01,5.336570145438930268e-01,5.376251409379595447e-01,-2.243914765464149336e-02
7.440286941322691305e-01,5.410607003184844110e-01,5.363762935241911389e-01,-3.448833178442739511e-02
7.440286941322691305e-01,5.410607003184844110e-01,5.363762935241911389e-01,-3.448833178442739511e-02
7.440286941322691305e-01,5.410607003184844110e-01,5.363762935241911389e-01,-3.448833178442739511e-02
7.290720361355104151e-01,5.499774133874162363e-01,5.353956348199857551e-01,-5.215839702982834336e-02
7.290720361355104151e-01,5.499774133874162363e-01,5.353956348199857551e-01,-5.215839702982834336e-02
7.290720361355104151e-01,5.499774133874162363e-01,5.353956348199857551e-01,-5.215839702982834336e-02
7.044079737597412905e-01,5.611717794845100249e-01,5.347153626803138327e-01,-4.864766832353785431e-02
7.044079737597412905e-01,5.611717794845100249e-01,5.347153626803138327e-01,-4.864766832353785431e-02
7.044079737597412905e-01,5.611717794845100249e-01,5.347153626803138327e-01,-4.864766832353785431e-02
6.798841798567534234e-01,5.750487078661583595e-01,5.343255202900925038e-01,-9.895359692446431196e-03
6.798841798567534234e-01,5.750487078661583595e-01,5.343255202900925038e-01,-9.895359692446431196e-03
6.798841798567534234e-01,5.750487078661583595e-01,5.343255202900925038e-01,-9.895359692446431196e-03
6.503780671834706872e-01,5.907633018989395524e-01,5.342467254648507469e-01,5.155895895954516750e-02
6.503780671834706872e-01,5.907633018989395524e-01,5.342467254648507469e-01,5.155895895954516750e-02
6.503780671834706872e-01,5.907633018989395524e-01,5.342467254648507469e-01,5.155895895954516750e-02
6.060665536842855250e-01,6.064142161967980282e-01,5.342863227009884142e-01,9.093933340109464081e-02
6.060665536842855250e-01,6.064142161967980282e-01,5.342863227009884142e-01,9.093933340109464081e-02
6.060665536842855250e-01,6.064142161967980282e-01,5.342863227009884142e-01,9.093933340109464081e-02
5.615259466273971878e-01,6.193649050126585065e-01,5.343404242220417544e-01,8.960914547489777504e-02
5.615259466273971878e-01,6.193649050126585065e-01,5.343404242220417544e-01,8.960914547489777504e-02
5.615259466273971878e-01,6.193649050126585065e-01,5.343404242220417544e-01,8.960914547489777504e-02
4.936142947257221580e-01,6.288159266215785914e-01,5.342999571057379660e-01,5.806109699466044383e-02
4.936142947257221580e-01,6.288159266215785914e-01,5.342999571057379660e-01,5.806109699466044383e-02
4.936142947257221580e-01,6.288159266215785914e-01,5.342999571057379660e-01,5.806109699466044383e-02
4.150915706599442312e-01,6.344588090355733900e-01,5.344006167362567172e-01,2.822463684755571398e-02
4.150915706599442312e-01,6.344588090355733900e-01,5.344006167362567172e-01,2.822463684755571398e-02
4.150915706599442312e-01,6.344588090355733900e-01,5.344006167362567172e-01,2.822463684755571398e-02
4.132583699367477492e-01,6.393963748273692183e-01,5.344524642253736246e-01,1.596340376122773810e-02
4.132583699367477492e-01,6.393963748273692183e-01,5.344524642253736246e-01,1.596340376122773810e-02
4.132583699367477492e-01,6.393963748273692183e-01,5.344524642253736246e-01,1.596340376122773810e-02
4.313205886509019482e-01,6.420630265177877938e-01,5.345618186030053343e-01,8.626313526934818732e-03
4.313205886509019482e-01,6.420630265177877938e-01,5.345618186030053343e-01,8.626313526934818732e-03
4.313205886509019482e-01,6.420630265177877938e-01,5.345618186030053343e-01,8.626313526934818732e-03
4.176490150126812573e-01,6.447506296923164459e-01,5.346264431533487294e-01,-5.272521960958787002e-03
4.176490150126812573e-01,6.447506296923164459e-01,5.346264431533487294e-01,-5.272521960958787002e-03
4.176490150126812573e-01,6.447506296923164459e-01,5.346264431533487294e-01,-5.272521960958787002e-03
3.959359255420030754e-01,6.453900538472538972e-01,5.346856286554926285e-01,-1.791073394552564549e-02
3.959359255420030754e-01,6.453900538472538972e-01,5.346856286554926285e-01,-1.791073394552564549e-02
3.959359255420030754e-01,6.453900538472538972e-01,5.346856286554926285e-01,-1.791073394552564549e-02
3.904229458680217313e-01,6.473919667189911298e-01,5.347486011620146140e-01,-2.784299973781100349e-02
3.904229458680217313e-01,6.473919667189911298e-01,5.347486011620146140e-01,-2.784299973781100349e-02
3.904229458680217313e-01,6.473919667189911298e-01,5.347486011620146140e-01,-2.784299973781100349e-02
4.085223478766005778e-01,4.739286543296918897e-01,5.488779365420085599e-01,-7.834559095683316099e-02
4.085223478766005778e-01,4.739286543296918897e-01,5.488779365420085599e-01,-7.834559095683316099e-02
4.085223478766005778e-01,4.739286543296918897e-01,5.488779365420085599e-01,-7.834559095683316099e-02
4.186934966214936882e-01,4.756407439744933519e-01,5.488137403946550252e-01,-8.516538333242965053e-02
4.186934966214936882e-01,4.756407439744933519e-01,5.488137403946550252e-01,-8.516538333242965053e-02
4.186934966214936882e-01,4.756407439744933519e-01,5.488137403946550252e-01,-8.516538333242965053e-02
4.499551925654545759e-01,4.759759329897415570e-01,5.487188518152438244e-01,-9.103248003437375280e-02
4.499551925654545759e-01,4.759759329897415570e-01,5.487188518152438244e-01,-9.103248003437375280e-02
4.499551925654545759e-01,4.759759329897415570e-01,5.487188518152438244e-01,-9.103248003437375280e-02
4.923642666816797631e-01,4.785150730333231905e-01,5.485952604691322065e-01,-9.907553121380457961e-02
4.923642666816797631e-01,4.785150730333231905e-01,5.485952604691322065e-01,-9.907553121380457961e-02
4.923642666816797631e-01,4.785150730333231905e-01,5.485952604691322065e-01,-9.907553121380457961e-02
5.491000417551338275e-01,4.803419077527869563e-01,5.484144752783488563e-01,-9.809900052078483756e-02
5.491000417551338275e-01,4.803419077527869563e-01,5.484144752783488563e-01,-9.809900052078483756e-02
5.491000417551338275e-01,4.803419077527869563e-01,5.484144752783488563e-01,-9.809900052078483756e-02
6.101573779377639228e-01,4.839890082657760662e-01,5.482620210457975762e-01,-8.661661888369748263e-02
6.101573779377639228e-01,4.839890082657760662e-01,5.482620210457975762e-01,-8.661661888369748263e-02
6.101573779377639228e-01,4.839890082657760662e-01,5.482620210457975762e-01,-8.661661888369748263e-02
6.546774949723914716e-01,4.869449045007268051e-01,5.480328023940082005e-01,-7.517728541563378775e-02
6.546774949723914716e-01,4.869449045007268051e-01,5.480328023940082005e-01,-7.517728541563378775e-02
6.546774949723914716e-01,4.869449045007268051e-01,5.480328023940082005e-01,-7.517728541563378775e-02
6.850460414492396399e-01,4.917368514117282929e-01,5.477298729896807883e-01,-6.303533332425231839e-02
6.850460414492396399e-01,4.917368514117282929e-01,5.477298729896807883e-01,-6.303533332425231839e-02
6.850460414492396399e-01,4.917368514117282929e-01,5.477298729896807883e-01,-6.303533332425231839e-02
7.082343829541425384e-01,4.977453560647507880e-01,5.473064017158419947e-01,-4.499197170070181467e-02
7.082343829541425384e-01,4.977453560647507880e-01,5.473064017158419947e-01,-4.499197170070181467e-02
7.082343829541425384e-01,4.977453560647507880e-01,5.473064017158419947e-01,-4.499197170070181467e-02
7.502988851514706958e-01,5.049986956229316482e-01,5.467721420905655716e-01,-1.961791570301638782e-02
7.502988851514706958e-01,5.049986956229316482e-01,5.467721420905655716e-01,-1.961791570301638782e-02
7.502988851514706958e-01,5.049986956229316482e-01,5.467721420905655716e-01,-1.961791570301638782e-02
7.824634002577500747e-01,5.124801114328740859e-01,5.460813053912934034e-01,1.685234505596323873e-02
7.824634002577500747e-01,5.124801114328740859e-01,5.460813053912934034e-01,1.685234505596323873e-02
7.824634002577500747e-01,5.124801114328740859e-01,5.460813053912934034e-01,1.685234505596323873e-02
7.864883928451300577e-01,5.189029012501089611e-01,5.451181317192583808e-01,3.873366567577205682e-02
7.864883928451300577e-01,5.189029012501089611e-01,5.451181317192583808e-01,3.873366567577205682e-02
7.864883928451300577e-01,5.189029012501089611e-01,5.451181317192583808e-01,3.873366567577205682e-02
7.686540719658472298e-01,5.237469931952070112e-01,5.439927916082021309e-01,4.012069071112668583e-02
7.686540719658472298e-01,5.237469931952070112e-01,5.439927916082021309e-01,4.012069071112668583e-02
7.686540719658472298e-01,5.237469931952070112e-01,5.439927916082021309e-01,4.012069071112668583e-02
7.365820776574256712e-01,5.286663401541713547e-01,5.426492987101636523e-01,2.222551040317795323e-02
7.365820776574256712e-01,5.286663401541713547e-01,5.426492987101636523e-01,2.222551040317795323e-02
7.365820776574256712e-01,5.286663401541713547e-01,5.426492987101636523e-01,2.222551040317795323e-02
7.030565557026497991e-01,5.344042537889654998e-01,5.412030692769336238e-01,-1.517334911571579029e-03
7.030565557026497991e-01,5.344042537889654998e-01,5.412030692769336238e-01,-1.517334911571579029e-03
7.030565557026497991e-01,5.344042537889654998e-01,5.412030692769336238e-01,-1.517334911571579029e-03
6.880596981105155940e-01,5.404836353663970971e-01,5.397099579667665736e-01,-1.596680492391797795e-02
6.880596981105155940e-01,5.404836353663970971e-01,5.397099579667665736e-01,-1.596680492391797795e-02
6.880596981105155940e-01,5.404836353663970971e-01,5.397099579667665736e-01,-1.596680492391797795e-02
6.967623500179662699e-01,5.474503615317938277e-01,5.382485236867593503e-01,-2.764635630048341980e-02
6.967623500179662699e-01,5.474503615317938277e-01,5.382485236867593503e-01,-2.764635630048341980e-02
6.967623500179662699e-01,5.474503615317938277e-01,5.382485236867593503e-01,-2.764635630048341980e-02
6.988619076013338205e-01,5.562161827865732544e-01,5.371100481254269532e-01,-4.747400454308967066e-02
6.988619076013338205e-01,5.562161827865732544e-01,5.371100481254269532e-01,-4.747400454308967066e-02
6.988619076013338205e-01,5.562161827865732544e-01,5.371100481254269532e-01,-4.747400454308967066e-02
6.768225772032122611e-01,5.673752134913152556e-01,5.363228168224660752e-01,-5.391030192773837992e-02
6.768225772032122611e-01,5.673752134913152556e-01,5.363228168224660752e-01,-5.391030192773837992e-02
6.768225772032122611e-01,5.673752134913152556e-01,5.363228168224660752e-01,-5.391030192773837992e-02
6.415857693548002727e-01,5.809208693933507472e-01,5.356087471279529222e-01,-2.601467601382979888e-02
6.415857693548002727e-01,5.809208693933507472e-01,5.356087471279529222e-01,-2.601467601382979888e-02
6.415857693548002727e-01,5.809208693933507472e-01,5.356087471279529222e-01,-2.601467601382979888e-02
6.020322133618984939e-01,5.961399168367327306e-01,5.352523871631884589e-01,3.158799454838846082e-02
6.020322133618984939e-01,5.961399168367327306e-01,5.352523871631884589e-01,3.158799454838846082e-02
6.020322133618984939e-01,5.961399168367327306e-01,5.352523871631884589e-01,3.158799454838846082e-02
5.523181027852717140e-01,6.118950723923362034e-01,5.350449055720079006e-01,6.744775205065565993e-02
5.523181027852717140e-01,6.118950723923362034e-01,5.350449055720079006e-01,6.744775205065565993e-02
5.523181027852717140e-01,6.118950723923362034e-01,5.350449055720079006e-01,6.744775205065565993e-02
5.296912125670739657e-01,6.257190585367088387e-01,5.349046600142951524e-01,8.814452711364974269e-02
5.296912125670739657e-01,6.257190585367088387e-01,5.349046600142951524e-01,8.814452711364974269e-02
5.296912125670739657e-01,6.257190585367088387e-01,5.349046600142951524e-01,8.814452711364974269e-02
5.057673843908001565e-01,6.361005303417635037e-01,5.348604574921485000e-01,7.488162539158310649e-02
5.057673843908001565e-01,6.361005303417635037e-01,5.348604574921485000e-01,7.488162539158310649e-02
5.057673843908001565e-01,6.361005303417635037e-01,5.348604574921485000e-01,7.488162539158310649e-02
4.632157409506902912e-01,6.426885446558333603e-01,5.348535026838916462e-01,5.761242106019134196e-02
4.632157409506902912e-01,6.426885446558333603e-01,5.348535026838916462e-01,5.761242106019134196e-02
4.632157409506902912e-01,6.426885446558333603e-01,5.348535026838916462e-01,5.761242106019134196e-02
4.575011054108170105e-01,6.483108175192837663e-01,5.348978386732445856e-01,4.147921062980427370e-02
4.575011054108170105e-01,6.483108175192837663e-01,5.348978386732445856e-01,4.147921062980427370e-02
4.575011054108170105e-01,6.483108175192837663e-01,5.348978386732445856e-01,4.147921062980427370e-02
4.545600410113508349e-01,6.514215438680801551e-01,5.348698172641768167e-01,2.454215973152720776e-02
4.545600410113508349e-01,6.514215438680801551e-01,5.348698172641768167e-01,2.454215973152720776e-02
4.545600410113508349e-01,6.514215438680801551e-01,5.348698172641768167e-01,2.454215973152720776e-02
4.201728303953211618e-01,6.546104365864933161e-01,5.348861962971602768e-01,-6.564298050853185906e-03
4.201728303953211618e-01,6.546104365864933161e-01,5.348861962971602768e-01,-6.564298050853185906e-03
4.201728303953211618e-01,6.546104365864933161e-01,5.348861962971602768e-01,-6.564298050853185906e-03
3.935490382890244332e-01,6.554961291424734604e-01,5.349153832233808359e-01,-2.934810378868350778e-02
3.935490382890244332e-01,6.554961291424734604e-01,5.349153832233808359e-01,-2.934810378868350778e-02
3.935490382890244332e-01,6.554961291424734604e-01,5.349153832233808359e-01,-2.934810378868350778e-02
3.920574930356025556e-01,6.571921489480669898e-01,5.349628772188455006e-01,-4.353718160437465567e-02
3.920574930356025556e-01,6.571921489480669898e-01,5.349628772188455006e-01,-4.353718160437465567e-02
3.920574930356025556e-01,6.571921489480669898e-01,5.349628772188455006e-01,-4.353718160437465567e-02
4.123458358648162680e-01,4.813520218364090164e-01,5.498130835487836654e-01,-6.547147916305960658e-02
4.123458358648162680e-01,4.813520218364090164e-01,5.498130835487836654e-01,-6.547147916305960658e-02
4.123458358648162680e-01,4.813520218364090164e-01,5.498130835487836654e-01,-6.547147916305960658e-02
4.265753135117509309e-01,4.821988049177140523e-01,5.497713301848592415e-01,-7.067263934932410674e-02
4.265753135117509309e-01,4.821988049177140523e-01,5.497713301848592415e-01,-7.067263934932410674e-02
4.265753135117509309e-01,4.821988049177140523e-01,5.497713301848592415e-01,-7.067263934932410674e-02
4.554906651058248102e-01,4.826806542644033193e-01,5.497074271607751417e-01,-8.457833718779247945e-02
4.554906651058248102e-01,4.826806542644033193e-01,5.497074271607751417e-01,-8.457833718779247945e-02
4.554906651058248102e-01,4.826806542644033193e-01,5.497074271607751417e-01,-8.457833718779247945e-02
4.957153905050138976e-01,4.842175711420232398e-01,5.496860006612285243e-01,-1.120073106065597179e-01
4.957153905050138976e-01,4.842175711420232398e-01,5.496860006612285243e-01,-1.120073106065597179e-01
4.957153905050138976e-01,4.842175711420232398e-01,5.496860006612285243e-01,-1.120073106065597179e-01
5.414337555680547309e-01,4.857626306875086897e-01,5.496139941114146499e-01,-1.221584953591739048e-01
5.414337555680547309e-01,4.857626306875086897e-01,5.496139941114146499e-01,-1.221584953591739048e-01
5.414337555680547309e-01,4.857626306875086897e-01,5.496139941114146499e-01,-1.221584953591739048e-01
6.039811413705695742e-01,4.893445925551634379e-01,5.494624585995284693e-01,-1.106484297459654209e-01
6.039811413705695742e-01,4.893445925551634379e-01,5.494624585995284693e-01,-1.106484297459654209e-01
6.039811413705695742e-01,4.893445925551634379e-01,5.494624585995284693e-01,-1.106484297459654209e-01
6.604568019503671561e-01,4.924441197527057446e-01,5.492694098691822679e-01,-1.033890811018555178e-01
6.604568019503671561e-01,4.924441197527057446e-01,5.492694098691822679e-01,-1.033890811018555178e-01
6.604568019503671561e-01,4.924441197527057446e-01,5.492694098691822679e-01,-1.033890811018555178e-01
6.984959639290201361e-01,4.972780313532359497e-01,5.490537391619310092e-01,-9.067986672643471580e-02
6.984959639290201361e-01,4.972780313532359497e-01,5.490537391619310092e-01,-9.067986672643471580e-02
6.984959639290201361e-01,4.972780313532359497e-01,5.490537391619310092e-01,-9.067986672643471580e-02
7.341424887715850556e-01,5.032795203957924901e-01,5.488360925895868769e-01,-7.447921416888489410e-02
7.341424887715850556e-01,5.032795203957924901e-01,5.488360925895868769e-01,-7.447921416888489410e-02
7.341424887715850556e-01,5.032795203957924901e-01,5.488360925895868769e-01,-7.447921416888489410e-02
7.676672835740312451e-01,5.110143224911813942e-01,5.484120291833090022e-01,-4.923387571203442781e-02
7.676672835740312451e-01,5.110143224911813942e-01,5.484120291833090022e-01,-4.923387571203442781e-02
7.676672835740312451e-01,5.110143224911813942e-01,5.484120291833090022e-01,-4.923387571203442781e-02
7.820950121690626311e-01,5.191271729753323960e-01,5.476653876567454393e-01,-5.995307814651662168e-03
7.820950121690626311e-01,5.191271729753323960e-01,5.476653876567454393e-01,-5.995307814651662168e-03
7.820950121690626311e-01,5.191271729753323960e-01,5.476653876567454393e-01,-5.995307814651662168e-03
7.726285934292911328e-01,5.261395418806740221e-01,5.468812730234180464e-01,1.946242579322721503e-02
7.726285934292911328e-01,5.261395418806740221e-01,5.468812730234180464e-01,1.946242579322721503e-02
7.726285934292911328e-01,5.261395418806740221e-01,5.468812730234180464e-01,1.946242579322721503e-02
7.484506652077738131e-01,5.313811021158511005e-01,5.458153777539265228e-01,2.274155386235360982e-02
7.484506652077738131e-01,5.313811021158511005e-01,5.458153777539265228e-01,2.274155386235360982e-02
7.484506652077738131e-01,5.313811021158511005e-01,5.458153777539265228e-01,2.274155386235360982e-02
7.076201593778774779e-01,5.362179828153457173e-01,5.445037075185268360e-01,8.377926701539599799e-03
7.076201593778774779e-01,5.362179828153457173e-01,5.445037075185268360e-01,8.377926701539599799e-03
7.076201593778774779e-01,5.362179828153457173e-01,5.445037075185268360e-01,8.377926701539599799e-03
6.625651667034313519e-01,5.419860025684677396e-01,5.431002717087383136e-01,-7.057813153809957413e-03
6.625651667034313519e-01,5.419860025684677396e-01,5.431002717087383136e-01,-7.057813153809957413e-03
6.625651667034313519e-01,5.419860025684677396e-01,5.431002717087383136e-01,-7.057813153809957413e-03
6.478882692547778266e-01,5.479316832321146080e-01,5.416311877283159770e-01,-1.929093531317023491e-02
6.478882692547778266e-01,5.479316832321146080e-01,5.416311877283159770e-01,-1.929093531317023491e-02
6.478882692547778266e-01,5.479316832321146080e-01,5.416311877283159770e-01,-1.929093531317023491e-02
6.702805958110493734e-01,5.543904230967177105e-01,5.402009165084393771e-01,-3.226245022810731583e-02
6.702805958110493734e-01,5.543904230967177105e-01,5.402009165084393771e-01,-3.226245022810731583e-02
6.702805958110493734e-01,5.543904230967177105e-01,5.402009165084393771e-01,-3.226245022810731583e-02
6.880086601860559981e-01,5.632872620727642499e-01,5.388236771219938603e-01,-5.078614471669982283e-02
6.880086601860559981e-01,5.632872620727642499e-01,5.388236771219938603e-01,-5.078614471669982283e-02
6.880086601860559981e-01,5.632872620727642499e-01,5.388236771219938603e-01,-5.078614471669982283e-02
6.787725492033059860e-01,5.744962475170080074e-01,5.377616276990537791e-01,-6.025893565170959559e-02
6.787725492033059860e-01,5.744962475170080074e-01,5.377616276990537791e-01,-6.025893565170959559e-02
6.787725492033059860e-01,5.744962475170080074e-01,5.377616276990537791e-01,-6.025893565170959559e-02
6.466139745194224853e-01,5.877053763515938112e-01,5.370150608647745738e-01,-3.968216898914386781e-02
6.466139745194224853e-01,5.877053763515938112e-01,5.370150608647745738e-01,-3.968216898914386781e-02
6.466139745194224853e-01,5.877053763515938112e-01,5.370150608647745738e-01,-3.968216898914386781e-02
6.064414619987352761e-01,6.023700494276962303e-01,5.362819256470694462e-01,1.714842235953743799e-02
6.064414619987352761e-01,6.023700494276962303e-01,5.362819256470694462e-01,1.714842235953743799e-02
6.064414619987352761e-01,6.023700494276962303e-01,5.362819256470694462e-01,1.714842235953743799e-02
5.545538771563203184e-01,6.176527423190446564e-01,5.359021675958282049e-01,5.771300429432464629e-02
5.545538771563203184e-01,6.176527423190446564e-01,5.359021675958282049e-01,5.771300429432464629e-02
5.545538771563203184e-01,6.176527423190446564e-01,5.359021675958282049e-01,5.771300429432464629e-02
5.402585087989726365e-01,6.311851119889837491e-01,5.357444004620530720e-01,9.287309046299460635e-02
5.402585087989726365e-01,6.311851119889837491e-01,5.357444004620530720e-01,9.287309046299460635e-02
5.402585087989726365e-01,6.311851119889837491e-01,5.357444004620530720e-01,9.287309046299460635e-02
5.564958028434865422e-01,6.423065173411577344e-01,5.355716017805101092e-01,1.036736302248501274e-01
5.564958028434865422e-01,6.423065173411577344e-01,5.355716017805101092e-01,1.036736302248501274e-01
5.564958028434865422e-01,6.423065173411577344e-01,5.355716017805101092e-01,1.036736302248501274e-01
5.539544402889149399e-01,6.496893416185407499e-01,5.354143779491397082e-01,9.759559423834526792e-02
5.539544402889149399e-01,6.496893416185407499e-01,5.354143779491397082e-01,9.759559423834526792e-02
5.539544402889149399e-01,6.496893416185407499e-01,5.354143779491397082e-01,9.759559423834526792e-02
5.359786910538142379e-01,6.558708824263275172e-01,5.352955200512732326e-01,8.139615779079792390e-02
5.359786910538142379e-01,6.558708824263275172e-01,5.352955200512732326e-01,8.139615779079792390e-02
5.359786910538142379e-01,6.558708824263275172e-01,5.352955200512732326e-01,8.139615779079792390e-02
5.164581985045488821e-01,6.595435225089176789e-01,5.352541265992281083e-01,5.390664072877579538e-02
5.164581985045488821e-01,6.595435225089176789e-01,5.352541265992281083e-01,5.390664072877579538e-02
5.164581985045488821e-01,6.595435225089176789e-01,5.352541265992281083e-01,5.390664072877579538e-02
4.675473747995443352e-01,6.625137616473321112e-01,5.352594618684793915e-01,-7.187068053534121162e-03
4.675473747995443352e-01,6.625137616473321112e-01,5.352594618684793915e-01,-7.187068053534121162e-03
4.675473747995443352e-01,6.625137616473321112e-01,5.352594618684793915e-01,-7.187068053534121162e-03
4.334437362330948451e-01,6.640658366095585352e-01,5.352181730803116100e-01,-4.380868918253177230e-02
4.334437362330948451e-01,6.640658366095585352e-01,5.352181730803116100e-01,-4.380868918253177230e-02
4.334437362330948451e-01,6.640658366095585352e-01,5.352181730803116100e-01,-4.380868918253177230e-02
4.217251561319176889e-01,6.652705494480305459e-01,5.351969659623712072e-01,-6.062326184990048106e-02
4.217251561319176889e-01,6.652705494480305459e-01,5.351969659623712072e-01,-6.062326184990048106e-02
4.217251561319176889e-01,6.652705494480305459e-01,5.351969659623712072e-01,-6.062326184990048106e-02
4.266389721262031642e-01,4.884838846392933753e-01,5.506978702732647779e-01,-4.280154721781893185e-02
4.266389721262031642e-01,4.884838846392933753e-01,5.506978702732647779e-01,-4.280154721781893185e-02
4.266389721262031642e-01,4.884838846392933753e-01,5.506978702732647779e-01,-4.280154721781893185e-02
4.419286255313167877e-01,4.889154449318652285e-01,5.507058811594434111e-01,-5.180416018795369615e-02
4.419286255313167877e-01,4.889154449318652285e-01,5.507058811594434111e-01,-5.180416018795369615e-02
4.419286255313167877e-01,4.889154449318652285e-01,5.507058811594434111e-01,-5.180416018795369615e-02
4.707146639111255415e-01,4.907274759134326869e-01,5.507204113048645988e-01,-7.124713047646415165e-02
4.707146639111255415e-01,4.907274759134326869e-01,5.507204113048645988e-01,-7.124713047646415165e-02
4.707146639111255415e-01,4.907274759134326869e-01,5.507204113048645988e-01,-7.124713047646415165e-02
5.010715226899626895e-01,4.921324671455560296e-01,5.506596320563513780e-01,-1.049968729280430502e-01
5.010715226899626895e-01,4.921324671455560296e-01,5.506596320563513780e-01,-1.049968729280430502e-01
5.010715226899626895e-01,4.921324671455560296e-01,5.506596320563513780e-01,-1.049968729280430502e-01
5.408576770651071230e-01,4.929507574446236884e-01,5.506799584228525557e-01,-1.156545073654045158e-01
5.408576770651071230e-01,4.929507574446236884e-01,5.506799584228525557e-01,-1.156545073654045158e-01
5.408576770651071230e-01,4.929507574446236884e-01,5.506799584228525557e-01,-1.156545073654045158e-01
5.997458272350442154e-01,4.962719949210888659e-01,5.506898464219071032e-01,-1.003617704295943214e-01
5.997458272350442154e-01,4.962719949210888659e-01,5.506898464219071032e-01,-1.003617704295943214e-01
5.997458272350442154e-01,4.962719949210888659e-01,5.506898464219071032e-01,-1.003617704295943214e-01
6.629379790216556323e-01,4.999971810766009606e-01,5.506127858851472823e-01,-8.832557682859362713e-02
6.629379790216556323e-01,4.999971810766009606e-01,5.506127858851472823e-01,-8.832557682859362713e-02
6.629379790216556323e-01,4.999971810766009606e-01,5.506127858851472823e-01,-8.832557682859362713e-02
7.107933476233039283e-01,5.054233828939985740e-01,5.504938101444052378e-01,-8.105562361410359462e-02
7.107933476233039283e-01,5.054233828939985740e-01,5.504938101444052378e-01,-8.105562361410359462e-02
7.107933476233039283e-01,5.054233828939985740e-01,5.504938101444052378e-01,-8.105562361410359462e-02
7.481554080245755856e-01,5.119751891967231350e-01,5.501451105977970268e-01,-7.955070512925019321e-02
7.481554080245755856e-01,5.119751891967231350e-01,5.501451105977970268e-01,-7.955070512925019321e-02
7.481554080245755856e-01,5.119751891967231350e-01,5.501451105977970268e-01,-7.955070512925019321e-02
7.651515181691888046e-01,5.197782327832149996e-01,5.497177344762720352e-01,-6.504197301124550745e-02
7.651515181691888046e-01,5.197782327832149996e-01,5.497177344762720352e-01,-6.504197301124550745e-02
7.651515181691888046e-01,5.197782327832149996e-01,5.497177344762720352e-01,-6.504197301124550745e-02
7.619032278477098075e-01,5.276914979448470433e-01,5.491943636616991586e-01,-2.873308188153100851e-02
7.619032278477098075e-01,5.276914979448470433e-01,5.491943636616991586e-01,-2.873308188153100851e-02
7.619032278477098075e-01,5.276914979448470433e-01,5.491943636616991586e-01,-2.873308188153100851e-02
7.457965514446129873e-01,5.347064974370592250e-01,5.482704148996924154e-01,-1.186013386934490349e-02
7.457965514446129873e-01,5.347064974370592250e-01,5.482704148996924154e-01,-1.186013386934490349e-02
7.457965514446129873e-01,5.347064974370592250e-01,5.482704148996924154e-01,-1.186013386934490349e-02
7.177813229305547438e-01,5.403380327190842047e-01,5.472292082794163459e-01,-1.784726465159706607e-02
7.177813229305547438e-01,5.403380327190842047e-01,5.472292082794163459e-01,-1.784726465159706607e-02
7.177813229305547438e-01,5.403380327190842047e-01,5.472292082794163459e-01,-1.784726465159706607e-02
6.741140624660095781e-01,5.452441969657253473e-01,5.460055498530984597e-01,-2.386774719630937319e-02
6.741140624660095781e-01,5.452441969657253473e-01,5.460055498530984597e-01,-2.386774719630937319e-02
6.741140624660095781e-01,5.452441969657253473e-01,5.460055498530984597e-01,-2.386774719630937319e-02
6.319804562245048274e-01,5.506298194165659687e-01,5.446847083115871069e-01,-2.422639268519545877e-02
6.319804562245048274e-01,5.506298194165659687e-01,5.446847083115871069e-01,-2.422639268519545877e-02
6.319804562245048274e-01,5.506298194165659687e-01,5.446847083115871069e-01,-2.422639268519545877e-02
6.277571312882019861e-01,5.564301762685698316e-01,5.432580795802706142e-01,-2.920452175407459161e-02
6.277571312882019861e-01,5.564301762685698316e-01,5.432580795802706142e-01,-2.920452175407459161e-02
6.277571312882019861e-01,5.564301762685698316e-01,5.432580795802706142e-01,-2.920452175407459161e-02
6.634009004427545708e-01,5.626307355680291167e-01,5.418261424917528712e-01,-3.926087076621735672e-02
6.634009004427545708e-01,5.626307355680291167e-01,5.418261424917528712e-01,-3.926087076621735672e-02
6.634009004427545708e-01,5.626307355680291167e-01,5.418261424917528712e-01,-3.926087076621735672e-02
6.920517732082482887e-01,5.712079663680325048e-01,5.404591166593009088e-01,-6.174051479993644675e-02
6.920517732082482887e-01,5.712079663680325048e-01,5.404591166593009088e-01,-6.174051479993644675e-02
6.920517732082482887e-01,5.712079663680325048e-01,5.404591166593009088e-01,-6.174051479993644675e-02
6.904655107268669045e-01,5.821458922815416770e-01,5.392659038396581117e-01,-7.596465337654048633e-02
6.904655107268669045e-01,5.821458922815416770e-01,5.392659038396581117e-01,-7.596465337654048633e-02
6.904655107268669045e-01,5.821458922815416770e-01,5.392659038396581117e-01,-7.596465337654048633e-02
6.599815038452970795e-01,5.950283967288549913e-01,5.382146337944039294e-01,-5.294431791950086896e-02
6.599815038452970795e-01,5.950283967288549913e-01,5.382146337944039294e-01,-5.294431791950086896e-02
6.599815038452970795e-01,5.950283967288549913e-01,5.382146337944039294e-01,-5.294431791950086896e-02
6.154924687959335561e-01,6.089403309922845065e-01,5.375033467828839173e-01,1.212963188899319859e-02
6.154924687959335561e-01,6.089403309922845065e-01,5.375033467828839173e-01,1.212963188899319859e-02
6.154924687959335561e-01,6.089403309922845065e-01,5.375033467828839173e-01,1.212963188899319859e-02
5.799843666678037302e-01,6.230322685280402784e-01,5.369197393962544806e-01,5.615742247957074967e-02
5.799843666678037302e-01,6.230322685280402784e-01,5.369197393962544806e-01,5.615742247957074967e-02
5.799843666678037302e-01,6.230322685280402784e-01,5.369197393962544806e-01,5.615742247957074967e-02
5.876303220736600608e-01,6.364422672678439197e-01,5.364332755371725714e-01,9.584980274757733121e-02
5.876303220736600608e-01,6.364422672678439197e-01,5.364332755371725714e-01,9.584980274757733121e-02
5.876303220736600608e-01,6.364422672678439197e-01,5.364332755371725714e-01,9.584980274757733121e-02
6.159680865862425803e-01,6.476997792064882464e-01,5.361678713133954943e-01,1.069452216115356069e-01
6.159680865862425803e-01,6.476997792064882464e-01,5.361678713133954943e-01,1.069452216115356069e-01
6.159680865862425803e-01,6.476997792064882464e-01,5.361678713133954943e-01,1.069452216115356069e-01
6.141095767881056267e-01,6.558099815649747200e-01,5.359636629225119631e-01,8.737914056100924698e-02
6.141095767881056267e-01,6.558099815649747200e-01,5.359636629225119631e-01,8.737914056100924698e-02
6.141095767881056267e-01,6.558099815649747200e-01,5.359636629225119631e-01,8.737914056100924698e-02
5.910986939256217543e-01,6.620470163534346586e-01,5.358572169663071705e-01,5.893540807776783547e-02
5.910986939256217543e-01,6.620470163534346586e-01,5.358572169663071705e-01,5.893540807776783547e-02
5.910986939256217543e-01,6.620470163534346586e-01,5.358572169663071705e-01,5.893540807776783547e-02
5.767736301856712933e-01,6.653876738519854950e-01,5.357765663650251309e-01,2.387735033041831628e-02
5.767736301856712933e-01,6.653876738519854950e-01,5.357765663650251309e-01,2.387735033041831628e-02
5.767736301856712933e-01,6.653876738519854950e-01,5.357765663650251309e-01,2.387735033041831628e-02
5.297096981787153824e-01,6.681056985168463136e-01,5.356383691279618109e-01,-2.809296774968302740e-02
5.297096981787153824e-01,6.681056985168463136e-01,5.356383691279618109e-01,-2.809296774968302740e-02
5.297096981787153824e-01,6.681056985168463136e-01,5.356383691279618109e-01,-2.809296774968302740e-02
4.935021219350597677e-01,6.706623480191844511e-01,5.355773909589147674e-01,-5.671161300980626790e-02
4.935021219350597677e-01,6.706623480191844511e-01,5.355773909589147674e-01,-5.671161300980626790e-02
4.935021219350597677e-01,6.706623480191844511e-01,5.355773909589147674e-01,-5.671161300980626790e-02
4.641173624550516408e-01,6.712883681032966177e-01,5.355204133324558136e-01,-6.969233800591949357e-02
4.641173624550516408e-01,6.712883681032966177e-01,5.355204133324558136e-01,-6.969233800591949357e-02
4.641173624550516408e-01,6.712883681032966177e-01,5.355204133324558136e-01,-6.969233800591949357e-02
4.548991183201455124e-01,4.954614595386258591e-01,5.515451709380293499e-01,-1.613734084586131504e-02
4.548991183201455124e-01,4.954614595386258591e-01,5.515451709380293499e-01,-1.613734084586131504e-02
4.548991183201455124e-01,4.954614595386258591e-01,5.515451709380293499e-01,-1.613734084586131504e-02
4.678155356998001668e-01,4.968712719144388057e-01,5.516101520494357535e-01,-2.857725135529942326e-02
4.678155356998001668e-01,4.968712719144388057e-01,5.516101520494357535e-01,-2.857725135529942326e-02
4.678155356998001668e-01,4.968712719144388057e-01,5.516101520494357535e-01,-2.857725135529942326e-02
4.863786176422316698e-01,4.986516989609801054e-01,5.516604738469179647e-01,-4.984704552269970945e-02
4.863786176422316698e-01,4.986516989609801054e-01,5.516604738469179647e-01,-4.984704552269970945e-02
4.863786176422316698e-01,4.986516989609801054e-01,5.516604738469179647e-01,-4.984704552269970945e-02
5.075721955955916354e-01,4.997101915097769131e-01,5.516593601612296283e-01,-7.986292306434483734e-02
5.075721955955916354e-01,4.997101915097769131e-01,5.516593601612296283e-01,-7.986292306434483734e-02
5.075721955955916354e-01,4.997101915097769131e-01,5.516593601612296283e-01,-7.986292306434483734e-02
5.333951127004233905e-01,5.028119840121803019e-01,5.517450332811424385e-01,-8.034705043737949692e-02
5.333951127004233905e-01,5.028119840121803019e-01,5.517450332811424385e-01,-8.034705043737949692e-02
5.333951127004233905e-01,5.028119840121803019e-01,5.517450332811424385e-01,-8.034705043737949692e-02
5.770264273135892186e-01,5.053535895249677834e-01,5.517515109302634224e-01,-5.321523011300480221e-02
5.770264273135892186e-01,5.053535895249677834e-01,5.517515109302634224e-01,-5.321523011300480221e-02
5.770264273135892186e-01,5.053535895249677834e-01,5.517515109302634224e-01,-5.321523011300480221e-02
6.359904753718441661e-01,5.094431006204158674e-01,5.518163202818189284e-01,-3.393981109900366666e-02
6.359904753718441661e-01,5.094431006204158674e-01,5.518163202818189284e-01,-3.393981109900366666e-02
6.359904753718441661e-01,5.094431006204158674e-01,5.518163202818189284e-01,-3.393981109900366666e-02
6.893218478546256911e-01,5.154608227761690031e-01,5.516980823206057982e-01,-3.581258859292166252e-02
6.893218478546256911e-01,5.154608227761690031e-01,5.516980823206057982e-01,-3.581258859292166252e-02
6.893218478546256911e-01,5.154608227761690031e-01,5.516980823206057982e-01,-3.581258859292166252e-02
7.259925709117354131e-01,5.226565214612101107e-01,5.513380368698850287e-01,-5.335517051235514480e-02
7.259925709117354131e-01,5.226565214612101107e-01,5.513380368698850287e-01,-5.335517051235514480e-02
7.259925709117354131e-01,5.226565214612101107e-01,5.513380368698850287e-01,-5.335517051235514480e-02
7.245037467353098171e-01,5.305990693369988520e-01,5.508392060438522808e-01,-5.922348892595740572e-02
7.245037467353098171e-01,5.305990693369988520e-01,5.508392060438522808e-01,-5.922348892595740572e-02
7.245037467353098171e-01,5.305990693369988520e-01,5.508392060438522808e-01,-5.922348892595740572e-02
7.118472129710833318e-01,5.380770416993391203e-01,5.502529241075242439e-01,-4.754123886530179505e-02
7.118472129710833318e-01,5.380770416993391203e-01,5.502529241075242439e-01,-4.754123886530179505e-02
7.118472129710833318e-01,5.380770416993391203e-01,5.502529241075242439e-01,-4.754123886530179505e-02
7.064769473701117963e-01,5.447908555253948570e-01,5.493450214675583698e-01,-4.864940793313875245e-02
7.064769473701117963e-01,5.447908555253948570e-01,5.493450214675583698e-01,-4.864940793313875245e-02
7.064769473701117963e-01,5.447908555253948570e-01,5.493450214675583698e-01,-4.864940793313875245e-02
6.883086054083965566e-01,5.502962550373271533e-01,5.482970276989236336e-01,-6.680824331932082305e-02
6.883086054083965566e-01,5.502962550373271533e-01,5.482970276989236336e-01,-6.680824331932082305e-02
6.883086054083965566e-01,5.502962550373271533e-01,5.482970276989236336e-01,-6.680824331932082305e-02
6.462861895965958947e-01,5.552518343414534208e-01,5.471933409404512449e-01,-7.064210696211176144e-02
6.462861895965958947e-01,5.552518343414534208e-01,5.471933409404512449e-01,-7.064210696211176144e-02
6.462861895965958947e-01,5.552518343414534208e-01,5.471933409404512449e-01,-7.064210696211176144e-02
6.190282399578268535e-01,5.604162056590142882e-01,5.459396212295689610e-01,-5.650377402307013575e-02
6.190282399578268535e-01,5.604162056590142882e-01,5.459396212295689610e-01,-5.650377402307013575e-02
6.190282399578268535e-01,5.604162056590142882e-01,5.459396212295689610e-01,-5.650377402307013575e-02
6.238270335974354097e-01,5.659046749904187434e-01,5.445956402665470542e-01,-4.415740923596692818e-02
6.238270335974354097e-01,5.659046749904187434e-01,5.445956402665470542e-01,-4.415740923596692818e-02
6.238270335974354097e-01,5.659046749904187434e-01,5.445956402665470542e-01,-4.415740923596692818e-02
6.692890464832056407e-01,5.722211369260126190e-01,5.432183699876138583e-01,-4.622909264245310401e-02
6.692890464832056407e-01,5.722211369260126190e-01,5.432183699876138583e-01,-4.622909264245310401e-02
6.692890464832056407e-01,5.722211369260126190e-01,5.432183699876138583e-01,-4.622909264245310401e-02
7.046272362752574736e-01,5.803113697104549384e-01,5.418850063716278420e-01,-6.310749452705742557e-02
7.046272362752574736e-01,5.803113697104549384e-01,5.418850063716278420e-01,-6.310749452705742557e-02
7.046272362752574736e-01,5.803113697104549384e-01,5.418850063716278420e-01,-6.310749452705742557e-02
7.002407739385143604e-01,5.906560663481319473e-01,5.406402963753358382e-01,-7.538584344491647271e-02
7.002407739385143604e-01,5.906560663481319473e-01,5.406402963753358382e-01,-7.538584344491647271e-02
7.002407739385143604e-01,5.906560663481319473e-01,5.406402963753358382e-01,-7.538584344491647271e-02
6.635855309273395175e-01,6.022828729925469027e-01,5.395255926055591011e-01,-5.446494157576078216e-02
6.635855309273395175e-01,6.022828729925469027e-01,5.395255926055591011e-01,-5.446494157576078216e-02
6.635855309273395175e-01,6.022828729925469027e-01,5.395255926055591011e-01,-5.446494157576078216e-02
6.202233334394076092e-01,6.150873619943530990e-01,5.386406952562245998e-01,1.359589790660124115e-02
6.202233334394076092e-01,6.150873619943530990e-01,5.386406952562245998e-01,1.359589790660124115e-02
6.202233334394076092e-01,6.150873619943530990e-01,5.386406952562245998e-01,1.359589790660124115e-02
5.990222483477550819e-01,6.286483428973234089e-01,5.378917909283993382e-01,5.549371232386078601e-02
5.990222483477550819e-01,6.286483428973234089e-01,5.378917909283993382e-01,5.549371232386078601e-02
5.990222483477550819e-01,6.286483428973234089e-01,5.378917909283993382e-01,5.549371232386078601e-02
6.124371870858977829e-01,6.417285046844686258e-01,5.372812445834732609e-01,8.951134190023209147e-02
6.124371870858977829e-01,6.417285046844686258e-01,5.372812445834732609e-01,8.951134190023209147e-02
6.124371870858977829e-01,6.417285046844686258e-01,5.372812445834732609e-01,8.951134190023209147e-02
6.247043209090246130e-01,6.529998827845328035e-01,5.368747563960327707e-01,8.020028420279071146e-02
6.247043209090246130e-01,6.529998827845328035e-01,5.368747563960327707e-01,8.020028420279071146e-02
6.247043209090246130e-01,6.529998827845328035e-01,5.368747563960327707e-01,8.020028420279071146e-02
6.064929752878506219e-01,6.609819162783419078e-01,5.366424584250391039e-01,4.231375893644737790e-02
6.064929752878506219e-01,6.609819162783419078e-01,5.366424584250391039e-01,4.231375893644737790e-02
6.064929752878506219e-01,6.609819162783419078e-01,5.366424584250391039e-01,4.231375893644737790e-02
5.889738007992757485e-01,6.660970441149642873e-01,5.364104605301953654e-01,-5.021644483758358479e-03
5.889738007992757485e-01,6.660970441149642873e-01,5.364104605301953654e-01,-5.021644483758358479e-03
5.889738007992757485e-01,6.660970441149642873e-01,5.364104605301953654e-01,-5.021644483758358479e-03
5.978094251641550283e-01,6.706804776270061108e-01,5.362703230012684230e-01,-4.986733668903513966e-02
5.978094251641550283e-01,6.706804776270061108e-01,5.362703230012684230e-01,-4.986733668903513966e-02
5.978094251641550283e-01,6.706804776270061108e-01,5.362703230012684230e-01,-4.986733668903513966e-02
5.626433738599946333e-01,6.723398148626231752e-01,5.360928513855951483e-01,-6.506326827090037901e-02
5.626433738599946333e-01,6.723398148626231752e-01,5.360928513855951483e-01,-6.506326827090037901e-02
5.626433738599946333e-01,6.723398148626231752e-01,5.360928513855951483e-01,-6.506326827090037901e-02
5.383987595795540759e-01,6.743495216711558049e-01,5.359768897379464381e-01,-6.828722645398282998e-02
5.383987595795540759e-01,6.743495216711558049e-01,5.359768897379464381e-01,-6.828722645398282998e-02
5.383987595795540759e-01,6.743495216711558049e-01,5.359768897379464381e-01,-6.828722645398282998e-02
5.033498623377637982e-01,6.755591791974246973e-01,5.358912391787211682e-01,-6.629802026418321614e-02
5.033498623377637982e-01,6.755591791974246973e-01,5.358912391787211682e-01,-6.629802026418321614e-02
5.033498623377637982e-01,6.755591791974246973e-01,5.358912391787211682e-01,-6.629802026418321614e-02
4.868454832670068844e-01,5.018407331006977667e-01,5.523765452481026461e-01,1.820019384884510524e-02
4.868454832670068844e-01,5.018407331006977667e-01,5.523765452481026461e-01,1.820019384884510524e-02
4.868454832670068844e-01,5.018407331006977667e-01,5.523765452481026461e-01,1.820019384884510524e-02
4.915409144771754058e-01,5.038699873986315358e-01,5.524667476238986907e-01,5.549078575413526546e-03
4.915409144771754058e-01,5.038699873986315358e-01,5.524667476238986907e-01,5.549078575413526546e-03
4.915409144771754058e-01,5.038699873986315358e-01,5.524667476238986907e-01,5.549078575413526546e-03
4.986154108321972922e-01,5.056089741324909514e-01,5.526230332067856299e-01,-1.620282510555308420e-02
4.986154108321972922e-01,5.056089741324909514e-01,5.526230332067856299e-01,-1.620282510555308420e-02
4.986154108321972922e-01,5.056089741324909514e-01,5.526230332067856299e-01,-1.620282510555308420e-02
5.053212350047658896e-01,5.083424946911221376e-01,5.527018374347790752e-01,-3.927978769676145065e-02
5.053212350047658896e-01,5.083424946911221376e-01,5.527018374347790752e-01,-3.927978769676145065e-02
5.053212350047658896e-01,5.083424946911221376e-01,5.527018374347790752e-01,-3.927978769676145065e-02
5.158276069740568293e-01,5.114673364945165890e-01,5.528315003338934996e-01,-2.544386812864151901e-02
5.158276069740568293e-01,5.114673364945165890e-01,5.528315003338934996e-01,-2.544386812864151901e-02
5.158276069740568293e-01,5.114673364945165890e-01,5.528315003338934996e-01,-2.544386812864151901e-02
5.433353328214377553e-01,5.153207828185694117e-01,5.528272982951738523e-01,1.272803096491628878e-02
5.433353328214377553e-01,5.153207828185694117e-01,5.528272982951738523e-01,1.272803096491628878e-02
5.433353328214377553e-01,5.153207828185694117e-01,5.528272982951738523e-01,1.272803096491628878e-02
5.964177221580382326e-01,5.204444113263446692e-01,5.528349913277466054e-01,3.941185348035426000e-02
5.964177221580382326e-01,5.204444113263446692e-01,5.528349913277466054e-01,3.941185348035426000e-02
5.964177221580382326e-01,5.204444113263446692e-01,5.528349913277466054e-01,3.941185348035426000e-02
6.449449020741503391e-01,5.264281667806074427e-01,5.526427812091797565e-01,3.413240951930363726e-02
6.449449020741503391e-01,5.264281667806074427e-01,5.526427812091797565e-01,3.413240951930363726e-02
6.449449020741503391e-01,5.264281667806074427e-01,5.526427812091797565e-01,3.413240951930363726e-02
6.698118715173115856e-01,5.340462997189512340e-01,5.523424851299114646e-01,3.022327143256331710e-03
6.698118715173115856e-01,5.340462997189512340e-01,5.523424851299114646e-01,3.022327143256331710e-03
6.698118715173115856e-01,5.340462997189512340e-01,5.523424851299114646e-01,3.022327143256331710e-03
6.540547962688834094e-01,5.418171210209371536e-01,5.517992959662949559e-01,-2.046132994564850774e-02
6.540547962688834094e-01,5.418171210209371536e-01,5.517992959662949559e-01,-2.046132994564850774e-02
6.540547962688834094e-01,5.418171210209371536e-01,5.517992959662949559e-01,-2.046132994564850774e-02
6.365631729136649319e-01,5.492279306554961327e-01,5.509265836672125882e-01,-3.263265570538793903e-02
6.365631729136649319e-01,5.492279306554961327e-01,5.509265836672125882e-01,-3.263265570538793903e-02
6.365631729136649319e-01,5.492279306554961327e-01,5.509265836672125882e-01,-3.263265570538793903e-02
6.476382743161273048e-01,5.558920724682618886e-01,5.502124825977362521e-01,-5.456341947436517403e-02
6.476382743161273048e-01,5.558920724682618886e-01,5.502124825977362521e-01,-5.456341947436517403e-02
6.476382743161273048e-01,5.558920724682618886e-01,5.502124825977362521e-01,-5.456341947436517403e-02
6.661126882799435212e-01,5.612927405592152974e-01,5.491355234060761870e-01,-8.622083152504873838e-02
6.661126882799435212e-01,5.612927405592152974e-01,5.491355234060761870e-01,-8.622083152504873838e-02
6.661126882799435212e-01,5.612927405592152974e-01,5.491355234060761870e-01,-8.622083152504873838e-02
6.471943010256624440e-01,5.664044429224897037e-01,5.481471233389698661e-01,-1.024353385648934522e-01
6.471943010256624440e-01,5.664044429224897037e-01,5.481471233389698661e-01,-1.024353385648934522e-01
6.471943010256624440e-01,5.664044429224897037e-01,5.481471233389698661e-01,-1.024353385648934522e-01
6.216381119834410995e-01,5.714240434572928073e-01,5.469149586865312829e-01,-9.193104985588976263e-02
6.216381119834410995e-01,5.714240434572928073e-01,5.469149586865312829e-01,-9.193104985588976263e-02
6.216381119834410995e-01,5.714240434572928073e-01,5.469149586865312829e-01,-9.193104985588976263e-02
6.258767402910700994e-01,5.765050684124937153e-01,5.456619990210509474e-01,-6.482631993786819313e-02
6.258767402910700994e-01,5.765050684124937153e-01,5.456619990210509474e-01,-6.482631993786819313e-02
6.258767402910700994e-01,5.765050684124937153e-01,5.456619990210509474e-01,-6.482631993786819313e-02
6.699336429396374193e-01,5.826725392276543847e-01,5.443854468186801743e-01,-5.470509654622192353e-02
6.699336429396374193e-01,5.826725392276543847e-01,5.443854468186801743e-01,-5.470509654622192353e-02
6.699336429396374193e-01,5.826725392276543847e-01,5.443854468186801743e-01,-5.470509654622192353e-02
7.013001135760540405e-01,5.903106204164629833e-01,5.430921234713264045e-01,-5.699605586021727621e-02
7.013001135760540405e-01,5.903106204164629833e-01,5.430921234713264045e-01,-5.699605586021727621e-02
7.013001135760540405e-01,5.903106204164629833e-01,5.430921234713264045e-01,-5.699605586021727621e-02
6.869261891953764021e-01,5.993590734542719733e-01,5.418601301436338780e-01,-5.616556335261556343e-02
6.869261891953764021e-01,5.993590734542719733e-01,5.418601301436338780e-01,-5.616556335261556343e-02
6.869261891953764021e-01,5.993590734542719733e-01,5.418601301436338780e-01,-5.616556335261556343e-02
6.469726205453819601e-01,6.094342980387030817e-01,5.407713499797142109e-01,-2.860063406928753382e-02
6.469726205453819601e-01,6.094342980387030817e-01,5.407713499797142109e-01,-2.860063406928753382e-02
6.469726205453819601e-01,6.094342980387030817e-01,5.407713499797142109e-01,-2.860063406928753382e-02
6.185001129697611510e-01,6.211396450106441147e-01,5.397178829935724842e-01,2.832510645726105114e-02
6.185001129697611510e-01,6.211396450106441147e-01,5.397178829935724842e-01,2.832510645726105114e-02
6.185001129697611510e-01,6.211396450106441147e-01,5.397178829935724842e-01,2.832510645726105114e-02
6.122736911657225001e-01,6.341637601367413613e-01,5.388602023292980991e-01,6.368893063592243053e-02
6.122736911657225001e-01,6.341637601367413613e-01,5.388602023292980991e-01,6.368893063592243053e-02
6.122736911657225001e-01,6.341637601367413613e-01,5.388602023292980991e-01,6.368893063592243053e-02
6.103681718310900450e-01,6.466622990210666444e-01,5.381942591304079704e-01,7.736942849894021257e-02
6.103681718310900450e-01,6.466622990210666444e-01,5.381942591304079704e-01,7.736942849894021257e-02
6.103681718310900450e-01,6.466622990210666444e-01,5.381942591304079704e-01,7.736942849894021257e-02
5.904992763862656480e-01,6.567993036993908795e-01,5.376525896307087216e-01,4.426068529595806461e-02
5.904992763862656480e-01,6.567993036993908795e-01,5.376525896307087216e-01,4.426068529595806461e-02
5.904992763862656480e-01,6.567993036993908795e-01,5.376525896307087216e-01,4.426068529595806461e-02
5.614831611211315021e-01,6.646246982670935832e-01,5.372738656670026369e-01,-5.264318324256313242e-03
5.614831611211315021e-01,6.646246982670935832e-01,5.372738656670026369e-01,-5.264318324256313242e-03
5.614831611211315021e-01,6.646246982670935832e-01,5.372738656670026369e-01,-5.264318324256313242e-03
5.515915455711286608e-01,6.698289052691861478e-01,5.369387985968216981e-01,-5.644947559745416843e-02
5.515915455711286608e-01,6.698289052691861478e-01,5.369387985968216981e-01,-5.644947559745416843e-02
5.515915455711286608e-01,6.698289052691861478e-01,5.369387985968216981e-01,-5.644947559745416843e-02
5.702396959812165989e-01,6.734690883449933052e-01,5.367304563708309439e-01,-8.716044523384733345e-02
5.702396959812165989e-01,6.734690883449933052e-01,5.367304563708309439e-01,-8.716044523384733345e-02
5.702396959812165989e-01,6.734690883449933052e-01,5.367304563708309439e-01,-8.716044523384733345e-02
5.671442200809266865e-01,6.764499541310620145e-01,5.365284536544741023e-01,-7.098289396332740919e-02
5.671442200809266865e-01,6.764499541310620145e-01,5.365284536544741023e-01,-7.098289396332740919e-02
5.671442200809266865e-01,6.764499541310620145e-01,5.365284536544741023e-01,-7.098289396332740919e-02
5.598618383784421670e-01,6.774420143340116329e-01,5.364111851856000479e-01,-6.540181680055399960e-02
5.598618383784421670e-01,6.774420143340116329e-01,5.364111851856000479e-01,-6.540181680055399960e-02
5.598618383784421670e-01,6.774420143340116329e-01,5.364111851856000479e-01,-6.540181680055399960e-02
5.317478255480606597e-01,6.792277233182693053e-01,5.362770612453947594e-01,-5.415421599280559328e-02
5.317478255480606597e-01,6.792277233182693053e-01,5.362770612453947594e-01,-5.415421599280559328e-02
5.317478255480606597e-01,6.792277233182693053e-01,5.362770612453947594e-01,-5.415421599280559328e-02
5.210306617888137426e-01,5.081876632727266863e-01,5.532184208971366868e-01,4.068006477840092200e-02
5.210306617888137426e-01,5.081876632727266863e-01,5.532184208971366868e-01,4.068006477840092200e-02
5.210306617888137426e-01,5.081876632727266863e-01,5.532184208971366868e-01,4.068006477840092200e-02
5.149377357251377907e-01,5.103429605228342325e-01,5.533633656376526488e-01,4.274957281253282532e-02
5.149377357251377907e-01,5.103429605228342325e-01,5.533633656376526488e-01,4.274957281253282532e-02
5.149377357251377907e-01,5.103429605228342325e-01,5.533633656376526488e-01,4.274957281253282532e-02
5.105746587899075983e-01,5.129542992790718792e-01,5.535138574623750252e-01,2.973371177460128884e-02
5.105746587899075983e-01,5.129542992790718792e-01,5.535138574623750252e-01,2.973371177460128884e-02
5.105746587899075983e-01,5.129542992790718792e-01,5.535138574623750252e-01,2.973371177460128884e-02
5.014222642613271885e-01,5.159097436595430075e-01,5.536074122918677176e-01,2.251527215169897220e-02
5.014222642613271885e-01,5.159097436595430075e-01,5.536074122918677176e-01,2.251527215169897220e-02
5.014222642613271885e-01,5.159097436595430075e-01,5.536074122918677176e-01,2.251527215169897220e-02
5.036917340134698939e-01,5.195297700661205553e-01,5.536665584145954444e-01,3.374532503292314994e-02
5.036917340134698939e-01,5.195297700661205553e-01,5.536665584145954444e-01,3.374532503292314994e-02
5.036917340134698939e-01,5.195297700661205553e-01,5.536665584145954444e-01,3.374532503292314994e-02
5.166553062647014638e-01,5.241792099247409853e-01,5.537029179369103993e-01,6.937160765056363254e-02
5.166553062647014638e-01,5.241792099247409853e-01,5.537029179369103993e-01,6.937160765056363254e-02
5.166553062647014638e-01,5.241792099247409853e-01,5.537029179369103993e-01,6.937160765056363254e-02
5.501881148571214908e-01,5.293505733972667660e-01,5.537062352712111002e-01,9.762745518996474026e-02
5.501881148571214908e-01,5.293505733972667660e-01,5.537062352712111002e-01,9.762745518996474026e-02
5.501881148571214908e-01,5.293505733972667660e-01,5.537062352712111002e-01,9.762745518996474026e-02
5.794753139342243564e-01,5.357352394544026009e-01,5.534106241868724796e-01,9.169335945462631088e-02
5.794753139342243564e-01,5.357352394544026009e-01,5.534106241868724796e-01,9.169335945462631088e-02
5.794753139342243564e-01,5.357352394544026009e-01,5.534106241868724796e-01,9.169335945462631088e-02
5.876486401896936496e-01,5.441962458707008121e-01,5.530034816783317986e-01,5.915621812925637296e-02
5.876486401896936496e-01,5.441962458707008121e-01,5.530034816783317986e-01,5.915621812925637296e-02
5.876486401896936496e-01,5.441962458707008121e-01,5.530034816783317986e-01,5.915621812925637296e-02
5.764019770033129708e-01,5.522142541417223160e-01,5.523893521493035141e-01,2.253705869607176143e-02
5.764019770033129708e-01,5.522142541417223160e-01,5.523893521493035141e-01,2.253705869607176143e-02
5.764019770033129708e-01,5.522142541417223160e-01,5.523893521493035141e-01,2.253705869607176143e-02
5.726918165026620988e-01,5.597374968372821336e-01,5.515426290856837443e-01,-1.313506053229178058e-02
5.726918165026620988e-01,5.597374968372821336e-01,5.515426290856837443e-01,-1.313506053229178058e-02
5.726918165026620988e-01,5.597374968372821336e-01,5.515426290856837443e-01,-1.313506053229178058e-02
5.993507161950537565e-01,5.663361514687914600e-01,5.508452504581236031e-01,-4.385352926401477058e-02
5.993507161950537565e-01,5.663361514687914600e-01,5.508452504581236031e-01,-4.385352926401477058e-02
5.993507161950537565e-01,5.663361514687914600e-01,5.508452504581236031e-01,-4.385352926401477058e-02
6.463785241026898110e-01,5.717678905783749599e-01,5.499267976865143126e-01,-6.939239157898427490e-02
6.463785241026898110e-01,5.717678905783749599e-01,5.499267976865143126e-01,-6.939239157898427490e-02
6.463785241026898110e-01,5.717678905783749599e-01,5.499267976865143126e-01,-6.939239157898427490e-02
6.646986227447722051e-01,5.772181485767728937e-01,5.488299178672613188e-01,-8.592283570204800602e-02
6.646986227447722051e-01,5.772181485767728937e-01,5.488299178672613188e-01,-8.592283570204800602e-02
6.646986227447722051e-01,5.772181485767728937e-01,5.488299178672613188e-01,-8.592283570204800602e-02
6.426075277469567304e-01,5.823132600388252200e-01,5.476934759119203022e-01,-9.103454293458240754e-02
6.426075277469567304e-01,5.823132600388252200e-01,5.476934759119203022e-01,-9.103454293458240754e-02
6.426075277469567304e-01,5.823132600388252200e-01,5.476934759119203022e-01,-9.103454293458240754e-02
6.380885492427705863e-01,5.869964688307383049e-01,5.465247865113810333e-01,-7.387872371328460530e-02
6.380885492427705863e-01,5.869964688307383049e-01,5.465247865113810333e-01,-7.387872371328460530e-02
6.380885492427705863e-01,5.869964688307383049e-01,5.465247865113810333e-01,-7.387872371328460530e-02
6.607876057156367722e-01,5.926396824316533252e-01,5.453324901459825069e-01,-5.743802761962690795e-02
6.607876057156367722e-01,5.926396824316533252e-01,5.453324901459825069e-01,-5.743802761962690795e-02
6.607876057156367722e-01,5.926396824316533252e-01,5.453324901459825069e-01,-5.743802761962690795e-02
6.718766129736279957e-01,5.993813952954752944e-01,5.441311052120185732e-01,-5.296045326410094012e-02
6.718766129736279957e-01,5.993813952954752944e-01,5.441311052120185732e-01,-5.296045326410094012e-02
6.718766129736279957e-01,5.993813952954752944e-01,5.441311052120185732e-01,-5.296045326410094012e-02
6.577817122039695263e-01,6.070309590512505959e-01,5.429396912034911704e-01,-3.309706108777676903e-02
6.577817122039695263e-01,6.070309590512505959e-01,5.429396912034911704e-01,-3.309706108777676903e-02
6.577817122039695263e-01,6.070309590512505959e-01,5.429396912034911704e-01,-3.309706108777676903e-02
6.249277997501367921e-01,6.161376534823358453e-01,5.418433890960192567e-01,5.722288633327417273e-03
6.249277997501367921e-01,6.161376534823358453e-01,5.418433890960192567e-01,5.722288633327417273e-03
6.249277997501367921e-01,6.161376534823358453e-01,5.418433890960192567e-01,5.722288633327417273e-03
5.987232608498935793e-01,6.274542446448569954e-01,5.407942186724445932e-01,5.930718054540412565e-02
5.987232608498935793e-01,6.274542446448569954e-01,5.407942186724445932e-01,5.930718054540412565e-02
5.987232608498935793e-01,6.274542446448569954e-01,5.407942186724445932e-01,5.930718054540412565e-02
5.908133581527479361e-01,6.398626331369103859e-01,5.398709300815347500e-01,9.416093449888895961e-02
5.908133581527479361e-01,6.398626331369103859e-01,5.398709300815347500e-01,9.416093449888895961e-02
5.908133581527479361e-01,6.398626331369103859e-01,5.398709300815347500e-01,9.416093449888895961e-02
5.774548952655013112e-01,6.508642390057426397e-01,5.390942357709795907e-01,8.964986774191135988e-02
5.774548952655013112e-01,6.508642390057426397e-01,5.390942357709795907e-01,8.964986774191135988e-02
5.774548952655013112e-01,6.508642390057426397e-01,5.390942357709795907e-01,8.964986774191135988e-02
5.418241186638792506e-01,6.599814782008979197e-01,5.384364626873288096e-01,3.295825898817287408e-02
5.418241186638792506e-01,6.599814782008979197e-01,5.384364626873288096e-01,3.295825898817287408e-02
5.418241186638792506e-01,6.599814782008979197e-01,5.384364626873288096e-01,3.295825898817287408e-02
5.104891444965427016e-01,6.665361865465950775e-01,5.379762181157832224e-01,-2.645954318708556435e-02
5.104891444965427016e-01,6.665361865465950775e-01,5.379762181157832224e-01,-2.645954318708556435e-02
5.104891444965427016e-01,6.665361865465950775e-01,5.379762181157832224e-01,-2.645954318708556435e-02
5.136447383056622629e-01,6.722850828340274365e-01,5.375912950841523763e-01,-6.373425520540962341e-02
5.136447383056622629e-01,6.722850828340274365e-01,5.375912950841523763e-01,-6.373425520540962341e-02
5.136447383056622629e-01,6.722850828340274365e-01,5.375912950841523763e-01,-6.373425520540962341e-02
5.412045477784447334e-01,6.755249933061140410e-01,5.372680109729852660e-01,-5.889518962238691341e-02
5.412045477784447334e-01,6.755249933061140410e-01,5.372680109729852660e-01,-5.889518962238691341e-02
5.412045477784447334e-01,6.755249933061140410e-01,5.372680109729852660e-01,-5.889518962238691341e-02
5.612379616594670440e-01,6.776605083977714772e-01,5.370059638510229494e-01,-3.427718961874390985e-02
5.612379616594670440e-01,6.776605083977714772e-01,5.370059638510229494e-01,-3.427718961874390985e-02
5.612379616594670440e-01,6.776605083977714772e-01,5.370059638510229494e-01,-3.427718961874390985e-02
5.604878985195245189e-01,6.797092274792899680e-01,5.368148041718454611e-01,-2.579436501826287698e-02
5.604878985195245189e-01,6.797092274792899680e-01,5.368148041718454611e-01,-2.579436501826287698e-02
5.604878985195245189e-01,6.797092274792899680e-01,5.368148041718454611e-01,-2.579436501826287698e-02
5.450030368623991484e-01,6.807716343659235836e-01,5.366541275954901380e-01,-2.451512312990433012e-02
5.450030368623991484e-01,6.807716343659235836e-01,5.366541275954901380e-01,-2.451512312990433012e-02
5.450030368623991484e-01,6.807716343659235836e-01,5.366541275954901380e-01,-2.451512312990433012e-02
5.589877826809588335e-01,5.137758791409878789e-01,5.540636165405491420e-01,2.437129271465138594e-02
5.589877826809588335e-01,5.137758791409878789e-01,5.540636165405491420e-01,2.437129271465138594e-02
5.589877826809588335e-01,5.137758791409878789e-01,5.540636165405491420e-01,2.437129271465138594e-02
5.507443580434299157e-01,5.162761796766925926e-01,5.540973564006157481e-01,4.145957885755463534e-02
5.507443580434299157e-01,5.162761796766925926e-01,5.540973564006157481e-01,4.145957885755463534e-02
5.507443580434299157e-01,5.162761796766925926e-01,5.540973564006157481e-01,4.145957885755463534e-02
5.314168662184611813e-01,5.191160901236084868e-01,5.542103856377855742e-01,5.987254139291738053e-02
5.314168662184611813e-01,5.191160901236084868e-01,5.542103856377855742e-01,5.987254139291738053e-02
5.314168662184611813e-01,5.191160901236084868e-01,5.542103856377855742e-01,5.987254139291738053e-02
5.165164438900418098e-01,5.225395211273681229e-01,5.543812297769585840e-01,6.860828469506277671e-02
5.165164438900418098e-01,5.225395211273681229e-01,5.543812297769585840e-01,6.860828469506277671e-02
5.165164438900418098e-01,5.225395211273681229e-01,5.543812297769585840e-01,6.860828469506277671e-02
5.145252704892804285e-01,5.265469291054711842e-01,5.545512798497014284e-01,6.126317904643890228e-02
5.145252704892804285e-01,5.265469291054711842e-01,5.545512798497014284e-01,6.126317904643890228e-02
5.145252704892804285e-01,5.265469291054711842e-01,5.545512798497014284e-01,6.126317904643890228e-02
5.140678765425163999e-01,5.312526993760153804e-01,5.545839986750742412e-01,8.934643148442728000e-02
5.140678765425163999e-01,5.312526993760153804e-01,5.545839986750742412e-01,8.934643148442728000e-02
5.140678765425163999e-01,5.312526993760153804e-01,5.545839986750742412e-01,8.934643148442728000e-02
5.242493942407484564e-01,5.365460210341890246e-01,5.542211985413980635e-01,1.122834692115709659e-01
5.242493942407484564e-01,5.365460210341890246e-01,5.542211985413980635e-01,1.122834692115709659e-01
5.242493942407484564e-01,5.365460210341890246e-01,5.542211985413980635e-01,1.122834692115709659e-01
5.326404150705454921e-01,5.433129530447537991e-01,5.538911255459293415e-01,1.048226717151475029e-01
5.326404150705454921e-01,5.433129530447537991e-01,5.538911255459293415e-01,1.048226717151475029e-01
5.326404150705454921e-01,5.433129530447537991e-01,5.538911255459293415e-01,1.048226717151475029e-01
5.379586839434224999e-01,5.516669431404113144e-01,5.533490259205934292e-01,7.018838873362590047e-02
5.379586839434224999e-01,5.516669431404113144e-01,5.533490259205934292e-01,7.018838873362590047e-02
5.379586839434224999e-01,5.516669431404113144e-01,5.533490259205934292e-01,7.018838873362590047e-02
5.301694609034801609e-01,5.599418705363301552e-01,5.528577294892529359e-01,3.352066028292656485e-02
5.301694609034801609e-01,5.599418705363301552e-01,5.528577294892529359e-01,3.352066028292656485e-02
5.301694609034801609e-01,5.599418705363301552e-01,5.528577294892529359e-01,3.352066028292656485e-02
5.280718198690801390e-01,5.673532003929117051e-01,5.520873605023037811e-01,-6.526427575387606927e-03
5.280718198690801390e-01,5.673532003929117051e-01,5.520873605023037811e-01,-6.526427575387606927e-03
5.280718198690801390e-01,5.673532003929117051e-01,5.520873605023037811e-01,-6.526427575387606927e-03
5.517102835636698011e-01,5.742451724057129336e-01,5.513289506125711448e-01,-2.923591194698139939e-02
5.517102835636698011e-01,5.742451724057129336e-01,5.513289506125711448e-01,-2.923591194698139939e-02
5.517102835636698011e-01,5.742451724057129336e-01,5.513289506125711448e-01,-2.923591194698139939e-02
6.080737792890962279e-01,5.804009473695683763e-01,5.504222382979752082e-01,-4.811993585837077980e-02
6.080737792890962279e-01,5.804009473695683763e-01,5.504222382979752082e-01,-4.811993585837077980e-02
6.080737792890962279e-01,5.804009473695683763e-01,5.504222382979752082e-01,-4.811993585837077980e-02
6.530951455247795412e-01,5.861512581283160328e-01,5.494446428031263263e-01,-6.435125991064914730e-02
6.530951455247795412e-01,5.861512581283160328e-01,5.494446428031263263e-01,-6.435125991064914730e-02
6.530951455247795412e-01,5.861512581283160328e-01,5.494446428031263263e-01,-6.435125991064914730e-02
6.620628251415122678e-01,5.913742388462415178e-01,5.484020655766768115e-01,-7.566707770241933029e-02
6.620628251415122678e-01,5.913742388462415178e-01,5.484020655766768115e-01,-7.566707770241933029e-02
6.620628251415122678e-01,5.913742388462415178e-01,5.484020655766768115e-01,-7.566707770241933029e-02
6.686578765619757281e-01,5.960338661767257129e-01,5.472945685162242668e-01,-6.525156762602307703e-02
6.686578765619757281e-01,5.960338661767257129e-01,5.472945685162242668e-01,-6.525156762602307703e-02
6.686578765619757281e-01,5.960338661767257129e-01,5.472945685162242668e-01,-6.525156762602307703e-02
6.728337970024295123e-01,6.008561748828367133e-01,5.461482309913946454e-01,-4.489253561225153150e-02
6.728337970024295123e-01,6.008561748828367133e-01,5.461482309913946454e-01,-4.489253561225153150e-02
6.728337970024295123e-01,6.008561748828367133e-01,5.461482309913946454e-01,-4.489253561225153150e-02
6.620268337511562295e-01,6.062951319809617434e-01,5.450013849748709394e-01,-3.218945888988755666e-02
6.620268337511562295e-01,6.062951319809617434e-01,5.450013849748709394e-01,-3.218945888988755666e-02
6.620268337511562295e-01,6.062951319809617434e-01,5.450013849748709394e-01,-3.218945888988755666e-02
6.407496891517848736e-01,6.132407928168166489e-01,5.438746839923412901e-01,-1.108377523007741429e-02
6.407496891517848736e-01,6.132407928168166489e-01,5.438746839923412901e-01,-1.108377523007741429e-02
6.407496891517848736e-01,6.132407928168166489e-01,5.438746839923412901e-01,-1.108377523007741429e-02
6.059908053295770536e-01,6.223831750650652417e-01,5.427905280250202580e-01,2.427875556739772511e-02
6.059908053295770536e-01,6.223831750650652417e-01,5.427905280250202580e-01,2.427875556739772511e-02
6.059908053295770536e-01,6.223831750650652417e-01,5.427905280250202580e-01,2.427875556739772511e-02
5.727219965497196696e-01,6.334680761074649169e-01,5.417657964274880111e-01,7.982577109605829002e-02
5.727219965497196696e-01,6.334680761074649169e-01,5.417657964274880111e-01,7.982577109605829002e-02
5.727219965497196696e-01,6.334680761074649169e-01,5.417657964274880111e-01,7.982577109605829002e-02
5.609362594698372728e-01,6.448562919732756527e-01,5.408587068452690438e-01,1.060878572915672086e-01
5.609362594698372728e-01,6.448562919732756527e-01,5.408587068452690438e-01,1.060878572915672086e-01
5.609362594698372728e-01,6.448562919732756527e-01,5.408587068452690438e-01,1.060878572915672086e-01
5.418569458294106855e-01,6.546843304406505526e-01,5.400142772205854813e-01,9.743547614860814665e-02
5.418569458294106855e-01,6.546843304406505526e-01,5.400142772205854813e-01,9.743547614860814665e-02
5.418569458294106855e-01,6.546843304406505526e-01,5.400142772205854813e-01,9.743547614860814665e-02
5.039483566919710222e-01,6.621893466832641240e-01,5.393004678076813718e-01,4.230750795595345642e-02
5.039483566919710222e-01,6.621893466832641240e-01,5.393004678076813718e-01,4.230750795595345642e-02
5.039483566919710222e-01,6.621893466832641240e-01,5.393004678076813718e-01,4.230750795595345642e-02
4.746737337996633777e-01,6.688132789730978356e-01,5.386332231756806310e-01,-1.175302998937218998e-02
4.746737337996633777e-01,6.688132789730978356e-01,5.386332231756806310e-01,-1.175302998937218998e-02
4.746737337996633777e-01,6.688132789730978356e-01,5.386332231756806310e-01,-1.175302998937218998e-02
4.870568154900319913e-01,6.730985861591346486e-01,5.381808088502175735e-01,-2.416496536223131097e-02
4.870568154900319913e-01,6.730985861591346486e-01,5.381808088502175735e-01,-2.416496536223131097e-02
4.870568154900319913e-01,6.730985861591346486e-01,5.381808088502175735e-01,-2.416496536223131097e-02
5.268722240155586656e-01,6.764192604983918500e-01,5.378472571285624060e-01,7.470487387225215048e-03
5.268722240155586656e-01,6.764192604983918500e-01,5.378472571285624060e-01,7.470487387225215048e-03
5.268722240155586656e-01,6.764192604983918500e-01,5.378472571285624060e-01,7.470487387225215048e-03
5.513061384749002869e-01,6.794213159745597919e-01,5.375669482460938564e-01,1.736968389150240696e-02
5.513061384749002869e-01,6.794213159745597919e-01,5.375669482460938564e-01,1.736968389150240696e-02
5.513061384749002869e-01,6.794213159745597919e-01,5.375669482460938564e-01,1.736968389150240696e-02
5.551771754470882225e-01,6.807300948007285468e-01,5.373017160029509576e-01,2.045346248872627684e-02
5.551771754470882225e-01,6.807300948007285468e-01,5.373017160029509576e-01,2.045346248872627684e-02
5.551771754470882225e-01,6.807300948007285468e-01,5.373017160029509576e-01,2.045346248872627684e-02
5.479173836536755937e-01,6.822964369167565657e-01,5.370281869222777171e-01,1.331811591298947411e-02
5.479173836536755937e-01,6.822964369167565657e-01,5.370281869222777171e-01,1.331811591298947411e-02
5.479173836536755937e-01,6.822964369167565657e-01,5.370281869222777171e-01,1.331811591298947411e-02
5.800269286267376589e-01,5.188069929131970959e-01,5.546233841609412574e-01,6.200970097936776837e-03
5.800269286267376589e-01,5.188069929131970959e-01,5.546233841609412574e-01,6.200970097936776837e-03
5.800269286267376589e-01,5.188069929131970959e-01,5.546233841609412574e-01,6.200970097936776837e-03
5.781921576450730349e-01,5.215015575791364100e-01,5.548108611241819865e-01,2.763388901280241713e-02
5.781921576450730349e-01,5.215015575791364100e-01,5.548108611241819865e-01,2.763388901280241713e-02
5.781921576450730349e-01,5.215015575791364100e-01,5.548108611241819865e-01,2.763388901280241713e-02
5.611137018763598938e-01,5.245885411748353322e-01,5.550252989377223445e-01,5.487130339156023884e-02
5.611137018763598938e-01,5.245885411748353322e-01,5.550252989377223445e-01,5.487130339156023884e-02
5.611137018763598938e-01,5.245885411748353322e-01,5.550252989377223445e-01,5.487130339156023884e-02
5.409078068382684457e-01,5.282560772891933265e-01,5.552692979319464595e-01,8.357805858147850098e-02
5.409078068382684457e-01,5.282560772891933265e-01,5.552692979319464595e-01,8.357805858147850098e-02
5.409078068382684457e-01,5.282560772891933265e-01,5.552692979319464595e-01,8.357805858147850098e-02
5.275605020139404466e-01,5.324298000037912537e-01,5.551917638067576100e-01,6.743251809832821742e-02
5.275605020139404466e-01,5.324298000037912537e-01,5.551917638067576100e-01,6.743251809832821742e-02
5.275605020139404466e-01,5.324298000037912537e-01,5.551917638067576100e-01,6.743251809832821742e-02
5.149781098790187084e-01,5.370885858193810147e-01,5.550383590137394352e-01,7.384667186119868443e-02
5.149781098790187084e-01,5.370885858193810147e-01,5.550383590137394352e-01,7.384667186119868443e-02
5.149781098790187084e-01,5.370885858193810147e-01,5.550383590137394352e-01,7.384667186119868443e-02
5.103471867566068410e-01,5.426518941844062915e-01,5.546367581137973124e-01,8.685871956177235176e-02
5.103471867566068410e-01,5.426518941844062915e-01,5.546367581137973124e-01,8.685871956177235176e-02
5.103471867566068410e-01,5.426518941844062915e-01,5.546367581137973124e-01,8.685871956177235176e-02
5.132660075029193969e-01,5.492821251534398819e-01,5.543314037573467967e-01,8.143139087833936585e-02
5.132660075029193969e-01,5.492821251534398819e-01,5.543314037573467967e-01,8.143139087833936585e-02
5.132660075029193969e-01,5.492821251534398819e-01,5.543314037573467967e-01,8.143139087833936585e-02
5.224868597800185199e-01,5.569262131450900544e-01,5.537151480405718695e-01,5.142139991630085422e-02
5.224868597800185199e-01,5.569262131450900544e-01,5.537151480405718695e-01,5.142139991630085422e-02
5.224868597800185199e-01,5.569262131450900544e-01,5.537151480405718695e-01,5.142139991630085422e-02
5.151113174263851624e-01,5.661227780289512790e-01,5.531308369518241896e-01,1.745886839563186299e-02
5.151113174263851624e-01,5.661227780289512790e-01,5.531308369518241896e-01,1.745886839563186299e-02
5.151113174263851624e-01,5.661227780289512790e-01,5.531308369518241896e-01,1.745886839563186299e-02
5.094069520666442141e-01,5.738111471723605916e-01,5.525363480007909889e-01,-1.844959877803666742e-03
5.094069520666442141e-01,5.738111471723605916e-01,5.525363480007909889e-01,-1.844959877803666742e-03
5.094069520666442141e-01,5.738111471723605916e-01,5.525363480007909889e-01,-1.844959877803666742e-03
5.206315090053437178e-01,5.811098791522426588e-01,5.516526442751003012e-01,-1.095582992511624949e-02
5.206315090053437178e-01,5.811098791522426588e-01,5.516526442751003012e-01,-1.095582992511624949e-02
5.206315090053437178e-01,5.811098791522426588e-01,5.516526442751003012e-01,-1.095582992511624949e-02
5.635961712722615813e-01,5.878110347888292342e-01,5.508794045564696651e-01,-2.748538471447502934e-02
5.635961712722615813e-01,5.878110347888292342e-01,5.508794045564696651e-01,-2.748538471447502934e-02
5.635961712722615813e-01,5.878110347888292342e-01,5.508794045564696651e-01,-2.748538471447502934e-02
6.201195871982447816e-01,5.938070410650215791e-01,5.499173372318011399e-01,-4.448215753069793138e-02
6.201195871982447816e-01,5.938070410650215791e-01,5.499173372318011399e-01,-4.448215753069793138e-02
6.201195871982447816e-01,5.938070410650215791e-01,5.499173372318011399e-01,-4.448215753069793138e-02
6.677682368384896261e-01,5.990933133283634637e-01,5.488912697330681212e-01,-5.566479953626903704e-02
6.677682368384896261e-01,5.990933133283634637e-01,5.488912697330681212e-01,-5.566479953626903704e-02
6.677682368384896261e-01,5.990933133283634637e-01,5.488912697330681212e-01,-5.566479953626903704e-02
6.911189997268319951e-01,6.037221517874298282e-01,5.478604014465121574e-01,-5.029870430357596262e-02
6.911189997268319951e-01,6.037221517874298282e-01,5.478604014465121574e-01,-5.029870430357596262e-02
6.911189997268319951e-01,6.037221517874298282e-01,5.478604014465121574e-01,-5.029870430357596262e-02
6.773725139787512006e-01,6.079942959909465650e-01,5.468237526521707581e-01,-2.874806101626423832e-02
6.773725139787512006e-01,6.079942959909465650e-01,5.468237526521707581e-01,-2.874806101626423832e-02
6.773725139787512006e-01,6.079942959909465650e-01,5.468237526521707581e-01,-2.874806101626423832e-02
6.436281778110561902e-01,6.127295215983976640e-01,5.457578267325500221e-01,-7.861183061645146339e-03
6.436281778110561902e-01,6.127295215983976640e-01,5.457578267325500221e-01,-7.861183061645146339e-03
6.436281778110561902e-01,6.127295215983976640e-01,5.457578267325500221e-01,-7.861183061645146339e-03
6.124536814406997820e-01,6.191437729541255930e-01,5.446720393990389653e-01,4.368794101411742348e-03
6.124536814406997820e-01,6.191437729541255930e-01,5.446720393990389653e-01,4.368794101411742348e-03
6.124536814406997820e-01,6.191437729541255930e-01,5.446720393990389653e-01,4.368794101411742348e-03
5.757285836716841132e-01,6.279889791812418576e-01,5.436384793559894124e-01,2.297212037602704149e-02
5.757285836716841132e-01,6.279889791812418576e-01,5.436384793559894124e-01,2.297212037602704149e-02
5.757285836716841132e-01,6.279889791812418576e-01,5.436384793559894124e-01,2.297212037602704149e-02
5.376871545188151025e-01,6.385101073928610704e-01,5.426471210105947574e-01,7.286231792877220781e-02
5.376871545188151025e-01,6.385101073928610704e-01,5.426471210105947574e-01,7.286231792877220781e-02
5.376871545188151025e-01,6.385101073928610704e-01,5.426471210105947574e-01,7.286231792877220781e-02
5.173073422730005699e-01,6.486664550528513651e-01,5.417259022192263407e-01,9.352487854739437168e-02
5.173073422730005699e-01,6.486664550528513651e-01,5.417259022192263407e-01,9.352487854739437168e-02
5.173073422730005699e-01,6.486664550528513651e-01,5.417259022192263407e-01,9.352487854739437168e-02
4.981134825528579224e-01,6.574293463648209768e-01,5.408565893450663076e-01,7.848779845890389850e-02
4.981134825528579224e-01,6.574293463648209768e-01,5.408565893450663076e-01,7.848779845890389850e-02
4.981134825528579224e-01,6.574293463648209768e-01,5.408565893450663076e-01,7.848779845890389850e-02
4.720753324102919812e-01,6.646851248889071861e-01,5.401192818587559064e-01,4.014254699199904658e-02
4.720753324102919812e-01,6.646851248889071861e-01,5.401192818587559064e-01,4.014254699199904658e-02
4.720753324102919812e-01,6.646851248889071861e-01,5.401192818587559064e-01,4.014254699199904658e-02
4.716602605763220435e-01,6.697617472057361132e-01,5.394136028938388838e-01,3.410144441454116687e-03
4.716602605763220435e-01,6.697617472057361132e-01,5.394136028938388838e-01,3.410144441454116687e-03
4.716602605763220435e-01,6.697617472057361132e-01,5.394136028938388838e-01,3.410144441454116687e-03
4.974464719713612704e-01,6.742175806712993325e-01,5.388436248257251204e-01,1.181763328903116458e-02
4.974464719713612704e-01,6.742175806712993325e-01,5.388436248257251204e-01,1.181763328903116458e-02
4.974464719713612704e-01,6.742175806712993325e-01,5.388436248257251204e-01,1.181763328903116458e-02
5.306208451944870452e-01,6.777421909099883290e-01,5.383529859348852309e-01,5.617698379758619825e-02
5.306208451944870452e-01,6.777421909099883290e-01,5.383529859348852309e-01,5.617698379758619825e-02
5.306208451944870452e-01,6.777421909099883290e-01,5.383529859348852309e-01,5.617698379758619825e-02
5.393561526315900911e-01,6.792122222354017858e-01,5.380467408173162935e-01,5.216640552761028782e-02
5.393561526315900911e-01,6.792122222354017858e-01,5.380467408173162935e-01,5.216640552761028782e-02
5.393561526315900911e-01,6.792122222354017858e-01,5.380467408173162935e-01,5.216640552761028782e-02
5.425629767806869896e-01,6.819764370540088994e-01,5.377785559020300532e-01,5.227465833308568566e-02
5.425629767806869896e-01,6.819764370540088994e-01,5.377785559020300532e-01,5.227465833308568566e-02
5.425629767806869896e-01,6.819764370540088994e-01,5.377785559020300532e-01,5.227465833308568566e-02
5.397575322383088015e-01,6.831891681724293619e-01,5.375411947871837626e-01,4.010409849987391084e-02
5.397575322383088015e-01,6.831891681724293619e-01,5.375411947871837626e-01,4.010409849987391084e-02
5.397575322383088015e-01,6.831891681724293619e-01,5.375411947871837626e-01,4.010409849987391084e-02
5.745430162852371847e-01,5.232908093322070631e-01,5.553289711700575282e-01,8.277542807242094930e-03
5.745430162852371847e-01,5.232908093322070631e-01,5.553289711700575282e-01,8.277542807242094930e-03
5.745430162852371847e-01,5.232908093322070631e-01,5.553289711700575282e-01,8.277542807242094930e-03
5.723478270494828379e-01,5.261555694791870685e-01,5.554946283331565482e-01,2.201040887548469036e-02
5.723478270494828379e-01,5.261555694791870685e-01,5.554946283331565482e-01,2.201040887548469036e-02
5.723478270494828379e-01,5.261555694791870685e-01,5.554946283331565482e-01,2.201040887548469036e-02
5.633494143173258806e-01,5.294977890302252632e-01,5.556580948626382854e-01,3.915885839727842321e-02
5.633494143173258806e-01,5.294977890302252632e-01,5.556580948626382854e-01,3.915885839727842321e-02
5.633494143173258806e-01,5.294977890302252632e-01,5.556580948626382854e-01,3.915885839727842321e-02
5.500531840045218557e-01,5.332438537354093899e-01,5.555762293033912336e-01,7.165800105203999626e-02
5.500531840045218557e-01,5.332438537354093899e-01,5.555762293033912336e-01,7.165800105203999626e-02
5.500531840045218557e-01,5.332438537354093899e-01,5.555762293033912336e-01,7.165800105203999626e-02
5.375015135400665889e-01,5.374304272517008707e-01,5.557283839011539772e-01,6.524520823442550577e-02
5.375015135400665889e-01,5.374304272517008707e-01,5.557283839011539772e-01,6.524520823442550577e-02
5.375015135400665889e-01,5.374304272517008707e-01,5.557283839011539772e-01,6.524520823442550577e-02
5.241402721311566593e-01,5.419704528181370495e-01,5.552783718145150038e-01,4.594931048750364178e-02
5.241402721311566593e-01,5.419704528181370495e-01,5.552783718145150038e-01,4.594931048750364178e-02
5.241402721311566593e-01,5.419704528181370495e-01,5.552783718145150038e-01,4.594931048750364178e-02
5.047159476963645197e-01,5.475141413708632943e-01,5.549759043806972159e-01,3.602419202962750533e-02
5.047159476963645197e-01,5.475141413708632943e-01,5.549759043806972159e-01,3.602419202962750533e-02
5.047159476963645197e-01,5.475141413708632943e-01,5.549759043806972159e-01,3.602419202962750533e-02
5.001449142797712577e-01,5.541014770418418722e-01,5.545365605719990709e-01,2.481505043942319050e-02
5.001449142797712577e-01,5.541014770418418722e-01,5.545365605719990709e-01,2.481505043942319050e-02
5.001449142797712577e-01,5.541014770418418722e-01,5.545365605719990709e-01,2.481505043942319050e-02
5.171856362101343585e-01,5.620787742597636027e-01,5.539080716234331403e-01,3.344443214493300620e-03
5.171856362101343585e-01,5.620787742597636027e-01,5.539080716234331403e-01,3.344443214493300620e-03
5.171856362101343585e-01,5.620787742597636027e-01,5.539080716234331403e-01,3.344443214493300620e-03
5.201618923124292637e-01,5.693550257793222880e-01,5.533417211347561038e-01,-1.749695295976037498e-02
5.201618923124292637e-01,5.693550257793222880e-01,5.533417211347561038e-01,-1.749695295976037498e-02
5.201618923124292637e-01,5.693550257793222880e-01,5.533417211347561038e-01,-1.749695295976037498e-02
5.216385755152633807e-01,5.777225379760291268e-01,5.528169787747969632e-01,-1.230917658392805154e-02
5.216385755152633807e-01,5.777225379760291268e-01,5.528169787747969632e-01,-1.230917658392805154e-02
5.216385755152633807e-01,5.777225379760291268e-01,5.528169787747969632e-01,-1.230917658392805154e-02
5.211584325154393627e-01,5.853194666354586406e-01,5.520365188504965381e-01,-3.467007804162304703e-03
5.211584325154393627e-01,5.853194666354586406e-01,5.520365188504965381e-01,-3.467007804162304703e-03
5.211584325154393627e-01,5.853194666354586406e-01,5.520365188504965381e-01,-3.467007804162304703e-03
5.461220219420972466e-01,5.925428007324506918e-01,5.511603643424467514e-01,-1.265338374442039580e-02
5.461220219420972466e-01,5.925428007324506918e-01,5.511603643424467514e-01,-1.265338374442039580e-02
5.461220219420972466e-01,5.925428007324506918e-01,5.511603643424467514e-01,-1.265338374442039580e-02
5.933608124269177386e-01,5.987846461047142688e-01,5.502559342594187664e-01,-2.736223664837700992e-02
5.933608124269177386e-01,5.987846461047142688e-01,5.502559342594187664e-01,-2.736223664837700992e-02
5.933608124269177386e-01,5.987846461047142688e-01,5.502559342594187664e-01,-2.736223664837700992e-02
6.469898376602929435e-01,6.040569276779415020e-01,5.493091855879220775e-01,-2.958566076438351455e-02
6.469898376602929435e-01,6.040569276779415020e-01,5.493091855879220775e-01,-2.958566076438351455e-02
6.469898376602929435e-01,6.040569276779415020e-01,5.493091855879220775e-01,-2.958566076438351455e-02
6.685764196938404069e-01,6.086365270963433050e-01,5.483441874830485840e-01,-2.544651549165413695e-02
6.685764196938404069e-01,6.086365270963433050e-01,5.483441874830485840e-01,-2.544651549165413695e-02
6.685764196938404069e-01,6.086365270963433050e-01,5.483441874830485840e-01,-2.544651549165413695e-02
6.505160355737886757e-01,6.129629069872473135e-01,5.473675647050568749e-01,-1.248461987856985117e-02
6.505160355737886757e-01,6.129629069872473135e-01,5.473675647050568749e-01,-1.248461987856985117e-02
6.505160355737886757e-01,6.129629069872473135e-01,5.473675647050568749e-01,-1.248461987856985117e-02
6.056196960251176709e-01,6.178476340985922244e-01,5.463744547812153796e-01,4.383463664871011314e-03
6.056196960251176709e-01,6.178476340985922244e-01,5.463744547812153796e-01,4.383463664871011314e-03
6.056196960251176709e-01,6.178476340985922244e-01,5.463744547812153796e-01,4.383463664871011314e-03
5.632332077102406576e-01,6.242092466941016049e-01,5.453836023166593883e-01,8.773862350688967776e-03
5.632332077102406576e-01,6.242092466941016049e-01,5.453836023166593883e-01,8.773862350688967776e-03
5.632332077102406576e-01,6.242092466941016049e-01,5.453836023166593883e-01,8.773862350688967776e-03
5.146137339608871653e-01,6.327564122853988060e-01,5.443897782648685624e-01,1.168550677133697001e-02
5.146137339608871653e-01,6.327564122853988060e-01,5.443897782648685624e-01,1.168550677133697001e-02
5.146137339608871653e-01,6.327564122853988060e-01,5.443897782648685624e-01,1.168550677133697001e-02
4.685221019647074492e-01,6.424548762442241490e-01,5.434244722625171109e-01,3.635050448629338626e-02
4.685221019647074492e-01,6.424548762442241490e-01,5.434244722625171109e-01,3.635050448629338626e-02
4.685221019647074492e-01,6.424548762442241490e-01,5.434244722625171109e-01,3.635050448629338626e-02
4.486267263202502464e-01,6.518869104166282735e-01,5.425258923728326632e-01,4.343577333605853907e-02
4.486267263202502464e-01,6.518869104166282735e-01,5.425258923728326632e-01,4.343577333605853907e-02
4.486267263202502464e-01,6.518869104166282735e-01,5.425258923728326632e-01,4.343577333605853907e-02
4.460927521949319408e-01,6.594873850530877935e-01,5.416673347877141165e-01,2.290335912766940096e-02
4.460927521949319408e-01,6.594873850530877935e-01,5.416673347877141165e-01,2.290335912766940096e-02
4.460927521949319408e-01,6.594873850530877935e-01,5.416673347877141165e-01,2.290335912766940096e-02
4.561825314529485698e-01,6.658051953056293160e-01,5.408887993273471251e-01,-9.878020079960534230e-03
4.561825314529485698e-01,6.658051953056293160e-01,5.408887993273471251e-01,-9.878020079960534230e-03
4.561825314529485698e-01,6.658051953056293160e-01,5.408887993273471251e-01,-9.878020079960534230e-03
4.828858521284967731e-01,6.705783570314196584e-01,5.401961352122133242e-01,-2.788888498928317541e-02
4.828858521284967731e-01,6.705783570314196584e-01,5.401961352122133242e-01,-2.788888498928317541e-02
4.828858521284967731e-01,6.705783570314196584e-01,5.401961352122133242e-01,-2.788888498928317541e-02
5.173968501465434633e-01,6.750566944373352918e-01,5.395051837900041170e-01,-1.076685269337517882e-02
5.173968501465434633e-01,6.750566944373352918e-01,5.395051837900041170e-01,-1.076685269337517882e-02
5.173968501465434633e-01,6.750566944373352918e-01,5.395051837900041170e-01,-1.076685269337517882e-02
5.394301711366199514e-01,6.781988249087198550e-01,5.390627882879549526e-01,3.464486247750671322e-02
5.394301711366199514e-01,6.781988249087198550e-01,5.390627882879549526e-01,3.464486247750671322e-02
5.394301711366199514e-01,6.781988249087198550e-01,5.390627882879549526e-01,3.464486247750671322e-02
5.331059546556966566e-01,6.805753961301239663e-01,5.385877534608001227e-01,3.943968001366858489e-02
5.331059546556966566e-01,6.805753961301239663e-01,5.385877534608001227e-01,3.943968001366858489e-02
5.331059546556966566e-01,6.805753961301239663e-01,5.385877534608001227e-01,3.943968001366858489e-02
5.315541316139927863e-01,6.818119050493434141e-01,5.382531895073201511e-01,2.484875033862622012e-02
5.315541316139927863e-01,6.818119050493434141e-01,5.382531895073201511e-01,2.484875033862622012e-02
5.315541316139927863e-01,6.818119050493434141e-01,5.382531895073201511e-01,2.484875033862622012e-02
5.289356375057465698e-01,6.834058110162766209e-01,5.379629543873591935e-01,2.880213181286923191e-02
5.289356375057465698e-01,6.834058110162766209e-01,5.379629543873591935e-01,2.880213181286923191e-02
5.289356375057465698e-01,6.834058110162766209e-01,5.379629543873591935e-01,2.880213181286923191e-02
5.547377612529980073e-01,5.274044906784676190e-01,5.558354149767585906e-01,1.384714587324854113e-02
5.547377612529980073e-01,5.274044906784676190e-01,5.558354149767585906e-01,1.384714587324854113e-02
5.547377612529980073e-01,5.274044906784676190e-01,5.558354149767585906e-01,1.384714587324854113e-02
5.509188446591949395e-01,5.303820893807921211e-01,5.560231880872186228e-01,2.087239762885552755e-02
5.509188446591949395e-01,5.303820893807921211e-01,5.560231880872186228e-01,2.087239762885552755e-02
5.509188446591949395e-01,5.303820893807921211e-01,5.560231880872186228e-01,2.087239762885552755e-02
5.436012837063617376e-01,5.336905034759410471e-01,5.560726013473273888e-01,3.349867039096803001e-02
5.436012837063617376e-01,5.336905034759410471e-01,5.560726013473273888e-01,3.349867039096803001e-02
5.436012837063617376e-01,5.336905034759410471e-01,5.560726013473273888e-01,3.349867039096803001e-02
5.345014560111780444e-01,5.375524072566055800e-01,5.560737225959776486e-01,5.406494267360884703e-02
5.345014560111780444e-01,5.375524072566055800e-01,5.560737225959776486e-01,5.406494267360884703e-02
5.345014560111780444e-01,5.375524072566055800e-01,5.560737225959776486e-01,5.406494267360884703e-02
5.286302295553604313e-01,5.415001884332711901e-01,5.558668663186483450e-01,5.582482563707469314e-02
5.286302295553604313e-01,5.415001884332711901e-01,5.558668663186483450e-01,5.582482563707469314e-02
5.286302295553604313e-01,5.415001884332711901e-01,5.558668663186483450e-01,5.582482563707469314e-02
5.214439980283950282e-01,5.462541168448602491e-01,5.554605579078066846e-01,3.391746560795798338e-02
5.214439980283950282e-01,5.462541168448602491e-01,5.554605579078066846e-01,3.391746560795798338e-02
5.214439980283950282e-01,5.462541168448602491e-01,5.554605579078066846e-01,3.391746560795798338e-02
5.052273983303909866e-01,5.514760056707374014e-01,5.552284178193187536e-01,8.884464754954093935e-03
5.052273983303909866e-01,5.514760056707374014e-01,5.552284178193187536e-01,8.884464754954093935e-03
5.052273983303909866e-01,5.514760056707374014e-01,5.552284178193187536e-01,8.884464754954093935e-03
4.977677670513475094e-01,5.582272504601206720e-01,5.547663092116481565e-01,-7.273406028049933525e-04
4.977677670513475094e-01,5.582272504601206720e-01,5.547663092116481565e-01,-7.273406028049933525e-04
4.977677670513475094e-01,5.582272504601206720e-01,5.547663092116481565e-01,-7.273406028049933525e-04
5.068332751272625059e-01,5.647038112707800650e-01,5.541989979119181786e-01,-6.005054056545292007e-03
5.068332751272625059e-01,5.647038112707800650e-01,5.541989979119181786e-01,-6.005054056545292007e-03
5.068332751272625059e-01,5.647038112707800650e-01,5.541989979119181786e-01,-6.005054056545292007e-03
5.208848995263171133e-01,5.725139887456669463e-01,5.536670368193208347e-01,-1.094618472089512601e-02
5.208848995263171133e-01,5.725139887456669463e-01,5.536670368193208347e-01,-1.094618472089512601e-02
5.208848995263171133e-01,5.725139887456669463e-01,5.536670368193208347e-01,-1.094618472089512601e-02
5.326941960670438236e-01,5.810723458703450639e-01,5.529793854778588535e-01,-1.197386410330140635e-02
5.326941960670438236e-01,5.810723458703450639e-01,5.529793854778588535e-01,-1.197386410330140635e-02
5.326941960670438236e-01,5.810723458703450639e-01,5.529793854778588535e-01,-1.197386410330140635e-02
5.400942090916147631e-01,5.893913955203217148e-01,5.522984330787324980e-01,-1.095611870368440842e-02
5.400942090916147631e-01,5.893913955203217148e-01,5.522984330787324980e-01,-1.095611870368440842e-02
5.400942090916147631e-01,5.893913955203217148e-01,5.522984330787324980e-01,-1.095611870368440842e-02
5.547480420554171676e-01,5.967867908172965752e-01,5.514437643812484247e-01,-1.331045589968736856e-02
5.547480420554171676e-01,5.967867908172965752e-01,5.514437643812484247e-01,-1.331045589968736856e-02
5.547480420554171676e-01,5.967867908172965752e-01,5.514437643812484247e-01,-1.331045589968736856e-02
5.750808281221215790e-01,6.032839292522532704e-01,5.505517509168607049e-01,-1.398164820231659507e-02
5.750808281221215790e-01,6.032839292522532704e-01,5.505517509168607049e-01,-1.398164820231659507e-02
5.750808281221215790e-01,6.032839292522532704e-01,5.505517509168607049e-01,-1.398164820231659507e-02
5.975690999919200941e-01,6.085648444133870960e-01,5.496448647909568663e-01,-1.200014657440495215e-02
5.975690999919200941e-01,6.085648444133870960e-01,5.496448647909568663e-01,-1.200014657440495215e-02
5.975690999919200941e-01,6.085648444133870960e-01,5.496448647909568663e-01,-1.200014657440495215e-02
6.075030252442790157e-01,6.131639791004350748e-01,5.487411469565772748e-01,-2.153920157108105311e-03
6.075030252442790157e-01,6.131639791004350748e-01,5.487411469565772748e-01,-2.153920157108105311e-03
6.075030252442790157e-01,6.131639791004350748e-01,5.487411469565772748e-01,-2.153920157108105311e-03
5.887259891960150426e-01,6.177182479186531516e-01,5.478394645373415583e-01,8.613389516171321772e-03
5.887259891960150426e-01,6.177182479186531516e-01,5.478394645373415583e-01,8.613389516171321772e-03
5.887259891960150426e-01,6.177182479186531516e-01,5.478394645373415583e-01,8.613389516171321772e-03
5.534350203936796442e-01,6.226700278499732732e-01,5.469257061301531220e-01,1.604848352580078713e-02
5.534350203936796442e-01,6.226700278499732732e-01,5.469257061301531220e-01,1.604848352580078713e-02
5.534350203936796442e-01,6.226700278499732732e-01,5.469257061301531220e-01,1.604848352580078713e-02
5.096034539718520273e-01,6.289210563169338464e-01,5.459967000193124420e-01,1.860224585514336226e-02
5.096034539718520273e-01,6.289210563169338464e-01,5.459967000193124420e-01,1.860224585514336226e-02
5.096034539718520273e-01,6.289210563169338464e-01,5.459967000193124420e-01,1.860224585514336226e-02
4.584143765972474860e-01,6.368783515186419164e-01,5.450409229625718943e-01,1.221256133570609859e-02
4.584143765972474860e-01,6.368783515186419164e-01,5.450409229625718943e-01,1.221256133570609859e-02
4.584143765972474860e-01,6.368783515186419164e-01,5.450409229625718943e-01,1.221256133570609859e-02
4.069098475878469290e-01,6.455946699464212291e-01,5.441187147888731923e-01,2.262768750399234141e-04
4.069098475878469290e-01,6.455946699464212291e-01,5.441187147888731923e-01,2.262768750399234141e-04
4.069098475878469290e-01,6.455946699464212291e-01,5.441187147888731923e-01,2.262768750399234141e-04
4.021724022849632041e-01,6.537338705231338087e-01,5.432333570220395647e-01,-2.365656925037576408e-02
4.021724022849632041e-01,6.537338705231338087e-01,5.432333570220395647e-01,-2.365656925037576408e-02
4.021724022849632041e-01,6.537338705231338087e-01,5.432333570220395647e-01,-2.365656925037576408e-02
4.238523407125266429e-01,6.612123210947435936e-01,5.423941133382256252e-01,-5.266954254999977464e-02
4.238523407125266429e-01,6.612123210947435936e-01,5.423941133382256252e-01,-5.266954254999977464e-02
4.238523407125266429e-01,6.612123210947435936e-01,5.423941133382256252e-01,-5.266954254999977464e-02
4.540235904426855873e-01,6.664827146555778459e-01,5.416115137417638614e-01,-7.760251787173999549e-02
4.540235904426855873e-01,6.664827146555778459e-01,5.416115137417638614e-01,-7.760251787173999549e-02
4.540235904426855873e-01,6.664827146555778459e-01,5.416115137417638614e-01,-7.760251787173999549e-02
4.867838285070326121e-01,6.715497074591204596e-01,5.409247524085253334e-01,-8.208809519925250320e-02
4.867838285070326121e-01,6.715497074591204596e-01,5.409247524085253334e-01,-8.208809519925250320e-02
4.867838285070326121e-01,6.715497074591204596e-01,5.409247524085253334e-01,-8.208809519925250320e-02
5.163824751231608223e-01,6.745491408054099525e-01,5.402437088189155912e-01,-6.490033792327837281e-02
5.163824751231608223e-01,6.745491408054099525e-01,5.402437088189155912e-01,-6.490033792327837281e-02
5.163824751231608223e-01,6.745491408054099525e-01,5.402437088189155912e-01,-6.490033792327837281e-02
5.312685394604104161e-01,6.783868795124683437e-01,5.396583236147445284e-01,-3.158583507505551002e-02
5.312685394604104161e-01,6.783868795124683437e-01,5.396583236147445284e-01,-3.158583507505551002e-02
5.312685394604104161e-01,6.783868795124683437e-01,5.396583236147445284e-01,-3.158583507505551002e-02
5.311312161501131612e-01,6.800109745444011811e-01,5.391842245229887531e-01,-8.263256044781208329e-03
5.311312161501131612e-01,6.800109745444011811e-01,5.391842245229887531e-01,-8.263256044781208329e-03
5.311312161501131612e-01,6.800109745444011811e-01,5.391842245229887531e-01,-8.263256044781208329e-03
5.266138975238958686e-01,6.822252687351690881e-01,5.387724295152283016e-01,2.710301712421826423e-03
5.266138975238958686e-01,6.822252687351690881e-01,5.387724295152283016e-01,2.710301712421826423e-03
5.266138975238958686e-01,6.822252687351690881e-01,5.387724295152283016e-01,2.710301712421826423e-03
5.243899462615053686e-01,6.838682785179304169e-01,5.384559926526957252e-01,7.241780817373233078e-03
5.243899462615053686e-01,6.838682785179304169e-01,5.384559926526957252e-01,7.241780817373233078e-03
5.243899462615053686e-01,6.838682785179304169e-01,5.384559926526957252e-01,7.241780817373233078e-03
5.430306452660336181e-01,5.311051202540981730e-01,5.563741007455070831e-01,1.879555886347538535e-02
5.430306452660336181e-01,5.311051202540981730e-01,5.563741007455070831e-01,1.879555886347538535e-02
5.430306452660336181e-01,5.311051202540981730e-01,5.563741007455070831e-01,1.879555886347538535e-02
5.373115855334367197e-01,5.341635400032044290e-01,5.563692427498379001e-01,2.695739143102323515e-02
5.373115855334367197e-01,5.341635400032044290e-01,5.563692427498379001e-01,2.695739143102323515e-02
5.373115855334367197e-01,5.341635400032044290e-01,5.563692427498379001e-01,2.695739143102323515e-02
5.294862806115108178e-01,5.375266804713492164e-01,5.564054119155653622e-01,3.565741684350740015e-02
5.294862806115108178e-01,5.375266804713492164e-01,5.564054119155653622e-01,3.565741684350740015e-02
5.294862806115108178e-01,5.375266804713492164e-01,5.564054119155653622e-01,3.565741684350740015e-02
5.204692220149695903e-01,5.411687727354992372e-01,5.562745821645177502e-01,4.277723470430170455e-02
5.204692220149695903e-01,5.411687727354992372e-01,5.562745821645177502e-01,4.277723470430170455e-02
5.204692220149695903e-01,5.411687727354992372e-01,5.562745821645177502e-01,4.277723470430170455e-02
5.160934063861768450e-01,5.452718050115188397e-01,5.559838170646185240e-01,4.626149502211045900e-02
5.160934063861768450e-01,5.452718050115188397e-01,5.559838170646185240e-01,4.626149502211045900e-02
5.160934063861768450e-01,5.452718050115188397e-01,5.559838170646185240e-01,4.626149502211045900e-02
5.114203795811091968e-01,5.496778441903368284e-01,5.556711660266034913e-01,2.962847612748478049e-02
5.114203795811091968e-01,5.496778441903368284e-01,5.556711660266034913e-01,2.962847612748478049e-02
5.114203795811091968e-01,5.496778441903368284e-01,5.556711660266034913e-01,2.962847612748478049e-02
5.005585319135533728e-01,5.549970572338587260e-01,5.553602151554106747e-01,6.833318871959738472e-03
5.005585319135533728e-01,5.549970572338587260e-01,5.553602151554106747e-01,6.833318871959738472e-03
5.005585319135533728e-01,5.549970572338587260e-01,5.553602151554106747e-01,6.833318871959738472e-03
4.929767235569942896e-01,5.609608953625875305e-01,5.548317872101111714e-01,-3.211754864715039848e-03
4.929767235569942896e-01,5.609608953625875305e-01,5.548317872101111714e-01,-3.211754864715039848e-03
4.929767235569942896e-01,5.609608953625875305e-01,5.548317872101111714e-01,-3.211754864715039848e-03
5.012139473901826570e-01,5.677400030557532284e-01,5.543721724483561264e-01,-3.878386085183246901e-03
5.012139473901826570e-01,5.677400030557532284e-01,5.543721724483561264e-01,-3.878386085183246901e-03
5.012139473901826570e-01,5.677400030557532284e-01,5.543721724483561264e-01,-3.878386085183246901e-03
5.256114531236768528e-01,5.756139424648565317e-01,5.538315824644113317e-01,-8.992058778205989922e-03
5.256114531236768528e-01,5.756139424648565317e-01,5.538315824644113317e-01,-8.992058778205989922e-03
5.256114531236768528e-01,5.756139424648565317e-01,5.538315824644113317e-01,-8.992058778205989922e-03
5.416697695315646488e-01,5.830707263902348281e-01,5.532110599969337628e-01,-9.983159471910182936e-03
5.416697695315646488e-01,5.830707263902348281e-01,5.532110599969337628e-01,-9.983159471910182936e-03
5.416697695315646488e-01,5.830707263902348281e-01,5.532110599969337628e-01,-9.983159471910182936e-03
5.487675956966593382e-01,5.906806635197823230e-01,5.524967890533474257e-01,-7.847345969632308835e-03
5.487675956966593382e-01,5.906806635197823230e-01,5.524967890533474257e-01,-7.847345969632308835e-03
5.487675956966593382e-01,5.906806635197823230e-01,5.524967890533474257e-01,-7.847345969632308835e-03
5.550959548908945829e-01,5.979197637332804849e-01,5.516816096904697542e-01,-1.065808162233255335e-02
5.550959548908945829e-01,5.979197637332804849e-01,5.516816096904697542e-01,-1.065808162233255335e-02
5.550959548908945829e-01,5.979197637332804849e-01,5.516816096904697542e-01,-1.065808162233255335e-02
5.605822399008012491e-01,6.044724981864117996e-01,5.508332051653158645e-01,-7.031177366435163029e-03
5.605822399008012491e-01,6.044724981864117996e-01,5.508332051653158645e-01,-7.031177366435163029e-03
5.605822399008012491e-01,6.044724981864117996e-01,5.508332051653158645e-01,-7.031177366435163029e-03
5.694210645418250616e-01,6.099070695280579546e-01,5.500774303257351949e-01,-2.196075736907604405e-03
5.694210645418250616e-01,6.099070695280579546e-01,5.500774303257351949e-01,-2.196075736907604405e-03
5.694210645418250616e-01,6.099070695280579546e-01,5.500774303257351949e-01,-2.196075736907604405e-03
5.685741999194554586e-01,6.150821165969100335e-01,5.492091710631332724e-01,9.520368720456466594e-03
5.685741999194554586e-01,6.150821165969100335e-01,5.492091710631332724e-01,9.520368720456466594e-03
5.685741999194554586e-01,6.150821165969100335e-01,5.492091710631332724e-01,9.520368720456466594e-03
5.451276774390132474e-01,6.204074016840337435e-01,5.482674613445372991e-01,2.273378454176330082e-02
5.451276774390132474e-01,6.204074016840337435e-01,5.482674613445372991e-01,2.273378454176330082e-02
5.451276774390132474e-01,6.204074016840337435e-01,5.482674613445372991e-01,2.273378454176330082e-02
5.130753019520830627e-01,6.260555144679225137e-01,5.474066166037356851e-01,3.020416462362822407e-02
5.130753019520830627e-01,6.260555144679225137e-01,5.474066166037356851e-01,3.020416462362822407e-02
5.130753019520830627e-01,6.260555144679225137e-01,5.474066166037356851e-01,3.020416462362822407e-02
4.650798189409863781e-01,6.328298230960767157e-01,5.465294428073694810e-01,2.740325250073118515e-02
4.650798189409863781e-01,6.328298230960767157e-01,5.465294428073694810e-01,2.740325250073118515e-02
4.650798189409863781e-01,6.328298230960767157e-01,5.465294428073694810e-01,2.740325250073118515e-02
4.050723842613562220e-01,6.403887915110071383e-01,5.456315453070510468e-01,7.709806129623770522e-03
4.050723842613562220e-01,6.403887915110071383e-01,5.456315453070510468e-01,7.709806129623770522e-03
4.050723842613562220e-01,6.403887915110071383e-01,5.456315453070510468e-01,7.709806129623770522e-03
3.541206209926804904e-01,6.482903618062907380e-01,5.447408775010470494e-01,-2.565210868710126116e-02
3.541206209926804904e-01,6.482903618062907380e-01,5.447408775010470494e-01,-2.565210868710126116e-02
3.541206209926804904e-01,6.482903618062907380e-01,5.447408775010470494e-01,-2.565210868710126116e-02
3.677391821018598517e-01,6.555392945353971657e-01,5.438805801003071538e-01,-6.389097111943026208e-02
3.677391821018598517e-01,6.555392945353971657e-01,5.438805801003071538e-01,-6.389097111943026208e-02
3.677391821018598517e-01,6.555392945353971657e-01,5.438805801003071538e-01,-6.389097111943026208e-02
4.133629972289195043e-01,6.618531428295539865e-01,5.430682156466375421e-01,-9.904146596983137707e-02
4.133629972289195043e-01,6.618531428295539865e-01,5.430682156466375421e-01,-9.904146596983137707e-02
4.133629972289195043e-01,6.618531428295539865e-01,5.430682156466375421e-01,-9.904146596983137707e-02
4.529452165693336751e-01,6.672723774023894272e-01,5.422911784097586008e-01,-1.196768164695984071e-01
4.529452165693336751e-01,6.672723774023894272e-01,5.422911784097586008e-01,-1.196768164695984071e-01
4.529452165693336751e-01,6.672723774023894272e-01,5.422911784097586008e-01,-1.196768164695984071e-01
4.892552689647006181e-01,6.714849278506331842e-01,5.415855777639045909e-01,-1.212605011440109903e-01
4.892552689647006181e-01,6.714849278506331842e-01,5.415855777639045909e-01,-1.212605011440109903e-01
4.892552689647006181e-01,6.714849278506331842e-01,5.415855777639045909e-01,-1.212605011440109903e-01
5.162333988055178846e-01,6.754505985421110914e-01,5.409252774623589666e-01,-1.006693103968051561e-01
5.162333988055178846e-01,6.754505985421110914e-01,5.409252774623589666e-01,-1.006693103968051561e-01
5.162333988055178846e-01,6.754505985421110914e-01,5.409252774623589666e-01,-1.006693103968051561e-01
5.271448125406656970e-01,6.778916662355265466e-01,5.403078521321500460e-01,-6.410722200753007916e-02
5.271448125406656970e-01,6.778916662355265466e-01,5.403078521321500460e-01,-6.410722200753007916e-02
5.271448125406656970e-01,6.778916662355265466e-01,5.403078521321500460e-01,-6.410722200753007916e-02
5.279349792703582622e-01,6.804153431286764642e-01,5.397733208127747373e-01,-3.955549343693010728e-02
5.279349792703582622e-01,6.804153431286764642e-01,5.397733208127747373e-01,-3.955549343693010728e-02
5.279349792703582622e-01,6.804153431286764642e-01,5.397733208127747373e-01,-3.955549343693010728e-02
5.259157974399826241e-01,6.822977412904250860e-01,5.393325480458688315e-01,-2.309165461682548964e-02
5.259157974399826241e-01,6.822977412904250860e-01,5.393325480458688315e-01,-2.309165461682548964e-02
5.259157974399826241e-01,6.822977412904250860e-01,5.393325480458688315e-01,-2.309165461682548964e-02
5.237093059259423367e-01,6.837595723560494498e-01,5.389172619079276583e-01,-1.204000915858379449e-02
5.237093059259423367e-01,6.837595723560494498e-01,5.389172619079276583e-01,-1.204000915858379449e-02
5.237093059259423367e-01,6.837595723560494498e-01,5.389172619079276583e-01,-1.204000915858379449e-02
5.341704288085051822e-01,5.345455783500319136e-01,5.565802532641348499e-01,2.384192753257156905e-02
5.341704288085051822e-01,5.345455783500319136e-01,5.565802532641348499e-01,2.384192753257156905e-02
5.341704288085051822e-01,5.345455783500319136e-01,5.565802532641348499e-01,2.384192753257156905e-02
5.264586525577368281e-01,5.375262521682464545e-01,5.567302702439971274e-01,2.941781903394784931e-02
5.264586525577368281e-01,5.375262521682464545e-01,5.567302702439971274e-01,2.941781903394784931e-02
5.264586525577368281e-01,5.375262521682464545e-01,5.567302702439971274e-01,2.941781903394784931e-02
5.203708668043204311e-01,5.408742266629806839e-01,5.565542489485769684e-01,3.608465102074158437e-02
5.203708668043204311e-01,5.408742266629806839e-01,5.565542489485769684e-01,3.608465102074158437e-02
5.203708668043204311e-01,5.408742266629806839e-01,5.565542489485769684e-01,3.608465102074158437e-02
5.092716338281664257e-01,5.444208779148193011e-01,5.564329526024303085e-01,4.213563806631566433e-02
5.092716338281664257e-01,5.444208779148193011e-01,5.564329526024303085e-01,4.213563806631566433e-02
5.092716338281664257e-01,5.444208779148193011e-01,5.564329526024303085e-01,4.213563806631566433e-02
5.025107854799660823e-01,5.483710955315671542e-01,5.560891198404019908e-01,4.420535928420018384e-02
5.025107854799660823e-01,5.483710955315671542e-01,5.560891198404019908e-01,4.420535928420018384e-02
5.025107854799660823e-01,5.483710955315671542e-01,5.560891198404019908e-01,4.420535928420018384e-02
4.966531017298723150e-01,5.528038378149382481e-01,5.559595300052866396e-01,3.118393427889282893e-02
4.966531017298723150e-01,5.528038378149382481e-01,5.559595300052866396e-01,3.118393427889282893e-02
4.966531017298723150e-01,5.528038378149382481e-01,5.559595300052866396e-01,3.118393427889282893e-02
4.953838555743541039e-01,5.578516261609542948e-01,5.554596287872395344e-01,1.356964623511237519e-02
4.953838555743541039e-01,5.578516261609542948e-01,5.554596287872395344e-01,1.356964623511237519e-02
4.953838555743541039e-01,5.578516261609542948e-01,5.554596287872395344e-01,1.356964623511237519e-02
4.983175667540329923e-01,5.639437173114998370e-01,5.549639416689626792e-01,4.759688637443817982e-03
4.983175667540329923e-01,5.639437173114998370e-01,5.549639416689626792e-01,4.759688637443817982e-03
4.983175667540329923e-01,5.639437173114998370e-01,5.549639416689626792e-01,4.759688637443817982e-03
5.054540667120749342e-01,5.701647573975879846e-01,5.544906773560482893e-01,7.603148347410521035e-05
5.054540667120749342e-01,5.701647573975879846e-01,5.544906773560482893e-01,7.603148347410521035e-05
5.054540667120749342e-01,5.701647573975879846e-01,5.544906773560482893e-01,7.603148347410521035e-05
5.201791796243139254e-01,5.772521942115951266e-01,5.539862196646208048e-01,-5.549380681688535072e-03
5.201791796243139254e-01,5.772521942115951266e-01,5.539862196646208048e-01,-5.549380681688535072e-03
5.201791796243139254e-01,5.772521942115951266e-01,5.539862196646208048e-01,-5.549380681688535072e-03
5.347859174426116136e-01,5.849172230542349915e-01,5.533867708923545514e-01,-6.127563810497137220e-03
5.347859174426116136e-01,5.849172230542349915e-01,5.533867708923545514e-01,-6.127563810497137220e-03
5.347859174426116136e-01,5.849172230542349915e-01,5.533867708923545514e-01,-6.127563810497137220e-03
5.476785745352825696e-01,5.930078666222228234e-01,5.526246995744497070e-01,-3.702684843976684903e-03
5.476785745352825696e-01,5.930078666222228234e-01,5.526246995744497070e-01,-3.702684843976684903e-03
5.476785745352825696e-01,5.930078666222228234e-01,5.526246995744497070e-01,-3.702684843976684903e-03
5.547380071164614845e-01,6.010284164508485905e-01,5.518660053683137612e-01,-5.668613687505975191e-03
5.547380071164614845e-01,6.010284164508485905e-01,5.518660053683137612e-01,-5.668613687505975191e-03
5.547380071164614845e-01,6.010284164508485905e-01,5.518660053683137612e-01,-5.668613687505975191e-03
5.562549339623936717e-01,6.075224609231173467e-01,5.511231844973127902e-01,-3.948008249119663512e-03
5.562549339623936717e-01,6.075224609231173467e-01,5.511231844973127902e-01,-3.948008249119663512e-03
5.562549339623936717e-01,6.075224609231173467e-01,5.511231844973127902e-01,-3.948008249119663512e-03
5.528504415722255150e-01,6.130675291499021462e-01,5.504182403989179573e-01,3.944241995174419674e-03
5.528504415722255150e-01,6.130675291499021462e-01,5.504182403989179573e-01,3.944241995174419674e-03
5.528504415722255150e-01,6.130675291499021462e-01,5.504182403989179573e-01,3.944241995174419674e-03
5.451333445189019411e-01,6.184619448772931127e-01,5.495887132461927393e-01,1.513531486914289695e-02
5.451333445189019411e-01,6.184619448772931127e-01,5.495887132461927393e-01,1.513531486914289695e-02
5.451333445189019411e-01,6.184619448772931127e-01,5.495887132461927393e-01,1.513531486914289695e-02
5.244982261478625674e-01,6.239321254731615696e-01,5.486749877262671049e-01,2.942819031970932142e-02
5.244982261478625674e-01,6.239321254731615696e-01,5.486749877262671049e-01,2.942819031970932142e-02
5.244982261478625674e-01,6.239321254731615696e-01,5.486749877262671049e-01,2.942819031970932142e-02
4.919901384401028643e-01,6.295664913837448751e-01,5.478200829383448323e-01,3.926396721739339180e-02
4.919901384401028643e-01,6.295664913837448751e-01,5.478200829383448323e-01,3.926396721739339180e-02
4.919901384401028643e-01,6.295664913837448751e-01,5.478200829383448323e-01,3.926396721739339180e-02
4.468236645608704150e-01,6.361600421696862462e-01,5.469849571789253684e-01,3.183443421715045213e-02
4.468236645608704150e-01,6.361600421696862462e-01,5.469849571789253684e-01,3.183443421715045213e-02
4.468236645608704150e-01,6.361600421696862462e-01,5.469849571789253684e-01,3.183443421715045213e-02
3.948910299981859828e-01,6.432836816627187648e-01,5.461559479760160762e-01,1.902719441050566493e-03
3.948910299981859828e-01,6.432836816627187648e-01,5.461559479760160762e-01,1.902719441050566493e-03
3.948910299981859828e-01,6.432836816627187648e-01,5.461559479760160762e-01,1.902719441050566493e-03
3.644790195061854421e-01,6.503425880767030876e-01,5.453003135977572136e-01,-4.251714434560112388e-02
3.644790195061854421e-01,6.503425880767030876e-01,5.453003135977572136e-01,-4.251714434560112388e-02
3.644790195061854421e-01,6.503425880767030876e-01,5.453003135977572136e-01,-4.251714434560112388e-02
3.818124993978304627e-01,6.569181795996588136e-01,5.444662317149617792e-01,-8.561762000368597358e-02
3.818124993978304627e-01,6.569181795996588136e-01,5.444662317149617792e-01,-8.561762000368597358e-02
3.818124993978304627e-01,6.569181795996588136e-01,5.444662317149617792e-01,-8.561762000368597358e-02
4.181276513866802880e-01,6.630087341057275818e-01,5.436727452101824953e-01,-1.215549168778857492e-01
4.181276513866802880e-01,6.630087341057275818e-01,5.436727452101824953e-01,-1.215549168778857492e-01
4.181276513866802880e-01,6.630087341057275818e-01,5.436727452101824953e-01,-1.215549168778857492e-01
4.539085046183338745e-01,6.675743229031485537e-01,5.429149403011803710e-01,-1.405704912921227345e-01
4.539085046183338745e-01,6.675743229031485537e-01,5.429149403011803710e-01,-1.405704912921227345e-01
4.539085046183338745e-01,6.675743229031485537e-01,5.429149403011803710e-01,-1.405704912921227345e-01
4.833105539634445780e-01,6.718129050705821115e-01,5.421860018812247883e-01,-1.379496400471643403e-01
4.833105539634445780e-01,6.718129050705821115e-01,5.421860018812247883e-01,-1.379496400471643403e-01
4.833105539634445780e-01,6.718129050705821115e-01,5.421860018812247883e-01,-1.379496400471643403e-01
5.078873241490217127e-01,6.752985781087128547e-01,5.415535179219586048e-01,-1.171445589945133564e-01
5.078873241490217127e-01,6.752985781087128547e-01,5.415535179219586048e-01,-1.171445589945133564e-01
5.078873241490217127e-01,6.752985781087128547e-01,5.415535179219586048e-01,-1.171445589945133564e-01
5.224216648244491834e-01,6.779399572379886107e-01,5.409225227902494382e-01,-8.399367345769895299e-02
5.224216648244491834e-01,6.779399572379886107e-01,5.409225227902494382e-01,-8.399367345769895299e-02
5.224216648244491834e-01,6.779399572379886107e-01,5.409225227902494382e-01,-8.399367345769895299e-02
5.249070529935824236e-01,6.804754764460241301e-01,5.403800161150651427e-01,-5.907967760846472016e-02
5.249070529935824236e-01,6.804754764460241301e-01,5.403800161150651427e-01,-5.907967760846472016e-02
5.249070529935824236e-01,6.804754764460241301e-01,5.403800161150651427e-01,-5.907967760846472016e-02
5.251664360745780247e-01,6.822022370693346938e-01,5.398581588144379939e-01,-4.124189693950656987e-02
5.251664360745780247e-01,6.822022370693346938e-01,5.398581588144379939e-01,-4.124189693950656987e-02
5.251664360745780247e-01,6.822022370693346938e-01,5.398581588144379939e-01,-4.124189693950656987e-02
5.235697757947816999e-01,6.841540315458971566e-01,5.394743406403621488e-01,-2.857092516894130935e-02
5.235697757947816999e-01,6.841540315458971566e-01,5.394743406403621488e-01,-2.857092516894130935e-02
5.235697757947816999e-01,6.841540315458971566e-01,5.394743406403621488e-01,-2.857092516894130935e-02
