8.377520596964352251e+00,2.639213581507674888e+01,5.856889912710531121e+01,0.000000000000000000e+00
8.377520596964354027e+00,2.639213581507674888e+01,5.856889912710531121e+01,0.000000000000000000e+00
8.377520596964354027e+00,2.639213581507674533e+01,5.856889912710531121e+01,0.000000000000000000e+00
8.150569712265969713e+00,2.678891402892245921e+01,5.852040282800454918e+01,0.000000000000000000e+00
8.150569712265969713e+00,2.678891402892245921e+01,5.852040282800454918e+01,0.000000000000000000e+00
8.150569712265969713e+00,2.678891402892245921e+01,5.852040282800453497e+01,0.000000000000000000e+00
8.835300629549049489e+00,2.696757438004128815e+01,5.886321340725208273e+01,0.000000000000000000e+00
8.835300629549049489e+00,2.696757438004128815e+01,5.886321340725208273e+01,0.000000000000000000e+00
8.835300629549047713e+00,2.696757438004129526e+01,5.886321340725208273e+01,0.000000000000000000e+00
8.407466570003204964e+00,2.733292022782785224e+01,5.911084465894806783e+01,0.000000000000000000e+00
8.407466570003206741e+00,2.733292022782785580e+01,5.911084465894806783e+01,0.000000000000000000e+00
8.407466570003204964e+00,2.733292022782785224e+01,5.911084465894808204e+01,0.000000000000000000e+00
9.245645770971307797e+00,2.753946777885969155e+01,5.959487083498757443e+01,0.000000000000000000e+00
9.245645770971307797e+00,2.753946777885969155e+01,5.959487083498757443e+01,0.000000000000000000e+00
9.245645770971307797e+00,2.753946777885968444e+01,5.959487083498757443e+01,0.000000000000000000e+00
1.028608088369404960e+01,2.788056269036468038e+01,5.977625417363655203e+01,0.000000000000000000e+00
1.028608088369404783e+01,2.788056269036468038e+01,5.977625417363655203e+01,0.000000000000000000e+00
1.028608088369405138e+01,2.788056269036468038e+01,5.977625417363655203e+01,0.000000000000000000e+00
1.108418732909638926e+01,2.825580400348492915e+01,6.035140729074496591e+01,0.000000000000000000e+00
1.108418732909639104e+01,2.825580400348492915e+01,6.035140729074496591e+01,0.000000000000000000e+00
1.108418732909639104e+01,2.825580400348492915e+01,6.035140729074496591e+01,0.000000000000000000e+00
1.130644742142068182e+01,2.831865998943435159e+01,6.085902647302762603e+01,0.000000000000000000e+00
1.130644742142067827e+01,2.831865998943435159e+01,6.085902647302762603e+01,0.000000000000000000e+00
1.130644742142068360e+01,2.831865998943434448e+01,6.085902647302762603e+01,0.000000000000000000e+00
1.118663094187606433e+01,2.872703147872780960e+01,6.126088057577791801e+01,0.000000000000000000e+00
1.118663094187606610e+01,2.872703147872780960e+01,6.126088057577792512e+01,0.000000000000000000e+00
1.118663094187606433e+01,2.872703147872780960e+01,6.126088057577791801e+01,0.000000000000000000e+00
1.123840016097200412e+01,2.878025774799780834e+01,6.160218174842720629e+01,2.148397572524764598e+00
1.123840016097200234e+01,2.878025774799780834e+01,6.160218174842720629e+01,2.148397572524764598e+00
1.123840016097199879e+01,2.878025774799781544e+01,6.160218174842720629e+01,2.148397572524764598e+00
1.132675304222044765e+01,2.864782560922644805e+01,6.195284638185523107e+01,2.191881161153559354e+00
1.132675304222044765e+01,2.864782560922644805e+01,6.195284638185523107e+01,2.191881161153558466e+00
1.132675304222044765e+01,2.864782560922644095e+01,6.195284638185524528e+01,2.191881161153559354e+00
1.092896416692125960e+01,2.833687467193152898e+01,6.240749941210124518e+01,2.183905435451513721e+00
1.092896416692125960e+01,2.833687467193152898e+01,6.240749941210125229e+01,2.183905435451513721e+00
1.092896416692125960e+01,2.833687467193152187e+01,6.240749941210124518e+01,2.183905435451513721e+00
1.023065533947729655e+01,2.792797197276515675e+01,6.273113626295343437e+01,2.104060746510707069e+00
1.023065533947729655e+01,2.792797197276515675e+01,6.273113626295344858e+01,2.104060746510707069e+00
1.023065533947729655e+01,2.792797197276515675e+01,6.273113626295344858e+01,2.104060746510707069e+00
1.011857442812899244e+01,2.787040457896558721e+01,6.288659723840838467e+01,0.000000000000000000e+00
1.011857442812899421e+01,2.787040457896558721e+01,6.288659723840837046e+01,0.000000000000000000e+00
1.011857442812899421e+01,2.787040457896558721e+01,6.288659723840837046e+01,0.000000000000000000e+00
1.080469571968744624e+01,2.789687936928771350e+01,6.281179900388689674e+01,0.000000000000000000e+00
1.080469571968744802e+01,2.789687936928771350e+01,6.281179900388689674e+01,0.000000000000000000e+00
1.080469571968744624e+01,2.789687936928772061e+01,6.281179900388689674e+01,0.000000000000000000e+00
1.135724624898863411e+01,2.799240937262042905e+01,6.279987657882153940e+01,0.000000000000000000e+00
1.135724624898863411e+01,2.799240937262042905e+01,6.279987657882155361e+01,0.000000000000000000e+00
1.135724624898863233e+01,2.799240937262042550e+01,6.279987657882155361e+01,0.000000000000000000e+00
1.151445902876212735e+01,2.814651015858591165e+01,6.285407553048563756e+01,0.000000000000000000e+00
1.151445902876212912e+01,2.814651015858590455e+01,6.285407553048562335e+01,0.000000000000000000e+00
1.151445902876212912e+01,2.814651015858591165e+01,6.285407553048563756e+01,0.000000000000000000e+00
1.155766423216243588e+01,2.839910617722808084e+01,6.267549439119517984e+01,0.000000000000000000e+00
1.155766423216243410e+01,2.839910617722808084e+01,6.267549439119517984e+01,0.000000000000000000e+00
1.155766423216243588e+01,2.839910617722808084e+01,6.267549439119517984e+01,0.000000000000000000e+00
1.144136830623643242e+01,2.922486442798700779e+01,6.232195732332568383e+01,0.000000000000000000e+00
1.144136830623643419e+01,2.922486442798700779e+01,6.232195732332568383e+01,0.000000000000000000e+00
1.144136830623643419e+01,2.922486442798701489e+01,6.232195732332568383e+01,0.000000000000000000e+00
1.118280043116952882e+01,3.006105214631141465e+01,6.182651537438304246e+01,0.000000000000000000e+00
1.118280043116952882e+01,3.006105214631141465e+01,6.182651537438305667e+01,0.000000000000000000e+00
1.118280043116953060e+01,3.006105214631141465e+01,6.182651537438304246e+01,0.000000000000000000e+00
1.083247763261219099e+01,3.079137583053638494e+01,6.143778452244637123e+01,0.000000000000000000e+00
1.083247763261219276e+01,3.079137583053637783e+01,6.143778452244637123e+01,0.000000000000000000e+00
1.083247763261219276e+01,3.079137583053637783e+01,6.143778452244638544e+01,0.000000000000000000e+00
1.033590053707652778e+01,3.134779131491505666e+01,6.105784968400516988e+01,0.000000000000000000e+00
1.033590053707652778e+01,3.134779131491505666e+01,6.105784968400516988e+01,0.000000000000000000e+00
1.033590053707653134e+01,3.134779131491505666e+01,6.105784968400518409e+01,0.000000000000000000e+00
9.589689412871775787e+00,3.148467734001351914e+01,6.061139241284918455e+01,0.000000000000000000e+00
9.589689412871775787e+00,3.148467734001352625e+01,6.061139241284918455e+01,0.000000000000000000e+00
9.589689412871777563e+00,3.148467734001351914e+01,6.061139241284918455e+01,0.000000000000000000e+00
9.216352168568768377e+00,3.189167241976119982e+01,6.004933682769674164e+01,0.000000000000000000e+00
9.216352168568770153e+00,3.189167241976119982e+01,6.004933682769674164e+01,0.000000000000000000e+00
9.216352168568770153e+00,3.189167241976119982e+01,6.004933682769673453e+01,0.000000000000000000e+00
9.306563326661319024e+00,3.185544831742663874e+01,5.941385753551330140e+01,0.000000000000000000e+00
9.306563326661319024e+00,3.185544831742663874e+01,5.941385753551330851e+01,0.000000000000000000e+00
9.306563326661317248e+00,3.185544831742663519e+01,5.941385753551330140e+01,0.000000000000000000e+00
9.946403038575356348e+00,3.175599627473025066e+01,5.921406253914162932e+01,0.000000000000000000e+00
9.946403038575356348e+00,3.175599627473025066e+01,5.921406253914161510e+01,0.000000000000000000e+00
9.946403038575356348e+00,3.175599627473025066e+01,5.921406253914162932e+01,0.000000000000000000e+00
1.062187514579408543e+01,3.174944005049826856e+01,5.868102212869853673e+01,0.000000000000000000e+00
1.062187514579408187e+01,3.174944005049826856e+01,5.868102212869853673e+01,0.000000000000000000e+00
1.062187514579408543e+01,3.174944005049826856e+01,5.868102212869853673e+01,0.000000000000000000e+00
1.130926384214539127e+01,3.153271614198820316e+01,5.840793659530825721e+01,0.000000000000000000e+00
1.130926384214539127e+01,3.153271614198820316e+01,5.840793659530827142e+01,0.000000000000000000e+00
1.130926384214539127e+01,3.153271614198820316e+01,5.840793659530825721e+01,0.000000000000000000e+00
1.073201341516489649e+01,3.149013259049609914e+01,5.802812888717686235e+01,-2.021751214672909303e+00
1.073201341516489471e+01,3.149013259049609204e+01,5.802812888717686235e+01,-2.021751214672909303e+00
1.073201341516489649e+01,3.149013259049609914e+01,5.802812888717686235e+01,-2.021751214672909303e+00
1.074800935123661461e+01,3.116953278735682886e+01,5.807765074975733910e+01,-2.066872411604933735e+00
1.074800935123661283e+01,3.116953278735682886e+01,5.807765074975735331e+01,-2.066872411604933735e+00
1.074800935123661461e+01,3.116953278735682886e+01,5.807765074975733910e+01,-2.066872411604933735e+00
8.300876677058992570e+00,2.673402156728683821e+01,5.852799742890424284e+01,0.000000000000000000e+00
8.300876677058992570e+00,2.673402156728683821e+01,5.852799742890424284e+01,0.000000000000000000e+00
8.300876677058996123e+00,2.673402156728683821e+01,5.852799742890424284e+01,0.000000000000000000e+00
8.938395904290711513e+00,2.694589284611695490e+01,5.869763268491965391e+01,0.000000000000000000e+00
8.938395904290709737e+00,2.694589284611695490e+01,5.869763268491965391e+01,0.000000000000000000e+00
8.938395904290709737e+00,2.694589284611695490e+01,5.869763268491965391e+01,0.000000000000000000e+00
9.273823237063226088e+00,2.721168714339250272e+01,5.879440807561228866e+01,0.000000000000000000e+00
9.273823237063229641e+00,2.721168714339249917e+01,5.879440807561228866e+01,0.000000000000000000e+00
9.273823237063229641e+00,2.721168714339249917e+01,5.879440807561228866e+01,0.000000000000000000e+00
8.921970490725939840e+00,2.757734590563977761e+01,5.907617070510220714e+01,0.000000000000000000e+00
8.921970490725939840e+00,2.757734590563977761e+01,5.907617070510220714e+01,0.000000000000000000e+00
8.921970490725941616e+00,2.757734590563977761e+01,5.907617070510222135e+01,0.000000000000000000e+00
9.009332222797413081e+00,2.766396703936055346e+01,5.952029984593774969e+01,0.000000000000000000e+00
9.009332222797414857e+00,2.766396703936055346e+01,5.952029984593773548e+01,0.000000000000000000e+00
9.009332222797413081e+00,2.766396703936055346e+01,5.952029984593772838e+01,0.000000000000000000e+00
1.034610641932319552e+01,2.816845075953122191e+01,5.994786136299138946e+01,0.000000000000000000e+00
1.034610641932319552e+01,2.816845075953122901e+01,5.994786136299138946e+01,0.000000000000000000e+00
1.034610641932319730e+01,2.816845075953122901e+01,5.994786136299138946e+01,0.000000000000000000e+00
1.159865595851297293e+01,2.839842348448559761e+01,6.031936396546613111e+01,0.000000000000000000e+00
1.159865595851297115e+01,2.839842348448560472e+01,6.031936396546613111e+01,0.000000000000000000e+00
1.159865595851297293e+01,2.839842348448559761e+01,6.031936396546613111e+01,0.000000000000000000e+00
1.216033509839357052e+01,2.875373384536218424e+01,6.089116617192393477e+01,0.000000000000000000e+00
1.216033509839357052e+01,2.875373384536218424e+01,6.089116617192393477e+01,0.000000000000000000e+00
1.216033509839357052e+01,2.875373384536217714e+01,6.089116617192393477e+01,0.000000000000000000e+00
1.186563997183259467e+01,2.892728994444237500e+01,6.129653839450997310e+01,2.305331681303630642e+00
1.186563997183259289e+01,2.892728994444237500e+01,6.129653839450997310e+01,2.305331681303631086e+00
1.186563997183259289e+01,2.892728994444237500e+01,6.129653839450997310e+01,2.305331681303631086e+00
1.164616587868412623e+01,2.867180872062196784e+01,6.170022997787882701e+01,2.524643786962602832e+00
1.164616587868412267e+01,2.867180872062196428e+01,6.170022997787882701e+01,2.524643786962603276e+00
1.164616587868412267e+01,2.867180872062196784e+01,6.170022997787881991e+01,2.524643786962602832e+00
1.168919557095730788e+01,2.883639036396355593e+01,6.208653982565693497e+01,2.629431183923038429e+00
1.168919557095730788e+01,2.883639036396355593e+01,6.208653982565693497e+01,2.629431183923037985e+00
1.168919557095730788e+01,2.883639036396356303e+01,6.208653982565693497e+01,2.629431183923038429e+00
1.104087883023995786e+01,2.888716880271098475e+01,6.246746076915804480e+01,2.597647676478528567e+00
1.104087883023995609e+01,2.888716880271099186e+01,6.246746076915805901e+01,2.597647676478528567e+00
1.104087883023995431e+01,2.888716880271099186e+01,6.246746076915805901e+01,2.597647676478528567e+00
1.025774869913300869e+01,2.888198862092283647e+01,6.285354287222719449e+01,2.506569123828994439e+00
1.025774869913300869e+01,2.888198862092283647e+01,6.285354287222719449e+01,2.506569123828993995e+00
1.025774869913300869e+01,2.888198862092283292e+01,6.285354287222719449e+01,2.506569123828993551e+00
1.042192370977270599e+01,2.884508257001301601e+01,6.314326268803713305e+01,2.200954586758525622e+00
1.042192370977270421e+01,2.884508257001302312e+01,6.314326268803711883e+01,2.200954586758525622e+00
1.042192370977270599e+01,2.884508257001301601e+01,6.314326268803713305e+01,2.200954586758525622e+00
1.118908942993746081e+01,2.885493766578450092e+01,6.310150433117718904e+01,0.000000000000000000e+00
1.118908942993746081e+01,2.885493766578449382e+01,6.310150433117720326e+01,0.000000000000000000e+00
1.118908942993746081e+01,2.885493766578449382e+01,6.310150433117718904e+01,0.000000000000000000e+00
1.185537002746353608e+01,2.896681077918251646e+01,6.309125984870182435e+01,0.000000000000000000e+00
1.185537002746353785e+01,2.896681077918251646e+01,6.309125984870182435e+01,0.000000000000000000e+00
1.185537002746353785e+01,2.896681077918251646e+01,6.309125984870182435e+01,0.000000000000000000e+00
1.213292859822921343e+01,2.916767228039737603e+01,6.311516229756461627e+01,0.000000000000000000e+00
1.213292859822921343e+01,2.916767228039737603e+01,6.311516229756460916e+01,0.000000000000000000e+00
1.213292859822921343e+01,2.916767228039737958e+01,6.311516229756461627e+01,0.000000000000000000e+00
1.230821160442861917e+01,2.948684449768962423e+01,6.280044701254231398e+01,0.000000000000000000e+00
1.230821160442861917e+01,2.948684449768962423e+01,6.280044701254229977e+01,0.000000000000000000e+00
1.230821160442861562e+01,2.948684449768962423e+01,6.280044701254228556e+01,0.000000000000000000e+00
1.215550115114330865e+01,2.994501066128488276e+01,6.238248824490472799e+01,0.000000000000000000e+00
1.215550115114330687e+01,2.994501066128488276e+01,6.238248824490471378e+01,0.000000000000000000e+00
1.215550115114330687e+01,2.994501066128488276e+01,6.238248824490472799e+01,0.000000000000000000e+00
1.164759733127251451e+01,3.045266265240956471e+01,6.196579504062274424e+01,0.000000000000000000e+00
1.164759733127251451e+01,3.045266265240956471e+01,6.196579504062275845e+01,0.000000000000000000e+00
1.164759733127251451e+01,3.045266265240956471e+01,6.196579504062275845e+01,0.000000000000000000e+00
1.083264936609572437e+01,3.093563547966395433e+01,6.154028098573785854e+01,0.000000000000000000e+00
1.083264936609572437e+01,3.093563547966395433e+01,6.154028098573787275e+01,0.000000000000000000e+00
1.083264936609572615e+01,3.093563547966395433e+01,6.154028098573785854e+01,0.000000000000000000e+00
1.015253418820896769e+01,3.185748895037623285e+01,6.109387208821219417e+01,0.000000000000000000e+00
1.015253418820896769e+01,3.185748895037623285e+01,6.109387208821219417e+01,0.000000000000000000e+00
1.015253418820896769e+01,3.185748895037623285e+01,6.109387208821219417e+01,0.000000000000000000e+00
9.267970125381101099e+00,3.226043485916714815e+01,6.064410603067005923e+01,0.000000000000000000e+00
9.267970125381102875e+00,3.226043485916714815e+01,6.064410603067005923e+01,0.000000000000000000e+00
9.267970125381102875e+00,3.226043485916714815e+01,6.064410603067005923e+01,0.000000000000000000e+00
8.698664629500328260e+00,3.234390476824981420e+01,6.001311279158792900e+01,0.000000000000000000e+00
8.698664629500328260e+00,3.234390476824981420e+01,6.001311279158792900e+01,0.000000000000000000e+00
8.698664629500330037e+00,3.234390476824981420e+01,6.001311279158792900e+01,0.000000000000000000e+00
8.640343284387324019e+00,3.241580485495610731e+01,5.960327966086478568e+01,0.000000000000000000e+00
8.640343284387324019e+00,3.241580485495610020e+01,5.960327966086478568e+01,0.000000000000000000e+00
8.640343284387324019e+00,3.241580485495610731e+01,5.960327966086478568e+01,0.000000000000000000e+00
9.364271986449656637e+00,3.211719339079725444e+01,5.913331020343008504e+01,0.000000000000000000e+00
9.364271986449654861e+00,3.211719339079725444e+01,5.913331020343009214e+01,0.000000000000000000e+00
9.364271986449653085e+00,3.211719339079725444e+01,5.913331020343009214e+01,0.000000000000000000e+00
1.068745553792528469e+01,3.221977599074740795e+01,5.864434646628635761e+01,0.000000000000000000e+00
1.068745553792528469e+01,3.221977599074740795e+01,5.864434646628635761e+01,0.000000000000000000e+00
1.068745553792528469e+01,3.221977599074740795e+01,5.864434646628635051e+01,0.000000000000000000e+00
1.125697775214780272e+01,3.198329612855053128e+01,5.833281304995161776e+01,-2.158839909234367749e+00
1.125697775214780272e+01,3.198329612855052773e+01,5.833281304995161776e+01,-2.158839909234367749e+00
1.125697775214780272e+01,3.198329612855053128e+01,5.833281304995161776e+01,-2.158839909234367749e+00
1.094115305406852734e+01,3.182390739055360740e+01,5.822328249342243822e+01,-2.280238433908486684e+00
1.094115305406852379e+01,3.182390739055360740e+01,5.822328249342244533e+01,-2.280238433908486684e+00
1.094115305406852379e+01,3.182390739055360740e+01,5.822328249342243822e+01,-2.280238433908486684e+00
1.042387070864367260e+01,3.169921094293852804e+01,5.803165973082150941e+01,-2.248246274241660458e+00
1.042387070864367260e+01,3.169921094293852804e+01,5.803165973082151652e+01,-2.248246274241660458e+00
1.042387070864367438e+01,3.169921094293852093e+01,5.803165973082151652e+01,-2.248246274241660014e+00
9.160408005232335782e+00,2.686473211891505741e+01,5.887877887372929564e+01,0.000000000000000000e+00
9.160408005232335782e+00,2.686473211891505741e+01,5.887877887372928853e+01,0.000000000000000000e+00
9.160408005232334006e+00,2.686473211891505741e+01,5.887877887372928853e+01,0.000000000000000000e+00
9.476790804167199767e+00,2.715600361312806399e+01,5.879940333745372527e+01,0.000000000000000000e+00
9.476790804167197990e+00,2.715600361312805688e+01,5.879940333745372527e+01,0.000000000000000000e+00
9.476790804167197990e+00,2.715600361312805688e+01,5.879940333745372527e+01,0.000000000000000000e+00
9.911761527360853918e+00,2.756367921867171944e+01,5.889698793704360469e+01,0.000000000000000000e+00
9.911761527360853918e+00,2.756367921867172655e+01,5.889698793704360469e+01,0.000000000000000000e+00
9.911761527360853918e+00,2.756367921867171944e+01,5.889698793704360469e+01,0.000000000000000000e+00
9.881319739834797389e+00,2.755820579863408071e+01,5.903553714826453103e+01,0.000000000000000000e+00
9.881319739834799165e+00,2.755820579863407360e+01,5.903553714826454524e+01,0.000000000000000000e+00
9.881319739834797389e+00,2.755820579863408071e+01,5.903553714826454524e+01,0.000000000000000000e+00
1.044671607206063513e+01,2.824621944060577050e+01,5.940130536102784475e+01,0.000000000000000000e+00
1.044671607206063335e+01,2.824621944060577050e+01,5.940130536102784475e+01,0.000000000000000000e+00
1.044671607206063513e+01,2.824621944060577050e+01,5.940130536102784475e+01,0.000000000000000000e+00
1.141777817130750172e+01,2.820913078670648488e+01,5.996909188683980574e+01,0.000000000000000000e+00
1.141777817130750172e+01,2.820913078670648488e+01,5.996909188683980574e+01,0.000000000000000000e+00
1.141777817130750172e+01,2.820913078670648488e+01,5.996909188683981284e+01,0.000000000000000000e+00
1.309494018477566435e+01,2.873282842812398385e+01,6.026882140254007680e+01,0.000000000000000000e+00
1.309494018477566435e+01,2.873282842812398030e+01,6.026882140254007680e+01,0.000000000000000000e+00
1.309494018477566435e+01,2.873282842812398385e+01,6.026882140254007680e+01,0.000000000000000000e+00
1.398005738231656991e+01,2.866681089473213717e+01,6.078323649175030141e+01,2.274820590422517608e+00
1.398005738231656991e+01,2.866681089473213717e+01,6.078323649175030141e+01,2.274820590422517608e+00
1.398005738231656991e+01,2.866681089473213717e+01,6.078323649175031562e+01,2.274820590422517164e+00
1.347405445033502680e+01,2.923904958258926357e+01,6.134506743457908584e+01,2.586492573258543537e+00
1.347405445033502680e+01,2.923904958258926357e+01,6.134506743457908584e+01,2.586492573258543537e+00
1.347405445033503035e+01,2.923904958258926001e+01,6.134506743457908584e+01,2.586492573258543537e+00
1.324914639554787321e+01,2.915911071286337375e+01,6.175358753207485307e+01,2.862632085057940312e+00
1.324914639554787321e+01,2.915911071286337375e+01,6.175358753207485307e+01,2.862632085057940312e+00
1.324914639554787321e+01,2.915911071286337730e+01,6.175358753207485307e+01,2.862632085057939868e+00
1.316098219118895152e+01,2.882650642112860595e+01,6.223952893258580588e+01,2.974965929652983565e+00
1.316098219118895507e+01,2.882650642112860595e+01,6.223952893258579167e+01,2.974965929652983565e+00
1.316098219118895507e+01,2.882650642112860595e+01,6.223952893258579167e+01,2.974965929652984009e+00
1.246649708886675789e+01,2.870600939726271150e+01,6.256767833432366643e+01,2.839207632379806334e+00
1.246649708886675789e+01,2.870600939726271861e+01,6.256767833432365933e+01,2.839207632379806334e+00
1.246649708886675789e+01,2.870600939726271861e+01,6.256767833432365933e+01,2.839207632379806334e+00
1.192515556383831310e+01,2.873408833015491126e+01,6.299258037431116719e+01,2.718775920165332760e+00
1.192515556383831310e+01,2.873408833015491837e+01,6.299258037431116719e+01,2.718775920165332760e+00
1.192515556383831132e+01,2.873408833015491126e+01,6.299258037431116719e+01,2.718775920165332760e+00
1.186689934134203206e+01,2.867380760484853397e+01,6.331235695218014570e+01,2.450776437136008568e+00
1.186689934134203561e+01,2.867380760484853397e+01,6.331235695218014570e+01,2.450776437136008123e+00
1.186689934134203561e+01,2.867380760484853397e+01,6.331235695218014570e+01,2.450776437136008568e+00
1.311105578034081987e+01,2.858496881193246253e+01,6.348589091382217475e+01,0.000000000000000000e+00
1.311105578034081809e+01,2.858496881193246253e+01,6.348589091382216054e+01,0.000000000000000000e+00
1.311105578034081987e+01,2.858496881193246253e+01,6.348589091382216054e+01,0.000000000000000000e+00
1.410118115594666399e+01,2.864302812893665973e+01,6.347837450040308482e+01,0.000000000000000000e+00
1.410118115594666399e+01,2.864302812893665973e+01,6.347837450040308482e+01,0.000000000000000000e+00
1.410118115594666577e+01,2.864302812893666683e+01,6.347837450040308482e+01,0.000000000000000000e+00
1.417373581630882384e+01,2.891092174770790635e+01,6.328704251817042348e+01,0.000000000000000000e+00
1.417373581630882384e+01,2.891092174770789924e+01,6.328704251817042348e+01,0.000000000000000000e+00
1.417373581630882384e+01,2.891092174770790635e+01,6.328704251817042348e+01,0.000000000000000000e+00
1.418818428903552409e+01,2.938318179707208344e+01,6.294339129068761451e+01,0.000000000000000000e+00
1.418818428903552586e+01,2.938318179707207989e+01,6.294339129068760030e+01,0.000000000000000000e+00
1.418818428903552409e+01,2.938318179707209055e+01,6.294339129068760030e+01,0.000000000000000000e+00
1.402317027385936754e+01,2.990518596258278450e+01,6.248602399072363767e+01,0.000000000000000000e+00
1.402317027385936932e+01,2.990518596258279160e+01,6.248602399072363767e+01,0.000000000000000000e+00
1.402317027385936754e+01,2.990518596258279160e+01,6.248602399072365188e+01,0.000000000000000000e+00
1.353096998520745053e+01,3.067128407583714633e+01,6.212689997304211431e+01,0.000000000000000000e+00
1.353096998520744698e+01,3.067128407583714633e+01,6.212689997304210010e+01,0.000000000000000000e+00
1.353096998520744698e+01,3.067128407583714633e+01,6.212689997304211431e+01,0.000000000000000000e+00
1.233545783179536137e+01,3.172776466176080845e+01,6.159568121024343412e+01,0.000000000000000000e+00
1.233545783179536137e+01,3.172776466176080845e+01,6.159568121024342702e+01,0.000000000000000000e+00
1.233545783179536137e+01,3.172776466176080845e+01,6.159568121024342702e+01,0.000000000000000000e+00
1.087365138035204026e+01,3.250872781429156078e+01,6.114465391872250422e+01,0.000000000000000000e+00
1.087365138035204026e+01,3.250872781429156078e+01,6.114465391872251843e+01,0.000000000000000000e+00
1.087365138035204026e+01,3.250872781429156078e+01,6.114465391872251843e+01,0.000000000000000000e+00
9.612320521814178065e+00,3.251106990624574422e+01,6.052500867338108748e+01,0.000000000000000000e+00
9.612320521814178065e+00,3.251106990624574422e+01,6.052500867338108748e+01,0.000000000000000000e+00
9.612320521814178065e+00,3.251106990624574422e+01,6.052500867338108748e+01,0.000000000000000000e+00
8.854763918780472309e+00,3.297528410807834121e+01,5.995752854303880497e+01,0.000000000000000000e+00
8.854763918780474086e+00,3.297528410807834831e+01,5.995752854303880497e+01,0.000000000000000000e+00
8.854763918780470533e+00,3.297528410807834831e+01,5.995752854303880497e+01,0.000000000000000000e+00
8.719618210338186515e+00,3.270743053619612084e+01,5.962815604056588370e+01,0.000000000000000000e+00
8.719618210338184738e+00,3.270743053619612084e+01,5.962815604056588370e+01,0.000000000000000000e+00
8.719618210338186515e+00,3.270743053619612795e+01,5.962815604056588370e+01,0.000000000000000000e+00
9.773474367116463668e+00,3.295270557314496784e+01,5.900383716239460341e+01,0.000000000000000000e+00
9.773474367116463668e+00,3.295270557314496784e+01,5.900383716239460341e+01,0.000000000000000000e+00
9.773474367116461892e+00,3.295270557314496784e+01,5.900383716239460341e+01,0.000000000000000000e+00
1.048312485866397026e+01,3.238317518475506063e+01,5.860063700068332082e+01,-2.069670593040783935e+00
1.048312485866397026e+01,3.238317518475506773e+01,5.860063700068332793e+01,-2.069670593040784379e+00
1.048312485866397026e+01,3.238317518475506063e+01,5.860063700068332793e+01,-2.069670593040783935e+00
1.091404579299037714e+01,3.253674598633210735e+01,5.844625533599412393e+01,-2.582989339543587004e+00
1.091404579299037536e+01,3.253674598633210735e+01,5.844625533599412393e+01,-2.582989339543587448e+00
1.091404579299037714e+01,3.253674598633211446e+01,5.844625533599412393e+01,-2.582989339543587892e+00
1.078808537158614023e+01,3.219966426791524583e+01,5.833381991977160652e+01,-2.631693849484948000e+00
1.078808537158614023e+01,3.219966426791524583e+01,5.833381991977160652e+01,-2.631693849484948000e+00
1.078808537158614023e+01,3.219966426791525294e+01,5.833381991977160652e+01,-2.631693849484948000e+00
1.056976346419886248e+01,3.196947037159001326e+01,5.841035687726215286e+01,-2.432831386855720091e+00
1.056976346419886248e+01,3.196947037159001326e+01,5.841035687726215286e+01,-2.432831386855720091e+00
1.056976346419886248e+01,3.196947037159001326e+01,5.841035687726215286e+01,-2.432831386855720535e+00
9.420244234666411032e+00,2.718265519722974588e+01,5.913390685004868175e+01,0.000000000000000000e+00
9.420244234666409255e+00,2.718265519722974588e+01,5.913390685004868175e+01,0.000000000000000000e+00
9.420244234666409255e+00,2.718265519722974588e+01,5.913390685004868175e+01,0.000000000000000000e+00
9.855096457724377146e+00,2.747073565297362663e+01,5.908553448003362973e+01,0.000000000000000000e+00
9.855096457724377146e+00,2.747073565297363018e+01,5.908553448003362973e+01,0.000000000000000000e+00
9.855096457724377146e+00,2.747073565297362663e+01,5.908553448003362973e+01,0.000000000000000000e+00
1.041912317085115625e+01,2.750951691712542058e+01,5.903669421298857145e+01,0.000000000000000000e+00
1.041912317085115625e+01,2.750951691712542413e+01,5.903669421298857145e+01,0.000000000000000000e+00
1.041912317085115447e+01,2.750951691712542413e+01,5.903669421298857145e+01,0.000000000000000000e+00
9.505857691628833095e+00,2.780346310703540524e+01,5.930089573330685226e+01,0.000000000000000000e+00
9.505857691628833095e+00,2.780346310703540524e+01,5.930089573330685226e+01,0.000000000000000000e+00
9.505857691628833095e+00,2.780346310703539814e+01,5.930089573330686648e+01,0.000000000000000000e+00
1.011658410399890684e+01,2.813626898693136624e+01,5.923552361905234420e+01,0.000000000000000000e+00
1.011658410399890684e+01,2.813626898693135914e+01,5.923552361905234420e+01,0.000000000000000000e+00
1.011658410399890684e+01,2.813626898693135914e+01,5.923552361905234420e+01,0.000000000000000000e+00
1.073130429276136510e+01,2.868751519064311140e+01,5.988490305319594853e+01,0.000000000000000000e+00
1.073130429276136510e+01,2.868751519064310784e+01,5.988490305319596274e+01,0.000000000000000000e+00
1.073130429276136510e+01,2.868751519064311140e+01,5.988490305319596274e+01,0.000000000000000000e+00
1.129018872006213670e+01,2.884028102028488405e+01,6.029504022614120373e+01,0.000000000000000000e+00
1.129018872006213670e+01,2.884028102028488405e+01,6.029504022614120373e+01,0.000000000000000000e+00
1.129018872006213847e+01,2.884028102028488405e+01,6.029504022614119663e+01,0.000000000000000000e+00
1.279100288445041045e+01,2.907531635590063601e+01,6.080605277155622446e+01,2.433388433240475823e+00
1.279100288445041400e+01,2.907531635590063956e+01,6.080605277155622446e+01,2.433388433240475823e+00
1.279100288445041400e+01,2.907531635590063601e+01,6.080605277155622446e+01,2.433388433240475823e+00
1.268316950335103144e+01,2.893870090839633136e+01,6.147109664618878355e+01,2.772601343302493859e+00
1.268316950335103144e+01,2.893870090839633136e+01,6.147109664618878355e+01,2.772601343302493859e+00
1.268316950335103321e+01,2.893870090839633136e+01,6.147109664618878355e+01,2.772601343302493859e+00
1.230073475311809794e+01,2.930804459042124677e+01,6.194665481571193055e+01,2.808515705784226935e+00
1.230073475311809794e+01,2.930804459042124677e+01,6.194665481571193055e+01,2.808515705784226935e+00
1.230073475311809794e+01,2.930804459042125032e+01,6.194665481571193055e+01,2.808515705784226935e+00
1.284715151756070739e+01,2.912538951614750360e+01,6.221495762525020723e+01,2.614052696520436481e+00
1.284715151756070739e+01,2.912538951614750360e+01,6.221495762525019302e+01,2.614052696520436481e+00
1.284715151756070384e+01,2.912538951614750360e+01,6.221495762525019302e+01,2.614052696520436481e+00
1.256013367674682968e+01,2.940011320926277349e+01,6.267708904907575373e+01,2.098182707935653646e+00
1.256013367674683145e+01,2.940011320926277349e+01,6.267708904907575373e+01,2.098182707935653646e+00
1.256013367674683145e+01,2.940011320926277349e+01,6.267708904907575373e+01,2.098182707935653646e+00
1.167325577533065761e+01,2.948251337960345708e+01,6.311210876704448935e+01,2.267095984660079999e+00
1.167325577533065584e+01,2.948251337960345708e+01,6.311210876704448935e+01,2.267095984660079999e+00
1.167325577533065761e+01,2.948251337960345708e+01,6.311210876704448935e+01,2.267095984660079999e+00
1.176467174313742881e+01,2.941183860601583078e+01,6.340178739766955118e+01,2.197845219347994483e+00
1.176467174313742881e+01,2.941183860601583078e+01,6.340178739766955118e+01,2.197845219347994927e+00
1.176467174313742703e+01,2.941183860601583788e+01,6.340178739766955118e+01,2.197845219347994927e+00
1.260354855402532515e+01,2.932651151353147156e+01,6.356253257765982312e+01,0.000000000000000000e+00
1.260354855402532337e+01,2.932651151353147156e+01,6.356253257765980891e+01,0.000000000000000000e+00
1.260354855402532515e+01,2.932651151353147156e+01,6.356253257765980891e+01,0.000000000000000000e+00
1.369505750408366396e+01,2.937269836828731329e+01,6.355530788802882824e+01,0.000000000000000000e+00
1.369505750408366396e+01,2.937269836828731329e+01,6.355530788802882824e+01,0.000000000000000000e+00
1.369505750408366396e+01,2.937269836828731329e+01,6.355530788802882824e+01,0.000000000000000000e+00
1.405688782162004991e+01,2.969735109581339216e+01,6.337775787096777691e+01,0.000000000000000000e+00
1.405688782162004991e+01,2.969735109581339927e+01,6.337775787096777691e+01,0.000000000000000000e+00
1.405688782162004991e+01,2.969735109581339216e+01,6.337775787096776270e+01,0.000000000000000000e+00
1.409014831109558941e+01,3.022669616825002237e+01,6.306682748661544480e+01,0.000000000000000000e+00
1.409014831109558763e+01,3.022669616825002237e+01,6.306682748661544480e+01,0.000000000000000000e+00
1.409014831109558763e+01,3.022669616825002237e+01,6.306682748661544480e+01,0.000000000000000000e+00
1.385642180886334529e+01,3.075740404459117627e+01,6.260002852851232547e+01,0.000000000000000000e+00
1.385642180886334529e+01,3.075740404459116917e+01,6.260002852851232547e+01,0.000000000000000000e+00
1.385642180886334529e+01,3.075740404459117627e+01,6.260002852851232547e+01,0.000000000000000000e+00
1.290222902924514869e+01,3.121150686990500134e+01,6.209881971438797166e+01,0.000000000000000000e+00
1.290222902924514869e+01,3.121150686990500134e+01,6.209881971438797166e+01,0.000000000000000000e+00
1.290222902924514869e+01,3.121150686990500134e+01,6.209881971438797166e+01,0.000000000000000000e+00
1.089853388821456548e+01,3.218148533442774095e+01,6.180294771890923755e+01,0.000000000000000000e+00
1.089853388821456370e+01,3.218148533442774095e+01,6.180294771890925176e+01,0.000000000000000000e+00
1.089853388821456548e+01,3.218148533442774095e+01,6.180294771890923755e+01,0.000000000000000000e+00
9.673458162749827949e+00,3.255206683395418565e+01,6.128043818288147548e+01,0.000000000000000000e+00
9.673458162749827949e+00,3.255206683395418565e+01,6.128043818288147548e+01,0.000000000000000000e+00
9.673458162749826172e+00,3.255206683395418565e+01,6.128043818288147548e+01,0.000000000000000000e+00
8.571192004913189777e+00,3.322186480284039334e+01,6.054943732917664079e+01,0.000000000000000000e+00
8.571192004913189777e+00,3.322186480284039334e+01,6.054943732917665500e+01,0.000000000000000000e+00
8.571192004913189777e+00,3.322186480284039334e+01,6.054943732917665500e+01,0.000000000000000000e+00
7.850995284698954357e+00,3.334252489280633824e+01,5.998703521096840063e+01,0.000000000000000000e+00
7.850995284698953469e+00,3.334252489280632403e+01,5.998703521096840063e+01,0.000000000000000000e+00
7.850995284698954357e+00,3.334252489280633114e+01,5.998703521096840063e+01,0.000000000000000000e+00
7.250092339995843460e+00,3.341614724988457397e+01,5.953709122371544282e+01,0.000000000000000000e+00
7.250092339995843460e+00,3.341614724988457397e+01,5.953709122371544282e+01,0.000000000000000000e+00
7.250092339995843460e+00,3.341614724988457397e+01,5.953709122371544282e+01,0.000000000000000000e+00
8.067059045191433242e+00,3.301537781228923052e+01,5.882179558968490340e+01,0.000000000000000000e+00
8.067059045191431466e+00,3.301537781228923052e+01,5.882179558968489630e+01,0.000000000000000000e+00
8.067059045191431466e+00,3.301537781228923052e+01,5.882179558968490340e+01,0.000000000000000000e+00
8.835220631921497869e+00,3.280484222053792820e+01,5.889345416383818588e+01,-2.354324638695894478e+00
8.835220631921496093e+00,3.280484222053793530e+01,5.889345416383818588e+01,-2.354324638695894478e+00
8.835220631921497869e+00,3.280484222053792820e+01,5.889345416383817877e+01,-2.354324638695894478e+00
1.003920616817875988e+01,3.260655889855609502e+01,5.859850063156130773e+01,-3.034158481198642843e+00
1.003920616817875811e+01,3.260655889855609502e+01,5.859850063156132194e+01,-3.034158481198642843e+00
1.003920616817875811e+01,3.260655889855609502e+01,5.859850063156130773e+01,-3.034158481198642843e+00
1.010880862838562244e+01,3.267668721622877115e+01,5.864146952014828429e+01,-2.731881695527266896e+00
1.010880862838562244e+01,3.267668721622877115e+01,5.864146952014829139e+01,-2.731881695527266896e+00
1.010880862838562066e+01,3.267668721622877115e+01,5.864146952014827008e+01,-2.731881695527266452e+00
1.001214189708426794e+01,3.244194821073609347e+01,5.867829369606982226e+01,-2.467599361232701405e+00
1.001214189708426794e+01,3.244194821073610058e+01,5.867829369606980805e+01,-2.467599361232701405e+00
1.001214189708426794e+01,3.244194821073609347e+01,5.867829369606980805e+01,-2.467599361232701405e+00
1.026537148545363287e+01,2.735397496177033005e+01,5.963239785250546987e+01,0.000000000000000000e+00
1.026537148545363465e+01,2.735397496177032295e+01,5.963239785250546987e+01,0.000000000000000000e+00
1.026537148545363287e+01,2.735397496177033005e+01,5.963239785250546987e+01,0.000000000000000000e+00
1.039140065379244149e+01,2.753040908645128226e+01,5.953730846918904263e+01,0.000000000000000000e+00
1.039140065379244149e+01,2.753040908645128582e+01,5.953730846918903552e+01,0.000000000000000000e+00
1.039140065379244149e+01,2.753040908645128582e+01,5.953730846918903552e+01,0.000000000000000000e+00
1.138533050156984494e+01,2.813791834707495809e+01,5.940380689141777992e+01,0.000000000000000000e+00
1.138533050156984849e+01,2.813791834707495809e+01,5.940380689141777992e+01,0.000000000000000000e+00
1.138533050156984849e+01,2.813791834707495809e+01,5.940380689141777992e+01,0.000000000000000000e+00
1.067135811945028756e+01,2.809727273861406971e+01,5.923115510177456144e+01,0.000000000000000000e+00
1.067135811945028578e+01,2.809727273861406971e+01,5.923115510177456144e+01,0.000000000000000000e+00
1.067135811945028756e+01,2.809727273861406616e+01,5.923115510177456144e+01,0.000000000000000000e+00
1.107210080574962596e+01,2.854622954080248931e+01,5.948134801558330054e+01,0.000000000000000000e+00
1.107210080574962952e+01,2.854622954080248931e+01,5.948134801558331475e+01,0.000000000000000000e+00
1.107210080574962596e+01,2.854622954080249286e+01,5.948134801558330054e+01,0.000000000000000000e+00
1.134293289055389131e+01,2.896280303100049736e+01,5.978450258681196772e+01,0.000000000000000000e+00
1.134293289055388776e+01,2.896280303100049380e+01,5.978450258681196772e+01,0.000000000000000000e+00
1.134293289055388776e+01,2.896280303100049736e+01,5.978450258681196772e+01,0.000000000000000000e+00
1.151646702822590207e+01,2.896424524537975387e+01,6.034188831423401922e+01,0.000000000000000000e+00
1.151646702822590029e+01,2.896424524537975742e+01,6.034188831423401922e+01,0.000000000000000000e+00
1.151646702822590207e+01,2.896424524537975032e+01,6.034188831423400501e+01,0.000000000000000000e+00
1.249263758313387562e+01,2.926197950448286988e+01,6.070581420953728014e+01,0.000000000000000000e+00
1.249263758313387385e+01,2.926197950448286988e+01,6.070581420953728014e+01,0.000000000000000000e+00
1.249263758313387562e+01,2.926197950448286988e+01,6.070581420953728014e+01,0.000000000000000000e+00
1.243818222872555879e+01,2.947888526193514735e+01,6.137522865124573457e+01,0.000000000000000000e+00
1.243818222872555879e+01,2.947888526193514735e+01,6.137522865124572036e+01,0.000000000000000000e+00
1.243818222872555879e+01,2.947888526193514735e+01,6.137522865124573457e+01,0.000000000000000000e+00
1.240666611304682299e+01,2.896679152853576866e+01,6.188583527971483278e+01,0.000000000000000000e+00
1.240666611304682121e+01,2.896679152853576866e+01,6.188583527971481857e+01,0.000000000000000000e+00
1.240666611304682299e+01,2.896679152853576866e+01,6.188583527971483278e+01,0.000000000000000000e+00
1.311785352721582854e+01,2.920599197177481798e+01,6.224976841401017680e+01,0.000000000000000000e+00
1.311785352721582854e+01,2.920599197177481798e+01,6.224976841401017680e+01,0.000000000000000000e+00
1.311785352721582854e+01,2.920599197177481088e+01,6.224976841401017680e+01,0.000000000000000000e+00
1.279973750244316655e+01,2.956168092849884843e+01,6.285855929395764718e+01,0.000000000000000000e+00
1.279973750244316655e+01,2.956168092849884843e+01,6.285855929395764718e+01,0.000000000000000000e+00
1.279973750244316655e+01,2.956168092849884843e+01,6.285855929395763297e+01,0.000000000000000000e+00
1.236286780926329776e+01,2.967642446752835994e+01,6.309513765309066002e+01,0.000000000000000000e+00
1.236286780926329598e+01,2.967642446752835994e+01,6.309513765309066002e+01,0.000000000000000000e+00
1.236286780926329598e+01,2.967642446752835994e+01,6.309513765309066002e+01,0.000000000000000000e+00
1.233778781042709838e+01,2.960250593254906804e+01,6.341724430234491905e+01,0.000000000000000000e+00
1.233778781042709838e+01,2.960250593254906804e+01,6.341724430234492615e+01,0.000000000000000000e+00
1.233778781042709838e+01,2.960250593254906093e+01,6.341724430234491905e+01,0.000000000000000000e+00
1.227509558253412969e+01,2.950909104841491981e+01,6.363114004748879893e+01,0.000000000000000000e+00
1.227509558253413502e+01,2.950909104841492692e+01,6.363114004748878472e+01,0.000000000000000000e+00
1.227509558253413502e+01,2.950909104841491981e+01,6.363114004748879893e+01,0.000000000000000000e+00
1.338370606700934218e+01,2.961080451915551492e+01,6.362425192060654666e+01,0.000000000000000000e+00
1.338370606700934218e+01,2.961080451915552203e+01,6.362425192060654666e+01,0.000000000000000000e+00
1.338370606700934218e+01,2.961080451915552203e+01,6.362425192060654666e+01,0.000000000000000000e+00
1.352309824496498081e+01,2.995215125673204426e+01,6.339296054890188969e+01,0.000000000000000000e+00
1.352309824496498081e+01,2.995215125673204426e+01,6.339296054890188969e+01,0.000000000000000000e+00
1.352309824496498614e+01,2.995215125673204426e+01,6.339296054890188969e+01,0.000000000000000000e+00
1.291721634589039880e+01,3.046988463601620722e+01,6.304828545325984379e+01,0.000000000000000000e+00
1.291721634589039880e+01,3.046988463601620722e+01,6.304828545325982958e+01,0.000000000000000000e+00
1.291721634589039702e+01,3.046988463601620722e+01,6.304828545325982958e+01,0.000000000000000000e+00
1.249255132069350616e+01,3.101369147233171475e+01,6.279123232116539555e+01,0.000000000000000000e+00
1.249255132069350616e+01,3.101369147233171475e+01,6.279123232116539555e+01,0.000000000000000000e+00
1.249255132069350616e+01,3.101369147233171475e+01,6.279123232116539555e+01,0.000000000000000000e+00
1.155105915978024633e+01,3.150786459835135744e+01,6.213483679134895965e+01,0.000000000000000000e+00
1.155105915978024633e+01,3.150786459835136455e+01,6.213483679134896676e+01,0.000000000000000000e+00
1.155105915978024456e+01,3.150786459835136455e+01,6.213483679134894544e+01,0.000000000000000000e+00
9.363392126621171485e+00,3.211884104302777843e+01,6.173597187167673894e+01,0.000000000000000000e+00
9.363392126621171485e+00,3.211884104302777843e+01,6.173597187167673894e+01,0.000000000000000000e+00
9.363392126621171485e+00,3.211884104302777843e+01,6.173597187167673894e+01,0.000000000000000000e+00
9.242862892039868328e+00,3.332301040949646165e+01,6.117520798038562191e+01,0.000000000000000000e+00
9.242862892039868328e+00,3.332301040949646875e+01,6.117520798038562191e+01,0.000000000000000000e+00
9.242862892039868328e+00,3.332301040949646875e+01,6.117520798038562191e+01,0.000000000000000000e+00
9.028592400216741254e+00,3.362277330946754006e+01,6.043905755742550667e+01,0.000000000000000000e+00
9.028592400216743030e+00,3.362277330946754006e+01,6.043905755742550667e+01,0.000000000000000000e+00
9.028592400216744807e+00,3.362277330946754006e+01,6.043905755742550667e+01,0.000000000000000000e+00
8.515438711770233482e+00,3.363779528810157871e+01,6.003923437427727805e+01,0.000000000000000000e+00
8.515438711770233482e+00,3.363779528810157871e+01,6.003923437427727805e+01,0.000000000000000000e+00
8.515438711770235258e+00,3.363779528810157871e+01,6.003923437427727805e+01,0.000000000000000000e+00
8.012073659657165337e+00,3.384662300661985768e+01,5.942699980267828863e+01,0.000000000000000000e+00
8.012073659657163560e+00,3.384662300661985057e+01,5.942699980267828863e+01,0.000000000000000000e+00
8.012073659657165337e+00,3.384662300661985768e+01,5.942699980267828863e+01,0.000000000000000000e+00
8.782454852712094251e+00,3.358563769740609928e+01,5.909370729628017216e+01,0.000000000000000000e+00
8.782454852712094251e+00,3.358563769740609928e+01,5.909370729628015795e+01,0.000000000000000000e+00
8.782454852712094251e+00,3.358563769740609928e+01,5.909370729628015795e+01,0.000000000000000000e+00
8.577998462149780678e+00,3.324331602387284335e+01,5.881539393515556213e+01,-2.010821831530156256e+00
8.577998462149780678e+00,3.324331602387284335e+01,5.881539393515556213e+01,-2.010821831530156256e+00
8.577998462149780678e+00,3.324331602387284335e+01,5.881539393515556213e+01,-2.010821831530156256e+00
9.505475139426025066e+00,3.342103795790030318e+01,5.899278573289260663e+01,-2.644057929202396018e+00
9.505475139426023290e+00,3.342103795790030318e+01,5.899278573289260663e+01,-2.644057929202395574e+00
9.505475139426025066e+00,3.342103795790030318e+01,5.899278573289262084e+01,-2.644057929202396018e+00
9.307088132490651589e+00,3.283898222635448150e+01,5.911881398177422398e+01,-2.517102294196191803e+00
9.307088132490651589e+00,3.283898222635447439e+01,5.911881398177422398e+01,-2.517102294196191803e+00
9.307088132490651589e+00,3.283898222635447439e+01,5.911881398177423819e+01,-2.517102294196191803e+00
9.873969198554684468e+00,3.272995062895114415e+01,5.919729060528783293e+01,-1.979891083006311892e+00
9.873969198554684468e+00,3.272995062895113705e+01,5.919729060528783293e+01,-1.979891083006311447e+00
9.873969198554684468e+00,3.272995062895114415e+01,5.919729060528783293e+01,-1.979891083006311447e+00
1.056003762142664293e+01,2.764321046654502823e+01,5.982832279268016862e+01,0.000000000000000000e+00
1.056003762142664471e+01,2.764321046654502823e+01,5.982832279268016151e+01,0.000000000000000000e+00
1.056003762142664471e+01,2.764321046654502823e+01,5.982832279268016862e+01,0.000000000000000000e+00
1.053405527739726644e+01,2.797974049300158228e+01,5.997780823319185117e+01,0.000000000000000000e+00
1.053405527739726466e+01,2.797974049300157873e+01,5.997780823319185117e+01,0.000000000000000000e+00
1.053405527739726644e+01,2.797974049300158228e+01,5.997780823319185117e+01,0.000000000000000000e+00
1.176181970379220587e+01,2.809063617726812012e+01,5.997917179305368052e+01,0.000000000000000000e+00
1.176181970379220765e+01,2.809063617726812723e+01,5.997917179305368052e+01,0.000000000000000000e+00
1.176181970379220765e+01,2.809063617726812723e+01,5.997917179305368052e+01,0.000000000000000000e+00
1.127144073358818765e+01,2.860062346270482081e+01,5.988094351722360642e+01,0.000000000000000000e+00
1.127144073358818588e+01,2.860062346270481726e+01,5.988094351722360642e+01,0.000000000000000000e+00
1.127144073358818588e+01,2.860062346270481726e+01,5.988094351722360642e+01,0.000000000000000000e+00
1.153408834870156952e+01,2.892467604010055737e+01,5.977621987880431931e+01,0.000000000000000000e+00
1.153408834870157129e+01,2.892467604010055737e+01,5.977621987880431220e+01,0.000000000000000000e+00
1.153408834870156952e+01,2.892467604010055737e+01,5.977621987880433352e+01,0.000000000000000000e+00
1.143245332904330347e+01,2.909615529618294971e+01,5.984295372787879330e+01,0.000000000000000000e+00
1.143245332904330347e+01,2.909615529618295326e+01,5.984295372787879330e+01,0.000000000000000000e+00
1.143245332904330525e+01,2.909615529618295326e+01,5.984295372787879330e+01,0.000000000000000000e+00
1.129502934717915785e+01,2.958232056457453041e+01,6.037827893096969234e+01,0.000000000000000000e+00
1.129502934717915785e+01,2.958232056457452686e+01,6.037827893096969234e+01,0.000000000000000000e+00
1.129502934717915785e+01,2.958232056457452686e+01,6.037827893096969234e+01,0.000000000000000000e+00
1.204878369012101835e+01,2.930423701603329079e+01,6.078897498214767126e+01,0.000000000000000000e+00
1.204878369012101835e+01,2.930423701603328723e+01,6.078897498214767126e+01,0.000000000000000000e+00
1.204878369012101835e+01,2.930423701603328723e+01,6.078897498214767126e+01,0.000000000000000000e+00
1.247304291247151475e+01,2.910617745752213992e+01,6.138116770233310859e+01,0.000000000000000000e+00
1.247304291247151475e+01,2.910617745752214347e+01,6.138116770233310859e+01,0.000000000000000000e+00
1.247304291247151475e+01,2.910617745752213636e+01,6.138116770233310859e+01,0.000000000000000000e+00
1.245226712928963231e+01,2.929875318142595120e+01,6.177469301326635076e+01,0.000000000000000000e+00
1.245226712928962876e+01,2.929875318142594409e+01,6.177469301326633655e+01,0.000000000000000000e+00
1.245226712928963053e+01,2.929875318142594409e+01,6.177469301326633655e+01,0.000000000000000000e+00
1.240189886361365801e+01,2.980599431378559672e+01,6.238678924371154721e+01,0.000000000000000000e+00
1.240189886361365801e+01,2.980599431378559672e+01,6.238678924371154721e+01,0.000000000000000000e+00
1.240189886361365801e+01,2.980599431378559316e+01,6.238678924371154721e+01,0.000000000000000000e+00
1.221078687474006941e+01,3.017020606923787440e+01,6.278466181886942366e+01,0.000000000000000000e+00
1.221078687474006941e+01,3.017020606923787795e+01,6.278466181886942366e+01,0.000000000000000000e+00
1.221078687474006941e+01,3.017020606923787440e+01,6.278466181886942366e+01,0.000000000000000000e+00
1.247811837792457546e+01,3.031417765887706040e+01,6.319466413511580072e+01,0.000000000000000000e+00
1.247811837792457546e+01,3.031417765887706040e+01,6.319466413511580072e+01,0.000000000000000000e+00
1.247811837792457546e+01,3.031417765887706395e+01,6.319466413511580072e+01,0.000000000000000000e+00
1.231702270909646479e+01,3.025982855002679628e+01,6.347455057669321832e+01,0.000000000000000000e+00
1.231702270909646302e+01,3.025982855002679983e+01,6.347455057669320411e+01,0.000000000000000000e+00
1.231702270909646657e+01,3.025982855002679273e+01,6.347455057669321832e+01,0.000000000000000000e+00
1.151550873475936854e+01,3.017983628756412884e+01,6.359916177779140156e+01,0.000000000000000000e+00
1.151550873475937031e+01,3.017983628756413594e+01,6.359916177779140156e+01,0.000000000000000000e+00
1.151550873475937031e+01,3.017983628756413594e+01,6.359916177779140156e+01,0.000000000000000000e+00
1.264097606040535382e+01,3.030901466941280731e+01,6.359155770424230525e+01,0.000000000000000000e+00
1.264097606040535560e+01,3.030901466941280731e+01,6.359155770424231946e+01,0.000000000000000000e+00
1.264097606040535560e+01,3.030901466941280731e+01,6.359155770424230525e+01,0.000000000000000000e+00
1.288044500334927811e+01,3.067125878613262202e+01,6.345125650771015557e+01,0.000000000000000000e+00
1.288044500334927811e+01,3.067125878613262202e+01,6.345125650771015557e+01,0.000000000000000000e+00
1.288044500334927811e+01,3.067125878613262202e+01,6.345125650771016979e+01,0.000000000000000000e+00
1.214292874583644100e+01,3.111748856267652741e+01,6.315125872889466052e+01,0.000000000000000000e+00
1.214292874583644100e+01,3.111748856267653451e+01,6.315125872889464631e+01,0.000000000000000000e+00
1.214292874583644100e+01,3.111748856267652741e+01,6.315125872889466052e+01,0.000000000000000000e+00
1.206056163620380239e+01,3.163610576725963242e+01,6.271128591240032080e+01,0.000000000000000000e+00
1.206056163620380062e+01,3.163610576725963242e+01,6.271128591240030659e+01,0.000000000000000000e+00
1.206056163620380062e+01,3.163610576725963242e+01,6.271128591240030659e+01,0.000000000000000000e+00
1.185033384919455735e+01,3.216048659216417605e+01,6.228073964358361536e+01,0.000000000000000000e+00
1.185033384919455735e+01,3.216048659216417605e+01,6.228073964358362957e+01,0.000000000000000000e+00
1.185033384919455735e+01,3.216048659216418315e+01,6.228073964358362957e+01,0.000000000000000000e+00
1.080138306988832575e+01,3.253985656508942270e+01,6.161341529509041237e+01,0.000000000000000000e+00
1.080138306988832397e+01,3.253985656508942270e+01,6.161341529509041237e+01,0.000000000000000000e+00
1.080138306988832575e+01,3.253985656508942270e+01,6.161341529509041237e+01,0.000000000000000000e+00
1.118610028635202802e+01,3.302547212392646259e+01,6.117948100710977144e+01,0.000000000000000000e+00
1.118610028635202802e+01,3.302547212392646969e+01,6.117948100710975723e+01,0.000000000000000000e+00
1.118610028635202980e+01,3.302547212392646969e+01,6.117948100710975723e+01,0.000000000000000000e+00
1.169804050028830034e+01,3.369486070979233006e+01,6.052858926481334834e+01,0.000000000000000000e+00
1.169804050028830034e+01,3.369486070979233006e+01,6.052858926481334834e+01,0.000000000000000000e+00
1.169804050028830034e+01,3.369486070979233716e+01,6.052858926481334834e+01,0.000000000000000000e+00
1.176215353838656341e+01,3.429700064426575068e+01,6.007834812498116861e+01,0.000000000000000000e+00
1.176215353838655986e+01,3.429700064426575068e+01,6.007834812498116861e+01,0.000000000000000000e+00
1.176215353838656164e+01,3.429700064426575068e+01,6.007834812498116861e+01,0.000000000000000000e+00
1.057753033735703774e+01,3.403106058669705902e+01,5.949036451250601232e+01,0.000000000000000000e+00
1.057753033735703774e+01,3.403106058669705902e+01,5.949036451250601232e+01,0.000000000000000000e+00
1.057753033735703774e+01,3.403106058669705902e+01,5.949036451250601232e+01,0.000000000000000000e+00
1.087427737286991203e+01,3.405847236437505643e+01,5.941335898954847039e+01,0.000000000000000000e+00
1.087427737286991025e+01,3.405847236437504932e+01,5.941335898954847039e+01,0.000000000000000000e+00
1.087427737286991025e+01,3.405847236437504932e+01,5.941335898954847039e+01,0.000000000000000000e+00
9.487486507372867806e+00,3.387322621786661614e+01,5.951394127011973723e+01,0.000000000000000000e+00
9.487486507372867806e+00,3.387322621786660903e+01,5.951394127011973723e+01,0.000000000000000000e+00
9.487486507372867806e+00,3.387322621786660903e+01,5.951394127011973723e+01,0.000000000000000000e+00
9.797762463981911196e+00,3.344077152202630998e+01,5.959804797134453480e+01,0.000000000000000000e+00
9.797762463981912973e+00,3.344077152202631709e+01,5.959804797134453480e+01,0.000000000000000000e+00
9.797762463981912973e+00,3.344077152202630998e+01,5.959804797134452770e+01,0.000000000000000000e+00
9.605139546613735035e+00,3.343375590134409236e+01,5.956973173532190913e+01,0.000000000000000000e+00
9.605139546613735035e+00,3.343375590134409236e+01,5.956973173532190913e+01,0.000000000000000000e+00
9.605139546613735035e+00,3.343375590134409236e+01,5.956973173532190913e+01,0.000000000000000000e+00
1.020178069060599846e+01,3.315519795977321849e+01,5.938142678317455392e+01,0.000000000000000000e+00
1.020178069060600023e+01,3.315519795977322559e+01,5.938142678317455392e+01,0.000000000000000000e+00
1.020178069060599846e+01,3.315519795977322559e+01,5.938142678317455392e+01,0.000000000000000000e+00
1.041999143300139430e+01,2.793111533694311532e+01,6.043982359522797765e+01,0.000000000000000000e+00
1.041999143300139430e+01,2.793111533694311532e+01,6.043982359522799186e+01,0.000000000000000000e+00
1.041999143300139430e+01,2.793111533694311532e+01,6.043982359522797765e+01,0.000000000000000000e+00
1.007457330399915563e+01,2.815227045589895027e+01,6.037150141432913131e+01,0.000000000000000000e+00
1.007457330399915207e+01,2.815227045589895027e+01,6.037150141432913131e+01,0.000000000000000000e+00
1.007457330399915207e+01,2.815227045589895027e+01,6.037150141432913131e+01,0.000000000000000000e+00
1.113575636799643398e+01,2.853927722881086382e+01,6.029001238970754173e+01,0.000000000000000000e+00
1.113575636799643398e+01,2.853927722881086737e+01,6.029001238970754173e+01,0.000000000000000000e+00
1.113575636799643398e+01,2.853927722881086737e+01,6.029001238970754173e+01,0.000000000000000000e+00
1.048568766227169746e+01,2.872373621693224521e+01,6.029487748799875391e+01,2.118819691214380629e+00
1.048568766227169569e+01,2.872373621693224521e+01,6.029487748799875391e+01,2.118819691214380185e+00
1.048568766227169569e+01,2.872373621693224521e+01,6.029487748799875391e+01,2.118819691214380629e+00
1.105527817194654183e+01,2.891597041876672947e+01,6.033019483085208634e+01,2.655876106963993788e+00
1.105527817194654183e+01,2.891597041876672591e+01,6.033019483085208634e+01,2.655876106963993788e+00
1.105527817194654183e+01,2.891597041876672947e+01,6.033019483085208634e+01,2.655876106963993788e+00
1.117667984438067919e+01,2.953912035553979010e+01,6.036611797020670878e+01,0.000000000000000000e+00
1.117667984438067741e+01,2.953912035553979010e+01,6.036611797020670878e+01,0.000000000000000000e+00
1.117667984438067741e+01,2.953912035553978654e+01,6.036611797020672299e+01,0.000000000000000000e+00
1.131984568223246690e+01,2.950885141420995339e+01,6.040563681861908663e+01,0.000000000000000000e+00
1.131984568223246512e+01,2.950885141420996405e+01,6.040563681861908663e+01,0.000000000000000000e+00
1.131984568223246690e+01,2.950885141420996050e+01,6.040563681861908663e+01,0.000000000000000000e+00
1.199879318779756687e+01,2.943120916268988907e+01,6.078273511259402540e+01,0.000000000000000000e+00
1.199879318779756510e+01,2.943120916268988907e+01,6.078273511259402540e+01,0.000000000000000000e+00
1.199879318779756865e+01,2.943120916268988907e+01,6.078273511259401118e+01,0.000000000000000000e+00
1.265422159404852565e+01,2.877502267163123051e+01,6.119912384736050370e+01,0.000000000000000000e+00
1.265422159404852209e+01,2.877502267163123051e+01,6.119912384736051791e+01,0.000000000000000000e+00
1.265422159404852387e+01,2.877502267163123051e+01,6.119912384736050370e+01,0.000000000000000000e+00
1.285840329689706962e+01,2.918493452782244546e+01,6.175776807452071893e+01,0.000000000000000000e+00
1.285840329689706785e+01,2.918493452782245967e+01,6.175776807452071893e+01,0.000000000000000000e+00
1.285840329689706962e+01,2.918493452782245257e+01,6.175776807452072603e+01,0.000000000000000000e+00
1.223849599418667289e+01,2.968570313897842183e+01,6.248139495410350719e+01,-2.369903769848796138e+00
1.223849599418667289e+01,2.968570313897841828e+01,6.248139495410350719e+01,-2.369903769848795694e+00
1.223849599418667289e+01,2.968570313897842183e+01,6.248139495410352140e+01,-2.369903769848795694e+00
1.153372528954649923e+01,3.002469726561015051e+01,6.274341566842264228e+01,-2.597785967438738464e+00
1.153372528954649745e+01,3.002469726561015051e+01,6.274341566842264228e+01,-2.597785967438737575e+00
1.153372528954649923e+01,3.002469726561015406e+01,6.274341566842264228e+01,-2.597785967438737575e+00
1.157047478635140436e+01,3.015624996303024119e+01,6.310194875220594213e+01,-2.228321542133484101e+00
1.157047478635140436e+01,3.015624996303024119e+01,6.310194875220595634e+01,-2.228321542133484101e+00
1.157047478635140436e+01,3.015624996303024119e+01,6.310194875220594213e+01,-2.228321542133484101e+00
1.174587875665472048e+01,3.015299728360977838e+01,6.352665071033534616e+01,0.000000000000000000e+00
1.174587875665471870e+01,3.015299728360977838e+01,6.352665071033534616e+01,0.000000000000000000e+00
1.174587875665471870e+01,3.015299728360977838e+01,6.352665071033534616e+01,0.000000000000000000e+00
1.168126245827167686e+01,3.013601258795860716e+01,6.374441816078399370e+01,0.000000000000000000e+00
1.168126245827167686e+01,3.013601258795861426e+01,6.374441816078399370e+01,0.000000000000000000e+00
1.168126245827167686e+01,3.013601258795860716e+01,6.374441816078399370e+01,0.000000000000000000e+00
1.307351469681289302e+01,3.024150672299238707e+01,6.373791704632380828e+01,0.000000000000000000e+00
1.307351469681289124e+01,3.024150672299237996e+01,6.373791704632380828e+01,0.000000000000000000e+00
1.307351469681289302e+01,3.024150672299237996e+01,6.373791704632380828e+01,0.000000000000000000e+00
1.363111411934660566e+01,3.058544557580727741e+01,6.350374023995900075e+01,0.000000000000000000e+00
1.363111411934660566e+01,3.058544557580727741e+01,6.350374023995900075e+01,0.000000000000000000e+00
1.363111411934660744e+01,3.058544557580727030e+01,6.350374023995900075e+01,0.000000000000000000e+00
1.307816509479180134e+01,3.098189248495743797e+01,6.305125342519219345e+01,0.000000000000000000e+00
1.307816509479180134e+01,3.098189248495743797e+01,6.305125342519219345e+01,0.000000000000000000e+00
1.307816509479180134e+01,3.098189248495743797e+01,6.305125342519219345e+01,0.000000000000000000e+00
1.285169132151725790e+01,3.145542238202853014e+01,6.266396814707038487e+01,-2.126462376167590484e+00
1.285169132151725968e+01,3.145542238202853724e+01,6.266396814707038487e+01,-2.126462376167590929e+00
1.285169132151726146e+01,3.145542238202853014e+01,6.266396814707038487e+01,-2.126462376167590929e+00
1.279841732375889052e+01,3.196521936119488316e+01,6.237864671990873688e+01,0.000000000000000000e+00
1.279841732375889052e+01,3.196521936119488316e+01,6.237864671990872267e+01,0.000000000000000000e+00
1.279841732375889229e+01,3.196521936119487606e+01,6.237864671990873688e+01,0.000000000000000000e+00
1.221604508807395639e+01,3.229451795755301902e+01,6.159013737076635664e+01,0.000000000000000000e+00
1.221604508807395817e+01,3.229451795755301902e+01,6.159013737076635664e+01,0.000000000000000000e+00
1.221604508807395817e+01,3.229451795755301902e+01,6.159013737076635664e+01,0.000000000000000000e+00
1.262296748746603825e+01,3.247703969554334691e+01,6.097453372506852531e+01,0.000000000000000000e+00
1.262296748746604003e+01,3.247703969554334691e+01,6.097453372506853242e+01,0.000000000000000000e+00
1.262296748746604003e+01,3.247703969554334691e+01,6.097453372506853242e+01,0.000000000000000000e+00
1.367473133755833636e+01,3.362433140783844010e+01,6.051616681514049390e+01,0.000000000000000000e+00
1.367473133755833992e+01,3.362433140783845431e+01,6.051616681514049390e+01,0.000000000000000000e+00
1.367473133755833992e+01,3.362433140783844721e+01,6.051616681514049390e+01,0.000000000000000000e+00
1.410223773467438591e+01,3.407966699542683386e+01,6.010315177334684478e+01,0.000000000000000000e+00
1.410223773467438591e+01,3.407966699542684097e+01,6.010315177334684478e+01,0.000000000000000000e+00
1.410223773467438591e+01,3.407966699542684097e+01,6.010315177334684478e+01,0.000000000000000000e+00
1.314794191502510756e+01,3.446006524688534967e+01,6.005506132074685155e+01,0.000000000000000000e+00
1.314794191502511111e+01,3.446006524688534967e+01,6.005506132074686576e+01,0.000000000000000000e+00
1.314794191502511289e+01,3.446006524688534967e+01,6.005506132074685155e+01,0.000000000000000000e+00
1.238534279089333445e+01,3.404384466989818492e+01,6.000030462073383575e+01,0.000000000000000000e+00
1.238534279089333268e+01,3.404384466989817781e+01,6.000030462073384996e+01,0.000000000000000000e+00
1.238534279089333268e+01,3.404384466989818492e+01,6.000030462073384996e+01,0.000000000000000000e+00
1.094850865634397863e+01,3.404163977053622858e+01,5.993801302490427219e+01,0.000000000000000000e+00
1.094850865634398041e+01,3.404163977053622858e+01,5.993801302490426508e+01,0.000000000000000000e+00
1.094850865634397863e+01,3.404163977053622858e+01,5.993801302490427219e+01,0.000000000000000000e+00
1.083872061807610798e+01,3.400855722083930743e+01,5.990272726903107525e+01,0.000000000000000000e+00
1.083872061807610798e+01,3.400855722083931454e+01,5.990272726903106104e+01,0.000000000000000000e+00
1.083872061807610443e+01,3.400855722083930743e+01,5.990272726903107525e+01,0.000000000000000000e+00
1.011432918155662186e+01,3.371400635178643057e+01,5.995478197289607891e+01,0.000000000000000000e+00
1.011432918155662186e+01,3.371400635178641636e+01,5.995478197289607891e+01,0.000000000000000000e+00
1.011432918155662186e+01,3.371400635178641636e+01,5.995478197289607891e+01,0.000000000000000000e+00
1.067234232894221435e+01,3.361191692668798936e+01,5.998979263040742183e+01,0.000000000000000000e+00
1.067234232894221435e+01,3.361191692668798936e+01,5.998979263040742183e+01,0.000000000000000000e+00
1.067234232894221435e+01,3.361191692668799647e+01,5.998979263040742183e+01,0.000000000000000000e+00
1.035822685732457060e+01,2.787624355822090294e+01,6.099699775658728385e+01,0.000000000000000000e+00
1.035822685732457060e+01,2.787624355822090294e+01,6.099699775658728385e+01,0.000000000000000000e+00
1.035822685732457060e+01,2.787624355822090294e+01,6.099699775658728385e+01,0.000000000000000000e+00
9.973916539644733348e+00,2.838102923319907944e+01,6.098574232111732130e+01,0.000000000000000000e+00
9.973916539644733348e+00,2.838102923319908300e+01,6.098574232111732130e+01,0.000000000000000000e+00
9.973916539644735124e+00,2.838102923319907944e+01,6.098574232111732130e+01,0.000000000000000000e+00
1.082556658078654266e+01,2.841002165196659490e+01,6.083454807775507334e+01,0.000000000000000000e+00
1.082556658078654088e+01,2.841002165196659845e+01,6.083454807775508755e+01,0.000000000000000000e+00
1.082556658078654088e+01,2.841002165196659845e+01,6.083454807775507334e+01,0.000000000000000000e+00
9.756884140834158003e+00,2.886361852117101634e+01,6.082472902956973826e+01,0.000000000000000000e+00
9.756884140834158003e+00,2.886361852117101634e+01,6.082472902956973826e+01,0.000000000000000000e+00
9.756884140834158003e+00,2.886361852117101634e+01,6.082472902956973826e+01,0.000000000000000000e+00
1.003389343362699648e+01,2.911010158416964089e+01,6.069797545949569439e+01,0.000000000000000000e+00
1.003389343362699826e+01,2.911010158416963733e+01,6.069797545949570861e+01,0.000000000000000000e+00
1.003389343362699826e+01,2.911010158416964089e+01,6.069797545949569439e+01,0.000000000000000000e+00
1.038325600846200736e+01,2.920686788894350272e+01,6.077044430855114143e+01,0.000000000000000000e+00
1.038325600846200736e+01,2.920686788894350272e+01,6.077044430855115564e+01,0.000000000000000000e+00
1.038325600846200736e+01,2.920686788894350272e+01,6.077044430855113433e+01,0.000000000000000000e+00
1.086663028759565286e+01,2.935777295698469658e+01,6.076584753362992330e+01,0.000000000000000000e+00
1.086663028759565286e+01,2.935777295698469658e+01,6.076584753362992330e+01,0.000000000000000000e+00
1.086663028759565108e+01,2.935777295698468947e+01,6.076584753362992330e+01,0.000000000000000000e+00
1.146650583676904134e+01,2.895616641376473410e+01,6.098904486674940983e+01,-2.183603951140716148e+00
1.146650583676903956e+01,2.895616641376473410e+01,6.098904486674940983e+01,-2.183603951140716148e+00
1.146650583676903956e+01,2.895616641376473410e+01,6.098904486674940983e+01,-2.183603951140716148e+00
1.340968105257583431e+01,2.885912526176127457e+01,6.124617427113687995e+01,-2.354370713178229657e+00
1.340968105257583787e+01,2.885912526176127457e+01,6.124617427113687995e+01,-2.354370713178229213e+00
1.340968105257583787e+01,2.885912526176127457e+01,6.124617427113689416e+01,-2.354370713178229657e+00
1.430252014349549761e+01,2.940169526563989066e+01,6.168568104787560458e+01,-2.637436765120015902e+00
1.430252014349549938e+01,2.940169526563989066e+01,6.168568104787560458e+01,-2.637436765120015458e+00
1.430252014349549938e+01,2.940169526563989066e+01,6.168568104787560458e+01,-2.637436765120015458e+00
1.364714552974283457e+01,2.991282991219611631e+01,6.243181379706000200e+01,-2.724147329697433229e+00
1.364714552974283457e+01,2.991282991219610921e+01,6.243181379706000200e+01,-2.724147329697433229e+00
1.364714552974283279e+01,2.991282991219610921e+01,6.243181379706000200e+01,-2.724147329697433229e+00
1.255794403790069502e+01,3.025013703676654941e+01,6.264577379927427359e+01,-2.624981031017864730e+00
1.255794403790069680e+01,3.025013703676655652e+01,6.264577379927427359e+01,-2.624981031017865174e+00
1.255794403790069680e+01,3.025013703676655652e+01,6.264577379927427359e+01,-2.624981031017864730e+00
1.179208501909664975e+01,3.037317642724107358e+01,6.323561853218515694e+01,-2.328060149723254035e+00
1.179208501909665152e+01,3.037317642724107358e+01,6.323561853218517115e+01,-2.328060149723254035e+00
1.179208501909665152e+01,3.037317642724107358e+01,6.323561853218515694e+01,-2.328060149723254035e+00
1.142344564568111309e+01,3.036973212203450601e+01,6.328030268103486122e+01,0.000000000000000000e+00
1.142344564568111132e+01,3.036973212203449890e+01,6.328030268103487543e+01,0.000000000000000000e+00
1.142344564568111487e+01,3.036973212203450601e+01,6.328030268103486122e+01,0.000000000000000000e+00
1.205674806857751236e+01,3.033786458396616936e+01,6.355718875049608130e+01,0.000000000000000000e+00
1.205674806857751236e+01,3.033786458396616936e+01,6.355718875049608130e+01,0.000000000000000000e+00
1.205674806857751236e+01,3.033786458396616936e+01,6.355718875049608130e+01,0.000000000000000000e+00
1.389841084224752876e+01,3.041453841056309315e+01,6.354741928249309524e+01,0.000000000000000000e+00
1.389841084224752876e+01,3.041453841056309315e+01,6.354741928249309524e+01,0.000000000000000000e+00
1.389841084224752876e+01,3.041453841056309315e+01,6.354741928249310234e+01,0.000000000000000000e+00
1.499114512193502335e+01,3.064886657715572227e+01,6.324593064038435841e+01,0.000000000000000000e+00
1.499114512193502335e+01,3.064886657715572227e+01,6.324593064038434420e+01,0.000000000000000000e+00
1.499114512193502335e+01,3.064886657715572227e+01,6.324593064038435841e+01,0.000000000000000000e+00
1.479422779251522613e+01,3.102730382000386911e+01,6.318599489139074876e+01,0.000000000000000000e+00
1.479422779251522435e+01,3.102730382000387266e+01,6.318599489139074876e+01,0.000000000000000000e+00
1.479422779251522435e+01,3.102730382000387266e+01,6.318599489139074876e+01,0.000000000000000000e+00
1.452001282544314265e+01,3.153827387354795775e+01,6.255097353993853204e+01,-2.318982565789135197e+00
1.452001282544314265e+01,3.153827387354795775e+01,6.255097353993854625e+01,-2.318982565789135197e+00
1.452001282544314265e+01,3.153827387354795775e+01,6.255097353993853204e+01,-2.318982565789135197e+00
1.410856255454485009e+01,3.201351953442296150e+01,6.231497182804369572e+01,0.000000000000000000e+00
1.410856255454484653e+01,3.201351953442296150e+01,6.231497182804369572e+01,0.000000000000000000e+00
1.410856255454485009e+01,3.201351953442296150e+01,6.231497182804369572e+01,0.000000000000000000e+00
1.355208177212283971e+01,3.225829017532689136e+01,6.149908292428321488e+01,0.000000000000000000e+00
1.355208177212284149e+01,3.225829017532689136e+01,6.149908292428321488e+01,0.000000000000000000e+00
1.355208177212284149e+01,3.225829017532689136e+01,6.149908292428321488e+01,0.000000000000000000e+00
1.352158732658195461e+01,3.222431652458165985e+01,6.101194547820191616e+01,0.000000000000000000e+00
1.352158732658195461e+01,3.222431652458165985e+01,6.101194547820191616e+01,0.000000000000000000e+00
1.352158732658195461e+01,3.222431652458165985e+01,6.101194547820191616e+01,0.000000000000000000e+00
1.413245686467850959e+01,3.279212434086914385e+01,6.072908188904563076e+01,0.000000000000000000e+00
1.413245686467851137e+01,3.279212434086914385e+01,6.072908188904564497e+01,0.000000000000000000e+00
1.413245686467850959e+01,3.279212434086914385e+01,6.072908188904564497e+01,0.000000000000000000e+00
1.430769756399162240e+01,3.371358392575259444e+01,6.048036425811341132e+01,0.000000000000000000e+00
1.430769756399161707e+01,3.371358392575260154e+01,6.048036425811341132e+01,0.000000000000000000e+00
1.430769756399161885e+01,3.371358392575260154e+01,6.048036425811341132e+01,0.000000000000000000e+00
1.371295552627051073e+01,3.398066807494518571e+01,6.046891513294276166e+01,0.000000000000000000e+00
1.371295552627050895e+01,3.398066807494518571e+01,6.046891513294276166e+01,0.000000000000000000e+00
1.371295552627050895e+01,3.398066807494518571e+01,6.046891513294276166e+01,0.000000000000000000e+00
1.257594648713504704e+01,3.422475289282785127e+01,6.036438283762338841e+01,0.000000000000000000e+00
1.257594648713504704e+01,3.422475289282785127e+01,6.036438283762338131e+01,0.000000000000000000e+00
1.257594648713504704e+01,3.422475289282785127e+01,6.036438283762338131e+01,0.000000000000000000e+00
1.131558525809466431e+01,3.422650497694911564e+01,6.046481862286810838e+01,0.000000000000000000e+00
1.131558525809466431e+01,3.422650497694911564e+01,6.046481862286810838e+01,0.000000000000000000e+00
1.131558525809466431e+01,3.422650497694912275e+01,6.046481862286810127e+01,0.000000000000000000e+00
1.178362840959879954e+01,3.392725841955022759e+01,6.043626872416923845e+01,0.000000000000000000e+00
1.178362840959879954e+01,3.392725841955022048e+01,6.043626872416925266e+01,0.000000000000000000e+00
1.178362840959880131e+01,3.392725841955022048e+01,6.043626872416925266e+01,0.000000000000000000e+00
1.070325731800011759e+01,3.411607400829837644e+01,6.055276981825868177e+01,0.000000000000000000e+00
1.070325731800011759e+01,3.411607400829837644e+01,6.055276981825868177e+01,0.000000000000000000e+00
1.070325731800011759e+01,3.411607400829837644e+01,6.055276981825868177e+01,0.000000000000000000e+00
1.123672930803254211e+01,3.372417936155993345e+01,6.052181456486624711e+01,0.000000000000000000e+00
1.123672930803254211e+01,3.372417936155993345e+01,6.052181456486624711e+01,0.000000000000000000e+00
1.123672930803254211e+01,3.372417936155993345e+01,6.052181456486624711e+01,0.000000000000000000e+00
1.079130556945678876e+01,2.806764606262757766e+01,6.146234960515320012e+01,0.000000000000000000e+00
1.079130556945678876e+01,2.806764606262757766e+01,6.146234960515320012e+01,0.000000000000000000e+00
1.079130556945678876e+01,2.806764606262757766e+01,6.146234960515320012e+01,0.000000000000000000e+00
1.068936606933134925e+01,2.836080442585585004e+01,6.144675230927268927e+01,0.000000000000000000e+00
1.068936606933134748e+01,2.836080442585584294e+01,6.144675230927268927e+01,0.000000000000000000e+00
1.068936606933134925e+01,2.836080442585584294e+01,6.144675230927268927e+01,0.000000000000000000e+00
1.199147501698869256e+01,2.874481786383334736e+01,6.144691936065715510e+01,0.000000000000000000e+00
1.199147501698869256e+01,2.874481786383334736e+01,6.144691936065715510e+01,0.000000000000000000e+00
1.199147501698869434e+01,2.874481786383334381e+01,6.144691936065715510e+01,0.000000000000000000e+00
1.117004630278808186e+01,2.856925340832057714e+01,6.153190391632789158e+01,0.000000000000000000e+00
1.117004630278808186e+01,2.856925340832057003e+01,6.153190391632787737e+01,0.000000000000000000e+00
1.117004630278808364e+01,2.856925340832057714e+01,6.153190391632789158e+01,0.000000000000000000e+00
1.116531851038015333e+01,2.910895387492549702e+01,6.139529109659404327e+01,0.000000000000000000e+00
1.116531851038015510e+01,2.910895387492549347e+01,6.139529109659404327e+01,0.000000000000000000e+00
1.116531851038015333e+01,2.910895387492549702e+01,6.139529109659404327e+01,0.000000000000000000e+00
1.039234049748983146e+01,2.880689189691388563e+01,6.137459544887916962e+01,0.000000000000000000e+00
1.039234049748983146e+01,2.880689189691388208e+01,6.137459544887916962e+01,0.000000000000000000e+00
1.039234049748982969e+01,2.880689189691388563e+01,6.137459544887916962e+01,0.000000000000000000e+00
1.027740086375141360e+01,2.851185220575726120e+01,6.117662231372163006e+01,-2.640785015315895379e+00
1.027740086375141360e+01,2.851185220575726120e+01,6.117662231372163006e+01,-2.640785015315894491e+00
1.027740086375141360e+01,2.851185220575726120e+01,6.117662231372163006e+01,-2.640785015315894491e+00
1.174626626958152897e+01,2.865547161536927234e+01,6.122931065223308167e+01,-2.750969479087415070e+00
1.174626626958152897e+01,2.865547161536926879e+01,6.122931065223306746e+01,-2.750969479087415070e+00
1.174626626958153253e+01,2.865547161536926879e+01,6.122931065223306746e+01,-2.750969479087415070e+00
1.474368473445515981e+01,2.887277871043084332e+01,6.155643842254435327e+01,-2.295515770188755855e+00
1.474368473445515981e+01,2.887277871043084332e+01,6.155643842254436748e+01,-2.295515770188755855e+00
1.474368473445515981e+01,2.887277871043084332e+01,6.155643842254436748e+01,-2.295515770188755411e+00
1.553979720100424622e+01,2.947879138706250757e+01,6.190162795382124017e+01,-2.415328942093887488e+00
1.553979720100424977e+01,2.947879138706250757e+01,6.190162795382124017e+01,-2.415328942093887488e+00
1.553979720100424622e+01,2.947879138706250757e+01,6.190162795382124017e+01,-2.415328942093887488e+00
1.503311574277567786e+01,3.005094103550363371e+01,6.210816076440065103e+01,-2.239078086799892731e+00
1.503311574277567786e+01,3.005094103550363371e+01,6.210816076440065103e+01,-2.239078086799892731e+00
1.503311574277567786e+01,3.005094103550363371e+01,6.210816076440065103e+01,-2.239078086799892731e+00
1.440055038090562256e+01,3.041885341918696639e+01,6.256380077240368820e+01,0.000000000000000000e+00
1.440055038090562256e+01,3.041885341918695929e+01,6.256380077240368820e+01,0.000000000000000000e+00
1.440055038090561901e+01,3.041885341918696639e+01,6.256380077240368820e+01,0.000000000000000000e+00
1.351215189034894948e+01,3.052760152989438680e+01,6.296496889229286609e+01,0.000000000000000000e+00
1.351215189034894948e+01,3.052760152989438680e+01,6.296496889229286609e+01,0.000000000000000000e+00
1.351215189034894948e+01,3.052760152989438680e+01,6.296496889229286609e+01,0.000000000000000000e+00
1.216454715418905330e+01,3.046451182699149385e+01,6.306850864616828289e+01,0.000000000000000000e+00
1.216454715418905330e+01,3.046451182699149385e+01,6.306850864616828289e+01,0.000000000000000000e+00
1.216454715418905330e+01,3.046451182699149385e+01,6.306850864616828289e+01,0.000000000000000000e+00
1.304753036936001820e+01,3.039919266984191282e+01,6.314406208815243815e+01,0.000000000000000000e+00
1.304753036936001820e+01,3.039919266984191637e+01,6.314406208815243815e+01,0.000000000000000000e+00
1.304753036936001820e+01,3.039919266984191637e+01,6.314406208815243815e+01,0.000000000000000000e+00
1.422816989880336180e+01,3.041668356401421036e+01,6.312638026783452005e+01,0.000000000000000000e+00
1.422816989880335647e+01,3.041668356401421036e+01,6.312638026783452005e+01,0.000000000000000000e+00
1.422816989880336180e+01,3.041668356401421036e+01,6.312638026783450584e+01,0.000000000000000000e+00
1.475894068183590058e+01,3.055652487948592366e+01,6.301761950779408750e+01,0.000000000000000000e+00
1.475894068183590058e+01,3.055652487948592366e+01,6.301761950779408750e+01,0.000000000000000000e+00
1.475894068183590413e+01,3.055652487948592366e+01,6.301761950779408750e+01,0.000000000000000000e+00
1.552349283051705342e+01,3.093655005453926776e+01,6.288630544635724107e+01,0.000000000000000000e+00
1.552349283051705342e+01,3.093655005453926066e+01,6.288630544635724107e+01,0.000000000000000000e+00
1.552349283051705342e+01,3.093655005453926066e+01,6.288630544635724107e+01,0.000000000000000000e+00
1.547439893680088829e+01,3.145380019815862838e+01,6.244369159969947702e+01,-2.498225472617325860e+00
1.547439893680088829e+01,3.145380019815862838e+01,6.244369159969947702e+01,-2.498225472617325860e+00
1.547439893680089185e+01,3.145380019815862838e+01,6.244369159969946281e+01,-2.498225472617325860e+00
1.516063816611626613e+01,3.195875847471362974e+01,6.194165652355492568e+01,-2.338836431904309343e+00
1.516063816611626613e+01,3.195875847471362974e+01,6.194165652355492568e+01,-2.338836431904309343e+00
1.516063816611626258e+01,3.195875847471362263e+01,6.194165652355492568e+01,-2.338836431904309343e+00
1.496579195877031054e+01,3.220214762985589374e+01,6.170542012207938143e+01,0.000000000000000000e+00
1.496579195877031054e+01,3.220214762985590085e+01,6.170542012207939564e+01,0.000000000000000000e+00
1.496579195877031232e+01,3.220214762985590085e+01,6.170542012207938143e+01,0.000000000000000000e+00
1.465121358251502492e+01,3.209295764168845722e+01,6.132186968267271254e+01,0.000000000000000000e+00
1.465121358251502670e+01,3.209295764168845722e+01,6.132186968267271254e+01,0.000000000000000000e+00
1.465121358251502670e+01,3.209295764168845722e+01,6.132186968267271254e+01,0.000000000000000000e+00
1.469008851945619831e+01,3.233260986500231837e+01,6.096030456972998479e+01,0.000000000000000000e+00
1.469008851945620009e+01,3.233260986500231837e+01,6.096030456972999900e+01,0.000000000000000000e+00
1.469008851945620009e+01,3.233260986500231837e+01,6.096030456972998479e+01,0.000000000000000000e+00
1.424631099171683957e+01,3.270830007484833857e+01,6.088792614467688935e+01,0.000000000000000000e+00
1.424631099171683957e+01,3.270830007484833146e+01,6.088792614467688935e+01,0.000000000000000000e+00
1.424631099171683957e+01,3.270830007484833146e+01,6.088792614467688935e+01,0.000000000000000000e+00
1.318254322255686795e+01,3.353495760001519699e+01,6.106980970088242344e+01,0.000000000000000000e+00
1.318254322255686972e+01,3.353495760001519699e+01,6.106980970088242344e+01,0.000000000000000000e+00
1.318254322255686617e+01,3.353495760001519699e+01,6.106980970088242344e+01,0.000000000000000000e+00
1.232557953363970071e+01,3.429251760411197836e+01,6.105309602370034838e+01,0.000000000000000000e+00
1.232557953363970071e+01,3.429251760411197836e+01,6.105309602370034838e+01,0.000000000000000000e+00
1.232557953363970071e+01,3.429251760411197836e+01,6.105309602370034838e+01,0.000000000000000000e+00
1.196354840308630507e+01,3.397860703246610115e+01,6.115197276149814343e+01,0.000000000000000000e+00
1.196354840308630507e+01,3.397860703246610115e+01,6.115197276149814343e+01,0.000000000000000000e+00
1.196354840308630507e+01,3.397860703246610115e+01,6.115197276149814343e+01,0.000000000000000000e+00
1.252468980684553657e+01,3.449953226051007249e+01,6.101714794810350639e+01,0.000000000000000000e+00
1.252468980684553657e+01,3.449953226051007249e+01,6.101714794810350639e+01,0.000000000000000000e+00
1.252468980684553657e+01,3.449953226051006538e+01,6.101714794810350639e+01,0.000000000000000000e+00
1.142341369277502672e+01,3.431580088430992959e+01,6.096999569171853750e+01,0.000000000000000000e+00
1.142341369277502849e+01,3.431580088430993669e+01,6.096999569171853750e+01,0.000000000000000000e+00
1.142341369277502849e+01,3.431580088430993669e+01,6.096999569171853750e+01,0.000000000000000000e+00
1.177397165843510862e+01,3.423804334106920066e+01,6.093938455743840166e+01,0.000000000000000000e+00
1.177397165843510862e+01,3.423804334106920066e+01,6.093938455743840166e+01,0.000000000000000000e+00
1.177397165843511040e+01,3.423804334106920066e+01,6.093938455743840166e+01,0.000000000000000000e+00
1.156314988080783657e+01,2.785440809533118411e+01,6.188517203844553904e+01,0.000000000000000000e+00
1.156314988080784012e+01,2.785440809533118411e+01,6.188517203844553904e+01,0.000000000000000000e+00
1.156314988080784012e+01,2.785440809533117701e+01,6.188517203844553904e+01,0.000000000000000000e+00
1.190177614618362334e+01,2.783982646978605047e+01,6.192693157714384000e+01,0.000000000000000000e+00
1.190177614618362689e+01,2.783982646978605047e+01,6.192693157714384000e+01,0.000000000000000000e+00
1.190177614618362689e+01,2.783982646978605047e+01,6.192693157714384000e+01,0.000000000000000000e+00
1.369516849848536566e+01,2.839062266177136351e+01,6.192347657295245966e+01,0.000000000000000000e+00
1.369516849848536211e+01,2.839062266177136351e+01,6.192347657295244545e+01,0.000000000000000000e+00
1.369516849848536211e+01,2.839062266177136351e+01,6.192347657295245966e+01,0.000000000000000000e+00
1.382638714361508470e+01,2.858943844222667252e+01,6.206771045382905783e+01,0.000000000000000000e+00
1.382638714361508114e+01,2.858943844222666897e+01,6.206771045382907204e+01,0.000000000000000000e+00
1.382638714361508114e+01,2.858943844222667252e+01,6.206771045382905783e+01,0.000000000000000000e+00
1.360842908819333985e+01,2.831021178532726879e+01,6.195378100275882360e+01,0.000000000000000000e+00
1.360842908819334163e+01,2.831021178532727589e+01,6.195378100275882360e+01,0.000000000000000000e+00
1.360842908819333985e+01,2.831021178532726879e+01,6.195378100275882360e+01,0.000000000000000000e+00
1.235059211187430428e+01,2.859936270376887180e+01,6.179725599723087015e+01,-2.700427935972039784e+00
1.235059211187430428e+01,2.859936270376887180e+01,6.179725599723087015e+01,-2.700427935972039784e+00
1.235059211187430428e+01,2.859936270376887180e+01,6.179725599723087015e+01,-2.700427935972039784e+00
1.142225214041964598e+01,2.849319056919643955e+01,6.175207179117416700e+01,-3.115885034351442595e+00
1.142225214041964776e+01,2.849319056919643955e+01,6.175207179117415279e+01,-3.115885034351442151e+00
1.142225214041964776e+01,2.849319056919644666e+01,6.175207179117415279e+01,-3.115885034351442151e+00
1.265879625423394828e+01,2.883430077437147432e+01,6.166817412314304647e+01,-2.732842674506818170e+00
1.265879625423394828e+01,2.883430077437146721e+01,6.166817412314304647e+01,-2.732842674506817282e+00
1.265879625423394828e+01,2.883430077437147432e+01,6.166817412314304647e+01,-2.732842674506817282e+00
1.525622236374327301e+01,2.913928440657830166e+01,6.189214021369938479e+01,0.000000000000000000e+00
1.525622236374327123e+01,2.913928440657830876e+01,6.189214021369939189e+01,0.000000000000000000e+00
1.525622236374327301e+01,2.913928440657830876e+01,6.189214021369938479e+01,0.000000000000000000e+00
1.597010196279995320e+01,2.984375068508881768e+01,6.203354640857558877e+01,0.000000000000000000e+00
1.597010196279995320e+01,2.984375068508881768e+01,6.203354640857558877e+01,0.000000000000000000e+00
1.597010196279995142e+01,2.984375068508881057e+01,6.203354640857558877e+01,0.000000000000000000e+00
1.571999262878738257e+01,3.048497427496631573e+01,6.199225645449220679e+01,0.000000000000000000e+00
1.571999262878738612e+01,3.048497427496631573e+01,6.199225645449222100e+01,0.000000000000000000e+00
1.571999262878738435e+01,3.048497427496631573e+01,6.199225645449222100e+01,0.000000000000000000e+00
1.573413613527299582e+01,3.088321908239709401e+01,6.234416386398240917e+01,0.000000000000000000e+00
1.573413613527299582e+01,3.088321908239709401e+01,6.234416386398240917e+01,0.000000000000000000e+00
1.573413613527299582e+01,3.088321908239710112e+01,6.234416386398242338e+01,0.000000000000000000e+00
1.465601146019156253e+01,3.103605496736620850e+01,6.247298645502677061e+01,0.000000000000000000e+00
1.465601146019156609e+01,3.103605496736620850e+01,6.247298645502677061e+01,0.000000000000000000e+00
1.465601146019156253e+01,3.103605496736620850e+01,6.247298645502677061e+01,0.000000000000000000e+00
1.259784316976922192e+01,3.097982312068223365e+01,6.261462216478383169e+01,0.000000000000000000e+00
1.259784316976922014e+01,3.097982312068224076e+01,6.261462216478383169e+01,0.000000000000000000e+00
1.259784316976922192e+01,3.097982312068224076e+01,6.261462216478383169e+01,0.000000000000000000e+00
1.354152393661998310e+01,3.087910513440714766e+01,6.252149931428787255e+01,0.000000000000000000e+00
1.354152393661998133e+01,3.087910513440714766e+01,6.252149931428787255e+01,0.000000000000000000e+00
1.354152393661998666e+01,3.087910513440714766e+01,6.252149931428787255e+01,0.000000000000000000e+00
1.497777531090698488e+01,3.086958331477631035e+01,6.248901075828885610e+01,0.000000000000000000e+00
1.497777531090698311e+01,3.086958331477631035e+01,6.248901075828885610e+01,0.000000000000000000e+00
1.497777531090698311e+01,3.086958331477631745e+01,6.248901075828885610e+01,0.000000000000000000e+00
1.605941627390020798e+01,3.099574287718750298e+01,6.252656334575669206e+01,0.000000000000000000e+00
1.605941627390020798e+01,3.099574287718751009e+01,6.252656334575669206e+01,0.000000000000000000e+00
1.605941627390020798e+01,3.099574287718750298e+01,6.252656334575669206e+01,0.000000000000000000e+00
1.732191782194232132e+01,3.137566502373551458e+01,6.233340488882338803e+01,0.000000000000000000e+00
1.732191782194232132e+01,3.137566502373551458e+01,6.233340488882339514e+01,0.000000000000000000e+00
1.732191782194232488e+01,3.137566502373551458e+01,6.233340488882338803e+01,0.000000000000000000e+00
1.708229468628952219e+01,3.191562740898060824e+01,6.216589713353040736e+01,-2.287696134408154336e+00
1.708229468628952219e+01,3.191562740898060113e+01,6.216589713353040736e+01,-2.287696134408154336e+00
1.708229468628952219e+01,3.191562740898060113e+01,6.216589713353040736e+01,-2.287696134408154336e+00
1.567753581734757518e+01,3.245262668398960670e+01,6.176364702404033835e+01,-2.229610575721105992e+00
1.567753581734757340e+01,3.245262668398959960e+01,6.176364702404033835e+01,-2.229610575721105992e+00
1.567753581734757340e+01,3.245262668398959960e+01,6.176364702404033835e+01,-2.229610575721105992e+00
1.456878369380621585e+01,3.270845118467626378e+01,6.179410523288828472e+01,0.000000000000000000e+00
1.456878369380621585e+01,3.270845118467626378e+01,6.179410523288828472e+01,0.000000000000000000e+00
1.456878369380621585e+01,3.270845118467626378e+01,6.179410523288828472e+01,0.000000000000000000e+00
1.434209224875077560e+01,3.263367363439083846e+01,6.163393258451804257e+01,0.000000000000000000e+00
1.434209224875077560e+01,3.263367363439083135e+01,6.163393258451804257e+01,0.000000000000000000e+00
1.434209224875077382e+01,3.263367363439083846e+01,6.163393258451804257e+01,0.000000000000000000e+00
1.483713520233268035e+01,3.286679849134452525e+01,6.137769772783007483e+01,0.000000000000000000e+00
1.483713520233268213e+01,3.286679849134452525e+01,6.137769772783007483e+01,0.000000000000000000e+00
1.483713520233268213e+01,3.286679849134452525e+01,6.137769772783007483e+01,0.000000000000000000e+00
1.397698087863694560e+01,3.299306602503489927e+01,6.143892553541716950e+01,0.000000000000000000e+00
1.397698087863694205e+01,3.299306602503489216e+01,6.143892553541715529e+01,0.000000000000000000e+00
1.397698087863694205e+01,3.299306602503489927e+01,6.143892553541715529e+01,0.000000000000000000e+00
1.253966145954413491e+01,3.356946338433370158e+01,6.144734552847125286e+01,0.000000000000000000e+00
1.253966145954413669e+01,3.356946338433370158e+01,6.144734552847125286e+01,0.000000000000000000e+00
1.253966145954413669e+01,3.356946338433370158e+01,6.144734552847125286e+01,0.000000000000000000e+00
1.175755187646631050e+01,3.358025987462222872e+01,6.156402759790692869e+01,0.000000000000000000e+00
1.175755187646630873e+01,3.358025987462222872e+01,6.156402759790694290e+01,0.000000000000000000e+00
1.175755187646631050e+01,3.358025987462222872e+01,6.156402759790694290e+01,0.000000000000000000e+00
1.188991555967478853e+01,3.427127901983727298e+01,6.163158525598517912e+01,0.000000000000000000e+00
1.188991555967478853e+01,3.427127901983727298e+01,6.163158525598517912e+01,0.000000000000000000e+00
1.188991555967478853e+01,3.427127901983727298e+01,6.163158525598517912e+01,0.000000000000000000e+00
1.337169519287533959e+01,3.436496074473885187e+01,6.143213294711256367e+01,0.000000000000000000e+00
1.337169519287534136e+01,3.436496074473884477e+01,6.143213294711256367e+01,0.000000000000000000e+00
1.337169519287534136e+01,3.436496074473884477e+01,6.143213294711256367e+01,0.000000000000000000e+00
1.240257795730506096e+01,3.400515464463632043e+01,6.138518129511943755e+01,0.000000000000000000e+00
1.240257795730506096e+01,3.400515464463632043e+01,6.138518129511943755e+01,0.000000000000000000e+00
1.240257795730506096e+01,3.400515464463632043e+01,6.138518129511943755e+01,0.000000000000000000e+00
1.237619232118264456e+01,3.436122290853843708e+01,6.129345701631918786e+01,0.000000000000000000e+00
1.237619232118264634e+01,3.436122290853843708e+01,6.129345701631917365e+01,0.000000000000000000e+00
1.237619232118264812e+01,3.436122290853842998e+01,6.129345701631918786e+01,0.000000000000000000e+00
1.229540598679981045e+01,2.745663639312118320e+01,6.234163976978703658e+01,0.000000000000000000e+00
1.229540598679981400e+01,2.745663639312119031e+01,6.234163976978703658e+01,0.000000000000000000e+00
1.229540598679981578e+01,2.745663639312118320e+01,6.234163976978703658e+01,0.000000000000000000e+00
1.286259324070616827e+01,2.769567837822508594e+01,6.241491446695842882e+01,0.000000000000000000e+00
1.286259324070616827e+01,2.769567837822508594e+01,6.241491446695842882e+01,0.000000000000000000e+00
1.286259324070616472e+01,2.769567837822508594e+01,6.241491446695842882e+01,0.000000000000000000e+00
1.461168670180886586e+01,2.775006124611290304e+01,6.250760996546768666e+01,0.000000000000000000e+00
1.461168670180886586e+01,2.775006124611289948e+01,6.250760996546769377e+01,0.000000000000000000e+00
1.461168670180886586e+01,2.775006124611289948e+01,6.250760996546768666e+01,0.000000000000000000e+00
1.456331950573949996e+01,2.807431832344340350e+01,6.241691242510826498e+01,0.000000000000000000e+00
1.456331950573949996e+01,2.807431832344339639e+01,6.241691242510826498e+01,0.000000000000000000e+00
1.456331950573949996e+01,2.807431832344339639e+01,6.241691242510826498e+01,0.000000000000000000e+00
1.458364773818473914e+01,2.815256521122176636e+01,6.239112128970815263e+01,-2.469003607259123712e+00
1.458364773818474092e+01,2.815256521122176636e+01,6.239112128970815263e+01,-2.469003607259123712e+00
1.458364773818473914e+01,2.815256521122176281e+01,6.239112128970816684e+01,-2.469003607259123712e+00
1.419711789297551796e+01,2.865678107818993681e+01,6.247817877019910782e+01,-2.930927723363783599e+00
1.419711789297552151e+01,2.865678107818993681e+01,6.247817877019910782e+01,-2.930927723363784487e+00
1.419711789297551796e+01,2.865678107818993681e+01,6.247817877019910782e+01,-2.930927723363783599e+00
1.396697916341729062e+01,2.856919326913654800e+01,6.253130111900140520e+01,-2.738600985771211249e+00
1.396697916341729417e+01,2.856919326913655510e+01,6.253130111900140520e+01,-2.738600985771210805e+00
1.396697916341729062e+01,2.856919326913654800e+01,6.253130111900140520e+01,-2.738600985771210805e+00
1.460323315171540237e+01,2.892455187256667415e+01,6.245019285245843577e+01,-1.987696931440575909e+00
1.460323315171540592e+01,2.892455187256667415e+01,6.245019285245843577e+01,-1.987696931440575909e+00
1.460323315171540592e+01,2.892455187256667415e+01,6.245019285245842866e+01,-1.987696931440575909e+00
1.580096809181287654e+01,2.927109559845067110e+01,6.211025792184310035e+01,0.000000000000000000e+00
1.580096809181288009e+01,2.927109559845067110e+01,6.211025792184310035e+01,0.000000000000000000e+00
1.580096809181287654e+01,2.927109559845067110e+01,6.211025792184310035e+01,0.000000000000000000e+00
1.623884845414173128e+01,3.003384454283927241e+01,6.199799159354022748e+01,0.000000000000000000e+00
1.623884845414173128e+01,3.003384454283926530e+01,6.199799159354022748e+01,0.000000000000000000e+00
1.623884845414173128e+01,3.003384454283926530e+01,6.199799159354022748e+01,0.000000000000000000e+00
1.678924352263047481e+01,3.076075829042839871e+01,6.234041281708115179e+01,0.000000000000000000e+00
1.678924352263047481e+01,3.076075829042839871e+01,6.234041281708115179e+01,0.000000000000000000e+00
1.678924352263047837e+01,3.076075829042839871e+01,6.234041281708115179e+01,0.000000000000000000e+00
1.743585670111161789e+01,3.122500882669342204e+01,6.206897791745856807e+01,0.000000000000000000e+00
1.743585670111161789e+01,3.122500882669342204e+01,6.206897791745858228e+01,0.000000000000000000e+00
1.743585670111161789e+01,3.122500882669342204e+01,6.206897791745859649e+01,0.000000000000000000e+00
1.603977591619385734e+01,3.143015996663299916e+01,6.188897753436260274e+01,0.000000000000000000e+00
1.603977591619385379e+01,3.143015996663300626e+01,6.188897753436260274e+01,0.000000000000000000e+00
1.603977591619385734e+01,3.143015996663300626e+01,6.188897753436260274e+01,0.000000000000000000e+00
1.373496506665527406e+01,3.145896245737871055e+01,6.204775786003525440e+01,0.000000000000000000e+00
1.373496506665527406e+01,3.145896245737871055e+01,6.204775786003526861e+01,0.000000000000000000e+00
1.373496506665527406e+01,3.145896245737871766e+01,6.204775786003526861e+01,0.000000000000000000e+00
1.451567030298150307e+01,3.140918267355578308e+01,6.185322524018530999e+01,0.000000000000000000e+00
1.451567030298149952e+01,3.140918267355578308e+01,6.185322524018531709e+01,0.000000000000000000e+00
1.451567030298149952e+01,3.140918267355578308e+01,6.185322524018531709e+01,0.000000000000000000e+00
1.652663718762662270e+01,3.141559063897646809e+01,6.179772322827066944e+01,0.000000000000000000e+00
1.652663718762661915e+01,3.141559063897646809e+01,6.179772322827068365e+01,0.000000000000000000e+00
1.652663718762662270e+01,3.141559063897646809e+01,6.179772322827066944e+01,0.000000000000000000e+00
1.832106875291151482e+01,3.153284125304277907e+01,6.189616889751025752e+01,0.000000000000000000e+00
1.832106875291151482e+01,3.153284125304277907e+01,6.189616889751026463e+01,0.000000000000000000e+00
1.832106875291151482e+01,3.153284125304277552e+01,6.189616889751025752e+01,0.000000000000000000e+00
1.861110207073194545e+01,3.192523061426621211e+01,6.164590444936236224e+01,0.000000000000000000e+00
1.861110207073194545e+01,3.192523061426621211e+01,6.164590444936237645e+01,0.000000000000000000e+00
1.861110207073194189e+01,3.192523061426621211e+01,6.164590444936237645e+01,0.000000000000000000e+00
1.796856213014026338e+01,3.251000363695531092e+01,6.178839927610597016e+01,0.000000000000000000e+00
1.796856213014025982e+01,3.251000363695531092e+01,6.178839927610597016e+01,0.000000000000000000e+00
1.796856213014025982e+01,3.251000363695531092e+01,6.178839927610597016e+01,0.000000000000000000e+00
1.615767630525910548e+01,3.305004697849628315e+01,6.205361271220121466e+01,0.000000000000000000e+00
1.615767630525910548e+01,3.305004697849628315e+01,6.205361271220120045e+01,0.000000000000000000e+00
1.615767630525910548e+01,3.305004697849628315e+01,6.205361271220121466e+01,0.000000000000000000e+00
1.379198768915140860e+01,3.332754790758259134e+01,6.166994437446486188e+01,0.000000000000000000e+00
1.379198768915140860e+01,3.332754790758259134e+01,6.166994437446487609e+01,0.000000000000000000e+00
1.379198768915140860e+01,3.332754790758259134e+01,6.166994437446486188e+01,0.000000000000000000e+00
1.261114578248269424e+01,3.328644240024866008e+01,6.178043169833181025e+01,0.000000000000000000e+00
1.261114578248269424e+01,3.328644240024866008e+01,6.178043169833181025e+01,0.000000000000000000e+00
1.261114578248269424e+01,3.328644240024866008e+01,6.178043169833181025e+01,0.000000000000000000e+00
1.316223768794782956e+01,3.354732703981850506e+01,6.211484912041631645e+01,0.000000000000000000e+00
1.316223768794782778e+01,3.354732703981851216e+01,6.211484912041631645e+01,0.000000000000000000e+00
1.316223768794782778e+01,3.354732703981851216e+01,6.211484912041631645e+01,0.000000000000000000e+00
1.266673382077831889e+01,3.365792110947349869e+01,6.215956762437796357e+01,0.000000000000000000e+00
1.266673382077832244e+01,3.365792110947349869e+01,6.215956762437796357e+01,0.000000000000000000e+00
1.266673382077831889e+01,3.365792110947349869e+01,6.215956762437796357e+01,0.000000000000000000e+00
1.194661835627828417e+01,3.416451744313381056e+01,6.205709672969237545e+01,0.000000000000000000e+00
1.194661835627828594e+01,3.416451744313381056e+01,6.205709672969237545e+01,0.000000000000000000e+00
1.194661835627828239e+01,3.416451744313381056e+01,6.205709672969237545e+01,0.000000000000000000e+00
1.128766927777113516e+01,3.385663932824336086e+01,6.191641974320346975e+01,0.000000000000000000e+00
1.128766927777113516e+01,3.385663932824336086e+01,6.191641974320346975e+01,0.000000000000000000e+00
1.128766927777113338e+01,3.385663932824336086e+01,6.191641974320346975e+01,0.000000000000000000e+00
1.130244905732270944e+01,3.409052482236852200e+01,6.188998780800230293e+01,0.000000000000000000e+00
1.130244905732270766e+01,3.409052482236852200e+01,6.188998780800228872e+01,0.000000000000000000e+00
1.130244905732270766e+01,3.409052482236852910e+01,6.188998780800230293e+01,0.000000000000000000e+00
1.319311130792641507e+01,3.404562375608225011e+01,6.192958376717799496e+01,0.000000000000000000e+00
1.319311130792641862e+01,3.404562375608225011e+01,6.192958376717799496e+01,0.000000000000000000e+00
1.319311130792641507e+01,3.404562375608225011e+01,6.192958376717799496e+01,0.000000000000000000e+00
1.240516875641326067e+01,3.435729950821559697e+01,6.178366050660493869e+01,0.000000000000000000e+00
1.240516875641326067e+01,3.435729950821559697e+01,6.178366050660493869e+01,0.000000000000000000e+00
1.240516875641326067e+01,3.435729950821559697e+01,6.178366050660493869e+01,0.000000000000000000e+00
1.259157179362087575e+01,3.440620175909155165e+01,6.166000390002622566e+01,0.000000000000000000e+00
1.259157179362087398e+01,3.440620175909155165e+01,6.166000390002621145e+01,0.000000000000000000e+00
1.259157179362087220e+01,3.440620175909155165e+01,6.166000390002621145e+01,0.000000000000000000e+00
1.270133295322355060e+01,2.696135940518999163e+01,6.293118346962721432e+01,0.000000000000000000e+00
1.270133295322355060e+01,2.696135940518999874e+01,6.293118346962721432e+01,0.000000000000000000e+00
1.270133295322355416e+01,2.696135940518999163e+01,6.293118346962721432e+01,0.000000000000000000e+00
1.332180819575598107e+01,2.751770748130559241e+01,6.292672061901765090e+01,0.000000000000000000e+00
1.332180819575598107e+01,2.751770748130559241e+01,6.292672061901765090e+01,0.000000000000000000e+00
1.332180819575598107e+01,2.751770748130559952e+01,6.292672061901766511e+01,0.000000000000000000e+00
1.495515968263339701e+01,2.737214493444810515e+01,6.296108646247773066e+01,0.000000000000000000e+00
1.495515968263339701e+01,2.737214493444810515e+01,6.296108646247774487e+01,0.000000000000000000e+00
1.495515968263339701e+01,2.737214493444811225e+01,6.296108646247773066e+01,0.000000000000000000e+00
1.451076930729417391e+01,2.802776750299679165e+01,6.300381029572756830e+01,0.000000000000000000e+00
1.451076930729417391e+01,2.802776750299678454e+01,6.300381029572756830e+01,0.000000000000000000e+00
1.451076930729417036e+01,2.802776750299679165e+01,6.300381029572756830e+01,0.000000000000000000e+00
1.459128168117448432e+01,2.816507247708481643e+01,6.312237127897230948e+01,0.000000000000000000e+00
1.459128168117448432e+01,2.816507247708481643e+01,6.312237127897230948e+01,0.000000000000000000e+00
1.459128168117448432e+01,2.816507247708481643e+01,6.312237127897232369e+01,0.000000000000000000e+00
1.455435007598145170e+01,2.871650935744163036e+01,6.297974558499031872e+01,-2.095410366928941670e+00
1.455435007598144992e+01,2.871650935744163036e+01,6.297974558499031872e+01,-2.095410366928941670e+00
1.455435007598145170e+01,2.871650935744163036e+01,6.297974558499032582e+01,-2.095410366928941670e+00
1.496912599793498266e+01,2.864597967915864629e+01,6.287946632648403522e+01,0.000000000000000000e+00
1.496912599793498622e+01,2.864597967915864629e+01,6.287946632648403522e+01,0.000000000000000000e+00
1.496912599793498266e+01,2.864597967915864629e+01,6.287946632648402101e+01,0.000000000000000000e+00
1.528496000547349354e+01,2.897789053916715574e+01,6.273459155835214318e+01,0.000000000000000000e+00
1.528496000547349354e+01,2.897789053916714863e+01,6.273459155835215739e+01,0.000000000000000000e+00
1.528496000547349354e+01,2.897789053916714863e+01,6.273459155835215739e+01,0.000000000000000000e+00
1.566268814076456550e+01,2.932775716743624272e+01,6.262474988448134638e+01,0.000000000000000000e+00
1.566268814076456195e+01,2.932775716743624272e+01,6.262474988448134638e+01,0.000000000000000000e+00
1.566268814076456195e+01,2.932775716743624272e+01,6.262474988448133217e+01,0.000000000000000000e+00
1.659195486582898837e+01,3.016664371942756517e+01,6.239386834847365293e+01,0.000000000000000000e+00
1.659195486582898837e+01,3.016664371942756517e+01,6.239386834847366714e+01,0.000000000000000000e+00
1.659195486582898837e+01,3.016664371942756517e+01,6.239386834847366714e+01,0.000000000000000000e+00
1.746751939346866678e+01,3.092759401084770943e+01,6.210939008682849050e+01,0.000000000000000000e+00
1.746751939346866678e+01,3.092759401084770943e+01,6.210939008682849050e+01,0.000000000000000000e+00
1.746751939346866678e+01,3.092759401084770232e+01,6.210939008682849050e+01,0.000000000000000000e+00
1.730388708874587422e+01,3.141671701268231942e+01,6.211028401925404552e+01,2.044910246501555395e+00
1.730388708874587422e+01,3.141671701268231942e+01,6.211028401925404552e+01,2.044910246501555395e+00
1.730388708874587422e+01,3.141671701268232653e+01,6.211028401925403131e+01,2.044910246501554951e+00
1.617173577761025527e+01,3.169823428529367604e+01,6.151046300892253527e+01,0.000000000000000000e+00
1.617173577761025527e+01,3.169823428529366893e+01,6.151046300892253527e+01,0.000000000000000000e+00
1.617173577761025527e+01,3.169823428529367604e+01,6.151046300892253527e+01,0.000000000000000000e+00
1.571058822352307516e+01,3.187247039104378032e+01,6.093044035932934577e+01,0.000000000000000000e+00
1.571058822352307871e+01,3.187247039104377322e+01,6.093044035932934577e+01,0.000000000000000000e+00
1.571058822352307516e+01,3.187247039104378032e+01,6.093044035932935998e+01,0.000000000000000000e+00
1.724163085422412678e+01,3.189774017894745484e+01,6.082382151488381083e+01,0.000000000000000000e+00
1.724163085422412678e+01,3.189774017894745484e+01,6.082382151488381083e+01,0.000000000000000000e+00
1.724163085422412678e+01,3.189774017894745484e+01,6.082382151488381083e+01,0.000000000000000000e+00
1.863791446726952827e+01,3.193706904818138170e+01,6.072543008795157249e+01,0.000000000000000000e+00
1.863791446726953538e+01,3.193706904818138170e+01,6.072543008795156538e+01,0.000000000000000000e+00
1.863791446726953183e+01,3.193706904818137460e+01,6.072543008795157249e+01,0.000000000000000000e+00
1.897901015214774034e+01,3.208787371612295658e+01,6.065406545864438215e+01,0.000000000000000000e+00
1.897901015214774034e+01,3.208787371612296369e+01,6.065406545864439636e+01,0.000000000000000000e+00
1.897901015214774034e+01,3.208787371612295658e+01,6.065406545864438215e+01,0.000000000000000000e+00
1.850092595526967898e+01,3.239176667943709731e+01,6.114032346018880304e+01,0.000000000000000000e+00
1.850092595526967898e+01,3.239176667943709020e+01,6.114032346018880304e+01,0.000000000000000000e+00
1.850092595526967898e+01,3.239176667943709020e+01,6.114032346018881725e+01,0.000000000000000000e+00
1.819714977064307249e+01,3.296913136339430395e+01,6.171101417249919763e+01,0.000000000000000000e+00
1.819714977064306893e+01,3.296913136339430395e+01,6.171101417249919763e+01,0.000000000000000000e+00
1.819714977064306893e+01,3.296913136339430395e+01,6.171101417249919763e+01,0.000000000000000000e+00
1.688155044880146605e+01,3.354702422712534116e+01,6.167231671874785093e+01,0.000000000000000000e+00
1.688155044880146605e+01,3.354702422712534116e+01,6.167231671874785093e+01,0.000000000000000000e+00
1.688155044880146960e+01,3.354702422712533405e+01,6.167231671874785093e+01,0.000000000000000000e+00
1.519255280789033336e+01,3.386936012709615795e+01,6.196275256506061879e+01,-1.964777128911256554e+00
1.519255280789033336e+01,3.386936012709615085e+01,6.196275256506063300e+01,-1.964777128911256554e+00
1.519255280789033336e+01,3.386936012709615795e+01,6.196275256506061879e+01,-1.964777128911256998e+00
1.302026096161613111e+01,3.386795319855207964e+01,6.218795993091242735e+01,0.000000000000000000e+00
1.302026096161613111e+01,3.386795319855207964e+01,6.218795993091242735e+01,0.000000000000000000e+00
1.302026096161613111e+01,3.386795319855207964e+01,6.218795993091244156e+01,0.000000000000000000e+00
1.223110023134135460e+01,3.418469598315822822e+01,6.227143429838340438e+01,0.000000000000000000e+00
1.223110023134135282e+01,3.418469598315822822e+01,6.227143429838341149e+01,0.000000000000000000e+00
1.223110023134135282e+01,3.418469598315822111e+01,6.227143429838340438e+01,0.000000000000000000e+00
1.185969515348535452e+01,3.438247649816850782e+01,6.238054510215580706e+01,0.000000000000000000e+00
1.185969515348535452e+01,3.438247649816851492e+01,6.238054510215579285e+01,0.000000000000000000e+00
1.185969515348535452e+01,3.438247649816850782e+01,6.238054510215580706e+01,0.000000000000000000e+00
1.168613738380724598e+01,3.495835579562858442e+01,6.243580134522324698e+01,-2.160979357933156209e+00
1.168613738380724598e+01,3.495835579562858442e+01,6.243580134522324698e+01,-2.160979357933156653e+00
1.168613738380724598e+01,3.495835579562858442e+01,6.243580134522324698e+01,-2.160979357933156653e+00
1.161956752755425093e+01,3.460140615116995377e+01,6.253053098060120618e+01,-2.228333748505003875e+00
1.161956752755425093e+01,3.460140615116995377e+01,6.253053098060120618e+01,-2.228333748505003875e+00
1.161956752755425093e+01,3.460140615116995377e+01,6.253053098060120618e+01,-2.228333748505004319e+00
1.157332116873786454e+01,3.479312444140538219e+01,6.235723802660891835e+01,0.000000000000000000e+00
1.157332116873786454e+01,3.479312444140538219e+01,6.235723802660891835e+01,0.000000000000000000e+00
1.157332116873786454e+01,3.479312444140538929e+01,6.235723802660891835e+01,0.000000000000000000e+00
1.294015173097962013e+01,3.431397241928587505e+01,6.226290432795269680e+01,0.000000000000000000e+00
1.294015173097961835e+01,3.431397241928588215e+01,6.226290432795269680e+01,0.000000000000000000e+00
1.294015173097961835e+01,3.431397241928587505e+01,6.226290432795269680e+01,0.000000000000000000e+00
1.220384831701267103e+01,3.485095758963409907e+01,6.217934411084916491e+01,0.000000000000000000e+00
1.220384831701267281e+01,3.485095758963410617e+01,6.217934411084916491e+01,0.000000000000000000e+00
1.220384831701267281e+01,3.485095758963409907e+01,6.217934411084916491e+01,0.000000000000000000e+00
1.279287395746451494e+01,3.450652087577847027e+01,6.213800260974575451e+01,0.000000000000000000e+00
1.279287395746451139e+01,3.450652087577847027e+01,6.213800260974576872e+01,0.000000000000000000e+00
1.279287395746451317e+01,3.450652087577846316e+01,6.213800260974576872e+01,0.000000000000000000e+00
1.264194415340450384e+01,2.646383466328052236e+01,6.341409964225356788e+01,0.000000000000000000e+00
1.264194415340450384e+01,2.646383466328052236e+01,6.341409964225356788e+01,0.000000000000000000e+00
1.264194415340450028e+01,2.646383466328052236e+01,6.341409964225356788e+01,0.000000000000000000e+00
1.329183325187781683e+01,2.737230506647872375e+01,6.347607116674995353e+01,0.000000000000000000e+00
1.329183325187781683e+01,2.737230506647872730e+01,6.347607116674995353e+01,0.000000000000000000e+00
1.329183325187781683e+01,2.737230506647871664e+01,6.347607116674995353e+01,0.000000000000000000e+00
1.511724958552834153e+01,2.722125966545604570e+01,6.355155077421984799e+01,0.000000000000000000e+00
1.511724958552834508e+01,2.722125966545604570e+01,6.355155077421983378e+01,0.000000000000000000e+00
1.511724958552834508e+01,2.722125966545604570e+01,6.355155077421984799e+01,0.000000000000000000e+00
1.474465416085073777e+01,2.792741810968396265e+01,6.360445234204696163e+01,0.000000000000000000e+00
1.474465416085073777e+01,2.792741810968396265e+01,6.360445234204696163e+01,0.000000000000000000e+00
1.474465416085073777e+01,2.792741810968396976e+01,6.360445234204696163e+01,0.000000000000000000e+00
1.537955635849139213e+01,2.815587234611194134e+01,6.351540858384398547e+01,0.000000000000000000e+00
1.537955635849138858e+01,2.815587234611194845e+01,6.351540858384398547e+01,0.000000000000000000e+00
1.537955635849139213e+01,2.815587234611194845e+01,6.351540858384398547e+01,0.000000000000000000e+00
1.521614429793293155e+01,2.879542299056371135e+01,6.354827399599226823e+01,0.000000000000000000e+00
1.521614429793293155e+01,2.879542299056371846e+01,6.354827399599225402e+01,0.000000000000000000e+00
1.521614429793292977e+01,2.879542299056371135e+01,6.354827399599225402e+01,0.000000000000000000e+00
1.490876645644446263e+01,2.877108380815889532e+01,6.338821531589673697e+01,0.000000000000000000e+00
1.490876645644446263e+01,2.877108380815889532e+01,6.338821531589673697e+01,0.000000000000000000e+00
1.490876645644446619e+01,2.877108380815889532e+01,6.338821531589675118e+01,0.000000000000000000e+00
1.442664014285126584e+01,2.908601555732633415e+01,6.347335245609486520e+01,0.000000000000000000e+00
1.442664014285126406e+01,2.908601555732633415e+01,6.347335245609486520e+01,0.000000000000000000e+00
1.442664014285126406e+01,2.908601555732633415e+01,6.347335245609486520e+01,0.000000000000000000e+00
1.470831123158298226e+01,2.943169088826298463e+01,6.315809998315285156e+01,0.000000000000000000e+00
1.470831123158298226e+01,2.943169088826297752e+01,6.315809998315286578e+01,0.000000000000000000e+00
1.470831123158298226e+01,2.943169088826298463e+01,6.315809998315286578e+01,0.000000000000000000e+00
1.585459391069279356e+01,3.024694562356040350e+01,6.263887507743083205e+01,0.000000000000000000e+00
1.585459391069279000e+01,3.024694562356040350e+01,6.263887507743084626e+01,0.000000000000000000e+00
1.585459391069279356e+01,3.024694562356039640e+01,6.263887507743084626e+01,0.000000000000000000e+00
1.634867761838636113e+01,3.101055020661967632e+01,6.203952119268338805e+01,0.000000000000000000e+00
1.634867761838636468e+01,3.101055020661967632e+01,6.203952119268339516e+01,0.000000000000000000e+00
1.634867761838636113e+01,3.101055020661967632e+01,6.203952119268338805e+01,0.000000000000000000e+00
1.569173265583352439e+01,3.154717866026695106e+01,6.162348764999260453e+01,0.000000000000000000e+00
1.569173265583352439e+01,3.154717866026695106e+01,6.162348764999260453e+01,0.000000000000000000e+00
1.569173265583352439e+01,3.154717866026695106e+01,6.162348764999260453e+01,0.000000000000000000e+00
1.632421025317607644e+01,3.187799202176409352e+01,6.117331644406526436e+01,0.000000000000000000e+00
1.632421025317607999e+01,3.187799202176408642e+01,6.117331644406526436e+01,0.000000000000000000e+00
1.632421025317608354e+01,3.187799202176408642e+01,6.117331644406526436e+01,0.000000000000000000e+00
1.769189151775852764e+01,3.212664673471082466e+01,6.057863103995730114e+01,0.000000000000000000e+00
1.769189151775852764e+01,3.212664673471083177e+01,6.057863103995730114e+01,0.000000000000000000e+00
1.769189151775852764e+01,3.212664673471083177e+01,6.057863103995728693e+01,0.000000000000000000e+00
1.918975311460993538e+01,3.228534440368378000e+01,6.000734135600514918e+01,0.000000000000000000e+00
1.918975311460993183e+01,3.228534440368378000e+01,6.000734135600514207e+01,0.000000000000000000e+00
1.918975311460993183e+01,3.228534440368378000e+01,6.000734135600514918e+01,0.000000000000000000e+00
1.967868818640090467e+01,3.238820108403992037e+01,5.986477393196290819e+01,0.000000000000000000e+00
1.967868818640090467e+01,3.238820108403992037e+01,5.986477393196289398e+01,0.000000000000000000e+00
1.967868818640090112e+01,3.238820108403992037e+01,5.986477393196290819e+01,0.000000000000000000e+00
1.940454945496748707e+01,3.257228028308584555e+01,6.019372107949965311e+01,0.000000000000000000e+00
1.940454945496748707e+01,3.257228028308585266e+01,6.019372107949963890e+01,0.000000000000000000e+00
1.940454945496749062e+01,3.257228028308585266e+01,6.019372107949963890e+01,0.000000000000000000e+00
1.853248251323577733e+01,3.286581240762749445e+01,6.063258223420343285e+01,0.000000000000000000e+00
1.853248251323577733e+01,3.286581240762749445e+01,6.063258223420341864e+01,0.000000000000000000e+00
1.853248251323577733e+01,3.286581240762749445e+01,6.063258223420341864e+01,0.000000000000000000e+00
1.849132539253704977e+01,3.340094092338329546e+01,6.100224825042991483e+01,0.000000000000000000e+00
1.849132539253704266e+01,3.340094092338330256e+01,6.100224825042991483e+01,0.000000000000000000e+00
1.849132539253704977e+01,3.340094092338329546e+01,6.100224825042991483e+01,0.000000000000000000e+00
1.714204198873306950e+01,3.397789373715613692e+01,6.139852137123779841e+01,0.000000000000000000e+00
1.714204198873306950e+01,3.397789373715613692e+01,6.139852137123778419e+01,0.000000000000000000e+00
1.714204198873306950e+01,3.397789373715613692e+01,6.139852137123778419e+01,0.000000000000000000e+00
1.566672732102472132e+01,3.427194478948223377e+01,6.201800711401433119e+01,0.000000000000000000e+00
1.566672732102472310e+01,3.427194478948222667e+01,6.201800711401433119e+01,0.000000000000000000e+00
1.566672732102472132e+01,3.427194478948223377e+01,6.201800711401433119e+01,0.000000000000000000e+00
1.451616225865754828e+01,3.429710169230607164e+01,6.254315755936661247e+01,0.000000000000000000e+00
1.451616225865754473e+01,3.429710169230607164e+01,6.254315755936661247e+01,0.000000000000000000e+00
1.451616225865754473e+01,3.429710169230606454e+01,6.254315755936661247e+01,0.000000000000000000e+00
1.362184348200208817e+01,3.477544640190701841e+01,6.283986233590781723e+01,0.000000000000000000e+00
1.362184348200208461e+01,3.477544640190702552e+01,6.283986233590781723e+01,0.000000000000000000e+00
1.362184348200208817e+01,3.477544640190702552e+01,6.283986233590781723e+01,0.000000000000000000e+00
1.220796608820635676e+01,3.507688148159538599e+01,6.271126565878383019e+01,-2.551561324617170001e+00
1.220796608820635676e+01,3.507688148159539310e+01,6.271126565878381598e+01,-2.551561324617170001e+00
1.220796608820635676e+01,3.507688148159538599e+01,6.271126565878383019e+01,-2.551561324617170001e+00
1.206291847434332709e+01,3.575379787790741659e+01,6.283386754614132030e+01,-3.058939655898572862e+00
1.206291847434332354e+01,3.575379787790741659e+01,6.283386754614131320e+01,-3.058939655898573307e+00
1.206291847434332531e+01,3.575379787790740949e+01,6.283386754614131320e+01,-3.058939655898573307e+00
1.203394194882083745e+01,3.542346173260845177e+01,6.275512445180955723e+01,-2.583431467539710980e+00
1.203394194882083745e+01,3.542346173260845177e+01,6.275512445180955012e+01,-2.583431467539710980e+00
1.203394194882083745e+01,3.542346173260845177e+01,6.275512445180955723e+01,-2.583431467539710980e+00
1.184322609836063656e+01,3.555648251934059090e+01,6.280183458277426212e+01,0.000000000000000000e+00
1.184322609836063656e+01,3.555648251934058379e+01,6.280183458277426212e+01,0.000000000000000000e+00
1.184322609836063656e+01,3.555648251934059090e+01,6.280183458277426212e+01,0.000000000000000000e+00
1.354646252271341211e+01,3.502927711138287492e+01,6.270416520095880486e+01,0.000000000000000000e+00
1.354646252271341211e+01,3.502927711138287492e+01,6.270416520095881907e+01,0.000000000000000000e+00
1.354646252271341211e+01,3.502927711138287492e+01,6.270416520095881907e+01,0.000000000000000000e+00
1.255150938279481565e+01,3.563323959705598298e+01,6.258567558897838268e+01,0.000000000000000000e+00
1.255150938279481743e+01,3.563323959705597588e+01,6.258567558897838268e+01,0.000000000000000000e+00
1.255150938279481743e+01,3.563323959705597588e+01,6.258567558897838268e+01,0.000000000000000000e+00
1.300767131212145067e+01,3.486921527876793192e+01,6.248366881626243696e+01,0.000000000000000000e+00
1.300767131212145067e+01,3.486921527876793192e+01,6.248366881626243696e+01,0.000000000000000000e+00
1.300767131212145244e+01,3.486921527876793192e+01,6.248366881626243696e+01,0.000000000000000000e+00
1.267259903376443120e+01,2.639272215544905720e+01,6.375436752534656648e+01,0.000000000000000000e+00
1.267259903376442942e+01,2.639272215544905364e+01,6.375436752534655227e+01,0.000000000000000000e+00
1.267259903376442942e+01,2.639272215544905364e+01,6.375436752534655227e+01,0.000000000000000000e+00
1.225059994698065502e+01,2.728701636849281087e+01,6.395844161540301087e+01,0.000000000000000000e+00
1.225059994698065502e+01,2.728701636849281797e+01,6.395844161540301087e+01,0.000000000000000000e+00
1.225059994698065502e+01,2.728701636849281087e+01,6.395844161540301087e+01,0.000000000000000000e+00
1.453433157164544909e+01,2.713918945066500754e+01,6.407093008856230654e+01,0.000000000000000000e+00
1.453433157164544731e+01,2.713918945066500754e+01,6.407093008856230654e+01,0.000000000000000000e+00
1.453433157164544731e+01,2.713918945066500754e+01,6.407093008856229233e+01,0.000000000000000000e+00
1.468237787658448923e+01,2.786841362099490738e+01,6.409934982495467182e+01,0.000000000000000000e+00
1.468237787658449278e+01,2.786841362099490738e+01,6.409934982495465761e+01,0.000000000000000000e+00
1.468237787658449278e+01,2.786841362099490738e+01,6.409934982495465761e+01,0.000000000000000000e+00
1.581691450257556397e+01,2.818208166108150792e+01,6.405004454164632932e+01,0.000000000000000000e+00
1.581691450257556397e+01,2.818208166108151147e+01,6.405004454164632932e+01,0.000000000000000000e+00
1.581691450257556752e+01,2.818208166108150792e+01,6.405004454164632932e+01,0.000000000000000000e+00
1.566310965044888093e+01,2.888160098099099926e+01,6.404354494854403868e+01,0.000000000000000000e+00
1.566310965044888093e+01,2.888160098099099926e+01,6.404354494854403868e+01,0.000000000000000000e+00
1.566310965044888093e+01,2.888160098099100637e+01,6.404354494854403868e+01,0.000000000000000000e+00
1.458611529913251026e+01,2.894939932144442452e+01,6.403593116447780176e+01,0.000000000000000000e+00
1.458611529913251026e+01,2.894939932144441741e+01,6.403593116447780176e+01,0.000000000000000000e+00
1.458611529913251204e+01,2.894939932144441741e+01,6.403593116447781597e+01,0.000000000000000000e+00
1.403064505040745757e+01,2.927144688156721486e+01,6.373216804605635843e+01,0.000000000000000000e+00
1.403064505040745757e+01,2.927144688156721486e+01,6.373216804605635843e+01,0.000000000000000000e+00
1.403064505040745757e+01,2.927144688156721486e+01,6.373216804605635843e+01,0.000000000000000000e+00
1.432289873434073257e+01,2.954409217200754156e+01,6.347964011127635331e+01,0.000000000000000000e+00
1.432289873434073080e+01,2.954409217200754156e+01,6.347964011127635331e+01,0.000000000000000000e+00
1.432289873434073080e+01,2.954409217200754156e+01,6.347964011127635331e+01,0.000000000000000000e+00
1.481882088863623892e+01,3.025609383894025939e+01,6.300064404629902270e+01,0.000000000000000000e+00
1.481882088863623892e+01,3.025609383894025939e+01,6.300064404629903692e+01,0.000000000000000000e+00
1.481882088863623892e+01,3.025609383894025939e+01,6.300064404629902270e+01,0.000000000000000000e+00
1.530068288066351201e+01,3.100002214595483352e+01,6.242063540441318992e+01,0.000000000000000000e+00
1.530068288066351023e+01,3.100002214595483352e+01,6.242063540441318992e+01,0.000000000000000000e+00
1.530068288066351556e+01,3.100002214595483352e+01,6.242063540441318992e+01,0.000000000000000000e+00
1.550918174894954227e+01,3.159688737492466259e+01,6.127963894808137013e+01,0.000000000000000000e+00
1.550918174894954582e+01,3.159688737492466259e+01,6.127963894808138434e+01,0.000000000000000000e+00
1.550918174894954227e+01,3.159688737492466259e+01,6.127963894808137013e+01,0.000000000000000000e+00
1.743033035846382006e+01,3.199155106950453842e+01,6.081979837416851353e+01,0.000000000000000000e+00
1.743033035846382006e+01,3.199155106950453842e+01,6.081979837416851353e+01,0.000000000000000000e+00
1.743033035846382006e+01,3.199155106950453131e+01,6.081979837416851353e+01,0.000000000000000000e+00
1.895068378364452144e+01,3.224790465260442573e+01,5.996388168974927169e+01,0.000000000000000000e+00
1.895068378364452144e+01,3.224790465260442573e+01,5.996388168974927169e+01,0.000000000000000000e+00
1.895068378364452144e+01,3.224790465260442573e+01,5.996388168974927169e+01,0.000000000000000000e+00
1.930878774571665346e+01,3.248710125899569334e+01,5.955841289952159201e+01,0.000000000000000000e+00
1.930878774571665346e+01,3.248710125899569334e+01,5.955841289952159201e+01,0.000000000000000000e+00
1.930878774571665346e+01,3.248710125899569334e+01,5.955841289952159201e+01,0.000000000000000000e+00
1.927732396197814069e+01,3.267407574057612152e+01,5.936402888405155664e+01,0.000000000000000000e+00
1.927732396197814069e+01,3.267407574057612862e+01,5.936402888405157086e+01,0.000000000000000000e+00
1.927732396197813713e+01,3.267407574057612152e+01,5.936402888405157086e+01,0.000000000000000000e+00
1.963151939401460666e+01,3.289602747997754761e+01,5.941812584196686231e+01,0.000000000000000000e+00
1.963151939401460666e+01,3.289602747997754761e+01,5.941812584196687652e+01,0.000000000000000000e+00
1.963151939401460666e+01,3.289602747997755472e+01,5.941812584196686231e+01,0.000000000000000000e+00
1.911516841685393686e+01,3.328496882875199958e+01,6.004820808792179321e+01,0.000000000000000000e+00
1.911516841685393686e+01,3.328496882875200669e+01,6.004820808792179321e+01,0.000000000000000000e+00
1.911516841685393686e+01,3.328496882875199958e+01,6.004820808792179321e+01,0.000000000000000000e+00
1.928399153809496269e+01,3.385136781811515760e+01,6.037023995388322817e+01,0.000000000000000000e+00
1.928399153809496269e+01,3.385136781811515760e+01,6.037023995388321396e+01,0.000000000000000000e+00
1.928399153809496269e+01,3.385136781811515050e+01,6.037023995388321396e+01,0.000000000000000000e+00
1.787526626632845606e+01,3.440546689897863075e+01,6.153466975757581992e+01,0.000000000000000000e+00
1.787526626632845961e+01,3.440546689897863786e+01,6.153466975757581992e+01,0.000000000000000000e+00
1.787526626632845961e+01,3.440546689897863786e+01,6.153466975757581992e+01,0.000000000000000000e+00
1.626886033840142787e+01,3.469162943854203718e+01,6.211504320264161549e+01,0.000000000000000000e+00
1.626886033840143142e+01,3.469162943854204428e+01,6.211504320264161549e+01,0.000000000000000000e+00
1.626886033840143497e+01,3.469162943854204428e+01,6.211504320264162260e+01,0.000000000000000000e+00
1.570700207677977112e+01,3.474371804924250284e+01,6.259787167469185931e+01,0.000000000000000000e+00
1.570700207677977112e+01,3.474371804924250284e+01,6.259787167469187352e+01,0.000000000000000000e+00
1.570700207677977112e+01,3.474371804924250284e+01,6.259787167469185931e+01,0.000000000000000000e+00
1.508022867717458837e+01,3.532472214443006919e+01,6.283874850248663080e+01,0.000000000000000000e+00
1.508022867717459015e+01,3.532472214443006919e+01,6.283874850248663080e+01,0.000000000000000000e+00
1.508022867717458837e+01,3.532472214443006919e+01,6.283874850248663080e+01,0.000000000000000000e+00
1.319079150735858619e+01,3.574703037898340341e+01,6.313076475489710049e+01,-2.625856423508669657e+00
1.319079150735858441e+01,3.574703037898340341e+01,6.313076475489708628e+01,-2.625856423508669657e+00
1.319079150735858441e+01,3.574703037898341051e+01,6.313076475489710049e+01,-2.625856423508669657e+00
1.275107109039057285e+01,3.650294772782530828e+01,6.310847509000684852e+01,-3.175964266739542907e+00
1.275107109039057285e+01,3.650294772782530828e+01,6.310847509000684852e+01,-3.175964266739542907e+00
1.275107109039057285e+01,3.650294772782530828e+01,6.310847509000684852e+01,-3.175964266739542907e+00
1.257163242332072706e+01,3.617903670552625073e+01,6.308436839719865219e+01,-2.425232071690445412e+00
1.257163242332072528e+01,3.617903670552626494e+01,6.308436839719865219e+01,-2.425232071690444968e+00
1.257163242332072528e+01,3.617903670552626494e+01,6.308436839719865219e+01,-2.425232071690444524e+00
1.227723180248062107e+01,3.640049658946923472e+01,6.310467943600708196e+01,0.000000000000000000e+00
1.227723180248062107e+01,3.640049658946923472e+01,6.310467943600706775e+01,0.000000000000000000e+00
1.227723180248062107e+01,3.640049658946922762e+01,6.310467943600708196e+01,0.000000000000000000e+00
1.341365926639501893e+01,3.595479165366207042e+01,6.304506499397366781e+01,0.000000000000000000e+00
1.341365926639501893e+01,3.595479165366207042e+01,6.304506499397366781e+01,0.000000000000000000e+00
1.341365926639501893e+01,3.595479165366207042e+01,6.304506499397365360e+01,0.000000000000000000e+00
1.244783063929042477e+01,3.668348926349933237e+01,6.289997287087157218e+01,0.000000000000000000e+00
1.244783063929042299e+01,3.668348926349933237e+01,6.289997287087157218e+01,0.000000000000000000e+00
1.244783063929042477e+01,3.668348926349933237e+01,6.289997287087157218e+01,0.000000000000000000e+00
1.250100483668231455e+01,3.592201301009439618e+01,6.266225072401683605e+01,0.000000000000000000e+00
1.250100483668231455e+01,3.592201301009439618e+01,6.266225072401683605e+01,0.000000000000000000e+00
1.250100483668231632e+01,3.592201301009439618e+01,6.266225072401683605e+01,0.000000000000000000e+00
1.286848159013520565e+01,2.645479475630781607e+01,6.389162841219549449e+01,0.000000000000000000e+00
1.286848159013520565e+01,2.645479475630781963e+01,6.389162841219549449e+01,0.000000000000000000e+00
1.286848159013520565e+01,2.645479475630781963e+01,6.389162841219548028e+01,0.000000000000000000e+00
1.281818119475381224e+01,2.732811907746500069e+01,6.413700306074085233e+01,0.000000000000000000e+00
1.281818119475381224e+01,2.732811907746500779e+01,6.413700306074085233e+01,0.000000000000000000e+00
1.281818119475381046e+01,2.732811907746500779e+01,6.413700306074085233e+01,0.000000000000000000e+00
1.466643454911071665e+01,2.716309247261683169e+01,6.447424977112748934e+01,0.000000000000000000e+00
1.466643454911072020e+01,2.716309247261683169e+01,6.447424977112748934e+01,0.000000000000000000e+00
1.466643454911071665e+01,2.716309247261683169e+01,6.447424977112747513e+01,0.000000000000000000e+00
1.440501147258853543e+01,2.790289852793976522e+01,6.450393634888344252e+01,0.000000000000000000e+00
1.440501147258853720e+01,2.790289852793976522e+01,6.450393634888344252e+01,0.000000000000000000e+00
1.440501147258853720e+01,2.790289852793976522e+01,6.450393634888344252e+01,0.000000000000000000e+00
1.553807999540602403e+01,2.821346812247479363e+01,6.452328701266350208e+01,0.000000000000000000e+00
1.553807999540602403e+01,2.821346812247479363e+01,6.452328701266348787e+01,0.000000000000000000e+00
1.553807999540602403e+01,2.821346812247480074e+01,6.452328701266348787e+01,0.000000000000000000e+00
1.581124270858438585e+01,2.892951448656533842e+01,6.444134759450261640e+01,0.000000000000000000e+00
1.581124270858438585e+01,2.892951448656533842e+01,6.444134759450261640e+01,0.000000000000000000e+00
1.581124270858438585e+01,2.892951448656533842e+01,6.444134759450261640e+01,0.000000000000000000e+00
1.528512588311257225e+01,2.902114545402507417e+01,6.454040068699310950e+01,0.000000000000000000e+00
1.528512588311257403e+01,2.902114545402508128e+01,6.454040068699310950e+01,0.000000000000000000e+00
1.528512588311257403e+01,2.902114545402508838e+01,6.454040068699310950e+01,0.000000000000000000e+00
1.501261023288780372e+01,2.933055536730083901e+01,6.431311276367905805e+01,0.000000000000000000e+00
1.501261023288780372e+01,2.933055536730083901e+01,6.431311276367907226e+01,0.000000000000000000e+00
1.501261023288780372e+01,2.933055536730083901e+01,6.431311276367907226e+01,0.000000000000000000e+00
1.432205371749694223e+01,2.954849431532062454e+01,6.387334057914819851e+01,0.000000000000000000e+00
1.432205371749694045e+01,2.954849431532062098e+01,6.387334057914819851e+01,0.000000000000000000e+00
1.432205371749694223e+01,2.954849431532062098e+01,6.387334057914819851e+01,0.000000000000000000e+00
1.418706544727849028e+01,3.016749983551324732e+01,6.324347847486230023e+01,0.000000000000000000e+00
1.418706544727849383e+01,3.016749983551325442e+01,6.324347847486230023e+01,0.000000000000000000e+00
1.418706544727849028e+01,3.016749983551325442e+01,6.324347847486230023e+01,0.000000000000000000e+00
1.473717633945138594e+01,3.089253185130499091e+01,6.257863619316623272e+01,0.000000000000000000e+00
1.473717633945138772e+01,3.089253185130499091e+01,6.257863619316624693e+01,0.000000000000000000e+00
1.473717633945138594e+01,3.089253185130499091e+01,6.257863619316623272e+01,0.000000000000000000e+00
1.583923149788537366e+01,3.158517217333495353e+01,6.154447783152952667e+01,0.000000000000000000e+00
1.583923149788537543e+01,3.158517217333495353e+01,6.154447783152952667e+01,0.000000000000000000e+00
1.583923149788537010e+01,3.158517217333496063e+01,6.154447783152952667e+01,0.000000000000000000e+00
1.807782657601655174e+01,3.203796882518051348e+01,6.064401635203012120e+01,0.000000000000000000e+00
1.807782657601655174e+01,3.203796882518051348e+01,6.064401635203012120e+01,0.000000000000000000e+00
1.807782657601655174e+01,3.203796882518051348e+01,6.064401635203012120e+01,0.000000000000000000e+00
1.896904225820814816e+01,3.227667936989182351e+01,5.996417698532452789e+01,0.000000000000000000e+00
1.896904225820815171e+01,3.227667936989183062e+01,5.996417698532451368e+01,0.000000000000000000e+00
1.896904225820815171e+01,3.227667936989183062e+01,5.996417698532452789e+01,0.000000000000000000e+00
1.897755168739065113e+01,3.247757646783821173e+01,5.937083323680934654e+01,0.000000000000000000e+00
1.897755168739064402e+01,3.247757646783821173e+01,5.937083323680934654e+01,0.000000000000000000e+00
1.897755168739064757e+01,3.247757646783821173e+01,5.937083323680934654e+01,0.000000000000000000e+00
1.898928480873739844e+01,3.262140824255532578e+01,5.911020281647620322e+01,0.000000000000000000e+00
1.898928480873739844e+01,3.262140824255533289e+01,5.911020281647620322e+01,0.000000000000000000e+00
1.898928480873739844e+01,3.262140824255533289e+01,5.911020281647620322e+01,0.000000000000000000e+00
1.922078662865775556e+01,3.289371516073614998e+01,5.924641923826779788e+01,0.000000000000000000e+00
1.922078662865776266e+01,3.289371516073614998e+01,5.924641923826778367e+01,0.000000000000000000e+00
1.922078662865775556e+01,3.289371516073614998e+01,5.924641923826778367e+01,0.000000000000000000e+00
1.880048617776795439e+01,3.342369907712001975e+01,5.960436855827046543e+01,-2.114209491201672009e+00
1.880048617776795439e+01,3.342369907712001975e+01,5.960436855827045122e+01,-2.114209491201672009e+00
1.880048617776795439e+01,3.342369907712001975e+01,5.960436855827046543e+01,-2.114209491201672453e+00
1.899790464773384002e+01,3.409720815760921653e+01,6.034720301866148162e+01,0.000000000000000000e+00
1.899790464773384002e+01,3.409720815760921653e+01,6.034720301866148162e+01,0.000000000000000000e+00
1.899790464773384002e+01,3.409720815760920942e+01,6.034720301866148162e+01,0.000000000000000000e+00
1.823393664299721806e+01,3.477588440420593940e+01,6.135254230213835314e+01,0.000000000000000000e+00
1.823393664299721806e+01,3.477588440420593940e+01,6.135254230213835314e+01,0.000000000000000000e+00
1.823393664299721806e+01,3.477588440420593230e+01,6.135254230213836735e+01,0.000000000000000000e+00
1.778566565239131592e+01,3.521413698757369559e+01,6.201302461170511293e+01,0.000000000000000000e+00
1.778566565239131236e+01,3.521413698757369559e+01,6.201302461170512714e+01,0.000000000000000000e+00
1.778566565239131236e+01,3.521413698757369559e+01,6.201302461170512714e+01,0.000000000000000000e+00
1.730836503987915265e+01,3.540551368443424707e+01,6.266913172697469037e+01,0.000000000000000000e+00
1.730836503987915265e+01,3.540551368443424707e+01,6.266913172697468326e+01,0.000000000000000000e+00
1.730836503987914909e+01,3.540551368443423996e+01,6.266913172697468326e+01,0.000000000000000000e+00
1.574364385564516411e+01,3.604981203714050508e+01,6.312869916227478484e+01,0.000000000000000000e+00
1.574364385564516766e+01,3.604981203714050508e+01,6.312869916227478484e+01,0.000000000000000000e+00
1.574364385564516411e+01,3.604981203714051219e+01,6.312869916227478484e+01,0.000000000000000000e+00
1.382100439662161584e+01,3.651597908631832468e+01,6.336088958171878716e+01,0.000000000000000000e+00
1.382100439662161406e+01,3.651597908631832468e+01,6.336088958171878716e+01,0.000000000000000000e+00
1.382100439662161229e+01,3.651597908631832468e+01,6.336088958171878005e+01,0.000000000000000000e+00
1.296089136856788393e+01,3.729204217210062922e+01,6.324465066723207940e+01,-2.302560156783211909e+00
1.296089136856788571e+01,3.729204217210062211e+01,6.324465066723206519e+01,-2.302560156783211909e+00
1.296089136856788393e+01,3.729204217210062922e+01,6.324465066723207940e+01,-2.302560156783211909e+00
1.247336068147415844e+01,3.704498134302035339e+01,6.332112394345104889e+01,0.000000000000000000e+00
1.247336068147415844e+01,3.704498134302036050e+01,6.332112394345106310e+01,0.000000000000000000e+00
1.247336068147415844e+01,3.704498134302036050e+01,6.332112394345104889e+01,0.000000000000000000e+00
1.202277362091903079e+01,3.744280975245431620e+01,6.328931130074808920e+01,0.000000000000000000e+00
1.202277362091903079e+01,3.744280975245431620e+01,6.328931130074808920e+01,0.000000000000000000e+00
1.202277362091903079e+01,3.744280975245431620e+01,6.328931130074808920e+01,0.000000000000000000e+00
1.235975977390755531e+01,3.707439763849620107e+01,6.324621462167907282e+01,0.000000000000000000e+00
1.235975977390755354e+01,3.707439763849620107e+01,6.324621462167906571e+01,0.000000000000000000e+00
1.235975977390755709e+01,3.707439763849620107e+01,6.324621462167906571e+01,0.000000000000000000e+00
1.119272595329346132e+01,3.779957921749709726e+01,6.288073112404786258e+01,0.000000000000000000e+00
1.119272595329346132e+01,3.779957921749709726e+01,6.288073112404786258e+01,0.000000000000000000e+00
1.119272595329346132e+01,3.779957921749709726e+01,6.288073112404786258e+01,0.000000000000000000e+00
1.150667503488577026e+01,3.701092095417545380e+01,6.261304184872045653e+01,0.000000000000000000e+00
1.150667503488576848e+01,3.701092095417545380e+01,6.261304184872044942e+01,0.000000000000000000e+00
1.150667503488576848e+01,3.701092095417546091e+01,6.261304184872045653e+01,0.000000000000000000e+00
1.258217188116850060e+01,2.667891405477070066e+01,6.411457609148673953e+01,0.000000000000000000e+00
1.258217188116849705e+01,2.667891405477070066e+01,6.411457609148673953e+01,0.000000000000000000e+00
1.258217188116850060e+01,2.667891405477070776e+01,6.411457609148673953e+01,0.000000000000000000e+00
1.343232226512360405e+01,2.753310621401123015e+01,6.437358931207390356e+01,0.000000000000000000e+00
1.343232226512360583e+01,2.753310621401123015e+01,6.437358931207388935e+01,0.000000000000000000e+00
1.343232226512360405e+01,2.753310621401123015e+01,6.437358931207390356e+01,0.000000000000000000e+00
1.557483484826038911e+01,2.731774353758870788e+01,6.472442696837575227e+01,0.000000000000000000e+00
1.557483484826039266e+01,2.731774353758870078e+01,6.472442696837575227e+01,0.000000000000000000e+00
1.557483484826038911e+01,2.731774353758870788e+01,6.472442696837575227e+01,0.000000000000000000e+00
1.531021666574642381e+01,2.799807133428698691e+01,6.477371015100540319e+01,0.000000000000000000e+00
1.531021666574642381e+01,2.799807133428698691e+01,6.477371015100540319e+01,0.000000000000000000e+00
1.531021666574642381e+01,2.799807133428698691e+01,6.477371015100540319e+01,0.000000000000000000e+00
1.593553638187215249e+01,2.825205620569019516e+01,6.481493990930036375e+01,0.000000000000000000e+00
1.593553638187215249e+01,2.825205620569019516e+01,6.481493990930036375e+01,0.000000000000000000e+00
1.593553638187215782e+01,2.825205620569019516e+01,6.481493990930037796e+01,0.000000000000000000e+00
1.646471233462770911e+01,2.895919277390163415e+01,6.475849174493176008e+01,0.000000000000000000e+00
1.646471233462770911e+01,2.895919277390163415e+01,6.475849174493176008e+01,0.000000000000000000e+00
1.646471233462770911e+01,2.895919277390163415e+01,6.475849174493176008e+01,0.000000000000000000e+00
1.607757649123963262e+01,2.899318010791324340e+01,6.487858759580809931e+01,0.000000000000000000e+00
1.607757649123962906e+01,2.899318010791324340e+01,6.487858759580809931e+01,0.000000000000000000e+00
1.607757649123963262e+01,2.899318010791324696e+01,6.487858759580809931e+01,0.000000000000000000e+00
1.544030922741301026e+01,2.931335331057820071e+01,6.467781886387631118e+01,0.000000000000000000e+00
1.544030922741301026e+01,2.931335331057820071e+01,6.467781886387629697e+01,0.000000000000000000e+00
1.544030922741300849e+01,2.931335331057820426e+01,6.467781886387629697e+01,0.000000000000000000e+00
1.493816995562495009e+01,2.952115097747571326e+01,6.426385752445231958e+01,0.000000000000000000e+00
1.493816995562495009e+01,2.952115097747571326e+01,6.426385752445231958e+01,0.000000000000000000e+00
1.493816995562495009e+01,2.952115097747571326e+01,6.426385752445233379e+01,0.000000000000000000e+00
1.481478017006233294e+01,3.016501515039309211e+01,6.365255602043486505e+01,0.000000000000000000e+00
1.481478017006232939e+01,3.016501515039309211e+01,6.365255602043486505e+01,0.000000000000000000e+00
1.481478017006232939e+01,3.016501515039309211e+01,6.365255602043486505e+01,0.000000000000000000e+00
1.489573705742760090e+01,3.086750966957836084e+01,6.298888723790135913e+01,0.000000000000000000e+00
1.489573705742760090e+01,3.086750966957835374e+01,6.298888723790135913e+01,0.000000000000000000e+00
1.489573705742760090e+01,3.086750966957835374e+01,6.298888723790135913e+01,0.000000000000000000e+00
1.557347572151531345e+01,3.150642289394389906e+01,6.194243838613461151e+01,0.000000000000000000e+00
1.557347572151531345e+01,3.150642289394389906e+01,6.194243838613461861e+01,0.000000000000000000e+00
1.557347572151530990e+01,3.150642289394389906e+01,6.194243838613461151e+01,0.000000000000000000e+00
1.711722790209885758e+01,3.198799504170254338e+01,6.101204100622812376e+01,0.000000000000000000e+00
1.711722790209886114e+01,3.198799504170254338e+01,6.101204100622812376e+01,0.000000000000000000e+00
1.711722790209885403e+01,3.198799504170254338e+01,6.101204100622812376e+01,0.000000000000000000e+00
1.822477055168855742e+01,3.231319417114804082e+01,6.028102829789727934e+01,0.000000000000000000e+00
1.822477055168856097e+01,3.231319417114804082e+01,6.028102829789727934e+01,0.000000000000000000e+00
1.822477055168855387e+01,3.231319417114803372e+01,6.028102829789727934e+01,0.000000000000000000e+00
1.945935484579700159e+01,3.248047690921200115e+01,5.964015795022255162e+01,0.000000000000000000e+00
1.945935484579700159e+01,3.248047690921200115e+01,5.964015795022255162e+01,0.000000000000000000e+00
1.945935484579700159e+01,3.248047690921200825e+01,5.964015795022255162e+01,0.000000000000000000e+00
2.000234735086520033e+01,3.258520318340737987e+01,5.933420499287366567e+01,0.000000000000000000e+00
2.000234735086520388e+01,3.258520318340737987e+01,5.933420499287366567e+01,0.000000000000000000e+00
2.000234735086520388e+01,3.258520318340737987e+01,5.933420499287366567e+01,0.000000000000000000e+00
1.891011154283945928e+01,3.281263000339076541e+01,5.942152632970019965e+01,0.000000000000000000e+00
1.891011154283945928e+01,3.281263000339076541e+01,5.942152632970019255e+01,0.000000000000000000e+00
1.891011154283945928e+01,3.281263000339076541e+01,5.942152632970019255e+01,0.000000000000000000e+00
1.793575871941133570e+01,3.336704431151559191e+01,5.973691383429395074e+01,-2.051273418703817963e+00
1.793575871941133570e+01,3.336704431151559902e+01,5.973691383429395074e+01,-2.051273418703817963e+00
1.793575871941133570e+01,3.336704431151559191e+01,5.973691383429395074e+01,-2.051273418703818407e+00
1.743514349056875545e+01,3.415966187265360077e+01,6.043987921308552558e+01,0.000000000000000000e+00
1.743514349056875545e+01,3.415966187265359366e+01,6.043987921308552558e+01,0.000000000000000000e+00
1.743514349056875901e+01,3.415966187265359366e+01,6.043987921308552558e+01,0.000000000000000000e+00
1.771212193236278765e+01,3.504201170070547278e+01,6.141675319039377001e+01,0.000000000000000000e+00
1.771212193236278765e+01,3.504201170070547278e+01,6.141675319039375580e+01,0.000000000000000000e+00
1.771212193236278409e+01,3.504201170070547278e+01,6.141675319039375580e+01,0.000000000000000000e+00
1.848333800443011299e+01,3.579421213501136378e+01,6.206205809552572816e+01,0.000000000000000000e+00
1.848333800443011654e+01,3.579421213501136378e+01,6.206205809552571395e+01,0.000000000000000000e+00
1.848333800443011299e+01,3.579421213501136378e+01,6.206205809552571395e+01,0.000000000000000000e+00
1.806203414364781423e+01,3.626158729608981446e+01,6.270910183226724399e+01,0.000000000000000000e+00
1.806203414364781423e+01,3.626158729608982156e+01,6.270910183226724399e+01,0.000000000000000000e+00
1.806203414364781423e+01,3.626158729608982156e+01,6.270910183226724399e+01,0.000000000000000000e+00
1.557731565243263105e+01,3.707624421990595920e+01,6.316353674831753295e+01,0.000000000000000000e+00
1.557731565243262928e+01,3.707624421990595920e+01,6.316353674831753295e+01,0.000000000000000000e+00
1.557731565243263105e+01,3.707624421990595920e+01,6.316353674831753295e+01,0.000000000000000000e+00
1.333852379773800045e+01,3.752746557605576072e+01,6.339294283464032986e+01,0.000000000000000000e+00
1.333852379773800045e+01,3.752746557605576072e+01,6.339294283464034407e+01,0.000000000000000000e+00
1.333852379773800045e+01,3.752746557605576072e+01,6.339294283464032986e+01,0.000000000000000000e+00
1.183886727952731022e+01,3.834883376051396908e+01,6.327547451918474053e+01,0.000000000000000000e+00
1.183886727952731022e+01,3.834883376051397619e+01,6.327547451918474053e+01,0.000000000000000000e+00
1.183886727952731022e+01,3.834883376051396908e+01,6.327547451918474053e+01,0.000000000000000000e+00
1.139706375890874313e+01,3.817893890076350516e+01,6.335086614764377799e+01,0.000000000000000000e+00
1.139706375890874313e+01,3.817893890076350516e+01,6.335086614764377799e+01,0.000000000000000000e+00
1.139706375890874313e+01,3.817893890076350516e+01,6.335086614764377799e+01,0.000000000000000000e+00
1.110286113245193285e+01,3.857588786531637481e+01,6.331825200354878547e+01,0.000000000000000000e+00
1.110286113245192929e+01,3.857588786531637481e+01,6.331825200354877126e+01,0.000000000000000000e+00
1.110286113245193107e+01,3.857588786531638192e+01,6.331825200354877126e+01,0.000000000000000000e+00
1.162732261974599979e+01,3.819635951471598645e+01,6.327433561863342959e+01,0.000000000000000000e+00
1.162732261974600156e+01,3.819635951471598645e+01,6.327433561863342959e+01,0.000000000000000000e+00
1.162732261974599979e+01,3.819635951471598645e+01,6.327433561863342959e+01,0.000000000000000000e+00
1.060870668702897035e+01,3.889623778740195092e+01,6.290899671351341738e+01,0.000000000000000000e+00
1.060870668702897035e+01,3.889623778740193671e+01,6.290899671351343159e+01,0.000000000000000000e+00
1.060870668702897213e+01,3.889623778740195092e+01,6.290899671351343159e+01,0.000000000000000000e+00
1.051637556134371998e+01,3.812446029778664780e+01,6.264112781383019524e+01,0.000000000000000000e+00
1.051637556134371820e+01,3.812446029778664780e+01,6.264112781383019524e+01,0.000000000000000000e+00
1.051637556134371998e+01,3.812446029778664780e+01,6.264112781383020945e+01,0.000000000000000000e+00
1.194702283908965157e+01,2.704726570740796632e+01,6.441584026034574606e+01,0.000000000000000000e+00
1.194702283908965335e+01,2.704726570740796632e+01,6.441584026034576027e+01,0.000000000000000000e+00
1.194702283908965157e+01,2.704726570740796632e+01,6.441584026034576027e+01,0.000000000000000000e+00
1.269155144117331169e+01,2.789075797231912901e+01,6.466052724153567510e+01,0.000000000000000000e+00
1.269155144117331346e+01,2.789075797231912901e+01,6.466052724153567510e+01,0.000000000000000000e+00
1.269155144117331169e+01,2.789075797231913256e+01,6.466052724153568931e+01,0.000000000000000000e+00
1.499813994000904493e+01,2.759079023832407174e+01,6.482131966343398233e+01,-2.087902174967835478e+00
1.499813994000904493e+01,2.759079023832406463e+01,6.482131966343398233e+01,-2.087902174967835478e+00
1.499813994000904493e+01,2.759079023832407174e+01,6.482131966343398233e+01,-2.087902174967835478e+00
1.473739341710007622e+01,2.824265458837015785e+01,6.490644942021609154e+01,0.000000000000000000e+00
1.473739341710007622e+01,2.824265458837015785e+01,6.490644942021609154e+01,0.000000000000000000e+00
1.473739341710007444e+01,2.824265458837015075e+01,6.490644942021609154e+01,0.000000000000000000e+00
1.549644338272073973e+01,2.837922343220284915e+01,6.492246941214476408e+01,0.000000000000000000e+00
1.549644338272074151e+01,2.837922343220284915e+01,6.492246941214476408e+01,0.000000000000000000e+00
1.549644338272074151e+01,2.837922343220284915e+01,6.492246941214476408e+01,0.000000000000000000e+00
1.705694922136829916e+01,2.905818647421329715e+01,6.498218775444094319e+01,0.000000000000000000e+00
1.705694922136830272e+01,2.905818647421329004e+01,6.498218775444094319e+01,0.000000000000000000e+00
1.705694922136829916e+01,2.905818647421329715e+01,6.498218775444092898e+01,0.000000000000000000e+00
1.727785839586494276e+01,2.905420117219851051e+01,6.504010660445399594e+01,0.000000000000000000e+00
1.727785839586494276e+01,2.905420117219851051e+01,6.504010660445398173e+01,0.000000000000000000e+00
1.727785839586494276e+01,2.905420117219851051e+01,6.504010660445399594e+01,0.000000000000000000e+00
1.635981774271092704e+01,2.939777910454870025e+01,6.481413759653312923e+01,0.000000000000000000e+00
1.635981774271092704e+01,2.939777910454870025e+01,6.481413759653312923e+01,0.000000000000000000e+00
1.635981774271092704e+01,2.939777910454870025e+01,6.481413759653311502e+01,0.000000000000000000e+00
1.536711281802640805e+01,2.957646673020585126e+01,6.461982512896645403e+01,0.000000000000000000e+00
1.536711281802640627e+01,2.957646673020585126e+01,6.461982512896646824e+01,0.000000000000000000e+00
1.536711281802640805e+01,2.957646673020585126e+01,6.461982512896648245e+01,0.000000000000000000e+00
1.494771798663022899e+01,3.024845721493926121e+01,6.418299341837190752e+01,0.000000000000000000e+00
1.494771798663022899e+01,3.024845721493926121e+01,6.418299341837190752e+01,0.000000000000000000e+00
1.494771798663022899e+01,3.024845721493926831e+01,6.418299341837190752e+01,0.000000000000000000e+00
1.588888292668211655e+01,3.088613455283759279e+01,6.360388979916748298e+01,0.000000000000000000e+00
1.588888292668211655e+01,3.088613455283759279e+01,6.360388979916748298e+01,0.000000000000000000e+00
1.588888292668211655e+01,3.088613455283759279e+01,6.360388979916748298e+01,0.000000000000000000e+00
1.625719558159077494e+01,3.142186122646582547e+01,6.243854815502790245e+01,0.000000000000000000e+00
1.625719558159077494e+01,3.142186122646582547e+01,6.243854815502788114e+01,0.000000000000000000e+00
1.625719558159077849e+01,3.142186122646582547e+01,6.243854815502789535e+01,0.000000000000000000e+00
1.664068204496197012e+01,3.191527373962643921e+01,6.186978150150903133e+01,0.000000000000000000e+00
1.664068204496197367e+01,3.191527373962643921e+01,6.186978150150903133e+01,0.000000000000000000e+00
1.664068204496197367e+01,3.191527373962644631e+01,6.186978150150903133e+01,0.000000000000000000e+00
1.766359118807842421e+01,3.234004429041902995e+01,6.089110466454910409e+01,0.000000000000000000e+00
1.766359118807842421e+01,3.234004429041903705e+01,6.089110466454910409e+01,0.000000000000000000e+00
1.766359118807842421e+01,3.234004429041902995e+01,6.089110466454910409e+01,0.000000000000000000e+00
1.889056181495499942e+01,3.257838697225077595e+01,6.034406259375557369e+01,0.000000000000000000e+00
1.889056181495499942e+01,3.257838697225076885e+01,6.034406259375558790e+01,0.000000000000000000e+00
1.889056181495500653e+01,3.257838697225076885e+01,6.034406259375557369e+01,0.000000000000000000e+00
1.855662890066371773e+01,3.273649977111318066e+01,6.001547428202984236e+01,0.000000000000000000e+00
1.855662890066371773e+01,3.273649977111318066e+01,6.001547428202984236e+01,0.000000000000000000e+00
1.855662890066371773e+01,3.273649977111317355e+01,6.001547428202984236e+01,0.000000000000000000e+00
1.847329694785803866e+01,3.296639271436653473e+01,5.992724389669777452e+01,0.000000000000000000e+00
1.847329694785803866e+01,3.296639271436653473e+01,5.992724389669778162e+01,0.000000000000000000e+00
1.847329694785803866e+01,3.296639271436653473e+01,5.992724389669777452e+01,0.000000000000000000e+00
1.838317668402297045e+01,3.342470483591549879e+01,6.042209070963244244e+01,0.000000000000000000e+00
1.838317668402296690e+01,3.342470483591549879e+01,6.042209070963244244e+01,0.000000000000000000e+00
1.838317668402296690e+01,3.342470483591549879e+01,6.042209070963244244e+01,0.000000000000000000e+00
1.750536463860210645e+01,3.418503959569596873e+01,6.063576096118449499e+01,0.000000000000000000e+00
1.750536463860210645e+01,3.418503959569596873e+01,6.063576096118448078e+01,0.000000000000000000e+00
1.750536463860210645e+01,3.418503959569596873e+01,6.063576096118449499e+01,0.000000000000000000e+00
1.707160847456354702e+01,3.517716962938239078e+01,6.172337991048640760e+01,0.000000000000000000e+00
1.707160847456354702e+01,3.517716962938238368e+01,6.172337991048640760e+01,0.000000000000000000e+00
1.707160847456354702e+01,3.517716962938238368e+01,6.172337991048640760e+01,0.000000000000000000e+00
1.704795889453332691e+01,3.618869711618503970e+01,6.226201241132169883e+01,0.000000000000000000e+00
1.704795889453332336e+01,3.618869711618503970e+01,6.226201241132169883e+01,0.000000000000000000e+00
1.704795889453332336e+01,3.618869711618503970e+01,6.226201241132169173e+01,0.000000000000000000e+00
1.631871325991913935e+01,3.702162490500633396e+01,6.272048891971243734e+01,0.000000000000000000e+00
1.631871325991913935e+01,3.702162490500633396e+01,6.272048891971243023e+01,0.000000000000000000e+00
1.631871325991913935e+01,3.702162490500633396e+01,6.272048891971243734e+01,0.000000000000000000e+00
1.411832174581521393e+01,3.805468693950259507e+01,6.294761479409870475e+01,0.000000000000000000e+00
1.411832174581521038e+01,3.805468693950260217e+01,6.294761479409870475e+01,0.000000000000000000e+00
1.411832174581521215e+01,3.805468693950260217e+01,6.294761479409870475e+01,0.000000000000000000e+00
1.156164461684595146e+01,3.867762714208692643e+01,6.323047541377273006e+01,0.000000000000000000e+00
1.156164461684594968e+01,3.867762714208693353e+01,6.323047541377273006e+01,0.000000000000000000e+00
1.156164461684595146e+01,3.867762714208692643e+01,6.323047541377273006e+01,0.000000000000000000e+00
9.604604635996450313e+00,3.959232413135338646e+01,6.320348626598874375e+01,0.000000000000000000e+00
9.604604635996450313e+00,3.959232413135338646e+01,6.320348626598874375e+01,0.000000000000000000e+00
9.604604635996452089e+00,3.959232413135337936e+01,6.320348626598874375e+01,0.000000000000000000e+00
9.819302414256460665e+00,3.939129949531172059e+01,6.317599356625851925e+01,0.000000000000000000e+00
9.819302414256460665e+00,3.939129949531172059e+01,6.317599356625851925e+01,0.000000000000000000e+00
9.819302414256458889e+00,3.939129949531171349e+01,6.317599356625851925e+01,0.000000000000000000e+00
1.036741659462804854e+01,3.972964917719258438e+01,6.319306447891338507e+01,0.000000000000000000e+00
1.036741659462804854e+01,3.972964917719257727e+01,6.319306447891338507e+01,0.000000000000000000e+00
1.036741659462805210e+01,3.972964917719258438e+01,6.319306447891338507e+01,0.000000000000000000e+00
1.121576975914928553e+01,3.935832806020988528e+01,6.313106455095655178e+01,0.000000000000000000e+00
1.121576975914928553e+01,3.935832806020988528e+01,6.313106455095655178e+01,0.000000000000000000e+00
1.121576975914928376e+01,3.935832806020987107e+01,6.313106455095655178e+01,0.000000000000000000e+00
1.024896690278828792e+01,4.004085632429600139e+01,6.298430713179000406e+01,0.000000000000000000e+00
1.024896690278828792e+01,4.004085632429599428e+01,6.298430713179000406e+01,0.000000000000000000e+00
1.024896690278828792e+01,4.004085632429600139e+01,6.298430713179000406e+01,0.000000000000000000e+00
1.013377652770479287e+01,3.926904182870306670e+01,6.274566060286272773e+01,0.000000000000000000e+00
1.013377652770479287e+01,3.926904182870306670e+01,6.274566060286272773e+01,0.000000000000000000e+00
1.013377652770479287e+01,3.926904182870305959e+01,6.274566060286272773e+01,0.000000000000000000e+00
1.164105003568834285e+01,2.751968206109225434e+01,6.450468857222276142e+01,-2.030948483070654120e+00
1.164105003568834285e+01,2.751968206109225434e+01,6.450468857222276142e+01,-2.030948483070654120e+00
1.164105003568834285e+01,2.751968206109225079e+01,6.450468857222276142e+01,-2.030948483070654564e+00
1.213206926773463223e+01,2.835419120715413754e+01,6.463901161643026683e+01,-2.419598097221576261e+00
1.213206926773463579e+01,2.835419120715414820e+01,6.463901161643026683e+01,-2.419598097221576261e+00
1.213206926773463223e+01,2.835419120715414820e+01,6.463901161643026683e+01,-2.419598097221576261e+00
1.422584913114273597e+01,2.800020979285779887e+01,6.479281564742728960e+01,-2.615662053283098309e+00
1.422584913114273597e+01,2.800020979285779887e+01,6.479281564742728960e+01,-2.615662053283097865e+00
1.422584913114273597e+01,2.800020979285779887e+01,6.479281564742728960e+01,-2.615662053283097865e+00
1.369491603502842914e+01,2.863410362154705524e+01,6.493202570534772633e+01,-2.008823917933851178e+00
1.369491603502842914e+01,2.863410362154705524e+01,6.493202570534772633e+01,-2.008823917933851178e+00
1.369491603502842914e+01,2.863410362154705524e+01,6.493202570534772633e+01,-2.008823917933851178e+00
1.441556321935132523e+01,2.870526888624088357e+01,6.494580112422009677e+01,0.000000000000000000e+00
1.441556321935132523e+01,2.870526888624088357e+01,6.494580112422009677e+01,0.000000000000000000e+00
1.441556321935132523e+01,2.870526888624088357e+01,6.494580112422009677e+01,0.000000000000000000e+00
1.632614249168141995e+01,2.936004137062838026e+01,6.507517088255291071e+01,0.000000000000000000e+00
1.632614249168141995e+01,2.936004137062838026e+01,6.507517088255289650e+01,0.000000000000000000e+00
1.632614249168141995e+01,2.936004137062838026e+01,6.507517088255291071e+01,0.000000000000000000e+00
1.760258507538309303e+01,2.923829283977033455e+01,6.502609313391874934e+01,0.000000000000000000e+00
1.760258507538309303e+01,2.923829283977033455e+01,6.502609313391874934e+01,0.000000000000000000e+00
1.760258507538309303e+01,2.923829283977032745e+01,6.502609313391874934e+01,0.000000000000000000e+00
1.682288890539948767e+01,2.956647415338356666e+01,6.518961591475886053e+01,0.000000000000000000e+00
1.682288890539948412e+01,2.956647415338357376e+01,6.518961591475886053e+01,0.000000000000000000e+00
1.682288890539948767e+01,2.956647415338356666e+01,6.518961591475886053e+01,0.000000000000000000e+00
1.601984248884832951e+01,2.980992730593807494e+01,6.496491602881829408e+01,0.000000000000000000e+00
1.601984248884832951e+01,2.980992730593807849e+01,6.496491602881827987e+01,0.000000000000000000e+00
1.601984248884832596e+01,2.980992730593807849e+01,6.496491602881829408e+01,0.000000000000000000e+00
1.632842092763790376e+01,3.047332953638610320e+01,6.450925715809296435e+01,0.000000000000000000e+00
1.632842092763790376e+01,3.047332953638610320e+01,6.450925715809296435e+01,0.000000000000000000e+00
1.632842092763790376e+01,3.047332953638610320e+01,6.450925715809295014e+01,0.000000000000000000e+00
1.764894897053278200e+01,3.101494098793677878e+01,6.391418815963674405e+01,0.000000000000000000e+00
1.764894897053278200e+01,3.101494098793677168e+01,6.391418815963673694e+01,0.000000000000000000e+00
1.764894897053277845e+01,3.101494098793677168e+01,6.391418815963674405e+01,0.000000000000000000e+00
1.813902960778899498e+01,3.153176471358525745e+01,6.341549164037549247e+01,0.000000000000000000e+00
1.813902960778899853e+01,3.153176471358525745e+01,6.341549164037549247e+01,0.000000000000000000e+00
1.813902960778899498e+01,3.153176471358526456e+01,6.341549164037549247e+01,0.000000000000000000e+00
1.808636683270179546e+01,3.200226438543441532e+01,6.281157433610310648e+01,0.000000000000000000e+00
1.808636683270179546e+01,3.200226438543442242e+01,6.281157433610310648e+01,0.000000000000000000e+00
1.808636683270179546e+01,3.200226438543442242e+01,6.281157433610310648e+01,0.000000000000000000e+00
1.751922467553086094e+01,3.242871151330911772e+01,6.203009169606214357e+01,0.000000000000000000e+00
1.751922467553086449e+01,3.242871151330912483e+01,6.203009169606214357e+01,0.000000000000000000e+00
1.751922467553086094e+01,3.242871151330911772e+01,6.203009169606214357e+01,0.000000000000000000e+00
1.720673991365627131e+01,3.279019161102853985e+01,6.125320985429580389e+01,0.000000000000000000e+00
1.720673991365626776e+01,3.279019161102853985e+01,6.125320985429580389e+01,0.000000000000000000e+00
1.720673991365626776e+01,3.279019161102854696e+01,6.125320985429580389e+01,0.000000000000000000e+00
1.804063735056501017e+01,3.304439460764849201e+01,6.089006981970676691e+01,0.000000000000000000e+00
1.804063735056501372e+01,3.304439460764849201e+01,6.089006981970676691e+01,0.000000000000000000e+00
1.804063735056501017e+01,3.304439460764849201e+01,6.089006981970676691e+01,0.000000000000000000e+00
1.950670212547148452e+01,3.331243406618093417e+01,6.098925180495424314e+01,0.000000000000000000e+00
1.950670212547148452e+01,3.331243406618094127e+01,6.098925180495424314e+01,0.000000000000000000e+00
1.950670212547148452e+01,3.331243406618094127e+01,6.098925180495424314e+01,0.000000000000000000e+00
2.066930193370318136e+01,3.372368566273741664e+01,6.121922035505394177e+01,0.000000000000000000e+00
2.066930193370318136e+01,3.372368566273742374e+01,6.121922035505392756e+01,0.000000000000000000e+00
2.066930193370317781e+01,3.372368566273741664e+01,6.121922035505394177e+01,0.000000000000000000e+00
2.027810015641306407e+01,3.440979219017800972e+01,6.143096737774526872e+01,0.000000000000000000e+00
2.027810015641306407e+01,3.440979219017801682e+01,6.143096737774526872e+01,0.000000000000000000e+00
2.027810015641306407e+01,3.440979219017801682e+01,6.143096737774526872e+01,0.000000000000000000e+00
1.764454537012560209e+01,3.538191102803205013e+01,6.171834756775395192e+01,0.000000000000000000e+00
1.764454537012560209e+01,3.538191102803205013e+01,6.171834756775395192e+01,0.000000000000000000e+00
1.764454537012560209e+01,3.538191102803204302e+01,6.171834756775395192e+01,0.000000000000000000e+00
1.490850587979510067e+01,3.649728709172728713e+01,6.227056957362337641e+01,0.000000000000000000e+00
1.490850587979509712e+01,3.649728709172728713e+01,6.227056957362337641e+01,0.000000000000000000e+00
1.490850587979509712e+01,3.649728709172729424e+01,6.227056957362336220e+01,0.000000000000000000e+00
1.350766797868528180e+01,3.751878968941892367e+01,6.275661352047463737e+01,0.000000000000000000e+00
1.350766797868528180e+01,3.751878968941892367e+01,6.275661352047463737e+01,0.000000000000000000e+00
1.350766797868528002e+01,3.751878968941893078e+01,6.275661352047463737e+01,0.000000000000000000e+00
1.223787086560964354e+01,3.883443947326158963e+01,6.302997059190080620e+01,0.000000000000000000e+00
1.223787086560964532e+01,3.883443947326158963e+01,6.302997059190080620e+01,0.000000000000000000e+00
1.223787086560964354e+01,3.883443947326159673e+01,6.302997059190080620e+01,0.000000000000000000e+00
1.032824277954553338e+01,3.970270314776456644e+01,6.288950808079012944e+01,0.000000000000000000e+00
1.032824277954553338e+01,3.970270314776456644e+01,6.288950808079012234e+01,0.000000000000000000e+00
1.032824277954553338e+01,3.970270314776456644e+01,6.288950808079012944e+01,0.000000000000000000e+00
8.474630441929019042e+00,4.072135037618827624e+01,6.300187515496566704e+01,0.000000000000000000e+00
8.474630441929020819e+00,4.072135037618827624e+01,6.300187515496566704e+01,0.000000000000000000e+00
8.474630441929019042e+00,4.072135037618826914e+01,6.300187515496568125e+01,0.000000000000000000e+00
9.333372528793162815e+00,4.059721635279325369e+01,6.291710925047516412e+01,0.000000000000000000e+00
9.333372528793161038e+00,4.059721635279325369e+01,6.291710925047516412e+01,0.000000000000000000e+00
9.333372528793161038e+00,4.059721635279325369e+01,6.291710925047516412e+01,0.000000000000000000e+00
1.015175579512255233e+01,4.096102023395800984e+01,6.295666298534432315e+01,0.000000000000000000e+00
1.015175579512255233e+01,4.096102023395800984e+01,6.295666298534432315e+01,0.000000000000000000e+00
1.015175579512255233e+01,4.096102023395800984e+01,6.295666298534432315e+01,0.000000000000000000e+00
1.075591202611013664e+01,4.057245985773175079e+01,6.285439187287196461e+01,0.000000000000000000e+00
1.075591202611013664e+01,4.057245985773175079e+01,6.285439187287196461e+01,0.000000000000000000e+00
1.075591202611013664e+01,4.057245985773175079e+01,6.285439187287196461e+01,0.000000000000000000e+00
9.918763209705634409e+00,4.120094997633617595e+01,6.273192257123883309e+01,0.000000000000000000e+00
9.918763209705634409e+00,4.120094997633617595e+01,6.273192257123883309e+01,0.000000000000000000e+00
9.918763209705632633e+00,4.120094997633617595e+01,6.273192257123883309e+01,0.000000000000000000e+00
9.970408191111575391e+00,4.040185173999257273e+01,6.262590407645534185e+01,0.000000000000000000e+00
9.970408191111575391e+00,4.040185173999257984e+01,6.262590407645532764e+01,0.000000000000000000e+00
9.970408191111577167e+00,4.040185173999257984e+01,6.262590407645534185e+01,0.000000000000000000e+00
1.192743224485175979e+01,2.842627481164830527e+01,6.443803529212092940e+01,-2.014872610050087332e+00
1.192743224485176157e+01,2.842627481164830527e+01,6.443803529212092940e+01,-2.014872610050087332e+00
1.192743224485175979e+01,2.842627481164830527e+01,6.443803529212092940e+01,-2.014872610050087332e+00
1.248398809600437964e+01,2.886737935399150246e+01,6.453210325317166962e+01,-2.317969044949087287e+00
1.248398809600437964e+01,2.886737935399150246e+01,6.453210325317166962e+01,-2.317969044949087287e+00
1.248398809600437964e+01,2.886737935399149535e+01,6.453210325317166962e+01,-2.317969044949087287e+00
1.433033784502653241e+01,2.849446315377466732e+01,6.467008784942562727e+01,-2.607175356537508204e+00
1.433033784502652885e+01,2.849446315377466732e+01,6.467008784942564148e+01,-2.607175356537508204e+00
1.433033784502653241e+01,2.849446315377466732e+01,6.467008784942564148e+01,-2.607175356537508204e+00
1.378021466811190976e+01,2.909667766568299641e+01,6.482277873846911120e+01,-2.658374403847509893e+00
1.378021466811190976e+01,2.909667766568300351e+01,6.482277873846911120e+01,-2.658374403847509893e+00
1.378021466811190976e+01,2.909667766568300351e+01,6.482277873846912541e+01,-2.658374403847509893e+00
1.437139038672254365e+01,2.914891941422285271e+01,6.504920356917284607e+01,-2.634815150905684522e+00
1.437139038672254365e+01,2.914891941422285271e+01,6.504920356917286028e+01,-2.634815150905684966e+00
1.437139038672254365e+01,2.914891941422285271e+01,6.504920356917284607e+01,-2.634815150905684522e+00
1.571213592529794312e+01,2.980723203623577788e+01,6.504095715521592069e+01,-2.288877221450388522e+00
1.571213592529794312e+01,2.980723203623577788e+01,6.504095715521592069e+01,-2.288877221450388522e+00
1.571213592529794312e+01,2.980723203623578499e+01,6.504095715521593490e+01,-2.288877221450388522e+00
1.651331338220061085e+01,2.964121042961880192e+01,6.506685392575455751e+01,0.000000000000000000e+00
1.651331338220061085e+01,2.964121042961880192e+01,6.506685392575454330e+01,0.000000000000000000e+00
1.651331338220061085e+01,2.964121042961880192e+01,6.506685392575454330e+01,0.000000000000000000e+00
1.644656674144730957e+01,2.992891987370413887e+01,6.503786909774316882e+01,0.000000000000000000e+00
1.644656674144730601e+01,2.992891987370413887e+01,6.503786909774316882e+01,0.000000000000000000e+00
1.644656674144730601e+01,2.992891987370413887e+01,6.503786909774316882e+01,0.000000000000000000e+00
1.717436304138969305e+01,3.015341304769011899e+01,6.500960495577071185e+01,0.000000000000000000e+00
1.717436304138969305e+01,3.015341304769011899e+01,6.500960495577069764e+01,0.000000000000000000e+00
1.717436304138969305e+01,3.015341304769011899e+01,6.500960495577071185e+01,0.000000000000000000e+00
1.911470936872809645e+01,3.084511485126579799e+01,6.482026792521662628e+01,0.000000000000000000e+00
1.911470936872809290e+01,3.084511485126579799e+01,6.482026792521662628e+01,0.000000000000000000e+00
1.911470936872809290e+01,3.084511485126579799e+01,6.482026792521661207e+01,0.000000000000000000e+00
1.897895641458594795e+01,3.138185938635284344e+01,6.451391415608019031e+01,0.000000000000000000e+00
1.897895641458594795e+01,3.138185938635284344e+01,6.451391415608019031e+01,0.000000000000000000e+00
1.897895641458595151e+01,3.138185938635284344e+01,6.451391415608019031e+01,0.000000000000000000e+00
1.870895438298595082e+01,3.181444023563655321e+01,6.438982677369699559e+01,0.000000000000000000e+00
1.870895438298595082e+01,3.181444023563655321e+01,6.438982677369700980e+01,0.000000000000000000e+00
1.870895438298594371e+01,3.181444023563655321e+01,6.438982677369699559e+01,0.000000000000000000e+00
1.895323549251840589e+01,3.217831785009155254e+01,6.362826678562438332e+01,0.000000000000000000e+00
1.895323549251840589e+01,3.217831785009155254e+01,6.362826678562436911e+01,0.000000000000000000e+00
1.895323549251840589e+01,3.217831785009155254e+01,6.362826678562438332e+01,0.000000000000000000e+00
1.820905760164119869e+01,3.259698106013484420e+01,6.282209879382617146e+01,0.000000000000000000e+00
1.820905760164120224e+01,3.259698106013484420e+01,6.282209879382617146e+01,0.000000000000000000e+00
1.820905760164119869e+01,3.259698106013485130e+01,6.282209879382617146e+01,0.000000000000000000e+00
1.767604905119313230e+01,3.307337854949057032e+01,6.243425643932643965e+01,0.000000000000000000e+00
1.767604905119312875e+01,3.307337854949057032e+01,6.243425643932643965e+01,0.000000000000000000e+00
1.767604905119313230e+01,3.307337854949056322e+01,6.243425643932643254e+01,0.000000000000000000e+00
1.843129988366403893e+01,3.347025905906365040e+01,6.204921850832980823e+01,0.000000000000000000e+00
1.843129988366403893e+01,3.347025905906365040e+01,6.204921850832982244e+01,0.000000000000000000e+00
1.843129988366403893e+01,3.347025905906364329e+01,6.204921850832982244e+01,0.000000000000000000e+00
1.920807935618832829e+01,3.385036318766045582e+01,6.170489503004933596e+01,0.000000000000000000e+00
1.920807935618832829e+01,3.385036318766045582e+01,6.170489503004933596e+01,0.000000000000000000e+00
1.920807935618832474e+01,3.385036318766045582e+01,6.170489503004933596e+01,0.000000000000000000e+00
1.950623498222971008e+01,3.430812026325541808e+01,6.192562336067950213e+01,0.000000000000000000e+00
1.950623498222971719e+01,3.430812026325541808e+01,6.192562336067950213e+01,0.000000000000000000e+00
1.950623498222971719e+01,3.430812026325542519e+01,6.192562336067951634e+01,0.000000000000000000e+00
1.953879199921092535e+01,3.497139182476972508e+01,6.229750590030327828e+01,0.000000000000000000e+00
1.953879199921092535e+01,3.497139182476971797e+01,6.229750590030327828e+01,0.000000000000000000e+00
1.953879199921092535e+01,3.497139182476971797e+01,6.229750590030327828e+01,0.000000000000000000e+00
1.807075091690605362e+01,3.593583446405619952e+01,6.213301180369339249e+01,0.000000000000000000e+00
1.807075091690605362e+01,3.593583446405619952e+01,6.213301180369339249e+01,0.000000000000000000e+00
1.807075091690605717e+01,3.593583446405619952e+01,6.213301180369339249e+01,0.000000000000000000e+00
1.462946953243961801e+01,3.704614510915719450e+01,6.233768496256693936e+01,0.000000000000000000e+00
1.462946953243961801e+01,3.704614510915719450e+01,6.233768496256692515e+01,0.000000000000000000e+00
1.462946953243961978e+01,3.704614510915719450e+01,6.233768496256692515e+01,0.000000000000000000e+00
1.238046213449949384e+01,3.812133274500043001e+01,6.251075851003646022e+01,0.000000000000000000e+00
1.238046213449949384e+01,3.812133274500042290e+01,6.251075851003646022e+01,0.000000000000000000e+00
1.238046213449949562e+01,3.812133274500042290e+01,6.251075851003646022e+01,0.000000000000000000e+00
1.194155920783670588e+01,3.966026780160507315e+01,6.256246186639697981e+01,0.000000000000000000e+00
1.194155920783670410e+01,3.966026780160507315e+01,6.256246186639698692e+01,0.000000000000000000e+00
1.194155920783670410e+01,3.966026780160507315e+01,6.256246186639698692e+01,0.000000000000000000e+00
1.077197691681961444e+01,4.072882223215242448e+01,6.264957886982274005e+01,0.000000000000000000e+00
1.077197691681961444e+01,4.072882223215242448e+01,6.264957886982274005e+01,0.000000000000000000e+00
1.077197691681961444e+01,4.072882223215241737e+01,6.264957886982274005e+01,0.000000000000000000e+00
9.515545464162071809e+00,4.187091866149594921e+01,6.268919587505072855e+01,0.000000000000000000e+00
9.515545464162071809e+00,4.187091866149594921e+01,6.268919587505072855e+01,0.000000000000000000e+00
9.515545464162071809e+00,4.187091866149594921e+01,6.268919587505072855e+01,0.000000000000000000e+00
1.006677785887009513e+01,4.178753233753696605e+01,6.277038010450463901e+01,0.000000000000000000e+00
1.006677785887009513e+01,4.178753233753696605e+01,6.277038010450463901e+01,0.000000000000000000e+00
1.006677785887009513e+01,4.178753233753696605e+01,6.277038010450462480e+01,0.000000000000000000e+00
9.907783949660068146e+00,4.214781417937388142e+01,6.258963450399817674e+01,0.000000000000000000e+00
9.907783949660068146e+00,4.214781417937387431e+01,6.258963450399817674e+01,0.000000000000000000e+00
9.907783949660069922e+00,4.214781417937388142e+01,6.258963450399817674e+01,0.000000000000000000e+00
1.074105050138607531e+01,4.172958373364100737e+01,6.248744719029387085e+01,0.000000000000000000e+00
1.074105050138607531e+01,4.172958373364100737e+01,6.248744719029387085e+01,0.000000000000000000e+00
1.074105050138607531e+01,4.172958373364100737e+01,6.248744719029387085e+01,0.000000000000000000e+00
9.803470885529455003e+00,4.235118493873851975e+01,6.239637199520368682e+01,0.000000000000000000e+00
9.803470885529456780e+00,4.235118493873851975e+01,6.239637199520368682e+01,0.000000000000000000e+00
9.803470885529455003e+00,4.235118493873852685e+01,6.239637199520368682e+01,0.000000000000000000e+00
1.003626374439955882e+01,4.199033708141785581e+01,6.234714521731794434e+01,0.000000000000000000e+00
1.003626374439955704e+01,4.199033708141785581e+01,6.234714521731794434e+01,0.000000000000000000e+00
1.003626374439955704e+01,4.199033708141785581e+01,6.234714521731793013e+01,0.000000000000000000e+00
1.233735232269648030e+01,2.931549951586073277e+01,6.424507002264232369e+01,0.000000000000000000e+00
1.233735232269648385e+01,2.931549951586073277e+01,6.424507002264232369e+01,0.000000000000000000e+00
1.233735232269648030e+01,2.931549951586073277e+01,6.424507002264230948e+01,0.000000000000000000e+00
1.285549502516086839e+01,2.943998675023448541e+01,6.442628593515112811e+01,0.000000000000000000e+00
1.285549502516086839e+01,2.943998675023448541e+01,6.442628593515112811e+01,0.000000000000000000e+00
1.285549502516086662e+01,2.943998675023448541e+01,6.442628593515112811e+01,0.000000000000000000e+00
1.417663109142293720e+01,2.935371278470784873e+01,6.463196864197790603e+01,-2.407999902158814098e+00
1.417663109142293720e+01,2.935371278470784873e+01,6.463196864197790603e+01,-2.407999902158814098e+00
1.417663109142293720e+01,2.935371278470784873e+01,6.463196864197790603e+01,-2.407999902158814098e+00
1.325171738069758831e+01,2.960759437314537124e+01,6.467729942511083152e+01,-3.016117163173485327e+00
1.325171738069759009e+01,2.960759437314536413e+01,6.467729942511083152e+01,-3.016117163173485327e+00
1.325171738069758831e+01,2.960759437314536413e+01,6.467729942511083152e+01,-3.016117163173485327e+00
1.470154513450431288e+01,2.964232169692876795e+01,6.478551057818515346e+01,-3.294049391176243624e+00
1.470154513450431288e+01,2.964232169692877505e+01,6.478551057818515346e+01,-3.294049391176243624e+00
1.470154513450431288e+01,2.964232169692877505e+01,6.478551057818515346e+01,-3.294049391176243180e+00
1.595586641908053771e+01,3.029035816264239855e+01,6.499395083230723458e+01,-2.915908313043578115e+00
1.595586641908053416e+01,3.029035816264239855e+01,6.499395083230723458e+01,-2.915908313043578115e+00
1.595586641908053416e+01,3.029035816264239855e+01,6.499395083230723458e+01,-2.915908313043578115e+00
1.571977046419705459e+01,3.013800739304612364e+01,6.516321251453176444e+01,-2.549378377450317590e+00
1.571977046419705815e+01,3.013800739304611653e+01,6.516321251453176444e+01,-2.549378377450318034e+00
1.571977046419705459e+01,3.013800739304611653e+01,6.516321251453177865e+01,-2.549378377450318478e+00
1.601503391818998878e+01,3.042735310359746848e+01,6.519359337070203253e+01,-2.165054365589174967e+00
1.601503391818999233e+01,3.042735310359746848e+01,6.519359337070203253e+01,-2.165054365589174523e+00
1.601503391818999233e+01,3.042735310359746848e+01,6.519359337070204674e+01,-2.165054365589174967e+00
1.761461147965294316e+01,3.057565667646125362e+01,6.495564587295829995e+01,0.000000000000000000e+00
1.761461147965294316e+01,3.057565667646125718e+01,6.495564587295829995e+01,0.000000000000000000e+00
1.761461147965294316e+01,3.057565667646125718e+01,6.495564587295831416e+01,0.000000000000000000e+00
1.961640013867701526e+01,3.115908358187578386e+01,6.486560037706243520e+01,0.000000000000000000e+00
1.961640013867701526e+01,3.115908358187578386e+01,6.486560037706242099e+01,0.000000000000000000e+00
1.961640013867701171e+01,3.115908358187578386e+01,6.486560037706243520e+01,0.000000000000000000e+00
1.936706056012381083e+01,3.166733550170723177e+01,6.512111567066277473e+01,0.000000000000000000e+00
1.936706056012380728e+01,3.166733550170722467e+01,6.512111567066278894e+01,0.000000000000000000e+00
1.936706056012380728e+01,3.166733550170723177e+01,6.512111567066277473e+01,0.000000000000000000e+00
1.863181341297499571e+01,3.207708922102568749e+01,6.473945226882536019e+01,0.000000000000000000e+00
1.863181341297499571e+01,3.207708922102568749e+01,6.473945226882536019e+01,0.000000000000000000e+00
1.863181341297499571e+01,3.207708922102568749e+01,6.473945226882536019e+01,0.000000000000000000e+00
1.900436660376016462e+01,3.249282038805770867e+01,6.435771742008607532e+01,0.000000000000000000e+00
1.900436660376016462e+01,3.249282038805770867e+01,6.435771742008607532e+01,0.000000000000000000e+00
1.900436660376016818e+01,3.249282038805770867e+01,6.435771742008606111e+01,0.000000000000000000e+00
1.834418175851073229e+01,3.296844191788901668e+01,6.422371653435781980e+01,0.000000000000000000e+00
1.834418175851073585e+01,3.296844191788901668e+01,6.422371653435781980e+01,0.000000000000000000e+00
1.834418175851073585e+01,3.296844191788901668e+01,6.422371653435781980e+01,0.000000000000000000e+00
1.737952073386293250e+01,3.350384184003699772e+01,6.371805272057511615e+01,0.000000000000000000e+00
1.737952073386293605e+01,3.350384184003699062e+01,6.371805272057511615e+01,0.000000000000000000e+00
1.737952073386293605e+01,3.350384184003699772e+01,6.371805272057511615e+01,0.000000000000000000e+00
1.789970721107712848e+01,3.401692245932654401e+01,6.333461977405382726e+01,0.000000000000000000e+00
1.789970721107712848e+01,3.401692245932654401e+01,6.333461977405381305e+01,0.000000000000000000e+00
1.789970721107712492e+01,3.401692245932654401e+01,6.333461977405382726e+01,0.000000000000000000e+00
1.902952203330124448e+01,3.450414273341192484e+01,6.311815641994112269e+01,0.000000000000000000e+00
1.902952203330124448e+01,3.450414273341192484e+01,6.311815641994112269e+01,0.000000000000000000e+00
1.902952203330124448e+01,3.450414273341192484e+01,6.311815641994112269e+01,0.000000000000000000e+00
1.908859833672376993e+01,3.510301156573703452e+01,6.261820672994953441e+01,0.000000000000000000e+00
1.908859833672376993e+01,3.510301156573702741e+01,6.261820672994953441e+01,0.000000000000000000e+00
1.908859833672377349e+01,3.510301156573702741e+01,6.261820672994953441e+01,0.000000000000000000e+00
1.920026026363334282e+01,3.582082901267654762e+01,6.254930450897474969e+01,0.000000000000000000e+00
1.920026026363333926e+01,3.582082901267654762e+01,6.254930450897474969e+01,0.000000000000000000e+00
1.920026026363334282e+01,3.582082901267654762e+01,6.254930450897474969e+01,0.000000000000000000e+00
1.860560268381172477e+01,3.675208724292618712e+01,6.265940489391248747e+01,0.000000000000000000e+00
1.860560268381172477e+01,3.675208724292618712e+01,6.265940489391248747e+01,0.000000000000000000e+00
1.860560268381172122e+01,3.675208724292618712e+01,6.265940489391247326e+01,0.000000000000000000e+00
1.608446496129760916e+01,3.787879303426906574e+01,6.219314622631106459e+01,0.000000000000000000e+00
1.608446496129761272e+01,3.787879303426906574e+01,6.219314622631106459e+01,0.000000000000000000e+00
1.608446496129760916e+01,3.787879303426906574e+01,6.219314622631106459e+01,0.000000000000000000e+00
1.301653683006186313e+01,3.901959182306049456e+01,6.223578776055533979e+01,0.000000000000000000e+00
1.301653683006186313e+01,3.901959182306049456e+01,6.223578776055533979e+01,0.000000000000000000e+00
1.301653683006185958e+01,3.901959182306049456e+01,6.223578776055533979e+01,0.000000000000000000e+00
1.204306962891370070e+01,4.061516565237662491e+01,6.251773938383394125e+01,2.025792700816477776e+00
1.204306962891370070e+01,4.061516565237662491e+01,6.251773938383395546e+01,2.025792700816478220e+00
1.204306962891370070e+01,4.061516565237662491e+01,6.251773938383394125e+01,2.025792700816478220e+00
1.152345754002301881e+01,4.180561583451076757e+01,6.253133657310652183e+01,2.303886589200658808e+00
1.152345754002302236e+01,4.180561583451076757e+01,6.253133657310651472e+01,2.303886589200658364e+00
1.152345754002302236e+01,4.180561583451076757e+01,6.253133657310652183e+01,2.303886589200657919e+00
1.106265319038691786e+01,4.302515211939014250e+01,6.240855972906382476e+01,2.212224155082761712e+00
1.106265319038691786e+01,4.302515211939014250e+01,6.240855972906382476e+01,2.212224155082761712e+00
1.106265319038691786e+01,4.302515211939014250e+01,6.240855972906382476e+01,2.212224155082761712e+00
1.114094550349309465e+01,4.293104284687989747e+01,6.225255392659055786e+01,0.000000000000000000e+00
1.114094550349309642e+01,4.293104284687989747e+01,6.225255392659055786e+01,0.000000000000000000e+00
1.114094550349309642e+01,4.293104284687989747e+01,6.225255392659055786e+01,0.000000000000000000e+00
1.109283790134839265e+01,4.324926032712494361e+01,6.221066473567523047e+01,0.000000000000000000e+00
1.109283790134839265e+01,4.324926032712493651e+01,6.221066473567524469e+01,0.000000000000000000e+00
1.109283790134839265e+01,4.324926032712493651e+01,6.221066473567524469e+01,0.000000000000000000e+00
1.231942843460908144e+01,4.320272675762812042e+01,6.223488913453032012e+01,0.000000000000000000e+00
1.231942843460908144e+01,4.320272675762811332e+01,6.223488913453032012e+01,0.000000000000000000e+00
1.231942843460908144e+01,4.320272675762812753e+01,6.223488913453032012e+01,0.000000000000000000e+00
1.100522028061329394e+01,4.347900899000448760e+01,6.207895839407717631e+01,0.000000000000000000e+00
1.100522028061329394e+01,4.347900899000448760e+01,6.207895839407717631e+01,0.000000000000000000e+00
1.100522028061329394e+01,4.347900899000448760e+01,6.207895839407717631e+01,0.000000000000000000e+00
1.092670423556632286e+01,4.346351230517746700e+01,6.194556577370505579e+01,0.000000000000000000e+00
1.092670423556632286e+01,4.346351230517745279e+01,6.194556577370505579e+01,0.000000000000000000e+00
1.092670423556632286e+01,4.346351230517745989e+01,6.194556577370504868e+01,0.000000000000000000e+00
1.282235889537588491e+01,3.013252999766368490e+01,6.414013763011215019e+01,0.000000000000000000e+00
1.282235889537588847e+01,3.013252999766368490e+01,6.414013763011215019e+01,0.000000000000000000e+00
1.282235889537588491e+01,3.013252999766367779e+01,6.414013763011215019e+01,0.000000000000000000e+00
1.237076894800165761e+01,3.003354107592988953e+01,6.430056976767322396e+01,0.000000000000000000e+00
1.237076894800165583e+01,3.003354107592989664e+01,6.430056976767322396e+01,0.000000000000000000e+00
1.237076894800165583e+01,3.003354107592988953e+01,6.430056976767322396e+01,0.000000000000000000e+00
1.330058209254004531e+01,3.059329617494529430e+01,6.442580035244375836e+01,-1.967862609232423843e+00
1.330058209254004709e+01,3.059329617494528719e+01,6.442580035244374415e+01,-1.967862609232423843e+00
1.330058209254004531e+01,3.059329617494530140e+01,6.442580035244375836e+01,-1.967862609232423843e+00
1.310661241117336040e+01,3.080834076537993838e+01,6.468808497863015816e+01,-2.739119779548007561e+00
1.310661241117336040e+01,3.080834076537993127e+01,6.468808497863015816e+01,-2.739119779548007561e+00
1.310661241117336040e+01,3.080834076537994548e+01,6.468808497863015816e+01,-2.739119779548007561e+00
1.518580901440458675e+01,3.048612757374104731e+01,6.471923882371611114e+01,-3.011014630832274275e+00
1.518580901440458675e+01,3.048612757374104731e+01,6.471923882371611114e+01,-3.011014630832274275e+00
1.518580901440458142e+01,3.048612757374104731e+01,6.471923882371611114e+01,-3.011014630832274719e+00
1.663360606963977162e+01,3.087479126158580556e+01,6.470874562266872942e+01,-2.611912730178231890e+00
1.663360606963977162e+01,3.087479126158580556e+01,6.470874562266872942e+01,-2.611912730178231890e+00
1.663360606963977162e+01,3.087479126158580556e+01,6.470874562266872942e+01,-2.611912730178232778e+00
1.670494895379109579e+01,3.073670252158446203e+01,6.478495487446809875e+01,-2.301389646318027005e+00
1.670494895379109579e+01,3.073670252158445493e+01,6.478495487446811296e+01,-2.301389646318027005e+00
1.670494895379109934e+01,3.073670252158445493e+01,6.478495487446811296e+01,-2.301389646318027005e+00
1.665452053495843288e+01,3.094449373900465616e+01,6.480105516804609067e+01,-2.072990347655339072e+00
1.665452053495843288e+01,3.094449373900465261e+01,6.480105516804609067e+01,-2.072990347655339516e+00
1.665452053495843288e+01,3.094449373900465616e+01,6.480105516804609067e+01,-2.072990347655339072e+00
1.735709827302991215e+01,3.099778595599980235e+01,6.505302342817195438e+01,-2.040190366827749902e+00
1.735709827302991215e+01,3.099778595599979525e+01,6.505302342817195438e+01,-2.040190366827749902e+00
1.735709827302991215e+01,3.099778595599979525e+01,6.505302342817195438e+01,-2.040190366827749902e+00
1.838634486050545647e+01,3.150390734928333814e+01,6.518040004620117145e+01,0.000000000000000000e+00
1.838634486050545291e+01,3.150390734928333814e+01,6.518040004620118566e+01,0.000000000000000000e+00
1.838634486050545647e+01,3.150390734928334524e+01,6.518040004620118566e+01,0.000000000000000000e+00
1.869523110311181568e+01,3.193739195691079402e+01,6.508085894983113917e+01,0.000000000000000000e+00
1.869523110311181568e+01,3.193739195691079402e+01,6.508085894983115338e+01,0.000000000000000000e+00
1.869523110311181213e+01,3.193739195691079402e+01,6.508085894983115338e+01,0.000000000000000000e+00
1.838631256910402811e+01,3.237833784414025473e+01,6.525477646435277279e+01,0.000000000000000000e+00
1.838631256910403167e+01,3.237833784414025473e+01,6.525477646435277279e+01,0.000000000000000000e+00
1.838631256910403167e+01,3.237833784414025473e+01,6.525477646435277279e+01,0.000000000000000000e+00
1.858735711282602310e+01,3.288640797964287543e+01,6.514909376080056802e+01,0.000000000000000000e+00
1.858735711282602665e+01,3.288640797964287543e+01,6.514909376080055381e+01,0.000000000000000000e+00
1.858735711282602665e+01,3.288640797964287543e+01,6.514909376080055381e+01,0.000000000000000000e+00
1.772618578146632373e+01,3.341013283628637964e+01,6.499096067419402800e+01,0.000000000000000000e+00
1.772618578146632373e+01,3.341013283628637964e+01,6.499096067419402800e+01,0.000000000000000000e+00
1.772618578146632018e+01,3.341013283628637964e+01,6.499096067419402800e+01,0.000000000000000000e+00
1.617771636422433446e+01,3.397335997551768827e+01,6.457423206953565398e+01,0.000000000000000000e+00
1.617771636422433446e+01,3.397335997551768116e+01,6.457423206953565398e+01,0.000000000000000000e+00
1.617771636422433446e+01,3.397335997551768116e+01,6.457423206953566819e+01,0.000000000000000000e+00
1.721517385348371931e+01,3.461469765144907029e+01,6.420469980884858785e+01,0.000000000000000000e+00
1.721517385348371931e+01,3.461469765144907029e+01,6.420469980884857364e+01,0.000000000000000000e+00
1.721517385348371931e+01,3.461469765144907029e+01,6.420469980884857364e+01,0.000000000000000000e+00
1.923263278243156549e+01,3.517462587700299537e+01,6.392005502123469540e+01,0.000000000000000000e+00
1.923263278243156549e+01,3.517462587700299537e+01,6.392005502123469540e+01,0.000000000000000000e+00
1.923263278243156549e+01,3.517462587700299537e+01,6.392005502123469540e+01,0.000000000000000000e+00
2.022715221029009314e+01,3.585341994992879933e+01,6.346068554185121258e+01,0.000000000000000000e+00
2.022715221029008958e+01,3.585341994992879222e+01,6.346068554185121258e+01,0.000000000000000000e+00
2.022715221029008958e+01,3.585341994992879933e+01,6.346068554185121258e+01,0.000000000000000000e+00
2.026892755180839600e+01,3.666353801126730616e+01,6.308305671681772964e+01,-1.980255744523140349e+00
2.026892755180839956e+01,3.666353801126729905e+01,6.308305671681774385e+01,-1.980255744523140349e+00
2.026892755180839600e+01,3.666353801126730616e+01,6.308305671681774385e+01,-1.980255744523140793e+00
1.863469500548116287e+01,3.762691649238257696e+01,6.254506213322655839e+01,0.000000000000000000e+00
1.863469500548116287e+01,3.762691649238257696e+01,6.254506213322655839e+01,0.000000000000000000e+00
1.863469500548115931e+01,3.762691649238257696e+01,6.254506213322655839e+01,0.000000000000000000e+00
1.590727137409161962e+01,3.872151503490830748e+01,6.245952490318217798e+01,0.000000000000000000e+00
1.590727137409161607e+01,3.872151503490830748e+01,6.245952490318219219e+01,0.000000000000000000e+00
1.590727137409161962e+01,3.872151503490830748e+01,6.245952490318219219e+01,0.000000000000000000e+00
1.349305213700501049e+01,3.993477523273810448e+01,6.222778851346308215e+01,0.000000000000000000e+00
1.349305213700500694e+01,3.993477523273809027e+01,6.222778851346306794e+01,0.000000000000000000e+00
1.349305213700501049e+01,3.993477523273809737e+01,6.222778851346308215e+01,0.000000000000000000e+00
1.232437198593874328e+01,4.158516607546550148e+01,6.192596397205198855e+01,2.305051140084514394e+00
1.232437198593874150e+01,4.158516607546550858e+01,6.192596397205198855e+01,2.305051140084514394e+00
1.232437198593873973e+01,4.158516607546550148e+01,6.192596397205198855e+01,2.305051140084514394e+00
1.222836310445553032e+01,4.275531309125761936e+01,6.194086723710436360e+01,2.553547319634807522e+00
1.222836310445553032e+01,4.275531309125762647e+01,6.194086723710436360e+01,2.553547319634807522e+00
1.222836310445553032e+01,4.275531309125761936e+01,6.194086723710437781e+01,2.553547319634807522e+00
1.223689658193702634e+01,4.398905599514009879e+01,6.191520660123549646e+01,2.039601713766149960e+00
1.223689658193702634e+01,4.398905599514009879e+01,6.191520660123548225e+01,2.039601713766149960e+00
1.223689658193702634e+01,4.398905599514009879e+01,6.191520660123548225e+01,2.039601713766149960e+00
1.241058188792915473e+01,4.424169530833455610e+01,6.200021456030560074e+01,0.000000000000000000e+00
1.241058188792915118e+01,4.424169530833456321e+01,6.200021456030560074e+01,0.000000000000000000e+00
1.241058188792915296e+01,4.424169530833456321e+01,6.200021456030560074e+01,0.000000000000000000e+00
1.330566790328386162e+01,4.499975324107085584e+01,6.204234550286732031e+01,0.000000000000000000e+00
1.330566790328386162e+01,4.499975324107085584e+01,6.204234550286730610e+01,0.000000000000000000e+00
1.330566790328386340e+01,4.499975324107086294e+01,6.204234550286732031e+01,0.000000000000000000e+00
1.453279812005782823e+01,4.499348211864940339e+01,6.182891284870834170e+01,0.000000000000000000e+00
1.453279812005782823e+01,4.499348211864940339e+01,6.182891284870834170e+01,0.000000000000000000e+00
1.453279812005782823e+01,4.499348211864940339e+01,6.182891284870834170e+01,0.000000000000000000e+00
1.299213862665364339e+01,4.449715739232745193e+01,6.176492962488568850e+01,0.000000000000000000e+00
1.299213862665364339e+01,4.449715739232743772e+01,6.176492962488568850e+01,0.000000000000000000e+00
1.299213862665363983e+01,4.449715739232745193e+01,6.176492962488568850e+01,0.000000000000000000e+00
1.234092484449797666e+01,4.469370529336472941e+01,6.165886097499821972e+01,0.000000000000000000e+00
1.234092484449797489e+01,4.469370529336472941e+01,6.165886097499821972e+01,0.000000000000000000e+00
1.234092484449797666e+01,4.469370529336472941e+01,6.165886097499821972e+01,0.000000000000000000e+00
1.322742324110300061e+01,3.081110892350671904e+01,6.402598719739863498e+01,0.000000000000000000e+00
1.322742324110300061e+01,3.081110892350671904e+01,6.402598719739862076e+01,0.000000000000000000e+00
1.322742324110299705e+01,3.081110892350671904e+01,6.402598719739863498e+01,0.000000000000000000e+00
1.231915443816790479e+01,3.111755452048653936e+01,6.413642068266312890e+01,0.000000000000000000e+00
1.231915443816790479e+01,3.111755452048653936e+01,6.413642068266314311e+01,0.000000000000000000e+00
1.231915443816790656e+01,3.111755452048653936e+01,6.413642068266312890e+01,0.000000000000000000e+00
1.353111859514356929e+01,3.156659868605143515e+01,6.426517307749429619e+01,0.000000000000000000e+00
1.353111859514356929e+01,3.156659868605142805e+01,6.426517307749429619e+01,0.000000000000000000e+00
1.353111859514356929e+01,3.156659868605142805e+01,6.426517307749429619e+01,0.000000000000000000e+00
1.366692553120896569e+01,3.141630874053545242e+01,6.447137806157878970e+01,-1.979365643635114580e+00
1.366692553120896569e+01,3.141630874053545242e+01,6.447137806157878970e+01,-1.979365643635114358e+00
1.366692553120896569e+01,3.141630874053545242e+01,6.447137806157878970e+01,-1.979365643635114580e+00
1.468970800919484532e+01,3.213885834919209827e+01,6.447633917262076864e+01,0.000000000000000000e+00
1.468970800919484176e+01,3.213885834919209827e+01,6.447633917262078285e+01,0.000000000000000000e+00
1.468970800919483999e+01,3.213885834919209827e+01,6.447633917262078285e+01,0.000000000000000000e+00
1.527795187756691320e+01,3.187751505228359505e+01,6.457661719702228709e+01,0.000000000000000000e+00
1.527795187756691320e+01,3.187751505228359861e+01,6.457661719702228709e+01,0.000000000000000000e+00
1.527795187756691320e+01,3.187751505228359505e+01,6.457661719702228709e+01,0.000000000000000000e+00
1.640143750777431464e+01,3.153351943784279854e+01,6.450063812515013240e+01,0.000000000000000000e+00
1.640143750777431464e+01,3.153351943784279854e+01,6.450063812515013240e+01,0.000000000000000000e+00
1.640143750777431464e+01,3.153351943784279854e+01,6.450063812515013240e+01,0.000000000000000000e+00
1.708693106245299376e+01,3.155987055152560217e+01,6.462062348713186566e+01,0.000000000000000000e+00
1.708693106245299376e+01,3.155987055152560217e+01,6.462062348713185145e+01,0.000000000000000000e+00
1.708693106245299376e+01,3.155987055152560217e+01,6.462062348713186566e+01,0.000000000000000000e+00
1.717866768334821614e+01,3.150656482583311657e+01,6.494780040417691680e+01,0.000000000000000000e+00
1.717866768334821614e+01,3.150656482583311657e+01,6.494780040417691680e+01,0.000000000000000000e+00
1.717866768334821970e+01,3.150656482583311657e+01,6.494780040417691680e+01,0.000000000000000000e+00
1.715559500187707087e+01,3.193738227208086400e+01,6.524312167076350022e+01,0.000000000000000000e+00
1.715559500187707442e+01,3.193738227208086400e+01,6.524312167076350022e+01,0.000000000000000000e+00
1.715559500187707442e+01,3.193738227208086400e+01,6.524312167076350022e+01,0.000000000000000000e+00
1.757441339897890487e+01,3.233733015715575476e+01,6.535105594035745469e+01,0.000000000000000000e+00
1.757441339897890487e+01,3.233733015715575476e+01,6.535105594035745469e+01,0.000000000000000000e+00
1.757441339897890131e+01,3.233733015715574766e+01,6.535105594035746890e+01,0.000000000000000000e+00
1.737612946707750439e+01,3.279933597225794983e+01,6.560865672903631207e+01,0.000000000000000000e+00
1.737612946707750439e+01,3.279933597225794983e+01,6.560865672903631207e+01,0.000000000000000000e+00
1.737612946707750083e+01,3.279933597225794983e+01,6.560865672903631207e+01,0.000000000000000000e+00
1.698335812849098758e+01,3.330102808343986709e+01,6.575079810624116305e+01,0.000000000000000000e+00
1.698335812849098758e+01,3.330102808343986709e+01,6.575079810624116305e+01,0.000000000000000000e+00
1.698335812849098758e+01,3.330102808343985998e+01,6.575079810624116305e+01,0.000000000000000000e+00
1.577829167678696720e+01,3.381186421267634046e+01,6.556826157778341724e+01,0.000000000000000000e+00
1.577829167678697075e+01,3.381186421267634046e+01,6.556826157778340303e+01,0.000000000000000000e+00
1.577829167678697075e+01,3.381186421267634046e+01,6.556826157778341724e+01,0.000000000000000000e+00
1.475405293441891530e+01,3.441716372265333490e+01,6.531889165783589135e+01,0.000000000000000000e+00
1.475405293441891352e+01,3.441716372265333490e+01,6.531889165783589135e+01,0.000000000000000000e+00
1.475405293441891175e+01,3.441716372265333490e+01,6.531889165783590556e+01,0.000000000000000000e+00
1.584455098672479778e+01,3.509112584278395985e+01,6.497300449196259819e+01,0.000000000000000000e+00
1.584455098672480133e+01,3.509112584278396696e+01,6.497300449196259819e+01,0.000000000000000000e+00
1.584455098672480133e+01,3.509112584278395985e+01,6.497300449196259819e+01,0.000000000000000000e+00
1.903229712667775075e+01,3.580923418820388804e+01,6.455684974213035332e+01,0.000000000000000000e+00
1.903229712667775431e+01,3.580923418820389514e+01,6.455684974213035332e+01,0.000000000000000000e+00
1.903229712667775431e+01,3.580923418820389514e+01,6.455684974213035332e+01,0.000000000000000000e+00
2.123587628596696675e+01,3.657890878414666957e+01,6.415544234594237594e+01,0.000000000000000000e+00
2.123587628596696675e+01,3.657890878414666957e+01,6.415544234594237594e+01,0.000000000000000000e+00
2.123587628596697030e+01,3.657890878414666957e+01,6.415544234594239015e+01,0.000000000000000000e+00
2.039055629568483141e+01,3.750161696269033484e+01,6.351420476983072660e+01,-2.007056751963611330e+00
2.039055629568483141e+01,3.750161696269033484e+01,6.351420476983072660e+01,-2.007056751963611330e+00
2.039055629568483496e+01,3.750161696269033484e+01,6.351420476983072660e+01,-2.007056751963611330e+00
1.753304181639819959e+01,3.844314347402236365e+01,6.286974085037093118e+01,0.000000000000000000e+00
1.753304181639820314e+01,3.844314347402235654e+01,6.286974085037093118e+01,0.000000000000000000e+00
1.753304181639819959e+01,3.844314347402236365e+01,6.286974085037093118e+01,0.000000000000000000e+00
1.509710060866942349e+01,3.949685659193467302e+01,6.252020339187797759e+01,0.000000000000000000e+00
1.509710060866942349e+01,3.949685659193467302e+01,6.252020339187797759e+01,0.000000000000000000e+00
1.509710060866942349e+01,3.949685659193467302e+01,6.252020339187796338e+01,0.000000000000000000e+00
1.392801586996975693e+01,4.076921350010260880e+01,6.206815412535665644e+01,0.000000000000000000e+00
1.392801586996975693e+01,4.076921350010260880e+01,6.206815412535665644e+01,0.000000000000000000e+00
1.392801586996975693e+01,4.076921350010260880e+01,6.206815412535665644e+01,0.000000000000000000e+00
1.322988249467352695e+01,4.245377340424812473e+01,6.165731425260294429e+01,2.127235692728781213e+00
1.322988249467352873e+01,4.245377340424812473e+01,6.165731425260294429e+01,2.127235692728781213e+00
1.322988249467352695e+01,4.245377340424812473e+01,6.165731425260294429e+01,2.127235692728781213e+00
1.308082583060724957e+01,4.380304774381954047e+01,6.153039514665312737e+01,2.004665585903007585e+00
1.308082583060724780e+01,4.380304774381954047e+01,6.153039514665312737e+01,2.004665585903007585e+00
1.308082583060725135e+01,4.380304774381954758e+01,6.153039514665312737e+01,2.004665585903007585e+00
1.289656706521000196e+01,4.526653118382379404e+01,6.165573283948791783e+01,0.000000000000000000e+00
1.289656706521000196e+01,4.526653118382379404e+01,6.165573283948791783e+01,0.000000000000000000e+00
1.289656706521000196e+01,4.526653118382379404e+01,6.165573283948791783e+01,0.000000000000000000e+00
1.308709893376282629e+01,4.627446089709317079e+01,6.160250179586265773e+01,0.000000000000000000e+00
1.308709893376282452e+01,4.627446089709317079e+01,6.160250179586265773e+01,0.000000000000000000e+00
1.308709893376282452e+01,4.627446089709317079e+01,6.160250179586265773e+01,0.000000000000000000e+00
1.358834553722676297e+01,4.588628154540317183e+01,6.166570496669203294e+01,0.000000000000000000e+00
1.358834553722676119e+01,4.588628154540317183e+01,6.166570496669203294e+01,0.000000000000000000e+00
1.358834553722676119e+01,4.588628154540317183e+01,6.166570496669203294e+01,0.000000000000000000e+00
1.475574228537036703e+01,4.627318712111650711e+01,6.150937854715371600e+01,0.000000000000000000e+00
1.475574228537036703e+01,4.627318712111651422e+01,6.150937854715371600e+01,0.000000000000000000e+00
1.475574228537036703e+01,4.627318712111651422e+01,6.150937854715371600e+01,0.000000000000000000e+00
1.379533254357853700e+01,4.588431343462177381e+01,6.143974812848865952e+01,0.000000000000000000e+00
1.379533254357853167e+01,4.588431343462177381e+01,6.143974812848865952e+01,0.000000000000000000e+00
1.379533254357853522e+01,4.588431343462177381e+01,6.143974812848865952e+01,0.000000000000000000e+00
1.338314341214496395e+01,4.559578350757104204e+01,6.138828814069825768e+01,0.000000000000000000e+00
1.338314341214496395e+01,4.559578350757104204e+01,6.138828814069825768e+01,0.000000000000000000e+00
1.338314341214496395e+01,4.559578350757103493e+01,6.138828814069824347e+01,0.000000000000000000e+00
1.339042352895833154e+01,3.107302941242547334e+01,6.383234408113781200e+01,0.000000000000000000e+00
1.339042352895833154e+01,3.107302941242547334e+01,6.383234408113781200e+01,0.000000000000000000e+00
1.339042352895833154e+01,3.107302941242547334e+01,6.383234408113781200e+01,0.000000000000000000e+00
1.344974668792692896e+01,3.166883701202498003e+01,6.394393402192743991e+01,0.000000000000000000e+00
1.344974668792692896e+01,3.166883701202498003e+01,6.394393402192745413e+01,0.000000000000000000e+00
1.344974668792692896e+01,3.166883701202498003e+01,6.394393402192745413e+01,0.000000000000000000e+00
1.445772870170427993e+01,3.178068763782320616e+01,6.393035432042898236e+01,0.000000000000000000e+00
1.445772870170428348e+01,3.178068763782319905e+01,6.393035432042898236e+01,0.000000000000000000e+00
1.445772870170427993e+01,3.178068763782319905e+01,6.393035432042898236e+01,0.000000000000000000e+00
1.387906546352520643e+01,3.240421987040884488e+01,6.404316691791224514e+01,0.000000000000000000e+00
1.387906546352520643e+01,3.240421987040883778e+01,6.404316691791224514e+01,0.000000000000000000e+00
1.387906546352520465e+01,3.240421987040884488e+01,6.404316691791224514e+01,0.000000000000000000e+00
1.414014779985911652e+01,3.283362406446409665e+01,6.404375165436414363e+01,0.000000000000000000e+00
1.414014779985911652e+01,3.283362406446409665e+01,6.404375165436414363e+01,0.000000000000000000e+00
1.414014779985911652e+01,3.283362406446409665e+01,6.404375165436414363e+01,0.000000000000000000e+00
1.381142071500730850e+01,3.309975545135212371e+01,6.421174391866496478e+01,0.000000000000000000e+00
1.381142071500730850e+01,3.309975545135211661e+01,6.421174391866497899e+01,0.000000000000000000e+00
1.381142071500730850e+01,3.309975545135212371e+01,6.421174391866496478e+01,0.000000000000000000e+00
1.500650372106595221e+01,3.341150872413420814e+01,6.428896932920018514e+01,0.000000000000000000e+00
1.500650372106594688e+01,3.341150872413420814e+01,6.428896932920018514e+01,0.000000000000000000e+00
1.500650372106594688e+01,3.341150872413421524e+01,6.428896932920018514e+01,0.000000000000000000e+00
1.617904982048506213e+01,3.292757508036662983e+01,6.454094420098587648e+01,0.000000000000000000e+00
1.617904982048505858e+01,3.292757508036662273e+01,6.454094420098587648e+01,0.000000000000000000e+00
1.617904982048506213e+01,3.292757508036662273e+01,6.454094420098589069e+01,0.000000000000000000e+00
1.666535654351102735e+01,3.264412040706672968e+01,6.478626328660278944e+01,0.000000000000000000e+00
1.666535654351102735e+01,3.264412040706672258e+01,6.478626328660278944e+01,0.000000000000000000e+00
1.666535654351102380e+01,3.264412040706672968e+01,6.478626328660278944e+01,0.000000000000000000e+00
1.584664655863750404e+01,3.301878453041569372e+01,6.514834750906310035e+01,0.000000000000000000e+00
1.584664655863750404e+01,3.301878453041568662e+01,6.514834750906310035e+01,0.000000000000000000e+00
1.584664655863750404e+01,3.301878453041569372e+01,6.514834750906311456e+01,0.000000000000000000e+00
1.531901541161978919e+01,3.336106313210638774e+01,6.572519166131499446e+01,0.000000000000000000e+00
1.531901541161978919e+01,3.336106313210638064e+01,6.572519166131499446e+01,0.000000000000000000e+00
1.531901541161978741e+01,3.336106313210638064e+01,6.572519166131499446e+01,0.000000000000000000e+00
1.500741982895075388e+01,3.378562674571667657e+01,6.576535423813577097e+01,0.000000000000000000e+00
1.500741982895075921e+01,3.378562674571666946e+01,6.576535423813577097e+01,0.000000000000000000e+00
1.500741982895075921e+01,3.378562674571667657e+01,6.576535423813577097e+01,0.000000000000000000e+00
1.474742402708045752e+01,3.424490473052994588e+01,6.608348226211211340e+01,-2.208408925209853102e+00
1.474742402708045752e+01,3.424490473052994588e+01,6.608348226211211340e+01,-2.208408925209853102e+00
1.474742402708046107e+01,3.424490473052994588e+01,6.608348226211211340e+01,-2.208408925209853546e+00
1.447041037785670525e+01,3.477022829450579167e+01,6.586196215434161161e+01,-2.637358774729112731e+00
1.447041037785670348e+01,3.477022829450579167e+01,6.586196215434161161e+01,-2.637358774729112287e+00
1.447041037785669992e+01,3.477022829450579167e+01,6.586196215434161161e+01,-2.637358774729112731e+00
1.431443171196878694e+01,3.531790605700140162e+01,6.581582620576260467e+01,-2.473952521334833676e+00
1.431443171196878694e+01,3.531790605700140873e+01,6.581582620576260467e+01,-2.473952521334833676e+00
1.431443171196878694e+01,3.531790605700140162e+01,6.581582620576260467e+01,-2.473952521334834120e+00
1.422911098714737577e+01,3.599255746583957460e+01,6.549593730116158952e+01,0.000000000000000000e+00
1.422911098714737577e+01,3.599255746583956750e+01,6.549593730116157531e+01,0.000000000000000000e+00
1.422911098714737577e+01,3.599255746583956750e+01,6.549593730116158952e+01,0.000000000000000000e+00
1.638416193007062560e+01,3.684263073572876834e+01,6.491563593750768746e+01,0.000000000000000000e+00
1.638416193007062560e+01,3.684263073572876834e+01,6.491563593750768746e+01,0.000000000000000000e+00
1.638416193007062205e+01,3.684263073572876834e+01,6.491563593750768746e+01,0.000000000000000000e+00
1.868442180814935583e+01,3.780347301405709004e+01,6.458814586248637113e+01,0.000000000000000000e+00
1.868442180814935583e+01,3.780347301405709004e+01,6.458814586248635692e+01,0.000000000000000000e+00
1.868442180814935583e+01,3.780347301405709004e+01,6.458814586248635692e+01,0.000000000000000000e+00
1.859498420255821571e+01,3.879791580203131929e+01,6.377173257512525595e+01,0.000000000000000000e+00
1.859498420255821927e+01,3.879791580203131929e+01,6.377173257512524174e+01,0.000000000000000000e+00
1.859498420255821571e+01,3.879791580203131929e+01,6.377173257512525595e+01,0.000000000000000000e+00
1.712309102536374539e+01,3.975365890580815886e+01,6.336802157755254683e+01,0.000000000000000000e+00
1.712309102536374539e+01,3.975365890580815886e+01,6.336802157755254683e+01,0.000000000000000000e+00
1.712309102536374894e+01,3.975365890580815886e+01,6.336802157755254683e+01,0.000000000000000000e+00
1.575350587532420832e+01,4.080480103527280278e+01,6.247040301187148259e+01,0.000000000000000000e+00
1.575350587532421187e+01,4.080480103527280278e+01,6.247040301187146838e+01,0.000000000000000000e+00
1.575350587532421187e+01,4.080480103527280988e+01,6.247040301187148259e+01,0.000000000000000000e+00
1.551176842506692566e+01,4.205649903582573046e+01,6.191241823101518804e+01,0.000000000000000000e+00
1.551176842506692566e+01,4.205649903582573046e+01,6.191241823101518804e+01,0.000000000000000000e+00
1.551176842506692743e+01,4.205649903582573756e+01,6.191241823101518804e+01,0.000000000000000000e+00
1.457375519298339306e+01,4.410281480066510085e+01,6.156484175641647028e+01,0.000000000000000000e+00
1.457375519298338951e+01,4.410281480066509374e+01,6.156484175641647028e+01,0.000000000000000000e+00
1.457375519298339483e+01,4.410281480066510085e+01,6.156484175641645606e+01,0.000000000000000000e+00
1.269101127204272395e+01,4.604243434621751874e+01,6.126440453904600503e+01,0.000000000000000000e+00
1.269101127204272395e+01,4.604243434621751874e+01,6.126440453904600503e+01,0.000000000000000000e+00
1.269101127204272395e+01,4.604243434621751874e+01,6.126440453904599792e+01,0.000000000000000000e+00
1.189202718177476825e+01,4.670126884368924181e+01,6.119385337687333504e+01,0.000000000000000000e+00
1.189202718177476825e+01,4.670126884368924891e+01,6.119385337687332083e+01,0.000000000000000000e+00
1.189202718177476825e+01,4.670126884368924181e+01,6.119385337687332083e+01,0.000000000000000000e+00
1.230719280873391952e+01,4.705048782684282571e+01,6.104667049157006176e+01,0.000000000000000000e+00
1.230719280873391952e+01,4.705048782684282571e+01,6.104667049157006886e+01,0.000000000000000000e+00
1.230719280873391952e+01,4.705048782684282571e+01,6.104667049157006886e+01,0.000000000000000000e+00
1.276772063087314990e+01,4.696276544874493908e+01,6.109952379732767014e+01,-2.119210812162833246e+00
1.276772063087314990e+01,4.696276544874493908e+01,6.109952379732767014e+01,-2.119210812162833690e+00
1.276772063087314990e+01,4.696276544874494618e+01,6.109952379732767014e+01,-2.119210812162833690e+00
1.413684517385866002e+01,4.649007878921705839e+01,6.103712423713235324e+01,0.000000000000000000e+00
1.413684517385865824e+01,4.649007878921705839e+01,6.103712423713235324e+01,0.000000000000000000e+00
1.413684517385865824e+01,4.649007878921706549e+01,6.103712423713235324e+01,0.000000000000000000e+00
1.371866822632169303e+01,4.647591376688585285e+01,6.111710334813064094e+01,0.000000000000000000e+00
1.371866822632169303e+01,4.647591376688585285e+01,6.111710334813064804e+01,0.000000000000000000e+00
1.371866822632169658e+01,4.647591376688585285e+01,6.111710334813064804e+01,0.000000000000000000e+00
1.392384807350786780e+01,4.586596116995352190e+01,6.106028453849371829e+01,0.000000000000000000e+00
1.392384807350786780e+01,4.586596116995352190e+01,6.106028453849370408e+01,0.000000000000000000e+00
1.392384807350786780e+01,4.586596116995351480e+01,6.106028453849370408e+01,0.000000000000000000e+00
1.372398472323740215e+01,3.160560228003703287e+01,6.351527428588946123e+01,0.000000000000000000e+00
1.372398472323740215e+01,3.160560228003703287e+01,6.351527428588946123e+01,0.000000000000000000e+00
1.372398472323740215e+01,3.160560228003703287e+01,6.351527428588946123e+01,0.000000000000000000e+00
1.340473133510962711e+01,3.194878613485105134e+01,6.356829111023800039e+01,0.000000000000000000e+00
1.340473133510962711e+01,3.194878613485105134e+01,6.356829111023800039e+01,0.000000000000000000e+00
1.340473133510962711e+01,3.194878613485105134e+01,6.356829111023798617e+01,0.000000000000000000e+00
1.453805070076684203e+01,3.249951345223234256e+01,6.360757885636649434e+01,0.000000000000000000e+00
1.453805070076684025e+01,3.249951345223234256e+01,6.360757885636649434e+01,0.000000000000000000e+00
1.453805070076684558e+01,3.249951345223234256e+01,6.360757885636649434e+01,0.000000000000000000e+00
1.312201276578540110e+01,3.285735762107378832e+01,6.372032407157246325e+01,0.000000000000000000e+00
1.312201276578540110e+01,3.285735762107378122e+01,6.372032407157246325e+01,0.000000000000000000e+00
1.312201276578540110e+01,3.285735762107378122e+01,6.372032407157246325e+01,0.000000000000000000e+00
1.345131574088760829e+01,3.324883130861865510e+01,6.385069173885220550e+01,0.000000000000000000e+00
1.345131574088760829e+01,3.324883130861864799e+01,6.385069173885220550e+01,0.000000000000000000e+00
1.345131574088760829e+01,3.324883130861865510e+01,6.385069173885220550e+01,0.000000000000000000e+00
1.350579366490162592e+01,3.414594254658356220e+01,6.396540407178232357e+01,0.000000000000000000e+00
1.350579366490162947e+01,3.414594254658356931e+01,6.396540407178232357e+01,0.000000000000000000e+00
1.350579366490162947e+01,3.414594254658356931e+01,6.396540407178230936e+01,0.000000000000000000e+00
1.406443930142544474e+01,3.431598380059810438e+01,6.405928551671709670e+01,2.517994536506933834e+00
1.406443930142544474e+01,3.431598380059810438e+01,6.405928551671709670e+01,2.517994536506933834e+00
1.406443930142544474e+01,3.431598380059810438e+01,6.405928551671709670e+01,2.517994536506933390e+00
1.437401035467641819e+01,3.437481211623713762e+01,6.442963113209665948e+01,2.332985584714673877e+00
1.437401035467642174e+01,3.437481211623713762e+01,6.442963113209665948e+01,2.332985584714673877e+00
1.437401035467642174e+01,3.437481211623713762e+01,6.442963113209665948e+01,2.332985584714673877e+00
1.400239109522084036e+01,3.368131279521497135e+01,6.480055639461201622e+01,0.000000000000000000e+00
1.400239109522084036e+01,3.368131279521497135e+01,6.480055639461201622e+01,0.000000000000000000e+00
1.400239109522084036e+01,3.368131279521496424e+01,6.480055639461203043e+01,0.000000000000000000e+00
1.331346862313303703e+01,3.394467655516734084e+01,6.525541383103862358e+01,0.000000000000000000e+00
1.331346862313304058e+01,3.394467655516733373e+01,6.525541383103860937e+01,0.000000000000000000e+00
1.331346862313303880e+01,3.394467655516734084e+01,6.525541383103860937e+01,0.000000000000000000e+00
1.313037578351054435e+01,3.429873063490637008e+01,6.580459630503079893e+01,0.000000000000000000e+00
1.313037578351054435e+01,3.429873063490637008e+01,6.580459630503078472e+01,0.000000000000000000e+00
1.313037578351054435e+01,3.429873063490637008e+01,6.580459630503079893e+01,0.000000000000000000e+00
1.319561143138698434e+01,3.465225951868422527e+01,6.588764641116850385e+01,0.000000000000000000e+00
1.319561143138698256e+01,3.465225951868421816e+01,6.588764641116850385e+01,0.000000000000000000e+00
1.319561143138698256e+01,3.465225951868422527e+01,6.588764641116851806e+01,0.000000000000000000e+00
1.394361473587307820e+01,3.507857207068649785e+01,6.600679476392600975e+01,0.000000000000000000e+00
1.394361473587307820e+01,3.507857207068649785e+01,6.600679476392600975e+01,0.000000000000000000e+00
1.394361473587307998e+01,3.507857207068649785e+01,6.600679476392600975e+01,0.000000000000000000e+00
1.446645608715577680e+01,3.564561151243334791e+01,6.614440881732144817e+01,-2.361474287383329429e+00
1.446645608715577680e+01,3.564561151243334791e+01,6.614440881732146238e+01,-2.361474287383329873e+00
1.446645608715577680e+01,3.564561151243334791e+01,6.614440881732146238e+01,-2.361474287383329429e+00
1.373173899460618053e+01,3.616130146375373755e+01,6.606601763841712227e+01,-2.571643489891321188e+00
1.373173899460617875e+01,3.616130146375374466e+01,6.606601763841713648e+01,-2.571643489891320300e+00
1.373173899460618053e+01,3.616130146375373755e+01,6.606601763841713648e+01,-2.571643489891320300e+00
1.437209438906538317e+01,3.683557526798556125e+01,6.577079838913157062e+01,-2.074628676108217107e+00
1.437209438906538317e+01,3.683557526798556836e+01,6.577079838913157062e+01,-2.074628676108217107e+00
1.437209438906538317e+01,3.683557526798556125e+01,6.577079838913157062e+01,-2.074628676108217107e+00
1.583035315361625095e+01,3.774338219808453943e+01,6.527171523067990222e+01,0.000000000000000000e+00
1.583035315361625273e+01,3.774338219808453232e+01,6.527171523067990222e+01,0.000000000000000000e+00
1.583035315361625095e+01,3.774338219808453943e+01,6.527171523067990222e+01,0.000000000000000000e+00
1.690942335909765504e+01,3.875595598909261952e+01,6.459595092442336295e+01,0.000000000000000000e+00
1.690942335909765859e+01,3.875595598909261952e+01,6.459595092442336295e+01,0.000000000000000000e+00
1.690942335909765859e+01,3.875595598909261952e+01,6.459595092442336295e+01,0.000000000000000000e+00
1.763156956800015251e+01,3.975355694975079501e+01,6.401443727240989290e+01,0.000000000000000000e+00
1.763156956800015607e+01,3.975355694975078791e+01,6.401443727240989290e+01,0.000000000000000000e+00
1.763156956800015607e+01,3.975355694975079501e+01,6.401443727240989290e+01,0.000000000000000000e+00
1.673151621138914891e+01,4.071416243764826959e+01,6.356413653363580352e+01,0.000000000000000000e+00
1.673151621138914891e+01,4.071416243764826959e+01,6.356413653363580352e+01,0.000000000000000000e+00
1.673151621138915246e+01,4.071416243764827669e+01,6.356413653363579641e+01,0.000000000000000000e+00
1.507819255449288676e+01,4.185783432099567136e+01,6.268734009594463430e+01,0.000000000000000000e+00
1.507819255449288676e+01,4.185783432099567136e+01,6.268734009594463430e+01,0.000000000000000000e+00
1.507819255449288320e+01,4.185783432099567136e+01,6.268734009594464851e+01,0.000000000000000000e+00
1.483891671188859895e+01,4.329999025088856257e+01,6.200403653943206450e+01,2.138819967379984366e+00
1.483891671188859895e+01,4.329999025088856968e+01,6.200403653943206450e+01,2.138819967379984366e+00
1.483891671188860251e+01,4.329999025088856257e+01,6.200403653943206450e+01,2.138819967379984366e+00
1.429084034390242763e+01,4.588178434134373873e+01,6.148784485406127231e+01,2.162753722926559874e+00
1.429084034390242586e+01,4.588178434134373873e+01,6.148784485406127231e+01,2.162753722926560318e+00
1.429084034390242763e+01,4.588178434134373873e+01,6.148784485406127231e+01,2.162753722926559874e+00
1.188650218350756660e+01,4.709050387888770217e+01,6.102826399773849175e+01,0.000000000000000000e+00
1.188650218350756838e+01,4.709050387888769507e+01,6.102826399773848465e+01,0.000000000000000000e+00
1.188650218350756838e+01,4.709050387888770217e+01,6.102826399773849175e+01,0.000000000000000000e+00
1.060827037011731910e+01,4.776719476493823890e+01,6.091352081506867222e+01,0.000000000000000000e+00
1.060827037011731733e+01,4.776719476493823890e+01,6.091352081506868643e+01,0.000000000000000000e+00
1.060827037011731910e+01,4.776719476493823890e+01,6.091352081506868643e+01,0.000000000000000000e+00
1.154603915286427451e+01,4.734793466824987718e+01,6.080296213261401306e+01,0.000000000000000000e+00
1.154603915286427451e+01,4.734793466824987718e+01,6.080296213261402727e+01,0.000000000000000000e+00
1.154603915286427451e+01,4.734793466824987718e+01,6.080296213261402727e+01,0.000000000000000000e+00
1.267705759889613049e+01,4.726773936443345292e+01,6.069415398792268945e+01,0.000000000000000000e+00
1.267705759889613404e+01,4.726773936443345292e+01,6.069415398792268945e+01,0.000000000000000000e+00
1.267705759889613404e+01,4.726773936443345292e+01,6.069415398792268945e+01,0.000000000000000000e+00
1.407419400693419753e+01,4.708556852547261684e+01,6.061723744988389484e+01,0.000000000000000000e+00
1.407419400693420108e+01,4.708556852547261684e+01,6.061723744988389484e+01,0.000000000000000000e+00
1.407419400693420286e+01,4.708556852547261684e+01,6.061723744988389484e+01,0.000000000000000000e+00
1.382172662154420095e+01,4.660830240953401216e+01,6.062792637005667729e+01,0.000000000000000000e+00
1.382172662154420095e+01,4.660830240953401216e+01,6.062792637005667729e+01,0.000000000000000000e+00
1.382172662154420095e+01,4.660830240953401216e+01,6.062792637005667729e+01,0.000000000000000000e+00
1.426411316979767108e+01,4.630351167014745783e+01,6.062749000763981400e+01,0.000000000000000000e+00
1.426411316979767108e+01,4.630351167014745783e+01,6.062749000763981400e+01,0.000000000000000000e+00
1.426411316979767108e+01,4.630351167014745783e+01,6.062749000763981400e+01,0.000000000000000000e+00
1.428924852664694356e+01,3.174856382941094424e+01,6.310974133523611584e+01,0.000000000000000000e+00
1.428924852664694534e+01,3.174856382941094424e+01,6.310974133523610163e+01,0.000000000000000000e+00
1.428924852664694534e+01,3.174856382941094424e+01,6.310974133523610163e+01,0.000000000000000000e+00
1.391444729455681895e+01,3.223794487066999892e+01,6.335172183401265755e+01,0.000000000000000000e+00
1.391444729455681895e+01,3.223794487066999892e+01,6.335172183401265755e+01,0.000000000000000000e+00
1.391444729455682250e+01,3.223794487066999181e+01,6.335172183401265755e+01,0.000000000000000000e+00
1.468917454538374834e+01,3.251082697077719530e+01,6.345298979955003915e+01,0.000000000000000000e+00
1.468917454538374834e+01,3.251082697077718819e+01,6.345298979955003915e+01,0.000000000000000000e+00
1.468917454538374834e+01,3.251082697077718819e+01,6.345298979955003915e+01,0.000000000000000000e+00
1.281696881093189511e+01,3.323675499252401266e+01,6.345505808733951625e+01,0.000000000000000000e+00
1.281696881093189333e+01,3.323675499252401266e+01,6.345505808733951625e+01,0.000000000000000000e+00
1.281696881093189511e+01,3.323675499252401266e+01,6.345505808733951625e+01,0.000000000000000000e+00
1.356492976947956208e+01,3.377803271588005174e+01,6.343773261968935628e+01,0.000000000000000000e+00
1.356492976947956386e+01,3.377803271588005174e+01,6.343773261968935628e+01,0.000000000000000000e+00
1.356492976947956386e+01,3.377803271588005174e+01,6.343773261968935628e+01,0.000000000000000000e+00
1.406306905432137988e+01,3.419437127630369133e+01,6.355895489290794842e+01,2.223268444852309234e+00
1.406306905432137988e+01,3.419437127630369133e+01,6.355895489290794842e+01,2.223268444852309234e+00
1.406306905432137988e+01,3.419437127630369133e+01,6.355895489290794842e+01,2.223268444852309234e+00
1.372508368275348900e+01,3.494630948831928663e+01,6.408585088184024414e+01,2.742367107722586184e+00
1.372508368275348722e+01,3.494630948831929373e+01,6.408585088184024414e+01,2.742367107722586628e+00
1.372508368275348900e+01,3.494630948831928663e+01,6.408585088184024414e+01,2.742367107722586184e+00
1.315136819362806264e+01,3.489921179393804351e+01,6.446901916506854491e+01,2.599575809706259566e+00
1.315136819362806087e+01,3.489921179393804351e+01,6.446901916506854491e+01,2.599575809706259566e+00
1.315136819362806264e+01,3.489921179393804351e+01,6.446901916506854491e+01,2.599575809706260010e+00
1.258783235246948706e+01,3.484516223869077578e+01,6.498341643680387847e+01,0.000000000000000000e+00
1.258783235246948706e+01,3.484516223869077578e+01,6.498341643680387847e+01,0.000000000000000000e+00
1.258783235246948706e+01,3.484516223869077578e+01,6.498341643680387847e+01,0.000000000000000000e+00
1.203037243468840067e+01,3.500152795422098961e+01,6.527816551228804087e+01,0.000000000000000000e+00
1.203037243468840067e+01,3.500152795422098961e+01,6.527816551228802666e+01,0.000000000000000000e+00
1.203037243468840245e+01,3.500152795422098961e+01,6.527816551228802666e+01,0.000000000000000000e+00
1.193645665051974625e+01,3.538856826407494793e+01,6.572257451306023768e+01,0.000000000000000000e+00
1.193645665051974625e+01,3.538856826407494793e+01,6.572257451306023768e+01,0.000000000000000000e+00
1.193645665051974625e+01,3.538856826407494793e+01,6.572257451306023768e+01,0.000000000000000000e+00
1.245242250645990723e+01,3.577588437005556443e+01,6.592923318551967782e+01,0.000000000000000000e+00
1.245242250645990723e+01,3.577588437005555733e+01,6.592923318551967782e+01,0.000000000000000000e+00
1.245242250645990900e+01,3.577588437005556443e+01,6.592923318551969203e+01,0.000000000000000000e+00
1.384150221822137183e+01,3.626025374136411017e+01,6.610513860784197959e+01,0.000000000000000000e+00
1.384150221822137183e+01,3.626025374136411727e+01,6.610513860784197959e+01,0.000000000000000000e+00
1.384150221822137183e+01,3.626025374136411017e+01,6.610513860784197959e+01,0.000000000000000000e+00
1.400009838360677072e+01,3.680259927996495151e+01,6.612781330249268308e+01,0.000000000000000000e+00
1.400009838360677072e+01,3.680259927996495151e+01,6.612781330249268308e+01,0.000000000000000000e+00
1.400009838360677250e+01,3.680259927996495151e+01,6.612781330249268308e+01,0.000000000000000000e+00
1.341510549529090035e+01,3.741171193559883790e+01,6.598456930636957907e+01,-2.249291029992429802e+00
1.341510549529090035e+01,3.741171193559883790e+01,6.598456930636956486e+01,-2.249291029992430246e+00
1.341510549529090035e+01,3.741171193559883790e+01,6.598456930636956486e+01,-2.249291029992430246e+00
1.480796047835364959e+01,3.808029261951153188e+01,6.570980014050840623e+01,-2.009706666302867539e+00
1.480796047835365314e+01,3.808029261951153899e+01,6.570980014050840623e+01,-2.009706666302867983e+00
1.480796047835365314e+01,3.808029261951153899e+01,6.570980014050840623e+01,-2.009706666302867539e+00
1.612480318803719825e+01,3.892695118841525215e+01,6.531733490284814536e+01,0.000000000000000000e+00
1.612480318803719825e+01,3.892695118841525215e+01,6.531733490284814536e+01,0.000000000000000000e+00
1.612480318803720181e+01,3.892695118841525215e+01,6.531733490284814536e+01,0.000000000000000000e+00
1.634332568841735167e+01,3.984038649833988899e+01,6.479633140997863450e+01,0.000000000000000000e+00
1.634332568841735522e+01,3.984038649833988188e+01,6.479633140997863450e+01,0.000000000000000000e+00
1.634332568841735522e+01,3.984038649833988188e+01,6.479633140997863450e+01,0.000000000000000000e+00
1.656915070512414090e+01,4.079929256141415550e+01,6.417617581603636268e+01,0.000000000000000000e+00
1.656915070512414445e+01,4.079929256141415550e+01,6.417617581603636268e+01,0.000000000000000000e+00
1.656915070512414090e+01,4.079929256141415550e+01,6.417617581603636268e+01,0.000000000000000000e+00
1.580899487059301478e+01,4.191146210941099781e+01,6.359614348043767507e+01,0.000000000000000000e+00
1.580899487059301300e+01,4.191146210941100492e+01,6.359614348043767507e+01,0.000000000000000000e+00
1.580899487059301300e+01,4.191146210941100492e+01,6.359614348043768928e+01,0.000000000000000000e+00
1.408739769858311064e+01,4.318187918430669470e+01,6.283009690567298833e+01,0.000000000000000000e+00
1.408739769858311064e+01,4.318187918430669470e+01,6.283009690567298833e+01,0.000000000000000000e+00
1.408739769858311064e+01,4.318187918430669470e+01,6.283009690567298833e+01,0.000000000000000000e+00
1.359316955950448325e+01,4.481890965153719009e+01,6.230670474613130949e+01,2.496562470636579434e+00
1.359316955950448147e+01,4.481890965153718298e+01,6.230670474613130949e+01,2.496562470636578990e+00
1.359316955950447792e+01,4.481890965153718298e+01,6.230670474613132370e+01,2.496562470636579434e+00
1.375204809053148658e+01,4.651257134619427092e+01,6.161036984076845613e+01,2.352456539219383469e+00
1.375204809053148658e+01,4.651257134619425671e+01,6.161036984076847034e+01,2.352456539219383025e+00
1.375204809053149013e+01,4.651257134619425671e+01,6.161036984076847034e+01,2.352456539219382581e+00
1.233683077562794494e+01,4.772026093232588551e+01,6.111218509348964290e+01,0.000000000000000000e+00
1.233683077562794317e+01,4.772026093232589972e+01,6.111218509348964290e+01,0.000000000000000000e+00
1.233683077562794317e+01,4.772026093232589972e+01,6.111218509348964290e+01,0.000000000000000000e+00
1.088717650888356836e+01,4.762017851444132788e+01,6.049908572728141820e+01,0.000000000000000000e+00
1.088717650888357014e+01,4.762017851444132788e+01,6.049908572728141820e+01,0.000000000000000000e+00
1.088717650888356836e+01,4.762017851444132788e+01,6.049908572728141820e+01,0.000000000000000000e+00
1.161786481629679990e+01,4.766265392152403280e+01,6.035867323620054492e+01,0.000000000000000000e+00
1.161786481629679990e+01,4.766265392152402569e+01,6.035867323620054492e+01,0.000000000000000000e+00
1.161786481629679990e+01,4.766265392152403280e+01,6.035867323620053071e+01,0.000000000000000000e+00
1.290130927246605275e+01,4.739593249640935113e+01,6.038968546203853549e+01,0.000000000000000000e+00
1.290130927246605275e+01,4.739593249640935113e+01,6.038968546203853549e+01,0.000000000000000000e+00
1.290130927246605275e+01,4.739593249640935113e+01,6.038968546203853549e+01,0.000000000000000000e+00
1.459512901314569255e+01,4.681896883924403596e+01,6.041549439413194733e+01,0.000000000000000000e+00
1.459512901314569255e+01,4.681896883924403596e+01,6.041549439413193312e+01,0.000000000000000000e+00
1.459512901314569255e+01,4.681896883924403596e+01,6.041549439413194733e+01,0.000000000000000000e+00
1.387099031846548058e+01,4.666214333695233307e+01,6.034439363399054912e+01,0.000000000000000000e+00
1.387099031846547881e+01,4.666214333695233307e+01,6.034439363399054912e+01,0.000000000000000000e+00
1.387099031846548058e+01,4.666214333695233307e+01,6.034439363399054201e+01,0.000000000000000000e+00
1.447300659428830372e+01,4.621870306751900870e+01,6.012857700755048285e+01,0.000000000000000000e+00
1.447300659428830372e+01,4.621870306751900870e+01,6.012857700755046864e+01,0.000000000000000000e+00
1.447300659428830372e+01,4.621870306751900870e+01,6.012857700755048285e+01,0.000000000000000000e+00
1.494197322937244365e+01,3.183244427324000725e+01,6.305050044818680988e+01,0.000000000000000000e+00
1.494197322937244365e+01,3.183244427324001435e+01,6.305050044818679567e+01,0.000000000000000000e+00
1.494197322937244010e+01,3.183244427324001435e+01,6.305050044818679567e+01,0.000000000000000000e+00
1.492129060415728503e+01,3.216415306431788679e+01,6.305489628682594372e+01,0.000000000000000000e+00
1.492129060415728681e+01,3.216415306431788679e+01,6.305489628682594372e+01,0.000000000000000000e+00
1.492129060415728681e+01,3.216415306431788679e+01,6.305489628682594372e+01,0.000000000000000000e+00
1.547130894983362026e+01,3.296889314916550262e+01,6.301673225362036135e+01,0.000000000000000000e+00
1.547130894983362026e+01,3.296889314916550973e+01,6.301673225362036135e+01,0.000000000000000000e+00
1.547130894983362026e+01,3.296889314916550262e+01,6.301673225362036135e+01,0.000000000000000000e+00
1.322129513019572045e+01,3.310387022543538649e+01,6.293043837623547176e+01,0.000000000000000000e+00
1.322129513019572045e+01,3.310387022543538649e+01,6.293043837623547176e+01,0.000000000000000000e+00
1.322129513019572222e+01,3.310387022543538649e+01,6.293043837623547176e+01,0.000000000000000000e+00
1.326950508635159665e+01,3.378520746248624107e+01,6.322221468173726322e+01,0.000000000000000000e+00
1.326950508635159665e+01,3.378520746248624107e+01,6.322221468173725611e+01,0.000000000000000000e+00
1.326950508635159665e+01,3.378520746248624107e+01,6.322221468173726322e+01,0.000000000000000000e+00
1.312291794029849257e+01,3.445504185628038130e+01,6.354322747169636187e+01,0.000000000000000000e+00
1.312291794029849079e+01,3.445504185628038130e+01,6.354322747169636187e+01,0.000000000000000000e+00
1.312291794029849257e+01,3.445504185628038130e+01,6.354322747169634766e+01,0.000000000000000000e+00
1.242340984956676841e+01,3.473057088899160760e+01,6.407375975309093974e+01,2.016314891327113834e+00
1.242340984956676664e+01,3.473057088899161471e+01,6.407375975309093974e+01,2.016314891327113834e+00
1.242340984956676841e+01,3.473057088899160760e+01,6.407375975309093974e+01,2.016314891327113834e+00
1.232726041938328443e+01,3.528500722372708509e+01,6.439971416522328695e+01,1.985978848747455006e+00
1.232726041938328265e+01,3.528500722372708509e+01,6.439971416522328695e+01,1.985978848747455006e+00
1.232726041938328265e+01,3.528500722372708509e+01,6.439971416522328695e+01,1.985978848747455006e+00
1.258002797836927300e+01,3.569296585132523347e+01,6.497259094721073325e+01,0.000000000000000000e+00
1.258002797836927300e+01,3.569296585132523347e+01,6.497259094721073325e+01,0.000000000000000000e+00
1.258002797836927478e+01,3.569296585132523347e+01,6.497259094721073325e+01,0.000000000000000000e+00
1.232629547656169500e+01,3.525456124237359035e+01,6.536330137343072977e+01,0.000000000000000000e+00
1.232629547656169500e+01,3.525456124237359035e+01,6.536330137343072977e+01,0.000000000000000000e+00
1.232629547656169677e+01,3.525456124237359035e+01,6.536330137343074398e+01,0.000000000000000000e+00
1.204150167133723848e+01,3.543410260704001757e+01,6.558175820149574520e+01,0.000000000000000000e+00
1.204150167133723848e+01,3.543410260704001757e+01,6.558175820149574520e+01,0.000000000000000000e+00
1.204150167133724025e+01,3.543410260704001757e+01,6.558175820149574520e+01,0.000000000000000000e+00
1.227184895407282816e+01,3.590879011233409557e+01,6.598232802089415827e+01,0.000000000000000000e+00
1.227184895407282639e+01,3.590879011233409557e+01,6.598232802089415827e+01,0.000000000000000000e+00
1.227184895407282639e+01,3.590879011233409557e+01,6.598232802089415827e+01,0.000000000000000000e+00
1.284225635240798091e+01,3.642002943403694104e+01,6.601222906055190265e+01,0.000000000000000000e+00
1.284225635240798091e+01,3.642002943403694104e+01,6.601222906055188844e+01,0.000000000000000000e+00
1.284225635240798091e+01,3.642002943403693394e+01,6.601222906055190265e+01,0.000000000000000000e+00
1.303879100914474520e+01,3.699408793661947215e+01,6.608877535580226947e+01,0.000000000000000000e+00
1.303879100914474520e+01,3.699408793661947215e+01,6.608877535580226947e+01,0.000000000000000000e+00
1.303879100914474520e+01,3.699408793661947925e+01,6.608877535580226947e+01,0.000000000000000000e+00
1.362481217226455676e+01,3.761495745707035354e+01,6.604738468849305377e+01,0.000000000000000000e+00
1.362481217226455676e+01,3.761495745707035354e+01,6.604738468849308219e+01,0.000000000000000000e+00
1.362481217226455676e+01,3.761495745707035354e+01,6.604738468849306798e+01,0.000000000000000000e+00
1.491627038294058671e+01,3.828014202985497860e+01,6.579437468102300102e+01,0.000000000000000000e+00
1.491627038294058494e+01,3.828014202985497860e+01,6.579437468102298681e+01,0.000000000000000000e+00
1.491627038294058671e+01,3.828014202985497860e+01,6.579437468102300102e+01,0.000000000000000000e+00
1.598381498715552951e+01,3.903064447745872201e+01,6.533808350445336544e+01,0.000000000000000000e+00
1.598381498715552951e+01,3.903064447745872201e+01,6.533808350445336544e+01,0.000000000000000000e+00
1.598381498715552951e+01,3.903064447745871490e+01,6.533808350445336544e+01,0.000000000000000000e+00
1.583179741074984470e+01,3.982992156714178833e+01,6.479177993852975703e+01,0.000000000000000000e+00
1.583179741074984470e+01,3.982992156714178833e+01,6.479177993852975703e+01,0.000000000000000000e+00
1.583179741074984470e+01,3.982992156714180254e+01,6.479177993852974282e+01,0.000000000000000000e+00
1.598024240888151226e+01,4.074123366761688914e+01,6.434909503208230319e+01,0.000000000000000000e+00
1.598024240888151581e+01,4.074123366761689624e+01,6.434909503208230319e+01,0.000000000000000000e+00
1.598024240888151226e+01,4.074123366761688914e+01,6.434909503208231740e+01,0.000000000000000000e+00
1.550951228836597728e+01,4.187924454967748034e+01,6.356950150744950889e+01,0.000000000000000000e+00
1.550951228836597728e+01,4.187924454967748034e+01,6.356950150744950889e+01,0.000000000000000000e+00
1.550951228836597728e+01,4.187924454967748034e+01,6.356950150744950889e+01,0.000000000000000000e+00
1.412019709741428741e+01,4.345788025346026728e+01,6.304973357983659810e+01,0.000000000000000000e+00
1.412019709741428741e+01,4.345788025346026018e+01,6.304973357983658389e+01,0.000000000000000000e+00
1.412019709741428741e+01,4.345788025346026018e+01,6.304973357983658389e+01,0.000000000000000000e+00
1.311853707077785280e+01,4.589744153083113076e+01,6.240821324272329207e+01,2.091118719550158822e+00
1.311853707077785103e+01,4.589744153083113076e+01,6.240821324272329207e+01,2.091118719550159266e+00
1.311853707077785103e+01,4.589744153083113076e+01,6.240821324272329207e+01,2.091118719550159266e+00
1.321042285142148920e+01,4.684084914803011657e+01,6.163146924905908008e+01,0.000000000000000000e+00
1.321042285142148920e+01,4.684084914803010236e+01,6.163146924905908008e+01,0.000000000000000000e+00
1.321042285142148920e+01,4.684084914803011657e+01,6.163146924905909430e+01,0.000000000000000000e+00
1.244328653846751109e+01,4.723406519147089710e+01,6.117568037032955175e+01,0.000000000000000000e+00
1.244328653846751287e+01,4.723406519147089710e+01,6.117568037032955175e+01,0.000000000000000000e+00
1.244328653846751287e+01,4.723406519147089710e+01,6.117568037032953043e+01,0.000000000000000000e+00
1.200312401000096330e+01,4.762029591200727907e+01,6.053855482529151999e+01,0.000000000000000000e+00
1.200312401000096330e+01,4.762029591200727197e+01,6.053855482529151999e+01,0.000000000000000000e+00
1.200312401000096330e+01,4.762029591200727197e+01,6.053855482529152710e+01,0.000000000000000000e+00
1.242219304778239497e+01,4.734895420495541174e+01,6.016085562778946638e+01,0.000000000000000000e+00
1.242219304778239497e+01,4.734895420495541174e+01,6.016085562778946638e+01,0.000000000000000000e+00
1.242219304778239497e+01,4.734895420495541885e+01,6.016085562778946638e+01,0.000000000000000000e+00
1.321044217941778953e+01,4.693097036230003027e+01,5.983974913459242373e+01,0.000000000000000000e+00
1.321044217941778953e+01,4.693097036230003027e+01,5.983974913459242373e+01,0.000000000000000000e+00
1.321044217941778953e+01,4.693097036230002317e+01,5.983974913459242373e+01,0.000000000000000000e+00
1.480268653632410114e+01,4.701340982794251033e+01,5.994024614237697079e+01,0.000000000000000000e+00
1.480268653632410469e+01,4.701340982794251033e+01,5.994024614237697079e+01,0.000000000000000000e+00
1.480268653632410114e+01,4.701340982794251744e+01,5.994024614237697079e+01,0.000000000000000000e+00
1.385935918595015259e+01,4.628666754870796751e+01,6.000325321681043533e+01,0.000000000000000000e+00
1.385935918595015437e+01,4.628666754870796751e+01,6.000325321681042823e+01,0.000000000000000000e+00
1.385935918595015437e+01,4.628666754870796751e+01,6.000325321681042823e+01,0.000000000000000000e+00
1.435542847811863076e+01,4.603598796543567317e+01,6.003026881600953857e+01,0.000000000000000000e+00
1.435542847811862721e+01,4.603598796543567317e+01,6.003026881600953857e+01,0.000000000000000000e+00
1.435542847811863076e+01,4.603598796543567317e+01,6.003026881600953857e+01,0.000000000000000000e+00
1.553287043513762633e+01,3.197963039914787942e+01,6.268157224370291658e+01,0.000000000000000000e+00
1.553287043513762633e+01,3.197963039914788652e+01,6.268157224370291658e+01,0.000000000000000000e+00
1.553287043513762633e+01,3.197963039914788652e+01,6.268157224370290237e+01,0.000000000000000000e+00
1.599668193441537589e+01,3.243361508307430796e+01,6.271507282674321715e+01,0.000000000000000000e+00
1.599668193441537412e+01,3.243361508307430796e+01,6.271507282674321715e+01,0.000000000000000000e+00
1.599668193441537589e+01,3.243361508307431507e+01,6.271507282674321715e+01,0.000000000000000000e+00
1.603339967498041929e+01,3.263630951511552070e+01,6.273883706488550871e+01,0.000000000000000000e+00
1.603339967498041929e+01,3.263630951511552070e+01,6.273883706488550871e+01,0.000000000000000000e+00
1.603339967498041929e+01,3.263630951511552070e+01,6.273883706488550871e+01,0.000000000000000000e+00
1.368110820034302577e+01,3.312285660731242132e+01,6.304293393427957426e+01,0.000000000000000000e+00
1.368110820034302577e+01,3.312285660731242132e+01,6.304293393427957426e+01,0.000000000000000000e+00
1.368110820034302577e+01,3.312285660731242132e+01,6.304293393427956005e+01,0.000000000000000000e+00
1.341578756897597025e+01,3.368020603610821695e+01,6.302373426179612181e+01,0.000000000000000000e+00
1.341578756897597202e+01,3.368020603610820984e+01,6.302373426179612181e+01,0.000000000000000000e+00
1.341578756897597025e+01,3.368020603610821695e+01,6.302373426179612181e+01,0.000000000000000000e+00
1.272553768407654928e+01,3.447602039680082697e+01,6.365060875228129333e+01,0.000000000000000000e+00
1.272553768407654928e+01,3.447602039680083408e+01,6.365060875228129333e+01,0.000000000000000000e+00
1.272553768407655106e+01,3.447602039680082697e+01,6.365060875228129333e+01,0.000000000000000000e+00
1.163223408738476117e+01,3.488088546062373752e+01,6.403096089984023820e+01,0.000000000000000000e+00
1.163223408738475939e+01,3.488088546062373752e+01,6.403096089984022399e+01,0.000000000000000000e+00
1.163223408738476117e+01,3.488088546062373752e+01,6.403096089984023820e+01,0.000000000000000000e+00
1.176803780989631498e+01,3.536298693466822840e+01,6.447931788345925952e+01,0.000000000000000000e+00
1.176803780989631498e+01,3.536298693466822840e+01,6.447931788345927373e+01,0.000000000000000000e+00
1.176803780989631321e+01,3.536298693466822840e+01,6.447931788345925952e+01,0.000000000000000000e+00
1.272150299002701779e+01,3.546048645138605337e+01,6.503776381970102705e+01,0.000000000000000000e+00
1.272150299002701601e+01,3.546048645138605337e+01,6.503776381970102705e+01,0.000000000000000000e+00
1.272150299002701779e+01,3.546048645138605337e+01,6.503776381970102705e+01,0.000000000000000000e+00
1.300623515610997316e+01,3.592308010598198820e+01,6.539021399386614064e+01,0.000000000000000000e+00
1.300623515610997316e+01,3.592308010598198820e+01,6.539021399386614064e+01,0.000000000000000000e+00
1.300623515610997316e+01,3.592308010598199530e+01,6.539021399386614064e+01,0.000000000000000000e+00
1.255778408357548237e+01,3.580096906094600939e+01,6.552119484418017237e+01,0.000000000000000000e+00
1.255778408357548059e+01,3.580096906094600939e+01,6.552119484418015816e+01,0.000000000000000000e+00
1.255778408357548237e+01,3.580096906094600939e+01,6.552119484418015816e+01,0.000000000000000000e+00
1.215924397415610692e+01,3.635899735790790288e+01,6.579505863301861268e+01,0.000000000000000000e+00
1.215924397415611047e+01,3.635899735790789578e+01,6.579505863301859847e+01,0.000000000000000000e+00
1.215924397415611047e+01,3.635899735790789578e+01,6.579505863301859847e+01,0.000000000000000000e+00
1.234826262081378800e+01,3.695936737152687357e+01,6.601415708705867758e+01,0.000000000000000000e+00
1.234826262081378978e+01,3.695936737152687357e+01,6.601415708705867758e+01,0.000000000000000000e+00
1.234826262081378978e+01,3.695936737152687357e+01,6.601415708705867758e+01,0.000000000000000000e+00
1.301836697676308852e+01,3.756334671183829954e+01,6.607669969949654387e+01,0.000000000000000000e+00
1.301836697676309029e+01,3.756334671183829954e+01,6.607669969949654387e+01,0.000000000000000000e+00
1.301836697676309207e+01,3.756334671183829954e+01,6.607669969949654387e+01,0.000000000000000000e+00
1.449408768707014694e+01,3.815430261621098396e+01,6.600528207869504627e+01,0.000000000000000000e+00
1.449408768707014517e+01,3.815430261621097685e+01,6.600528207869504627e+01,0.000000000000000000e+00
1.449408768707014517e+01,3.815430261621097685e+01,6.600528207869504627e+01,0.000000000000000000e+00
1.615478748595970515e+01,3.880118257379731972e+01,6.577140990245314356e+01,0.000000000000000000e+00
1.615478748595970515e+01,3.880118257379732682e+01,6.577140990245317198e+01,0.000000000000000000e+00
1.615478748595970160e+01,3.880118257379731972e+01,6.577140990245315777e+01,0.000000000000000000e+00
1.621067996963992286e+01,3.947013610005366502e+01,6.538280240324282033e+01,0.000000000000000000e+00
1.621067996963992286e+01,3.947013610005366502e+01,6.538280240324282033e+01,0.000000000000000000e+00
1.621067996963992286e+01,3.947013610005366502e+01,6.538280240324282033e+01,0.000000000000000000e+00
1.519974036496647862e+01,4.023489674805639993e+01,6.488248796903133098e+01,0.000000000000000000e+00
1.519974036496647507e+01,4.023489674805639993e+01,6.488248796903133098e+01,0.000000000000000000e+00
1.519974036496647862e+01,4.023489674805639282e+01,6.488248796903133098e+01,0.000000000000000000e+00
1.473792493417397687e+01,4.114131196838309990e+01,6.425916876164046698e+01,0.000000000000000000e+00
1.473792493417397687e+01,4.114131196838309990e+01,6.425916876164046698e+01,0.000000000000000000e+00
1.473792493417397864e+01,4.114131196838309990e+01,6.425916876164046698e+01,0.000000000000000000e+00
1.394351823445587435e+01,4.228285068961557869e+01,6.362809858655224104e+01,0.000000000000000000e+00
1.394351823445586902e+01,4.228285068961557869e+01,6.362809858655224104e+01,0.000000000000000000e+00
1.394351823445586902e+01,4.228285068961557158e+01,6.362809858655224104e+01,0.000000000000000000e+00
1.239406724336712706e+01,4.433188976474912835e+01,6.320546843516773805e+01,0.000000000000000000e+00
1.239406724336712706e+01,4.433188976474913545e+01,6.320546843516775226e+01,0.000000000000000000e+00
1.239406724336712706e+01,4.433188976474912835e+01,6.320546843516773805e+01,0.000000000000000000e+00
1.154318799763163739e+01,4.541277697339457120e+01,6.259893054376271238e+01,0.000000000000000000e+00
1.154318799763163561e+01,4.541277697339457120e+01,6.259893054376271238e+01,0.000000000000000000e+00
1.154318799763163739e+01,4.541277697339456410e+01,6.259893054376269816e+01,0.000000000000000000e+00
1.204442496006123342e+01,4.669236414311970407e+01,6.182413473428400152e+01,0.000000000000000000e+00
1.204442496006123342e+01,4.669236414311970407e+01,6.182413473428400152e+01,0.000000000000000000e+00
1.204442496006123342e+01,4.669236414311970407e+01,6.182413473428400152e+01,0.000000000000000000e+00
1.215784364835725384e+01,4.708971358158267151e+01,6.121933736172913854e+01,0.000000000000000000e+00
1.215784364835725384e+01,4.708971358158267151e+01,6.121933736172912432e+01,0.000000000000000000e+00
1.215784364835725206e+01,4.708971358158267861e+01,6.121933736172913854e+01,0.000000000000000000e+00
1.257766048593230934e+01,4.729393043423985432e+01,6.072745753787842915e+01,0.000000000000000000e+00
1.257766048593231112e+01,4.729393043423985432e+01,6.072745753787842204e+01,0.000000000000000000e+00
1.257766048593231112e+01,4.729393043423986143e+01,6.072745753787842915e+01,0.000000000000000000e+00
1.314478139661751932e+01,4.686899934503365728e+01,6.000361575977489537e+01,0.000000000000000000e+00
1.314478139661751754e+01,4.686899934503366438e+01,6.000361575977489537e+01,0.000000000000000000e+00
1.314478139661751932e+01,4.686899934503366438e+01,6.000361575977489537e+01,0.000000000000000000e+00
1.368342943681000889e+01,4.660215565056036269e+01,5.999569083104514533e+01,0.000000000000000000e+00
1.368342943681000712e+01,4.660215565056036269e+01,5.999569083104513822e+01,0.000000000000000000e+00
1.368342943681000712e+01,4.660215565056036979e+01,5.999569083104512401e+01,0.000000000000000000e+00
1.502523326158306993e+01,4.631977534973910338e+01,5.966248986639465102e+01,0.000000000000000000e+00
1.502523326158306993e+01,4.631977534973910338e+01,5.966248986639465102e+01,0.000000000000000000e+00
1.502523326158306993e+01,4.631977534973911048e+01,5.966248986639465102e+01,0.000000000000000000e+00
1.422470810390146134e+01,4.628518829763359577e+01,5.964231536037599568e+01,0.000000000000000000e+00
1.422470810390146134e+01,4.628518829763359577e+01,5.964231536037599568e+01,0.000000000000000000e+00
1.422470810390146134e+01,4.628518829763359577e+01,5.964231536037599568e+01,0.000000000000000000e+00
1.404391805350780942e+01,4.592434896934108934e+01,5.962352458068023253e+01,0.000000000000000000e+00
1.404391805350780942e+01,4.592434896934109645e+01,5.962352458068023253e+01,0.000000000000000000e+00
1.404391805350780942e+01,4.592434896934108934e+01,5.962352458068023964e+01,0.000000000000000000e+00
1.596495299449215111e+01,3.192466006220169916e+01,6.251212782457782424e+01,0.000000000000000000e+00
1.596495299449214933e+01,3.192466006220170627e+01,6.251212782457782424e+01,0.000000000000000000e+00
1.596495299449215111e+01,3.192466006220170627e+01,6.251212782457782424e+01,0.000000000000000000e+00
1.609917453779075558e+01,3.237944759775103165e+01,6.250245540449758153e+01,0.000000000000000000e+00
1.609917453779075913e+01,3.237944759775103165e+01,6.250245540449758153e+01,0.000000000000000000e+00
1.609917453779075558e+01,3.237944759775103165e+01,6.250245540449758153e+01,0.000000000000000000e+00
1.587227364774841121e+01,3.296539229618581857e+01,6.264891293677170836e+01,0.000000000000000000e+00
1.587227364774841121e+01,3.296539229618581857e+01,6.264891293677172257e+01,0.000000000000000000e+00
1.587227364774841476e+01,3.296539229618581857e+01,6.264891293677172257e+01,0.000000000000000000e+00
1.550123329451478149e+01,3.313431467898590910e+01,6.282118650153736183e+01,0.000000000000000000e+00
1.550123329451477971e+01,3.313431467898590910e+01,6.282118650153734762e+01,0.000000000000000000e+00
1.550123329451477971e+01,3.313431467898591620e+01,6.282118650153734762e+01,0.000000000000000000e+00
1.537910038761086007e+01,3.403376914608913495e+01,6.319009412239065426e+01,0.000000000000000000e+00
1.537910038761085829e+01,3.403376914608912784e+01,6.319009412239065426e+01,0.000000000000000000e+00
1.537910038761085829e+01,3.403376914608912784e+01,6.319009412239065426e+01,0.000000000000000000e+00
1.425514503495287855e+01,3.420814554483327186e+01,6.372641234814088307e+01,0.000000000000000000e+00
1.425514503495288032e+01,3.420814554483327186e+01,6.372641234814088307e+01,0.000000000000000000e+00
1.425514503495288032e+01,3.420814554483327186e+01,6.372641234814087596e+01,0.000000000000000000e+00
1.321033407025974782e+01,3.495745212633133292e+01,6.399272829459017942e+01,0.000000000000000000e+00
1.321033407025974959e+01,3.495745212633133292e+01,6.399272829459018652e+01,0.000000000000000000e+00
1.321033407025974782e+01,3.495745212633133292e+01,6.399272829459018652e+01,0.000000000000000000e+00
1.309999143578297698e+01,3.514173849184944487e+01,6.443449066601542086e+01,0.000000000000000000e+00
1.309999143578297698e+01,3.514173849184945908e+01,6.443449066601543507e+01,0.000000000000000000e+00
1.309999143578297343e+01,3.514173849184944487e+01,6.443449066601543507e+01,0.000000000000000000e+00
1.381973440742687131e+01,3.590988918721988199e+01,6.489185869166716714e+01,0.000000000000000000e+00
1.381973440742687131e+01,3.590988918721988199e+01,6.489185869166716714e+01,0.000000000000000000e+00
1.381973440742687131e+01,3.590988918721988199e+01,6.489185869166716714e+01,0.000000000000000000e+00
1.422882816954871998e+01,3.599904690640256888e+01,6.517981980012714871e+01,0.000000000000000000e+00
1.422882816954872354e+01,3.599904690640256888e+01,6.517981980012714871e+01,0.000000000000000000e+00
1.422882816954872354e+01,3.599904690640256888e+01,6.517981980012713450e+01,0.000000000000000000e+00
1.406886748324374636e+01,3.581854480970943655e+01,6.550887774985137924e+01,0.000000000000000000e+00
1.406886748324374636e+01,3.581854480970943655e+01,6.550887774985136502e+01,0.000000000000000000e+00
1.406886748324374636e+01,3.581854480970943655e+01,6.550887774985137924e+01,0.000000000000000000e+00
1.403928389405076871e+01,3.608135826202718022e+01,6.566679189943873496e+01,0.000000000000000000e+00
1.403928389405076871e+01,3.608135826202717311e+01,6.566679189943873496e+01,0.000000000000000000e+00
1.403928389405076871e+01,3.608135826202717311e+01,6.566679189943873496e+01,0.000000000000000000e+00
1.402391131942010638e+01,3.674440465544491019e+01,6.588671331130677800e+01,0.000000000000000000e+00
1.402391131942010638e+01,3.674440465544491019e+01,6.588671331130677800e+01,0.000000000000000000e+00
1.402391131942010638e+01,3.674440465544491730e+01,6.588671331130679221e+01,0.000000000000000000e+00
1.453386109079070643e+01,3.732620111927644757e+01,6.599060853295996765e+01,0.000000000000000000e+00
1.453386109079070643e+01,3.732620111927643336e+01,6.599060853295996765e+01,0.000000000000000000e+00
1.453386109079070643e+01,3.732620111927643336e+01,6.599060853295996765e+01,0.000000000000000000e+00
1.579916214519758988e+01,3.789241100883942437e+01,6.594710625130288406e+01,0.000000000000000000e+00
1.579916214519758988e+01,3.789241100883943147e+01,6.594710625130288406e+01,0.000000000000000000e+00
1.579916214519758988e+01,3.789241100883942437e+01,6.594710625130288406e+01,0.000000000000000000e+00
1.647040938134428600e+01,3.848856552369569073e+01,6.573064863565454630e+01,0.000000000000000000e+00
1.647040938134428600e+01,3.848856552369569073e+01,6.573064863565454630e+01,0.000000000000000000e+00
1.647040938134428600e+01,3.848856552369569073e+01,6.573064863565454630e+01,0.000000000000000000e+00
1.574335730337286066e+01,3.915888628164955776e+01,6.534619828759556981e+01,0.000000000000000000e+00
1.574335730337285710e+01,3.915888628164954355e+01,6.534619828759555560e+01,0.000000000000000000e+00
1.574335730337285710e+01,3.915888628164955776e+01,6.534619828759555560e+01,0.000000000000000000e+00
1.466988411559907846e+01,3.988567766755181054e+01,6.483046305334929116e+01,0.000000000000000000e+00
1.466988411559907846e+01,3.988567766755181054e+01,6.483046305334930537e+01,0.000000000000000000e+00
1.466988411559907846e+01,3.988567766755181054e+01,6.483046305334929116e+01,0.000000000000000000e+00
1.393627941229475908e+01,4.074692996694084712e+01,6.422656037909669635e+01,0.000000000000000000e+00
1.393627941229475908e+01,4.074692996694085423e+01,6.422656037909669635e+01,0.000000000000000000e+00
1.393627941229475908e+01,4.074692996694084712e+01,6.422656037909669635e+01,0.000000000000000000e+00
1.294318054656861250e+01,4.224731905784967267e+01,6.373184282686705160e+01,0.000000000000000000e+00
1.294318054656861428e+01,4.224731905784967267e+01,6.373184282686705160e+01,0.000000000000000000e+00
1.294318054656861250e+01,4.224731905784966557e+01,6.373184282686705160e+01,0.000000000000000000e+00
1.095004996538055231e+01,4.429891132396368647e+01,6.310039523861208011e+01,0.000000000000000000e+00
1.095004996538055231e+01,4.429891132396368647e+01,6.310039523861208011e+01,0.000000000000000000e+00
1.095004996538055231e+01,4.429891132396368647e+01,6.310039523861208011e+01,0.000000000000000000e+00
1.112769182922408540e+01,4.581470907849534058e+01,6.256043117376184881e+01,0.000000000000000000e+00
1.112769182922408540e+01,4.581470907849534768e+01,6.256043117376186302e+01,0.000000000000000000e+00
1.112769182922408895e+01,4.581470907849534768e+01,6.256043117376186302e+01,0.000000000000000000e+00
1.226842875808673483e+01,4.610551057853243861e+01,6.188635733817989859e+01,0.000000000000000000e+00
1.226842875808673483e+01,4.610551057853243861e+01,6.188635733817990570e+01,0.000000000000000000e+00
1.226842875808673483e+01,4.610551057853243861e+01,6.188635733817988438e+01,0.000000000000000000e+00
1.305474313238250517e+01,4.683489861651548836e+01,6.127569909891299460e+01,-2.248867612685093942e+00
1.305474313238250517e+01,4.683489861651548125e+01,6.127569909891299460e+01,-2.248867612685093942e+00
1.305474313238250517e+01,4.683489861651548125e+01,6.127569909891300881e+01,-2.248867612685094386e+00
1.374527142165440807e+01,4.661891496676682323e+01,6.089127522847178398e+01,-2.452245693770155555e+00
1.374527142165440807e+01,4.661891496676681612e+01,6.089127522847176976e+01,-2.452245693770155555e+00
1.374527142165440807e+01,4.661891496676682323e+01,6.089127522847178398e+01,-2.452245693770155555e+00
1.469752040720559982e+01,4.690037110727249114e+01,6.024924325133603276e+01,-1.967188028265560718e+00
1.469752040720559627e+01,4.690037110727249114e+01,6.024924325133603276e+01,-1.967188028265560273e+00
1.469752040720559627e+01,4.690037110727249825e+01,6.024924325133603276e+01,-1.967188028265560718e+00
1.578254011043219585e+01,4.625020078081020358e+01,5.981152331354753926e+01,0.000000000000000000e+00
1.578254011043219585e+01,4.625020078081020358e+01,5.981152331354753926e+01,0.000000000000000000e+00
1.578254011043219940e+01,4.625020078081020358e+01,5.981152331354752505e+01,0.000000000000000000e+00
1.593444453894792190e+01,4.634838830931641240e+01,5.960318313326953188e+01,0.000000000000000000e+00
1.593444453894791835e+01,4.634838830931641240e+01,5.960318313326954609e+01,0.000000000000000000e+00
1.593444453894792190e+01,4.634838830931641240e+01,5.960318313326954609e+01,0.000000000000000000e+00
1.515320673667375218e+01,4.591459415510573905e+01,5.943811702885231796e+01,0.000000000000000000e+00
1.515320673667375218e+01,4.591459415510573905e+01,5.943811702885231796e+01,0.000000000000000000e+00
1.515320673667375218e+01,4.591459415510573194e+01,5.943811702885231796e+01,0.000000000000000000e+00
1.465875803470967043e+01,4.557755432005838259e+01,5.945052749943830150e+01,0.000000000000000000e+00
1.465875803470966687e+01,4.557755432005838259e+01,5.945052749943828729e+01,0.000000000000000000e+00
1.465875803470967043e+01,4.557755432005838259e+01,5.945052749943830150e+01,0.000000000000000000e+00
1.518435555989829133e+01,3.202340076411145020e+01,6.223105201674315623e+01,0.000000000000000000e+00
1.518435555989828778e+01,3.202340076411145020e+01,6.223105201674315623e+01,0.000000000000000000e+00
1.518435555989828778e+01,3.202340076411145020e+01,6.223105201674315623e+01,0.000000000000000000e+00
1.553067798861558835e+01,3.238912019755016303e+01,6.244315062070878497e+01,0.000000000000000000e+00
1.553067798861558835e+01,3.238912019755016303e+01,6.244315062070878497e+01,0.000000000000000000e+00
1.553067798861559012e+01,3.238912019755016303e+01,6.244315062070878497e+01,0.000000000000000000e+00
1.536837073925003239e+01,3.281612684064638330e+01,6.257587586507239763e+01,0.000000000000000000e+00
1.536837073925003239e+01,3.281612684064638330e+01,6.257587586507239763e+01,0.000000000000000000e+00
1.536837073925003239e+01,3.281612684064639041e+01,6.257587586507238342e+01,0.000000000000000000e+00
1.464691113569831060e+01,3.335687985462849525e+01,6.286962191645339715e+01,0.000000000000000000e+00
1.464691113569831415e+01,3.335687985462849525e+01,6.286962191645339715e+01,0.000000000000000000e+00
1.464691113569831060e+01,3.335687985462849525e+01,6.286962191645339715e+01,0.000000000000000000e+00
1.423908316571567845e+01,3.362014819973247626e+01,6.329858685795370121e+01,0.000000000000000000e+00
1.423908316571567845e+01,3.362014819973246915e+01,6.329858685795368700e+01,0.000000000000000000e+00
1.423908316571567845e+01,3.362014819973247626e+01,6.329858685795368700e+01,0.000000000000000000e+00
1.347571789714613999e+01,3.432345100756018041e+01,6.369294869153853256e+01,0.000000000000000000e+00
1.347571789714613999e+01,3.432345100756018752e+01,6.369294869153851835e+01,0.000000000000000000e+00
1.347571789714613999e+01,3.432345100756018752e+01,6.369294869153853256e+01,0.000000000000000000e+00
1.229911847165963401e+01,3.476599327531289418e+01,6.401600159123314882e+01,0.000000000000000000e+00
1.229911847165963401e+01,3.476599327531289418e+01,6.401600159123314882e+01,0.000000000000000000e+00
1.229911847165963401e+01,3.476599327531288708e+01,6.401600159123313460e+01,0.000000000000000000e+00
1.200885143601307092e+01,3.533737125789812694e+01,6.450198090457216438e+01,0.000000000000000000e+00
1.200885143601307092e+01,3.533737125789812694e+01,6.450198090457216438e+01,0.000000000000000000e+00
1.200885143601307092e+01,3.533737125789811984e+01,6.450198090457216438e+01,0.000000000000000000e+00
1.255509420942031795e+01,3.573021597848977393e+01,6.481047081351309203e+01,0.000000000000000000e+00
1.255509420942032150e+01,3.573021597848976683e+01,6.481047081351309203e+01,0.000000000000000000e+00
1.255509420942031795e+01,3.573021597848976683e+01,6.481047081351309203e+01,0.000000000000000000e+00
1.298470664547367726e+01,3.565855285344803605e+01,6.509198270823137022e+01,0.000000000000000000e+00
1.298470664547368081e+01,3.565855285344803605e+01,6.509198270823137022e+01,0.000000000000000000e+00
1.298470664547368081e+01,3.565855285344804315e+01,6.509198270823137022e+01,0.000000000000000000e+00
1.328200934554239687e+01,3.611001369753732604e+01,6.533258086260553910e+01,0.000000000000000000e+00
1.328200934554239687e+01,3.611001369753732604e+01,6.533258086260553910e+01,0.000000000000000000e+00
1.328200934554239687e+01,3.611001369753732604e+01,6.533258086260553910e+01,0.000000000000000000e+00
1.356416321214152276e+01,3.667212782251503000e+01,6.554422460343241141e+01,0.000000000000000000e+00
1.356416321214152099e+01,3.667212782251502290e+01,6.554422460343242562e+01,0.000000000000000000e+00
1.356416321214152276e+01,3.667212782251502290e+01,6.554422460343242562e+01,0.000000000000000000e+00
1.351902848531656431e+01,3.733084696551481585e+01,6.573844487719935614e+01,0.000000000000000000e+00
1.351902848531656431e+01,3.733084696551483006e+01,6.573844487719937035e+01,0.000000000000000000e+00
1.351902848531656431e+01,3.733084696551481585e+01,6.573844487719935614e+01,0.000000000000000000e+00
1.363082660272491253e+01,3.793852931839818865e+01,6.582776949863334437e+01,0.000000000000000000e+00
1.363082660272491253e+01,3.793852931839818865e+01,6.582776949863334437e+01,0.000000000000000000e+00
1.363082660272491253e+01,3.793852931839818865e+01,6.582776949863333016e+01,0.000000000000000000e+00
1.418353281116185372e+01,3.851634872761056982e+01,6.560199237355423918e+01,0.000000000000000000e+00
1.418353281116185372e+01,3.851634872761056982e+01,6.560199237355423918e+01,0.000000000000000000e+00
1.418353281116185372e+01,3.851634872761056982e+01,6.560199237355423918e+01,0.000000000000000000e+00
1.403213608754003161e+01,3.916086766605980785e+01,6.539821413058392352e+01,0.000000000000000000e+00
1.403213608754003161e+01,3.916086766605980785e+01,6.539821413058393773e+01,0.000000000000000000e+00
1.403213608754003161e+01,3.916086766605980785e+01,6.539821413058392352e+01,0.000000000000000000e+00
1.329632135910158475e+01,3.984784499828290905e+01,6.522590717139516414e+01,0.000000000000000000e+00
1.329632135910158475e+01,3.984784499828290905e+01,6.522590717139516414e+01,0.000000000000000000e+00
1.329632135910158297e+01,3.984784499828290905e+01,6.522590717139516414e+01,0.000000000000000000e+00
1.249283168397711030e+01,4.056493136722111359e+01,6.475013699372065901e+01,0.000000000000000000e+00
1.249283168397711030e+01,4.056493136722111359e+01,6.475013699372067322e+01,0.000000000000000000e+00
1.249283168397711030e+01,4.056493136722111359e+01,6.475013699372067322e+01,0.000000000000000000e+00
1.158406786264134603e+01,4.145538052095435688e+01,6.419265656833346156e+01,0.000000000000000000e+00
1.158406786264134603e+01,4.145538052095435688e+01,6.419265656833346156e+01,0.000000000000000000e+00
1.158406786264134780e+01,4.145538052095435688e+01,6.419265656833346156e+01,0.000000000000000000e+00
1.006200345836232124e+01,4.256309661013661128e+01,6.365324220055941851e+01,0.000000000000000000e+00
1.006200345836232124e+01,4.256309661013661128e+01,6.365324220055941851e+01,0.000000000000000000e+00
1.006200345836231946e+01,4.256309661013661128e+01,6.365324220055941851e+01,0.000000000000000000e+00
8.423313990165093301e+00,4.368049913085847180e+01,6.312263188179601769e+01,0.000000000000000000e+00
8.423313990165093301e+00,4.368049913085847180e+01,6.312263188179601769e+01,0.000000000000000000e+00
8.423313990165093301e+00,4.368049913085845759e+01,6.312263188179601769e+01,0.000000000000000000e+00
9.404525294915625722e+00,4.531350408748672720e+01,6.258985424691800148e+01,0.000000000000000000e+00
9.404525294915627498e+00,4.531350408748672720e+01,6.258985424691801569e+01,0.000000000000000000e+00
9.404525294915627498e+00,4.531350408748672720e+01,6.258985424691800148e+01,0.000000000000000000e+00
1.144002446568461373e+01,4.603775146465126511e+01,6.207013313221155215e+01,-2.743765895778094155e+00
1.144002446568461373e+01,4.603775146465126511e+01,6.207013313221155215e+01,-2.743765895778094155e+00
1.144002446568461195e+01,4.603775146465126511e+01,6.207013313221155215e+01,-2.743765895778094155e+00
1.240917671245764886e+01,4.624745747857888034e+01,6.140126341714274361e+01,-3.409065429983937356e+00
1.240917671245764353e+01,4.624745747857887324e+01,6.140126341714274361e+01,-3.409065429983937356e+00
1.240917671245764708e+01,4.624745747857888034e+01,6.140126341714274361e+01,-3.409065429983936468e+00
1.319880128583627865e+01,4.639290375287215795e+01,6.094362772054123667e+01,-3.601058164612668921e+00
1.319880128583627510e+01,4.639290375287216506e+01,6.094362772054122246e+01,-3.601058164612668921e+00
1.319880128583627510e+01,4.639290375287215795e+01,6.094362772054123667e+01,-3.601058164612668921e+00
1.427731150321520204e+01,4.606903949227860551e+01,6.044064842479855315e+01,-3.003954928026025151e+00
1.427731150321520204e+01,4.606903949227860551e+01,6.044064842479855315e+01,-3.003954928026025595e+00
1.427731150321520204e+01,4.606903949227860551e+01,6.044064842479855315e+01,-3.003954928026025151e+00
1.563002033153612302e+01,4.615298331790752684e+01,5.992573309772222245e+01,-1.988765555315987088e+00
1.563002033153611947e+01,4.615298331790752684e+01,5.992573309772222956e+01,-1.988765555315987088e+00
1.563002033153611947e+01,4.615298331790752684e+01,5.992573309772222956e+01,-1.988765555315987088e+00
1.599745287058981269e+01,4.584722248376762366e+01,5.957493167749746021e+01,0.000000000000000000e+00
1.599745287058981269e+01,4.584722248376762366e+01,5.957493167749744600e+01,0.000000000000000000e+00
1.599745287058981269e+01,4.584722248376761655e+01,5.957493167749746021e+01,0.000000000000000000e+00
1.529794957136212652e+01,4.561386060113410679e+01,5.941077562792992950e+01,0.000000000000000000e+00
1.529794957136212297e+01,4.561386060113410679e+01,5.941077562792992950e+01,0.000000000000000000e+00
1.529794957136212297e+01,4.561386060113410679e+01,5.941077562792992950e+01,0.000000000000000000e+00
1.421852121852804274e+01,4.540034550950089454e+01,5.917676599840158502e+01,0.000000000000000000e+00
1.421852121852804274e+01,4.540034550950090164e+01,5.917676599840157081e+01,0.000000000000000000e+00
1.421852121852804274e+01,4.540034550950089454e+01,5.917676599840158502e+01,0.000000000000000000e+00
1.525704484324630172e+01,3.186156809371135168e+01,6.230287621049139091e+01,0.000000000000000000e+00
1.525704484324630172e+01,3.186156809371135878e+01,6.230287621049139091e+01,0.000000000000000000e+00
1.525704484324629817e+01,3.186156809371135168e+01,6.230287621049137670e+01,0.000000000000000000e+00
1.456901321509343461e+01,3.240945434947855830e+01,6.229710584270266338e+01,0.000000000000000000e+00
1.456901321509343816e+01,3.240945434947855119e+01,6.229710584270266338e+01,0.000000000000000000e+00
1.456901321509343461e+01,3.240945434947855119e+01,6.229710584270267759e+01,0.000000000000000000e+00
1.488627469243561663e+01,3.273424814895076196e+01,6.265077274264973539e+01,0.000000000000000000e+00
1.488627469243561663e+01,3.273424814895076196e+01,6.265077274264973539e+01,0.000000000000000000e+00
1.488627469243561663e+01,3.273424814895076196e+01,6.265077274264973539e+01,0.000000000000000000e+00
1.396120831578682164e+01,3.326024020106829937e+01,6.290026673468279483e+01,0.000000000000000000e+00
1.396120831578682164e+01,3.326024020106829937e+01,6.290026673468280904e+01,0.000000000000000000e+00
1.396120831578682342e+01,3.326024020106829937e+01,6.290026673468279483e+01,0.000000000000000000e+00
1.384559731043632880e+01,3.363181055626473182e+01,6.335581369878887870e+01,0.000000000000000000e+00
1.384559731043632880e+01,3.363181055626473182e+01,6.335581369878887870e+01,0.000000000000000000e+00
1.384559731043632880e+01,3.363181055626473182e+01,6.335581369878887870e+01,0.000000000000000000e+00
1.341694618343094980e+01,3.415895620005037614e+01,6.351085370362525140e+01,0.000000000000000000e+00
1.341694618343094980e+01,3.415895620005037614e+01,6.351085370362525140e+01,0.000000000000000000e+00
1.341694618343094980e+01,3.415895620005037614e+01,6.351085370362525140e+01,0.000000000000000000e+00
1.269778848335951693e+01,3.472688147155905369e+01,6.401603296887415695e+01,0.000000000000000000e+00
1.269778848335951693e+01,3.472688147155904659e+01,6.401603296887415695e+01,0.000000000000000000e+00
1.269778848335951693e+01,3.472688147155905369e+01,6.401603296887415695e+01,0.000000000000000000e+00
1.240949647236752007e+01,3.499702271040573720e+01,6.443662522314478736e+01,0.000000000000000000e+00
1.240949647236752007e+01,3.499702271040573720e+01,6.443662522314478736e+01,0.000000000000000000e+00
1.240949647236752007e+01,3.499702271040573720e+01,6.443662522314478736e+01,0.000000000000000000e+00
1.293290570193270206e+01,3.564836158104280628e+01,6.473819397378929352e+01,0.000000000000000000e+00
1.293290570193270028e+01,3.564836158104280628e+01,6.473819397378927931e+01,0.000000000000000000e+00
1.293290570193270206e+01,3.564836158104280628e+01,6.473819397378929352e+01,0.000000000000000000e+00
1.320247062683152706e+01,3.595655470813248655e+01,6.496192681454149920e+01,0.000000000000000000e+00
1.320247062683152528e+01,3.595655470813248655e+01,6.496192681454149920e+01,0.000000000000000000e+00
1.320247062683152528e+01,3.595655470813247945e+01,6.496192681454149920e+01,0.000000000000000000e+00
1.329256056419233190e+01,3.615601746664729177e+01,6.517275257304834213e+01,0.000000000000000000e+00
1.329256056419233190e+01,3.615601746664729177e+01,6.517275257304834213e+01,0.000000000000000000e+00
1.329256056419233190e+01,3.615601746664729177e+01,6.517275257304834213e+01,0.000000000000000000e+00
1.355317167198403716e+01,3.635884727113857195e+01,6.545775851531666945e+01,0.000000000000000000e+00
1.355317167198403716e+01,3.635884727113857195e+01,6.545775851531666945e+01,0.000000000000000000e+00
1.355317167198403716e+01,3.635884727113857195e+01,6.545775851531665523e+01,0.000000000000000000e+00
1.375701593214258622e+01,3.657827145094801580e+01,6.560403100840062507e+01,0.000000000000000000e+00
1.375701593214258978e+01,3.657827145094801580e+01,6.560403100840062507e+01,0.000000000000000000e+00
1.375701593214258622e+01,3.657827145094801580e+01,6.560403100840062507e+01,0.000000000000000000e+00
1.411144306359670964e+01,3.716315442915359313e+01,6.558231389275995582e+01,0.000000000000000000e+00
1.411144306359670964e+01,3.716315442915359313e+01,6.558231389275995582e+01,0.000000000000000000e+00
1.411144306359671141e+01,3.716315442915359313e+01,6.558231389275995582e+01,0.000000000000000000e+00
1.422795849554033687e+01,3.770999765576825524e+01,6.533893112227850963e+01,0.000000000000000000e+00
1.422795849554033687e+01,3.770999765576825524e+01,6.533893112227849542e+01,0.000000000000000000e+00
1.422795849554033687e+01,3.770999765576826235e+01,6.533893112227849542e+01,0.000000000000000000e+00
1.375006850235291012e+01,3.836434811038729009e+01,6.514752245980275802e+01,0.000000000000000000e+00
1.375006850235291012e+01,3.836434811038729009e+01,6.514752245980275802e+01,0.000000000000000000e+00
1.375006850235291012e+01,3.836434811038729009e+01,6.514752245980275802e+01,0.000000000000000000e+00
1.286116885116144637e+01,3.903688878260032169e+01,6.501666388044839096e+01,0.000000000000000000e+00
1.286116885116144992e+01,3.903688878260032169e+01,6.501666388044839096e+01,0.000000000000000000e+00
1.286116885116144992e+01,3.903688878260032169e+01,6.501666388044839096e+01,0.000000000000000000e+00
1.204655230633961693e+01,3.972878301337104290e+01,6.467781842316826157e+01,0.000000000000000000e+00
1.204655230633961516e+01,3.972878301337105000e+01,6.467781842316826157e+01,0.000000000000000000e+00
1.204655230633961516e+01,3.972878301337104290e+01,6.467781842316827579e+01,0.000000000000000000e+00
1.113671791767035479e+01,4.107244528533986028e+01,6.418900719967116686e+01,0.000000000000000000e+00
1.113671791767035657e+01,4.107244528533986738e+01,6.418900719967118107e+01,0.000000000000000000e+00
1.113671791767035835e+01,4.107244528533986028e+01,6.418900719967118107e+01,0.000000000000000000e+00
9.978967613696815064e+00,4.253590378367289304e+01,6.358524681348608709e+01,0.000000000000000000e+00
9.978967613696813288e+00,4.253590378367289304e+01,6.358524681348608709e+01,0.000000000000000000e+00
9.978967613696815064e+00,4.253590378367289304e+01,6.358524681348607999e+01,0.000000000000000000e+00
9.373316601494861899e+00,4.389301584968519876e+01,6.309332284710962568e+01,0.000000000000000000e+00
9.373316601494861899e+00,4.389301584968519876e+01,6.309332284710962568e+01,0.000000000000000000e+00
9.373316601494861899e+00,4.389301584968519876e+01,6.309332284710963989e+01,0.000000000000000000e+00
1.036380596369149920e+01,4.493327711974256999e+01,6.262404355244304810e+01,-2.251555208883403214e+00
1.036380596369149742e+01,4.493327711974256999e+01,6.262404355244306231e+01,-2.251555208883403214e+00
1.036380596369149920e+01,4.493327711974256999e+01,6.262404355244306231e+01,-2.251555208883403658e+00
1.159801667566434169e+01,4.528206293959612339e+01,6.210897431722447948e+01,-3.308238533802269288e+00
1.159801667566433814e+01,4.528206293959613760e+01,6.210897431722449369e+01,-3.308238533802269288e+00
1.159801667566434169e+01,4.528206293959613760e+01,6.210897431722449369e+01,-3.308238533802269288e+00
1.248132425652646305e+01,4.585167654900834577e+01,6.150270439674003597e+01,-3.928192018414511377e+00
1.248132425652646305e+01,4.585167654900834577e+01,6.150270439674002176e+01,-3.928192018414511377e+00
1.248132425652646305e+01,4.585167654900834577e+01,6.150270439674003597e+01,-3.928192018414511377e+00
1.339114864875918798e+01,4.584471966324315417e+01,6.084208782829577444e+01,-3.955765289476179003e+00
1.339114864875918798e+01,4.584471966324316128e+01,6.084208782829577444e+01,-3.955765289476179891e+00
1.339114864875918798e+01,4.584471966324316128e+01,6.084208782829577444e+01,-3.955765289476179003e+00
1.450019964659565197e+01,4.574033680897360199e+01,6.058156284019825932e+01,-3.363833774394872300e+00
1.450019964659564842e+01,4.574033680897360199e+01,6.058156284019825932e+01,-3.363833774394872300e+00
1.450019964659565375e+01,4.574033680897360910e+01,6.058156284019825932e+01,-3.363833774394872300e+00
1.525773386206196847e+01,4.571026173505594414e+01,6.002778102879470623e+01,-2.457661228751052640e+00
1.525773386206196847e+01,4.571026173505593704e+01,6.002778102879470623e+01,-2.457661228751052640e+00
1.525773386206196847e+01,4.571026173505594414e+01,6.002778102879470623e+01,-2.457661228751052196e+00
1.576485126889618904e+01,4.543252015441718328e+01,5.971156918984104323e+01,0.000000000000000000e+00
1.576485126889618549e+01,4.543252015441718328e+01,5.971156918984105744e+01,0.000000000000000000e+00
1.576485126889618549e+01,4.543252015441718328e+01,5.971156918984104323e+01,0.000000000000000000e+00
1.484839673198270837e+01,4.533202499428995225e+01,5.930330986123654924e+01,0.000000000000000000e+00
1.484839673198271193e+01,4.533202499428995225e+01,5.930330986123654924e+01,0.000000000000000000e+00
1.484839673198270837e+01,4.533202499428995225e+01,5.930330986123656345e+01,0.000000000000000000e+00
1.485399373569576298e+01,4.493261833895308399e+01,5.928616924738783922e+01,0.000000000000000000e+00
1.485399373569576120e+01,4.493261833895308399e+01,5.928616924738783922e+01,0.000000000000000000e+00
1.485399373569576120e+01,4.493261833895308399e+01,5.928616924738783922e+01,0.000000000000000000e+00
