-8.667674750394581906e+01,1.415337791402619949e+01,1.809234391571964196e+01,1.765823231217605382e+01,7.757887087090126421e+00
-8.667674750394581906e+01,1.415337791402619771e+01,1.809234391571964196e+01,1.765823231217605027e+01,7.757887087090125533e+00
-8.667674750394581906e+01,1.415337791402619949e+01,1.809234391571963840e+01,1.765823231217605382e+01,7.757887087090126421e+00
-8.611399322596994921e+01,1.387323809004893072e+01,1.773095129667412095e+01,1.732151973213777651e+01,7.640689605952013963e+00
-8.611399322596994921e+01,1.387323809004893427e+01,1.773095129667412095e+01,1.732151973213777651e+01,7.640689605952013963e+00
-8.611399322596994921e+01,1.387323809004893072e+01,1.773095129667412095e+01,1.732151973213777651e+01,7.640689605952013963e+00
-8.594825226508282867e+01,1.374785937659668278e+01,1.745063257395915457e+01,1.684690123589257382e+01,7.389308159052364822e+00
-8.594825226508282867e+01,1.374785937659668100e+01,1.745063257395915457e+01,1.684690123589257382e+01,7.389308159052363933e+00
-8.594825226508282867e+01,1.374785937659668278e+01,1.745063257395915457e+01,1.684690123589257382e+01,7.389308159052363933e+00
-8.486269463566108584e+01,1.331357541370730679e+01,1.697674743903343142e+01,1.580047506699298054e+01,7.076207279176756515e+00
-8.486269463566108584e+01,1.331357541370730679e+01,1.697674743903343142e+01,1.580047506699297699e+01,7.076207279176757403e+00
-8.486269463566108584e+01,1.331357541370730324e+01,1.697674743903342787e+01,1.580047506699297699e+01,7.076207279176756515e+00
-8.358837528588439625e+01,1.284356641291330803e+01,1.630046825663948695e+01,1.426141565346497053e+01,6.559701320147304671e+00
-8.358837528588439625e+01,1.284356641291330980e+01,1.630046825663949051e+01,1.426141565346497231e+01,6.559701320147305559e+00
-8.358837528588439625e+01,1.284356641291330803e+01,1.630046825663949406e+01,1.426141565346497053e+01,6.559701320147304671e+00
-8.225439911926949321e+01,1.236528951737313164e+01,1.532428297190135069e+01,1.311702452617490167e+01,5.577578397506529839e+00
-8.225439911926949321e+01,1.236528951737313342e+01,1.532428297190134714e+01,1.311702452617490167e+01,5.577578397506530727e+00
-8.225439911926949321e+01,1.236528951737313520e+01,1.532428297190134892e+01,1.311702452617489811e+01,5.577578397506529839e+00
-8.087850210737732937e+01,1.156469942197590051e+01,1.436174426172270380e+01,1.271235925516089793e+01,4.514833743530020982e+00
-8.087850210737732937e+01,1.156469942197590406e+01,1.436174426172270380e+01,1.271235925516089438e+01,4.514833743530020982e+00
-8.087850210737732937e+01,1.156469942197590051e+01,1.436174426172270380e+01,1.271235925516089438e+01,4.514833743530020094e+00
-7.880437066953224701e+01,1.037859351346011394e+01,1.352409495320154065e+01,1.223495588082246321e+01,3.793863249626550083e+00
-7.880437066953224701e+01,1.037859351346011394e+01,1.352409495320153887e+01,1.223495588082246321e+01,3.793863249626550083e+00
-7.880437066953224701e+01,1.037859351346011394e+01,1.352409495320154065e+01,1.223495588082246321e+01,3.793863249626550083e+00
-7.555881723363617652e+01,9.276787340295049589e+00,1.263220421079790334e+01,1.136206366080712016e+01,3.243423993716145759e+00
-7.555881723363617652e+01,9.276787340295049589e+00,1.263220421079790334e+01,1.136206366080712016e+01,3.243423993716145759e+00
-7.555881723363617652e+01,9.276787340295049589e+00,1.263220421079790334e+01,1.136206366080712016e+01,3.243423993716145759e+00
-7.086248809279831562e+01,8.403503865834480280e+00,1.161332971911345346e+01,1.042364040371228562e+01,2.699700983314889946e+00
-7.086248809279831562e+01,8.403503865834480280e+00,1.161332971911345346e+01,1.042364040371228562e+01,2.699700983314889502e+00
-7.086248809279831562e+01,8.403503865834480280e+00,1.161332971911345346e+01,1.042364040371228562e+01,2.699700983314889502e+00
-6.457589527333536239e+01,7.797386253934560862e+00,1.049502986738774091e+01,9.756558094496991629e+00,2.250120038824061197e+00
-6.457589527333536239e+01,7.797386253934562639e+00,1.049502986738774268e+01,9.756558094496993405e+00,2.250120038824061197e+00
-6.457589527333536239e+01,7.797386253934562639e+00,1.049502986738774268e+01,9.756558094496991629e+00,2.250120038824061197e+00
-5.697129376430180514e+01,7.490604935712440238e+00,9.387152819793202596e+00,9.353095035794247281e+00,0.000000000000000000e+00
-5.697129376430180514e+01,7.490604935712440238e+00,9.387152819793204372e+00,9.353095035794245504e+00,0.000000000000000000e+00
-5.697129376430180514e+01,7.490604935712440238e+00,9.387152819793204372e+00,9.353095035794245504e+00,0.000000000000000000e+00
-4.822489167605908023e+01,7.362090598768531891e+00,8.550648427092497172e+00,8.849033072983205628e+00,0.000000000000000000e+00
-4.822489167605908023e+01,7.362090598768531891e+00,8.550648427092500725e+00,8.849033072983205628e+00,0.000000000000000000e+00
-4.822489167605908023e+01,7.362090598768531891e+00,8.550648427092498949e+00,8.849033072983203851e+00,0.000000000000000000e+00
-3.838650952692864848e+01,7.319447626756423020e+00,7.881856822268238361e+00,8.017644848643081801e+00,0.000000000000000000e+00
-3.838650952692864848e+01,7.319447626756423020e+00,7.881856822268240137e+00,8.017644848643083577e+00,0.000000000000000000e+00
-3.838650952692864848e+01,7.319447626756423020e+00,7.881856822268238361e+00,8.017644848643083577e+00,0.000000000000000000e+00
-2.708359219993599609e+01,7.157750738406725155e+00,7.266673784862481611e+00,7.288156882891684063e+00,0.000000000000000000e+00
-2.708359219993599609e+01,7.157750738406725155e+00,7.266673784862479835e+00,7.288156882891684063e+00,0.000000000000000000e+00
-2.708359219993599609e+01,7.157750738406725155e+00,7.266673784862479835e+00,7.288156882891684063e+00,0.000000000000000000e+00
-1.410392651709335965e+01,6.886647921061046063e+00,6.940406140223963405e+00,6.894477999888330544e+00,0.000000000000000000e+00
-1.410392651709335965e+01,6.886647921061046063e+00,6.940406140223964293e+00,6.894477999888330544e+00,0.000000000000000000e+00
-1.410392651709335965e+01,6.886647921061046063e+00,6.940406140223964293e+00,6.894477999888330544e+00,0.000000000000000000e+00
0.000000000000000000e+00,6.720411383487108203e+00,6.988673603416479807e+00,6.887431781694692390e+00,0.000000000000000000e+00
0.000000000000000000e+00,6.720411383487107315e+00,6.988673603416478031e+00,6.887431781694691502e+00,0.000000000000000000e+00
0.000000000000000000e+00,6.720411383487107315e+00,6.988673603416479807e+00,6.887431781694692390e+00,0.000000000000000000e+00
1.390021036817757150e+01,6.568616490062634483e+00,7.380157978893342019e+00,7.346158955450944106e+00,0.000000000000000000e+00
1.390021036817757150e+01,6.568616490062634483e+00,7.380157978893342019e+00,7.346158955450944106e+00,0.000000000000000000e+00
1.390021036817757150e+01,6.568616490062634483e+00,7.380157978893342019e+00,7.346158955450944106e+00,0.000000000000000000e+00
2.716790931955853949e+01,6.353522732702180598e+00,8.185552938449786708e+00,8.199813828597031673e+00,0.000000000000000000e+00
2.716790931955853949e+01,6.353522732702178821e+00,8.185552938449784932e+00,8.199813828597031673e+00,0.000000000000000000e+00
2.716790931955853949e+01,6.353522732702180598e+00,8.185552938449786708e+00,8.199813828597031673e+00,0.000000000000000000e+00
3.903176825603412681e+01,6.431784095692945513e+00,9.465326244277353140e+00,9.263101592968107312e+00,2.127417638957659118e+00
3.903176825603412681e+01,6.431784095692945513e+00,9.465326244277353140e+00,9.263101592968109088e+00,2.127417638957658674e+00
3.903176825603412681e+01,6.431784095692945513e+00,9.465326244277353140e+00,9.263101592968105535e+00,2.127417638957659118e+00
4.931714224521549994e+01,7.454503572575661430e+00,1.119890973560796610e+01,1.047071832239909206e+01,3.095423786628003882e+00
4.931714224521549994e+01,7.454503572575661430e+00,1.119890973560796610e+01,1.047071832239909206e+01,3.095423786628003882e+00
4.931714224521549994e+01,7.454503572575663206e+00,1.119890973560796610e+01,1.047071832239909028e+01,3.095423786628003882e+00
5.782402364150642882e+01,9.228174273879675482e+00,1.310633401536921383e+01,1.203050979198006409e+01,4.274831422915701395e+00
5.782402364150642882e+01,9.228174273879675482e+00,1.310633401536921561e+01,1.203050979198006409e+01,4.274831422915701395e+00
5.782402364150642882e+01,9.228174273879675482e+00,1.310633401536921383e+01,1.203050979198006409e+01,4.274831422915702284e+00
6.446643807375038193e+01,1.095039529287296709e+01,1.496935593966315636e+01,1.427487504949359653e+01,5.677695523962897894e+00
6.446643807375038193e+01,1.095039529287297064e+01,1.496935593966315636e+01,1.427487504949359831e+01,5.677695523962897894e+00
6.446643807375038193e+01,1.095039529287296709e+01,1.496935593966315636e+01,1.427487504949359831e+01,5.677695523962897006e+00
6.933284112121559417e+01,1.268096054386258231e+01,1.664610930821847745e+01,1.690818029477808082e+01,7.462134369615148977e+00
6.933284112121559417e+01,1.268096054386257876e+01,1.664610930821847745e+01,1.690818029477808082e+01,7.462134369615148977e+00
6.933284112121559417e+01,1.268096054386258054e+01,1.664610930821847745e+01,1.690818029477808082e+01,7.462134369615148977e+00
7.282754878477850013e+01,1.438379756024724543e+01,1.894488822858921040e+01,1.968730119681596946e+01,9.682328360502335585e+00
7.282754878477850013e+01,1.438379756024724543e+01,1.894488822858921040e+01,1.968730119681596946e+01,9.682328360502332032e+00
7.282754878477850013e+01,1.438379756024724543e+01,1.894488822858921040e+01,1.968730119681596946e+01,9.682328360502335585e+00
7.615307341161209820e+01,1.628624437243409062e+01,2.152824057227091004e+01,2.310834413210637095e+01,1.177285446735080399e+01
7.615307341161209820e+01,1.628624437243409062e+01,2.152824057227091004e+01,2.310834413210637095e+01,1.177285446735080399e+01
7.615307341161209820e+01,1.628624437243409062e+01,2.152824057227091004e+01,2.310834413210637095e+01,1.177285446735080221e+01
7.939655149797589218e+01,1.787835803181753036e+01,2.344235964900085989e+01,2.655311547882504541e+01,1.299129278445776770e+01
7.939655149797589218e+01,1.787835803181753036e+01,2.344235964900085989e+01,2.655311547882504897e+01,1.299129278445776770e+01
7.939655149797589218e+01,1.787835803181753036e+01,2.344235964900085989e+01,2.655311547882504897e+01,1.299129278445776770e+01
8.189604294054440459e+01,1.884762830513152210e+01,2.491078150819585346e+01,2.878126528291788233e+01,1.388807576268009392e+01
8.189604294054440459e+01,1.884762830513152210e+01,2.491078150819585346e+01,2.878126528291788233e+01,1.388807576268009392e+01
8.189604294054440459e+01,1.884762830513152920e+01,2.491078150819585701e+01,2.878126528291788233e+01,1.388807576268009214e+01
8.311399479203757323e+01,1.940444140196127165e+01,2.592679940734570465e+01,2.993616547710984221e+01,1.454524369413382878e+01
8.311399479203757323e+01,1.940444140196126810e+01,2.592679940734570110e+01,2.993616547710984221e+01,1.454524369413382701e+01
8.311399479203757323e+01,1.940444140196126810e+01,2.592679940734570820e+01,2.993616547710984221e+01,1.454524369413382701e+01
8.425550518085080398e+01,1.994557943323972538e+01,2.688280485107338791e+01,3.061904817482727381e+01,1.495945927066275871e+01
8.425550518085080398e+01,1.994557943323972538e+01,2.688280485107338791e+01,3.061904817482727026e+01,1.495945927066275871e+01
8.425550518085080398e+01,1.994557943323972538e+01,2.688280485107338791e+01,3.061904817482727026e+01,1.495945927066275871e+01
-8.681318467720596743e+01,1.420745435329206430e+01,1.815280789036186704e+01,1.764252206620462360e+01,7.732810547784603195e+00
-8.681318467720596743e+01,1.420745435329206607e+01,1.815280789036186704e+01,1.764252206620462360e+01,7.732810547784601418e+00
-8.681318467720596743e+01,1.420745435329206430e+01,1.815280789036187059e+01,1.764252206620462360e+01,7.732810547784603195e+00
-8.652743810069011943e+01,1.400227345165237836e+01,1.794732646586899349e+01,1.729662157934815525e+01,7.535803501805971472e+00
-8.652743810069011943e+01,1.400227345165237658e+01,1.794732646586899349e+01,1.729662157934815880e+01,7.535803501805971472e+00
-8.652743810069011943e+01,1.400227345165238013e+01,1.794732646586899349e+01,1.729662157934815525e+01,7.535803501805971472e+00
-8.549940206829863598e+01,1.356623292873551634e+01,1.759852189010990386e+01,1.663205295199797717e+01,7.287366759833732388e+00
-8.549940206829863598e+01,1.356623292873551456e+01,1.759852189010990386e+01,1.663205295199797717e+01,7.287366759833732388e+00
-8.549940206829863598e+01,1.356623292873551634e+01,1.759852189010990386e+01,1.663205295199797717e+01,7.287366759833732388e+00
-8.518721313430047815e+01,1.341309453599062707e+01,1.700198036620215802e+01,1.573987461664184195e+01,6.912421559170863539e+00
-8.518721313430047815e+01,1.341309453599062707e+01,1.700198036620215802e+01,1.573987461664184195e+01,6.912421559170864427e+00
-8.518721313430047815e+01,1.341309453599062529e+01,1.700198036620215802e+01,1.573987461664184551e+01,6.912421559170864427e+00
-8.308190294857405434e+01,1.270013564098863768e+01,1.624232427626627384e+01,1.367095052782594244e+01,6.286165715950497557e+00
-8.308190294857405434e+01,1.270013564098863590e+01,1.624232427626627384e+01,1.367095052782594244e+01,6.286165715950497557e+00
-8.308190294857405434e+01,1.270013564098863590e+01,1.624232427626627384e+01,1.367095052782594244e+01,6.286165715950497557e+00
-8.246739681057523796e+01,1.254740824853122660e+01,1.519300822577532450e+01,1.271868042489156814e+01,5.330370261490496198e+00
-8.246739681057523796e+01,1.254740824853122660e+01,1.519300822577532450e+01,1.271868042489156458e+01,5.330370261490496198e+00
-8.246739681057523796e+01,1.254740824853122660e+01,1.519300822577532450e+01,1.271868042489156458e+01,5.330370261490496198e+00
-8.133299143531701247e+01,1.188361535870262387e+01,1.438399239056935919e+01,1.247115782522520178e+01,4.434018167520255460e+00
-8.133299143531701247e+01,1.188361535870262564e+01,1.438399239056935919e+01,1.247115782522520178e+01,4.434018167520254572e+00
-8.133299143531701247e+01,1.188361535870262742e+01,1.438399239056935919e+01,1.247115782522520178e+01,4.434018167520255460e+00
-7.934690700425190357e+01,1.070512303746997418e+01,1.359641965349519666e+01,1.207022004489423850e+01,3.764334108173819082e+00
-7.934690700425190357e+01,1.070512303746997418e+01,1.359641965349519666e+01,1.207022004489423850e+01,3.764334108173818638e+00
-7.934690700425190357e+01,1.070512303746997418e+01,1.359641965349519488e+01,1.207022004489423850e+01,3.764334108173818638e+00
-7.620225539257397429e+01,9.485110178192517338e+00,1.271424218346948365e+01,1.125430869145562873e+01,3.189268692323311338e+00
-7.620225539257397429e+01,9.485110178192519115e+00,1.271424218346948365e+01,1.125430869145562873e+01,3.189268692323311338e+00
-7.620225539257397429e+01,9.485110178192519115e+00,1.271424218346948365e+01,1.125430869145562873e+01,3.189268692323311338e+00
-7.156843609401241224e+01,8.570322661544150122e+00,1.166525606061587439e+01,1.036218253008535406e+01,2.664615703128031310e+00
-7.156843609401241224e+01,8.570322661544148346e+00,1.166525606061587794e+01,1.036218253008535584e+01,2.664615703128031310e+00
-7.156843609401241224e+01,8.570322661544148346e+00,1.166525606061587617e+01,1.036218253008535406e+01,2.664615703128031310e+00
-6.517647987690850186e+01,7.985277100455553168e+00,1.041709883452142726e+01,9.775405472533760687e+00,2.272719825640068692e+00
-6.517647987690850186e+01,7.985277100455553168e+00,1.041709883452142726e+01,9.775405472533762463e+00,2.272719825640068247e+00
-6.517647987690850186e+01,7.985277100455551391e+00,1.041709883452142549e+01,9.775405472533760687e+00,2.272719825640068247e+00
-5.748733686032116452e+01,7.657156569575429117e+00,9.278251918214715843e+00,9.317521703239606268e+00,0.000000000000000000e+00
-5.748733686032116452e+01,7.657156569575429117e+00,9.278251918214715843e+00,9.317521703239608044e+00,0.000000000000000000e+00
-5.748733686032116452e+01,7.657156569575429117e+00,9.278251918214715843e+00,9.317521703239608044e+00,0.000000000000000000e+00
-4.865673802088061706e+01,7.544690239346112826e+00,8.527946790751018469e+00,8.588173228113042512e+00,0.000000000000000000e+00
-4.865673802088061706e+01,7.544690239346112826e+00,8.527946790751016692e+00,8.588173228113042512e+00,0.000000000000000000e+00
-4.865673802088061706e+01,7.544690239346111937e+00,8.527946790751016692e+00,8.588173228113044289e+00,0.000000000000000000e+00
-3.881070421192244879e+01,7.652031947428145742e+00,7.901373607215051997e+00,7.604361934754780172e+00,0.000000000000000000e+00
-3.881070421192244879e+01,7.652031947428145742e+00,7.901373607215051997e+00,7.604361934754780172e+00,0.000000000000000000e+00
-3.881070421192244879e+01,7.652031947428145742e+00,7.901373607215051997e+00,7.604361934754781949e+00,0.000000000000000000e+00
-2.745945406884258944e+01,7.501845971373869659e+00,7.433738263438154803e+00,7.137196059963935468e+00,0.000000000000000000e+00
-2.745945406884258944e+01,7.501845971373868771e+00,7.433738263438154803e+00,7.137196059963932804e+00,0.000000000000000000e+00
-2.745945406884258944e+01,7.501845971373868771e+00,7.433738263438154803e+00,7.137196059963934580e+00,0.000000000000000000e+00
-1.425394301102645400e+01,7.225997036642927362e+00,7.243258317240895749e+00,6.962467781915467668e+00,0.000000000000000000e+00
-1.425394301102645400e+01,7.225997036642929139e+00,7.243258317240895749e+00,6.962467781915466780e+00,0.000000000000000000e+00
-1.425394301102645400e+01,7.225997036642927362e+00,7.243258317240894861e+00,6.962467781915466780e+00,0.000000000000000000e+00
0.000000000000000000e+00,7.078518170655161867e+00,7.357999426010651156e+00,6.917988059873378504e+00,0.000000000000000000e+00
0.000000000000000000e+00,7.078518170655160091e+00,7.357999426010651156e+00,6.917988059873378504e+00,0.000000000000000000e+00
0.000000000000000000e+00,7.078518170655160091e+00,7.357999426010649380e+00,6.917988059873379392e+00,0.000000000000000000e+00
1.462840900091764418e+01,6.962909569368017415e+00,7.764047727144381739e+00,7.318815865621671968e+00,0.000000000000000000e+00
1.462840900091764418e+01,6.962909569368019191e+00,7.764047727144381739e+00,7.318815865621671968e+00,0.000000000000000000e+00
1.462840900091764418e+01,6.962909569368017415e+00,7.764047727144381739e+00,7.318815865621671968e+00,0.000000000000000000e+00
2.816066944332481015e+01,6.783067233909449101e+00,8.480288080387452965e+00,8.451321506223086644e+00,0.000000000000000000e+00
2.816066944332481015e+01,6.783067233909447324e+00,8.480288080387454741e+00,8.451321506223086644e+00,0.000000000000000000e+00
2.816066944332481015e+01,6.783067233909447324e+00,8.480288080387452965e+00,8.451321506223086644e+00,0.000000000000000000e+00
4.004883158119692155e+01,6.833209079153667709e+00,9.582590269770500768e+00,9.533085593403214375e+00,1.975706533246625485e+00
4.004883158119692155e+01,6.833209079153666821e+00,9.582590269770502545e+00,9.533085593403214375e+00,1.975706533246625485e+00
4.004883158119692155e+01,6.833209079153667709e+00,9.582590269770502545e+00,9.533085593403214375e+00,1.975706533246625485e+00
5.022369130721381225e+01,7.553651823975195079e+00,1.120115242435211655e+01,1.058086124235206427e+01,3.018068423090272123e+00
5.022369130721381225e+01,7.553651823975195079e+00,1.120115242435211478e+01,1.058086124235206427e+01,3.018068423090272123e+00
5.022369130721381225e+01,7.553651823975191526e+00,1.120115242435211655e+01,1.058086124235206427e+01,3.018068423090272123e+00
5.874508270875504934e+01,9.101891635393018376e+00,1.309026717536906226e+01,1.203490737070979755e+01,4.231834558309313543e+00
5.874508270875504934e+01,9.101891635393016600e+00,1.309026717536906048e+01,1.203490737070979399e+01,4.231834558309313543e+00
5.874508270875504934e+01,9.101891635393018376e+00,1.309026717536906226e+01,1.203490737070979755e+01,4.231834558309313543e+00
6.541101899663011920e+01,1.094089651065499424e+01,1.506970233058138042e+01,1.418608086628106868e+01,5.645429623911654815e+00
6.541101899663011920e+01,1.094089651065499602e+01,1.506970233058138220e+01,1.418608086628106868e+01,5.645429623911654815e+00
6.541101899663011920e+01,1.094089651065499602e+01,1.506970233058138220e+01,1.418608086628107223e+01,5.645429623911655703e+00
7.021158455196081150e+01,1.259656573189532658e+01,1.685908387361361704e+01,1.687096550433033215e+01,7.254019024380720992e+00
7.021158455196081150e+01,1.259656573189533013e+01,1.685908387361361704e+01,1.687096550433033215e+01,7.254019024380720992e+00
7.021158455196081150e+01,1.259656573189532835e+01,1.685908387361361704e+01,1.687096550433033215e+01,7.254019024380721881e+00
7.342325680803516263e+01,1.420792164324304707e+01,1.884257398732925282e+01,1.944357292040141516e+01,9.279612037261147250e+00
7.342325680803516263e+01,1.420792164324304530e+01,1.884257398732924926e+01,1.944357292040141516e+01,9.279612037261149027e+00
7.342325680803516263e+01,1.420792164324304530e+01,1.884257398732924926e+01,1.944357292040141516e+01,9.279612037261147250e+00
7.601752397216533552e+01,1.563891225240972460e+01,2.155329162184380465e+01,2.212952421208600740e+01,1.140207305842469765e+01
7.601752397216533552e+01,1.563891225240972993e+01,2.155329162184380820e+01,2.212952421208600740e+01,1.140207305842469765e+01
7.601752397216533552e+01,1.563891225240972638e+01,2.155329162184380465e+01,2.212952421208600740e+01,1.140207305842469943e+01
8.012066878294662331e+01,1.762634361357833868e+01,2.367149399202703108e+01,2.643409200317149299e+01,1.289716105549485192e+01
8.012066878294662331e+01,1.762634361357833512e+01,2.367149399202703464e+01,2.643409200317148944e+01,1.289716105549485192e+01
8.012066878294662331e+01,1.762634361357833868e+01,2.367149399202703108e+01,2.643409200317149299e+01,1.289716105549485370e+01
8.199914050126015752e+01,1.851626622305764869e+01,2.538570943855130935e+01,2.859101434162421640e+01,1.393401344916913231e+01
8.199914050126015752e+01,1.851626622305764158e+01,2.538570943855130935e+01,2.859101434162421640e+01,1.393401344916913231e+01
8.199914050126015752e+01,1.851626622305764513e+01,2.538570943855130935e+01,2.859101434162421640e+01,1.393401344916913231e+01
8.385640488240269974e+01,1.944622416366627249e+01,2.651162801942355429e+01,2.996925934226824140e+01,1.460653619065381470e+01
8.385640488240269974e+01,1.944622416366627249e+01,2.651162801942355429e+01,2.996925934226824495e+01,1.460653619065381470e+01
8.385640488240269974e+01,1.944622416366627604e+01,2.651162801942355784e+01,2.996925934226824140e+01,1.460653619065381470e+01
8.484800553531644596e+01,2.003225945327322677e+01,2.734421523390984277e+01,3.073865553794281524e+01,1.512852612495386140e+01
8.484800553531644596e+01,2.003225945327322677e+01,2.734421523390984277e+01,3.073865553794281524e+01,1.512852612495386140e+01
8.484800553531644596e+01,2.003225945327322677e+01,2.734421523390983921e+01,3.073865553794281880e+01,1.512852612495385962e+01
-8.761612230067852636e+01,1.451456865892905768e+01,1.842583632789657599e+01,1.770625332362982363e+01,7.624784541641442814e+00
-8.761612230067852636e+01,1.451456865892905768e+01,1.842583632789657599e+01,1.770625332362982363e+01,7.624784541641442814e+00
-8.761612230067852636e+01,1.451456865892905590e+01,1.842583632789657599e+01,1.770625332362982363e+01,7.624784541641441926e+00
-8.644574395737946304e+01,1.400240398607662584e+01,1.814989882054362980e+01,1.711209327048399587e+01,7.421005889532484190e+00
-8.644574395737946304e+01,1.400240398607662407e+01,1.814989882054362980e+01,1.711209327048399231e+01,7.421005889532484190e+00
-8.644574395737946304e+01,1.400240398607662762e+01,1.814989882054362980e+01,1.711209327048399587e+01,7.421005889532483302e+00
-8.505466614322118346e+01,1.342648769718979018e+01,1.765084799912217051e+01,1.628100766841906477e+01,7.115234679049837752e+00
-8.505466614322118346e+01,1.342648769718979196e+01,1.765084799912216695e+01,1.628100766841906832e+01,7.115234679049837752e+00
-8.505466614322118346e+01,1.342648769718979196e+01,1.765084799912216695e+01,1.628100766841906477e+01,7.115234679049836863e+00
-8.346353052010006479e+01,1.283899533394522230e+01,1.714820692760293142e+01,1.480977093093730801e+01,6.675071489793324986e+00
-8.346353052010006479e+01,1.283899533394522230e+01,1.714820692760293142e+01,1.480977093093730801e+01,6.675071489793325874e+00
-8.346353052010006479e+01,1.283899533394522230e+01,1.714820692760293142e+01,1.480977093093730801e+01,6.675071489793324986e+00
-8.332168089169105940e+01,1.272940177445929244e+01,1.598095731848613532e+01,1.328450430402735627e+01,5.898529371950792743e+00
-8.332168089169105940e+01,1.272940177445929244e+01,1.598095731848613532e+01,1.328450430402735805e+01,5.898529371950792743e+00
-8.332168089169105940e+01,1.272940177445929244e+01,1.598095731848613532e+01,1.328450430402735805e+01,5.898529371950792743e+00
-8.323597914550735766e+01,1.266496336987588478e+01,1.475795492313452328e+01,1.229837017786722342e+01,5.123658563751664730e+00
-8.323597914550735766e+01,1.266496336987588478e+01,1.475795492313452328e+01,1.229837017786722342e+01,5.123658563751664730e+00
-8.323597914550735766e+01,1.266496336987588478e+01,1.475795492313452506e+01,1.229837017786722342e+01,5.123658563751664730e+00
-8.235777707667544689e+01,1.219814440231893471e+01,1.403172992622116055e+01,1.210219731204880667e+01,4.371507284636613200e+00
-8.235777707667544689e+01,1.219814440231893826e+01,1.403172992622116055e+01,1.210219731204880667e+01,4.371507284636614088e+00
-8.235777707667544689e+01,1.219814440231893826e+01,1.403172992622116233e+01,1.210219731204880489e+01,4.371507284636613200e+00
-8.027365555565128830e+01,1.110374165640298294e+01,1.328104269888743616e+01,1.196029661621869700e+01,3.696305133850516622e+00
-8.027365555565128830e+01,1.110374165640298294e+01,1.328104269888743616e+01,1.196029661621869700e+01,3.696305133850516622e+00
-8.027365555565128830e+01,1.110374165640298294e+01,1.328104269888743616e+01,1.196029661621869700e+01,3.696305133850517066e+00
-7.705456201441123198e+01,9.768813109524307592e+00,1.238166327440337255e+01,1.134463798527161948e+01,3.072171765632064844e+00
-7.705456201441123198e+01,9.768813109524307592e+00,1.238166327440337255e+01,1.134463798527161593e+01,3.072171765632064400e+00
-7.705456201441123198e+01,9.768813109524309368e+00,1.238166327440337255e+01,1.134463798527161593e+01,3.072171765632064400e+00
-7.235379250835266873e+01,8.874977334705057785e+00,1.121477419671041709e+01,1.063627259220117871e+01,2.604357577408524804e+00
-7.235379250835266873e+01,8.874977334705057785e+00,1.121477419671041886e+01,1.063627259220117871e+01,2.604357577408525692e+00
-7.235379250835266873e+01,8.874977334705057785e+00,1.121477419671041709e+01,1.063627259220117871e+01,2.604357577408525692e+00
-6.591985634342678679e+01,8.337566794842640405e+00,9.800002809319446229e+00,1.012185196311540203e+01,2.269616034792874881e+00
-6.591985634342678679e+01,8.337566794842642182e+00,9.800002809319448005e+00,1.012185196311540203e+01,2.269616034792874881e+00
-6.591985634342678679e+01,8.337566794842642182e+00,9.800002809319446229e+00,1.012185196311540203e+01,2.269616034792874881e+00
-5.821461433050114920e+01,7.911063285477306195e+00,8.684715204557511115e+00,9.252968230084935186e+00,0.000000000000000000e+00
-5.821461433050114920e+01,7.911063285477307971e+00,8.684715204557512891e+00,9.252968230084936962e+00,0.000000000000000000e+00
-5.821461433050114920e+01,7.911063285477304419e+00,8.684715204557512891e+00,9.252968230084936962e+00,0.000000000000000000e+00
-4.935626374747128153e+01,7.755823008439937105e+00,7.979469137450031724e+00,8.103743011435280863e+00,0.000000000000000000e+00
-4.935626374747128153e+01,7.755823008439937105e+00,7.979469137450031724e+00,8.103743011435280863e+00,0.000000000000000000e+00
-4.935626374747128153e+01,7.755823008439937105e+00,7.979469137450031724e+00,8.103743011435280863e+00,0.000000000000000000e+00
-3.935563502940659930e+01,7.804541905149236847e+00,7.494036103836851481e+00,7.114601427112479115e+00,0.000000000000000000e+00
-3.935563502940659930e+01,7.804541905149236847e+00,7.494036103836849705e+00,7.114601427112478227e+00,0.000000000000000000e+00
-3.935563502940659930e+01,7.804541905149237735e+00,7.494036103836849705e+00,7.114601427112479115e+00,0.000000000000000000e+00
-2.770912912994685229e+01,7.831141051108370554e+00,7.244411117043770609e+00,6.924425192187961819e+00,0.000000000000000000e+00
-2.770912912994685229e+01,7.831141051108370554e+00,7.244411117043770609e+00,6.924425192187961819e+00,0.000000000000000000e+00
-2.770912912994685229e+01,7.831141051108370554e+00,7.244411117043770609e+00,6.924425192187962708e+00,0.000000000000000000e+00
-1.415503451306936533e+01,7.691982653356701505e+00,7.154756540961830780e+00,6.988588812484391788e+00,0.000000000000000000e+00
-1.415503451306936533e+01,7.691982653356701505e+00,7.154756540961830780e+00,6.988588812484393564e+00,0.000000000000000000e+00
-1.415503451306936533e+01,7.691982653356701505e+00,7.154756540961830780e+00,6.988588812484391788e+00,0.000000000000000000e+00
0.000000000000000000e+00,7.469652242765971728e+00,7.341735136824780739e+00,6.845643238328098512e+00,0.000000000000000000e+00
0.000000000000000000e+00,7.469652242765972616e+00,7.341735136824780739e+00,6.845643238328098512e+00,0.000000000000000000e+00
0.000000000000000000e+00,7.469652242765972616e+00,7.341735136824780739e+00,6.845643238328098512e+00,0.000000000000000000e+00
1.571178098162763170e+01,7.424570595946855533e+00,7.770799333143280307e+00,7.160455810082551054e+00,0.000000000000000000e+00
1.571178098162763170e+01,7.424570595946855533e+00,7.770799333143280307e+00,7.160455810082552830e+00,0.000000000000000000e+00
1.571178098162763170e+01,7.424570595946855533e+00,7.770799333143280307e+00,7.160455810082552830e+00,0.000000000000000000e+00
2.949717107447860442e+01,7.470237270696954646e+00,8.314593072534087526e+00,8.708393908170878106e+00,0.000000000000000000e+00
2.949717107447860442e+01,7.470237270696956422e+00,8.314593072534087526e+00,8.708393908170878106e+00,0.000000000000000000e+00
2.949717107447860442e+01,7.470237270696954646e+00,8.314593072534087526e+00,8.708393908170878106e+00,0.000000000000000000e+00
4.140724326593073101e+01,7.544925032171581947e+00,9.124442687584805256e+00,1.010197300469537218e+01,0.000000000000000000e+00
4.140724326593073101e+01,7.544925032171581947e+00,9.124442687584807032e+00,1.010197300469537218e+01,0.000000000000000000e+00
4.140724326593073101e+01,7.544925032171581947e+00,9.124442687584807032e+00,1.010197300469537218e+01,0.000000000000000000e+00
5.158936013388146336e+01,8.047565594369938680e+00,1.056723510408696676e+01,1.095493770200356920e+01,2.876456120153497498e+00
5.158936013388146336e+01,8.047565594369936903e+00,1.056723510408696853e+01,1.095493770200356920e+01,2.876456120153497498e+00
5.158936013388146336e+01,8.047565594369936903e+00,1.056723510408696676e+01,1.095493770200356920e+01,2.876456120153497498e+00
6.011661283389416610e+01,9.223672776775506676e+00,1.242701320767696949e+01,1.222819907981565279e+01,4.144134063861688588e+00
6.011661283389416610e+01,9.223672776775506676e+00,1.242701320767696949e+01,1.222819907981565457e+01,4.144134063861689476e+00
6.011661283389416610e+01,9.223672776775506676e+00,1.242701320767696949e+01,1.222819907981565279e+01,4.144134063861689476e+00
6.678954209344703941e+01,1.102284642396409886e+01,1.449578765447037654e+01,1.426722124076265885e+01,5.609381191257990729e+00
6.678954209344703941e+01,1.102284642396409886e+01,1.449578765447037654e+01,1.426722124076265885e+01,5.609381191257990729e+00
6.678954209344703941e+01,1.102284642396410064e+01,1.449578765447037831e+01,1.426722124076265885e+01,5.609381191257990729e+00
7.145667249978112068e+01,1.275194336459579425e+01,1.651137956139780627e+01,1.689805165925828234e+01,7.079983920605084968e+00
7.145667249978112068e+01,1.275194336459579425e+01,1.651137956139780982e+01,1.689805165925828234e+01,7.079983920605084968e+00
7.145667249978112068e+01,1.275194336459579425e+01,1.651137956139780982e+01,1.689805165925828589e+01,7.079983920605085856e+00
7.446425415986341534e+01,1.420600966538158083e+01,1.849819362993617844e+01,1.944394664564592290e+01,8.875146923981837688e+00
7.446425415986341534e+01,1.420600966538158261e+01,1.849819362993618199e+01,1.944394664564592645e+01,8.875146923981839464e+00
7.446425415986341534e+01,1.420600966538158261e+01,1.849819362993617844e+01,1.944394664564592645e+01,8.875146923981837688e+00
7.676055017762982402e+01,1.528671829674269134e+01,2.130261543370142263e+01,2.172383396525629706e+01,1.086806255856615877e+01
7.676055017762982402e+01,1.528671829674268956e+01,2.130261543370142618e+01,2.172383396525629706e+01,1.086806255856615877e+01
7.676055017762982402e+01,1.528671829674269134e+01,2.130261543370142974e+01,2.172383396525629706e+01,1.086806255856616232e+01
7.907115972421588879e+01,1.635257932163785100e+01,2.416559303296695305e+01,2.486758780230518084e+01,1.279996532144431853e+01
7.907115972421588879e+01,1.635257932163785100e+01,2.416559303296695660e+01,2.486758780230518084e+01,1.279996532144431853e+01
7.907115972421588879e+01,1.635257932163784744e+01,2.416559303296695660e+01,2.486758780230517729e+01,1.279996532144431676e+01
8.210984984337089543e+01,1.795058041163117224e+01,2.578707049906898519e+01,2.818248310599215145e+01,1.392256702717211603e+01
8.210984984337089543e+01,1.795058041163117224e+01,2.578707049906898519e+01,2.818248310599215145e+01,1.392256702717211425e+01
8.210984984337089543e+01,1.795058041163117224e+01,2.578707049906898519e+01,2.818248310599215145e+01,1.392256702717211425e+01
8.430280728044218108e+01,1.930796102955822491e+01,2.714673857901892973e+01,2.989381583400143683e+01,1.467321654830778854e+01
8.430280728044218108e+01,1.930796102955822136e+01,2.714673857901893328e+01,2.989381583400143683e+01,1.467321654830778677e+01
8.430280728044218108e+01,1.930796102955822136e+01,2.714673857901893328e+01,2.989381583400143683e+01,1.467321654830778677e+01
8.581700846870992905e+01,2.025826608591454914e+01,2.809469753755826815e+01,3.070974357931218890e+01,1.521217699328990491e+01
8.581700846870992905e+01,2.025826608591454558e+01,2.809469753755826815e+01,3.070974357931218890e+01,1.521217699328990491e+01
8.581700846870992905e+01,2.025826608591454914e+01,2.809469753755826815e+01,3.070974357931218890e+01,1.521217699328990847e+01
-8.795450484331661301e+01,1.472613827318893875e+01,1.866631775832126294e+01,1.762458060995244935e+01,7.486689964313480772e+00
-8.795450484331661301e+01,1.472613827318893520e+01,1.866631775832126294e+01,1.762458060995244935e+01,7.486689964313480772e+00
-8.795450484331661301e+01,1.472613827318893520e+01,1.866631775832126294e+01,1.762458060995244935e+01,7.486689964313480772e+00
-8.754387741015452207e+01,1.445675900297002059e+01,1.828466481981823932e+01,1.712248228202196998e+01,7.227008826853270840e+00
-8.754387741015452207e+01,1.445675900297002237e+01,1.828466481981823932e+01,1.712248228202196998e+01,7.227008826853270840e+00
-8.754387741015452207e+01,1.445675900297002059e+01,1.828466481981823932e+01,1.712248228202196998e+01,7.227008826853270840e+00
-8.486183548404778776e+01,1.345687452830148345e+01,1.791991430842506361e+01,1.579348952201238276e+01,6.880678749564094865e+00
-8.486183548404778776e+01,1.345687452830148345e+01,1.791991430842506716e+01,1.579348952201238632e+01,6.880678749564093977e+00
-8.486183548404778776e+01,1.345687452830148345e+01,1.791991430842506716e+01,1.579348952201238809e+01,6.880678749564093089e+00
-8.427514732329260028e+01,1.296439306944724379e+01,1.709983157447641844e+01,1.458037045434470080e+01,6.285913225479592192e+00
-8.427514732329260028e+01,1.296439306944724024e+01,1.709983157447642199e+01,1.458037045434470258e+01,6.285913225479593081e+00
-8.427514732329260028e+01,1.296439306944724379e+01,1.709983157447641844e+01,1.458037045434470258e+01,6.285913225479592192e+00
-8.482204161036719370e+01,1.285953301960294048e+01,1.593175522636878405e+01,1.318054989495244378e+01,5.548514565850894087e+00
-8.482204161036719370e+01,1.285953301960294048e+01,1.593175522636878227e+01,1.318054989495244200e+01,5.548514565850894087e+00
-8.482204161036719370e+01,1.285953301960294048e+01,1.593175522636878227e+01,1.318054989495244378e+01,5.548514565850894975e+00
-8.523650222591970760e+01,1.271009859359640259e+01,1.502859947606033941e+01,1.209215789560469290e+01,4.978798268454444731e+00
-8.523650222591970760e+01,1.271009859359640082e+01,1.502859947606033941e+01,1.209215789560469290e+01,4.978798268454444731e+00
-8.523650222591970760e+01,1.271009859359639904e+01,1.502859947606033764e+01,1.209215789560469290e+01,4.978798268454444731e+00
-8.444089848761122141e+01,1.222829296221044615e+01,1.430578054138322841e+01,1.182995495028182908e+01,4.333587536369577720e+00
-8.444089848761122141e+01,1.222829296221044437e+01,1.430578054138322841e+01,1.182995495028182908e+01,4.333587536369577720e+00
-8.444089848761122141e+01,1.222829296221044615e+01,1.430578054138322841e+01,1.182995495028182908e+01,4.333587536369577720e+00
-8.197831889143330386e+01,1.123895264425092755e+01,1.351899925323453644e+01,1.205055384638415639e+01,3.562417534279188391e+00
-8.197831889143330386e+01,1.123895264425092755e+01,1.351899925323453644e+01,1.205055384638415639e+01,3.562417534279188835e+00
-8.197831889143330386e+01,1.123895264425092577e+01,1.351899925323453644e+01,1.205055384638415639e+01,3.562417534279188391e+00
-7.827392068616448739e+01,9.969651655947615154e+00,1.259056986049723648e+01,1.175939512150261912e+01,2.913888499130177667e+00
-7.827392068616448739e+01,9.969651655947615154e+00,1.259056986049723825e+01,1.175939512150261734e+01,2.913888499130176779e+00
-7.827392068616448739e+01,9.969651655947615154e+00,1.259056986049723825e+01,1.175939512150261734e+01,2.913888499130177667e+00
-7.323723136508866105e+01,9.157160387571099847e+00,1.151505267776993691e+01,1.119001443788486228e+01,2.515413783706039297e+00
-7.323723136508866105e+01,9.157160387571099847e+00,1.151505267776993691e+01,1.119001443788486228e+01,2.515413783706039741e+00
-7.323723136508866105e+01,9.157160387571099847e+00,1.151505267776993868e+01,1.119001443788486228e+01,2.515413783706039741e+00
-6.672580363733527520e+01,8.653053713756055032e+00,1.027382462590382595e+01,1.052182954871617682e+01,2.152072036917269227e+00
-6.672580363733527520e+01,8.653053713756055032e+00,1.027382462590382417e+01,1.052182954871617682e+01,2.152072036917269227e+00
-6.672580363733527520e+01,8.653053713756055032e+00,1.027382462590382417e+01,1.052182954871617682e+01,2.152072036917268782e+00
-5.909795173636918264e+01,8.304764910064744043e+00,9.214556070362899476e+00,9.214515457833639900e+00,0.000000000000000000e+00
-5.909795173636918264e+01,8.304764910064744043e+00,9.214556070362901252e+00,9.214515457833643453e+00,0.000000000000000000e+00
-5.909795173636918264e+01,8.304764910064744043e+00,9.214556070362901252e+00,9.214515457833641676e+00,0.000000000000000000e+00
-5.023527374447122185e+01,7.934089240415817201e+00,8.483618029817389328e+00,7.766493427320783738e+00,0.000000000000000000e+00
-5.023527374447122185e+01,7.934089240415817201e+00,8.483618029817389328e+00,7.766493427320783738e+00,0.000000000000000000e+00
-5.023527374447122185e+01,7.934089240415817201e+00,8.483618029817389328e+00,7.766493427320783738e+00,0.000000000000000000e+00
-3.986225966111872765e+01,7.769175940896725585e+00,7.981956182334671190e+00,7.007189583388752752e+00,0.000000000000000000e+00
-3.986225966111872765e+01,7.769175940896722921e+00,7.981956182334671190e+00,7.007189583388752752e+00,0.000000000000000000e+00
-3.986225966111872765e+01,7.769175940896725585e+00,7.981956182334671190e+00,7.007189583388751863e+00,0.000000000000000000e+00
-2.750544680556690125e+01,7.973842275218000708e+00,7.704806449460090967e+00,6.864598357463126632e+00,0.000000000000000000e+00
-2.750544680556690125e+01,7.973842275218000708e+00,7.704806449460090967e+00,6.864598357463128409e+00,0.000000000000000000e+00
-2.750544680556690125e+01,7.973842275218000708e+00,7.704806449460090967e+00,6.864598357463128409e+00,0.000000000000000000e+00
-1.345950740411792168e+01,8.063426718726928399e+00,7.706321180114320768e+00,6.837793915677134571e+00,0.000000000000000000e+00
-1.345950740411792168e+01,8.063426718726926623e+00,7.706321180114320768e+00,6.837793915677134571e+00,0.000000000000000000e+00
-1.345950740411792168e+01,8.063426718726926623e+00,7.706321180114320768e+00,6.837793915677136347e+00,0.000000000000000000e+00
0.000000000000000000e+00,7.642413484460724327e+00,7.957942429930771944e+00,6.582412821702256167e+00,0.000000000000000000e+00
0.000000000000000000e+00,7.642413484460724327e+00,7.957942429930771944e+00,6.582412821702256167e+00,0.000000000000000000e+00
0.000000000000000000e+00,7.642413484460724327e+00,7.957942429930771944e+00,6.582412821702256167e+00,0.000000000000000000e+00
1.678724880904693606e+01,7.665400500907214365e+00,8.344686690678788210e+00,7.115957295407133287e+00,0.000000000000000000e+00
1.678724880904693606e+01,7.665400500907213477e+00,8.344686690678789986e+00,7.115957295407131511e+00,0.000000000000000000e+00
1.678724880904693606e+01,7.665400500907214365e+00,8.344686690678788210e+00,7.115957295407130623e+00,0.000000000000000000e+00
3.081119232861544077e+01,7.958411339807354601e+00,8.820337965087844623e+00,8.785472484125765646e+00,0.000000000000000000e+00
3.081119232861544077e+01,7.958411339807354601e+00,8.820337965087844623e+00,8.785472484125765646e+00,0.000000000000000000e+00
3.081119232861544077e+01,7.958411339807354601e+00,8.820337965087844623e+00,8.785472484125765646e+00,0.000000000000000000e+00
4.308448489365042633e+01,8.263279900506448783e+00,9.488036033896335653e+00,1.043986840812855732e+01,0.000000000000000000e+00
4.308448489365042633e+01,8.263279900506448783e+00,9.488036033896333876e+00,1.043986840812855732e+01,0.000000000000000000e+00
4.308448489365042633e+01,8.263279900506448783e+00,9.488036033896335653e+00,1.043986840812855732e+01,0.000000000000000000e+00
5.347480140729097542e+01,8.648877397640422515e+00,1.084869574165498385e+01,1.138940594428681585e+01,2.661733849257769791e+00
5.347480140729097542e+01,8.648877397640422515e+00,1.084869574165498385e+01,1.138940594428681941e+01,2.661733849257769791e+00
5.347480140729097542e+01,8.648877397640422515e+00,1.084869574165498385e+01,1.138940594428681585e+01,2.661733849257770235e+00
6.198455242701164281e+01,9.820870267313054569e+00,1.277865196767646516e+01,1.255803574550629342e+01,4.006725199603355492e+00
6.198455242701164281e+01,9.820870267313054569e+00,1.277865196767646694e+01,1.255803574550629698e+01,4.006725199603355492e+00
6.198455242701164281e+01,9.820870267313054569e+00,1.277865196767646516e+01,1.255803574550629342e+01,4.006725199603355492e+00
6.851311961254845073e+01,1.137119393247301780e+01,1.487529363493140444e+01,1.450094216611759990e+01,5.537481188351392802e+00
6.851311961254845073e+01,1.137119393247301957e+01,1.487529363493140444e+01,1.450094216611760167e+01,5.537481188351391914e+00
6.851311961254845073e+01,1.137119393247301780e+01,1.487529363493140266e+01,1.450094216611760345e+01,5.537481188351391914e+00
7.311230372612727990e+01,1.318728712776975520e+01,1.713955190570296594e+01,1.691024897290517259e+01,7.015962024797716801e+00
7.311230372612727990e+01,1.318728712776975343e+01,1.713955190570296239e+01,1.691024897290517259e+01,7.015962024797716801e+00
7.311230372612727990e+01,1.318728712776975520e+01,1.713955190570296594e+01,1.691024897290517259e+01,7.015962024797716801e+00
7.616916599580436298e+01,1.461815498749423803e+01,1.938775631718896264e+01,1.931890460333502801e+01,8.555827447861817703e+00
7.616916599580436298e+01,1.461815498749423625e+01,1.938775631718896264e+01,1.931890460333502801e+01,8.555827447861817703e+00
7.616916599580436298e+01,1.461815498749423803e+01,1.938775631718896264e+01,1.931890460333502801e+01,8.555827447861817703e+00
7.842299015311493804e+01,1.535126587194306502e+01,2.157880488768597615e+01,2.157663631711037766e+01,1.036029995016812677e+01
7.842299015311493804e+01,1.535126587194306502e+01,2.157880488768597615e+01,2.157663631711037766e+01,1.036029995016812677e+01
7.842299015311493804e+01,1.535126587194306680e+01,2.157880488768597971e+01,2.157663631711037411e+01,1.036029995016812677e+01
8.020938633790673578e+01,1.596994063242037321e+01,2.440621784548736173e+01,2.460531836651660598e+01,1.245089025569047259e+01
8.020938633790673578e+01,1.596994063242037676e+01,2.440621784548736173e+01,2.460531836651660598e+01,1.245089025569047081e+01
8.020938633790673578e+01,1.596994063242037676e+01,2.440621784548736173e+01,2.460531836651660598e+01,1.245089025569047436e+01
8.227116868119266258e+01,1.740711376091721263e+01,2.653195944116566096e+01,2.758758238358564796e+01,1.384829366578412646e+01
8.227116868119266258e+01,1.740711376091720908e+01,2.653195944116566096e+01,2.758758238358564796e+01,1.384829366578412646e+01
8.227116868119266258e+01,1.740711376091720908e+01,2.653195944116566096e+01,2.758758238358564796e+01,1.384829366578412468e+01
8.544077912569503042e+01,1.953363947385288313e+01,2.781554958331752303e+01,2.969114363459267736e+01,1.470218819523604026e+01
8.544077912569503042e+01,1.953363947385288313e+01,2.781554958331751948e+01,2.969114363459267736e+01,1.470218819523603848e+01
8.544077912569503042e+01,1.953363947385288668e+01,2.781554958331752303e+01,2.969114363459268091e+01,1.470218819523604026e+01
8.654473204775148076e+01,2.040019909612952276e+01,2.892222116930524933e+01,3.055358272487806204e+01,1.534575265623750973e+01
8.654473204775148076e+01,2.040019909612952276e+01,2.892222116930524223e+01,3.055358272487806559e+01,1.534575265623750973e+01
8.654473204775148076e+01,2.040019909612952276e+01,2.892222116930524223e+01,3.055358272487805849e+01,1.534575265623750973e+01
-8.900750097228440438e+01,1.521989289276302770e+01,1.901637031103373587e+01,1.768063820512682582e+01,7.299821080162317344e+00
-8.900750097228440438e+01,1.521989289276302770e+01,1.901637031103373587e+01,1.768063820512682582e+01,7.299821080162316456e+00
-8.900750097228440438e+01,1.521989289276302770e+01,1.901637031103373587e+01,1.768063820512682582e+01,7.299821080162317344e+00
-8.775540592473087997e+01,1.470471112396900182e+01,1.860727565344499368e+01,1.685478993701599748e+01,6.945784981925939405e+00
-8.775540592473087997e+01,1.470471112396900359e+01,1.860727565344499723e+01,1.685478993701600103e+01,6.945784981925941182e+00
-8.775540592473087997e+01,1.470471112396900359e+01,1.860727565344499723e+01,1.685478993701600103e+01,6.945784981925939405e+00
-8.687027021412175998e+01,1.419904783880331500e+01,1.792186587429317868e+01,1.595299841408102104e+01,6.452039712769456870e+00
-8.687027021412175998e+01,1.419904783880331500e+01,1.792186587429317868e+01,1.595299841408102104e+01,6.452039712769456870e+00
-8.687027021412175998e+01,1.419904783880331500e+01,1.792186587429317868e+01,1.595299841408102104e+01,6.452039712769456870e+00
-8.683088062253369799e+01,1.365601799511096814e+01,1.716103661986353401e+01,1.485825818508441643e+01,5.893776235721174039e+00
-8.683088062253369799e+01,1.365601799511096637e+01,1.716103661986353401e+01,1.485825818508441643e+01,5.893776235721174039e+00
-8.683088062253369799e+01,1.365601799511096637e+01,1.716103661986353401e+01,1.485825818508441643e+01,5.893776235721175816e+00
-8.789759674884027163e+01,1.334146069385696087e+01,1.641784043335549725e+01,1.351132653575661102e+01,5.432752637209548041e+00
-8.789759674884027163e+01,1.334146069385696087e+01,1.641784043335549725e+01,1.351132653575660925e+01,5.432752637209548929e+00
-8.789759674884027163e+01,1.334146069385696087e+01,1.641784043335549725e+01,1.351132653575661102e+01,5.432752637209548041e+00
-8.851771720693524514e+01,1.291882475511788186e+01,1.555579886237783960e+01,1.249625581575563160e+01,4.974424175119962932e+00
-8.851771720693524514e+01,1.291882475511788186e+01,1.555579886237783960e+01,1.249625581575563338e+01,4.974424175119962932e+00
-8.851771720693524514e+01,1.291882475511788186e+01,1.555579886237783960e+01,1.249625581575562983e+01,4.974424175119962932e+00
-8.746468846841059985e+01,1.223990555617585585e+01,1.473345511921512418e+01,1.230164854182425493e+01,4.371183636348525248e+00
-8.746468846841059985e+01,1.223990555617585763e+01,1.473345511921512418e+01,1.230164854182425316e+01,4.371183636348526136e+00
-8.746468846841059985e+01,1.223990555617585763e+01,1.473345511921512418e+01,1.230164854182425316e+01,4.371183636348524360e+00
-8.456352963715470139e+01,1.136181040836909872e+01,1.383552517582690022e+01,1.237431837647582888e+01,3.541953173846930980e+00
-8.456352963715470139e+01,1.136181040836909517e+01,1.383552517582690200e+01,1.237431837647583244e+01,3.541953173846930980e+00
-8.456352963715470139e+01,1.136181040836910050e+01,1.383552517582690022e+01,1.237431837647582888e+01,3.541953173846930980e+00
-8.028350179709498491e+01,1.024827739725115627e+01,1.283296106702293748e+01,1.187753402328261920e+01,2.808626355086170534e+00
-8.028350179709498491e+01,1.024827739725115983e+01,1.283296106702293926e+01,1.187753402328261920e+01,2.808626355086170978e+00
-8.028350179709498491e+01,1.024827739725115627e+01,1.283296106702293926e+01,1.187753402328261743e+01,2.808626355086170978e+00
-7.468390498940955524e+01,9.425659981476526283e+00,1.183604744013683963e+01,1.108186637266726393e+01,2.300858554994130944e+00
-7.468390498940955524e+01,9.425659981476526283e+00,1.183604744013683785e+01,1.108186637266726571e+01,2.300858554994130944e+00
-7.468390498940955524e+01,9.425659981476524507e+00,1.183604744013683963e+01,1.108186637266726393e+01,2.300858554994130944e+00
-6.774258275577655297e+01,8.968402867474196682e+00,1.084467233702354783e+01,1.041711496356260014e+01,0.000000000000000000e+00
-6.774258275577655297e+01,8.968402867474196682e+00,1.084467233702354783e+01,1.041711496356259836e+01,0.000000000000000000e+00
-6.774258275577655297e+01,8.968402867474194906e+00,1.084467233702354783e+01,1.041711496356259836e+01,0.000000000000000000e+00
-6.005866819869317652e+01,8.554336761159936131e+00,1.000360845904283735e+01,9.250987438039159017e+00,0.000000000000000000e+00
-6.005866819869317652e+01,8.554336761159937907e+00,1.000360845904283735e+01,9.250987438039157240e+00,0.000000000000000000e+00
-6.005866819869317652e+01,8.554336761159936131e+00,1.000360845904283913e+01,9.250987438039159017e+00,0.000000000000000000e+00
-5.115966093081044619e+01,8.065765925358125088e+00,9.350719843594799130e+00,8.064508773481314563e+00,0.000000000000000000e+00
-5.115966093081044619e+01,8.065765925358126864e+00,9.350719843594800906e+00,8.064508773481316339e+00,0.000000000000000000e+00
-5.115966093081044619e+01,8.065765925358126864e+00,9.350719843594799130e+00,8.064508773481316339e+00,0.000000000000000000e+00
-4.031002681797453135e+01,7.792980118940541878e+00,8.607797843281620231e+00,7.345690511939134026e+00,0.000000000000000000e+00
-4.031002681797453135e+01,7.792980118940540990e+00,8.607797843281618455e+00,7.345690511939134026e+00,0.000000000000000000e+00
-4.031002681797453135e+01,7.792980118940541878e+00,8.607797843281620231e+00,7.345690511939134026e+00,0.000000000000000000e+00
-2.723109655555645148e+01,8.094546122714307401e+00,8.118311410642219172e+00,7.130490759640087717e+00,0.000000000000000000e+00
-2.723109655555645148e+01,8.094546122714307401e+00,8.118311410642219172e+00,7.130490759640087717e+00,0.000000000000000000e+00
-2.723109655555645148e+01,8.094546122714309178e+00,8.118311410642219172e+00,7.130490759640087717e+00,0.000000000000000000e+00
-1.269258888266656093e+01,8.073889594344619169e+00,8.152844179767129162e+00,6.643513373365180996e+00,0.000000000000000000e+00
-1.269258888266656093e+01,8.073889594344620946e+00,8.152844179767130939e+00,6.643513373365181884e+00,0.000000000000000000e+00
-1.269258888266656093e+01,8.073889594344619169e+00,8.152844179767130939e+00,6.643513373365181884e+00,0.000000000000000000e+00
2.621667779112695218e+00,7.553629666600366832e+00,8.305364235476167423e+00,6.268648939165635703e+00,0.000000000000000000e+00
2.621667779112695218e+00,7.553629666600367720e+00,8.305364235476167423e+00,6.268648939165635703e+00,0.000000000000000000e+00
2.621667779112695218e+00,7.553629666600366832e+00,8.305364235476167423e+00,6.268648939165635703e+00,0.000000000000000000e+00
1.779484303664807854e+01,7.434891427148089704e+00,8.541626404732005184e+00,7.167565853749759519e+00,0.000000000000000000e+00
1.779484303664807854e+01,7.434891427148091481e+00,8.541626404732005184e+00,7.167565853749759519e+00,0.000000000000000000e+00
1.779484303664807854e+01,7.434891427148091481e+00,8.541626404732005184e+00,7.167565853749762184e+00,0.000000000000000000e+00
3.212434846137950473e+01,7.907919046348345304e+00,9.058368511814494539e+00,8.568967221360477282e+00,0.000000000000000000e+00
3.212434846137950473e+01,7.907919046348345304e+00,9.058368511814494539e+00,8.568967221360477282e+00,0.000000000000000000e+00
3.212434846137950473e+01,7.907919046348345304e+00,9.058368511814496316e+00,8.568967221360477282e+00,0.000000000000000000e+00
4.494969053433673167e+01,8.520186774287701326e+00,9.745830072289168200e+00,1.015680114306454485e+01,0.000000000000000000e+00
4.494969053433673167e+01,8.520186774287701326e+00,9.745830072289169976e+00,1.015680114306454662e+01,0.000000000000000000e+00
4.494969053433673167e+01,8.520186774287701326e+00,9.745830072289169976e+00,1.015680114306454485e+01,0.000000000000000000e+00
5.584644397858755127e+01,9.189094656779539960e+00,1.100692409238524405e+01,1.137686602623615428e+01,2.713010108996458225e+00
5.584644397858755127e+01,9.189094656779541737e+00,1.100692409238524405e+01,1.137686602623615428e+01,2.713010108996457337e+00
5.584644397858755127e+01,9.189094656779539960e+00,1.100692409238524405e+01,1.137686602623615428e+01,2.713010108996457337e+00
6.440121022009358853e+01,1.044563254107034922e+01,1.303741815017033723e+01,1.294306666431889852e+01,4.113904501778599787e+00
6.440121022009358853e+01,1.044563254107034744e+01,1.303741815017033900e+01,1.294306666431889852e+01,4.113904501778600675e+00
6.440121022009358853e+01,1.044563254107034922e+01,1.303741815017033545e+01,1.294306666431889496e+01,4.113904501778601563e+00
7.071642136520104316e+01,1.220163506273934750e+01,1.529375250519787421e+01,1.485696529843006886e+01,5.647205917397514874e+00
7.071642136520104316e+01,1.220163506273934928e+01,1.529375250519787421e+01,1.485696529843006708e+01,5.647205917397514874e+00
7.071642136520104316e+01,1.220163506273934928e+01,1.529375250519787421e+01,1.485696529843006886e+01,5.647205917397514874e+00
7.522244129912506594e+01,1.421658221580939241e+01,1.791773049420334019e+01,1.692393186134896155e+01,7.148465667925935740e+00
7.522244129912506594e+01,1.421658221580939241e+01,1.791773049420334019e+01,1.692393186134895799e+01,7.148465667925934852e+00
7.522244129912506594e+01,1.421658221580939241e+01,1.791773049420334019e+01,1.692393186134896155e+01,7.148465667925935740e+00
7.853574835977931912e+01,1.558740140495597792e+01,2.050808464083584326e+01,1.914679366222202006e+01,8.689000752428231777e+00
7.853574835977931912e+01,1.558740140495597792e+01,2.050808464083584326e+01,1.914679366222202006e+01,8.689000752428230001e+00
7.853574835977931912e+01,1.558740140495597792e+01,2.050808464083584681e+01,1.914679366222201651e+01,8.689000752428230001e+00
8.093656816883346039e+01,1.610131297334484657e+01,2.285077633649324724e+01,2.172394905348773264e+01,1.036346728082218149e+01
8.093656816883346039e+01,1.610131297334485012e+01,2.285077633649324724e+01,2.172394905348773264e+01,1.036346728082218149e+01
8.093656816883346039e+01,1.610131297334485012e+01,2.285077633649324724e+01,2.172394905348773264e+01,1.036346728082218149e+01
8.245757049217316137e+01,1.685527692756438611e+01,2.497014162343431920e+01,2.478560284075804532e+01,1.200601385546761257e+01
8.245757049217316137e+01,1.685527692756438611e+01,2.497014162343432275e+01,2.478560284075804532e+01,1.200601385546761257e+01
8.245757049217316137e+01,1.685527692756438611e+01,2.497014162343432275e+01,2.478560284075804532e+01,1.200601385546761257e+01
8.405612253021487845e+01,1.809059034463840732e+01,2.704804235370619736e+01,2.752540784094343351e+01,1.353734654458907549e+01
8.405612253021487845e+01,1.809059034463840732e+01,2.704804235370619736e+01,2.752540784094343351e+01,1.353734654458907727e+01
8.405612253021487845e+01,1.809059034463840732e+01,2.704804235370619736e+01,2.752540784094343351e+01,1.353734654458907549e+01
8.589164165077428947e+01,1.945457092986056935e+01,2.877911776368779684e+01,2.909913783174535951e+01,1.467692131604703398e+01
8.589164165077428947e+01,1.945457092986056580e+01,2.877911776368779684e+01,2.909913783174535595e+01,1.467692131604703398e+01
8.589164165077428947e+01,1.945457092986056580e+01,2.877911776368779684e+01,2.909913783174535951e+01,1.467692131604703398e+01
8.776251489007321993e+01,2.071006497071380537e+01,2.991504695664042046e+01,3.013403687246136897e+01,1.546878255912187683e+01
8.776251489007321993e+01,2.071006497071380181e+01,2.991504695664042046e+01,3.013403687246136897e+01,1.546878255912187683e+01
8.776251489007321993e+01,2.071006497071380537e+01,2.991504695664041691e+01,3.013403687246137252e+01,1.546878255912187683e+01
-9.108223073152815630e+01,1.603671619610227594e+01,1.935642955348510341e+01,1.803192640065275398e+01,6.934824359899031343e+00
-9.108223073152815630e+01,1.603671619610227594e+01,1.935642955348510696e+01,1.803192640065275398e+01,6.934824359899031343e+00
-9.108223073152815630e+01,1.603671619610227594e+01,1.935642955348510341e+01,1.803192640065275398e+01,6.934824359899031343e+00
-9.039157595805893664e+01,1.563632136978936593e+01,1.895827761044962401e+01,1.744745960410204688e+01,6.621678338524025875e+00
-9.039157595805893664e+01,1.563632136978936948e+01,1.895827761044962045e+01,1.744745960410204688e+01,6.621678338524025875e+00
-9.039157595805893664e+01,1.563632136978936771e+01,1.895827761044962401e+01,1.744745960410204688e+01,6.621678338524025875e+00
-8.975187380742468690e+01,1.514809005936146313e+01,1.819477476996549825e+01,1.664740301577722548e+01,6.273335042777457460e+00
-8.975187380742468690e+01,1.514809005936146313e+01,1.819477476996549470e+01,1.664740301577722548e+01,6.273335042777457460e+00
-8.975187380742468690e+01,1.514809005936146136e+01,1.819477476996549470e+01,1.664740301577722548e+01,6.273335042777457460e+00
-8.993812280256406666e+01,1.460020452819555281e+01,1.768582644258140490e+01,1.564561597532874337e+01,5.851257650796817700e+00
-8.993812280256406666e+01,1.460020452819555281e+01,1.768582644258140490e+01,1.564561597532874337e+01,5.851257650796817700e+00
-8.993812280256406666e+01,1.460020452819555103e+01,1.768582644258140490e+01,1.564561597532874337e+01,5.851257650796817700e+00
-9.113965035186032537e+01,1.404036808998729491e+01,1.698092989506206862e+01,1.477863180032711377e+01,5.433585367765719987e+00
-9.113965035186032537e+01,1.404036808998729491e+01,1.698092989506206507e+01,1.477863180032711554e+01,5.433585367765720875e+00
-9.113965035186032537e+01,1.404036808998729313e+01,1.698092989506206862e+01,1.477863180032711377e+01,5.433585367765719987e+00
-9.179435272535400259e+01,1.308711099927426424e+01,1.615572006187296239e+01,1.400007250491358057e+01,4.931937703068156154e+00
-9.179435272535400259e+01,1.308711099927426424e+01,1.615572006187296239e+01,1.400007250491357880e+01,4.931937703068156154e+00
-9.179435272535400259e+01,1.308711099927426424e+01,1.615572006187296239e+01,1.400007250491358057e+01,4.931937703068156154e+00
-9.050209677919349360e+01,1.224722441263495476e+01,1.526961730077840151e+01,1.327753865693770408e+01,4.254052136379924853e+00
-9.050209677919349360e+01,1.224722441263495476e+01,1.526961730077840507e+01,1.327753865693770408e+01,4.254052136379924853e+00
-9.050209677919349360e+01,1.224722441263495476e+01,1.526961730077840151e+01,1.327753865693770408e+01,4.254052136379923965e+00
-8.717850817221510340e+01,1.159466190092426530e+01,1.428989037733117407e+01,1.239155125556966475e+01,3.392353375736122612e+00
-8.717850817221510340e+01,1.159466190092426530e+01,1.428989037733117584e+01,1.239155125556966830e+01,3.392353375736122167e+00
-8.717850817221510340e+01,1.159466190092426530e+01,1.428989037733117407e+01,1.239155125556966475e+01,3.392353375736122167e+00
-8.231100020749164514e+01,1.067194665316269742e+01,1.329688761055658652e+01,1.136353916723033919e+01,2.591679437083103554e+00
-8.231100020749164514e+01,1.067194665316269742e+01,1.329688761055658652e+01,1.136353916723033919e+01,2.591679437083103998e+00
-8.231100020749164514e+01,1.067194665316269742e+01,1.329688761055658652e+01,1.136353916723033919e+01,2.591679437083103998e+00
-7.610203088627802970e+01,9.699964501583993481e+00,1.223726942630849379e+01,1.065871997327229614e+01,0.000000000000000000e+00
-7.610203088627802970e+01,9.699964501583993481e+00,1.223726942630849379e+01,1.065871997327229614e+01,0.000000000000000000e+00
-7.610203088627802970e+01,9.699964501583993481e+00,1.223726942630849379e+01,1.065871997327229792e+01,0.000000000000000000e+00
-6.864052346791791592e+01,8.960194930099827815e+00,1.124413469318010428e+01,1.013378314979405914e+01,0.000000000000000000e+00
-6.864052346791791592e+01,8.960194930099827815e+00,1.124413469318010605e+01,1.013378314979405737e+01,0.000000000000000000e+00
-6.864052346791791592e+01,8.960194930099827815e+00,1.124413469318010428e+01,1.013378314979405737e+01,0.000000000000000000e+00
-6.063175810081700234e+01,8.452231566205968605e+00,1.052236942536877962e+01,9.285480598153601051e+00,0.000000000000000000e+00
-6.063175810081700234e+01,8.452231566205968605e+00,1.052236942536877962e+01,9.285480598153601051e+00,0.000000000000000000e+00
-6.063175810081700234e+01,8.452231566205968605e+00,1.052236942536878139e+01,9.285480598153601051e+00,0.000000000000000000e+00
-5.138404027159695175e+01,8.142685739376258169e+00,9.893389825572302954e+00,8.424480839442123781e+00,0.000000000000000000e+00
-5.138404027159695175e+01,8.142685739376258169e+00,9.893389825572302954e+00,8.424480839442123781e+00,0.000000000000000000e+00
-5.138404027159695175e+01,8.142685739376258169e+00,9.893389825572302954e+00,8.424480839442123781e+00,0.000000000000000000e+00
-4.019025160897648163e+01,7.876130521964977760e+00,8.965455640133486170e+00,7.751905355636237616e+00,0.000000000000000000e+00
-4.019025160897648163e+01,7.876130521964977760e+00,8.965455640133486170e+00,7.751905355636238504e+00,0.000000000000000000e+00
-4.019025160897648163e+01,7.876130521964977760e+00,8.965455640133486170e+00,7.751905355636238504e+00,0.000000000000000000e+00
-2.684222295464979879e+01,7.839884248180661430e+00,8.333874608791539629e+00,7.121669441712909610e+00,0.000000000000000000e+00
-2.684222295464979879e+01,7.839884248180663207e+00,8.333874608791539629e+00,7.121669441712908721e+00,0.000000000000000000e+00
-2.684222295464979879e+01,7.839884248180661430e+00,8.333874608791539629e+00,7.121669441712908721e+00,0.000000000000000000e+00
-1.210994554196080664e+01,7.874613544438336277e+00,8.249846870192131476e+00,5.912585296218479058e+00,0.000000000000000000e+00
-1.210994554196080664e+01,7.874613544438336277e+00,8.249846870192131476e+00,5.912585296218478170e+00,0.000000000000000000e+00
-1.210994554196080664e+01,7.874613544438336277e+00,8.249846870192131476e+00,5.912585296218478170e+00,0.000000000000000000e+00
3.411960946296138442e+00,7.255259274017316073e+00,8.309002961220757655e+00,5.685642774728063564e+00,0.000000000000000000e+00
3.411960946296138442e+00,7.255259274017317850e+00,8.309002961220755878e+00,5.685642774728063564e+00,0.000000000000000000e+00
3.411960946296138442e+00,7.255259274017317850e+00,8.309002961220754102e+00,5.685642774728063564e+00,0.000000000000000000e+00
1.881593112235560383e+01,7.144013517136625246e+00,8.569056902005410592e+00,6.718702243441741828e+00,0.000000000000000000e+00
1.881593112235560383e+01,7.144013517136625246e+00,8.569056902005410592e+00,6.718702243441741828e+00,0.000000000000000000e+00
1.881593112235560383e+01,7.144013517136625246e+00,8.569056902005410592e+00,6.718702243441741828e+00,0.000000000000000000e+00
3.324166345630928276e+01,7.765286736513495214e+00,9.119373135457475854e+00,8.047601374890573922e+00,0.000000000000000000e+00
3.324166345630928276e+01,7.765286736513495214e+00,9.119373135457475854e+00,8.047601374890573922e+00,0.000000000000000000e+00
3.324166345630928276e+01,7.765286736513495214e+00,9.119373135457474078e+00,8.047601374890573922e+00,0.000000000000000000e+00
4.630710072516932030e+01,8.834700051440679047e+00,1.000060060286422470e+01,9.327361742156872637e+00,0.000000000000000000e+00
4.630710072516932030e+01,8.834700051440679047e+00,1.000060060286422470e+01,9.327361742156872637e+00,0.000000000000000000e+00
4.630710072516932030e+01,8.834700051440679047e+00,1.000060060286422647e+01,9.327361742156872637e+00,0.000000000000000000e+00
5.780764773965017866e+01,9.526800804895303898e+00,1.136256983894479156e+01,1.098419498570947539e+01,2.788467565071490295e+00
5.780764773965017866e+01,9.526800804895303898e+00,1.136256983894478978e+01,1.098419498570947539e+01,2.788467565071490739e+00
5.780764773965017866e+01,9.526800804895302122e+00,1.136256983894479156e+01,1.098419498570947894e+01,2.788467565071490739e+00
6.677163647920039580e+01,1.081947621444232865e+01,1.341946386093841248e+01,1.287534560181214793e+01,4.205634712655094809e+00
6.677163647920039580e+01,1.081947621444232865e+01,1.341946386093841426e+01,1.287534560181214793e+01,4.205634712655094809e+00
6.677163647920039580e+01,1.081947621444232865e+01,1.341946386093841426e+01,1.287534560181214793e+01,4.205634712655095697e+00
7.303679386349264746e+01,1.298880255066417178e+01,1.584885162927253077e+01,1.490967622711813334e+01,5.764854883263777374e+00
7.303679386349264746e+01,1.298880255066417178e+01,1.584885162927253077e+01,1.490967622711813512e+01,5.764854883263777374e+00
7.303679386349264746e+01,1.298880255066417178e+01,1.584885162927252900e+01,1.490967622711813512e+01,5.764854883263777374e+00
7.743759200909425999e+01,1.527175548748717304e+01,1.893782797364180226e+01,1.677219290662694107e+01,7.337251683874424835e+00
7.743759200909425999e+01,1.527175548748717659e+01,1.893782797364180226e+01,1.677219290662694107e+01,7.337251683874424835e+00
7.743759200909425999e+01,1.527175548748717482e+01,1.893782797364179871e+01,1.677219290662694107e+01,7.337251683874424835e+00
8.083329379714896845e+01,1.676860355299958627e+01,2.202455921848831011e+01,1.927122892143827926e+01,8.847071458880606087e+00
8.083329379714896845e+01,1.676860355299958982e+01,2.202455921848831011e+01,1.927122892143827926e+01,8.847071458880606087e+00
8.083329379714896845e+01,1.676860355299958982e+01,2.202455921848831366e+01,1.927122892143827926e+01,8.847071458880606087e+00
8.323431828729005133e+01,1.746742441568187587e+01,2.446709285843041215e+01,2.222384481993043437e+01,1.051301720840063147e+01
8.323431828729005133e+01,1.746742441568187587e+01,2.446709285843040860e+01,2.222384481993043437e+01,1.051301720840063147e+01
8.323431828729005133e+01,1.746742441568187942e+01,2.446709285843041215e+01,2.222384481993043437e+01,1.051301720840063147e+01
8.479370286218987474e+01,1.839756120307169596e+01,2.641006663828609291e+01,2.532437448686075498e+01,1.200471861058156087e+01
8.479370286218987474e+01,1.839756120307169951e+01,2.641006663828609291e+01,2.532437448686075143e+01,1.200471861058156087e+01
8.479370286218987474e+01,1.839756120307169596e+01,2.641006663828609291e+01,2.532437448686075498e+01,1.200471861058156087e+01
8.633979086124028868e+01,1.953923814565761319e+01,2.805714556533736115e+01,2.771588099919271642e+01,1.350921646639458906e+01
8.633979086124028868e+01,1.953923814565760964e+01,2.805714556533736115e+01,2.771588099919271286e+01,1.350921646639459084e+01
8.633979086124028868e+01,1.953923814565760964e+01,2.805714556533736115e+01,2.771588099919271286e+01,1.350921646639458906e+01
8.824159993331927865e+01,2.058471041449001504e+01,2.982387850706960108e+01,2.902863165231250164e+01,1.467131345889563931e+01
8.824159993331927865e+01,2.058471041449001859e+01,2.982387850706960108e+01,2.902863165231250520e+01,1.467131345889563754e+01
8.824159993331927865e+01,2.058471041449001504e+01,2.982387850706960108e+01,2.902863165231250164e+01,1.467131345889563931e+01
8.993679730085861479e+01,2.150738525401686374e+01,3.087775824912740674e+01,2.986147679564427904e+01,1.554552030145048391e+01
8.993679730085861479e+01,2.150738525401686729e+01,3.087775824912740674e+01,2.986147679564427904e+01,1.554552030145048391e+01
8.993679730085861479e+01,2.150738525401686374e+01,3.087775824912740674e+01,2.986147679564428259e+01,1.554552030145048391e+01
-9.392176596783090758e+01,1.702711282193855524e+01,1.975755172041029795e+01,1.844838252506758280e+01,6.728267620264698934e+00
-9.392176596783090758e+01,1.702711282193855524e+01,1.975755172041029795e+01,1.844838252506757925e+01,6.728267620264699822e+00
-9.392176596783090758e+01,1.702711282193855524e+01,1.975755172041029795e+01,1.844838252506757925e+01,6.728267620264698934e+00
-9.325000159525619381e+01,1.665526505941255309e+01,1.946994360648271893e+01,1.788654145815602092e+01,6.504911003736201458e+00
-9.325000159525619381e+01,1.665526505941255664e+01,1.946994360648271893e+01,1.788654145815602092e+01,6.504911003736201458e+00
-9.325000159525619381e+01,1.665526505941255309e+01,1.946994360648271893e+01,1.788654145815602092e+01,6.504911003736201458e+00
-9.274347630302013101e+01,1.605922433958059159e+01,1.874676191138518888e+01,1.718840331399054477e+01,6.225093410682681849e+00
-9.274347630302013101e+01,1.605922433958059159e+01,1.874676191138519243e+01,1.718840331399054477e+01,6.225093410682681849e+00
-9.274347630302013101e+01,1.605922433958059159e+01,1.874676191138519243e+01,1.718840331399054477e+01,6.225093410682682737e+00
-9.299996150567046982e+01,1.531056935809858111e+01,1.821753824874416594e+01,1.644355629231312221e+01,5.867354316050862550e+00
-9.299996150567046982e+01,1.531056935809857933e+01,1.821753824874416239e+01,1.644355629231312221e+01,5.867354316050861662e+00
-9.299996150567046982e+01,1.531056935809857933e+01,1.821753824874416594e+01,1.644355629231312221e+01,5.867354316050860774e+00
-9.406204725315222959e+01,1.444013448126557719e+01,1.746517635204175889e+01,1.593340025124614989e+01,5.375212641490888288e+00
-9.406204725315222959e+01,1.444013448126557719e+01,1.746517635204175534e+01,1.593340025124614989e+01,5.375212641490888288e+00
-9.406204725315222959e+01,1.444013448126557719e+01,1.746517635204175889e+01,1.593340025124615167e+01,5.375212641490888288e+00
-9.438910911820292426e+01,1.328467509596469398e+01,1.655865048265269124e+01,1.524164324888960209e+01,4.729539798423181729e+00
-9.438910911820292426e+01,1.328467509596469398e+01,1.655865048265269479e+01,1.524164324888960209e+01,4.729539798423183505e+00
-9.438910911820292426e+01,1.328467509596469398e+01,1.655865048265269124e+01,1.524164324888960209e+01,4.729539798423183505e+00
-9.276193710685181770e+01,1.248368325605620122e+01,1.563646427441553932e+01,1.391787426410477124e+01,3.949087868818199620e+00
-9.276193710685181770e+01,1.248368325605619944e+01,1.563646427441553755e+01,1.391787426410477124e+01,3.949087868818199620e+00
-9.276193710685181770e+01,1.248368325605619944e+01,1.563646427441553755e+01,1.391787426410477480e+01,3.949087868818200064e+00
-8.909860848219511809e+01,1.184063087334731890e+01,1.469899119891797845e+01,1.244905322749689525e+01,3.056240134261754005e+00
-8.909860848219511809e+01,1.184063087334731534e+01,1.469899119891797845e+01,1.244905322749689169e+01,3.056240134261754005e+00
-8.909860848219511809e+01,1.184063087334731534e+01,1.469899119891797845e+01,1.244905322749689347e+01,3.056240134261754005e+00
-8.402828440949370759e+01,1.100775291177754411e+01,1.371096368551337363e+01,1.121760998338812065e+01,2.200353269059339034e+00
-8.402828440949370759e+01,1.100775291177754767e+01,1.371096368551337541e+01,1.121760998338812065e+01,2.200353269059339034e+00
-8.402828440949370759e+01,1.100775291177754411e+01,1.371096368551337541e+01,1.121760998338812065e+01,2.200353269059339034e+00
-7.757832474146509583e+01,9.956548363380951727e+00,1.245474900223250714e+01,1.056677257637376321e+01,0.000000000000000000e+00
-7.757832474146509583e+01,9.956548363380951727e+00,1.245474900223250714e+01,1.056677257637375966e+01,0.000000000000000000e+00
-7.757832474146509583e+01,9.956548363380953504e+00,1.245474900223250714e+01,1.056677257637375966e+01,0.000000000000000000e+00
-6.969865598529801787e+01,9.058318921290588577e+00,1.123919302024754785e+01,1.005484725477882613e+01,0.000000000000000000e+00
-6.969865598529801787e+01,9.058318921290586800e+00,1.123919302024755140e+01,1.005484725477882613e+01,0.000000000000000000e+00
-6.969865598529801787e+01,9.058318921290586800e+00,1.123919302024755140e+01,1.005484725477882613e+01,0.000000000000000000e+00
-6.111564211795359114e+01,8.433952719876668169e+00,1.045928714651749303e+01,9.299489885962264779e+00,0.000000000000000000e+00
-6.111564211795359114e+01,8.433952719876668169e+00,1.045928714651749303e+01,9.299489885962264779e+00,0.000000000000000000e+00
-6.111564211795359114e+01,8.433952719876668169e+00,1.045928714651749303e+01,9.299489885962264779e+00,0.000000000000000000e+00
-5.144356663540212082e+01,8.170034964612304051e+00,9.783324627379432314e+00,8.411429935524916246e+00,0.000000000000000000e+00
-5.144356663540212082e+01,8.170034964612304051e+00,9.783324627379432314e+00,8.411429935524916246e+00,0.000000000000000000e+00
-5.144356663540212082e+01,8.170034964612304051e+00,9.783324627379432314e+00,8.411429935524916246e+00,0.000000000000000000e+00
-3.983789876290719434e+01,7.904686737120647066e+00,9.052047900908741340e+00,7.684314210841162840e+00,0.000000000000000000e+00
-3.983789876290719434e+01,7.904686737120647066e+00,9.052047900908741340e+00,7.684314210841162840e+00,0.000000000000000000e+00
-3.983789876290719434e+01,7.904686737120647066e+00,9.052047900908739564e+00,7.684314210841162840e+00,0.000000000000000000e+00
-2.629308731038247515e+01,7.708699374959123496e+00,8.591873411975447183e+00,6.543054489430195630e+00,0.000000000000000000e+00
-2.629308731038247515e+01,7.708699374959123496e+00,8.591873411975445407e+00,6.543054489430195630e+00,0.000000000000000000e+00
-2.629308731038247515e+01,7.708699374959123496e+00,8.591873411975447183e+00,6.543054489430195630e+00,0.000000000000000000e+00
-1.144809321478673247e+01,7.589510991598343637e+00,8.393324253827818993e+00,5.309291203709545215e+00,0.000000000000000000e+00
-1.144809321478673247e+01,7.589510991598343637e+00,8.393324253827817216e+00,5.309291203709544327e+00,0.000000000000000000e+00
-1.144809321478673247e+01,7.589510991598343637e+00,8.393324253827815440e+00,5.309291203709544327e+00,0.000000000000000000e+00
4.224926518636619832e+00,7.319583809805405572e+00,8.425929675976627564e+00,5.421103090198712060e+00,0.000000000000000000e+00
4.224926518636619832e+00,7.319583809805406460e+00,8.425929675976627564e+00,5.421103090198712060e+00,0.000000000000000000e+00
4.224926518636619832e+00,7.319583809805404684e+00,8.425929675976627564e+00,5.421103090198712060e+00,0.000000000000000000e+00
1.977533809942021747e+01,7.159063477009077303e+00,8.747456207479279655e+00,6.486447842267241803e+00,0.000000000000000000e+00
1.977533809942021747e+01,7.159063477009078191e+00,8.747456207479279655e+00,6.486447842267241803e+00,0.000000000000000000e+00
1.977533809942021747e+01,7.159063477009078191e+00,8.747456207479279655e+00,6.486447842267241803e+00,0.000000000000000000e+00
3.418989664943216411e+01,8.046343276246409104e+00,9.462402989723592839e+00,7.794748165093311698e+00,0.000000000000000000e+00
3.418989664943216411e+01,8.046343276246407328e+00,9.462402989723592839e+00,7.794748165093311698e+00,0.000000000000000000e+00
3.418989664943216411e+01,8.046343276246410881e+00,9.462402989723592839e+00,7.794748165093311698e+00,0.000000000000000000e+00
4.746306701250766480e+01,9.249917465802230510e+00,1.068715381800232045e+01,8.550982159171102381e+00,0.000000000000000000e+00
4.746306701250766480e+01,9.249917465802228733e+00,1.068715381800232223e+01,8.550982159171102381e+00,0.000000000000000000e+00
4.746306701250766480e+01,9.249917465802230510e+00,1.068715381800232045e+01,8.550982159171102381e+00,0.000000000000000000e+00
5.936161810230807845e+01,1.010879310863211700e+01,1.218311203963827261e+01,1.003406792064422781e+01,2.700295160870069822e+00
5.936161810230807845e+01,1.010879310863211522e+01,1.218311203963827261e+01,1.003406792064422781e+01,2.700295160870068933e+00
5.936161810230807845e+01,1.010879310863211522e+01,1.218311203963827261e+01,1.003406792064422781e+01,2.700295160870069378e+00
6.857798246783694651e+01,1.130587846462289114e+01,1.406309636098319515e+01,1.228618145616563595e+01,4.246880476539964810e+00
6.857798246783694651e+01,1.130587846462289114e+01,1.406309636098319515e+01,1.228618145616563950e+01,4.246880476539964810e+00
6.857798246783694651e+01,1.130587846462288937e+01,1.406309636098318983e+01,1.228618145616563773e+01,4.246880476539964810e+00
7.516952331536430165e+01,1.325803354320001226e+01,1.674773854669786033e+01,1.421659131872130644e+01,5.920483542428684132e+00
7.516952331536430165e+01,1.325803354320000871e+01,1.674773854669786743e+01,1.421659131872130644e+01,5.920483542428683243e+00
7.516952331536430165e+01,1.325803354320001226e+01,1.674773854669786743e+01,1.421659131872130644e+01,5.920483542428684132e+00
7.970749371168010100e+01,1.558567004584742044e+01,2.012237215972085735e+01,1.624522865582749631e+01,7.530652376067791032e+00
7.970749371168010100e+01,1.558567004584742044e+01,2.012237215972086446e+01,1.624522865582749276e+01,7.530652376067791032e+00
7.970749371168010100e+01,1.558567004584742044e+01,2.012237215972085735e+01,1.624522865582749276e+01,7.530652376067791032e+00
8.289542107242832003e+01,1.745363441821605832e+01,2.345866418569776002e+01,1.920973018043893177e+01,9.030476257894001435e+00
8.289542107242832003e+01,1.745363441821605832e+01,2.345866418569776002e+01,1.920973018043893177e+01,9.030476257893999659e+00
8.289542107242832003e+01,1.745363441821605832e+01,2.345866418569776002e+01,1.920973018043893177e+01,9.030476257893999659e+00
8.522611736797826154e+01,1.871050165605599958e+01,2.595298749175551478e+01,2.239464218192885170e+01,1.068469709535165002e+01
8.522611736797826154e+01,1.871050165605600313e+01,2.595298749175551478e+01,2.239464218192885880e+01,1.068469709535165002e+01
8.522611736797826154e+01,1.871050165605599958e+01,2.595298749175551478e+01,2.239464218192885525e+01,1.068469709535165002e+01
8.695430322974536352e+01,1.993291691232848706e+01,2.793206564276153969e+01,2.526783138429919973e+01,1.232064680762178988e+01
8.695430322974536352e+01,1.993291691232848351e+01,2.793206564276153614e+01,2.526783138429919973e+01,1.232064680762178988e+01
8.695430322974536352e+01,1.993291691232848706e+01,2.793206564276153614e+01,2.526783138429919973e+01,1.232064680762178988e+01
8.911309418502074209e+01,2.127517775870550309e+01,2.947873774740212482e+01,2.763073444864852490e+01,1.382873896775484646e+01
8.911309418502074209e+01,2.127517775870550309e+01,2.947873774740212482e+01,2.763073444864853201e+01,1.382873896775484646e+01
8.911309418502074209e+01,2.127517775870549954e+01,2.947873774740212482e+01,2.763073444864852846e+01,1.382873896775484646e+01
9.127673488128371559e+01,2.230692310541638435e+01,3.095266964189586645e+01,2.900879237798838162e+01,1.490061426276897016e+01
9.127673488128371559e+01,2.230692310541638435e+01,3.095266964189586645e+01,2.900879237798837806e+01,1.490061426276897016e+01
9.127673488128371559e+01,2.230692310541638435e+01,3.095266964189586645e+01,2.900879237798837806e+01,1.490061426276897016e+01
9.288994017735798536e+01,2.307744454919988542e+01,3.175183597905385824e+01,2.986703108572448429e+01,1.567576684302540713e+01
9.288994017735798536e+01,2.307744454919988897e+01,3.175183597905385824e+01,2.986703108572448073e+01,1.567576684302540713e+01
9.288994017735798536e+01,2.307744454919988897e+01,3.175183597905385824e+01,2.986703108572448073e+01,1.567576684302540713e+01
-9.654032315596109015e+01,1.775124171967828346e+01,2.014510282237860395e+01,1.860933543733625584e+01,6.766953054804152323e+00
-9.654032315596109015e+01,1.775124171967828346e+01,2.014510282237860039e+01,1.860933543733625584e+01,6.766953054804152323e+00
-9.654032315596109015e+01,1.775124171967828346e+01,2.014510282237860750e+01,1.860933543733625584e+01,6.766953054804150547e+00
-9.579587193300753256e+01,1.743138057150892806e+01,1.986876473231030715e+01,1.798556287577460111e+01,6.544607881575648989e+00
-9.579587193300753256e+01,1.743138057150893161e+01,1.986876473231030715e+01,1.798556287577460111e+01,6.544607881575648989e+00
-9.579587193300753256e+01,1.743138057150893161e+01,1.986876473231030715e+01,1.798556287577460111e+01,6.544607881575648989e+00
-9.515088018985456131e+01,1.682486831736368060e+01,1.919884794579687082e+01,1.731227046099547096e+01,6.256722627372812262e+00
-9.515088018985456131e+01,1.682486831736368060e+01,1.919884794579687082e+01,1.731227046099547096e+01,6.256722627372811374e+00
-9.515088018985456131e+01,1.682486831736368060e+01,1.919884794579687082e+01,1.731227046099547096e+01,6.256722627372812262e+00
-9.524829335937577923e+01,1.572870479124125964e+01,1.866882405160410840e+01,1.661836992688064285e+01,5.824505004274353581e+00
-9.524829335937577923e+01,1.572870479124125609e+01,1.866882405160410840e+01,1.661836992688064285e+01,5.824505004274353581e+00
-9.524829335937577923e+01,1.572870479124125609e+01,1.866882405160410840e+01,1.661836992688063930e+01,5.824505004274352693e+00
-9.614240240189489839e+01,1.460930628061238146e+01,1.775118217475010596e+01,1.587550883080716524e+01,5.215699437482774314e+00
-9.614240240189489839e+01,1.460930628061238146e+01,1.775118217475010240e+01,1.587550883080716879e+01,5.215699437482775203e+00
-9.614240240189489839e+01,1.460930628061238501e+01,1.775118217475010596e+01,1.587550883080716702e+01,5.215699437482775203e+00
-9.612253674970204997e+01,1.361676607107659898e+01,1.658249765651786234e+01,1.507984530364374365e+01,4.457252060872079369e+00
-9.612253674970204997e+01,1.361676607107659542e+01,1.658249765651785879e+01,1.507984530364374365e+01,4.457252060872079369e+00
-9.612253674970204997e+01,1.361676607107659542e+01,1.658249765651786234e+01,1.507984530364374365e+01,4.457252060872079369e+00
-9.429660474931642966e+01,1.285345606385881467e+01,1.553875773293341922e+01,1.395575618888042513e+01,3.598565306045292012e+00
-9.429660474931642966e+01,1.285345606385881645e+01,1.553875773293341922e+01,1.395575618888042513e+01,3.598565306045292456e+00
-9.429660474931642966e+01,1.285345606385881645e+01,1.553875773293341922e+01,1.395575618888042335e+01,3.598565306045292012e+00
-9.063736422789490632e+01,1.222258381578608599e+01,1.471811674023325089e+01,1.256424197808565424e+01,2.698563343945212356e+00
-9.063736422789490632e+01,1.222258381578608777e+01,1.471811674023325089e+01,1.256424197808565424e+01,2.698563343945212800e+00
-9.063736422789490632e+01,1.222258381578608599e+01,1.471811674023325089e+01,1.256424197808565602e+01,2.698563343945212356e+00
-8.544926653361066826e+01,1.145575071070905082e+01,1.377985383665591890e+01,1.132769137502586965e+01,0.000000000000000000e+00
-8.544926653361066826e+01,1.145575071070904905e+01,1.377985383665592067e+01,1.132769137502587142e+01,0.000000000000000000e+00
-8.544926653361066826e+01,1.145575071070904905e+01,1.377985383665592067e+01,1.132769137502586965e+01,0.000000000000000000e+00
-7.875022057493551131e+01,1.049242570611702163e+01,1.242662692381600742e+01,1.079335991345589285e+01,0.000000000000000000e+00
-7.875022057493551131e+01,1.049242570611702163e+01,1.242662692381600564e+01,1.079335991345589107e+01,0.000000000000000000e+00
-7.875022057493551131e+01,1.049242570611702341e+01,1.242662692381600742e+01,1.079335991345589285e+01,0.000000000000000000e+00
-7.075104671086569397e+01,9.551066574197692560e+00,1.102103092831669784e+01,1.051973778810966920e+01,0.000000000000000000e+00
-7.075104671086569397e+01,9.551066574197690784e+00,1.102103092831669784e+01,1.051973778810967097e+01,0.000000000000000000e+00
-7.075104671086569397e+01,9.551066574197690784e+00,1.102103092831669606e+01,1.051973778810967097e+01,0.000000000000000000e+00
-6.185535480453585677e+01,8.775548377457726090e+00,1.013245533648750829e+01,9.624421362092670407e+00,0.000000000000000000e+00
-6.185535480453585677e+01,8.775548377457726090e+00,1.013245533648751007e+01,9.624421362092670407e+00,0.000000000000000000e+00
-6.185535480453585677e+01,8.775548377457726090e+00,1.013245533648750829e+01,9.624421362092670407e+00,0.000000000000000000e+00
-5.162136829666712856e+01,8.286492348959207277e+00,9.556624992510029060e+00,8.350968929170722532e+00,0.000000000000000000e+00
-5.162136829666712856e+01,8.286492348959207277e+00,9.556624992510030836e+00,8.350968929170722532e+00,0.000000000000000000e+00
-5.162136829666712856e+01,8.286492348959205501e+00,9.556624992510030836e+00,8.350968929170722532e+00,0.000000000000000000e+00
-3.943555637570876371e+01,7.960118502964938614e+00,9.174976145546439810e+00,7.643496504545422177e+00,0.000000000000000000e+00
-3.943555637570876371e+01,7.960118502964940390e+00,9.174976145546439810e+00,7.643496504545422177e+00,0.000000000000000000e+00
-3.943555637570876371e+01,7.960118502964940390e+00,9.174976145546439810e+00,7.643496504545422177e+00,0.000000000000000000e+00
-2.565790103272395939e+01,7.692408399774910421e+00,9.009024886997300641e+00,6.432733555230906397e+00,0.000000000000000000e+00
-2.565790103272395939e+01,7.692408399774910421e+00,9.009024886997300641e+00,6.432733555230906397e+00,0.000000000000000000e+00
-2.565790103272395939e+01,7.692408399774910421e+00,9.009024886997300641e+00,6.432733555230906397e+00,0.000000000000000000e+00
-1.074431300947183665e+01,7.887710137942274713e+00,8.884538107541745333e+00,5.577949102972852735e+00,0.000000000000000000e+00
-1.074431300947183665e+01,7.887710137942274713e+00,8.884538107541743557e+00,5.577949102972852735e+00,0.000000000000000000e+00
-1.074431300947183665e+01,7.887710137942274713e+00,8.884538107541741780e+00,5.577949102972853623e+00,0.000000000000000000e+00
4.911817701783307122e+00,7.971226519680431721e+00,9.038053967753542750e+00,5.984265272880956665e+00,0.000000000000000000e+00
4.911817701783307122e+00,7.971226519680434386e+00,9.038053967753540974e+00,5.984265272880956665e+00,0.000000000000000000e+00
4.911817701783307122e+00,7.971226519680432610e+00,9.038053967753540974e+00,5.984265272880956665e+00,0.000000000000000000e+00
2.053731175354796790e+01,7.945038635440174524e+00,9.378277096621253861e+00,6.961929315904733961e+00,0.000000000000000000e+00
2.053731175354796790e+01,7.945038635440174524e+00,9.378277096621253861e+00,6.961929315904733073e+00,0.000000000000000000e+00
2.053731175354796790e+01,7.945038635440174524e+00,9.378277096621253861e+00,6.961929315904733961e+00,0.000000000000000000e+00
3.508385111202858297e+01,8.565005291670230392e+00,1.013996995233123677e+01,7.589591343674213064e+00,0.000000000000000000e+00
3.508385111202858297e+01,8.565005291670230392e+00,1.013996995233123677e+01,7.589591343674213064e+00,0.000000000000000000e+00
3.508385111202858297e+01,8.565005291670230392e+00,1.013996995233123677e+01,7.589591343674213952e+00,0.000000000000000000e+00
4.840041713004671919e+01,9.616738595066488315e+00,1.164480185577048665e+01,7.918497893475896277e+00,0.000000000000000000e+00
4.840041713004671919e+01,9.616738595066488315e+00,1.164480185577048665e+01,7.918497893475896277e+00,0.000000000000000000e+00
4.840041713004671919e+01,9.616738595066488315e+00,1.164480185577048665e+01,7.918497893475896277e+00,0.000000000000000000e+00
6.051526645704444718e+01,1.062171749299872658e+01,1.326373296632272236e+01,8.897171519221108937e+00,2.610935406787775026e+00
6.051526645704444718e+01,1.062171749299872658e+01,1.326373296632272059e+01,8.897171519221107161e+00,2.610935406787775026e+00
6.051526645704444718e+01,1.062171749299872658e+01,1.326373296632272059e+01,8.897171519221108937e+00,2.610935406787775470e+00
7.021026594555127076e+01,1.196163968761395857e+01,1.516441337148773094e+01,1.097389843277321120e+01,4.293988382348488564e+00
7.021026594555127076e+01,1.196163968761396212e+01,1.516441337148773094e+01,1.097389843277321120e+01,4.293988382348487676e+00
7.021026594555127076e+01,1.196163968761395857e+01,1.516441337148773094e+01,1.097389843277321120e+01,4.293988382348488564e+00
7.713035534623575984e+01,1.356710723945204045e+01,1.793679785471045562e+01,1.312743737018149126e+01,6.030749345298788811e+00
7.713035534623575984e+01,1.356710723945203867e+01,1.793679785471045562e+01,1.312743737018149126e+01,6.030749345298789699e+00
7.713035534623575984e+01,1.356710723945203867e+01,1.793679785471045562e+01,1.312743737018149126e+01,6.030749345298788811e+00
8.169418016027586305e+01,1.565982630877052273e+01,2.110053272820877268e+01,1.546179728041361834e+01,7.655112041036799653e+00
8.169418016027586305e+01,1.565982630877052273e+01,2.110053272820877268e+01,1.546179728041361834e+01,7.655112041036799653e+00
8.169418016027586305e+01,1.565982630877052273e+01,2.110053272820877268e+01,1.546179728041362011e+01,7.655112041036799653e+00
8.480555176593709632e+01,1.767904906202755910e+01,2.420283099840136742e+01,1.849962533236876894e+01,9.164147333432856257e+00
8.480555176593709632e+01,1.767904906202755910e+01,2.420283099840136032e+01,1.849962533236876894e+01,9.164147333432856257e+00
8.480555176593709632e+01,1.767904906202755910e+01,2.420283099840136032e+01,1.849962533236876894e+01,9.164147333432856257e+00
8.727812787727928878e+01,1.942692310826920021e+01,2.674688388558155339e+01,2.150249991156796625e+01,1.083876557732696888e+01
8.727812787727928878e+01,1.942692310826920021e+01,2.674688388558155339e+01,2.150249991156796625e+01,1.083876557732697066e+01
8.727812787727928878e+01,1.942692310826920021e+01,2.674688388558155339e+01,2.150249991156796625e+01,1.083876557732697066e+01
8.947389543120463884e+01,2.104797416517654085e+01,2.887378813455707771e+01,2.421364482852456135e+01,1.270582349818418955e+01
8.947389543120463884e+01,2.104797416517654085e+01,2.887378813455707416e+01,2.421364482852456135e+01,1.270582349818419132e+01
8.947389543120463884e+01,2.104797416517654440e+01,2.887378813455707771e+01,2.421364482852456135e+01,1.270582349818418955e+01
9.220421347465122608e+01,2.276481743776836097e+01,3.044798247393092439e+01,2.679199567692139183e+01,1.427970722301312811e+01
9.220421347465122608e+01,2.276481743776836097e+01,3.044798247393092439e+01,2.679199567692139183e+01,1.427970722301312811e+01
9.220421347465122608e+01,2.276481743776836097e+01,3.044798247393092439e+01,2.679199567692139183e+01,1.427970722301312811e+01
9.451990000886297594e+01,2.411398704280885141e+01,3.172598678579881337e+01,2.866726604005700452e+01,1.522844840217223883e+01
9.451990000886297594e+01,2.411398704280884786e+01,3.172598678579881337e+01,2.866726604005700096e+01,1.522844840217223883e+01
9.451990000886297594e+01,2.411398704280884431e+01,3.172598678579882048e+01,2.866726604005700096e+01,1.522844840217224061e+01
9.591314948274002461e+01,2.498421599472933607e+01,3.245531184864699270e+01,2.975740418947634325e+01,1.587908171715261929e+01
9.591314948274002461e+01,2.498421599472933607e+01,3.245531184864699270e+01,2.975740418947634325e+01,1.587908171715261929e+01
9.591314948274002461e+01,2.498421599472933607e+01,3.245531184864699270e+01,2.975740418947634325e+01,1.587908171715262284e+01
-9.844369879212699459e+01,1.803701606518259837e+01,2.049083884833538960e+01,1.873040490747735731e+01,6.973907746842245459e+00
-9.844369879212699459e+01,1.803701606518259837e+01,2.049083884833538605e+01,1.873040490747735731e+01,6.973907746842244570e+00
-9.844369879212699459e+01,1.803701606518259837e+01,2.049083884833538960e+01,1.873040490747735731e+01,6.973907746842244570e+00
-9.743351381933160837e+01,1.762436025687159002e+01,2.026325544841132498e+01,1.808023618574355496e+01,6.734352955121687856e+00
-9.743351381933160837e+01,1.762436025687159002e+01,2.026325544841132142e+01,1.808023618574355496e+01,6.734352955121687856e+00
-9.743351381933160837e+01,1.762436025687159002e+01,2.026325544841132498e+01,1.808023618574355496e+01,6.734352955121687856e+00
-9.646098247927756120e+01,1.698129627232890471e+01,1.963880337049883096e+01,1.724383258472959568e+01,6.358880122548037583e+00
-9.646098247927756120e+01,1.698129627232890471e+01,1.963880337049882741e+01,1.724383258472959568e+01,6.358880122548037583e+00
-9.646098247927756120e+01,1.698129627232890471e+01,1.963880337049883096e+01,1.724383258472959568e+01,6.358880122548038472e+00
-9.640028666067205165e+01,1.591644896381554375e+01,1.905049369239640811e+01,1.621607814163890993e+01,5.724013612836507114e+00
-9.640028666067205165e+01,1.591644896381554375e+01,1.905049369239640811e+01,1.621607814163890993e+01,5.724013612836507114e+00
-9.640028666067205165e+01,1.591644896381554375e+01,1.905049369239640811e+01,1.621607814163890993e+01,5.724013612836507114e+00
-9.720936336787453058e+01,1.473565111586768417e+01,1.793023792197274346e+01,1.538429522785776626e+01,4.996848399090603188e+00
-9.720936336787453058e+01,1.473565111586768239e+01,1.793023792197274702e+01,1.538429522785776804e+01,4.996848399090603188e+00
-9.720936336787453058e+01,1.473565111586768417e+01,1.793023792197274702e+01,1.538429522785776804e+01,4.996848399090603188e+00
-9.699141902296678097e+01,1.393586282945493693e+01,1.647657446132781089e+01,1.479360899240702487e+01,4.202637477430722690e+00
-9.699141902296678097e+01,1.393586282945493693e+01,1.647657446132780734e+01,1.479360899240702487e+01,4.202637477430722690e+00
-9.699141902296678097e+01,1.393586282945493693e+01,1.647657446132780734e+01,1.479360899240702487e+01,4.202637477430723578e+00
-9.510929093538312884e+01,1.329729902577939527e+01,1.524064733353809054e+01,1.395374038699869779e+01,3.398965892966602009e+00
-9.510929093538312884e+01,1.329729902577939704e+01,1.524064733353809054e+01,1.395374038699869956e+01,3.398965892966601565e+00
-9.510929093538312884e+01,1.329729902577939527e+01,1.524064733353808698e+01,1.395374038699869956e+01,3.398965892966601121e+00
-9.150114236220977659e+01,1.282363600752969646e+01,1.439157616722085287e+01,1.261529247066100545e+01,2.562173304401738960e+00
-9.150114236220977659e+01,1.282363600752969468e+01,1.439157616722085464e+01,1.261529247066100368e+01,2.562173304401738960e+00
-9.150114236220977659e+01,1.282363600752969468e+01,1.439157616722085464e+01,1.261529247066100190e+01,2.562173304401738960e+00
-8.606488351580357232e+01,1.199668799280483356e+01,1.353019757785001786e+01,1.149572460503445193e+01,0.000000000000000000e+00
-8.606488351580357232e+01,1.199668799280483356e+01,1.353019757785001786e+01,1.149572460503444837e+01,0.000000000000000000e+00
-8.606488351580357232e+01,1.199668799280483356e+01,1.353019757785001786e+01,1.149572460503445193e+01,0.000000000000000000e+00
-7.914873471277317662e+01,1.098105975859099104e+01,1.230333434537527637e+01,1.108017222392292744e+01,0.000000000000000000e+00
-7.914873471277317662e+01,1.098105975859099281e+01,1.230333434537527815e+01,1.108017222392292744e+01,0.000000000000000000e+00
-7.914873471277317662e+01,1.098105975859099281e+01,1.230333434537527815e+01,1.108017222392292744e+01,0.000000000000000000e+00
-7.122529025541385295e+01,1.009869416000232789e+01,1.098561866478619109e+01,1.101295383944535011e+01,0.000000000000000000e+00
-7.122529025541385295e+01,1.009869416000232789e+01,1.098561866478619109e+01,1.101295383944535011e+01,0.000000000000000000e+00
-7.122529025541385295e+01,1.009869416000232789e+01,1.098561866478619287e+01,1.101295383944535011e+01,0.000000000000000000e+00
-6.214863538109806029e+01,9.294710240596723239e+00,1.010954922938238099e+01,1.000279282199921127e+01,0.000000000000000000e+00
-6.214863538109806029e+01,9.294710240596723239e+00,1.010954922938238276e+01,1.000279282199921127e+01,0.000000000000000000e+00
-6.214863538109806029e+01,9.294710240596723239e+00,1.010954922938238454e+01,1.000279282199921127e+01,0.000000000000000000e+00
-5.133781538642247710e+01,8.675677843719990179e+00,9.621336058081370268e+00,8.492677704119731885e+00,0.000000000000000000e+00
-5.133781538642247710e+01,8.675677843719988402e+00,9.621336058081368492e+00,8.492677704119731885e+00,0.000000000000000000e+00
-5.133781538642247710e+01,8.675677843719988402e+00,9.621336058081368492e+00,8.492677704119731885e+00,0.000000000000000000e+00
-3.874454648281280100e+01,8.231901458245600267e+00,9.431262477267702948e+00,7.547733538794624053e+00,0.000000000000000000e+00
-3.874454648281280100e+01,8.231901458245600267e+00,9.431262477267702948e+00,7.547733538794624053e+00,0.000000000000000000e+00
-3.874454648281280100e+01,8.231901458245600267e+00,9.431262477267701172e+00,7.547733538794624053e+00,0.000000000000000000e+00
-2.491983769869771947e+01,8.210810672707193447e+00,9.394882681277229253e+00,6.675487039700877645e+00,0.000000000000000000e+00
-2.491983769869771947e+01,8.210810672707193447e+00,9.394882681277227476e+00,6.675487039700877645e+00,0.000000000000000000e+00
-2.491983769869771947e+01,8.210810672707193447e+00,9.394882681277227476e+00,6.675487039700877645e+00,0.000000000000000000e+00
-1.003112033707331463e+01,8.413716483523820955e+00,9.446319883933931294e+00,6.090430452184999233e+00,0.000000000000000000e+00
-1.003112033707331463e+01,8.413716483523820955e+00,9.446319883933931294e+00,6.090430452184999233e+00,0.000000000000000000e+00
-1.003112033707331463e+01,8.413716483523820955e+00,9.446319883933931294e+00,6.090430452184999233e+00,0.000000000000000000e+00
5.599782662329301886e+00,8.741508950189064819e+00,9.727203372524597214e+00,6.509777152732048044e+00,0.000000000000000000e+00
5.599782662329301886e+00,8.741508950189064819e+00,9.727203372524598990e+00,6.509777152732048044e+00,0.000000000000000000e+00
5.599782662329301886e+00,8.741508950189064819e+00,9.727203372524598990e+00,6.509777152732048044e+00,0.000000000000000000e+00
2.116338924412424660e+01,8.911371163628302838e+00,1.008076060363453408e+01,7.212589725524643391e+00,0.000000000000000000e+00
2.116338924412424660e+01,8.911371163628302838e+00,1.008076060363453408e+01,7.212589725524641615e+00,0.000000000000000000e+00
2.116338924412424660e+01,8.911371163628301062e+00,1.008076060363453585e+01,7.212589725524643391e+00,0.000000000000000000e+00
3.574118116781245647e+01,9.227184376170082913e+00,1.086594714941167972e+01,7.490446659099653459e+00,0.000000000000000000e+00
3.574118116781245647e+01,9.227184376170082913e+00,1.086594714941167972e+01,7.490446659099654347e+00,0.000000000000000000e+00
3.574118116781245647e+01,9.227184376170082913e+00,1.086594714941167972e+01,7.490446659099653459e+00,0.000000000000000000e+00
4.907272432669164175e+01,9.992770374302445191e+00,1.239177570240232562e+01,7.650027467364867384e+00,0.000000000000000000e+00
4.907272432669164175e+01,9.992770374302443415e+00,1.239177570240232384e+01,7.650027467364866496e+00,0.000000000000000000e+00
4.907272432669164175e+01,9.992770374302445191e+00,1.239177570240232562e+01,7.650027467364867384e+00,0.000000000000000000e+00
6.124887888986209816e+01,1.107461329117414017e+01,1.407146209821063110e+01,8.296841809757822261e+00,2.510184028947052060e+00
6.124887888986209816e+01,1.107461329117414017e+01,1.407146209821063110e+01,8.296841809757820485e+00,2.510184028947052060e+00
6.124887888986209816e+01,1.107461329117414017e+01,1.407146209821063110e+01,8.296841809757820485e+00,2.510184028947052060e+00
7.156236197502731500e+01,1.228479160013431937e+01,1.624225324243825241e+01,1.025567193292946655e+01,4.292921839816851381e+00
7.156236197502731500e+01,1.228479160013431937e+01,1.624225324243825241e+01,1.025567193292946655e+01,4.292921839816851381e+00
7.156236197502731500e+01,1.228479160013431937e+01,1.624225324243825241e+01,1.025567193292946655e+01,4.292921839816851381e+00
7.883120407891971126e+01,1.402087648110066453e+01,1.904877639528206856e+01,1.272311204835623855e+01,6.062232512971386988e+00
7.883120407891971126e+01,1.402087648110066631e+01,1.904877639528206856e+01,1.272311204835623855e+01,6.062232512971387877e+00
7.883120407891971126e+01,1.402087648110066631e+01,1.904877639528206501e+01,1.272311204835624032e+01,6.062232512971387877e+00
8.355664463007656195e+01,1.615411326026970684e+01,2.190267785491819907e+01,1.518282172386108364e+01,7.677093081251372908e+00
8.355664463007656195e+01,1.615411326026970684e+01,2.190267785491819907e+01,1.518282172386108186e+01,7.677093081251373796e+00
8.355664463007656195e+01,1.615411326026970684e+01,2.190267785491819907e+01,1.518282172386108542e+01,7.677093081251373796e+00
8.688044845626470192e+01,1.808559266922440401e+01,2.452564527524878102e+01,1.803779355643110449e+01,9.118032871835898945e+00
8.688044845626470192e+01,1.808559266922440756e+01,2.452564527524878102e+01,1.803779355643110449e+01,9.118032871835898945e+00
8.688044845626470192e+01,1.808559266922440401e+01,2.452564527524878102e+01,1.803779355643110449e+01,9.118032871835898945e+00
8.940935553391399537e+01,1.979895479742696196e+01,2.707732208205853652e+01,2.070190828054391119e+01,1.083769781168823698e+01
8.940935553391399537e+01,1.979895479742696196e+01,2.707732208205853297e+01,2.070190828054391119e+01,1.083769781168823521e+01
8.940935553391399537e+01,1.979895479742696196e+01,2.707732208205853297e+01,2.070190828054391119e+01,1.083769781168823521e+01
9.188041844508927625e+01,2.175726914056357586e+01,2.926138522163913436e+01,2.328285400449572862e+01,1.274206080489660842e+01
9.188041844508927625e+01,2.175726914056357586e+01,2.926138522163913080e+01,2.328285400449573217e+01,1.274206080489660842e+01
9.188041844508927625e+01,2.175726914056357941e+01,2.926138522163913080e+01,2.328285400449573572e+01,1.274206080489660842e+01
9.477127912265379450e+01,2.386757874576022687e+01,3.086220750652534051e+01,2.592756234302919793e+01,1.438967777930733050e+01
9.477127912265379450e+01,2.386757874576022331e+01,3.086220750652534761e+01,2.592756234302919793e+01,1.438967777930732872e+01
9.477127912265379450e+01,2.386757874576022687e+01,3.086220750652534051e+01,2.592756234302919793e+01,1.438967777930732872e+01
9.706932110743836972e+01,2.541783544576102472e+01,3.219427258842330275e+01,2.787902664162715993e+01,1.544004036678764713e+01
9.706932110743836972e+01,2.541783544576102472e+01,3.219427258842330275e+01,2.787902664162715993e+01,1.544004036678764535e+01
9.706932110743836972e+01,2.541783544576102472e+01,3.219427258842329564e+01,2.787902664162715638e+01,1.544004036678764535e+01
9.851632769108240950e+01,2.630319807081084704e+01,3.290725352764179945e+01,2.918098861493194818e+01,1.614034920914769344e+01
9.851632769108240950e+01,2.630319807081084349e+01,3.290725352764179945e+01,2.918098861493194818e+01,1.614034920914769344e+01
9.851632769108240950e+01,2.630319807081084349e+01,3.290725352764179235e+01,2.918098861493194818e+01,1.614034920914769344e+01
-9.965089332345743856e+01,1.806380790480456966e+01,2.085961398832937164e+01,1.882246171399773615e+01,7.189916476966351055e+00
-9.965089332345743856e+01,1.806380790480456611e+01,2.085961398832937164e+01,1.882246171399773971e+01,7.189916476966351055e+00
-9.965089332345743856e+01,1.806380790480456611e+01,2.085961398832937519e+01,1.882246171399773615e+01,7.189916476966351944e+00
-9.831027253762989915e+01,1.762228936184745720e+01,2.068745183816860944e+01,1.807684395899021013e+01,6.899383624001943716e+00
-9.831027253762989915e+01,1.762228936184745720e+01,2.068745183816860589e+01,1.807684395899021013e+01,6.899383624001944604e+00
-9.831027253762989915e+01,1.762228936184745720e+01,2.068745183816860589e+01,1.807684395899021013e+01,6.899383624001943716e+00
-9.702408025813896586e+01,1.696414496144490514e+01,2.011303322366425306e+01,1.699761106990421666e+01,6.442184623935485632e+00
-9.702408025813896586e+01,1.696414496144490514e+01,2.011303322366425306e+01,1.699761106990421666e+01,6.442184623935484744e+00
-9.702408025813896586e+01,1.696414496144490514e+01,2.011303322366425306e+01,1.699761106990421666e+01,6.442184623935484744e+00
-9.664107773465683238e+01,1.594630690737501233e+01,1.951642298232632555e+01,1.572061878661373946e+01,5.682478806849982966e+00
-9.664107773465683238e+01,1.594630690737501233e+01,1.951642298232632200e+01,1.572061878661373946e+01,5.682478806849982078e+00
-9.664107773465683238e+01,1.594630690737501233e+01,1.951642298232632200e+01,1.572061878661373946e+01,5.682478806849982078e+00
-9.712363401260471107e+01,1.489269843300111340e+01,1.829013051929675271e+01,1.481777082345750074e+01,4.888729275853723522e+00
-9.712363401260471107e+01,1.489269843300111162e+01,1.829013051929675271e+01,1.481777082345750074e+01,4.888729275853723522e+00
-9.712363401260471107e+01,1.489269843300111162e+01,1.829013051929675626e+01,1.481777082345750074e+01,4.888729275853723522e+00
-9.664979416805823575e+01,1.418323883003935393e+01,1.667052846828418211e+01,1.431770967971462127e+01,4.073467907816575639e+00
-9.664979416805823575e+01,1.418323883003935393e+01,1.667052846828418211e+01,1.431770967971462305e+01,4.073467907816575639e+00
-9.664979416805823575e+01,1.418323883003935393e+01,1.667052846828418211e+01,1.431770967971462305e+01,4.073467907816575639e+00
-9.480652195259985149e+01,1.376520806975273281e+01,1.527010286168918185e+01,1.375934595870296206e+01,3.361765339088687465e+00
-9.480652195259985149e+01,1.376520806975273103e+01,1.527010286168918007e+01,1.375934595870296206e+01,3.361765339088687021e+00
-9.480652195259985149e+01,1.376520806975273281e+01,1.527010286168917652e+01,1.375934595870296384e+01,3.361765339088687465e+00
-9.137033893796488826e+01,1.326177359967837788e+01,1.426934737958174360e+01,1.265962602618192179e+01,2.669841345548226830e+00
-9.137033893796488826e+01,1.326177359967837610e+01,1.426934737958174537e+01,1.265962602618192179e+01,2.669841345548226830e+00
-9.137033893796488826e+01,1.326177359967837788e+01,1.426934737958174360e+01,1.265962602618192179e+01,2.669841345548226386e+00
-8.573323334748947389e+01,1.219943646368314205e+01,1.337915586962378356e+01,1.176699756161537458e+01,0.000000000000000000e+00
-8.573323334748947389e+01,1.219943646368314383e+01,1.337915586962378711e+01,1.176699756161537458e+01,0.000000000000000000e+00
-8.573323334748947389e+01,1.219943646368314383e+01,1.337915586962378356e+01,1.176699756161537636e+01,0.000000000000000000e+00
-7.847589954829388148e+01,1.106167470981349332e+01,1.223130837404320559e+01,1.109635551649240170e+01,0.000000000000000000e+00
-7.847589954829388148e+01,1.106167470981349510e+01,1.223130837404320559e+01,1.109635551649239993e+01,0.000000000000000000e+00
-7.847589954829388148e+01,1.106167470981349510e+01,1.223130837404320559e+01,1.109635551649240170e+01,0.000000000000000000e+00
-7.059105734010773858e+01,1.036290321192932673e+01,1.094739685501564530e+01,1.032852002239881628e+01,0.000000000000000000e+00
-7.059105734010773858e+01,1.036290321192932851e+01,1.094739685501564708e+01,1.032852002239881628e+01,0.000000000000000000e+00
-7.059105734010773858e+01,1.036290321192932673e+01,1.094739685501564708e+01,1.032852002239881628e+01,0.000000000000000000e+00
-6.147133128027949311e+01,9.750955246586338276e+00,1.006493722975115723e+01,9.290910483506378270e+00,0.000000000000000000e+00
-6.147133128027949311e+01,9.750955246586340053e+00,1.006493722975115723e+01,9.290910483506378270e+00,0.000000000000000000e+00
-6.147133128027949311e+01,9.750955246586340053e+00,1.006493722975115723e+01,9.290910483506378270e+00,0.000000000000000000e+00
-5.043046153216594263e+01,9.101802671050238658e+00,9.697397281021158832e+00,8.227523468298175047e+00,0.000000000000000000e+00
-5.043046153216594263e+01,9.101802671050238658e+00,9.697397281021158832e+00,8.227523468298175047e+00,0.000000000000000000e+00
-5.043046153216594263e+01,9.101802671050238658e+00,9.697397281021158832e+00,8.227523468298176823e+00,0.000000000000000000e+00
-3.787807291287442268e+01,8.638817620916915629e+00,9.542737538659819663e+00,7.134488721370299658e+00,0.000000000000000000e+00
-3.787807291287442268e+01,8.638817620916915629e+00,9.542737538659819663e+00,7.134488721370298769e+00,0.000000000000000000e+00
-3.787807291287442268e+01,8.638817620916915629e+00,9.542737538659821439e+00,7.134488721370298769e+00,0.000000000000000000e+00
-2.417492090822087647e+01,8.581490986473079730e+00,9.443517358406337436e+00,6.598210597180923287e+00,0.000000000000000000e+00
-2.417492090822087647e+01,8.581490986473076177e+00,9.443517358406337436e+00,6.598210597180923287e+00,0.000000000000000000e+00
-2.417492090822087647e+01,8.581490986473077953e+00,9.443517358406337436e+00,6.598210597180922399e+00,0.000000000000000000e+00
-9.280747325066741382e+00,8.811415662561527640e+00,9.490543329196388100e+00,6.489011753228670187e+00,0.000000000000000000e+00
-9.280747325066741382e+00,8.811415662561527640e+00,9.490543329196388100e+00,6.489011753228669299e+00,0.000000000000000000e+00
-9.280747325066741382e+00,8.811415662561527640e+00,9.490543329196386324e+00,6.489011753228670187e+00,0.000000000000000000e+00
6.354044953832783449e+00,9.170928132763377150e+00,9.831937799884492790e+00,6.745150897060997686e+00,0.000000000000000000e+00
6.354044953832783449e+00,9.170928132763375373e+00,9.831937799884491014e+00,6.745150897060999462e+00,0.000000000000000000e+00
6.354044953832783449e+00,9.170928132763377150e+00,9.831937799884492790e+00,6.745150897060997686e+00,0.000000000000000000e+00
2.175378397177106748e+01,9.483822181119567318e+00,1.032470462524460686e+01,7.246419995726633090e+00,0.000000000000000000e+00
2.175378397177106748e+01,9.483822181119567318e+00,1.032470462524460508e+01,7.246419995726632202e+00,0.000000000000000000e+00
2.175378397177106748e+01,9.483822181119567318e+00,1.032470462524460508e+01,7.246419995726632202e+00,0.000000000000000000e+00
3.618329093016487263e+01,9.611941518065295398e+00,1.118907576600941667e+01,7.573156330450927953e+00,0.000000000000000000e+00
3.618329093016487263e+01,9.611941518065297174e+00,1.118907576600941844e+01,7.573156330450927953e+00,0.000000000000000000e+00
3.618329093016487263e+01,9.611941518065295398e+00,1.118907576600941844e+01,7.573156330450927953e+00,0.000000000000000000e+00
4.941867563870083302e+01,1.014198274494252416e+01,1.260468841152063213e+01,7.812276931060927687e+00,0.000000000000000000e+00
4.941867563870083302e+01,1.014198274494252416e+01,1.260468841152063213e+01,7.812276931060927687e+00,0.000000000000000000e+00
4.941867563870083302e+01,1.014198274494252416e+01,1.260468841152063391e+01,7.812276931060925911e+00,0.000000000000000000e+00
6.151957223840749123e+01,1.100224806484786022e+01,1.438858011843318074e+01,8.610582693400459675e+00,2.173701561326775167e+00
6.151957223840749123e+01,1.100224806484786022e+01,1.438858011843317719e+01,8.610582693400457899e+00,2.173701561326775167e+00
6.151957223840749123e+01,1.100224806484786022e+01,1.438858011843317897e+01,8.610582693400459675e+00,2.173701561326775167e+00
7.207357279749706436e+01,1.245765466898738794e+01,1.681692741732902618e+01,1.060096693285779956e+01,3.990547767887101749e+00
7.207357279749706436e+01,1.245765466898738794e+01,1.681692741732902263e+01,1.060096693285779956e+01,3.990547767887101749e+00
7.207357279749706436e+01,1.245765466898738794e+01,1.681692741732902263e+01,1.060096693285779956e+01,3.990547767887101749e+00
8.003544225045035887e+01,1.445623523741005378e+01,1.982153677309080919e+01,1.301209708587308356e+01,5.819790539817414121e+00
8.003544225045035887e+01,1.445623523741005378e+01,1.982153677309080919e+01,1.301209708587308356e+01,5.819790539817415009e+00
8.003544225045035887e+01,1.445623523741005201e+01,1.982153677309081274e+01,1.301209708587308356e+01,5.819790539817415009e+00
8.554586278795315479e+01,1.648514628673641269e+01,2.248364120978158454e+01,1.513667557492585480e+01,7.455436749468732138e+00
8.554586278795315479e+01,1.648514628673641269e+01,2.248364120978158098e+01,1.513667557492585480e+01,7.455436749468732138e+00
8.554586278795315479e+01,1.648514628673641269e+01,2.248364120978158454e+01,1.513667557492585303e+01,7.455436749468732138e+00
8.926167058506025853e+01,1.832853144717285332e+01,2.491855132369128967e+01,1.769160628749927966e+01,8.878993911331850342e+00
8.926167058506025853e+01,1.832853144717285332e+01,2.491855132369128967e+01,1.769160628749927966e+01,8.878993911331850342e+00
8.926167058506025853e+01,1.832853144717285332e+01,2.491855132369129322e+01,1.769160628749927966e+01,8.878993911331850342e+00
9.171824087017812133e+01,2.010379565454253736e+01,2.735954000383593154e+01,2.040764250516614098e+01,1.061010466768262539e+01
9.171824087017812133e+01,2.010379565454254092e+01,2.735954000383593865e+01,2.040764250516614453e+01,1.061010466768262539e+01
9.171824087017812133e+01,2.010379565454253381e+01,2.735954000383593154e+01,2.040764250516614453e+01,1.061010466768262539e+01
9.397013629665674728e+01,2.208448619054231798e+01,2.953029025173615096e+01,2.294971801376536291e+01,1.248004919034984361e+01
9.397013629665674728e+01,2.208448619054232154e+01,2.953029025173615096e+01,2.294971801376535581e+01,1.248004919034984361e+01
9.397013629665674728e+01,2.208448619054232154e+01,2.953029025173614031e+01,2.294971801376535936e+01,1.248004919034984184e+01
9.665937137684316838e+01,2.429160549098768129e+01,3.115633081903630242e+01,2.540521947218374876e+01,1.425216556151098501e+01
9.665937137684316838e+01,2.429160549098768129e+01,3.115633081903630242e+01,2.540521947218374876e+01,1.425216556151098501e+01
9.665937137684316838e+01,2.429160549098768129e+01,3.115633081903630597e+01,2.540521947218374876e+01,1.425216556151098501e+01
9.896619988650982691e+01,2.579322063669026832e+01,3.249000031149867596e+01,2.713271764131449260e+01,1.545930374688951403e+01
9.896619988650982691e+01,2.579322063669026832e+01,3.249000031149867596e+01,2.713271764131448549e+01,1.545930374688951225e+01
9.896619988650982691e+01,2.579322063669026832e+01,3.249000031149867596e+01,2.713271764131449260e+01,1.545930374688951225e+01
1.005409308223517968e+02,2.678558379465549422e+01,3.322640828717769068e+01,2.830301929569119324e+01,1.628665935146803534e+01
1.005409308223517968e+02,2.678558379465549422e+01,3.322640828717769779e+01,2.830301929569118968e+01,1.628665935146803889e+01
1.005409308223517968e+02,2.678558379465549422e+01,3.322640828717769068e+01,2.830301929569119324e+01,1.628665935146803889e+01
-1.005557860725510011e+02,1.803936361957982726e+01,2.112540894923154156e+01,1.869177722314518419e+01,7.304653404455201837e+00
-1.005557860725510011e+02,1.803936361957982726e+01,2.112540894923153800e+01,1.869177722314519130e+01,7.304653404455201837e+00
-1.005557860725510011e+02,1.803936361957982726e+01,2.112540894923153800e+01,1.869177722314518775e+01,7.304653404455200061e+00
-9.903827700156179503e+01,1.763531041278934808e+01,2.096980938103061121e+01,1.791657634464226234e+01,6.921107015756532199e+00
-9.903827700156179503e+01,1.763531041278934808e+01,2.096980938103060765e+01,1.791657634464226234e+01,6.921107015756531311e+00
-9.903827700156179503e+01,1.763531041278934808e+01,2.096980938103060765e+01,1.791657634464226234e+01,6.921107015756532199e+00
-9.743043070352561585e+01,1.706881424579504980e+01,2.045866819384526991e+01,1.666314829791330254e+01,6.405596037202109905e+00
-9.743043070352561585e+01,1.706881424579505335e+01,2.045866819384526991e+01,1.666314829791330254e+01,6.405596037202109905e+00
-9.743043070352561585e+01,1.706881424579505335e+01,2.045866819384526991e+01,1.666314829791330610e+01,6.405596037202109905e+00
-9.640484511964055514e+01,1.615953627127397496e+01,1.991705337660740227e+01,1.517407779480453911e+01,5.694439164479801363e+00
-9.640484511964055514e+01,1.615953627127397141e+01,1.991705337660739872e+01,1.517407779480453733e+01,5.694439164479801363e+00
-9.640484511964055514e+01,1.615953627127396786e+01,1.991705337660740227e+01,1.517407779480453556e+01,5.694439164479801363e+00
-9.605155048038673726e+01,1.519135648242208880e+01,1.874791663740994352e+01,1.425912741768550518e+01,4.955908086117636557e+00
-9.605155048038673726e+01,1.519135648242208880e+01,1.874791663740994352e+01,1.425912741768550696e+01,4.955908086117636557e+00
-9.605155048038673726e+01,1.519135648242208880e+01,1.874791663740994352e+01,1.425912741768550518e+01,4.955908086117636557e+00
-9.514526590623954405e+01,1.452290676175976181e+01,1.720897359053081743e+01,1.369759423627197314e+01,4.135101046065456920e+00
-9.514526590623954405e+01,1.452290676175976358e+01,1.720897359053081743e+01,1.369759423627197314e+01,4.135101046065456920e+00
-9.514526590623954405e+01,1.452290676175976358e+01,1.720897359053081033e+01,1.369759423627197314e+01,4.135101046065456920e+00
-9.365690893321287547e+01,1.407858713783915050e+01,1.581715737567844293e+01,1.298584382062239584e+01,3.391914431720838063e+00
-9.365690893321287547e+01,1.407858713783915050e+01,1.581715737567844293e+01,1.298584382062239762e+01,3.391914431720838063e+00
-9.365690893321287547e+01,1.407858713783915050e+01,1.581715737567844116e+01,1.298584382062239584e+01,3.391914431720838508e+00
-9.078477360950068942e+01,1.319864485600741766e+01,1.460518837880792375e+01,1.214534184165806963e+01,2.834221113794396896e+00
-9.078477360950068942e+01,1.319864485600741766e+01,1.460518837880792375e+01,1.214534184165806785e+01,2.834221113794397340e+00
-9.078477360950068942e+01,1.319864485600741766e+01,1.460518837880792198e+01,1.214534184165806607e+01,2.834221113794396896e+00
-8.496369213195443137e+01,1.198722205202455449e+01,1.354930632249407907e+01,1.133692847236040535e+01,2.217079952211900906e+00
-8.496369213195443137e+01,1.198722205202455449e+01,1.354930632249407907e+01,1.133692847236040535e+01,2.217079952211900462e+00
-8.496369213195443137e+01,1.198722205202455804e+01,1.354930632249408085e+01,1.133692847236040535e+01,2.217079952211900906e+00
-7.702770405669016895e+01,1.107153742078704184e+01,1.227544906309007722e+01,1.052007750549809195e+01,0.000000000000000000e+00
-7.702770405669016895e+01,1.107153742078704006e+01,1.227544906309007899e+01,1.052007750549809195e+01,0.000000000000000000e+00
-7.702770405669016895e+01,1.107153742078704006e+01,1.227544906309007722e+01,1.052007750549809018e+01,0.000000000000000000e+00
-6.872536615933924509e+01,1.055493643921463587e+01,1.083331185330549751e+01,9.591997434685232804e+00,0.000000000000000000e+00
-6.872536615933924509e+01,1.055493643921463764e+01,1.083331185330549751e+01,9.591997434685232804e+00,0.000000000000000000e+00
-6.872536615933924509e+01,1.055493643921463764e+01,1.083331185330549751e+01,9.591997434685234580e+00,0.000000000000000000e+00
-5.977734439895437646e+01,1.000616346061923956e+01,9.900341776389767645e+00,8.797278414963427551e+00,0.000000000000000000e+00
-5.977734439895437646e+01,1.000616346061923956e+01,9.900341776389767645e+00,8.797278414963429327e+00,0.000000000000000000e+00
-5.977734439895437646e+01,1.000616346061923956e+01,9.900341776389767645e+00,8.797278414963427551e+00,0.000000000000000000e+00
-4.918081634485703546e+01,9.254606963622917348e+00,9.511129807938365488e+00,8.116465571455080408e+00,0.000000000000000000e+00
-4.918081634485703546e+01,9.254606963622917348e+00,9.511129807938365488e+00,8.116465571455080408e+00,0.000000000000000000e+00
-4.918081634485703546e+01,9.254606963622917348e+00,9.511129807938363712e+00,8.116465571455080408e+00,0.000000000000000000e+00
-3.694864585660364042e+01,8.918536455850981426e+00,9.248828420171424369e+00,7.443972321188503827e+00,0.000000000000000000e+00
-3.694864585660364042e+01,8.918536455850979650e+00,9.248828420171424369e+00,7.443972321188503827e+00,0.000000000000000000e+00
-3.694864585660364042e+01,8.918536455850979650e+00,9.248828420171424369e+00,7.443972321188506491e+00,0.000000000000000000e+00
-2.352212925404047539e+01,9.128211989363823164e+00,9.144350415331590654e+00,7.044830907409026288e+00,0.000000000000000000e+00
-2.352212925404047539e+01,9.128211989363821388e+00,9.144350415331590654e+00,7.044830907409025400e+00,0.000000000000000000e+00
-2.352212925404047539e+01,9.128211989363821388e+00,9.144350415331590654e+00,7.044830907409026288e+00,0.000000000000000000e+00
-8.777906458801805201e+00,9.390488421988319345e+00,9.143051043416809520e+00,6.882341316853026747e+00,0.000000000000000000e+00
-8.777906458801805201e+00,9.390488421988321122e+00,9.143051043416809520e+00,6.882341316853026747e+00,0.000000000000000000e+00
-8.777906458801805201e+00,9.390488421988319345e+00,9.143051043416809520e+00,6.882341316853028523e+00,0.000000000000000000e+00
6.852520358749861984e+00,9.639366896352330016e+00,9.432511573799132520e+00,6.818542442148025629e+00,0.000000000000000000e+00
6.852520358749861984e+00,9.639366896352330016e+00,9.432511573799132520e+00,6.818542442148025629e+00,0.000000000000000000e+00
6.852520358749861984e+00,9.639366896352328240e+00,9.432511573799132520e+00,6.818542442148025629e+00,0.000000000000000000e+00
2.230064555284730687e+01,9.652091674133512100e+00,1.014625361584114316e+01,7.349552975618548700e+00,0.000000000000000000e+00
2.230064555284730687e+01,9.652091674133513877e+00,1.014625361584114138e+01,7.349552975618548700e+00,0.000000000000000000e+00
2.230064555284730687e+01,9.652091674133513877e+00,1.014625361584114138e+01,7.349552975618548700e+00,0.000000000000000000e+00
3.669459079842126670e+01,9.662356081214014125e+00,1.118219838056438853e+01,8.005451397545037651e+00,0.000000000000000000e+00
3.669459079842126670e+01,9.662356081214017678e+00,1.118219838056438853e+01,8.005451397545037651e+00,0.000000000000000000e+00
3.669459079842126670e+01,9.662356081214017678e+00,1.118219838056439031e+01,8.005451397545037651e+00,0.000000000000000000e+00
4.991257539796337994e+01,9.685707067412909765e+00,1.253431632097748505e+01,8.257734946037057711e+00,0.000000000000000000e+00
4.991257539796337994e+01,9.685707067412907989e+00,1.253431632097748682e+01,8.257734946037059487e+00,0.000000000000000000e+00
4.991257539796337994e+01,9.685707067412907989e+00,1.253431632097748682e+01,8.257734946037057711e+00,0.000000000000000000e+00
6.176552073059087888e+01,1.053859893333227227e+01,1.443071456182686596e+01,9.348454532230272562e+00,0.000000000000000000e+00
6.176552073059087888e+01,1.053859893333227227e+01,1.443071456182686596e+01,9.348454532230270786e+00,0.000000000000000000e+00
6.176552073059087888e+01,1.053859893333227049e+01,1.443071456182686774e+01,9.348454532230270786e+00,0.000000000000000000e+00
7.212947359531939640e+01,1.240184184666538947e+01,1.711728199622538327e+01,1.127438262953970849e+01,3.536872624641939300e+00
7.212947359531939640e+01,1.240184184666538947e+01,1.711728199622538327e+01,1.127438262953970849e+01,3.536872624641939300e+00
7.212947359531939640e+01,1.240184184666538947e+01,1.711728199622538327e+01,1.127438262953970671e+01,3.536872624641938856e+00
8.059917035903852423e+01,1.467605667876140174e+01,2.029958160779180787e+01,1.321273530172879340e+01,5.360511369061706333e+00
8.059917035903852423e+01,1.467605667876140174e+01,2.029958160779180432e+01,1.321273530172879340e+01,5.360511369061706333e+00
8.059917035903852423e+01,1.467605667876140174e+01,2.029958160779180432e+01,1.321273530172879518e+01,5.360511369061704556e+00
8.695676758140662344e+01,1.659143532317177971e+01,2.294740577747866439e+01,1.507974573358195158e+01,6.994274563602813188e+00
8.695676758140662344e+01,1.659143532317177971e+01,2.294740577747866439e+01,1.507974573358195336e+01,6.994274563602812300e+00
8.695676758140662344e+01,1.659143532317177971e+01,2.294740577747866439e+01,1.507974573358195336e+01,6.994274563602813188e+00
9.099810035531758956e+01,1.835911951782939511e+01,2.532830492321944504e+01,1.736623552539645488e+01,8.531762101701744427e+00
9.099810035531758956e+01,1.835911951782939511e+01,2.532830492321944504e+01,1.736623552539645488e+01,8.531762101701746204e+00
9.099810035531758956e+01,1.835911951782939511e+01,2.532830492321944504e+01,1.736623552539645488e+01,8.531762101701746204e+00
9.331208381827524079e+01,2.019554808171242755e+01,2.768894634962839163e+01,2.021491694295464470e+01,1.031504671534370843e+01
9.331208381827524079e+01,2.019554808171243110e+01,2.768894634962839163e+01,2.021491694295464825e+01,1.031504671534370843e+01
9.331208381827524079e+01,2.019554808171243110e+01,2.768894634962839163e+01,2.021491694295464470e+01,1.031504671534370843e+01
9.523617930173949730e+01,2.244902891593568128e+01,2.982223229548933219e+01,2.280343955528467248e+01,1.221117643672548603e+01
9.523617930173949730e+01,2.244902891593568484e+01,2.982223229548933219e+01,2.280343955528467248e+01,1.221117643672548247e+01
9.523617930173949730e+01,2.244902891593568128e+01,2.982223229548933219e+01,2.280343955528467248e+01,1.221117643672548603e+01
9.788219211096242134e+01,2.467819443768292587e+01,3.142526928613192894e+01,2.506223603655729448e+01,1.401453701413675645e+01
9.788219211096242134e+01,2.467819443768292231e+01,3.142526928613193604e+01,2.506223603655729093e+01,1.401453701413675645e+01
9.788219211096242134e+01,2.467819443768292587e+01,3.142526928613193604e+01,2.506223603655729093e+01,1.401453701413675645e+01
1.002686394651590263e+02,2.623268495849781701e+01,3.273792889955385732e+01,2.671282956141036635e+01,1.528956588246640536e+01
1.002686394651590263e+02,2.623268495849781701e+01,3.273792889955385021e+01,2.671282956141036635e+01,1.528956588246640713e+01
1.002686394651590263e+02,2.623268495849781701e+01,3.273792889955385021e+01,2.671282956141036635e+01,1.528956588246640536e+01
1.019869120657094612e+02,2.728321101525678927e+01,3.342505889832975186e+01,2.788685788692230005e+01,1.617796462031196825e+01
1.019869120657094612e+02,2.728321101525678927e+01,3.342505889832975896e+01,2.788685788692229650e+01,1.617796462031196825e+01
1.019869120657094612e+02,2.728321101525678927e+01,3.342505889832975186e+01,2.788685788692230005e+01,1.617796462031196469e+01
-1.015752031924040182e+02,1.828366876529305429e+01,2.135615841348343835e+01,1.850335809364660022e+01,7.428479046531809793e+00
-1.015752031924040182e+02,1.828366876529305074e+01,2.135615841348344190e+01,1.850335809364659667e+01,7.428479046531809793e+00
-1.015752031924040182e+02,1.828366876529305429e+01,2.135615841348343480e+01,1.850335809364660022e+01,7.428479046531809793e+00
-9.989754794252158376e+01,1.782037216213069541e+01,2.116051097739817521e+01,1.773827356999056448e+01,6.990919190967120223e+00
-9.989754794252158376e+01,1.782037216213069541e+01,2.116051097739817521e+01,1.773827356999056448e+01,6.990919190967121111e+00
-9.989754794252158376e+01,1.782037216213069541e+01,2.116051097739817521e+01,1.773827356999056448e+01,6.990919190967120223e+00
-9.804463293042243777e+01,1.725755437918499879e+01,2.058248818274704561e+01,1.649485507566545550e+01,6.435284294212352485e+00
-9.804463293042243777e+01,1.725755437918499879e+01,2.058248818274704561e+01,1.649485507566545550e+01,6.435284294212352485e+00
-9.804463293042243777e+01,1.725755437918499879e+01,2.058248818274704561e+01,1.649485507566545550e+01,6.435284294212353373e+00
-9.662357617704076063e+01,1.653748960953509695e+01,1.999057847377365249e+01,1.474302105174070299e+01,5.736980286805702711e+00
-9.662357617704076063e+01,1.653748960953509695e+01,1.999057847377365604e+01,1.474302105174070299e+01,5.736980286805702711e+00
-9.662357617704076063e+01,1.653748960953509695e+01,1.999057847377365604e+01,1.474302105174070299e+01,5.736980286805702711e+00
-9.563312366465235925e+01,1.580697149313126459e+01,1.887725613646018985e+01,1.362179795494976986e+01,5.038091394519831567e+00
-9.563312366465235925e+01,1.580697149313126637e+01,1.887725613646018630e+01,1.362179795494976986e+01,5.038091394519831567e+00
-9.563312366465235925e+01,1.580697149313126637e+01,1.887725613646018985e+01,1.362179795494976986e+01,5.038091394519831567e+00
-9.436257896586617733e+01,1.521486438078906467e+01,1.757557340039138793e+01,1.295686799650247778e+01,4.251259444320807823e+00
-9.436257896586617733e+01,1.521486438078906467e+01,1.757557340039139149e+01,1.295686799650247778e+01,4.251259444320807823e+00
-9.436257896586617733e+01,1.521486438078906467e+01,1.757557340039138793e+01,1.295686799650247600e+01,4.251259444320807823e+00
-9.285955148471570908e+01,1.454287730914358256e+01,1.632822137089968351e+01,1.186174035676313743e+01,3.536389862605087142e+00
-9.285955148471570908e+01,1.454287730914358256e+01,1.632822137089968351e+01,1.186174035676313743e+01,3.536389862605086698e+00
-9.285955148471570908e+01,1.454287730914358256e+01,1.632822137089968351e+01,1.186174035676313743e+01,3.536389862605087142e+00
-8.992063462390797213e+01,1.305195478213298088e+01,1.494437987224135611e+01,1.121515710497601859e+01,3.017545926175896565e+00
-8.992063462390797213e+01,1.305195478213298088e+01,1.494437987224135611e+01,1.121515710497601859e+01,3.017545926175896565e+00
-8.992063462390797213e+01,1.305195478213298266e+01,1.494437987224135789e+01,1.121515710497602036e+01,3.017545926175897009e+00
-8.392043970797750774e+01,1.171637338968991315e+01,1.370270240694489772e+01,1.082712818771770102e+01,2.460992752568920139e+00
-8.392043970797750774e+01,1.171637338968991315e+01,1.370270240694489594e+01,1.082712818771769747e+01,2.460992752568919695e+00
-8.392043970797750774e+01,1.171637338968991315e+01,1.370270240694489772e+01,1.082712818771770102e+01,2.460992752568919695e+00
-7.569957074592747404e+01,1.115921464512687855e+01,1.243334357317540118e+01,1.019329463252590529e+01,0.000000000000000000e+00
-7.569957074592747404e+01,1.115921464512688210e+01,1.243334357317540118e+01,1.019329463252590529e+01,0.000000000000000000e+00
-7.569957074592747404e+01,1.115921464512688210e+01,1.243334357317540118e+01,1.019329463252590529e+01,0.000000000000000000e+00
-6.701415094480222479e+01,1.073825410072116071e+01,1.106737686153249633e+01,9.432096866575061966e+00,0.000000000000000000e+00
-6.701415094480222479e+01,1.073825410072116071e+01,1.106737686153249633e+01,9.432096866575060190e+00,0.000000000000000000e+00
-6.701415094480222479e+01,1.073825410072116071e+01,1.106737686153249633e+01,9.432096866575060190e+00,0.000000000000000000e+00
-5.823910536223777257e+01,1.007774312063029321e+01,9.996530804168747508e+00,8.825297464940728531e+00,0.000000000000000000e+00
-5.823910536223777257e+01,1.007774312063029321e+01,9.996530804168749285e+00,8.825297464940728531e+00,0.000000000000000000e+00
-5.823910536223777257e+01,1.007774312063029321e+01,9.996530804168747508e+00,8.825297464940728531e+00,0.000000000000000000e+00
-4.801212059316222991e+01,9.403463904227530534e+00,9.257340894640774920e+00,8.485190932288805499e+00,0.000000000000000000e+00
-4.801212059316222991e+01,9.403463904227532311e+00,9.257340894640774920e+00,8.485190932288805499e+00,0.000000000000000000e+00
-4.801212059316222991e+01,9.403463904227532311e+00,9.257340894640774920e+00,8.485190932288805499e+00,0.000000000000000000e+00
-3.608765976771267958e+01,9.362114754550557194e+00,8.866299178729699193e+00,8.242084403311293883e+00,0.000000000000000000e+00
-3.608765976771267958e+01,9.362114754550557194e+00,8.866299178729699193e+00,8.242084403311292107e+00,0.000000000000000000e+00
-3.608765976771267958e+01,9.362114754550558970e+00,8.866299178729699193e+00,8.242084403311292107e+00,0.000000000000000000e+00
-2.296177433648736610e+01,9.885752007751836601e+00,8.802577945042877161e+00,7.962638028855534955e+00,0.000000000000000000e+00
-2.296177433648736610e+01,9.885752007751838377e+00,8.802577945042877161e+00,7.962638028855534955e+00,0.000000000000000000e+00
-2.296177433648736610e+01,9.885752007751838377e+00,8.802577945042877161e+00,7.962638028855537620e+00,0.000000000000000000e+00
-8.426499645338083155e+00,1.010504805224351443e+01,8.861131604983951249e+00,7.360504630350626520e+00,0.000000000000000000e+00
-8.426499645338083155e+00,1.010504805224351443e+01,8.861131604983951249e+00,7.360504630350624744e+00,0.000000000000000000e+00
-8.426499645338083155e+00,1.010504805224351443e+01,8.861131604983953025e+00,7.360504630350626520e+00,0.000000000000000000e+00
7.167657155512435097e+00,9.891475188168360688e+00,9.108240608746251965e+00,6.964743784516053360e+00,0.000000000000000000e+00
7.167657155512435097e+00,9.891475188168360688e+00,9.108240608746251965e+00,6.964743784516053360e+00,0.000000000000000000e+00
7.167657155512435097e+00,9.891475188168358912e+00,9.108240608746253741e+00,6.964743784516054248e+00,0.000000000000000000e+00
2.278360701156590196e+01,9.615725846987761116e+00,9.877845066415039454e+00,7.376957591952978177e+00,0.000000000000000000e+00
2.278360701156590196e+01,9.615725846987761116e+00,9.877845066415037678e+00,7.376957591952978177e+00,0.000000000000000000e+00
2.278360701156590196e+01,9.615725846987761116e+00,9.877845066415039454e+00,7.376957591952979065e+00,0.000000000000000000e+00
3.751953040616031387e+01,9.520458252466863058e+00,1.109131798862472884e+01,8.070492432360518720e+00,0.000000000000000000e+00
3.751953040616031387e+01,9.520458252466863058e+00,1.109131798862472529e+01,8.070492432360518720e+00,0.000000000000000000e+00
3.751953040616031387e+01,9.520458252466861282e+00,1.109131798862472884e+01,8.070492432360518720e+00,0.000000000000000000e+00
5.098552304806047175e+01,9.266572476812632075e+00,1.254610392804622165e+01,8.592342601757410492e+00,0.000000000000000000e+00
5.098552304806047175e+01,9.266572476812632075e+00,1.254610392804622165e+01,8.592342601757408715e+00,0.000000000000000000e+00
5.098552304806047175e+01,9.266572476812633852e+00,1.254610392804622165e+01,8.592342601757408715e+00,0.000000000000000000e+00
6.275253368528984055e+01,1.005948147199481468e+01,1.458417095020999277e+01,1.002259410439786436e+01,0.000000000000000000e+00
6.275253368528984055e+01,1.005948147199481468e+01,1.458417095020999277e+01,1.002259410439786258e+01,0.000000000000000000e+00
6.275253368528984055e+01,1.005948147199481291e+01,1.458417095020999454e+01,1.002259410439786258e+01,0.000000000000000000e+00
7.273393604618799202e+01,1.246955972133827295e+01,1.739395643771154454e+01,1.192754539284917215e+01,3.202054699382633096e+00
7.273393604618799202e+01,1.246955972133827295e+01,1.739395643771154454e+01,1.192754539284917215e+01,3.202054699382632652e+00
7.273393604618799202e+01,1.246955972133827295e+01,1.739395643771154454e+01,1.192754539284917215e+01,3.202054699382632652e+00
8.110931552497291364e+01,1.499623148634909953e+01,2.053542391652253940e+01,1.361645989104233045e+01,4.923253269980442326e+00
8.110931552497291364e+01,1.499623148634910130e+01,2.053542391652253940e+01,1.361645989104233045e+01,4.923253269980442326e+00
8.110931552497291364e+01,1.499623148634909953e+01,2.053542391652253940e+01,1.361645989104233045e+01,4.923253269980442326e+00
8.759202278443619605e+01,1.695398030029946668e+01,2.332622791263229090e+01,1.535065693744272863e+01,6.584773982812533788e+00
8.759202278443619605e+01,1.695398030029946668e+01,2.332622791263229445e+01,1.535065693744272863e+01,6.584773982812532900e+00
8.759202278443619605e+01,1.695398030029946668e+01,2.332622791263229445e+01,1.535065693744272863e+01,6.584773982812532900e+00
9.170015791113731041e+01,1.881716159575992720e+01,2.572037884049792922e+01,1.769108251438625246e+01,8.300796258499069324e+00
9.170015791113731041e+01,1.881716159575992364e+01,2.572037884049792922e+01,1.769108251438625246e+01,8.300796258499069324e+00
9.170015791113731041e+01,1.881716159575992364e+01,2.572037884049793632e+01,1.769108251438624890e+01,8.300796258499069324e+00
9.378572759580659124e+01,2.099556753558211852e+01,2.796995781414951665e+01,2.046124071857491700e+01,1.009241511849036677e+01
9.378572759580659124e+01,2.099556753558211497e+01,2.796995781414951665e+01,2.046124071857492055e+01,1.009241511849036677e+01
9.378572759580659124e+01,2.099556753558211497e+01,2.796995781414951665e+01,2.046124071857491700e+01,1.009241511849036677e+01
9.527882103076186127e+01,2.346705543331153265e+01,3.005186570546655034e+01,2.302644961599783713e+01,1.193451338244224580e+01
9.527882103076186127e+01,2.346705543331153265e+01,3.005186570546655389e+01,2.302644961599783713e+01,1.193451338244224580e+01
9.527882103076186127e+01,2.346705543331153265e+01,3.005186570546655034e+01,2.302644961599783713e+01,1.193451338244224580e+01
9.797927965142159223e+01,2.566655204197547846e+01,3.163398625368035155e+01,2.512196172277338491e+01,1.369270382549911602e+01
9.797927965142159223e+01,2.566655204197547846e+01,3.163398625368035155e+01,2.512196172277338135e+01,1.369270382549911602e+01
9.797927965142159223e+01,2.566655204197547846e+01,3.163398625368034445e+01,2.512196172277338135e+01,1.369270382549911425e+01
1.008335764040163554e+02,2.714748237649186180e+01,3.288378416059369869e+01,2.675205528382108255e+01,1.489163285659796720e+01
1.008335764040163554e+02,2.714748237649185825e+01,3.288378416059369869e+01,2.675205528382108255e+01,1.489163285659796720e+01
1.008335764040163554e+02,2.714748237649186180e+01,3.288378416059369869e+01,2.675205528382108611e+01,1.489163285659796720e+01
1.028114551262456331e+02,2.806373667228376334e+01,3.351074475454664281e+01,2.800217588638787447e+01,1.572874238194511420e+01
1.028114551262456331e+02,2.806373667228376334e+01,3.351074475454664281e+01,2.800217588638787447e+01,1.572874238194511420e+01
1.028114551262456331e+02,2.806373667228376334e+01,3.351074475454664281e+01,2.800217588638787447e+01,1.572874238194511420e+01
-1.027249054068507235e+02,1.878710334823402661e+01,2.167125689522697130e+01,1.866426377621401400e+01,7.619927824680459594e+00
-1.027249054068507235e+02,1.878710334823403016e+01,2.167125689522696774e+01,1.866426377621401400e+01,7.619927824680460482e+00
-1.027249054068507235e+02,1.878710334823403372e+01,2.167125689522697130e+01,1.866426377621401400e+01,7.619927824680460482e+00
-1.010933223117989286e+02,1.824272646953465227e+01,2.131450684089127634e+01,1.809561242532963377e+01,7.209548759551970498e+00
-1.010933223117989286e+02,1.824272646953465582e+01,2.131450684089127279e+01,1.809561242532963377e+01,7.209548759551971386e+00
-1.010933223117989286e+02,1.824272646953465582e+01,2.131450684089127634e+01,1.809561242532963377e+01,7.209548759551971386e+00
-9.925623120163255919e+01,1.757229623376651872e+01,2.047477598414885236e+01,1.701484297069187335e+01,6.657065330654217128e+00
-9.925623120163255919e+01,1.757229623376651517e+01,2.047477598414885236e+01,1.701484297069187335e+01,6.657065330654217128e+00
-9.925623120163255919e+01,1.757229623376651872e+01,2.047477598414885236e+01,1.701484297069187335e+01,6.657065330654217128e+00
-9.767926767185095116e+01,1.693735199659603197e+01,1.969937292671125917e+01,1.506288772588035840e+01,5.923679677571927371e+00
-9.767926767185095116e+01,1.693735199659603552e+01,1.969937292671125917e+01,1.506288772588035840e+01,5.923679677571927371e+00
-9.767926767185095116e+01,1.693735199659603197e+01,1.969937292671125917e+01,1.506288772588035840e+01,5.923679677571928259e+00
-9.650971579544652457e+01,1.640286453611868822e+01,1.855329178116866373e+01,1.354828168338512917e+01,5.194194149665555038e+00
-9.650971579544652457e+01,1.640286453611868822e+01,1.855329178116866728e+01,1.354828168338512917e+01,5.194194149665555926e+00
-9.650971579544652457e+01,1.640286453611868822e+01,1.855329178116866728e+01,1.354828168338512739e+01,5.194194149665555926e+00
-9.484153447214998778e+01,1.602770907214308238e+01,1.738494670863270031e+01,1.247058186767372590e+01,4.392530381607194556e+00
-9.484153447214998778e+01,1.602770907214308238e+01,1.738494670863269320e+01,1.247058186767372767e+01,4.392530381607195444e+00
-9.484153447214998778e+01,1.602770907214308238e+01,1.738494670863270031e+01,1.247058186767372767e+01,4.392530381607194556e+00
-9.276995403826822439e+01,1.536240044129092119e+01,1.625600800843936256e+01,1.129555276248925111e+01,3.699955841596426431e+00
-9.276995403826822439e+01,1.536240044129092119e+01,1.625600800843936256e+01,1.129555276248925111e+01,3.699955841596426431e+00
-9.276995403826822439e+01,1.536240044129092119e+01,1.625600800843936256e+01,1.129555276248925288e+01,3.699955841596426431e+00
-8.931342895528634074e+01,1.336601663172094412e+01,1.501016195005862031e+01,1.103650615980637895e+01,3.147601325355328328e+00
-8.931342895528634074e+01,1.336601663172094234e+01,1.501016195005862208e+01,1.103650615980637895e+01,3.147601325355328328e+00
-8.931342895528634074e+01,1.336601663172094412e+01,1.501016195005862031e+01,1.103650615980637895e+01,3.147601325355328772e+00
-8.341029343062314183e+01,1.162705689523515851e+01,1.376258981038412976e+01,1.091998991218290094e+01,2.620552741673571884e+00
-8.341029343062314183e+01,1.162705689523515851e+01,1.376258981038412976e+01,1.091998991218290094e+01,2.620552741673571884e+00
-8.341029343062314183e+01,1.162705689523515851e+01,1.376258981038412976e+01,1.091998991218290094e+01,2.620552741673571884e+00
-7.536319637311777342e+01,1.106212352874175409e+01,1.259254765604110737e+01,1.039856911980186283e+01,2.056209288500510102e+00
-7.536319637311777342e+01,1.106212352874175409e+01,1.259254765604110915e+01,1.039856911980186283e+01,2.056209288500510102e+00
-7.536319637311777342e+01,1.106212352874175053e+01,1.259254765604110560e+01,1.039856911980186283e+01,2.056209288500509658e+00
-6.643682923549420138e+01,1.063597303531361504e+01,1.146835263894718793e+01,9.723466661865565186e+00,0.000000000000000000e+00
-6.643682923549420138e+01,1.063597303531361504e+01,1.146835263894718970e+01,9.723466661865565186e+00,0.000000000000000000e+00
-6.643682923549420138e+01,1.063597303531361504e+01,1.146835263894718970e+01,9.723466661865565186e+00,0.000000000000000000e+00
-5.730416552120875906e+01,1.016052436572029372e+01,1.043316702029895637e+01,9.042324775541450421e+00,0.000000000000000000e+00
-5.730416552120875906e+01,1.016052436572029372e+01,1.043316702029895460e+01,9.042324775541450421e+00,0.000000000000000000e+00
-5.730416552120875906e+01,1.016052436572029372e+01,1.043316702029895815e+01,9.042324775541450421e+00,0.000000000000000000e+00
-4.709267444478715703e+01,9.842980902176384106e+00,9.470547948431001117e+00,8.706195516233846021e+00,0.000000000000000000e+00
-4.709267444478715703e+01,9.842980902176384106e+00,9.470547948431001117e+00,8.706195516233847798e+00,0.000000000000000000e+00
-4.709267444478715703e+01,9.842980902176385882e+00,9.470547948431001117e+00,8.706195516233846021e+00,0.000000000000000000e+00
-3.536167131775355443e+01,9.964248980884081064e+00,8.878702550264653937e+00,8.533183989293172900e+00,0.000000000000000000e+00
-3.536167131775355443e+01,9.964248980884081064e+00,8.878702550264653937e+00,8.533183989293172900e+00,0.000000000000000000e+00
-3.536167131775355443e+01,9.964248980884081064e+00,8.878702550264653937e+00,8.533183989293172900e+00,0.000000000000000000e+00
-2.240910100492141765e+01,1.037754123991351918e+01,8.759268451905274588e+00,8.331998939086167510e+00,0.000000000000000000e+00
-2.240910100492141765e+01,1.037754123991351918e+01,8.759268451905274588e+00,8.331998939086167510e+00,0.000000000000000000e+00
-2.240910100492141765e+01,1.037754123991351918e+01,8.759268451905272812e+00,8.331998939086167510e+00,0.000000000000000000e+00
-8.040723914615693246e+00,1.051949709927267307e+01,8.910913353380070845e+00,7.523246218955335962e+00,0.000000000000000000e+00
-8.040723914615693246e+00,1.051949709927267307e+01,8.910913353380070845e+00,7.523246218955335074e+00,0.000000000000000000e+00
-8.040723914615693246e+00,1.051949709927267307e+01,8.910913353380070845e+00,7.523246218955335962e+00,0.000000000000000000e+00
7.567930739091734971e+00,1.009657829886157288e+01,9.107100912452551711e+00,6.981160965992684098e+00,0.000000000000000000e+00
7.567930739091734971e+00,1.009657829886157110e+01,9.107100912452551711e+00,6.981160965992684986e+00,0.000000000000000000e+00
7.567930739091734971e+00,1.009657829886157110e+01,9.107100912452549935e+00,6.981160965992683209e+00,0.000000000000000000e+00
2.329078184303196508e+01,9.703841694107524063e+00,9.717044048558905800e+00,7.332580543946526141e+00,0.000000000000000000e+00
2.329078184303196508e+01,9.703841694107524063e+00,9.717044048558905800e+00,7.332580543946527918e+00,0.000000000000000000e+00
2.329078184303196508e+01,9.703841694107524063e+00,9.717044048558905800e+00,7.332580543946528806e+00,0.000000000000000000e+00
3.827859084798506473e+01,9.457258480617470653e+00,1.105184023779192337e+01,7.872670697331104250e+00,0.000000000000000000e+00
3.827859084798506473e+01,9.457258480617470653e+00,1.105184023779192337e+01,7.872670697331104250e+00,0.000000000000000000e+00
3.827859084798506473e+01,9.457258480617472429e+00,1.105184023779192337e+01,7.872670697331104250e+00,0.000000000000000000e+00
5.207828904444836127e+01,9.217699117864974312e+00,1.278722023326395352e+01,8.801206955260486353e+00,0.000000000000000000e+00
5.207828904444836127e+01,9.217699117864974312e+00,1.278722023326395352e+01,8.801206955260486353e+00,0.000000000000000000e+00
5.207828904444836127e+01,9.217699117864974312e+00,1.278722023326395352e+01,8.801206955260484577e+00,0.000000000000000000e+00
6.396084032762498595e+01,1.012396171622091323e+01,1.492170621208771664e+01,1.037856852860589285e+01,0.000000000000000000e+00
6.396084032762498595e+01,1.012396171622091323e+01,1.492170621208771664e+01,1.037856852860589285e+01,0.000000000000000000e+00
6.396084032762498595e+01,1.012396171622091323e+01,1.492170621208771664e+01,1.037856852860589640e+01,0.000000000000000000e+00
7.379212695949095746e+01,1.229440696646202724e+01,1.770997370190315934e+01,1.231408953241070670e+01,3.126110617122266344e+00
7.379212695949095746e+01,1.229440696646203079e+01,1.770997370190315934e+01,1.231408953241070314e+01,3.126110617122266344e+00
7.379212695949095746e+01,1.229440696646203079e+01,1.770997370190315934e+01,1.231408953241070670e+01,3.126110617122266344e+00
8.200822475997412653e+01,1.507893379893968877e+01,2.057207697280562186e+01,1.408026493377956001e+01,4.703048693759142473e+00
8.200822475997412653e+01,1.507893379893968699e+01,2.057207697280562542e+01,1.408026493377956179e+01,4.703048693759141585e+00
8.200822475997412653e+01,1.507893379893968699e+01,2.057207697280562542e+01,1.408026493377956001e+01,4.703048693759142473e+00
8.824940802003924034e+01,1.744657047559455521e+01,2.335922406712219868e+01,1.616712080739917567e+01,6.349673975371094237e+00
8.824940802003924034e+01,1.744657047559455165e+01,2.335922406712219868e+01,1.616712080739917212e+01,6.349673975371095125e+00
8.824940802003924034e+01,1.744657047559454810e+01,2.335922406712219512e+01,1.616712080739917567e+01,6.349673975371095125e+00
9.213483163993325320e+01,1.952978830868641325e+01,2.589100125564778665e+01,1.890345716187945513e+01,8.157594099218803407e+00
9.213483163993325320e+01,1.952978830868641325e+01,2.589100125564778665e+01,1.890345716187945513e+01,8.157594099218803407e+00
9.213483163993325320e+01,1.952978830868640969e+01,2.589100125564779376e+01,1.890345716187945868e+01,8.157594099218803407e+00
9.404709202427160619e+01,2.228312046581901740e+01,2.832186526174059082e+01,2.165255927398067470e+01,1.007693616064153375e+01
9.404709202427160619e+01,2.228312046581902095e+01,2.832186526174059438e+01,2.165255927398067115e+01,1.007693616064153375e+01
9.404709202427160619e+01,2.228312046581902095e+01,2.832186526174059438e+01,2.165255927398067115e+01,1.007693616064153552e+01
9.540477413679236918e+01,2.487786194041828836e+01,3.026483489726634346e+01,2.391154784836277614e+01,1.183445834355539894e+01
9.540477413679236918e+01,2.487786194041828836e+01,3.026483489726634346e+01,2.391154784836277614e+01,1.183445834355539894e+01
9.540477413679236918e+01,2.487786194041828836e+01,3.026483489726634346e+01,2.391154784836277614e+01,1.183445834355539894e+01
9.802810424054243299e+01,2.676111292418202936e+01,3.163003308213895437e+01,2.591042032919343185e+01,1.342532269999962580e+01
9.802810424054243299e+01,2.676111292418202581e+01,3.163003308213895792e+01,2.591042032919342830e+01,1.342532269999962580e+01
9.802810424054243299e+01,2.676111292418202936e+01,3.163003308213895437e+01,2.591042032919343185e+01,1.342532269999962580e+01
1.010144159264938395e+02,2.784967076982520240e+01,3.287659698667187769e+01,2.737270488093910359e+01,1.449744982514824265e+01
1.010144159264938395e+02,2.784967076982520595e+01,3.287659698667187058e+01,2.737270488093910714e+01,1.449744982514824265e+01
1.010144159264938395e+02,2.784967076982520595e+01,3.287659698667187058e+01,2.737270488093910714e+01,1.449744982514824265e+01
1.031685350116110129e+02,2.851262117096681337e+01,3.352117779272487752e+01,2.842667355721558664e+01,1.524567403497451856e+01
1.031685350116110129e+02,2.851262117096681337e+01,3.352117779272487752e+01,2.842667355721558664e+01,1.524567403497452212e+01
1.031685350116110129e+02,2.851262117096681337e+01,3.352117779272487752e+01,2.842667355721558664e+01,1.524567403497452212e+01
-1.036750292146106744e+02,1.924142871566898094e+01,2.181074307376471211e+01,1.915560942004976042e+01,7.847183356684195310e+00
-1.036750292146106744e+02,1.924142871566898094e+01,2.181074307376471211e+01,1.915560942004976397e+01,7.847183356684195310e+00
-1.036750292146106744e+02,1.924142871566898094e+01,2.181074307376471211e+01,1.915560942004976042e+01,7.847183356684195310e+00
-1.022347864064787615e+02,1.862466343678236669e+01,2.132800446551445006e+01,1.864197906263678917e+01,7.476648847952721333e+00
-1.022347864064787615e+02,1.862466343678236669e+01,2.132800446551444651e+01,1.864197906263678917e+01,7.476648847952722221e+00
-1.022347864064787615e+02,1.862466343678236669e+01,2.132800446551444651e+01,1.864197906263679272e+01,7.476648847952721333e+00
-1.005115327335065842e+02,1.789871909109213988e+01,2.015782065689356983e+01,1.765549751767222730e+01,6.965656380573665984e+00
-1.005115327335065842e+02,1.789871909109213988e+01,2.015782065689356983e+01,1.765549751767222730e+01,6.965656380573665984e+00
-1.005115327335065842e+02,1.789871909109213988e+01,2.015782065689356983e+01,1.765549751767222730e+01,6.965656380573665984e+00
-9.903057834839778195e+01,1.715319620167391435e+01,1.916261075274005776e+01,1.591295472551054679e+01,6.191722144787229709e+00
-9.903057834839778195e+01,1.715319620167391790e+01,1.916261075274005776e+01,1.591295472551054679e+01,6.191722144787230597e+00
-9.903057834839778195e+01,1.715319620167391790e+01,1.916261075274005776e+01,1.591295472551054679e+01,6.191722144787230597e+00
-9.798016095006703097e+01,1.661594110283625980e+01,1.803384705504799612e+01,1.413758820738467037e+01,5.367537656080128450e+00
-9.798016095006703097e+01,1.661594110283625980e+01,1.803384705504799612e+01,1.413758820738467037e+01,5.367537656080128450e+00
-9.798016095006703097e+01,1.661594110283625980e+01,1.803384705504799612e+01,1.413758820738467037e+01,5.367537656080128450e+00
-9.614962433866305958e+01,1.615645587466278243e+01,1.691045016941307466e+01,1.270454045523239550e+01,4.501879350765856991e+00
-9.614962433866305958e+01,1.615645587466278243e+01,1.691045016941307111e+01,1.270454045523239550e+01,4.501879350765856991e+00
-9.614962433866305958e+01,1.615645587466277888e+01,1.691045016941307466e+01,1.270454045523239728e+01,4.501879350765856991e+00
-9.345174582667333141e+01,1.552912432227636508e+01,1.587884828726792996e+01,1.161162656398210480e+01,3.736145788784258848e+00
-9.345174582667333141e+01,1.552912432227636508e+01,1.587884828726792996e+01,1.161162656398210480e+01,3.736145788784258848e+00
-9.345174582667333141e+01,1.552912432227636863e+01,1.587884828726792819e+01,1.161162656398210302e+01,3.736145788784258404e+00
-8.951126889245007590e+01,1.406660591311339914e+01,1.486740237625123129e+01,1.132639158039043181e+01,3.074226626146892016e+00
-8.951126889245007590e+01,1.406660591311339914e+01,1.486740237625122951e+01,1.132639158039043181e+01,3.074226626146892016e+00
-8.951126889245007590e+01,1.406660591311339914e+01,1.486740237625123129e+01,1.132639158039043181e+01,3.074226626146892016e+00
-8.381349971953859779e+01,1.220571674990535271e+01,1.376789682155181360e+01,1.132969834126195252e+01,2.556509821057644682e+00
-8.381349971953859779e+01,1.220571674990535271e+01,1.376789682155181183e+01,1.132969834126195252e+01,2.556509821057644682e+00
-8.381349971953859779e+01,1.220571674990535271e+01,1.376789682155181360e+01,1.132969834126195252e+01,2.556509821057644682e+00
-7.592696745474243869e+01,1.115743550181858801e+01,1.282051536059625363e+01,1.092886563367693320e+01,2.045123950505859600e+00
-7.592696745474243869e+01,1.115743550181858801e+01,1.282051536059625363e+01,1.092886563367693320e+01,2.045123950505860044e+00
-7.592696745474243869e+01,1.115743550181858801e+01,1.282051536059625363e+01,1.092886563367693320e+01,2.045123950505859600e+00
-6.680110161699310822e+01,1.059350444480575426e+01,1.193326274402623000e+01,1.018007889432822388e+01,0.000000000000000000e+00
-6.680110161699310822e+01,1.059350444480575426e+01,1.193326274402623000e+01,1.018007889432822388e+01,0.000000000000000000e+00
-6.680110161699310822e+01,1.059350444480575426e+01,1.193326274402623000e+01,1.018007889432822388e+01,0.000000000000000000e+00
-5.719254791697196794e+01,1.046190241905613050e+01,1.083022237221376471e+01,9.351465109710941803e+00,0.000000000000000000e+00
-5.719254791697196794e+01,1.046190241905613050e+01,1.083022237221376471e+01,9.351465109710941803e+00,0.000000000000000000e+00
-5.719254791697196794e+01,1.046190241905613050e+01,1.083022237221376471e+01,9.351465109710943580e+00,0.000000000000000000e+00
-4.666702417699046634e+01,1.037956682206774772e+01,9.810276259238174035e+00,8.658927895523916618e+00,0.000000000000000000e+00
-4.666702417699046634e+01,1.037956682206774772e+01,9.810276259238174035e+00,8.658927895523920171e+00,0.000000000000000000e+00
-4.666702417699046634e+01,1.037956682206774595e+01,9.810276259238174035e+00,8.658927895523916618e+00,0.000000000000000000e+00
-3.483310183294059215e+01,1.045410571892429630e+01,9.211446951326703214e+00,8.234154913917883789e+00,0.000000000000000000e+00
-3.483310183294059215e+01,1.045410571892429630e+01,9.211446951326704990e+00,8.234154913917883789e+00,0.000000000000000000e+00
-3.483310183294059215e+01,1.045410571892429807e+01,9.211446951326703214e+00,8.234154913917883789e+00,0.000000000000000000e+00
-2.186432454783259516e+01,1.059962039988730709e+01,9.043572942853870700e+00,8.112473389898575249e+00,0.000000000000000000e+00
-2.186432454783259516e+01,1.059962039988730709e+01,9.043572942853868923e+00,8.112473389898575249e+00,0.000000000000000000e+00
-2.186432454783259516e+01,1.059962039988730709e+01,9.043572942853870700e+00,8.112473389898575249e+00,0.000000000000000000e+00
-7.514521681585876856e+00,1.062523490635334689e+01,9.187991153989102600e+00,7.624365497626596877e+00,0.000000000000000000e+00
-7.514521681585876856e+00,1.062523490635334866e+01,9.187991153989102600e+00,7.624365497626595989e+00,0.000000000000000000e+00
-7.514521681585876856e+00,1.062523490635334689e+01,9.187991153989104376e+00,7.624365497626596877e+00,0.000000000000000000e+00
8.058797424149444666e+00,1.027927046554200174e+01,9.364797227917939892e+00,6.955237927212952087e+00,0.000000000000000000e+00
8.058797424149444666e+00,1.027927046554200352e+01,9.364797227917939892e+00,6.955237927212952087e+00,0.000000000000000000e+00
8.058797424149444666e+00,1.027927046554200174e+01,9.364797227917938116e+00,6.955237927212951199e+00,0.000000000000000000e+00
2.379344173219353564e+01,9.928574946058841277e+00,9.694125424162422178e+00,7.125336494865305070e+00,0.000000000000000000e+00
2.379344173219353564e+01,9.928574946058841277e+00,9.694125424162423954e+00,7.125336494865305070e+00,0.000000000000000000e+00
2.379344173219353564e+01,9.928574946058841277e+00,9.694125424162422178e+00,7.125336494865305070e+00,0.000000000000000000e+00
3.879438747968674761e+01,9.661313684532748525e+00,1.090938439333437415e+01,7.778631170574647591e+00,0.000000000000000000e+00
3.879438747968674761e+01,9.661313684532746748e+00,1.090938439333437593e+01,7.778631170574647591e+00,0.000000000000000000e+00
3.879438747968674761e+01,9.661313684532750301e+00,1.090938439333437593e+01,7.778631170574647591e+00,0.000000000000000000e+00
5.254723732438720418e+01,9.639257151573374927e+00,1.290045894190229525e+01,8.983912590667305409e+00,0.000000000000000000e+00
5.254723732438720418e+01,9.639257151573374927e+00,1.290045894190229347e+01,8.983912590667307185e+00,0.000000000000000000e+00
5.254723732438720418e+01,9.639257151573373150e+00,1.290045894190229347e+01,8.983912590667307185e+00,0.000000000000000000e+00
6.440551198805420086e+01,1.041212981770097201e+01,1.535035932449758000e+01,1.047276699050435944e+01,0.000000000000000000e+00
6.440551198805420086e+01,1.041212981770097201e+01,1.535035932449758000e+01,1.047276699050435589e+01,0.000000000000000000e+00
6.440551198805420086e+01,1.041212981770097024e+01,1.535035932449758000e+01,1.047276699050435589e+01,0.000000000000000000e+00
7.452590881731728700e+01,1.197840343318999956e+01,1.812365249773253950e+01,1.226232138877618638e+01,3.315283442072153530e+00
7.452590881731728700e+01,1.197840343318999956e+01,1.812365249773253950e+01,1.226232138877618816e+01,3.315283442072153530e+00
7.452590881731728700e+01,1.197840343318999956e+01,1.812365249773253950e+01,1.226232138877618816e+01,3.315283442072153086e+00
8.320347097124529512e+01,1.451143851760163450e+01,2.059273774461850337e+01,1.437848074396517539e+01,4.799710623149627153e+00
8.320347097124529512e+01,1.451143851760163450e+01,2.059273774461850337e+01,1.437848074396517539e+01,4.799710623149627153e+00
8.320347097124529512e+01,1.451143851760163450e+01,2.059273774461850337e+01,1.437848074396517539e+01,4.799710623149626265e+00
8.929705264480806193e+01,1.716660855879253234e+01,2.289788173496744150e+01,1.707563235539855029e+01,6.404389278139993813e+00
8.929705264480806193e+01,1.716660855879252878e+01,2.289788173496744506e+01,1.707563235539855029e+01,6.404389278139992925e+00
8.929705264480806193e+01,1.716660855879253234e+01,2.289788173496744506e+01,1.707563235539855029e+01,6.404389278139994701e+00
9.285978140930269831e+01,2.005572011395826237e+01,2.542518035509889529e+01,2.022275769012764357e+01,8.218515215242105043e+00
9.285978140930269831e+01,2.005572011395826237e+01,2.542518035509889884e+01,2.022275769012764357e+01,8.218515215242105043e+00
9.285978140930269831e+01,2.005572011395826237e+01,2.542518035509889884e+01,2.022275769012764712e+01,8.218515215242105043e+00
9.477942011797753707e+01,2.285649248382840781e+01,2.810314895249976530e+01,2.285935553433548861e+01,1.014332813324033822e+01
9.477942011797753707e+01,2.285649248382840071e+01,2.810314895249976530e+01,2.285935553433548861e+01,1.014332813324033822e+01
9.477942011797753707e+01,2.285649248382840781e+01,2.810314895249976530e+01,2.285935553433548861e+01,1.014332813324033822e+01
9.621421457609743300e+01,2.497947987621979493e+01,3.011909581500931310e+01,2.516568739332985416e+01,1.179212230476377066e+01
9.621421457609743300e+01,2.497947987621979138e+01,3.011909581500931310e+01,2.516568739332985061e+01,1.179212230476377066e+01
9.621421457609743300e+01,2.497947987621979138e+01,3.011909581500931310e+01,2.516568739332985416e+01,1.179212230476377066e+01
9.852429878258649865e+01,2.664322688576228160e+01,3.140779210704490865e+01,2.717931852434152873e+01,1.317984271927693385e+01
9.852429878258649865e+01,2.664322688576228160e+01,3.140779210704490154e+01,2.717931852434153228e+01,1.317984271927693385e+01
9.852429878258649865e+01,2.664322688576228160e+01,3.140779210704490154e+01,2.717931852434152873e+01,1.317984271927693385e+01
1.010326038410537421e+02,2.768044693445952475e+01,3.269373826453931287e+01,2.829412537668769190e+01,1.420539950129253981e+01
1.010326038410537421e+02,2.768044693445952475e+01,3.269373826453930576e+01,2.829412537668769190e+01,1.420539950129254336e+01
1.010326038410537421e+02,2.768044693445952475e+01,3.269373826453931287e+01,2.829412537668769190e+01,1.420539950129253981e+01
1.029942268872272422e+02,2.837753548717953223e+01,3.338987949150254053e+01,2.900796750291391390e+01,1.499041156075362480e+01
1.029942268872272422e+02,2.837753548717953223e+01,3.338987949150254053e+01,2.900796750291392101e+01,1.499041156075362657e+01
1.029942268872272422e+02,2.837753548717953223e+01,3.338987949150254053e+01,2.900796750291391390e+01,1.499041156075362480e+01
-1.039751499104971515e+02,1.920142136480775719e+01,2.159582505004052777e+01,1.982047882742051570e+01,8.156436306880763709e+00
-1.039751499104971515e+02,1.920142136480775719e+01,2.159582505004052777e+01,1.982047882742051570e+01,8.156436306880765486e+00
-1.039751499104971515e+02,1.920142136480775719e+01,2.159582505004052777e+01,1.982047882742051570e+01,8.156436306880763709e+00
-1.024844872741932846e+02,1.877601466317470624e+01,2.100645697748948137e+01,1.911824189098577875e+01,7.788867595160102297e+00
-1.024844872741932846e+02,1.877601466317470624e+01,2.100645697748948137e+01,1.911824189098577520e+01,7.788867595160102297e+00
-1.024844872741932846e+02,1.877601466317470624e+01,2.100645697748948137e+01,1.911824189098577875e+01,7.788867595160101409e+00
-1.006982875371475501e+02,1.813513952823796771e+01,1.968761907854183946e+01,1.801170937182163456e+01,7.257963889432463844e+00
-1.006982875371475501e+02,1.813513952823797126e+01,1.968761907854184301e+01,1.801170937182163456e+01,7.257963889432463844e+00
-1.006982875371475501e+02,1.813513952823796771e+01,1.968761907854183946e+01,1.801170937182163101e+01,7.257963889432464732e+00
-9.929960284523333769e+01,1.729740878585712238e+01,1.867448504780226770e+01,1.620011054164313080e+01,6.431502162139943302e+00
-9.929960284523333769e+01,1.729740878585712238e+01,1.867448504780226770e+01,1.620011054164313080e+01,6.431502162139944190e+00
-9.929960284523333769e+01,1.729740878585711883e+01,1.867448504780226415e+01,1.620011054164313435e+01,6.431502162139943302e+00
-9.840714580713418513e+01,1.645516241252831335e+01,1.761805528987026648e+01,1.432953906348197393e+01,5.503192423374350994e+00
-9.840714580713418513e+01,1.645516241252831335e+01,1.761805528987026648e+01,1.432953906348197570e+01,5.503192423374350106e+00
-9.840714580713418513e+01,1.645516241252831335e+01,1.761805528987026648e+01,1.432953906348197570e+01,5.503192423374350106e+00
-9.673946013250765930e+01,1.576739650585070152e+01,1.661588734422052838e+01,1.292387033313297273e+01,4.548154812117128465e+00
-9.673946013250765930e+01,1.576739650585070152e+01,1.661588734422052482e+01,1.292387033313297451e+01,4.548154812117128465e+00
-9.673946013250765930e+01,1.576739650585069974e+01,1.661588734422052482e+01,1.292387033313297273e+01,4.548154812117128465e+00
-9.386021321348364665e+01,1.512166558709810538e+01,1.571610511239301644e+01,1.230517645477619304e+01,3.680610644662305475e+00
-9.386021321348364665e+01,1.512166558709810360e+01,1.571610511239301644e+01,1.230517645477619482e+01,3.680610644662305475e+00
-9.386021321348364665e+01,1.512166558709810538e+01,1.571610511239302177e+01,1.230517645477619482e+01,3.680610644662305475e+00
-8.968992758937147869e+01,1.448529575318159246e+01,1.481277315657011684e+01,1.197682082168430817e+01,2.890540945557623864e+00
-8.968992758937147869e+01,1.448529575318159424e+01,1.481277315657012217e+01,1.197682082168430817e+01,2.890540945557623864e+00
-8.968992758937147869e+01,1.448529575318159424e+01,1.481277315657012217e+01,1.197682082168430640e+01,2.890540945557623864e+00
-8.430478337324747429e+01,1.321458483243631221e+01,1.387743689594922181e+01,1.174165221629080769e+01,2.335247870920513336e+00
-8.430478337324747429e+01,1.321458483243631399e+01,1.387743689594922003e+01,1.174165221629080946e+01,2.335247870920513336e+00
-8.430478337324747429e+01,1.321458483243631221e+01,1.387743689594922003e+01,1.174165221629080946e+01,2.335247870920513780e+00
-7.671397934391995932e+01,1.173348117389473622e+01,1.312682236944859326e+01,1.146175636395012809e+01,0.000000000000000000e+00
-7.671397934391995932e+01,1.173348117389473977e+01,1.312682236944859326e+01,1.146175636395012809e+01,0.000000000000000000e+00
-7.671397934391995932e+01,1.173348117389473977e+01,1.312682236944859326e+01,1.146175636395012809e+01,0.000000000000000000e+00
-6.738311533266816866e+01,1.091282536361418920e+01,1.238422074746871893e+01,1.080057599865537732e+01,0.000000000000000000e+00
-6.738311533266816866e+01,1.091282536361418920e+01,1.238422074746872070e+01,1.080057599865537732e+01,0.000000000000000000e+00
-6.738311533266816866e+01,1.091282536361418920e+01,1.238422074746871893e+01,1.080057599865537732e+01,0.000000000000000000e+00
-5.740556604152194353e+01,1.080279102458002249e+01,1.126294988772929351e+01,9.779833362181328482e+00,0.000000000000000000e+00
-5.740556604152194353e+01,1.080279102458002249e+01,1.126294988772929528e+01,9.779833362181328482e+00,0.000000000000000000e+00
-5.740556604152194353e+01,1.080279102458002249e+01,1.126294988772929351e+01,9.779833362181328482e+00,0.000000000000000000e+00
-4.662642489516221644e+01,1.056742008579796988e+01,1.008333126646708955e+01,8.668986795006109247e+00,0.000000000000000000e+00
-4.662642489516221644e+01,1.056742008579797165e+01,1.008333126646708600e+01,8.668986795006107471e+00,0.000000000000000000e+00
-4.662642489516221644e+01,1.056742008579797165e+01,1.008333126646708777e+01,8.668986795006107471e+00,0.000000000000000000e+00
-3.458777922301345598e+01,1.047587171396616235e+01,9.391090228325278844e+00,8.191374021735608579e+00,0.000000000000000000e+00
-3.458777922301345598e+01,1.047587171396616235e+01,9.391090228325278844e+00,8.191374021735608579e+00,0.000000000000000000e+00
-3.458777922301345598e+01,1.047587171396616235e+01,9.391090228325278844e+00,8.191374021735608579e+00,0.000000000000000000e+00
-2.135338806429372838e+01,1.067150403199722675e+01,9.183679862079547007e+00,8.033734052775544754e+00,0.000000000000000000e+00
-2.135338806429372838e+01,1.067150403199722497e+01,9.183679862079547007e+00,8.033734052775544754e+00,0.000000000000000000e+00
-2.135338806429372838e+01,1.067150403199722675e+01,9.183679862079547007e+00,8.033734052775544754e+00,0.000000000000000000e+00
-6.935807596561972765e+00,1.060510503285501116e+01,9.287336903421293144e+00,7.901770750018358491e+00,0.000000000000000000e+00
-6.935807596561972765e+00,1.060510503285501116e+01,9.287336903421289591e+00,7.901770750018358491e+00,0.000000000000000000e+00
-6.935807596561972765e+00,1.060510503285501294e+01,9.287336903421291368e+00,7.901770750018358491e+00,0.000000000000000000e+00
8.553326093287710208e+00,1.030309863477116750e+01,9.479431857629393221e+00,7.489174350908720967e+00,0.000000000000000000e+00
8.553326093287710208e+00,1.030309863477116750e+01,9.479431857629391445e+00,7.489174350908720967e+00,0.000000000000000000e+00
8.553326093287710208e+00,1.030309863477116750e+01,9.479431857629391445e+00,7.489174350908720079e+00,0.000000000000000000e+00
2.438610655535941163e+01,1.010786787073508641e+01,9.631428554136837406e+00,7.246368884238973962e+00,0.000000000000000000e+00
2.438610655535941163e+01,1.010786787073508641e+01,9.631428554136835629e+00,7.246368884238973962e+00,0.000000000000000000e+00
2.438610655535941163e+01,1.010786787073508641e+01,9.631428554136837406e+00,7.246368884238975738e+00,0.000000000000000000e+00
3.936389643258890914e+01,1.005240086220175755e+01,1.060078913227915542e+01,7.767391673355733772e+00,0.000000000000000000e+00
3.936389643258890914e+01,1.005240086220175932e+01,1.060078913227915542e+01,7.767391673355731996e+00,0.000000000000000000e+00
3.936389643258890914e+01,1.005240086220175755e+01,1.060078913227915542e+01,7.767391673355733772e+00,0.000000000000000000e+00
5.257927458512913432e+01,1.035473486503317098e+01,1.265003902895444909e+01,9.035809623465354434e+00,0.000000000000000000e+00
5.257927458512913432e+01,1.035473486503317098e+01,1.265003902895444909e+01,9.035809623465354434e+00,0.000000000000000000e+00
5.257927458512913432e+01,1.035473486503317098e+01,1.265003902895444909e+01,9.035809623465354434e+00,0.000000000000000000e+00
6.418801156837675137e+01,1.103447685665118883e+01,1.545896568286683248e+01,1.042939176195653062e+01,2.274989179766061742e+00
6.418801156837675137e+01,1.103447685665119060e+01,1.545896568286683070e+01,1.042939176195653062e+01,2.274989179766061742e+00
6.418801156837675137e+01,1.103447685665118883e+01,1.545896568286683426e+01,1.042939176195653062e+01,2.274989179766061742e+00
7.449372089842526634e+01,1.218775499887966873e+01,1.826109267642151579e+01,1.190254228906643696e+01,3.638289678733929389e+00
7.449372089842526634e+01,1.218775499887966873e+01,1.826109267642151579e+01,1.190254228906643341e+01,3.638289678733929389e+00
7.449372089842526634e+01,1.218775499887966873e+01,1.826109267642151579e+01,1.190254228906643696e+01,3.638289678733929389e+00
8.347961226722003403e+01,1.421552015118798629e+01,2.060434337681301287e+01,1.417576904062784138e+01,5.141718186879791652e+00
8.347961226722003403e+01,1.421552015118798629e+01,2.060434337681301287e+01,1.417576904062783960e+01,5.141718186879791652e+00
8.347961226722003403e+01,1.421552015118798451e+01,2.060434337681301287e+01,1.417576904062784315e+01,5.141718186879790764e+00
8.996188067367339158e+01,1.675625548657194486e+01,2.246170048224793092e+01,1.707965821897479941e+01,6.781703095440258622e+00
8.996188067367339158e+01,1.675625548657194486e+01,2.246170048224792737e+01,1.707965821897480296e+01,6.781703095440258622e+00
8.996188067367339158e+01,1.675625548657194486e+01,2.246170048224793092e+01,1.707965821897480296e+01,6.781703095440258622e+00
9.365808268405217518e+01,1.988463236348645324e+01,2.468985635489544350e+01,2.021642252256934924e+01,8.438446084948875381e+00
9.365808268405217518e+01,1.988463236348645324e+01,2.468985635489544350e+01,2.021642252256935279e+01,8.438446084948875381e+00
9.365808268405217518e+01,1.988463236348645324e+01,2.468985635489544350e+01,2.021642252256935279e+01,8.438446084948875381e+00
9.556463799848992835e+01,2.208143825363347190e+01,2.729161179529006986e+01,2.305795079815694493e+01,1.016883585898659348e+01
9.556463799848992835e+01,2.208143825363347190e+01,2.729161179529006986e+01,2.305795079815694493e+01,1.016883585898659170e+01
9.556463799848992835e+01,2.208143825363347190e+01,2.729161179529006986e+01,2.305795079815694493e+01,1.016883585898659170e+01
9.674468218377081996e+01,2.363802644251236629e+01,2.954353142329200921e+01,2.563719395259812472e+01,1.174374233385025157e+01
9.674468218377081996e+01,2.363802644251236629e+01,2.954353142329200921e+01,2.563719395259812828e+01,1.174374233385024979e+01
9.674468218377081996e+01,2.363802644251236629e+01,2.954353142329200566e+01,2.563719395259812828e+01,1.174374233385024979e+01
9.851340911068760420e+01,2.542475582245088717e+01,3.100265716275695382e+01,2.770817773347222968e+01,1.311516723111287419e+01
9.851340911068760420e+01,2.542475582245089072e+01,3.100265716275695738e+01,2.770817773347222968e+01,1.311516723111287419e+01
9.851340911068760420e+01,2.542475582245088006e+01,3.100265716275695382e+01,2.770817773347222257e+01,1.311516723111287419e+01
1.006413124364349443e+02,2.689527147504304594e+01,3.234595840741467043e+01,2.876066720097482943e+01,1.412780839795223109e+01
1.006413124364349443e+02,2.689527147504304594e+01,3.234595840741466333e+01,2.876066720097482943e+01,1.412780839795223109e+01
1.006413124364349443e+02,2.689527147504304239e+01,3.234595840741466333e+01,2.876066720097483298e+01,1.412780839795223109e+01
1.024155496464944690e+02,2.793797685590415725e+01,3.305621821280595896e+01,2.935353584581725528e+01,1.490550703676928634e+01
1.024155496464944690e+02,2.793797685590416080e+01,3.305621821280595185e+01,2.935353584581725883e+01,1.490550703676928634e+01
1.024155496464944690e+02,2.793797685590415369e+01,3.305621821280595185e+01,2.935353584581725883e+01,1.490550703676928457e+01
-1.034990146243463727e+02,1.870793131549159938e+01,2.103485163840267091e+01,2.029210154989102932e+01,8.452621912823222061e+00
-1.034990146243463727e+02,1.870793131549159938e+01,2.103485163840267447e+01,2.029210154989102932e+01,8.452621912823223838e+00
-1.034990146243463727e+02,1.870793131549160293e+01,2.103485163840267091e+01,2.029210154989102932e+01,8.452621912823222061e+00
-1.019330133083712866e+02,1.846227776892698813e+01,2.046822653845029194e+01,1.943874790561763888e+01,8.073646869809444127e+00
-1.019330133083712866e+02,1.846227776892698813e+01,2.046822653845029549e+01,1.943874790561764243e+01,8.073646869809444127e+00
-1.019330133083712866e+02,1.846227776892698813e+01,2.046822653845029194e+01,1.943874790561764243e+01,8.073646869809444127e+00
-1.000133841642331447e+02,1.807612052376306266e+01,1.923424061327186863e+01,1.791976199236895440e+01,7.520715430913297972e+00
-1.000133841642331447e+02,1.807612052376306266e+01,1.923424061327186863e+01,1.791976199236895440e+01,7.520715430913297084e+00
-1.000133841642331447e+02,1.807612052376306266e+01,1.923424061327186863e+01,1.791976199236895440e+01,7.520715430913297084e+00
-9.846888024120748639e+01,1.727937054686830010e+01,1.836361279628787813e+01,1.597619516381618965e+01,6.651380351889883968e+00
-9.846888024120748639e+01,1.727937054686830010e+01,1.836361279628787813e+01,1.597619516381618965e+01,6.651380351889883080e+00
-9.846888024120748639e+01,1.727937054686830010e+01,1.836361279628787813e+01,1.597619516381618965e+01,6.651380351889883968e+00
-9.759901894783183707e+01,1.642249286580726064e+01,1.744265869978275063e+01,1.429087421981035533e+01,5.644984953661527527e+00
-9.759901894783183707e+01,1.642249286580726064e+01,1.744265869978275063e+01,1.429087421981035533e+01,5.644984953661526639e+00
-9.759901894783183707e+01,1.642249286580726064e+01,1.744265869978274708e+01,1.429087421981035178e+01,5.644984953661527527e+00
-9.617246622190830863e+01,1.567400224502396533e+01,1.663995456177612908e+01,1.328971599772121870e+01,4.596566380519774064e+00
-9.617246622190830863e+01,1.567400224502396533e+01,1.663995456177612553e+01,1.328971599772121870e+01,4.596566380519773176e+00
-9.617246622190830863e+01,1.567400224502396533e+01,1.663995456177612908e+01,1.328971599772122048e+01,4.596566380519773176e+00
-9.345829711674946338e+01,1.518920731458073625e+01,1.587103628947095224e+01,1.283390177744338168e+01,3.618492162114772093e+00
-9.345829711674946338e+01,1.518920731458073625e+01,1.587103628947095224e+01,1.283390177744338345e+01,3.618492162114772093e+00
-9.345829711674946338e+01,1.518920731458073625e+01,1.587103628947095224e+01,1.283390177744338345e+01,3.618492162114772093e+00
-8.918935573121954974e+01,1.462804173872263114e+01,1.504643767782157937e+01,1.244480045311003913e+01,2.779805695987421110e+00
-8.918935573121954974e+01,1.462804173872263114e+01,1.504643767782157937e+01,1.244480045311003913e+01,2.779805695987421110e+00
-8.918935573121954974e+01,1.462804173872263114e+01,1.504643767782157937e+01,1.244480045311003913e+01,2.779805695987421554e+00
-8.404746019525461520e+01,1.366695842227387736e+01,1.427214890801814207e+01,1.194143440204332585e+01,2.206825653291395017e+00
-8.404746019525461520e+01,1.366695842227387914e+01,1.427214890801814207e+01,1.194143440204332407e+01,2.206825653291395017e+00
-8.404746019525461520e+01,1.366695842227387736e+01,1.427214890801814207e+01,1.194143440204332407e+01,2.206825653291395017e+00
-7.697627780877451187e+01,1.228762352453692053e+01,1.356873744507866952e+01,1.149198831840766921e+01,0.000000000000000000e+00
-7.697627780877451187e+01,1.228762352453692053e+01,1.356873744507866952e+01,1.149198831840767099e+01,0.000000000000000000e+00
-7.697627780877451187e+01,1.228762352453691875e+01,1.356873744507866419e+01,1.149198831840766921e+01,0.000000000000000000e+00
-6.767287207352761413e+01,1.140306000254014229e+01,1.282955876549858942e+01,1.107679630763546008e+01,0.000000000000000000e+00
-6.767287207352761413e+01,1.140306000254013874e+01,1.282955876549858942e+01,1.107679630763546008e+01,0.000000000000000000e+00
-6.767287207352761413e+01,1.140306000254014052e+01,1.282955876549858765e+01,1.107679630763546008e+01,0.000000000000000000e+00
-5.740465631214999576e+01,1.089032063660256355e+01,1.166936736747141978e+01,1.032093343820267961e+01,0.000000000000000000e+00
-5.740465631214999576e+01,1.089032063660256355e+01,1.166936736747141801e+01,1.032093343820267961e+01,0.000000000000000000e+00
-5.740465631214999576e+01,1.089032063660256355e+01,1.166936736747141978e+01,1.032093343820267961e+01,0.000000000000000000e+00
-4.653470753028009455e+01,1.035759618397456983e+01,1.036287562442632471e+01,9.161744836945702630e+00,0.000000000000000000e+00
-4.653470753028009455e+01,1.035759618397456983e+01,1.036287562442632293e+01,9.161744836945702630e+00,0.000000000000000000e+00
-4.653470753028009455e+01,1.035759618397456983e+01,1.036287562442632293e+01,9.161744836945702630e+00,0.000000000000000000e+00
-3.436579438070455694e+01,1.024839407398977364e+01,9.553051266993183077e+00,8.250409117396083403e+00,0.000000000000000000e+00
-3.436579438070455694e+01,1.024839407398977364e+01,9.553051266993184854e+00,8.250409117396085179e+00,0.000000000000000000e+00
-3.436579438070455694e+01,1.024839407398977364e+01,9.553051266993183077e+00,8.250409117396085179e+00,0.000000000000000000e+00
-2.092598662439279167e+01,1.078561467152856856e+01,9.239480675056952919e+00,8.157932122269961894e+00,0.000000000000000000e+00
-2.092598662439279167e+01,1.078561467152856856e+01,9.239480675056954695e+00,8.157932122269963671e+00,0.000000000000000000e+00
-2.092598662439279167e+01,1.078561467152856856e+01,9.239480675056954695e+00,8.157932122269963671e+00,0.000000000000000000e+00
-6.427637026341978199e+00,1.067481628686180706e+01,9.217242098662136840e+00,8.054591274259385258e+00,0.000000000000000000e+00
-6.427637026341978199e+00,1.067481628686180706e+01,9.217242098662140393e+00,8.054591274259383482e+00,0.000000000000000000e+00
-6.427637026341978199e+00,1.067481628686180528e+01,9.217242098662138616e+00,8.054591274259385258e+00,0.000000000000000000e+00
8.944640151068728784e+00,1.010146414296167805e+01,9.395344058924894881e+00,7.792749867402198660e+00,0.000000000000000000e+00
8.944640151068728784e+00,1.010146414296167627e+01,9.395344058924893105e+00,7.792749867402199548e+00,0.000000000000000000e+00
8.944640151068728784e+00,1.010146414296167805e+01,9.395344058924893105e+00,7.792749867402199548e+00,0.000000000000000000e+00
2.485561241186528392e+01,9.871953030790990624e+00,9.651760498652228293e+00,7.486739183064969438e+00,0.000000000000000000e+00
2.485561241186528392e+01,9.871953030790988848e+00,9.651760498652228293e+00,7.486739183064969438e+00,0.000000000000000000e+00
2.485561241186528392e+01,9.871953030790988848e+00,9.651760498652228293e+00,7.486739183064969438e+00,0.000000000000000000e+00
4.004149674965292149e+01,1.017323135348424401e+01,1.055306601927039800e+01,8.042950670017139814e+00,0.000000000000000000e+00
4.004149674965292149e+01,1.017323135348424401e+01,1.055306601927039800e+01,8.042950670017139814e+00,0.000000000000000000e+00
4.004149674965292149e+01,1.017323135348424401e+01,1.055306601927039800e+01,8.042950670017139814e+00,0.000000000000000000e+00
5.291301729103734175e+01,1.078035339810495863e+01,1.235971592300651523e+01,8.963936242540839316e+00,0.000000000000000000e+00
5.291301729103734175e+01,1.078035339810495863e+01,1.235971592300651523e+01,8.963936242540839316e+00,0.000000000000000000e+00
5.291301729103734175e+01,1.078035339810495863e+01,1.235971592300651523e+01,8.963936242540839316e+00,0.000000000000000000e+00
6.417804321399042067e+01,1.162171577108385101e+01,1.516296077144187926e+01,9.922137561482074375e+00,2.586686645753501157e+00
6.417804321399042067e+01,1.162171577108385101e+01,1.516296077144187748e+01,9.922137561482072599e+00,2.586686645753501157e+00
6.417804321399042067e+01,1.162171577108385456e+01,1.516296077144187926e+01,9.922137561482074375e+00,2.586686645753501157e+00
7.424309134150529133e+01,1.262654830151247687e+01,1.814465807190115143e+01,1.131154702414337265e+01,4.010808802692261921e+00
7.424309134150529133e+01,1.262654830151247687e+01,1.814465807190114788e+01,1.131154702414337443e+01,4.010808802692261921e+00
7.424309134150529133e+01,1.262654830151247687e+01,1.814465807190114788e+01,1.131154702414337265e+01,4.010808802692261033e+00
8.292567959651137244e+01,1.422362449531059170e+01,2.044897145664813110e+01,1.367177987655316507e+01,5.636635477190044874e+00
8.292567959651137244e+01,1.422362449531058992e+01,2.044897145664813110e+01,1.367177987655316151e+01,5.636635477190044874e+00
8.292567959651137244e+01,1.422362449531058992e+01,2.044897145664812754e+01,1.367177987655316151e+01,5.636635477190044874e+00
8.978444305969762240e+01,1.644433017143936837e+01,2.233148099089979866e+01,1.644593274962077700e+01,7.389383612628090070e+00
8.978444305969762240e+01,1.644433017143936837e+01,2.233148099089979866e+01,1.644593274962077345e+01,7.389383612628090070e+00
8.978444305969762240e+01,1.644433017143936837e+01,2.233148099089979866e+01,1.644593274962077700e+01,7.389383612628090070e+00
9.396322651239434265e+01,1.934149844395628293e+01,2.431818570403088131e+01,1.939232288743062682e+01,8.851415808631426074e+00
9.396322651239434265e+01,1.934149844395628293e+01,2.431818570403087776e+01,1.939232288743062682e+01,8.851415808631426074e+00
9.396322651239434265e+01,1.934149844395628293e+01,2.431818570403087776e+01,1.939232288743063037e+01,8.851415808631426074e+00
9.581809415732077184e+01,2.112997918539845443e+01,2.655841419585717844e+01,2.251169973840839589e+01,1.031167251735260493e+01
9.581809415732077184e+01,2.112997918539845443e+01,2.655841419585717844e+01,2.251169973840839589e+01,1.031167251735260493e+01
9.581809415732077184e+01,2.112997918539845088e+01,2.655841419585717844e+01,2.251169973840839589e+01,1.031167251735260493e+01
9.646705159601719970e+01,2.241075173831674405e+01,2.877163306367653206e+01,2.537031678318136940e+01,1.183559050557097159e+01
9.646705159601719970e+01,2.241075173831674405e+01,2.877163306367653206e+01,2.537031678318136940e+01,1.183559050557097159e+01
9.646705159601719970e+01,2.241075173831674405e+01,2.877163306367652851e+01,2.537031678318136940e+01,1.183559050557097159e+01
9.778529341082796122e+01,2.422898130247407877e+01,3.041705517542541415e+01,2.737093815422146292e+01,1.332028247413466460e+01
9.778529341082796122e+01,2.422898130247408233e+01,3.041705517542541770e+01,2.737093815422145582e+01,1.332028247413466637e+01
9.778529341082796122e+01,2.422898130247407877e+01,3.041705517542542481e+01,2.737093815422146292e+01,1.332028247413466460e+01
9.987591768398166892e+01,2.602531312236776984e+01,3.197071451076692838e+01,2.851587136977038384e+01,1.433819380071130212e+01
9.987591768398166892e+01,2.602531312236776984e+01,3.197071451076692483e+01,2.851587136977038384e+01,1.433819380071130212e+01
9.987591768398166892e+01,2.602531312236776628e+01,3.197071451076693549e+01,2.851587136977039449e+01,1.433819380071130212e+01
1.017011102343747240e+02,2.748637854307682815e+01,3.272816293176151703e+01,2.927621081618368848e+01,1.506461667595837284e+01
1.017011102343747240e+02,2.748637854307682815e+01,3.272816293176151703e+01,2.927621081618369203e+01,1.506461667595837461e+01
1.017011102343747240e+02,2.748637854307682815e+01,3.272816293176151703e+01,2.927621081618368848e+01,1.506461667595837461e+01
-1.025031333168165730e+02,1.810732210489924299e+01,2.060529631503860415e+01,2.029170412687690117e+01,8.603499382721885524e+00
-1.025031333168165730e+02,1.810732210489924299e+01,2.060529631503860415e+01,2.029170412687689762e+01,8.603499382721885524e+00
-1.025031333168165730e+02,1.810732210489924299e+01,2.060529631503860415e+01,2.029170412687690117e+01,8.603499382721883748e+00
-1.008937558305430287e+02,1.787409210591542674e+01,2.000566472140446450e+01,1.940700339960717358e+01,8.181340601731069029e+00
-1.008937558305430287e+02,1.787409210591542674e+01,2.000566472140445740e+01,1.940700339960717358e+01,8.181340601731070805e+00
-1.008937558305430287e+02,1.787409210591542674e+01,2.000566472140446450e+01,1.940700339960717358e+01,8.181340601731069029e+00
-9.893155254989260072e+01,1.763230651670798821e+01,1.879907256548953498e+01,1.801801118919335565e+01,7.592876581039747386e+00
-9.893155254989260072e+01,1.763230651670798821e+01,1.879907256548953498e+01,1.801801118919335565e+01,7.592876581039747386e+00
-9.893155254989260072e+01,1.763230651670798821e+01,1.879907256548953498e+01,1.801801118919335210e+01,7.592876581039747386e+00
-9.727400990701957539e+01,1.718630597081773104e+01,1.805935000201330709e+01,1.607919077700148591e+01,6.761631424209902264e+00
-9.727400990701957539e+01,1.718630597081772748e+01,1.805935000201329999e+01,1.607919077700148236e+01,6.761631424209902264e+00
-9.727400990701957539e+01,1.718630597081772748e+01,1.805935000201330709e+01,1.607919077700148591e+01,6.761631424209904040e+00
-9.653447539095895991e+01,1.653407988394347683e+01,1.727105331593220328e+01,1.470676876669461386e+01,5.731687040320518456e+00
-9.653447539095895991e+01,1.653407988394347683e+01,1.727105331593220683e+01,1.470676876669461386e+01,5.731687040320519344e+00
-9.653447539095895991e+01,1.653407988394347683e+01,1.727105331593220683e+01,1.470676876669461564e+01,5.731687040320518456e+00
-9.550014465496691685e+01,1.601381339331308240e+01,1.666090440925593086e+01,1.389944806626714602e+01,4.654807336449193755e+00
-9.550014465496691685e+01,1.601381339331308595e+01,1.666090440925593086e+01,1.389944806626714602e+01,4.654807336449193755e+00
-9.550014465496691685e+01,1.601381339331308595e+01,1.666090440925593086e+01,1.389944806626714247e+01,4.654807336449194644e+00
-9.316575179921618144e+01,1.542584133938365376e+01,1.609071690916296049e+01,1.342785597293629252e+01,3.658759885253752842e+00
-9.316575179921618144e+01,1.542584133938365376e+01,1.609071690916296049e+01,1.342785597293629252e+01,3.658759885253751953e+00
-9.316575179921618144e+01,1.542584133938365554e+01,1.609071690916296404e+01,1.342785597293629252e+01,3.658759885253752842e+00
-8.911448531165885356e+01,1.458870395212369431e+01,1.547906836742414427e+01,1.281652940271780849e+01,2.813057037339046662e+00
-8.911448531165885356e+01,1.458870395212369786e+01,1.547906836742414605e+01,1.281652940271780849e+01,2.813057037339046662e+00
-8.911448531165885356e+01,1.458870395212369608e+01,1.547906836742414427e+01,1.281652940271780849e+01,2.813057037339046662e+00
-8.390897860670732200e+01,1.359337371510691028e+01,1.489789965181183007e+01,1.208482374212460897e+01,2.218421469646920663e+00
-8.390897860670732200e+01,1.359337371510691206e+01,1.489789965181182829e+01,1.208482374212460719e+01,2.218421469646920219e+00
-8.390897860670732200e+01,1.359337371510690851e+01,1.489789965181183007e+01,1.208482374212460719e+01,2.218421469646920663e+00
-7.703070928257983496e+01,1.266646286846582647e+01,1.413410206842100258e+01,1.141786402320009763e+01,0.000000000000000000e+00
-7.703070928257983496e+01,1.266646286846582470e+01,1.413410206842100258e+01,1.141786402320009941e+01,0.000000000000000000e+00
-7.703070928257983496e+01,1.266646286846582647e+01,1.413410206842100258e+01,1.141786402320009763e+01,0.000000000000000000e+00
-6.792158398575980982e+01,1.177436279357213245e+01,1.328998578544752007e+01,1.099962711049877306e+01,0.000000000000000000e+00
-6.792158398575980982e+01,1.177436279357213245e+01,1.328998578544752185e+01,1.099962711049877306e+01,0.000000000000000000e+00
-6.792158398575980982e+01,1.177436279357213245e+01,1.328998578544752185e+01,1.099962711049877484e+01,0.000000000000000000e+00
-5.752904171378824572e+01,1.101556412227897930e+01,1.209063713876994051e+01,1.033484276072295494e+01,0.000000000000000000e+00
-5.752904171378824572e+01,1.101556412227898107e+01,1.209063713876994051e+01,1.033484276072295494e+01,0.000000000000000000e+00
-5.752904171378824572e+01,1.101556412227898107e+01,1.209063713876994051e+01,1.033484276072295671e+01,0.000000000000000000e+00
-4.634607288356395571e+01,1.022887957846181806e+01,1.079391345217876186e+01,8.984547144063638413e+00,0.000000000000000000e+00
-4.634607288356395571e+01,1.022887957846181806e+01,1.079391345217876186e+01,8.984547144063638413e+00,0.000000000000000000e+00
-4.634607288356395571e+01,1.022887957846181806e+01,1.079391345217876008e+01,8.984547144063638413e+00,0.000000000000000000e+00
-3.412465173041379529e+01,1.013052470931168614e+01,9.907895466087943248e+00,8.161375242067503422e+00,0.000000000000000000e+00
-3.412465173041379529e+01,1.013052470931168614e+01,9.907895466087943248e+00,8.161375242067503422e+00,0.000000000000000000e+00
-3.412465173041379529e+01,1.013052470931168614e+01,9.907895466087945024e+00,8.161375242067503422e+00,0.000000000000000000e+00
-2.072916765086019808e+01,1.052352333066531820e+01,9.495902092467023436e+00,8.081329662091505384e+00,0.000000000000000000e+00
-2.072916765086019808e+01,1.052352333066531820e+01,9.495902092467023436e+00,8.081329662091507160e+00,0.000000000000000000e+00
-2.072916765086019808e+01,1.052352333066531997e+01,9.495902092467023436e+00,8.081329662091505384e+00,0.000000000000000000e+00
-6.250783295980189003e+00,1.043001042792617916e+01,9.465888141637032405e+00,7.914371584632196921e+00,0.000000000000000000e+00
-6.250783295980189003e+00,1.043001042792618094e+01,9.465888141637032405e+00,7.914371584632195145e+00,0.000000000000000000e+00
-6.250783295980189003e+00,1.043001042792617916e+01,9.465888141637034181e+00,7.914371584632195145e+00,0.000000000000000000e+00
9.050258688875118196e+00,1.007172001999304989e+01,9.622494594404610524e+00,7.521998617370214468e+00,0.000000000000000000e+00
9.050258688875118196e+00,1.007172001999304989e+01,9.622494594404610524e+00,7.521998617370214468e+00,0.000000000000000000e+00
9.050258688875118196e+00,1.007172001999304989e+01,9.622494594404610524e+00,7.521998617370212692e+00,0.000000000000000000e+00
2.495113813848031015e+01,1.010751128350847239e+01,1.002668543596674056e+01,7.376648411677021677e+00,0.000000000000000000e+00
2.495113813848031015e+01,1.010751128350847416e+01,1.002668543596673878e+01,7.376648411677021677e+00,0.000000000000000000e+00
2.495113813848031015e+01,1.010751128350847416e+01,1.002668543596674056e+01,7.376648411677021677e+00,0.000000000000000000e+00
4.022872075056420726e+01,1.054653240041323237e+01,1.094436155068529715e+01,7.953565222609736196e+00,0.000000000000000000e+00
4.022872075056420726e+01,1.054653240041323414e+01,1.094436155068529537e+01,7.953565222609736196e+00,0.000000000000000000e+00
4.022872075056420726e+01,1.054653240041323414e+01,1.094436155068529715e+01,7.953565222609734420e+00,0.000000000000000000e+00
5.335775763954281103e+01,1.085829034564520690e+01,1.256903082734634047e+01,8.720128815680627810e+00,0.000000000000000000e+00
5.335775763954281103e+01,1.085829034564520690e+01,1.256903082734633692e+01,8.720128815680629586e+00,0.000000000000000000e+00
5.335775763954281103e+01,1.085829034564520512e+01,1.256903082734634047e+01,8.720128815680629586e+00,0.000000000000000000e+00
6.471987073837381388e+01,1.148139366311258946e+01,1.502323565983494014e+01,9.481128939543292944e+00,2.950319966609259659e+00
6.471987073837381388e+01,1.148139366311258946e+01,1.502323565983493658e+01,9.481128939543292944e+00,2.950319966609259659e+00
6.471987073837381388e+01,1.148139366311259124e+01,1.502323565983493836e+01,9.481128939543292944e+00,2.950319966609260103e+00
7.454079181551878719e+01,1.265492145577279715e+01,1.805575245708048726e+01,1.092355761724641816e+01,4.451658835952678750e+00
7.454079181551878719e+01,1.265492145577279715e+01,1.805575245708048726e+01,1.092355761724641816e+01,4.451658835952679638e+00
7.454079181551878719e+01,1.265492145577279537e+01,1.805575245708048726e+01,1.092355761724641816e+01,4.451658835952679638e+00
8.267403855349273556e+01,1.414267591550810543e+01,2.050498465541141968e+01,1.332348792767597168e+01,6.146729031361063633e+00
8.267403855349273556e+01,1.414267591550810721e+01,2.050498465541141968e+01,1.332348792767597168e+01,6.146729031361063633e+00
8.267403855349273556e+01,1.414267591550810543e+01,2.050498465541141968e+01,1.332348792767597168e+01,6.146729031361062745e+00
8.926193837802182429e+01,1.628244663555886262e+01,2.256375523152771123e+01,1.617148545439436447e+01,7.938430544791045484e+00
8.926193837802182429e+01,1.628244663555886262e+01,2.256375523152771123e+01,1.617148545439436091e+01,7.938430544791045484e+00
8.926193837802182429e+01,1.628244663555886262e+01,2.256375523152771123e+01,1.617148545439436091e+01,7.938430544791045484e+00
9.346875065889916812e+01,1.925051059825696953e+01,2.442344936533921640e+01,1.911584268648962492e+01,9.316148850635553202e+00
9.346875065889916812e+01,1.925051059825696953e+01,2.442344936533921640e+01,1.911584268648962848e+01,9.316148850635553202e+00
9.346875065889916812e+01,1.925051059825696953e+01,2.442344936533921285e+01,1.911584268648962848e+01,9.316148850635553202e+00
9.518945259885286703e+01,2.113965546470523549e+01,2.627664764816345055e+01,2.230057406569938649e+01,1.067013283500075715e+01
9.518945259885286703e+01,2.113965546470523549e+01,2.627664764816344700e+01,2.230057406569938294e+01,1.067013283500075715e+01
9.518945259885286703e+01,2.113965546470523549e+01,2.627664764816344700e+01,2.230057406569938294e+01,1.067013283500075893e+01
9.554962102150435044e+01,2.221007956948042761e+01,2.814185927928670594e+01,2.490873744124612443e+01,1.219008707484432996e+01
9.554962102150435044e+01,2.221007956948042761e+01,2.814185927928669884e+01,2.490873744124612088e+01,1.219008707484432996e+01
9.554962102150435044e+01,2.221007956948042761e+01,2.814185927928669884e+01,2.490873744124612443e+01,1.219008707484432996e+01
9.693862680990245906e+01,2.406124196268664406e+01,2.976766696166242809e+01,2.678835305450957804e+01,1.372184898768208150e+01
9.693862680990245906e+01,2.406124196268664051e+01,2.976766696166242809e+01,2.678835305450957449e+01,1.372184898768208150e+01
9.693862680990245906e+01,2.406124196268664051e+01,2.976766696166242809e+01,2.678835305450957804e+01,1.372184898768208150e+01
9.920728800995139807e+01,2.600934541078262541e+01,3.163985217428271568e+01,2.807191926928862458e+01,1.476779880657246835e+01
9.920728800995139807e+01,2.600934541078262185e+01,3.163985217428271568e+01,2.807191926928862458e+01,1.476779880657246835e+01
9.920728800995139807e+01,2.600934541078262185e+01,3.163985217428271568e+01,2.807191926928862813e+01,1.476779880657246835e+01
1.011312454663138567e+02,2.754984698007212884e+01,3.252564624016407890e+01,2.902236822251579795e+01,1.548582046726680872e+01
1.011312454663138567e+02,2.754984698007212884e+01,3.252564624016407890e+01,2.902236822251579795e+01,1.548582046726680694e+01
1.011312454663138567e+02,2.754984698007212884e+01,3.252564624016407890e+01,2.902236822251579795e+01,1.548582046726680694e+01
-1.015780129554137119e+02,1.766887621471602898e+01,2.039715519692182966e+01,1.984281976486388288e+01,8.571672238782511499e+00
-1.015780129554137119e+02,1.766887621471602543e+01,2.039715519692182966e+01,1.984281976486388288e+01,8.571672238782509723e+00
-1.015780129554137119e+02,1.766887621471602898e+01,2.039715519692183321e+01,1.984281976486388288e+01,8.571672238782511499e+00
-1.000217859972425600e+02,1.734451051113082798e+01,1.976449195920390167e+01,1.909926971362866865e+01,8.104672545613661683e+00
-1.000217859972425600e+02,1.734451051113082798e+01,1.976449195920389812e+01,1.909926971362866865e+01,8.104672545613661683e+00
-1.000217859972425600e+02,1.734451051113082798e+01,1.976449195920390167e+01,1.909926971362866865e+01,8.104672545613661683e+00
-9.798585760358098184e+01,1.698241800779706878e+01,1.851358762987601736e+01,1.802958921070107223e+01,7.450846447067923428e+00
-9.798585760358098184e+01,1.698241800779706878e+01,1.851358762987601381e+01,1.802958921070107223e+01,7.450846447067922540e+00
-9.798585760358098184e+01,1.698241800779706878e+01,1.851358762987601736e+01,1.802958921070106868e+01,7.450846447067922540e+00
-9.631499815595262248e+01,1.669467229585742274e+01,1.772892565429624057e+01,1.657888700503014334e+01,6.538034839960515043e+00
-9.631499815595262248e+01,1.669467229585742274e+01,1.772892565429624057e+01,1.657888700503014334e+01,6.538034839960516820e+00
-9.631499815595262248e+01,1.669467229585742274e+01,1.772892565429624057e+01,1.657888700503014334e+01,6.538034839960516820e+00
-9.590363352994125989e+01,1.656181494768514639e+01,1.698599678565204130e+01,1.529179412365423829e+01,5.540941305733786848e+00
-9.590363352994125989e+01,1.656181494768514639e+01,1.698599678565203774e+01,1.529179412365423829e+01,5.540941305733786848e+00
-9.590363352994125989e+01,1.656181494768514639e+01,1.698599678565204130e+01,1.529179412365423829e+01,5.540941305733786848e+00
-9.537194341384613949e+01,1.619297336301818646e+01,1.650742355166249808e+01,1.451797119139152770e+01,4.580029509322490533e+00
-9.537194341384613949e+01,1.619297336301818646e+01,1.650742355166249808e+01,1.451797119139152770e+01,4.580029509322490533e+00
-9.537194341384613949e+01,1.619297336301818646e+01,1.650742355166249808e+01,1.451797119139153303e+01,4.580029509322490533e+00
-9.343734085818145729e+01,1.539775807373743710e+01,1.608982776899203060e+01,1.386732490983592925e+01,3.656143353857710387e+00
-9.343734085818145729e+01,1.539775807373743710e+01,1.608982776899203060e+01,1.386732490983592747e+01,3.656143353857710387e+00
-9.343734085818145729e+01,1.539775807373743888e+01,1.608982776899203060e+01,1.386732490983592747e+01,3.656143353857709943e+00
-8.972147544198426772e+01,1.433737009856423583e+01,1.558443018780615397e+01,1.304689361486486732e+01,2.796994615711971832e+00
-8.972147544198426772e+01,1.433737009856423761e+01,1.558443018780615930e+01,1.304689361486486732e+01,2.796994615711971832e+00
-8.972147544198426772e+01,1.433737009856423583e+01,1.558443018780615397e+01,1.304689361486486909e+01,2.796994615711971832e+00
-8.462942007673919420e+01,1.325129979189187424e+01,1.502333725200509029e+01,1.229750545706173526e+01,2.148440961199113541e+00
-8.462942007673919420e+01,1.325129979189187424e+01,1.502333725200508674e+01,1.229750545706173881e+01,2.148440961199113541e+00
-8.462942007673919420e+01,1.325129979189187779e+01,1.502333725200509029e+01,1.229750545706173881e+01,2.148440961199113541e+00
-7.758569522836404531e+01,1.272613151391054487e+01,1.423076231599177888e+01,1.158666497013182450e+01,0.000000000000000000e+00
-7.758569522836404531e+01,1.272613151391054487e+01,1.423076231599177888e+01,1.158666497013182450e+01,0.000000000000000000e+00
-7.758569522836404531e+01,1.272613151391054309e+01,1.423076231599177888e+01,1.158666497013182450e+01,0.000000000000000000e+00
-6.839664074180581110e+01,1.206197983331409951e+01,1.331344961859161735e+01,1.068650121477269543e+01,0.000000000000000000e+00
-6.839664074180581110e+01,1.206197983331409951e+01,1.331344961859161735e+01,1.068650121477269543e+01,0.000000000000000000e+00
-6.839664074180581110e+01,1.206197983331409773e+01,1.331344961859161735e+01,1.068650121477269543e+01,0.000000000000000000e+00
-5.780340822137090839e+01,1.123763881359919914e+01,1.225199240264168843e+01,9.547449406520509996e+00,0.000000000000000000e+00
-5.780340822137090839e+01,1.123763881359919914e+01,1.225199240264168843e+01,9.547449406520511772e+00,0.000000000000000000e+00
-5.780340822137090839e+01,1.123763881359919914e+01,1.225199240264168843e+01,9.547449406520509996e+00,0.000000000000000000e+00
-4.621169376900503067e+01,1.033299336938383561e+01,1.128471122756112521e+01,8.410983284902208368e+00,0.000000000000000000e+00
-4.621169376900503067e+01,1.033299336938383561e+01,1.128471122756112521e+01,8.410983284902210144e+00,0.000000000000000000e+00
-4.621169376900503067e+01,1.033299336938383561e+01,1.128471122756112521e+01,8.410983284902210144e+00,0.000000000000000000e+00
-3.404146794637102147e+01,1.006884999915424928e+01,1.056285321324740423e+01,8.102772114357652100e+00,0.000000000000000000e+00
-3.404146794637102147e+01,1.006884999915424750e+01,1.056285321324740600e+01,8.102772114357652100e+00,0.000000000000000000e+00
-3.404146794637102147e+01,1.006884999915424750e+01,1.056285321324740600e+01,8.102772114357652100e+00,0.000000000000000000e+00
-2.086415880743302864e+01,1.016221202811691882e+01,1.001689765825960521e+01,7.985346176299309207e+00,0.000000000000000000e+00
-2.086415880743302864e+01,1.016221202811692237e+01,1.001689765825960521e+01,7.985346176299309207e+00,0.000000000000000000e+00
-2.086415880743302864e+01,1.016221202811691882e+01,1.001689765825960698e+01,7.985346176299309207e+00,0.000000000000000000e+00
-6.392905473058108079e+00,1.006569341901149350e+01,9.878793329318487082e+00,7.604266347274394100e+00,0.000000000000000000e+00
-6.392905473058108079e+00,1.006569341901149350e+01,9.878793329318485306e+00,7.604266347274394100e+00,0.000000000000000000e+00
-6.392905473058108079e+00,1.006569341901149350e+01,9.878793329318487082e+00,7.604266347274391435e+00,0.000000000000000000e+00
8.978211296692515830e+00,1.012204731822246551e+01,1.005866792027074830e+01,7.182036000927584318e+00,0.000000000000000000e+00
8.978211296692515830e+00,1.012204731822246551e+01,1.005866792027074830e+01,7.182036000927581654e+00,0.000000000000000000e+00
8.978211296692515830e+00,1.012204731822246551e+01,1.005866792027074652e+01,7.182036000927583430e+00,0.000000000000000000e+00
2.469806141102362673e+01,1.059554630651429719e+01,1.057410720014296146e+01,7.176185885102634110e+00,0.000000000000000000e+00
2.469806141102362673e+01,1.059554630651429719e+01,1.057410720014295968e+01,7.176185885102634110e+00,0.000000000000000000e+00
2.469806141102362673e+01,1.059554630651429719e+01,1.057410720014296146e+01,7.176185885102634110e+00,0.000000000000000000e+00
3.976431771304278584e+01,1.108908220884350371e+01,1.149503943154075003e+01,7.585316983031597182e+00,0.000000000000000000e+00
3.976431771304278584e+01,1.108908220884350371e+01,1.149503943154074825e+01,7.585316983031597182e+00,0.000000000000000000e+00
3.976431771304278584e+01,1.108908220884350548e+01,1.149503943154075003e+01,7.585316983031597182e+00,0.000000000000000000e+00
5.329679740806345478e+01,1.098944978314437648e+01,1.303723627151917697e+01,8.345326916786014237e+00,0.000000000000000000e+00
5.329679740806345478e+01,1.098944978314437471e+01,1.303723627151917697e+01,8.345326916786016014e+00,0.000000000000000000e+00
5.329679740806345478e+01,1.098944978314437471e+01,1.303723627151917697e+01,8.345326916786014237e+00,0.000000000000000000e+00
6.502510029473516795e+01,1.126373116226960214e+01,1.521743462562303861e+01,9.207238335560914422e+00,3.178304983157111074e+00
6.502510029473516795e+01,1.126373116226960391e+01,1.521743462562304039e+01,9.207238335560914422e+00,3.178304983157111074e+00
6.502510029473516795e+01,1.126373116226960391e+01,1.521743462562304039e+01,9.207238335560914422e+00,3.178304983157111518e+00
7.478021832340860442e+01,1.277983204318430666e+01,1.809024180487795164e+01,1.078106814316531725e+01,4.672846250288633208e+00
7.478021832340860442e+01,1.277983204318431021e+01,1.809024180487794808e+01,1.078106814316531725e+01,4.672846250288633208e+00
7.478021832340860442e+01,1.277983204318430666e+01,1.809024180487795519e+01,1.078106814316531548e+01,4.672846250288632319e+00
8.256760640697338260e+01,1.457238159931605281e+01,2.077749005405356542e+01,1.335247709662796289e+01,6.315805691629643448e+00
8.256760640697338260e+01,1.457238159931605281e+01,2.077749005405356542e+01,1.335247709662796112e+01,6.315805691629642560e+00
8.256760640697338260e+01,1.457238159931605104e+01,2.077749005405356542e+01,1.335247709662796112e+01,6.315805691629642560e+00
8.884582242849332090e+01,1.677967106465295899e+01,2.309875920997157550e+01,1.633786044514198466e+01,8.139467363065481464e+00
8.884582242849332090e+01,1.677967106465295899e+01,2.309875920997157550e+01,1.633786044514198110e+01,8.139467363065479688e+00
8.884582242849332090e+01,1.677967106465295899e+01,2.309875920997157550e+01,1.633786044514198110e+01,8.139467363065481464e+00
9.298146835419973399e+01,1.977262948850716029e+01,2.490781649033926470e+01,1.947430449871488278e+01,9.699912726634801530e+00
9.298146835419973399e+01,1.977262948850715674e+01,2.490781649033926826e+01,1.947430449871488278e+01,9.699912726634801530e+00
9.298146835419973399e+01,1.977262948850716029e+01,2.490781649033926826e+01,1.947430449871488634e+01,9.699912726634801530e+00
9.459162583005632996e+01,2.199217604199995790e+01,2.651824131045517063e+01,2.271606238717744830e+01,1.119202140158207825e+01
9.459162583005632996e+01,2.199217604199995790e+01,2.651824131045517774e+01,2.271606238717744830e+01,1.119202140158207825e+01
9.459162583005632996e+01,2.199217604199995790e+01,2.651824131045518129e+01,2.271606238717744830e+01,1.119202140158207825e+01
9.496624825365485378e+01,2.335483707335422565e+01,2.804835534933706853e+01,2.494935929952197995e+01,1.271804518956870744e+01
9.496624825365485378e+01,2.335483707335422565e+01,2.804835534933706853e+01,2.494935929952197995e+01,1.271804518956870744e+01
9.496624825365485378e+01,2.335483707335422565e+01,2.804835534933706853e+01,2.494935929952197995e+01,1.271804518956870744e+01
9.647212982525770997e+01,2.514548994880384214e+01,2.944276448650849787e+01,2.663230970709388501e+01,1.419983012289948654e+01
9.647212982525770997e+01,2.514548994880383859e+01,2.944276448650850142e+01,2.663230970709388501e+01,1.419983012289948832e+01
9.647212982525770997e+01,2.514548994880383503e+01,2.944276448650850142e+01,2.663230970709388501e+01,1.419983012289948654e+01
9.878969763860963837e+01,2.680760101596600364e+01,3.122175596495370797e+01,2.800247013802441387e+01,1.521641667591093672e+01
9.878969763860963837e+01,2.680760101596600364e+01,3.122175596495370797e+01,2.800247013802441387e+01,1.521641667591093672e+01
9.878969763860963837e+01,2.680760101596600364e+01,3.122175596495370797e+01,2.800247013802441387e+01,1.521641667591093139e+01
1.007183229703472733e+02,2.805833426601504854e+01,3.216111332976861803e+01,2.908811453671908254e+01,1.589832273657471440e+01
1.007183229703472733e+02,2.805833426601505209e+01,3.216111332976861803e+01,2.908811453671908254e+01,1.589832273657471440e+01
1.007183229703472733e+02,2.805833426601504144e+01,3.216111332976861803e+01,2.908811453671908254e+01,1.589832273657471440e+01
-1.008549780815921508e+02,1.755554089670040341e+01,2.036799693549758317e+01,1.916166171574895216e+01,8.403028876788656731e+00
-1.008549780815921508e+02,1.755554089670040341e+01,2.036799693549758317e+01,1.916166171574895216e+01,8.403028876788654955e+00
-1.008549780815921508e+02,1.755554089670040696e+01,2.036799693549758317e+01,1.916166171574895216e+01,8.403028876788656731e+00
-9.946291858833767208e+01,1.708782236938987964e+01,1.972722107794787405e+01,1.845747229054544647e+01,7.911342248110221576e+00
-9.946291858833767208e+01,1.708782236938987609e+01,1.972722107794787405e+01,1.845747229054544647e+01,7.911342248110223352e+00
-9.946291858833767208e+01,1.708782236938987609e+01,1.972722107794787405e+01,1.845747229054544647e+01,7.911342248110221576e+00
-9.749243080034658249e+01,1.656700154563822380e+01,1.849756497038918113e+01,1.761869047277199840e+01,7.200114649771412800e+00
-9.749243080034658249e+01,1.656700154563822736e+01,1.849756497038918113e+01,1.761869047277199840e+01,7.200114649771412800e+00
-9.749243080034658249e+01,1.656700154563822380e+01,1.849756497038918113e+01,1.761869047277199840e+01,7.200114649771412800e+00
-9.595125663953319872e+01,1.616784069534242363e+01,1.760730402688339780e+01,1.668139660021542525e+01,6.179012109915616335e+00
-9.595125663953319872e+01,1.616784069534242363e+01,1.760730402688339424e+01,1.668139660021542880e+01,6.179012109915616335e+00
-9.595125663953319872e+01,1.616784069534242008e+01,1.760730402688339424e+01,1.668139660021542525e+01,6.179012109915616335e+00
-9.585094154354305829e+01,1.611879174163267692e+01,1.679269419119374618e+01,1.596190479481838409e+01,5.192955514220877866e+00
-9.585094154354305829e+01,1.611879174163267692e+01,1.679269419119374618e+01,1.596190479481838409e+01,5.192955514220878754e+00
-9.585094154354305829e+01,1.611879174163267692e+01,1.679269419119374973e+01,1.596190479481838587e+01,5.192955514220878754e+00
-9.560634615777158274e+01,1.578844600684413635e+01,1.630821223772816353e+01,1.515294545119821557e+01,4.340404891865549786e+00
-9.560634615777158274e+01,1.578844600684413635e+01,1.630821223772815998e+01,1.515294545119821379e+01,4.340404891865549786e+00
-9.560634615777158274e+01,1.578844600684413635e+01,1.630821223772815998e+01,1.515294545119821557e+01,4.340404891865549786e+00
-9.379855523916931759e+01,1.485527835653703477e+01,1.585178322263113593e+01,1.400374437445194786e+01,3.519334771552434127e+00
-9.379855523916931759e+01,1.485527835653703477e+01,1.585178322263113593e+01,1.400374437445194786e+01,3.519334771552434127e+00
-9.379855523916931759e+01,1.485527835653703654e+01,1.585178322263113238e+01,1.400374437445194786e+01,3.519334771552434127e+00
-9.021550194343639362e+01,1.380665071211594430e+01,1.514244193886890955e+01,1.316107267786542501e+01,2.668474517112133793e+00
-9.021550194343639362e+01,1.380665071211594430e+01,1.514244193886890955e+01,1.316107267786542501e+01,2.668474517112133348e+00
-9.021550194343639362e+01,1.380665071211594430e+01,1.514244193886890955e+01,1.316107267786542501e+01,2.668474517112133793e+00
-8.522981368912556377e+01,1.317451438522346763e+01,1.437218929410122215e+01,1.262813633059021612e+01,0.000000000000000000e+00
-8.522981368912556377e+01,1.317451438522347118e+01,1.437218929410122392e+01,1.262813633059021790e+01,0.000000000000000000e+00
-8.522981368912556377e+01,1.317451438522346763e+01,1.437218929410122215e+01,1.262813633059021790e+01,0.000000000000000000e+00
-7.814391598046168497e+01,1.272823862024387509e+01,1.356402252375415962e+01,1.189431365674748520e+01,0.000000000000000000e+00
-7.814391598046168497e+01,1.272823862024387154e+01,1.356402252375415785e+01,1.189431365674748520e+01,0.000000000000000000e+00
-7.814391598046168497e+01,1.272823862024387509e+01,1.356402252375415962e+01,1.189431365674748520e+01,0.000000000000000000e+00
-6.879692406917388325e+01,1.205302811731856849e+01,1.277524184432205878e+01,1.048985991350565072e+01,0.000000000000000000e+00
-6.879692406917388325e+01,1.205302811731856671e+01,1.277524184432206056e+01,1.048985991350565072e+01,0.000000000000000000e+00
-6.879692406917388325e+01,1.205302811731856671e+01,1.277524184432206056e+01,1.048985991350565072e+01,0.000000000000000000e+00
-5.783929002486070203e+01,1.109194942098916670e+01,1.217090389106620307e+01,8.945176246103089923e+00,0.000000000000000000e+00
-5.783929002486070203e+01,1.109194942098916670e+01,1.217090389106620130e+01,8.945176246103089923e+00,0.000000000000000000e+00
-5.783929002486070203e+01,1.109194942098916670e+01,1.217090389106620130e+01,8.945176246103089923e+00,0.000000000000000000e+00
-4.613751543476217876e+01,1.041684883288435515e+01,1.171932818555730016e+01,8.139503877749820759e+00,0.000000000000000000e+00
-4.613751543476217876e+01,1.041684883288435515e+01,1.171932818555729838e+01,8.139503877749820759e+00,0.000000000000000000e+00
-4.613751543476217876e+01,1.041684883288435515e+01,1.171932818555730016e+01,8.139503877749820759e+00,0.000000000000000000e+00
-3.414741844390832881e+01,9.896429437394823836e+00,1.114762427837107417e+01,8.091897616599114329e+00,0.000000000000000000e+00
-3.414741844390832881e+01,9.896429437394823836e+00,1.114762427837107417e+01,8.091897616599112553e+00,0.000000000000000000e+00
-3.414741844390832881e+01,9.896429437394822060e+00,1.114762427837107417e+01,8.091897616599112553e+00,0.000000000000000000e+00
-2.113156096073181800e+01,9.861026150819059310e+00,1.050704882171231880e+01,7.954566539810270065e+00,0.000000000000000000e+00
-2.113156096073181800e+01,9.861026150819057534e+00,1.050704882171231880e+01,7.954566539810270065e+00,0.000000000000000000e+00
-2.113156096073181800e+01,9.861026150819057534e+00,1.050704882171231880e+01,7.954566539810270065e+00,0.000000000000000000e+00
-6.638450866063414502e+00,9.756984735593263736e+00,1.015741258278553083e+01,7.485585707749856432e+00,0.000000000000000000e+00
-6.638450866063414502e+00,9.756984735593265512e+00,1.015741258278553261e+01,7.485585707749856432e+00,0.000000000000000000e+00
-6.638450866063414502e+00,9.756984735593263736e+00,1.015741258278552905e+01,7.485585707749858209e+00,0.000000000000000000e+00
8.898012976543711261e+00,9.798043192457159378e+00,1.027691240976069587e+01,7.099117739027997587e+00,0.000000000000000000e+00
8.898012976543711261e+00,9.798043192457157602e+00,1.027691240976069587e+01,7.099117739027997587e+00,0.000000000000000000e+00
8.898012976543711261e+00,9.798043192457159378e+00,1.027691240976069587e+01,7.099117739027998475e+00,0.000000000000000000e+00
2.450010671123858685e+01,1.007914812138243654e+01,1.079501716793026667e+01,7.104867382327539893e+00,0.000000000000000000e+00
2.450010671123858685e+01,1.007914812138243477e+01,1.079501716793027022e+01,7.104867382327539005e+00,0.000000000000000000e+00
2.450010671123858685e+01,1.007914812138243654e+01,1.079501716793027022e+01,7.104867382327539893e+00,0.000000000000000000e+00
3.928672770829213334e+01,1.059811463530267162e+01,1.190205778322160590e+01,7.423675423180831956e+00,0.000000000000000000e+00
3.928672770829213334e+01,1.059811463530266984e+01,1.190205778322160590e+01,7.423675423180833732e+00,0.000000000000000000e+00
3.928672770829213334e+01,1.059811463530267162e+01,1.190205778322160590e+01,7.423675423180833732e+00,0.000000000000000000e+00
5.282426549656187120e+01,1.096287325985321637e+01,1.354468899713069696e+01,7.943177215377467348e+00,0.000000000000000000e+00
5.282426549656187120e+01,1.096287325985321637e+01,1.354468899713069518e+01,7.943177215377467348e+00,0.000000000000000000e+00
5.282426549656187120e+01,1.096287325985321637e+01,1.354468899713069696e+01,7.943177215377467348e+00,0.000000000000000000e+00
6.455300528142461758e+01,1.194696036747449241e+01,1.565692063247486132e+01,8.775114900973013832e+00,3.101825195725138595e+00
6.455300528142461758e+01,1.194696036747449419e+01,1.565692063247486487e+01,8.775114900973013832e+00,3.101825195725138595e+00
6.455300528142461758e+01,1.194696036747449241e+01,1.565692063247486487e+01,8.775114900973013832e+00,3.101825195725138595e+00
7.423960671047809967e+01,1.383507732696654813e+01,1.847210182499990694e+01,1.038347797451271859e+01,4.616353188614088943e+00
7.423960671047809967e+01,1.383507732696654813e+01,1.847210182499991404e+01,1.038347797451272037e+01,4.616353188614088943e+00
7.423960671047809967e+01,1.383507732696654813e+01,1.847210182499991049e+01,1.038347797451271859e+01,4.616353188614088054e+00
8.193880127233808253e+01,1.556885806310739362e+01,2.133124320943729302e+01,1.307313028063906124e+01,6.176757860558078406e+00
8.193880127233808253e+01,1.556885806310739362e+01,2.133124320943728947e+01,1.307313028063906124e+01,6.176757860558078406e+00
8.193880127233808253e+01,1.556885806310739184e+01,2.133124320943728947e+01,1.307313028063906124e+01,6.176757860558078406e+00
8.817641921677432038e+01,1.760796013493884260e+01,2.358429867356960230e+01,1.634920260323186270e+01,7.961322979019587187e+00
8.817641921677432038e+01,1.760796013493884260e+01,2.358429867356959875e+01,1.634920260323186270e+01,7.961322979019587187e+00
8.817641921677432038e+01,1.760796013493884260e+01,2.358429867356959875e+01,1.634920260323186270e+01,7.961322979019588963e+00
9.254015051770346645e+01,2.030826903362364177e+01,2.536012378920170107e+01,1.982045454451963451e+01,9.805078131542749986e+00
9.254015051770346645e+01,2.030826903362364177e+01,2.536012378920170107e+01,1.982045454451963451e+01,9.805078131542749986e+00
9.254015051770346645e+01,2.030826903362364177e+01,2.536012378920170107e+01,1.982045454451963451e+01,9.805078131542749986e+00
9.424714046912519905e+01,2.263168848593129923e+01,2.688544415086684580e+01,2.328938912822344420e+01,1.162960439612947461e+01
9.424714046912519905e+01,2.263168848593129212e+01,2.688544415086684225e+01,2.328938912822344776e+01,1.162960439612947461e+01
9.424714046912519905e+01,2.263168848593129212e+01,2.688544415086684580e+01,2.328938912822344420e+01,1.162960439612947461e+01
9.467381698004797386e+01,2.489960765224198269e+01,2.827309300081244103e+01,2.547445727016535955e+01,1.330025927445411682e+01
9.467381698004797386e+01,2.489960765224197914e+01,2.827309300081244103e+01,2.547445727016535244e+01,1.330025927445411682e+01
9.467381698004797386e+01,2.489960765224197914e+01,2.827309300081244103e+01,2.547445727016535955e+01,1.330025927445411682e+01
9.629494981416890198e+01,2.682107673064755105e+01,2.944989518583728838e+01,2.721195643867937619e+01,1.462812715622511739e+01
9.629494981416890198e+01,2.682107673064755460e+01,2.944989518583728838e+01,2.721195643867937974e+01,1.462812715622511384e+01
9.629494981416890198e+01,2.682107673064755105e+01,2.944989518583728838e+01,2.721195643867937974e+01,1.462812715622511384e+01
9.853660209037353468e+01,2.799765470193015915e+01,3.087584443272141854e+01,2.852159650883322684e+01,1.549449479841662480e+01
9.853660209037353468e+01,2.799765470193016270e+01,3.087584443272141144e+01,2.852159650883323039e+01,1.549449479841662836e+01
9.853660209037353468e+01,2.799765470193016270e+01,3.087584443272141854e+01,2.852159650883323039e+01,1.549449479841662836e+01
1.003607264230686269e+02,2.893592957121482456e+01,3.170245066950944945e+01,2.953766054717876699e+01,1.606935088458742911e+01
1.003607264230686269e+02,2.893592957121482101e+01,3.170245066950944945e+01,2.953766054717877054e+01,1.606935088458742911e+01
1.003607264230686269e+02,2.893592957121482101e+01,3.170245066950944945e+01,2.953766054717877054e+01,1.606935088458742911e+01
-9.978462941405319953e+01,1.758026598272777719e+01,2.047528507830490696e+01,1.865410956609329673e+01,8.209665883305737211e+00
-9.978462941405319953e+01,1.758026598272777719e+01,2.047528507830490696e+01,1.865410956609329673e+01,8.209665883305737211e+00
-9.978462941405319953e+01,1.758026598272777719e+01,2.047528507830490696e+01,1.865410956609329673e+01,8.209665883305737211e+00
-9.853323208445141290e+01,1.699226466560704196e+01,1.984515626194095361e+01,1.789963360795585245e+01,7.687623969188278394e+00
-9.853323208445141290e+01,1.699226466560704196e+01,1.984515626194095361e+01,1.789963360795585245e+01,7.687623969188278394e+00
-9.853323208445141290e+01,1.699226466560704196e+01,1.984515626194095006e+01,1.789963360795584890e+01,7.687623969188278394e+00
-9.697255515527601233e+01,1.641696141299266998e+01,1.866512970862677179e+01,1.709972568944884941e+01,6.947012236274416885e+00
-9.697255515527601233e+01,1.641696141299266998e+01,1.866512970862677179e+01,1.709972568944885296e+01,6.947012236274415997e+00
-9.697255515527601233e+01,1.641696141299266998e+01,1.866512970862677179e+01,1.709972568944884941e+01,6.947012236274416885e+00
-9.596064723800962781e+01,1.583140702653754062e+01,1.770007089236638009e+01,1.653807956872498508e+01,5.906784285022070868e+00
-9.596064723800962781e+01,1.583140702653754062e+01,1.770007089236638009e+01,1.653807956872498863e+01,5.906784285022070868e+00
-9.596064723800962781e+01,1.583140702653754062e+01,1.770007089236638009e+01,1.653807956872498863e+01,5.906784285022070868e+00
-9.625984383051017801e+01,1.547741019147783348e+01,1.677448648945605569e+01,1.625087791447996111e+01,4.949648387326310406e+00
-9.625984383051017801e+01,1.547741019147783348e+01,1.677448648945605214e+01,1.625087791447996111e+01,4.949648387326310406e+00
-9.625984383051017801e+01,1.547741019147783348e+01,1.677448648945605214e+01,1.625087791447996111e+01,4.949648387326310406e+00
-9.613315845439414886e+01,1.504302462144372221e+01,1.619432104231345448e+01,1.521948109232638835e+01,4.145225437417427550e+00
-9.613315845439414886e+01,1.504302462144372221e+01,1.619432104231345448e+01,1.521948109232638657e+01,4.145225437417427550e+00
-9.613315845439414886e+01,1.504302462144372221e+01,1.619432104231345448e+01,1.521948109232638657e+01,4.145225437417427550e+00
-9.403991413152111534e+01,1.426108188416591815e+01,1.563714796694006992e+01,1.381420146860929421e+01,3.407749903952800974e+00
-9.403991413152111534e+01,1.426108188416591815e+01,1.563714796694006992e+01,1.381420146860929421e+01,3.407749903952800530e+00
-9.403991413152111534e+01,1.426108188416591638e+01,1.563714796694006992e+01,1.381420146860929421e+01,3.407749903952800974e+00
-9.004873723718664280e+01,1.356219667277722607e+01,1.472732008062696529e+01,1.309343118182085419e+01,2.582703830731195804e+00
-9.004873723718664280e+01,1.356219667277722785e+01,1.472732008062696529e+01,1.309343118182085419e+01,2.582703830731195804e+00
-9.004873723718664280e+01,1.356219667277722429e+01,1.472732008062696352e+01,1.309343118182085774e+01,2.582703830731195804e+00
-8.500693933265088731e+01,1.318102133618045535e+01,1.369380284588704200e+01,1.273046926062746742e+01,0.000000000000000000e+00
-8.500693933265088731e+01,1.318102133618045535e+01,1.369380284588704200e+01,1.273046926062746742e+01,0.000000000000000000e+00
-8.500693933265088731e+01,1.318102133618045535e+01,1.369380284588704200e+01,1.273046926062746920e+01,0.000000000000000000e+00
-7.806549865779183506e+01,1.276421931784704533e+01,1.291573017668814849e+01,1.201643436707043833e+01,0.000000000000000000e+00
-7.806549865779183506e+01,1.276421931784704533e+01,1.291573017668814849e+01,1.201643436707043833e+01,0.000000000000000000e+00
-7.806549865779183506e+01,1.276421931784704533e+01,1.291573017668814849e+01,1.201643436707043655e+01,0.000000000000000000e+00
-6.887852855948835895e+01,1.198686776852483149e+01,1.241563342711173590e+01,1.058370431353514718e+01,0.000000000000000000e+00
-6.887852855948835895e+01,1.198686776852483149e+01,1.241563342711173590e+01,1.058370431353514718e+01,0.000000000000000000e+00
-6.887852855948835895e+01,1.198686776852482971e+01,1.241563342711173590e+01,1.058370431353515073e+01,0.000000000000000000e+00
-5.789483247635129004e+01,1.098111241248319025e+01,1.212714386258950583e+01,9.066588652269645721e+00,0.000000000000000000e+00
-5.789483247635129004e+01,1.098111241248319025e+01,1.212714386258950405e+01,9.066588652269645721e+00,0.000000000000000000e+00
-5.789483247635129004e+01,1.098111241248319025e+01,1.212714386258950583e+01,9.066588652269645721e+00,0.000000000000000000e+00
-4.638343736486013569e+01,1.040995005310886157e+01,1.197013256224271593e+01,8.100685140798566053e+00,0.000000000000000000e+00
-4.638343736486013569e+01,1.040995005310886157e+01,1.197013256224271593e+01,8.100685140798564277e+00,0.000000000000000000e+00
-4.638343736486013569e+01,1.040995005310886157e+01,1.197013256224271593e+01,8.100685140798566053e+00,0.000000000000000000e+00
-3.433366907149181202e+01,9.850431445067686198e+00,1.162487682564020730e+01,7.680942052506797957e+00,0.000000000000000000e+00
-3.433366907149181202e+01,9.850431445067689751e+00,1.162487682564020730e+01,7.680942052506797957e+00,0.000000000000000000e+00
-3.433366907149181202e+01,9.850431445067689751e+00,1.162487682564020552e+01,7.680942052506797957e+00,0.000000000000000000e+00
-2.122720885741021490e+01,9.621860119005409828e+00,1.096196230219333323e+01,7.734636943184486135e+00,0.000000000000000000e+00
-2.122720885741021490e+01,9.621860119005408052e+00,1.096196230219333323e+01,7.734636943184487023e+00,0.000000000000000000e+00
-2.122720885741021490e+01,9.621860119005408052e+00,1.096196230219333323e+01,7.734636943184486135e+00,0.000000000000000000e+00
-6.706587043260334724e+00,9.488362205958884132e+00,1.040598192180253179e+01,7.413723550689327091e+00,0.000000000000000000e+00
-6.706587043260334724e+00,9.488362205958884132e+00,1.040598192180253356e+01,7.413723550689324426e+00,0.000000000000000000e+00
-6.706587043260334724e+00,9.488362205958884132e+00,1.040598192180253001e+01,7.413723550689324426e+00,0.000000000000000000e+00
8.787015399767689416e+00,9.474021841982889214e+00,1.031730812607024106e+01,7.089146560237924888e+00,0.000000000000000000e+00
8.787015399767689416e+00,9.474021841982890990e+00,1.031730812607023928e+01,7.089146560237924000e+00,0.000000000000000000e+00
8.787015399767689416e+00,9.474021841982890990e+00,1.031730812607024106e+01,7.089146560237924000e+00,0.000000000000000000e+00
2.428939543346334418e+01,9.563269008907180790e+00,1.081586270732166000e+01,7.060360678584694405e+00,0.000000000000000000e+00
2.428939543346334418e+01,9.563269008907180790e+00,1.081586270732166000e+01,7.060360678584694405e+00,0.000000000000000000e+00
2.428939543346334418e+01,9.563269008907182567e+00,1.081586270732166000e+01,7.060360678584694405e+00,0.000000000000000000e+00
3.892073221545992823e+01,1.000797440217610834e+01,1.211168126914116527e+01,7.432888720410866235e+00,0.000000000000000000e+00
3.892073221545992823e+01,1.000797440217610657e+01,1.211168126914116527e+01,7.432888720410867123e+00,0.000000000000000000e+00
3.892073221545992823e+01,1.000797440217610834e+01,1.211168126914116705e+01,7.432888720410867123e+00,0.000000000000000000e+00
5.223800584875776565e+01,1.091195216299628612e+01,1.388983937676082725e+01,7.805646841781734402e+00,0.000000000000000000e+00
5.223800584875776565e+01,1.091195216299628612e+01,1.388983937676082725e+01,7.805646841781734402e+00,0.000000000000000000e+00
5.223800584875776565e+01,1.091195216299628790e+01,1.388983937676082725e+01,7.805646841781734402e+00,0.000000000000000000e+00
6.370993655881429163e+01,1.276731792093869444e+01,1.625080684018921673e+01,8.748628371644917578e+00,2.888025114582838615e+00
6.370993655881429163e+01,1.276731792093869444e+01,1.625080684018921673e+01,8.748628371644917578e+00,2.888025114582838615e+00
6.370993655881429163e+01,1.276731792093869444e+01,1.625080684018921673e+01,8.748628371644917578e+00,2.888025114582838615e+00
7.336233973248391749e+01,1.450531223988126150e+01,1.908820305054702615e+01,1.049694583000266945e+01,4.437299014752023041e+00
7.336233973248391749e+01,1.450531223988125973e+01,1.908820305054702615e+01,1.049694583000266945e+01,4.437299014752023041e+00
7.336233973248391749e+01,1.450531223988126506e+01,1.908820305054702615e+01,1.049694583000267123e+01,4.437299014752023041e+00
8.139927266385689109e+01,1.603582838372151897e+01,2.174298427896185615e+01,1.303250393324736223e+01,5.940823828089845549e+00
8.139927266385689109e+01,1.603582838372151897e+01,2.174298427896185970e+01,1.303250393324736400e+01,5.940823828089845549e+00
8.139927266385689109e+01,1.603582838372151897e+01,2.174298427896185615e+01,1.303250393324736223e+01,5.940823828089845549e+00
8.775773062720881512e+01,1.808997162457846031e+01,2.385025509591422832e+01,1.622952905077537267e+01,7.503987171853009563e+00
8.775773062720881512e+01,1.808997162457845675e+01,2.385025509591422122e+01,1.622952905077537267e+01,7.503987171853009563e+00
8.775773062720881512e+01,1.808997162457846031e+01,2.385025509591422832e+01,1.622952905077536556e+01,7.503987171853009563e+00
9.190675005789631768e+01,2.058910544940298948e+01,2.549360708822518262e+01,1.996544470994762577e+01,9.393530407697866735e+00
9.190675005789631768e+01,2.058910544940299303e+01,2.549360708822518262e+01,1.996544470994762577e+01,9.393530407697866735e+00
9.190675005789631768e+01,2.058910544940298948e+01,2.549360708822518262e+01,1.996544470994762932e+01,9.393530407697866735e+00
9.345017020701578758e+01,2.315118830701849717e+01,2.691692344637297651e+01,2.332125602300568801e+01,1.151776442384228538e+01
9.345017020701578758e+01,2.315118830701849717e+01,2.691692344637297651e+01,2.332125602300568801e+01,1.151776442384228361e+01
9.345017020701578758e+01,2.315118830701849717e+01,2.691692344637298362e+01,2.332125602300568801e+01,1.151776442384228538e+01
9.415071701848357577e+01,2.595845029909778390e+01,2.826208396830260483e+01,2.593623652400102486e+01,1.340701228936704226e+01
9.415071701848357577e+01,2.595845029909778745e+01,2.826208396830260483e+01,2.593623652400102486e+01,1.340701228936704048e+01
9.415071701848357577e+01,2.595845029909778390e+01,2.826208396830260483e+01,2.593623652400102841e+01,1.340701228936704048e+01
9.608786313319856731e+01,2.817851292558521337e+01,2.939842265202257110e+01,2.776016744858427643e+01,1.472989630633534475e+01
9.608786313319856731e+01,2.817851292558521337e+01,2.939842265202256399e+01,2.776016744858427643e+01,1.472989630633534475e+01
9.608786313319856731e+01,2.817851292558521337e+01,2.939842265202256399e+01,2.776016744858427643e+01,1.472989630633534830e+01
9.833592830467689794e+01,2.935575039459296320e+01,3.064515285692222690e+01,2.904577671648780424e+01,1.549939722814571752e+01
9.833592830467689794e+01,2.935575039459295610e+01,3.064515285692222690e+01,2.904577671648780424e+01,1.549939722814571752e+01
9.833592830467689794e+01,2.935575039459296676e+01,3.064515285692222690e+01,2.904577671648780424e+01,1.549939722814571752e+01
9.998697493088315014e+01,2.997983872259106874e+01,3.139010900386873715e+01,2.994961806386132253e+01,1.600992255906563955e+01
9.998697493088315014e+01,2.997983872259106519e+01,3.139010900386873359e+01,2.994961806386131897e+01,1.600992255906563599e+01
9.998697493088315014e+01,2.997983872259106519e+01,3.139010900386873359e+01,2.994961806386132253e+01,1.600992255906563955e+01
-9.847634641417600676e+01,1.762657596700919171e+01,2.056910966112096162e+01,1.853488899970730941e+01,8.113652278823225927e+00
-9.847634641417600676e+01,1.762657596700919527e+01,2.056910966112095807e+01,1.853488899970730586e+01,8.113652278823224151e+00
-9.847634641417600676e+01,1.762657596700919171e+01,2.056910966112096162e+01,1.853488899970730941e+01,8.113652278823224151e+00
-9.735571464854572810e+01,1.693487137785438179e+01,1.994448707424146505e+01,1.783605087871771033e+01,7.567235121445325952e+00
-9.735571464854572810e+01,1.693487137785438179e+01,1.994448707424146505e+01,1.783605087871771389e+01,7.567235121445325952e+00
-9.735571464854572810e+01,1.693487137785438179e+01,1.994448707424146505e+01,1.783605087871770678e+01,7.567235121445325952e+00
-9.615824911143647569e+01,1.601061153406259407e+01,1.875550424344212175e+01,1.704922627421089132e+01,6.817270312936601684e+00
-9.615824911143647569e+01,1.601061153406259407e+01,1.875550424344212175e+01,1.704922627421089132e+01,6.817270312936601684e+00
-9.615824911143647569e+01,1.601061153406259407e+01,1.875550424344212175e+01,1.704922627421089132e+01,6.817270312936601684e+00
-9.561487619582061370e+01,1.527427645778039178e+01,1.780017943905166433e+01,1.638267816364636076e+01,5.821904855724157279e+00
-9.561487619582061370e+01,1.527427645778039000e+01,1.780017943905166433e+01,1.638267816364636076e+01,5.821904855724159056e+00
-9.561487619582061370e+01,1.527427645778038823e+01,1.780017943905166433e+01,1.638267816364636076e+01,5.821904855724159056e+00
-9.602828259631633046e+01,1.484601216781903332e+01,1.686740727019865460e+01,1.599145300317018759e+01,4.872008445862955561e+00
-9.602828259631633046e+01,1.484601216781903332e+01,1.686740727019865460e+01,1.599145300317018581e+01,4.872008445862955561e+00
-9.602828259631633046e+01,1.484601216781903155e+01,1.686740727019865460e+01,1.599145300317018581e+01,4.872008445862955561e+00
-9.560874238010079296e+01,1.445184782757449327e+01,1.613832029260966650e+01,1.489478410048296730e+01,4.052101848848439936e+00
-9.560874238010079296e+01,1.445184782757449327e+01,1.613832029260966650e+01,1.489478410048296908e+01,4.052101848848440824e+00
-9.560874238010079296e+01,1.445184782757449327e+01,1.613832029260966650e+01,1.489478410048296908e+01,4.052101848848439936e+00
-9.310185479541566167e+01,1.379596319181978892e+01,1.548306203747634235e+01,1.373509918266700325e+01,3.362155091703250775e+00
-9.310185479541566167e+01,1.379596319181979069e+01,1.548306203747634235e+01,1.373509918266700325e+01,3.362155091703251220e+00
-9.310185479541566167e+01,1.379596319181979069e+01,1.548306203747634235e+01,1.373509918266700502e+01,3.362155091703250775e+00
-8.894880152580086019e+01,1.360437484528773311e+01,1.457640681552754103e+01,1.292786616403592781e+01,2.591889194922146089e+00
-8.894880152580086019e+01,1.360437484528773133e+01,1.457640681552753925e+01,1.292786616403592603e+01,2.591889194922145201e+00
-8.894880152580086019e+01,1.360437484528772956e+01,1.457640681552753925e+01,1.292786616403592426e+01,2.591889194922145201e+00
-8.404834053910371949e+01,1.325612042989811634e+01,1.348084643765261958e+01,1.223612215106644108e+01,0.000000000000000000e+00
-8.404834053910371949e+01,1.325612042989811812e+01,1.348084643765262491e+01,1.223612215106644285e+01,0.000000000000000000e+00
-8.404834053910371949e+01,1.325612042989811634e+01,1.348084643765262491e+01,1.223612215106644108e+01,0.000000000000000000e+00
-7.747060483072525017e+01,1.280454950336669739e+01,1.273417328906784896e+01,1.139754355732001123e+01,0.000000000000000000e+00
-7.747060483072525017e+01,1.280454950336669739e+01,1.273417328906784896e+01,1.139754355732001123e+01,0.000000000000000000e+00
-7.747060483072525017e+01,1.280454950336669739e+01,1.273417328906784896e+01,1.139754355732001301e+01,0.000000000000000000e+00
-6.857190598681259530e+01,1.203004574852042197e+01,1.245560394451662134e+01,1.035371726653370139e+01,0.000000000000000000e+00
-6.857190598681259530e+01,1.203004574852042197e+01,1.245560394451662134e+01,1.035371726653370139e+01,0.000000000000000000e+00
-6.857190598681259530e+01,1.203004574852042197e+01,1.245560394451661956e+01,1.035371726653370139e+01,0.000000000000000000e+00
-5.808237389380476401e+01,1.108522209178936357e+01,1.231859110359006770e+01,9.477570999544131070e+00,0.000000000000000000e+00
-5.808237389380476401e+01,1.108522209178936357e+01,1.231859110359006593e+01,9.477570999544131070e+00,0.000000000000000000e+00
-5.808237389380476401e+01,1.108522209178936357e+01,1.231859110359006948e+01,9.477570999544132846e+00,0.000000000000000000e+00
-4.681144980252255294e+01,1.012472307629293944e+01,1.217360379160175121e+01,8.397967995756708603e+00,0.000000000000000000e+00
-4.681144980252255294e+01,1.012472307629293766e+01,1.217360379160175121e+01,8.397967995756710380e+00,0.000000000000000000e+00
-4.681144980252255294e+01,1.012472307629293766e+01,1.217360379160175121e+01,8.397967995756710380e+00,0.000000000000000000e+00
-3.455952546808833148e+01,9.610813624806143096e+00,1.184539433314424350e+01,7.556172986809953862e+00,0.000000000000000000e+00
-3.455952546808833148e+01,9.610813624806143096e+00,1.184539433314424350e+01,7.556172986809953862e+00,0.000000000000000000e+00
-3.455952546808833148e+01,9.610813624806143096e+00,1.184539433314424173e+01,7.556172986809953862e+00,0.000000000000000000e+00
-2.123761504330742156e+01,9.232840151242029947e+00,1.123310597477346917e+01,7.234003797445669903e+00,0.000000000000000000e+00
-2.123761504330742156e+01,9.232840151242031723e+00,1.123310597477346917e+01,7.234003797445670791e+00,0.000000000000000000e+00
-2.123761504330742156e+01,9.232840151242029947e+00,1.123310597477346917e+01,7.234003797445670791e+00,0.000000000000000000e+00
-6.752678918310708767e+00,9.277251659996275990e+00,1.062382649390798051e+01,7.011079646480053995e+00,0.000000000000000000e+00
-6.752678918310708767e+00,9.277251659996275990e+00,1.062382649390798051e+01,7.011079646480054883e+00,0.000000000000000000e+00
-6.752678918310708767e+00,9.277251659996275990e+00,1.062382649390798051e+01,7.011079646480053995e+00,0.000000000000000000e+00
8.558715543368810685e+00,9.432183580930596278e+00,1.049176091085196028e+01,6.756965290555006831e+00,0.000000000000000000e+00
8.558715543368810685e+00,9.432183580930596278e+00,1.049176091085196205e+01,6.756965290555006831e+00,0.000000000000000000e+00
8.558715543368810685e+00,9.432183580930596278e+00,1.049176091085196028e+01,6.756965290555006831e+00,0.000000000000000000e+00
2.395178720427255215e+01,9.688714755500885900e+00,1.098509215425078089e+01,6.895554734640607641e+00,0.000000000000000000e+00
2.395178720427255215e+01,9.688714755500884124e+00,1.098509215425078089e+01,6.895554734640609418e+00,0.000000000000000000e+00
2.395178720427255215e+01,9.688714755500885900e+00,1.098509215425078089e+01,6.895554734640609418e+00,0.000000000000000000e+00
3.847733257734237355e+01,1.001380287510894185e+01,1.211741018277945514e+01,7.546068027120412580e+00,0.000000000000000000e+00
3.847733257734237355e+01,1.001380287510894185e+01,1.211741018277945514e+01,7.546068027120412580e+00,0.000000000000000000e+00
3.847733257734237355e+01,1.001380287510894185e+01,1.211741018277945514e+01,7.546068027120411692e+00,0.000000000000000000e+00
5.168567043038391517e+01,1.084604324946356613e+01,1.398603750220432751e+01,8.305653677317897277e+00,0.000000000000000000e+00
5.168567043038391517e+01,1.084604324946356613e+01,1.398603750220432929e+01,8.305653677317897277e+00,0.000000000000000000e+00
5.168567043038391517e+01,1.084604324946356613e+01,1.398603750220432751e+01,8.305653677317897277e+00,0.000000000000000000e+00
6.306420624789023321e+01,1.265997910114716163e+01,1.655682480788663824e+01,9.626068912814025325e+00,2.723190147554818807e+00
6.306420624789023321e+01,1.265997910114716163e+01,1.655682480788663824e+01,9.626068912814025325e+00,2.723190147554818807e+00
6.306420624789023321e+01,1.265997910114715808e+01,1.655682480788663469e+01,9.626068912814025325e+00,2.723190147554818363e+00
7.276223016919834663e+01,1.444870869403485614e+01,1.933655148452712425e+01,1.135819469182100327e+01,4.237474261904424111e+00
7.276223016919834663e+01,1.444870869403485614e+01,1.933655148452712425e+01,1.135819469182100327e+01,4.237474261904424111e+00
7.276223016919834663e+01,1.444870869403485791e+01,1.933655148452712425e+01,1.135819469182100327e+01,4.237474261904424111e+00
8.105941668302570235e+01,1.601196399378421731e+01,2.173404626723622357e+01,1.360276759666261448e+01,5.679001634695225675e+00
8.105941668302570235e+01,1.601196399378421731e+01,2.173404626723622357e+01,1.360276759666261270e+01,5.679001634695225675e+00
8.105941668302570235e+01,1.601196399378421731e+01,2.173404626723622357e+01,1.360276759666261270e+01,5.679001634695225675e+00
8.724756380760614149e+01,1.817381949514685147e+01,2.379630021059329081e+01,1.663226668093826888e+01,7.019179595876170019e+00
8.724756380760614149e+01,1.817381949514684791e+01,2.379630021059329437e+01,1.663226668093826532e+01,7.019179595876169131e+00
8.724756380760614149e+01,1.817381949514684791e+01,2.379630021059329081e+01,1.663226668093826532e+01,7.019179595876169131e+00
9.090350661878962057e+01,2.095586108857861518e+01,2.530752908872744555e+01,2.014392237553480669e+01,8.676051041250973483e+00
9.090350661878962057e+01,2.095586108857861163e+01,2.530752908872744555e+01,2.014392237553480669e+01,8.676051041250971707e+00
9.090350661878962057e+01,2.095586108857861163e+01,2.530752908872744555e+01,2.014392237553480669e+01,8.676051041250971707e+00
9.220116221350036767e+01,2.390859176623760263e+01,2.657371810572735527e+01,2.328751405959529563e+01,1.077329018227962543e+01
9.220116221350036767e+01,2.390859176623760263e+01,2.657371810572735527e+01,2.328751405959529563e+01,1.077329018227962543e+01
9.220116221350036767e+01,2.390859176623760263e+01,2.657371810572735882e+01,2.328751405959529919e+01,1.077329018227962543e+01
9.302295441813762977e+01,2.655611713756847081e+01,2.784801765190360001e+01,2.576261937858828333e+01,1.278676052826823728e+01
9.302295441813762977e+01,2.655611713756847081e+01,2.784801765190359646e+01,2.576261937858828333e+01,1.278676052826823728e+01
9.302295441813762977e+01,2.655611713756847436e+01,2.784801765190359646e+01,2.576261937858827977e+01,1.278676052826823728e+01
9.527020615590890884e+01,2.883627293865842844e+01,2.899405691321610590e+01,2.767558214631765878e+01,1.426236462870924449e+01
9.527020615590890884e+01,2.883627293865843200e+01,2.899405691321610590e+01,2.767558214631765523e+01,1.426236462870924093e+01
9.527020615590890884e+01,2.883627293865843200e+01,2.899405691321610590e+01,2.767558214631765878e+01,1.426236462870924449e+01
9.765344790054473378e+01,3.009219293018932362e+01,3.034825126137967644e+01,2.900129054187390665e+01,1.513220116652823144e+01
9.765344790054473378e+01,3.009219293018932362e+01,3.034825126137967644e+01,2.900129054187390665e+01,1.513220116652822789e+01
9.765344790054473378e+01,3.009219293018932362e+01,3.034825126137967644e+01,2.900129054187390665e+01,1.513220116652822789e+01
9.937666424776554663e+01,3.083699897054128769e+01,3.110234260370313208e+01,2.992825913015289885e+01,1.571136981499557450e+01
9.937666424776554663e+01,3.083699897054128414e+01,3.110234260370313208e+01,2.992825913015289885e+01,1.571136981499557272e+01
9.937666424776554663e+01,3.083699897054128414e+01,3.110234260370313208e+01,2.992825913015289885e+01,1.571136981499557272e+01
-9.734376341954812517e+01,1.758605858371250008e+01,2.048578479545501807e+01,1.860036708662022065e+01,8.217865867806235514e+00
-9.734376341954812517e+01,1.758605858371250008e+01,2.048578479545501807e+01,1.860036708662022065e+01,8.217865867806235514e+00
-9.734376341954812517e+01,1.758605858371249653e+01,2.048578479545501807e+01,1.860036708662022065e+01,8.217865867806235514e+00
-9.633491334335123213e+01,1.681232464294091500e+01,1.989658611777811004e+01,1.787719826020923364e+01,7.694107878017016233e+00
-9.633491334335123213e+01,1.681232464294091855e+01,1.989658611777811004e+01,1.787719826020923364e+01,7.694107878017015345e+00
-9.633491334335123213e+01,1.681232464294091855e+01,1.989658611777811004e+01,1.787719826020923364e+01,7.694107878017018010e+00
-9.524759856776101685e+01,1.584434132950891261e+01,1.872250890592007266e+01,1.707068751070271873e+01,6.981112905756511111e+00
-9.524759856776101685e+01,1.584434132950891261e+01,1.872250890592007266e+01,1.707068751070271873e+01,6.981112905756509335e+00
-9.524759856776101685e+01,1.584434132950891083e+01,1.872250890592007266e+01,1.707068751070272228e+01,6.981112905756509335e+00
-9.469496894754485083e+01,1.493439817248282253e+01,1.783654548817244034e+01,1.641891368482323443e+01,5.970329408856698272e+00
-9.469496894754485083e+01,1.493439817248282253e+01,1.783654548817244034e+01,1.641891368482323443e+01,5.970329408856698272e+00
-9.469496894754485083e+01,1.493439817248282608e+01,1.783654548817244034e+01,1.641891368482323443e+01,5.970329408856699160e+00
-9.484928755580455118e+01,1.442494079572260368e+01,1.690538784181459775e+01,1.590306642905890477e+01,4.944754622205940642e+00
-9.484928755580455118e+01,1.442494079572260723e+01,1.690538784181459775e+01,1.590306642905890477e+01,4.944754622205939754e+00
-9.484928755580455118e+01,1.442494079572260546e+01,1.690538784181459775e+01,1.590306642905890655e+01,4.944754622205939754e+00
-9.386311351043073614e+01,1.380800467287474831e+01,1.598876605902390935e+01,1.493433388603830991e+01,4.069507610037254253e+00
-9.386311351043073614e+01,1.380800467287475186e+01,1.598876605902390935e+01,1.493433388603830814e+01,4.069507610037253365e+00
-9.386311351043073614e+01,1.380800467287475186e+01,1.598876605902390757e+01,1.493433388603830991e+01,4.069507610037253365e+00
-9.098973341275458893e+01,1.336129026783566864e+01,1.528197748534645761e+01,1.383158503722243893e+01,3.388325752851704120e+00
-9.098973341275458893e+01,1.336129026783566864e+01,1.528197748534646117e+01,1.383158503722243715e+01,3.388325752851704120e+00
-9.098973341275458893e+01,1.336129026783566864e+01,1.528197748534645761e+01,1.383158503722243893e+01,3.388325752851704120e+00
-8.717042124707198525e+01,1.330851031095614445e+01,1.453418818462499829e+01,1.291354135736567343e+01,2.720115073001887485e+00
-8.717042124707198525e+01,1.330851031095614445e+01,1.453418818462499829e+01,1.291354135736567166e+01,2.720115073001887041e+00
-8.717042124707198525e+01,1.330851031095614445e+01,1.453418818462500006e+01,1.291354135736566988e+01,2.720115073001887041e+00
-8.272307075940892673e+01,1.307206275758451142e+01,1.362757205414689210e+01,1.193873418143034115e+01,2.053384335314314857e+00
-8.272307075940892673e+01,1.307206275758451142e+01,1.362757205414689388e+01,1.193873418143034115e+01,2.053384335314315301e+00
-8.272307075940892673e+01,1.307206275758451319e+01,1.362757205414689388e+01,1.193873418143034293e+01,2.053384335314314857e+00
-7.647003925704042615e+01,1.268136071741048809e+01,1.304851345921659345e+01,1.096849610157468469e+01,0.000000000000000000e+00
-7.647003925704042615e+01,1.268136071741048809e+01,1.304851345921659345e+01,1.096849610157468469e+01,0.000000000000000000e+00
-7.647003925704042615e+01,1.268136071741048809e+01,1.304851345921659167e+01,1.096849610157468469e+01,0.000000000000000000e+00
-6.804003371674917844e+01,1.202549722541578348e+01,1.287217868665246101e+01,1.008639006751423217e+01,0.000000000000000000e+00
-6.804003371674917844e+01,1.202549722541578703e+01,1.287217868665245923e+01,1.008639006751423395e+01,0.000000000000000000e+00
-6.804003371674917844e+01,1.202549722541578348e+01,1.287217868665246101e+01,1.008639006751423217e+01,0.000000000000000000e+00
-5.819962113659396152e+01,1.088039999882066411e+01,1.270537211037576419e+01,9.556678572597261834e+00,0.000000000000000000e+00
-5.819962113659396152e+01,1.088039999882066766e+01,1.270537211037576419e+01,9.556678572597263610e+00,0.000000000000000000e+00
-5.819962113659396152e+01,1.088039999882066766e+01,1.270537211037576419e+01,9.556678572597263610e+00,0.000000000000000000e+00
-4.710925238732130538e+01,9.698308877031289299e+00,1.243891783916012095e+01,8.847356616150364061e+00,0.000000000000000000e+00
-4.710925238732130538e+01,9.698308877031291075e+00,1.243891783916011740e+01,8.847356616150364061e+00,0.000000000000000000e+00
-4.710925238732130538e+01,9.698308877031291075e+00,1.243891783916011740e+01,8.847356616150364061e+00,0.000000000000000000e+00
-3.469508891178573862e+01,9.148602690593605757e+00,1.208484495277130755e+01,7.812210384064368185e+00,0.000000000000000000e+00
-3.469508891178573862e+01,9.148602690593603981e+00,1.208484495277130932e+01,7.812210384064368185e+00,0.000000000000000000e+00
-3.469508891178573862e+01,9.148602690593605757e+00,1.208484495277130755e+01,7.812210384064368185e+00,0.000000000000000000e+00
-2.134245391032072448e+01,8.947154919938300921e+00,1.150289918958934798e+01,7.181581802143638171e+00,0.000000000000000000e+00
-2.134245391032072448e+01,8.947154919938300921e+00,1.150289918958934798e+01,7.181581802143638171e+00,0.000000000000000000e+00
-2.134245391032072448e+01,8.947154919938300921e+00,1.150289918958934798e+01,7.181581802143639059e+00,0.000000000000000000e+00
-6.987660893041643284e+00,9.154285090822629201e+00,1.092409854330739094e+01,6.857820196182562889e+00,0.000000000000000000e+00
-6.987660893041643284e+00,9.154285090822630977e+00,1.092409854330739094e+01,6.857820196182562889e+00,0.000000000000000000e+00
-6.987660893041643284e+00,9.154285090822629201e+00,1.092409854330739094e+01,6.857820196182562889e+00,0.000000000000000000e+00
8.251257441881589827e+00,9.622176898477757589e+00,1.095437542762830141e+01,6.540642438822888316e+00,0.000000000000000000e+00
8.251257441881589827e+00,9.622176898477755813e+00,1.095437542762830141e+01,6.540642438822887428e+00,0.000000000000000000e+00
8.251257441881589827e+00,9.622176898477755813e+00,1.095437542762830141e+01,6.540642438822890092e+00,0.000000000000000000e+00
2.362899309217878141e+01,1.005305254347607224e+01,1.153395953443953204e+01,6.711079389693195729e+00,0.000000000000000000e+00
2.362899309217878141e+01,1.005305254347607224e+01,1.153395953443953204e+01,6.711079389693195729e+00,0.000000000000000000e+00
2.362899309217878141e+01,1.005305254347607224e+01,1.153395953443953204e+01,6.711079389693195729e+00,0.000000000000000000e+00
3.812599439982981409e+01,1.029227682321724124e+01,1.230872412779905289e+01,7.603455540433316173e+00,0.000000000000000000e+00
3.812599439982981409e+01,1.029227682321724124e+01,1.230872412779905289e+01,7.603455540433316173e+00,0.000000000000000000e+00
3.812599439982981409e+01,1.029227682321724124e+01,1.230872412779905467e+01,7.603455540433316173e+00,0.000000000000000000e+00
5.117023119179513202e+01,1.084811016257265415e+01,1.397115334340896453e+01,9.192837074217498738e+00,0.000000000000000000e+00
5.117023119179513202e+01,1.084811016257265415e+01,1.397115334340896453e+01,9.192837074217496962e+00,0.000000000000000000e+00
5.117023119179513202e+01,1.084811016257265415e+01,1.397115334340896453e+01,9.192837074217498738e+00,0.000000000000000000e+00
6.239984709872712898e+01,1.245698783295664214e+01,1.650882174466986996e+01,1.083095353195318644e+01,2.744994057084479078e+00
6.239984709872712898e+01,1.245698783295664391e+01,1.650882174466987351e+01,1.083095353195318467e+01,2.744994057084479078e+00
6.239984709872712898e+01,1.245698783295663858e+01,1.650882174466987351e+01,1.083095353195318644e+01,2.744994057084479078e+00
7.206944314733227941e+01,1.419016613256462200e+01,1.917071591114896023e+01,1.257142456220864979e+01,4.128826243487907277e+00
7.206944314733227941e+01,1.419016613256462378e+01,1.917071591114896023e+01,1.257142456220864979e+01,4.128826243487907277e+00
7.206944314733227941e+01,1.419016613256462200e+01,1.917071591114896378e+01,1.257142456220865157e+01,4.128826243487907277e+00
8.032141696245315643e+01,1.593314379235869005e+01,2.137751945627491779e+01,1.442072975866018503e+01,5.483374824977445883e+00
8.032141696245315643e+01,1.593314379235869360e+01,2.137751945627491423e+01,1.442072975866018325e+01,5.483374824977445883e+00
8.032141696245315643e+01,1.593314379235869538e+01,2.137751945627491423e+01,1.442072975866018325e+01,5.483374824977445883e+00
8.620632320075900168e+01,1.825938515172150645e+01,2.332119296803309183e+01,1.671413487111349738e+01,6.790668776988619371e+00
8.620632320075900168e+01,1.825938515172151000e+01,2.332119296803309183e+01,1.671413487111350094e+01,6.790668776988619371e+00
8.620632320075900168e+01,1.825938515172150645e+01,2.332119296803309183e+01,1.671413487111349738e+01,6.790668776988619371e+00
8.938843299516824459e+01,2.112223415080191558e+01,2.494197097183653611e+01,1.984607132683299469e+01,8.319526480337719576e+00
8.938843299516824459e+01,2.112223415080191202e+01,2.494197097183652545e+01,1.984607132683299469e+01,8.319526480337719576e+00
8.938843299516824459e+01,2.112223415080191558e+01,2.494197097183653611e+01,1.984607132683299469e+01,8.319526480337719576e+00
9.059762863780463249e+01,2.405458115418419851e+01,2.618920689781704070e+01,2.315399641645784001e+01,1.007943845698313901e+01
9.059762863780463249e+01,2.405458115418419851e+01,2.618920689781704070e+01,2.315399641645783646e+01,1.007943845698314078e+01
9.059762863780463249e+01,2.405458115418420206e+01,2.618920689781704070e+01,2.315399641645784001e+01,1.007943845698313901e+01
9.163903869313067219e+01,2.661841944913472346e+01,2.728298163105183960e+01,2.562710865064952870e+01,1.181878037718734298e+01
9.163903869313067219e+01,2.661841944913472346e+01,2.728298163105183249e+01,2.562710865064953580e+01,1.181878037718734298e+01
9.163903869313067219e+01,2.661841944913472346e+01,2.728298163105183249e+01,2.562710865064953580e+01,1.181878037718734298e+01
9.389632126895519093e+01,2.873032684144383353e+01,2.835209458974428642e+01,2.743072235207604237e+01,1.343015892824390711e+01
9.389632126895519093e+01,2.873032684144383708e+01,2.835209458974428642e+01,2.743072235207604592e+01,1.343015892824390711e+01
9.389632126895519093e+01,2.873032684144383708e+01,2.835209458974428642e+01,2.743072235207604237e+01,1.343015892824390889e+01
9.642101641249068678e+01,3.016395647355735576e+01,2.998876435317639633e+01,2.868652625979244775e+01,1.448120185918630121e+01
9.642101641249068678e+01,3.016395647355735932e+01,2.998876435317639633e+01,2.868652625979244775e+01,1.448120185918630121e+01
9.642101641249068678e+01,3.016395647355735932e+01,2.998876435317639633e+01,2.868652625979245130e+01,1.448120185918630298e+01
9.826922942885354928e+01,3.103942761953316776e+01,3.087038042457714226e+01,2.967512728621942131e+01,1.518880767614355420e+01
9.826922942885354928e+01,3.103942761953317131e+01,3.087038042457714226e+01,2.967512728621942131e+01,1.518880767614355420e+01
9.826922942885354928e+01,3.103942761953317842e+01,3.087038042457714226e+01,2.967512728621942131e+01,1.518880767614355420e+01
-9.590470928307888698e+01,1.757271931079850091e+01,2.028477812629552446e+01,1.872044834715977402e+01,8.450801438347976813e+00
-9.590470928307888698e+01,1.757271931079849736e+01,2.028477812629552446e+01,1.872044834715977757e+01,8.450801438347976813e+00
-9.590470928307888698e+01,1.757271931079850091e+01,2.028477812629552446e+01,1.872044834715977402e+01,8.450801438347976813e+00
-9.491606010390435699e+01,1.686133704568950975e+01,1.967825200342593561e+01,1.805069136723261281e+01,7.996261813342705693e+00
-9.491606010390435699e+01,1.686133704568950975e+01,1.967825200342594272e+01,1.805069136723261281e+01,7.996261813342705693e+00
-9.491606010390435699e+01,1.686133704568950975e+01,1.967825200342594272e+01,1.805069136723261281e+01,7.996261813342705693e+00
-9.380815727322637088e+01,1.599788231781436032e+01,1.863528095634906379e+01,1.732142687198629716e+01,7.314257070845009423e+00
-9.380815727322637088e+01,1.599788231781436032e+01,1.863528095634905668e+01,1.732142687198629716e+01,7.314257070845009423e+00
-9.380815727322637088e+01,1.599788231781436387e+01,1.863528095634906379e+01,1.732142687198629361e+01,7.314257070845009423e+00
-9.316483454506790451e+01,1.522185722544504749e+01,1.778832432332493596e+01,1.655143032184742324e+01,6.273905849500058807e+00
-9.316483454506790451e+01,1.522185722544504571e+01,1.778832432332493951e+01,1.655143032184742324e+01,6.273905849500057919e+00
-9.316483454506790451e+01,1.522185722544504571e+01,1.778832432332493951e+01,1.655143032184742324e+01,6.273905849500057919e+00
-9.303714634991905541e+01,1.454727569276626653e+01,1.675838277814023414e+01,1.592669448332934223e+01,5.173420331652501147e+00
-9.303714634991905541e+01,1.454727569276626831e+01,1.675838277814023414e+01,1.592669448332934579e+01,5.173420331652501147e+00
-9.303714634991905541e+01,1.454727569276626831e+01,1.675838277814023058e+01,1.592669448332934579e+01,5.173420331652502036e+00
-9.186272763459501789e+01,1.364449589860510947e+01,1.573519623501955778e+01,1.514002526053005759e+01,4.244039587977982642e+00
-9.186272763459501789e+01,1.364449589860510947e+01,1.573519623501955778e+01,1.514002526053005404e+01,4.244039587977983530e+00
-9.186272763459501789e+01,1.364449589860510947e+01,1.573519623501955600e+01,1.514002526053005404e+01,4.244039587977983530e+00
-8.916015821914115236e+01,1.296720294582573985e+01,1.497175075349109008e+01,1.405004681886973650e+01,3.588579409693673394e+00
-8.916015821914115236e+01,1.296720294582573807e+01,1.497175075349109008e+01,1.405004681886973472e+01,3.588579409693673394e+00
-8.916015821914115236e+01,1.296720294582573985e+01,1.497175075349108830e+01,1.405004681886973472e+01,3.588579409693673394e+00
-8.556852185495785079e+01,1.271822252293902444e+01,1.435629662189813871e+01,1.309643949900954496e+01,2.997944978169496899e+00
-8.556852185495785079e+01,1.271822252293902622e+01,1.435629662189813693e+01,1.309643949900954496e+01,2.997944978169496455e+00
-8.556852185495785079e+01,1.271822252293902622e+01,1.435629662189813871e+01,1.309643949900954674e+01,2.997944978169496455e+00
-8.117939967754539055e+01,1.266691329506800834e+01,1.386467371038662577e+01,1.212597626883400537e+01,2.383023795493963259e+00
-8.117939967754539055e+01,1.266691329506800834e+01,1.386467371038662577e+01,1.212597626883400359e+01,2.383023795493963259e+00
-8.117939967754539055e+01,1.266691329506800834e+01,1.386467371038662755e+01,1.212597626883400359e+01,2.383023795493963259e+00
-7.533988337994182416e+01,1.224984087659645837e+01,1.351658531928476847e+01,1.098760471535395489e+01,0.000000000000000000e+00
-7.533988337994182416e+01,1.224984087659646015e+01,1.351658531928477025e+01,1.098760471535395666e+01,0.000000000000000000e+00
-7.533988337994182416e+01,1.224984087659645837e+01,1.351658531928476847e+01,1.098760471535395489e+01,0.000000000000000000e+00
-6.759835920602421311e+01,1.151194821809075464e+01,1.331719256796176154e+01,1.007142273042668812e+01,0.000000000000000000e+00
-6.759835920602421311e+01,1.151194821809075464e+01,1.331719256796176332e+01,1.007142273042668812e+01,0.000000000000000000e+00
-6.759835920602421311e+01,1.151194821809075464e+01,1.331719256796175976e+01,1.007142273042668812e+01,0.000000000000000000e+00
-5.828643738869919133e+01,1.051994609168446893e+01,1.298610384230167192e+01,9.672665820418616889e+00,0.000000000000000000e+00
-5.828643738869919133e+01,1.051994609168446893e+01,1.298610384230167192e+01,9.672665820418616889e+00,0.000000000000000000e+00
-5.828643738869919133e+01,1.051994609168446893e+01,1.298610384230167369e+01,9.672665820418616889e+00,0.000000000000000000e+00
-4.721153301651104073e+01,9.724374478059401028e+00,1.248575945955812649e+01,9.177107649123968258e+00,0.000000000000000000e+00
-4.721153301651104073e+01,9.724374478059401028e+00,1.248575945955812649e+01,9.177107649123968258e+00,0.000000000000000000e+00
-4.721153301651104073e+01,9.724374478059402804e+00,1.248575945955812472e+01,9.177107649123968258e+00,0.000000000000000000e+00
-3.476412191839781940e+01,9.252667068615934909e+00,1.203295982400367947e+01,8.273256979771383968e+00,0.000000000000000000e+00
-3.476412191839781940e+01,9.252667068615934909e+00,1.203295982400367592e+01,8.273256979771385744e+00,0.000000000000000000e+00
-3.476412191839781940e+01,9.252667068615936685e+00,1.203295982400367770e+01,8.273256979771383968e+00,0.000000000000000000e+00
-2.149139480219755782e+01,9.294160426269113984e+00,1.167549443640716333e+01,7.532573263940972375e+00,0.000000000000000000e+00
-2.149139480219755782e+01,9.294160426269117536e+00,1.167549443640716156e+01,7.532573263940972375e+00,0.000000000000000000e+00
-2.149139480219755782e+01,9.294160426269117536e+00,1.167549443640716156e+01,7.532573263940972375e+00,0.000000000000000000e+00
-7.287847462286261901e+00,9.122843808575161972e+00,1.146419505582262666e+01,6.993064675918596151e+00,0.000000000000000000e+00
-7.287847462286261901e+00,9.122843808575161972e+00,1.146419505582262666e+01,6.993064675918598816e+00,0.000000000000000000e+00
-7.287847462286261901e+00,9.122843808575161972e+00,1.146419505582262843e+01,6.993064675918597040e+00,0.000000000000000000e+00
7.865254582282591223e+00,9.362126614377531908e+00,1.164761630194959885e+01,6.621030526573429498e+00,0.000000000000000000e+00
7.865254582282591223e+00,9.362126614377533684e+00,1.164761630194960063e+01,6.621030526573429498e+00,0.000000000000000000e+00
7.865254582282591223e+00,9.362126614377531908e+00,1.164761630194960063e+01,6.621030526573427721e+00,0.000000000000000000e+00
2.328431171141605205e+01,9.815450902257977006e+00,1.206029911693865486e+01,6.711690948611846785e+00,0.000000000000000000e+00
2.328431171141605205e+01,9.815450902257977006e+00,1.206029911693865841e+01,6.711690948611846785e+00,0.000000000000000000e+00
2.328431171141605205e+01,9.815450902257977006e+00,1.206029911693865486e+01,6.711690948611845897e+00,0.000000000000000000e+00
3.785071032950366288e+01,1.033473448278199669e+01,1.266561820494978541e+01,7.394291143697209634e+00,0.000000000000000000e+00
3.785071032950366288e+01,1.033473448278199669e+01,1.266561820494978541e+01,7.394291143697208746e+00,0.000000000000000000e+00
3.785071032950366288e+01,1.033473448278199669e+01,1.266561820494978896e+01,7.394291143697209634e+00,0.000000000000000000e+00
5.066701575494649745e+01,1.050194474566221103e+01,1.421726844945922075e+01,9.474557417895319134e+00,0.000000000000000000e+00
5.066701575494649745e+01,1.050194474566221103e+01,1.421726844945922252e+01,9.474557417895317357e+00,0.000000000000000000e+00
5.066701575494649745e+01,1.050194474566221281e+01,1.421726844945922075e+01,9.474557417895319134e+00,0.000000000000000000e+00
6.161391767181216750e+01,1.177020074652978465e+01,1.665880325455190203e+01,1.172192770430963904e+01,2.813619240078284012e+00
6.161391767181216750e+01,1.177020074652978643e+01,1.665880325455190558e+01,1.172192770430964082e+01,2.813619240078284012e+00
6.161391767181216750e+01,1.177020074652978643e+01,1.665880325455190558e+01,1.172192770430964082e+01,2.813619240078284012e+00
7.111082238444302561e+01,1.390517078245320626e+01,1.896674379141466105e+01,1.331609455401892106e+01,4.228775108023992146e+00
7.111082238444302561e+01,1.390517078245320803e+01,1.896674379141466105e+01,1.331609455401891751e+01,4.228775108023991258e+00
7.111082238444302561e+01,1.390517078245320626e+01,1.896674379141466105e+01,1.331609455401892106e+01,4.228775108023991258e+00
7.906564286773625838e+01,1.613214732050829880e+01,2.094829346357781930e+01,1.473180976432150224e+01,5.519562378097651489e+00
7.906564286773625838e+01,1.613214732050830236e+01,2.094829346357782285e+01,1.473180976432150402e+01,5.519562378097651489e+00
7.906564286773625838e+01,1.613214732050830236e+01,2.094829346357782285e+01,1.473180976432150224e+01,5.519562378097650601e+00
8.442145083448923515e+01,1.841404685929676788e+01,2.276454649508966099e+01,1.673803281984439550e+01,6.839244726559293497e+00
8.442145083448923515e+01,1.841404685929676788e+01,2.276454649508966099e+01,1.673803281984439195e+01,6.839244726559296161e+00
8.442145083448923515e+01,1.841404685929676788e+01,2.276454649508966099e+01,1.673803281984439550e+01,6.839244726559294385e+00
8.746934930641545236e+01,2.103263464763707447e+01,2.444760447646270762e+01,1.964983293874108838e+01,8.252818101366479198e+00
8.746934930641545236e+01,2.103263464763707802e+01,2.444760447646270407e+01,1.964983293874109194e+01,8.252818101366479198e+00
8.746934930641545236e+01,2.103263464763707447e+01,2.444760447646270762e+01,1.964983293874108483e+01,8.252818101366477421e+00
8.895157252098941569e+01,2.356792540323899487e+01,2.593182902243941967e+01,2.309854165077848265e+01,9.656578772742470562e+00
8.895157252098941569e+01,2.356792540323899843e+01,2.593182902243941967e+01,2.309854165077848620e+01,9.656578772742470562e+00
8.895157252098941569e+01,2.356792540323899843e+01,2.593182902243941967e+01,2.309854165077848265e+01,9.656578772742470562e+00
9.017859559765268784e+01,2.597077355572107038e+01,2.710896684069167151e+01,2.579573878761021177e+01,1.110107619780270660e+01
9.017859559765268784e+01,2.597077355572106683e+01,2.710896684069167861e+01,2.579573878761021177e+01,1.110107619780270483e+01
9.017859559765268784e+01,2.597077355572106683e+01,2.710896684069167861e+01,2.579573878761021177e+01,1.110107619780270660e+01
9.248464392660676481e+01,2.820157487008301089e+01,2.807159058250269368e+01,2.754786490036074298e+01,1.263459440310507809e+01
9.248464392660676481e+01,2.820157487008301089e+01,2.807159058250269368e+01,2.754786490036074653e+01,1.263459440310507986e+01
9.248464392660676481e+01,2.820157487008301089e+01,2.807159058250269368e+01,2.754786490036074298e+01,1.263459440310507809e+01
9.494956178820538639e+01,2.970434397347145250e+01,2.980752964049301212e+01,2.873510292518751541e+01,1.380851434491605545e+01
9.494956178820538639e+01,2.970434397347145250e+01,2.980752964049301568e+01,2.873510292518751541e+01,1.380851434491605723e+01
9.494956178820538639e+01,2.970434397347145250e+01,2.980752964049301212e+01,2.873510292518751541e+01,1.380851434491605723e+01
9.682089590110122401e+01,3.066605575580966558e+01,3.074390507025722030e+01,2.962348481874277439e+01,1.465931367748859770e+01
9.682089590110122401e+01,3.066605575580966914e+01,3.074390507025721675e+01,2.962348481874277439e+01,1.465931367748859593e+01
9.682089590110122401e+01,3.066605575580966558e+01,3.074390507025722030e+01,2.962348481874277795e+01,1.465931367748859770e+01
-9.382239173271453581e+01,1.768693937732599863e+01,2.016093287458720695e+01,1.879163235005808730e+01,8.643969390993021307e+00
-9.382239173271453581e+01,1.768693937732599863e+01,2.016093287458721051e+01,1.879163235005808730e+01,8.643969390993021307e+00
-9.382239173271453581e+01,1.768693937732600219e+01,2.016093287458721051e+01,1.879163235005808730e+01,8.643969390993021307e+00
-9.287005354642248278e+01,1.700403883853364917e+01,1.957054742348600129e+01,1.828057166237059761e+01,8.189330060110165732e+00
-9.287005354642248278e+01,1.700403883853364562e+01,1.957054742348600129e+01,1.828057166237059761e+01,8.189330060110163956e+00
-9.287005354642248278e+01,1.700403883853364562e+01,1.957054742348600129e+01,1.828057166237059761e+01,8.189330060110165732e+00
-9.184721932007802536e+01,1.624035341080281469e+01,1.853131959412177565e+01,1.753033766897435797e+01,7.536437052972716266e+00
-9.184721932007802536e+01,1.624035341080281469e+01,1.853131959412177565e+01,1.753033766897435441e+01,7.536437052972715378e+00
-9.184721932007802536e+01,1.624035341080281825e+01,1.853131959412177565e+01,1.753033766897435441e+01,7.536437052972716266e+00
-9.125506957049904599e+01,1.547839550943121978e+01,1.769006724020661281e+01,1.655752710242793313e+01,6.547855700560980097e+00
-9.125506957049904599e+01,1.547839550943122156e+01,1.769006724020661281e+01,1.655752710242793313e+01,6.547855700560980097e+00
-9.125506957049904599e+01,1.547839550943121978e+01,1.769006724020661281e+01,1.655752710242793313e+01,6.547855700560980097e+00
-9.113058998834006275e+01,1.464569066042160550e+01,1.658937712738528703e+01,1.582248381257232062e+01,5.471641545912802940e+00
-9.113058998834006275e+01,1.464569066042160905e+01,1.658937712738528703e+01,1.582248381257231884e+01,5.471641545912802940e+00
-9.113058998834006275e+01,1.464569066042160728e+01,1.658937712738528347e+01,1.582248381257231706e+01,5.471641545912802940e+00
-9.019576081767523590e+01,1.364951203089039744e+01,1.545648814139699567e+01,1.486509463386183150e+01,4.566653129563841063e+00
-9.019576081767523590e+01,1.364951203089039744e+01,1.545648814139699567e+01,1.486509463386183150e+01,4.566653129563840174e+00
-9.019576081767523590e+01,1.364951203089039922e+01,1.545648814139699567e+01,1.486509463386183150e+01,4.566653129563840174e+00
-8.782857823019963917e+01,1.288781049360781772e+01,1.461739467489115185e+01,1.371502799932024885e+01,3.918615452210919337e+00
-8.782857823019963917e+01,1.288781049360781772e+01,1.461739467489115185e+01,1.371502799932024885e+01,3.918615452210919337e+00
-8.782857823019963917e+01,1.288781049360781772e+01,1.461739467489115185e+01,1.371502799932024885e+01,3.918615452210919337e+00
-8.426500502312178753e+01,1.236024474083211899e+01,1.404789575746380592e+01,1.284900719024507687e+01,3.319222889089848305e+00
-8.426500502312178753e+01,1.236024474083212077e+01,1.404789575746380592e+01,1.284900719024507865e+01,3.319222889089848305e+00
-8.426500502312178753e+01,1.236024474083211899e+01,1.404789575746380592e+01,1.284900719024507687e+01,3.319222889089848305e+00
-7.982583624376425746e+01,1.178741763161685085e+01,1.377120460763787513e+01,1.226199668188681002e+01,2.698660633105613549e+00
-7.982583624376425746e+01,1.178741763161685085e+01,1.377120460763787513e+01,1.226199668188681002e+01,2.698660633105614437e+00
-7.982583624376425746e+01,1.178741763161685085e+01,1.377120460763787335e+01,1.226199668188681002e+01,2.698660633105613549e+00
-7.417956567558108816e+01,1.126703795100889671e+01,1.367447687161348746e+01,1.126283735534030050e+01,0.000000000000000000e+00
-7.417956567558108816e+01,1.126703795100889671e+01,1.367447687161348746e+01,1.126283735534029873e+01,0.000000000000000000e+00
-7.417956567558108816e+01,1.126703795100889671e+01,1.367447687161348746e+01,1.126283735534030050e+01,0.000000000000000000e+00
-6.674692811666251657e+01,1.072136985025447409e+01,1.340757590181456571e+01,1.028009723991674740e+01,0.000000000000000000e+00
-6.674692811666251657e+01,1.072136985025447409e+01,1.340757590181456571e+01,1.028009723991674740e+01,0.000000000000000000e+00
-6.674692811666251657e+01,1.072136985025447409e+01,1.340757590181456571e+01,1.028009723991674917e+01,0.000000000000000000e+00
-5.763389452501618138e+01,1.011824733360024986e+01,1.283547743425359755e+01,9.703886657636719093e+00,0.000000000000000000e+00
-5.763389452501618138e+01,1.011824733360024808e+01,1.283547743425359577e+01,9.703886657636719093e+00,0.000000000000000000e+00
-5.763389452501618138e+01,1.011824733360024808e+01,1.283547743425359577e+01,9.703886657636717317e+00,0.000000000000000000e+00
-4.681367229320314038e+01,9.724176497726888968e+00,1.234263716817832268e+01,9.361519740231440068e+00,0.000000000000000000e+00
-4.681367229320314038e+01,9.724176497726888968e+00,1.234263716817832268e+01,9.361519740231440068e+00,0.000000000000000000e+00
-4.681367229320314038e+01,9.724176497726888968e+00,1.234263716817832268e+01,9.361519740231440068e+00,0.000000000000000000e+00
-3.472945856882312654e+01,9.712573156348465631e+00,1.194920509653031893e+01,8.741339289800549750e+00,0.000000000000000000e+00
-3.472945856882312654e+01,9.712573156348465631e+00,1.194920509653031893e+01,8.741339289800549750e+00,0.000000000000000000e+00
-3.472945856882312654e+01,9.712573156348465631e+00,1.194920509653032070e+01,8.741339289800549750e+00,0.000000000000000000e+00
-2.171798091551524479e+01,9.668206199911534071e+00,1.169805337581468230e+01,7.880959616353402808e+00,0.000000000000000000e+00
-2.171798091551524479e+01,9.668206199911532295e+00,1.169805337581468230e+01,7.880959616353401032e+00,0.000000000000000000e+00
-2.171798091551524479e+01,9.668206199911534071e+00,1.169805337581468230e+01,7.880959616353402808e+00,0.000000000000000000e+00
-7.549953228226071289e+00,9.342198923508009401e+00,1.170633161237524078e+01,7.215914420176821942e+00,0.000000000000000000e+00
-7.549953228226071289e+00,9.342198923508007624e+00,1.170633161237524078e+01,7.215914420176822830e+00,0.000000000000000000e+00
-7.549953228226071289e+00,9.342198923508009401e+00,1.170633161237524078e+01,7.215914420176821942e+00,0.000000000000000000e+00
7.578773421592071458e+00,8.903897595746050442e+00,1.193944961477536815e+01,7.106679407313177599e+00,0.000000000000000000e+00
7.578773421592071458e+00,8.903897595746050442e+00,1.193944961477536459e+01,7.106679407313177599e+00,0.000000000000000000e+00
7.578773421592071458e+00,8.903897595746050442e+00,1.193944961477536815e+01,7.106679407313177599e+00,0.000000000000000000e+00
2.294683404365491697e+01,9.390643070041990725e+00,1.224580636888713769e+01,7.000144616180806523e+00,0.000000000000000000e+00
2.294683404365491697e+01,9.390643070041992502e+00,1.224580636888713769e+01,7.000144616180807411e+00,0.000000000000000000e+00
2.294683404365491697e+01,9.390643070041992502e+00,1.224580636888713769e+01,7.000144616180807411e+00,0.000000000000000000e+00
3.749518679338608251e+01,1.000823093370305017e+01,1.299870740256761081e+01,7.440304874694811943e+00,0.000000000000000000e+00
3.749518679338608251e+01,1.000823093370305017e+01,1.299870740256761081e+01,7.440304874694811943e+00,0.000000000000000000e+00
3.749518679338608251e+01,1.000823093370305017e+01,1.299870740256761081e+01,7.440304874694811943e+00,0.000000000000000000e+00
5.011502719176122866e+01,1.017566394282723152e+01,1.464239475933897694e+01,9.474883647398888442e+00,0.000000000000000000e+00
5.011502719176122866e+01,1.017566394282723152e+01,1.464239475933897872e+01,9.474883647398886666e+00,0.000000000000000000e+00
5.011502719176122866e+01,1.017566394282723330e+01,1.464239475933897872e+01,9.474883647398888442e+00,0.000000000000000000e+00
6.058266874611567943e+01,1.077800453547503778e+01,1.686993683704893954e+01,1.193359501061248729e+01,2.805589802626999862e+00
6.058266874611567943e+01,1.077800453547503778e+01,1.686993683704893954e+01,1.193359501061248729e+01,2.805589802626999418e+00
6.058266874611567943e+01,1.077800453547503778e+01,1.686993683704893954e+01,1.193359501061248729e+01,2.805589802626999862e+00
6.968977109139548531e+01,1.265479859894461256e+01,1.898564276493801728e+01,1.357448958335129596e+01,4.362147210721683876e+00
6.968977109139548531e+01,1.265479859894461256e+01,1.898564276493801728e+01,1.357448958335129596e+01,4.362147210721683876e+00
6.968977109139548531e+01,1.265479859894461256e+01,1.898564276493801373e+01,1.357448958335129596e+01,4.362147210721683876e+00
7.716664699404213934e+01,1.571359030967066417e+01,2.076706309927092420e+01,1.509476509148990431e+01,5.676909680646828882e+00
7.716664699404213934e+01,1.571359030967066239e+01,2.076706309927092420e+01,1.509476509148990431e+01,5.676909680646828882e+00
7.716664699404213934e+01,1.571359030967066417e+01,2.076706309927092420e+01,1.509476509148990075e+01,5.676909680646829770e+00
8.220032296104112390e+01,1.870956995691851787e+01,2.247038652163281469e+01,1.700502702243018760e+01,7.023402681683701410e+00
8.220032296104112390e+01,1.870956995691851787e+01,2.247038652163280759e+01,1.700502702243018405e+01,7.023402681683701410e+00
8.220032296104112390e+01,1.870956995691851787e+01,2.247038652163281114e+01,1.700502702243018760e+01,7.023402681683700521e+00
8.547370615114381565e+01,2.083570722739790071e+01,2.423003940046325866e+01,1.981738511825601634e+01,8.292454240221360351e+00
8.547370615114381565e+01,2.083570722739790071e+01,2.423003940046325866e+01,1.981738511825601634e+01,8.292454240221360351e+00
8.547370615114381565e+01,2.083570722739790071e+01,2.423003940046326221e+01,1.981738511825601634e+01,8.292454240221358575e+00
8.753962357590869203e+01,2.286027231594849596e+01,2.599493525382448667e+01,2.318619349350111136e+01,9.454772744473400437e+00
8.753962357590869203e+01,2.286027231594849596e+01,2.599493525382448667e+01,2.318619349350111492e+01,9.454772744473398660e+00
8.753962357590869203e+01,2.286027231594849596e+01,2.599493525382448667e+01,2.318619349350111492e+01,9.454772744473398660e+00
8.920083909512119646e+01,2.514076346229592573e+01,2.738438314838718668e+01,2.585998382887797931e+01,1.075082756420873054e+01
8.920083909512119646e+01,2.514076346229592929e+01,2.738438314838717957e+01,2.585998382887798286e+01,1.075082756420873231e+01
8.920083909512119646e+01,2.514076346229592929e+01,2.738438314838718668e+01,2.585998382887797931e+01,1.075082756420873054e+01
9.143399993743290111e+01,2.742781228936056337e+01,2.834897188355239450e+01,2.772612040655959831e+01,1.219401958438929690e+01
9.143399993743290111e+01,2.742781228936056337e+01,2.834897188355239450e+01,2.772612040655959831e+01,1.219401958438929690e+01
9.143399993743290111e+01,2.742781228936056337e+01,2.834897188355239450e+01,2.772612040655959831e+01,1.219401958438929690e+01
9.373356858214147280e+01,2.904219256778975122e+01,2.990855889057655403e+01,2.890407914448041282e+01,1.331959996642539146e+01
9.373356858214147280e+01,2.904219256778975122e+01,2.990855889057655403e+01,2.890407914448041282e+01,1.331959996642538968e+01
9.373356858214147280e+01,2.904219256778974767e+01,2.990855889057654693e+01,2.890407914448040927e+01,1.331959996642539146e+01
9.543850083122590888e+01,3.017239604124015173e+01,3.070624158705615514e+01,2.973438281526784621e+01,1.416157580832278917e+01
9.543850083122590888e+01,3.017239604124015173e+01,3.070624158705615514e+01,2.973438281526784621e+01,1.416157580832278740e+01
9.543850083122590888e+01,3.017239604124015528e+01,3.070624158705615514e+01,2.973438281526783911e+01,1.416157580832278740e+01
-9.154164320261644150e+01,1.763482939514262426e+01,2.021269652827159646e+01,1.880733261890270214e+01,8.807503038955564634e+00
-9.154164320261644150e+01,1.763482939514262426e+01,2.021269652827159646e+01,1.880733261890269858e+01,8.807503038955564634e+00
-9.154164320261644150e+01,1.763482939514262426e+01,2.021269652827159646e+01,1.880733261890270214e+01,8.807503038955564634e+00
-9.058088363061307291e+01,1.697786286136845746e+01,1.964661311735871507e+01,1.830979552768837593e+01,8.258446842024417478e+00
-9.058088363061307291e+01,1.697786286136845746e+01,1.964661311735871507e+01,1.830979552768837593e+01,8.258446842024417478e+00
-9.058088363061307291e+01,1.697786286136845746e+01,1.964661311735871507e+01,1.830979552768837593e+01,8.258446842024417478e+00
-8.956340897293712544e+01,1.615664117244211440e+01,1.858091521300642057e+01,1.760671699568642623e+01,7.563211066651929215e+00
-8.956340897293712544e+01,1.615664117244211084e+01,1.858091521300642057e+01,1.760671699568642268e+01,7.563211066651929215e+00
-8.956340897293712544e+01,1.615664117244211084e+01,1.858091521300642057e+01,1.760671699568642623e+01,7.563211066651929215e+00
-8.908879903142279488e+01,1.522691908438876318e+01,1.766608539262950472e+01,1.654052321832087813e+01,6.678366155205132770e+00
-8.908879903142279488e+01,1.522691908438876318e+01,1.766608539262950472e+01,1.654052321832087813e+01,6.678366155205132770e+00
-8.908879903142279488e+01,1.522691908438876141e+01,1.766608539262950472e+01,1.654052321832087813e+01,6.678366155205132770e+00
-8.924773352407339644e+01,1.442172401783522240e+01,1.644491877919158185e+01,1.540953573045842084e+01,5.711451748108509641e+00
-8.924773352407339644e+01,1.442172401783522240e+01,1.644491877919158185e+01,1.540953573045842262e+01,5.711451748108507864e+00
-8.924773352407339644e+01,1.442172401783522240e+01,1.644491877919158185e+01,1.540953573045842262e+01,5.711451748108507864e+00
-8.859515790337455599e+01,1.356827876282269507e+01,1.528720103571697742e+01,1.434838892237033114e+01,4.805952416645557612e+00
-8.859515790337455599e+01,1.356827876282269685e+01,1.528720103571698097e+01,1.434838892237033114e+01,4.805952416645557612e+00
-8.859515790337455599e+01,1.356827876282269507e+01,1.528720103571697742e+01,1.434838892237033114e+01,4.805952416645557612e+00
-8.644249712091873050e+01,1.267314301879664207e+01,1.451438041674731672e+01,1.304854202873818103e+01,4.079324482784396189e+00
-8.644249712091873050e+01,1.267314301879664384e+01,1.451438041674731672e+01,1.304854202873817925e+01,4.079324482784396189e+00
-8.644249712091873050e+01,1.267314301879664384e+01,1.451438041674731672e+01,1.304854202873818103e+01,4.079324482784396189e+00
-8.298092041802294716e+01,1.186267450830001557e+01,1.399882149997579894e+01,1.224741197989381369e+01,3.453165767527741625e+00
-8.298092041802294716e+01,1.186267450830001557e+01,1.399882149997579894e+01,1.224741197989381725e+01,3.453165767527741625e+00
-8.298092041802294716e+01,1.186267450830001557e+01,1.399882149997579894e+01,1.224741197989381547e+01,3.453165767527741625e+00
-7.846792966362380639e+01,1.091392832007442770e+01,1.359838362570907755e+01,1.199491600882680942e+01,2.871839000242469631e+00
-7.846792966362380639e+01,1.091392832007442593e+01,1.359838362570907755e+01,1.199491600882680942e+01,2.871839000242470075e+00
-7.846792966362380639e+01,1.091392832007442593e+01,1.359838362570907755e+01,1.199491600882680942e+01,2.871839000242469631e+00
-7.272696341328948222e+01,1.035669519544239314e+01,1.339918740228516292e+01,1.149240609477617703e+01,2.186251778702203552e+00
-7.272696341328948222e+01,1.035669519544239314e+01,1.339918740228516469e+01,1.149240609477617703e+01,2.186251778702203552e+00
-7.272696341328948222e+01,1.035669519544239314e+01,1.339918740228516469e+01,1.149240609477617703e+01,2.186251778702203552e+00
-6.526402307529191660e+01,1.005887838495698716e+01,1.307266410732191275e+01,1.064848196861258067e+01,0.000000000000000000e+00
-6.526402307529191660e+01,1.005887838495698716e+01,1.307266410732191275e+01,1.064848196861257890e+01,0.000000000000000000e+00
-6.526402307529191660e+01,1.005887838495698716e+01,1.307266410732191098e+01,1.064848196861258067e+01,0.000000000000000000e+00
-5.628170708785265219e+01,9.671323301679986884e+00,1.258609744190342283e+01,9.960049907791844959e+00,0.000000000000000000e+00
-5.628170708785265219e+01,9.671323301679986884e+00,1.258609744190342816e+01,9.960049907791846735e+00,0.000000000000000000e+00
-5.628170708785265219e+01,9.671323301679986884e+00,1.258609744190342639e+01,9.960049907791844959e+00,0.000000000000000000e+00
-4.616288323268656058e+01,9.425013225164192932e+00,1.228285882226628267e+01,9.447542851891551408e+00,0.000000000000000000e+00
-4.616288323268656058e+01,9.425013225164192932e+00,1.228285882226628267e+01,9.447542851891551408e+00,0.000000000000000000e+00
-4.616288323268656058e+01,9.425013225164192932e+00,1.228285882226628267e+01,9.447542851891551408e+00,0.000000000000000000e+00
-3.473996286626093877e+01,9.352644335644207274e+00,1.190957045419452243e+01,8.815457176933604089e+00,0.000000000000000000e+00
-3.473996286626093877e+01,9.352644335644209050e+00,1.190957045419452243e+01,8.815457176933605865e+00,0.000000000000000000e+00
-3.473996286626093877e+01,9.352644335644207274e+00,1.190957045419452420e+01,8.815457176933604089e+00,0.000000000000000000e+00
-2.194483860203118297e+01,9.329546712148548693e+00,1.156371140400870523e+01,8.103674820303345072e+00,0.000000000000000000e+00
-2.194483860203118297e+01,9.329546712148548693e+00,1.156371140400870523e+01,8.103674820303346849e+00,0.000000000000000000e+00
-2.194483860203118297e+01,9.329546712148550469e+00,1.156371140400870168e+01,8.103674820303345072e+00,0.000000000000000000e+00
-7.809132081961714711e+00,9.317732530383935341e+00,1.149698971424745686e+01,7.803856962360774752e+00,0.000000000000000000e+00
-7.809132081961714711e+00,9.317732530383933565e+00,1.149698971424745686e+01,7.803856962360774752e+00,0.000000000000000000e+00
-7.809132081961714711e+00,9.317732530383935341e+00,1.149698971424745686e+01,7.803856962360774752e+00,0.000000000000000000e+00
7.231850209120156414e+00,9.017018895094182085e+00,1.165833707998357127e+01,7.661935103533862979e+00,0.000000000000000000e+00
7.231850209120156414e+00,9.017018895094183861e+00,1.165833707998357127e+01,7.661935103533862979e+00,0.000000000000000000e+00
7.231850209120156414e+00,9.017018895094183861e+00,1.165833707998357305e+01,7.661935103533864755e+00,0.000000000000000000e+00
2.249849336529279498e+01,9.162507480508008229e+00,1.204497442722430556e+01,7.497935893406010521e+00,0.000000000000000000e+00
2.249849336529279498e+01,9.162507480508010005e+00,1.204497442722430556e+01,7.497935893406011409e+00,0.000000000000000000e+00
2.249849336529279498e+01,9.162507480508008229e+00,1.204497442722430556e+01,7.497935893406011409e+00,0.000000000000000000e+00
3.697499645900260390e+01,9.693740563997526039e+00,1.300505691699895117e+01,7.989468721792827743e+00,0.000000000000000000e+00
3.697499645900260390e+01,9.693740563997526039e+00,1.300505691699895117e+01,7.989468721792827743e+00,0.000000000000000000e+00
3.697499645900260390e+01,9.693740563997524262e+00,1.300505691699895117e+01,7.989468721792827743e+00,0.000000000000000000e+00
4.930166538137183352e+01,9.905431371141155239e+00,1.505478105645079623e+01,9.730571354325439515e+00,0.000000000000000000e+00
4.930166538137183352e+01,9.905431371141155239e+00,1.505478105645079800e+01,9.730571354325439515e+00,0.000000000000000000e+00
4.930166538137183352e+01,9.905431371141155239e+00,1.505478105645079978e+01,9.730571354325439515e+00,0.000000000000000000e+00
5.935501624042528590e+01,1.005415820183417352e+01,1.713207224245134341e+01,1.176847919229216544e+01,2.738367667789156634e+00
5.935501624042528590e+01,1.005415820183417175e+01,1.713207224245134341e+01,1.176847919229216366e+01,2.738367667789156634e+00
5.935501624042528590e+01,1.005415820183417352e+01,1.713207224245134341e+01,1.176847919229216544e+01,2.738367667789156634e+00
6.800327191543364336e+01,1.131319545639515667e+01,1.899160824943922066e+01,1.350041311070492966e+01,4.341653670106973451e+00
6.800327191543364336e+01,1.131319545639515489e+01,1.899160824943922066e+01,1.350041311070492966e+01,4.341653670106973451e+00
6.800327191543364336e+01,1.131319545639515489e+01,1.899160824943922066e+01,1.350041311070493144e+01,4.341653670106973451e+00
7.508243211514552229e+01,1.466495937819331630e+01,2.063885372283083086e+01,1.545680386267495976e+01,5.772246078055418117e+00
7.508243211514552229e+01,1.466495937819331630e+01,2.063885372283083086e+01,1.545680386267495976e+01,5.772246078055419893e+00
7.508243211514552229e+01,1.466495937819331630e+01,2.063885372283083086e+01,1.545680386267495976e+01,5.772246078055419005e+00
8.007945487702991727e+01,1.799042321001729405e+01,2.238824971405935216e+01,1.762685707302263793e+01,7.118226311682954055e+00
8.007945487702991727e+01,1.799042321001729405e+01,2.238824971405935216e+01,1.762685707302263793e+01,7.118226311682954055e+00
8.007945487702991727e+01,1.799042321001729405e+01,2.238824971405935216e+01,1.762685707302263793e+01,7.118226311682954055e+00
8.361741193912550330e+01,1.985081982475615803e+01,2.434603647176612284e+01,2.034435740582683394e+01,8.338586064730002079e+00
8.361741193912550330e+01,1.985081982475615803e+01,2.434603647176612284e+01,2.034435740582683394e+01,8.338586064730002079e+00
8.361741193912550330e+01,1.985081982475615803e+01,2.434603647176612284e+01,2.034435740582683394e+01,8.338586064730002079e+00
8.616796945993596069e+01,2.184018937141496153e+01,2.626657813070463732e+01,2.317176133946372119e+01,9.456564877063517116e+00
8.616796945993596069e+01,2.184018937141496508e+01,2.626657813070463732e+01,2.317176133946372119e+01,9.456564877063518892e+00
8.616796945993596069e+01,2.184018937141496508e+01,2.626657813070463732e+01,2.317176133946372119e+01,9.456564877063518892e+00
8.827208985450684509e+01,2.433497445984927054e+01,2.768621049027090919e+01,2.560014580542097207e+01,1.070948692148794201e+01
8.827208985450684509e+01,2.433497445984927410e+01,2.768621049027090919e+01,2.560014580542097207e+01,1.070948692148794201e+01
8.827208985450684509e+01,2.433497445984927054e+01,2.768621049027090919e+01,2.560014580542097207e+01,1.070948692148794201e+01
9.056658290590138449e+01,2.690739701956992036e+01,2.867263093994483825e+01,2.758730916048176951e+01,1.204827766627858132e+01
9.056658290590138449e+01,2.690739701956992036e+01,2.867263093994483825e+01,2.758730916048176596e+01,1.204827766627857955e+01
9.056658290590138449e+01,2.690739701956992036e+01,2.867263093994483825e+01,2.758730916048176951e+01,1.204827766627857955e+01
9.266072894179583841e+01,2.866959588294778882e+01,3.019671786181137563e+01,2.893261953252295626e+01,1.307159110545690339e+01
9.266072894179583841e+01,2.866959588294779948e+01,3.019671786181137207e+01,2.893261953252295626e+01,1.307159110545690339e+01
9.266072894179583841e+01,2.866959588294779593e+01,3.019671786181137207e+01,2.893261953252295626e+01,1.307159110545690339e+01
9.412375548236471445e+01,2.978016947646896995e+01,3.100768346791814523e+01,2.981795347814134800e+01,1.385197186033718708e+01
9.412375548236471445e+01,2.978016947646897350e+01,3.100768346791814523e+01,2.981795347814134800e+01,1.385197186033718708e+01
9.412375548236471445e+01,2.978016947646897350e+01,3.100768346791814878e+01,2.981795347814134800e+01,1.385197186033718708e+01
-8.988745963567144770e+01,1.747869061451453376e+01,2.027175807385536643e+01,1.897778751979531719e+01,8.790161868446368487e+00
-8.988745963567144770e+01,1.747869061451453021e+01,2.027175807385536288e+01,1.897778751979531719e+01,8.790161868446368487e+00
-8.988745963567144770e+01,1.747869061451453021e+01,2.027175807385536643e+01,1.897778751979531719e+01,8.790161868446368487e+00
-8.847782007165324103e+01,1.665378225348821672e+01,1.978704163126780813e+01,1.842860944709356019e+01,8.270781064337620947e+00
-8.847782007165324103e+01,1.665378225348821672e+01,1.978704163126780813e+01,1.842860944709356019e+01,8.270781064337620947e+00
-8.847782007165324103e+01,1.665378225348821672e+01,1.978704163126780813e+01,1.842860944709356019e+01,8.270781064337620947e+00
-8.735669576317604879e+01,1.576242906385589926e+01,1.887205090196769675e+01,1.770736352900346944e+01,7.482758807729418038e+00
-8.735669576317604879e+01,1.576242906385589926e+01,1.887205090196769675e+01,1.770736352900346589e+01,7.482758807729418038e+00
-8.735669576317604879e+01,1.576242906385589926e+01,1.887205090196769675e+01,1.770736352900346944e+01,7.482758807729417150e+00
-8.672228589829595080e+01,1.484911735398735644e+01,1.757620449877709490e+01,1.650812979563841409e+01,6.507812551598896711e+00
-8.672228589829595080e+01,1.484911735398735644e+01,1.757620449877709135e+01,1.650812979563841765e+01,6.507812551598898487e+00
-8.672228589829595080e+01,1.484911735398735644e+01,1.757620449877709490e+01,1.650812979563841409e+01,6.507812551598896711e+00
-8.674778895106193488e+01,1.409018265800089509e+01,1.632109275204550514e+01,1.527738970109277439e+01,5.630539797029338267e+00
-8.674778895106193488e+01,1.409018265800089154e+01,1.632109275204550869e+01,1.527738970109277261e+01,5.630539797029338267e+00
-8.674778895106193488e+01,1.409018265800089154e+01,1.632109275204550514e+01,1.527738970109277439e+01,5.630539797029338267e+00
-8.620245444911007837e+01,1.339162894948123395e+01,1.527060596142934656e+01,1.413238004804966863e+01,4.769728973837321639e+00
-8.620245444911007837e+01,1.339162894948123572e+01,1.527060596142934656e+01,1.413238004804967041e+01,4.769728973837320751e+00
-8.620245444911007837e+01,1.339162894948123395e+01,1.527060596142934656e+01,1.413238004804966685e+01,4.769728973837321639e+00
-8.450480114260547282e+01,1.242918242662597450e+01,1.463602404449702377e+01,1.301602602276164156e+01,4.021216484579764661e+00
-8.450480114260547282e+01,1.242918242662597628e+01,1.463602404449702377e+01,1.301602602276163978e+01,4.021216484579764661e+00
-8.450480114260547282e+01,1.242918242662597450e+01,1.463602404449702377e+01,1.301602602276163978e+01,4.021216484579764661e+00
-8.152136008467483919e+01,1.127954098422569373e+01,1.412593643346450278e+01,1.228112564997215728e+01,3.427535647822987031e+00
-8.152136008467483919e+01,1.127954098422569373e+01,1.412593643346450278e+01,1.228112564997215728e+01,3.427535647822987031e+00
-8.152136008467483919e+01,1.127954098422569373e+01,1.412593643346450278e+01,1.228112564997215728e+01,3.427535647822987031e+00
-7.727791567037992593e+01,1.035977113871431854e+01,1.367004192904533078e+01,1.181354655979734147e+01,2.880259474528862107e+00
-7.727791567037992593e+01,1.035977113871431854e+01,1.367004192904533078e+01,1.181354655979734147e+01,2.880259474528862551e+00
-7.727791567037992593e+01,1.035977113871431854e+01,1.367004192904533078e+01,1.181354655979734325e+01,2.880259474528862107e+00
-7.139242167779831050e+01,9.937248678487341280e+00,1.339309188480537571e+01,1.139670238518955081e+01,2.287836861296000279e+00
-7.139242167779831050e+01,9.937248678487339504e+00,1.339309188480537571e+01,1.139670238518954726e+01,2.287836861296000279e+00
-7.139242167779831050e+01,9.937248678487341280e+00,1.339309188480537571e+01,1.139670238518955081e+01,2.287836861295999835e+00
-6.366191298593420100e+01,9.696045159174982331e+00,1.297049301229605156e+01,1.084045033515250722e+01,0.000000000000000000e+00
-6.366191298593420100e+01,9.696045159174982331e+00,1.297049301229605334e+01,1.084045033515251077e+01,0.000000000000000000e+00
-6.366191298593420100e+01,9.696045159174982331e+00,1.297049301229605156e+01,1.084045033515251077e+01,0.000000000000000000e+00
-5.473567980438737379e+01,9.250902783094010928e+00,1.252426953078867200e+01,1.024067212696035867e+01,0.000000000000000000e+00
-5.473567980438737379e+01,9.250902783094010928e+00,1.252426953078867378e+01,1.024067212696035689e+01,0.000000000000000000e+00
-5.473567980438737379e+01,9.250902783094012705e+00,1.252426953078867378e+01,1.024067212696035867e+01,0.000000000000000000e+00
-4.525192658392757039e+01,8.968543860122172973e+00,1.220693078785004637e+01,9.582553987479339952e+00,0.000000000000000000e+00
-4.525192658392757039e+01,8.968543860122172973e+00,1.220693078785004815e+01,9.582553987479338176e+00,0.000000000000000000e+00
-4.525192658392757039e+01,8.968543860122172973e+00,1.220693078785004460e+01,9.582553987479338176e+00,0.000000000000000000e+00
-3.457479468575828463e+01,8.864547581529667042e+00,1.186539647561469479e+01,8.734571958243659395e+00,0.000000000000000000e+00
-3.457479468575828463e+01,8.864547581529667042e+00,1.186539647561469124e+01,8.734571958243659395e+00,0.000000000000000000e+00
-3.457479468575828463e+01,8.864547581529667042e+00,1.186539647561469302e+01,8.734571958243659395e+00,0.000000000000000000e+00
-2.208167508018724945e+01,8.968969997273008588e+00,1.154610399185986935e+01,8.185741283634090593e+00,0.000000000000000000e+00
-2.208167508018724945e+01,8.968969997273008588e+00,1.154610399185986758e+01,8.185741283634088816e+00,0.000000000000000000e+00
-2.208167508018724945e+01,8.968969997273008588e+00,1.154610399185986935e+01,8.185741283634090593e+00,0.000000000000000000e+00
-8.031720770276098875e+00,9.071305712325054671e+00,1.132901297836960453e+01,7.891923228906092547e+00,0.000000000000000000e+00
-8.031720770276098875e+00,9.071305712325056447e+00,1.132901297836960453e+01,7.891923228906091659e+00,0.000000000000000000e+00
-8.031720770276098875e+00,9.071305712325056447e+00,1.132901297836960453e+01,7.891923228906092547e+00,0.000000000000000000e+00
6.873082743423128527e+00,8.991710729405079761e+00,1.146834737719382424e+01,7.565810418696033324e+00,0.000000000000000000e+00
6.873082743423128527e+00,8.991710729405079761e+00,1.146834737719382247e+01,7.565810418696035100e+00,0.000000000000000000e+00
6.873082743423128527e+00,8.991710729405077984e+00,1.146834737719382602e+01,7.565810418696033324e+00,0.000000000000000000e+00
2.201071228792591228e+01,8.909847581456959986e+00,1.195511825935735573e+01,7.646586575619769732e+00,0.000000000000000000e+00
2.201071228792591228e+01,8.909847581456959986e+00,1.195511825935735750e+01,7.646586575619769732e+00,0.000000000000000000e+00
2.201071228792591228e+01,8.909847581456959986e+00,1.195511825935735573e+01,7.646586575619769732e+00,0.000000000000000000e+00
3.632644362348010958e+01,9.288744473454677575e+00,1.312289064387920057e+01,8.421301154908787723e+00,0.000000000000000000e+00
3.632644362348010958e+01,9.288744473454677575e+00,1.312289064387919701e+01,8.421301154908787723e+00,0.000000000000000000e+00
3.632644362348010958e+01,9.288744473454677575e+00,1.312289064387919701e+01,8.421301154908787723e+00,0.000000000000000000e+00
4.841352852595475298e+01,9.570209420858919458e+00,1.531217176982297978e+01,9.801562631230117617e+00,0.000000000000000000e+00
4.841352852595475298e+01,9.570209420858919458e+00,1.531217176982298156e+01,9.801562631230117617e+00,0.000000000000000000e+00
4.841352852595475298e+01,9.570209420858919458e+00,1.531217176982298156e+01,9.801562631230117617e+00,0.000000000000000000e+00
5.829923761192613085e+01,9.638449439369596305e+00,1.715192567402345603e+01,1.108868527258506198e+01,2.540768237461937584e+00
5.829923761192613085e+01,9.638449439369596305e+00,1.715192567402345603e+01,1.108868527258506553e+01,2.540768237461937140e+00
5.829923761192613085e+01,9.638449439369596305e+00,1.715192567402345958e+01,1.108868527258506198e+01,2.540768237461937584e+00
6.654887733877620803e+01,1.071902831359620123e+01,1.879640312767057964e+01,1.295401424763557863e+01,4.196463809374367138e+00
6.654887733877620803e+01,1.071902831359620123e+01,1.879640312767057964e+01,1.295401424763557685e+01,4.196463809374367138e+00
6.654887733877620803e+01,1.071902831359620123e+01,1.879640312767057964e+01,1.295401424763557685e+01,4.196463809374368026e+00
7.320469462483035272e+01,1.359715072588547358e+01,2.036503689268887740e+01,1.533638881427561884e+01,5.670972782920284949e+00
7.320469462483035272e+01,1.359715072588547358e+01,2.036503689268887740e+01,1.533638881427562062e+01,5.670972782920284949e+00
7.320469462483035272e+01,1.359715072588547358e+01,2.036503689268887385e+01,1.533638881427562239e+01,5.670972782920284949e+00
7.818040850815229703e+01,1.640940777040859544e+01,2.210360267495899933e+01,1.821396219779075309e+01,6.940214090584501783e+00
7.818040850815229703e+01,1.640940777040859544e+01,2.210360267495899933e+01,1.821396219779075309e+01,6.940214090584502671e+00
7.818040850815229703e+01,1.640940777040859899e+01,2.210360267495899933e+01,1.821396219779075309e+01,6.940214090584501783e+00
8.176789908919505478e+01,1.833627463433547788e+01,2.421264206338813096e+01,2.080476305040425800e+01,8.105556588458917133e+00
8.176789908919505478e+01,1.833627463433547788e+01,2.421264206338812741e+01,2.080476305040425800e+01,8.105556588458918910e+00
8.176789908919505478e+01,1.833627463433547788e+01,2.421264206338813096e+01,2.080476305040426155e+01,8.105556588458917133e+00
8.447871781030131899e+01,2.052701643652084940e+01,2.646451200990013319e+01,2.279273401924885079e+01,9.371704300031154844e+00
8.447871781030131899e+01,2.052701643652084940e+01,2.646451200990012964e+01,2.279273401924885079e+01,9.371704300031154844e+00
8.447871781030131899e+01,2.052701643652084229e+01,2.646451200990012964e+01,2.279273401924885079e+01,9.371704300031154844e+00
8.691399847374636067e+01,2.338370972386318059e+01,2.806610195493397697e+01,2.500590575915171243e+01,1.075081092097175706e+01
8.691399847374636067e+01,2.338370972386318059e+01,2.806610195493397697e+01,2.500590575915171243e+01,1.075081092097175883e+01
8.691399847374636067e+01,2.338370972386317703e+01,2.806610195493397697e+01,2.500590575915171598e+01,1.075081092097175706e+01
8.931965060084023378e+01,2.626596584255560529e+01,2.956903920318012524e+01,2.720610838475127835e+01,1.207035354805958960e+01
8.931965060084023378e+01,2.626596584255560529e+01,2.956903920318012524e+01,2.720610838475127835e+01,1.207035354805958960e+01
8.931965060084023378e+01,2.626596584255560884e+01,2.956903920318012879e+01,2.720610838475127125e+01,1.207035354805958960e+01
9.133639858646705534e+01,2.821336233451430786e+01,3.075321356331691547e+01,2.879370832666482727e+01,1.300109488461137630e+01
9.133639858646705534e+01,2.821336233451430786e+01,3.075321356331691192e+01,2.879370832666483082e+01,1.300109488461137452e+01
9.133639858646705534e+01,2.821336233451430786e+01,3.075321356331691192e+01,2.879370832666482016e+01,1.300109488461137275e+01
9.290090606040688215e+01,2.937369129105259447e+01,3.140253754450372270e+01,2.990351635721477663e+01,1.362282246039373135e+01
9.290090606040688215e+01,2.937369129105259802e+01,3.140253754450373336e+01,2.990351635721477663e+01,1.362282246039373135e+01
9.290090606040688215e+01,2.937369129105259802e+01,3.140253754450372625e+01,2.990351635721477663e+01,1.362282246039372779e+01
-8.904105339289804988e+01,1.737704987723802574e+01,2.016478140083676251e+01,1.940264492238091876e+01,8.661970413241395050e+00
-8.904105339289804988e+01,1.737704987723802574e+01,2.016478140083676251e+01,1.940264492238091876e+01,8.661970413241395050e+00
-8.904105339289804988e+01,1.737704987723802574e+01,2.016478140083676607e+01,1.940264492238091520e+01,8.661970413241395050e+00
-8.851138940879827999e+01,1.685267641640100322e+01,1.972107763296789784e+01,1.910126587150486444e+01,8.177543083003836699e+00
-8.851138940879827999e+01,1.685267641640100322e+01,1.972107763296790139e+01,1.910126587150486444e+01,8.177543083003836699e+00
-8.851138940879827999e+01,1.685267641640100678e+01,1.972107763296790139e+01,1.910126587150486088e+01,8.177543083003836699e+00
-8.583206835464143580e+01,1.550902922866029421e+01,1.914230481402977091e+01,1.773414750383622973e+01,7.530111869903812760e+00
-8.583206835464143580e+01,1.550902922866029421e+01,1.914230481402977446e+01,1.773414750383622973e+01,7.530111869903812760e+00
-8.583206835464143580e+01,1.550902922866029421e+01,1.914230481402977446e+01,1.773414750383623328e+01,7.530111869903812760e+00
-8.461391057907542290e+01,1.450727515572034498e+01,1.793235273744677372e+01,1.635046189116190263e+01,6.549683512159528043e+00
-8.461391057907542290e+01,1.450727515572034498e+01,1.793235273744677372e+01,1.635046189116190263e+01,6.549683512159528043e+00
-8.461391057907542290e+01,1.450727515572034321e+01,1.793235273744677372e+01,1.635046189116190263e+01,6.549683512159528043e+00
-8.410985706822900454e+01,1.371470078867722364e+01,1.619168683038442680e+01,1.522517217618561958e+01,5.386144648359524112e+00
-8.410985706822900454e+01,1.371470078867722364e+01,1.619168683038442325e+01,1.522517217618561958e+01,5.386144648359524112e+00
-8.410985706822900454e+01,1.371470078867722187e+01,1.619168683038442680e+01,1.522517217618561780e+01,5.386144648359525000e+00
-8.359589601806872849e+01,1.303526415122539639e+01,1.519584940713409793e+01,1.428169988032818338e+01,4.573649805728315698e+00
-8.359589601806872849e+01,1.303526415122539639e+01,1.519584940713409793e+01,1.428169988032818516e+01,4.573649805728315698e+00
-8.359589601806872849e+01,1.303526415122539817e+01,1.519584940713409971e+01,1.428169988032818694e+01,4.573649805728315698e+00
-8.232741671848471299e+01,1.207277960215523294e+01,1.470598749071919187e+01,1.333231701078006992e+01,3.945696563092592424e+00
-8.232741671848471299e+01,1.207277960215523294e+01,1.470598749071919187e+01,1.333231701078006992e+01,3.945696563092592424e+00
-8.232741671848471299e+01,1.207277960215523294e+01,1.470598749071919187e+01,1.333231701078006992e+01,3.945696563092592424e+00
-7.983690396647264720e+01,1.101877897448997423e+01,1.422318260885974084e+01,1.263972493883139414e+01,3.433754821141041802e+00
-7.983690396647264720e+01,1.101877897448997423e+01,1.422318260885974084e+01,1.263972493883139414e+01,3.433754821141042246e+00
-7.983690396647264720e+01,1.101877897448997423e+01,1.422318260885974261e+01,1.263972493883139414e+01,3.433754821141042246e+00
-7.587877542135910858e+01,1.027046875567977224e+01,1.379068549266040833e+01,1.190536262358804187e+01,2.899650066829828621e+00
-7.587877542135910858e+01,1.027046875567977224e+01,1.379068549266041011e+01,1.190536262358804187e+01,2.899650066829828621e+00
-7.587877542135910858e+01,1.027046875567977224e+01,1.379068549266040833e+01,1.190536262358804365e+01,2.899650066829828621e+00
-7.021786852513992017e+01,9.850538071938411022e+00,1.337312160222724877e+01,1.115420714265242985e+01,2.320531346813080820e+00
-7.021786852513992017e+01,9.850538071938411022e+00,1.337312160222724877e+01,1.115420714265242985e+01,2.320531346813080820e+00
-7.021786852513992017e+01,9.850538071938411022e+00,1.337312160222724877e+01,1.115420714265242985e+01,2.320531346813080820e+00
-6.249663759086281090e+01,9.420793715584357741e+00,1.282824463438211815e+01,1.063556729713933890e+01,0.000000000000000000e+00
-6.249663759086281090e+01,9.420793715584357741e+00,1.282824463438211815e+01,1.063556729713933890e+01,0.000000000000000000e+00
-6.249663759086281090e+01,9.420793715584357741e+00,1.282824463438211815e+01,1.063556729713934068e+01,0.000000000000000000e+00
-5.349220585763064406e+01,8.974546354386863101e+00,1.230117420268195971e+01,1.023089682950875812e+01,0.000000000000000000e+00
-5.349220585763064406e+01,8.974546354386863101e+00,1.230117420268195616e+01,1.023089682950875812e+01,0.000000000000000000e+00
-5.349220585763064406e+01,8.974546354386863101e+00,1.230117420268195971e+01,1.023089682950875812e+01,0.000000000000000000e+00
-4.419364707357021160e+01,8.780968418509768725e+00,1.196763248481486563e+01,9.531013070286350697e+00,0.000000000000000000e+00
-4.419364707357021160e+01,8.780968418509766948e+00,1.196763248481486386e+01,9.531013070286352473e+00,0.000000000000000000e+00
-4.419364707357021160e+01,8.780968418509766948e+00,1.196763248481486563e+01,9.531013070286352473e+00,0.000000000000000000e+00
-3.403072820146992683e+01,8.787189843552514645e+00,1.164946915333701227e+01,8.780228169906708402e+00,0.000000000000000000e+00
-3.403072820146992683e+01,8.787189843552516422e+00,1.164946915333701227e+01,8.780228169906708402e+00,0.000000000000000000e+00
-3.403072820146992683e+01,8.787189843552514645e+00,1.164946915333701405e+01,8.780228169906708402e+00,0.000000000000000000e+00
-2.204579792889268930e+01,8.954781233827429077e+00,1.144612679572029279e+01,8.575721589698568792e+00,0.000000000000000000e+00
-2.204579792889268930e+01,8.954781233827429077e+00,1.144612679572029279e+01,8.575721589698568792e+00,0.000000000000000000e+00
-2.204579792889268930e+01,8.954781233827429077e+00,1.144612679572029279e+01,8.575721589698567016e+00,0.000000000000000000e+00
-8.321472677702518084e+00,8.956072868812384513e+00,1.129119759274319890e+01,7.990086325086592112e+00,0.000000000000000000e+00
-8.321472677702518084e+00,8.956072868812384513e+00,1.129119759274320245e+01,7.990086325086592112e+00,0.000000000000000000e+00
-8.321472677702518084e+00,8.956072868812384513e+00,1.129119759274320423e+01,7.990086325086592112e+00,0.000000000000000000e+00
6.395513279375026450e+00,8.493849600977160463e+00,1.144542373834038784e+01,7.311813828624310396e+00,0.000000000000000000e+00
6.395513279375026450e+00,8.493849600977162240e+00,1.144542373834038784e+01,7.311813828624308620e+00,0.000000000000000000e+00
6.395513279375026450e+00,8.493849600977158687e+00,1.144542373834038784e+01,7.311813828624307732e+00,0.000000000000000000e+00
2.141439079706578497e+01,8.218555891474114361e+00,1.193654635767117789e+01,7.290124805331083202e+00,0.000000000000000000e+00
2.141439079706578497e+01,8.218555891474114361e+00,1.193654635767117789e+01,7.290124805331083202e+00,0.000000000000000000e+00
2.141439079706578497e+01,8.218555891474112585e+00,1.193654635767117611e+01,7.290124805331084978e+00,0.000000000000000000e+00
3.557779222556439436e+01,8.604549254883641751e+00,1.327567945382501691e+01,8.004716823977448215e+00,0.000000000000000000e+00
3.557779222556439436e+01,8.604549254883639975e+00,1.327567945382501513e+01,8.004716823977448215e+00,0.000000000000000000e+00
3.557779222556439436e+01,8.604549254883639975e+00,1.327567945382501868e+01,8.004716823977448215e+00,0.000000000000000000e+00
4.763727084154535873e+01,8.908231853801627409e+00,1.516759707187090811e+01,9.028975865661339029e+00,0.000000000000000000e+00
4.763727084154535873e+01,8.908231853801627409e+00,1.516759707187090811e+01,9.028975865661340805e+00,0.000000000000000000e+00
4.763727084154535873e+01,8.908231853801625633e+00,1.516759707187090633e+01,9.028975865661340805e+00,0.000000000000000000e+00
5.734552373474238607e+01,9.017036447280297295e+00,1.683910012505737086e+01,1.022803474278036795e+01,2.390226143152908822e+00
5.734552373474238607e+01,9.017036447280295519e+00,1.683910012505737086e+01,1.022803474278036795e+01,2.390226143152908822e+00
5.734552373474238607e+01,9.017036447280297295e+00,1.683910012505737441e+01,1.022803474278036795e+01,2.390226143152908822e+00
6.535504345901973977e+01,1.018543824287563737e+01,1.825461715605812429e+01,1.207700159253441896e+01,4.040004326862436379e+00
6.535504345901973977e+01,1.018543824287563737e+01,1.825461715605812429e+01,1.207700159253441896e+01,4.040004326862436379e+00
6.535504345901973977e+01,1.018543824287563915e+01,1.825461715605812429e+01,1.207700159253441896e+01,4.040004326862436379e+00
7.175149349055462267e+01,1.255852493042331552e+01,1.971838109946492068e+01,1.432822796290667533e+01,5.364674285396745290e+00
7.175149349055462267e+01,1.255852493042331730e+01,1.971838109946492068e+01,1.432822796290667533e+01,5.364674285396745290e+00
7.175149349055462267e+01,1.255852493042331730e+01,1.971838109946492068e+01,1.432822796290667355e+01,5.364674285396745290e+00
7.648659289531727268e+01,1.474406275171814507e+01,2.151465819898898246e+01,1.736110797933876171e+01,6.494526789842484327e+00
7.648659289531727268e+01,1.474406275171814862e+01,2.151465819898898246e+01,1.736110797933876171e+01,6.494526789842484327e+00
7.648659289531727268e+01,1.474406275171814862e+01,2.151465819898898246e+01,1.736110797933875816e+01,6.494526789842484327e+00
7.985104578176567713e+01,1.695985130960627529e+01,2.378757932220028692e+01,1.980418587843381673e+01,7.604877544265753464e+00
7.985104578176567713e+01,1.695985130960627174e+01,2.378757932220027982e+01,1.980418587843382028e+01,7.604877544265753464e+00
7.985104578176567713e+01,1.695985130960627174e+01,2.378757932220028337e+01,1.980418587843382028e+01,7.604877544265753464e+00
8.256837394582082368e+01,1.950438984287287525e+01,2.638678104131106039e+01,2.171843144038155415e+01,9.089645455924179274e+00
8.256837394582082368e+01,1.950438984287287525e+01,2.638678104131106394e+01,2.171843144038155060e+01,9.089645455924179274e+00
8.256837394582082368e+01,1.950438984287287525e+01,2.638678104131107105e+01,2.171843144038155415e+01,9.089645455924179274e+00
8.532096216360299934e+01,2.252327904394267932e+01,2.904889475097161622e+01,2.401407268328305378e+01,1.088951263056369889e+01
8.532096216360299934e+01,2.252327904394268288e+01,2.904889475097161267e+01,2.401407268328305022e+01,1.088951263056369889e+01
8.532096216360299934e+01,2.252327904394268288e+01,2.904889475097161267e+01,2.401407268328305022e+01,1.088951263056369889e+01
8.810036196414057486e+01,2.551005926981891037e+01,3.040111631770423628e+01,2.666394381841124073e+01,1.207756309122973448e+01
8.810036196414057486e+01,2.551005926981891037e+01,3.040111631770423983e+01,2.666394381841123717e+01,1.207756309122973448e+01
8.810036196414057486e+01,2.551005926981891037e+01,3.040111631770423628e+01,2.666394381841123717e+01,1.207756309122973448e+01
9.114504925638523503e+01,2.778711066186893319e+01,3.098529320106309015e+01,2.899900016804765812e+01,1.286726128486536780e+01
9.114504925638523503e+01,2.778711066186893675e+01,3.098529320106308660e+01,2.899900016804765457e+01,1.286726128486536780e+01
9.114504925638523503e+01,2.778711066186893675e+01,3.098529320106308660e+01,2.899900016804765457e+01,1.286726128486536780e+01
9.206940486654853828e+01,2.873973628889842047e+01,3.148100823316046615e+01,2.986763884479074349e+01,1.338703090618134262e+01
9.206940486654853828e+01,2.873973628889842047e+01,3.148100823316046615e+01,2.986763884479074349e+01,1.338703090618134262e+01
9.206940486654853828e+01,2.873973628889842047e+01,3.148100823316046615e+01,2.986763884479074704e+01,1.338703090618134262e+01
-8.870221706806172790e+01,1.723478476891191136e+01,2.002179439335386135e+01,1.962112904427194593e+01,8.480357846716064074e+00
-8.870221706806172790e+01,1.723478476891191491e+01,2.002179439335386135e+01,1.962112904427194238e+01,8.480357846716064074e+00
-8.870221706806172790e+01,1.723478476891191136e+01,2.002179439335386135e+01,1.962112904427194238e+01,8.480357846716064074e+00
-8.750141289217866358e+01,1.656709650725290928e+01,1.965337648698700335e+01,1.902137411841490788e+01,8.050903115404899779e+00
-8.750141289217866358e+01,1.656709650725290928e+01,1.965337648698700335e+01,1.902137411841490788e+01,8.050903115404899779e+00
-8.750141289217866358e+01,1.656709650725290928e+01,1.965337648698700335e+01,1.902137411841490788e+01,8.050903115404901556e+00
-8.598342447270709954e+01,1.557673715082965593e+01,1.899578608006831715e+01,1.792588638713367644e+01,7.454311575251289845e+00
-8.598342447270709954e+01,1.557673715082965415e+01,1.899578608006831715e+01,1.792588638713367999e+01,7.454311575251289845e+00
-8.598342447270709954e+01,1.557673715082965238e+01,1.899578608006831715e+01,1.792588638713367999e+01,7.454311575251289845e+00
-8.374608628960066881e+01,1.425939053873341322e+01,1.819992727415985456e+01,1.626097733511258170e+01,6.706530106927139023e+00
-8.374608628960066881e+01,1.425939053873341322e+01,1.819992727415985456e+01,1.626097733511258170e+01,6.706530106927139023e+00
-8.374608628960066881e+01,1.425939053873341322e+01,1.819992727415985101e+01,1.626097733511258170e+01,6.706530106927139911e+00
-8.257908800128316784e+01,1.339875564591415369e+01,1.651053658137445979e+01,1.523534282215118196e+01,5.527912344097105191e+00
-8.257908800128316784e+01,1.339875564591415369e+01,1.651053658137445979e+01,1.523534282215118019e+01,5.527912344097105191e+00
-8.257908800128316784e+01,1.339875564591415547e+01,1.651053658137445979e+01,1.523534282215118374e+01,5.527912344097105191e+00
-8.193523837642210594e+01,1.269641141740816437e+01,1.509478914415536366e+01,1.448029500116410517e+01,4.666511586848927529e+00
-8.193523837642210594e+01,1.269641141740816437e+01,1.509478914415536011e+01,1.448029500116410517e+01,4.666511586848926640e+00
-8.193523837642210594e+01,1.269641141740816614e+01,1.509478914415536011e+01,1.448029500116410340e+01,4.666511586848927529e+00
-8.088520778828943492e+01,1.190510514864644520e+01,1.466869714906760613e+01,1.369083903121635259e+01,4.078504926574000322e+00
-8.088520778828943492e+01,1.190510514864644520e+01,1.466869714906760613e+01,1.369083903121635259e+01,4.078504926574000322e+00
-8.088520778828943492e+01,1.190510514864644342e+01,1.466869714906760613e+01,1.369083903121635259e+01,4.078504926573998546e+00
-7.866746074030264424e+01,1.098518902340001802e+01,1.425412492431702738e+01,1.293828488076624517e+01,3.615664472848567179e+00
-7.866746074030264424e+01,1.098518902340001802e+01,1.425412492431702738e+01,1.293828488076624339e+01,3.615664472848567179e+00
-7.866746074030264424e+01,1.098518902340001979e+01,1.425412492431702738e+01,1.293828488076624339e+01,3.615664472848567179e+00
-7.472009567974060928e+01,1.033674063693177736e+01,1.373166503556813822e+01,1.215837832158369558e+01,3.092354264226407690e+00
-7.472009567974060928e+01,1.033674063693177914e+01,1.373166503556813822e+01,1.215837832158369380e+01,3.092354264226407690e+00
-7.472009567974060928e+01,1.033674063693177914e+01,1.373166503556813822e+01,1.215837832158369380e+01,3.092354264226407690e+00
-6.913137033653421781e+01,9.822425285610565382e+00,1.301638422035957809e+01,1.123483200898401613e+01,2.483616134292249367e+00
-6.913137033653421781e+01,9.822425285610563606e+00,1.301638422035957809e+01,1.123483200898401613e+01,2.483616134292249367e+00
-6.913137033653421781e+01,9.822425285610565382e+00,1.301638422035957809e+01,1.123483200898401613e+01,2.483616134292249367e+00
-6.195724507827939220e+01,9.198743657403801066e+00,1.236741913120697944e+01,1.058744912407199656e+01,0.000000000000000000e+00
-6.195724507827939220e+01,9.198743657403801066e+00,1.236741913120697944e+01,1.058744912407199834e+01,0.000000000000000000e+00
-6.195724507827939220e+01,9.198743657403802843e+00,1.236741913120698122e+01,1.058744912407199656e+01,0.000000000000000000e+00
-5.326983423454070277e+01,8.565394080864862758e+00,1.192157197691643411e+01,1.017823827375243084e+01,0.000000000000000000e+00
-5.326983423454070277e+01,8.565394080864864534e+00,1.192157197691643411e+01,1.017823827375243084e+01,0.000000000000000000e+00
-5.326983423454070277e+01,8.565394080864862758e+00,1.192157197691643411e+01,1.017823827375243084e+01,0.000000000000000000e+00
-4.379531099585533838e+01,8.420070438875823626e+00,1.165385062201555577e+01,9.696824139625501715e+00,0.000000000000000000e+00
-4.379531099585533838e+01,8.420070438875821850e+00,1.165385062201555577e+01,9.696824139625501715e+00,0.000000000000000000e+00
-4.379531099585533838e+01,8.420070438875821850e+00,1.165385062201555577e+01,9.696824139625501715e+00,0.000000000000000000e+00
-3.357147884831640994e+01,8.625520919439271239e+00,1.141605646288893183e+01,9.231320780275796167e+00,0.000000000000000000e+00
-3.357147884831640994e+01,8.625520919439269463e+00,1.141605646288893006e+01,9.231320780275796167e+00,0.000000000000000000e+00
-3.357147884831640994e+01,8.625520919439273015e+00,1.141605646288893183e+01,9.231320780275796167e+00,0.000000000000000000e+00
-2.199171402009726606e+01,8.703493609873772741e+00,1.125476634648259910e+01,8.995476219999476442e+00,0.000000000000000000e+00
-2.199171402009726606e+01,8.703493609873772741e+00,1.125476634648259733e+01,8.995476219999476442e+00,0.000000000000000000e+00
-2.199171402009726606e+01,8.703493609873772741e+00,1.125476634648259733e+01,8.995476219999476442e+00,0.000000000000000000e+00
-8.715712907363045048e+00,8.431696568515985035e+00,1.120706580464248603e+01,8.398537237688787016e+00,0.000000000000000000e+00
-8.715712907363045048e+00,8.431696568515985035e+00,1.120706580464248603e+01,8.398537237688785240e+00,0.000000000000000000e+00
-8.715712907363045048e+00,8.431696568515985035e+00,1.120706580464248425e+01,8.398537237688787016e+00,0.000000000000000000e+00
5.810012970120630449e+00,7.704004946708103319e+00,1.122852838578660872e+01,7.650070984936816920e+00,0.000000000000000000e+00
5.810012970120630449e+00,7.704004946708103319e+00,1.122852838578660872e+01,7.650070984936816920e+00,0.000000000000000000e+00
5.810012970120630449e+00,7.704004946708103319e+00,1.122852838578660872e+01,7.650070984936816920e+00,0.000000000000000000e+00
2.078573515468013255e+01,7.256298077410934688e+00,1.174932421789324444e+01,7.217628404020228317e+00,0.000000000000000000e+00
2.078573515468013255e+01,7.256298077410936465e+00,1.174932421789324621e+01,7.217628404020228317e+00,0.000000000000000000e+00
2.078573515468013255e+01,7.256298077410934688e+00,1.174932421789324444e+01,7.217628404020228317e+00,0.000000000000000000e+00
3.490387034926594367e+01,7.559083632261186736e+00,1.331521876706102958e+01,7.570726360533735821e+00,0.000000000000000000e+00
3.490387034926594367e+01,7.559083632261186736e+00,1.331521876706103136e+01,7.570726360533734045e+00,0.000000000000000000e+00
3.490387034926594367e+01,7.559083632261186736e+00,1.331521876706103136e+01,7.570726360533734045e+00,0.000000000000000000e+00
4.687512571534327321e+01,7.975035848794151505e+00,1.483222992022503561e+01,8.161335065719990567e+00,0.000000000000000000e+00
4.687512571534327321e+01,7.975035848794151505e+00,1.483222992022503561e+01,8.161335065719988791e+00,0.000000000000000000e+00
4.687512571534327321e+01,7.975035848794151505e+00,1.483222992022503561e+01,8.161335065719987014e+00,0.000000000000000000e+00
5.649127456679641313e+01,8.268454454439350343e+00,1.634459230324474177e+01,9.564252978705718888e+00,2.655476888687219539e+00
5.649127456679641313e+01,8.268454454439350343e+00,1.634459230324473822e+01,9.564252978705718888e+00,2.655476888687219983e+00
5.649127456679641313e+01,8.268454454439350343e+00,1.634459230324474177e+01,9.564252978705718888e+00,2.655476888687219983e+00
6.457257898265210372e+01,9.644394786322539659e+00,1.767004349719940137e+01,1.106248335354250578e+01,4.041633722167978782e+00
6.457257898265210372e+01,9.644394786322541435e+00,1.767004349719940137e+01,1.106248335354250933e+01,4.041633722167978782e+00
6.457257898265210372e+01,9.644394786322539659e+00,1.767004349719939782e+01,1.106248335354250578e+01,4.041633722167978782e+00
7.088971060502763066e+01,1.170801344461541760e+01,1.911329025309644081e+01,1.267734861780331990e+01,5.195217790505471278e+00
7.088971060502763066e+01,1.170801344461541760e+01,1.911329025309644436e+01,1.267734861780331634e+01,5.195217790505471278e+00
7.088971060502763066e+01,1.170801344461541760e+01,1.911329025309644081e+01,1.267734861780331990e+01,5.195217790505471278e+00
7.549900076770525459e+01,1.375310258906770144e+01,2.105873045337813210e+01,1.507589818687946526e+01,6.219770675443193397e+00
7.549900076770525459e+01,1.375310258906770144e+01,2.105873045337813210e+01,1.507589818687946526e+01,6.219770675443193397e+00
7.549900076770525459e+01,1.375310258906770500e+01,2.105873045337813565e+01,1.507589818687946703e+01,6.219770675443193397e+00
7.861746314587392703e+01,1.604940518913001313e+01,2.353526863721679163e+01,1.776737595876968001e+01,7.458035116538611398e+00
7.861746314587392703e+01,1.604940518913001313e+01,2.353526863721679518e+01,1.776737595876968001e+01,7.458035116538611398e+00
7.861746314587392703e+01,1.604940518913000957e+01,2.353526863721679518e+01,1.776737595876968001e+01,7.458035116538611398e+00
8.138101793584156951e+01,1.903490307602470111e+01,2.693693886848954122e+01,2.052172552687361318e+01,9.067435470952705856e+00
8.138101793584156951e+01,1.903490307602470111e+01,2.693693886848954477e+01,2.052172552687360962e+01,9.067435470952705856e+00
8.138101793584156951e+01,1.903490307602470111e+01,2.693693886848954477e+01,2.052172552687360962e+01,9.067435470952705856e+00
8.438218250613360283e+01,2.229755586395702238e+01,2.953304884394859542e+01,2.352364998176892286e+01,1.086497082631084687e+01
8.438218250613360283e+01,2.229755586395702238e+01,2.953304884394860252e+01,2.352364998176892641e+01,1.086497082631084687e+01
8.438218250613360283e+01,2.229755586395702238e+01,2.953304884394859542e+01,2.352364998176892286e+01,1.086497082631084687e+01
8.779972851441918635e+01,2.522673694491183127e+01,3.044088558191811344e+01,2.663914754886767611e+01,1.190965841519297896e+01
8.779972851441918635e+01,2.522673694491183483e+01,3.044088558191810634e+01,2.663914754886767611e+01,1.190965841519297719e+01
8.779972851441918635e+01,2.522673694491183483e+01,3.044088558191810634e+01,2.663914754886767611e+01,1.190965841519297896e+01
8.996842827445711066e+01,2.696173409082595640e+01,3.106254932826101722e+01,2.851927849039619289e+01,1.260264820168351463e+01
8.996842827445711066e+01,2.696173409082595995e+01,3.106254932826101722e+01,2.851927849039619289e+01,1.260264820168351463e+01
8.996842827445711066e+01,2.696173409082595640e+01,3.106254932826101722e+01,2.851927849039618934e+01,1.260264820168351463e+01
9.136091962498717578e+01,2.800094211482323203e+01,3.141046079799821911e+01,2.953836465922070786e+01,1.309185704031042619e+01
9.136091962498717578e+01,2.800094211482323203e+01,3.141046079799821200e+01,2.953836465922070786e+01,1.309185704031042619e+01
9.136091962498717578e+01,2.800094211482323203e+01,3.141046079799821911e+01,2.953836465922070786e+01,1.309185704031042619e+01
-8.784096987131917444e+01,1.691558638785182467e+01,1.979708649895080086e+01,1.942141755117482305e+01,8.312824373639491782e+00
-8.784096987131917444e+01,1.691558638785182467e+01,1.979708649895080086e+01,1.942141755117482305e+01,8.312824373639491782e+00
-8.784096987131917444e+01,1.691558638785182467e+01,1.979708649895080086e+01,1.942141755117482305e+01,8.312824373639491782e+00
-8.737577330469162007e+01,1.642729637982207080e+01,1.947670711427153734e+01,1.895796094957156086e+01,7.918874789486855192e+00
-8.737577330469162007e+01,1.642729637982207080e+01,1.947670711427154089e+01,1.895796094957156086e+01,7.918874789486855192e+00
-8.737577330469162007e+01,1.642729637982207080e+01,1.947670711427154089e+01,1.895796094957156441e+01,7.918874789486856081e+00
-8.608827002131377526e+01,1.557088481641783595e+01,1.898402670641715773e+01,1.794227528557118134e+01,7.428021868296174723e+00
-8.608827002131377526e+01,1.557088481641783773e+01,1.898402670641715773e+01,1.794227528557118134e+01,7.428021868296174723e+00
-8.608827002131377526e+01,1.557088481641783950e+01,1.898402670641715773e+01,1.794227528557118134e+01,7.428021868296175612e+00
-8.509802979058842709e+01,1.476862197429895396e+01,1.814597180966154966e+01,1.704248948359965610e+01,6.730405200166241109e+00
-8.509802979058842709e+01,1.476862197429895573e+01,1.814597180966154966e+01,1.704248948359965965e+01,6.730405200166241109e+00
-8.509802979058842709e+01,1.476862197429895573e+01,1.814597180966155321e+01,1.704248948359965965e+01,6.730405200166241109e+00
-8.196624312123337575e+01,1.320923322054337135e+01,1.704014516722122607e+01,1.526624264660290642e+01,5.863038673742412499e+00
-8.196624312123337575e+01,1.320923322054336779e+01,1.704014516722122607e+01,1.526624264660290642e+01,5.863038673742414275e+00
-8.196624312123337575e+01,1.320923322054337135e+01,1.704014516722122963e+01,1.526624264660290642e+01,5.863038673742414275e+00
-8.100053358543581794e+01,1.253235348898802393e+01,1.573959532468998468e+01,1.454454042435418870e+01,4.869804645220557227e+00
-8.100053358543581794e+01,1.253235348898802570e+01,1.573959532468998468e+01,1.454454042435419048e+01,4.869804645220557227e+00
-8.100053358543581794e+01,1.253235348898802570e+01,1.573959532468998468e+01,1.454454042435419048e+01,4.869804645220557227e+00
-7.992321446231763105e+01,1.183889060895330481e+01,1.514393533248134105e+01,1.379827551874527281e+01,4.221701201433390338e+00
-7.992321446231763105e+01,1.183889060895330481e+01,1.514393533248134105e+01,1.379827551874527281e+01,4.221701201433390338e+00
-7.992321446231763105e+01,1.183889060895330303e+01,1.514393533248134105e+01,1.379827551874527281e+01,4.221701201433389450e+00
-7.772951950811447830e+01,1.095196195121927296e+01,1.478557936680736873e+01,1.309008080590202461e+01,3.745936950165820623e+00
-7.772951950811447830e+01,1.095196195121927474e+01,1.478557936680736695e+01,1.309008080590202461e+01,3.745936950165820623e+00
-7.772951950811447830e+01,1.095196195121927474e+01,1.478557936680736873e+01,1.309008080590202283e+01,3.745936950165820623e+00
-7.372669300140508142e+01,1.024565786997539441e+01,1.428873647068733455e+01,1.230896393919014109e+01,3.239451337902812700e+00
-7.372669300140508142e+01,1.024565786997539441e+01,1.428873647068733455e+01,1.230896393919014109e+01,3.239451337902812700e+00
-7.372669300140508142e+01,1.024565786997539263e+01,1.428873647068733455e+01,1.230896393919014109e+01,3.239451337902813144e+00
-6.811572692314273070e+01,9.673235890352071209e+00,1.350569199369395257e+01,1.148319911170193919e+01,2.643209047154019053e+00
-6.811572692314273070e+01,9.673235890352067656e+00,1.350569199369395257e+01,1.148319911170193741e+01,2.643209047154019498e+00
-6.811572692314273070e+01,9.673235890352067656e+00,1.350569199369395079e+01,1.148319911170193919e+01,2.643209047154019498e+00
-6.136230880528319176e+01,8.901439698592639616e+00,1.268774878561338149e+01,1.084336083101461234e+01,0.000000000000000000e+00
-6.136230880528319176e+01,8.901439698592637839e+00,1.268774878561338149e+01,1.084336083101461234e+01,0.000000000000000000e+00
-6.136230880528319176e+01,8.901439698592637839e+00,1.268774878561338326e+01,1.084336083101461234e+01,0.000000000000000000e+00
-5.316123067543320957e+01,8.221572876875692160e+00,1.222006844061293229e+01,1.034837727775487437e+01,0.000000000000000000e+00
-5.316123067543320957e+01,8.221572876875692160e+00,1.222006844061292874e+01,1.034837727775487437e+01,0.000000000000000000e+00
-5.316123067543320957e+01,8.221572876875692160e+00,1.222006844061292874e+01,1.034837727775487437e+01,0.000000000000000000e+00
-4.368221869384092315e+01,7.977175932170897710e+00,1.205589155005334945e+01,9.878989074930963454e+00,0.000000000000000000e+00
-4.368221869384092315e+01,7.977175932170897710e+00,1.205589155005334767e+01,9.878989074930961678e+00,0.000000000000000000e+00
-4.368221869384092315e+01,7.977175932170895933e+00,1.205589155005334767e+01,9.878989074930961678e+00,0.000000000000000000e+00
-3.326229630645017465e+01,8.161948446239364330e+00,1.185813364383550628e+01,9.355377669783672800e+00,0.000000000000000000e+00
-3.326229630645017465e+01,8.161948446239366106e+00,1.185813364383550628e+01,9.355377669783672800e+00,0.000000000000000000e+00
-3.326229630645017465e+01,8.161948446239364330e+00,1.185813364383550628e+01,9.355377669783672800e+00,0.000000000000000000e+00
-2.176853162852317425e+01,8.171021498974877062e+00,1.168209483581313357e+01,8.969731080331111883e+00,0.000000000000000000e+00
-2.176853162852317425e+01,8.171021498974877062e+00,1.168209483581313535e+01,8.969731080331110107e+00,0.000000000000000000e+00
-2.176853162852317425e+01,8.171021498974877062e+00,1.168209483581313535e+01,8.969731080331110107e+00,0.000000000000000000e+00
-8.876547655449561702e+00,7.710619108583733450e+00,1.166451534885117347e+01,8.566730748198580159e+00,0.000000000000000000e+00
-8.876547655449561702e+00,7.710619108583733450e+00,1.166451534885117347e+01,8.566730748198580159e+00,0.000000000000000000e+00
-8.876547655449561702e+00,7.710619108583733450e+00,1.166451534885117347e+01,8.566730748198580159e+00,0.000000000000000000e+00
5.269116389753588869e+00,6.960509934945156019e+00,1.190330363107742606e+01,8.012836666325284796e+00,0.000000000000000000e+00
5.269116389753588869e+00,6.960509934945156019e+00,1.190330363107742606e+01,8.012836666325284796e+00,0.000000000000000000e+00
5.269116389753588869e+00,6.960509934945156019e+00,1.190330363107742428e+01,8.012836666325284796e+00,0.000000000000000000e+00
1.997220739255097399e+01,6.624285215933984894e+00,1.274645436137414478e+01,7.489212165285410450e+00,0.000000000000000000e+00
1.997220739255097399e+01,6.624285215933984006e+00,1.274645436137414656e+01,7.489212165285409561e+00,0.000000000000000000e+00
1.997220739255097399e+01,6.624285215933984894e+00,1.274645436137414656e+01,7.489212165285410450e+00,0.000000000000000000e+00
3.387225646216914754e+01,6.909513302761046916e+00,1.421832780005669328e+01,7.406934075469707501e+00,0.000000000000000000e+00
3.387225646216914754e+01,6.909513302761046916e+00,1.421832780005669683e+01,7.406934075469707501e+00,0.000000000000000000e+00
3.387225646216914754e+01,6.909513302761046916e+00,1.421832780005669505e+01,7.406934075469707501e+00,0.000000000000000000e+00
4.577251011259579627e+01,7.308254734352580329e+00,1.556362394993045761e+01,7.972129779743884370e+00,0.000000000000000000e+00
4.577251011259579627e+01,7.308254734352580329e+00,1.556362394993045406e+01,7.972129779743884370e+00,0.000000000000000000e+00
4.577251011259579627e+01,7.308254734352579440e+00,1.556362394993045584e+01,7.972129779743884370e+00,0.000000000000000000e+00
5.563448708258659536e+01,7.935733385096384929e+00,1.680031320217784341e+01,9.153190375244143695e+00,2.805822673886379626e+00
5.563448708258659536e+01,7.935733385096384929e+00,1.680031320217784341e+01,9.153190375244143695e+00,2.805822673886379626e+00
5.563448708258659536e+01,7.935733385096384929e+00,1.680031320217784341e+01,9.153190375244143695e+00,2.805822673886379626e+00
6.376651057744613382e+01,9.504760260309225828e+00,1.807612687368087023e+01,1.014341930223833188e+01,4.010800676415307464e+00
6.376651057744613382e+01,9.504760260309227604e+00,1.807612687368087023e+01,1.014341930223833188e+01,4.010800676415307464e+00
6.376651057744613382e+01,9.504760260309227604e+00,1.807612687368087023e+01,1.014341930223833188e+01,4.010800676415307464e+00
7.020999765305737128e+01,1.129800759478166050e+01,1.973238160515467854e+01,1.154521195611153495e+01,5.058989254182475470e+00
7.020999765305737128e+01,1.129800759478165872e+01,1.973238160515467854e+01,1.154521195611153495e+01,5.058989254182476358e+00
7.020999765305737128e+01,1.129800759478165872e+01,1.973238160515467854e+01,1.154521195611153672e+01,5.058989254182474582e+00
7.488998016673973268e+01,1.333732695617659125e+01,2.195956518792319301e+01,1.381995895303517941e+01,6.128993169396848018e+00
7.488998016673973268e+01,1.333732695617659658e+01,2.195956518792319656e+01,1.381995895303517941e+01,6.128993169396848018e+00
7.488998016673973268e+01,1.333732695617659125e+01,2.195956518792318946e+01,1.381995895303517941e+01,6.128993169396847129e+00
7.807256846212636958e+01,1.576761595755769818e+01,2.467354070627258267e+01,1.681227257900594196e+01,7.470764300408047731e+00
7.807256846212636958e+01,1.576761595755769818e+01,2.467354070627258622e+01,1.681227257900594196e+01,7.470764300408048619e+00
7.807256846212636958e+01,1.576761595755769818e+01,2.467354070627258267e+01,1.681227257900594196e+01,7.470764300408048619e+00
8.090256779259455300e+01,1.906532339155936029e+01,2.760519396516793122e+01,2.012606005762277306e+01,9.221787643398359435e+00
8.090256779259455300e+01,1.906532339155936384e+01,2.760519396516793122e+01,2.012606005762277306e+01,9.221787643398361212e+00
8.090256779259455300e+01,1.906532339155936739e+01,2.760519396516794188e+01,2.012606005762276951e+01,9.221787643398359435e+00
8.527160220405349378e+01,2.298144119735171742e+01,2.939703770617598622e+01,2.448175966278044413e+01,1.066423874796542037e+01
8.527160220405349378e+01,2.298144119735171742e+01,2.939703770617598622e+01,2.448175966278044413e+01,1.066423874796542037e+01
8.527160220405349378e+01,2.298144119735171742e+01,2.939703770617598622e+01,2.448175966278044413e+01,1.066423874796542037e+01
8.731126528184542224e+01,2.493149405772115301e+01,3.043485749932531093e+01,2.653364719719087716e+01,1.167538795980152955e+01
8.731126528184542224e+01,2.493149405772115301e+01,3.043485749932531093e+01,2.653364719719087716e+01,1.167538795980153132e+01
8.731126528184542224e+01,2.493149405772115301e+01,3.043485749932531093e+01,2.653364719719087716e+01,1.167538795980152955e+01
8.926205007674911940e+01,2.638368391580113226e+01,3.091735660398084562e+01,2.810337217006207666e+01,1.234379074714983382e+01
8.926205007674911940e+01,2.638368391580112871e+01,3.091735660398084562e+01,2.810337217006207666e+01,1.234379074714983204e+01
8.926205007674911940e+01,2.638368391580113226e+01,3.091735660398084917e+01,2.810337217006207666e+01,1.234379074714983204e+01
9.024483507394039350e+01,2.722388525895300404e+01,3.120127436109122598e+01,2.896340980788528441e+01,1.287615407188477867e+01
9.024483507394039350e+01,2.722388525895300404e+01,3.120127436109122598e+01,2.896340980788528086e+01,1.287615407188477867e+01
9.024483507394039350e+01,2.722388525895300759e+01,3.120127436109122598e+01,2.896340980788528086e+01,1.287615407188477690e+01
-8.753022947845235535e+01,1.668989541426477530e+01,1.970646111297390490e+01,1.923624893837264338e+01,8.157954834320982229e+00
-8.753022947845235535e+01,1.668989541426477530e+01,1.970646111297390135e+01,1.923624893837264338e+01,8.157954834320982229e+00
-8.753022947845235535e+01,1.668989541426477530e+01,1.970646111297390490e+01,1.923624893837264338e+01,8.157954834320984006e+00
-8.677171159772936448e+01,1.614780651900681363e+01,1.928363379109452325e+01,1.861998743838084636e+01,7.810232254515736550e+00
-8.677171159772936448e+01,1.614780651900681718e+01,1.928363379109452325e+01,1.861998743838084636e+01,7.810232254515738326e+00
-8.677171159772936448e+01,1.614780651900681363e+01,1.928363379109452325e+01,1.861998743838084636e+01,7.810232254515737438e+00
-8.620083454546598034e+01,1.557203447138867602e+01,1.887518897761280101e+01,1.798169155518540663e+01,7.389883048606440852e+00
-8.620083454546598034e+01,1.557203447138867425e+01,1.887518897761280101e+01,1.798169155518540663e+01,7.389883048606440852e+00
-8.620083454546598034e+01,1.557203447138867425e+01,1.887518897761280101e+01,1.798169155518540663e+01,7.389883048606440852e+00
-8.439378864032254057e+01,1.448130444566993624e+01,1.820442438551728159e+01,1.670665254210212325e+01,6.821601883489589291e+00
-8.439378864032254057e+01,1.448130444566993802e+01,1.820442438551728159e+01,1.670665254210212325e+01,6.821601883489589291e+00
-8.439378864032254057e+01,1.448130444566993802e+01,1.820442438551728159e+01,1.670665254210212325e+01,6.821601883489589291e+00
-8.221699808960494238e+01,1.333341197777195397e+01,1.728510811337249820e+01,1.547405723771951003e+01,6.152652127212023814e+00
-8.221699808960494238e+01,1.333341197777195397e+01,1.728510811337250530e+01,1.547405723771951003e+01,6.152652127212023814e+00
-8.221699808960494238e+01,1.333341197777195397e+01,1.728510811337250175e+01,1.547405723771950825e+01,6.152652127212022037e+00
-8.056004072061546140e+01,1.247641167771211812e+01,1.610096491322690682e+01,1.458656993081318731e+01,5.128469318225748808e+00
-8.056004072061546140e+01,1.247641167771211812e+01,1.610096491322690682e+01,1.458656993081318731e+01,5.128469318225747919e+00
-8.056004072061546140e+01,1.247641167771211812e+01,1.610096491322690682e+01,1.458656993081318554e+01,5.128469318225748808e+00
-7.922710101136951266e+01,1.183331969468238221e+01,1.524422203899844952e+01,1.390400849913732451e+01,4.364947525014569507e+00
-7.922710101136951266e+01,1.183331969468238221e+01,1.524422203899844952e+01,1.390400849913732273e+01,4.364947525014569507e+00
-7.922710101136951266e+01,1.183331969468237865e+01,1.524422203899844952e+01,1.390400849913732273e+01,4.364947525014570395e+00
-7.696681185556475668e+01,1.099270964837577935e+01,1.482063230736508253e+01,1.314457758384106967e+01,3.825553992181785823e+00
-7.696681185556475668e+01,1.099270964837578290e+01,1.482063230736508253e+01,1.314457758384107144e+01,3.825553992181785823e+00
-7.696681185556475668e+01,1.099270964837578290e+01,1.482063230736508253e+01,1.314457758384106967e+01,3.825553992181785379e+00
-7.303930328847906139e+01,1.015810294445190820e+01,1.425468669284847678e+01,1.238135487344423247e+01,3.334478287927883144e+00
-7.303930328847906139e+01,1.015810294445190998e+01,1.425468669284847856e+01,1.238135487344423247e+01,3.334478287927882700e+00
-7.303930328847906139e+01,1.015810294445190998e+01,1.425468669284847678e+01,1.238135487344423424e+01,3.334478287927883144e+00
-6.755562163542569465e+01,9.514212922561048558e+00,1.343702932803236827e+01,1.167191314730933449e+01,2.756843119083762339e+00
-6.755562163542569465e+01,9.514212922561048558e+00,1.343702932803237005e+01,1.167191314730933449e+01,2.756843119083762783e+00
-6.755562163542569465e+01,9.514212922561048558e+00,1.343702932803237005e+01,1.167191314730933449e+01,2.756843119083762339e+00
-6.085174995805527942e+01,8.775089765252140239e+00,1.255567989095381520e+01,1.110821109799225503e+01,2.053250234187658840e+00
-6.085174995805527942e+01,8.775089765252142016e+00,1.255567989095381876e+01,1.110821109799225326e+01,2.053250234187659284e+00
-6.085174995805527942e+01,8.775089765252142016e+00,1.255567989095381876e+01,1.110821109799225326e+01,2.053250234187658840e+00
-5.291798863953585652e+01,8.057582126768075170e+00,1.201799917980630994e+01,1.053891953088655242e+01,0.000000000000000000e+00
-5.291798863953585652e+01,8.057582126768075170e+00,1.201799917980631349e+01,1.053891953088655420e+01,0.000000000000000000e+00
-5.291798863953585652e+01,8.057582126768071618e+00,1.201799917980630994e+01,1.053891953088655420e+01,0.000000000000000000e+00
-4.358359516831529845e+01,7.783990863327642451e+00,1.185348143767936868e+01,9.884143367688290382e+00,0.000000000000000000e+00
-4.358359516831529845e+01,7.783990863327642451e+00,1.185348143767936513e+01,9.884143367688290382e+00,0.000000000000000000e+00
-4.358359516831529845e+01,7.783990863327641563e+00,1.185348143767936513e+01,9.884143367688292159e+00,0.000000000000000000e+00
-3.306285917847066003e+01,7.782104858914617118e+00,1.172853604258713744e+01,9.335740491857592360e+00,0.000000000000000000e+00
-3.306285917847066003e+01,7.782104858914616230e+00,1.172853604258713567e+01,9.335740491857592360e+00,0.000000000000000000e+00
-3.306285917847066003e+01,7.782104858914616230e+00,1.172853604258713389e+01,9.335740491857592360e+00,0.000000000000000000e+00
-2.150720954229969806e+01,7.719487130686074394e+00,1.154899699341912367e+01,8.885098528979117560e+00,0.000000000000000000e+00
-2.150720954229969806e+01,7.719487130686073506e+00,1.154899699341912367e+01,8.885098528979119337e+00,0.000000000000000000e+00
-2.150720954229969806e+01,7.719487130686076171e+00,1.154899699341912367e+01,8.885098528979119337e+00,0.000000000000000000e+00
-8.831231743025545811e+00,7.244772434308628384e+00,1.148102828211940718e+01,8.520457907056540492e+00,0.000000000000000000e+00
-8.831231743025545811e+00,7.244772434308628384e+00,1.148102828211940718e+01,8.520457907056540492e+00,0.000000000000000000e+00
-8.831231743025545811e+00,7.244772434308629272e+00,1.148102828211940718e+01,8.520457907056540492e+00,0.000000000000000000e+00
4.931783668562188083e+00,6.589164151953092130e+00,1.186781321576974513e+01,8.166886549754067914e+00,0.000000000000000000e+00
4.931783668562188083e+00,6.589164151953092130e+00,1.186781321576974690e+01,8.166886549754067914e+00,0.000000000000000000e+00
4.931783668562188083e+00,6.589164151953092130e+00,1.186781321576974513e+01,8.166886549754067914e+00,0.000000000000000000e+00
1.929998349574586669e+01,6.344019042884801785e+00,1.278010827654478732e+01,7.693504132858151046e+00,0.000000000000000000e+00
1.929998349574586669e+01,6.344019042884800896e+00,1.278010827654478554e+01,7.693504132858152822e+00,0.000000000000000000e+00
1.929998349574586669e+01,6.344019042884800896e+00,1.278010827654478554e+01,7.693504132858150157e+00,0.000000000000000000e+00
3.294724906977229750e+01,6.618476156304333280e+00,1.407638963604667914e+01,7.580158359142209257e+00,0.000000000000000000e+00
3.294724906977229750e+01,6.618476156304333280e+00,1.407638963604667914e+01,7.580158359142209257e+00,0.000000000000000000e+00
3.294724906977229750e+01,6.618476156304333280e+00,1.407638963604667914e+01,7.580158359142209257e+00,0.000000000000000000e+00
4.488908411732870718e+01,7.105781661382222225e+00,1.537858716566132244e+01,8.044248461634845526e+00,0.000000000000000000e+00
4.488908411732870718e+01,7.105781661382220449e+00,1.537858716566132422e+01,8.044248461634847303e+00,0.000000000000000000e+00
4.488908411732870718e+01,7.105781661382222225e+00,1.537858716566132422e+01,8.044248461634847303e+00,0.000000000000000000e+00
5.494420863995191695e+01,8.108936527021318952e+00,1.656837414029127942e+01,8.893794457967127087e+00,2.873064032904454113e+00
5.494420863995191695e+01,8.108936527021320728e+00,1.656837414029127942e+01,8.893794457967128864e+00,2.873064032904454113e+00
5.494420863995191695e+01,8.108936527021320728e+00,1.656837414029127942e+01,8.893794457967127087e+00,2.873064032904454557e+00
6.314583085409751817e+01,9.571991824256583570e+00,1.794787372390427294e+01,9.743312126022665609e+00,3.977022843693945209e+00
6.314583085409751817e+01,9.571991824256583570e+00,1.794787372390427294e+01,9.743312126022667385e+00,3.977022843693946541e+00
6.314583085409751817e+01,9.571991824256581793e+00,1.794787372390427294e+01,9.743312126022670938e+00,3.977022843693945653e+00
6.971154324667107005e+01,1.126081860155103342e+01,1.978316463702013195e+01,1.117014343381963570e+01,4.965160281793965957e+00
6.971154324667107005e+01,1.126081860155103165e+01,1.978316463702012840e+01,1.117014343381963570e+01,4.965160281793965957e+00
6.971154324667107005e+01,1.126081860155103342e+01,1.978316463702013195e+01,1.117014343381963570e+01,4.965160281793965957e+00
7.450589028482117726e+01,1.329443625226507919e+01,2.217754109776159055e+01,1.364038336557025666e+01,6.126834084889590137e+00
7.450589028482117726e+01,1.329443625226508274e+01,2.217754109776159055e+01,1.364038336557025666e+01,6.126834084889590137e+00
7.450589028482117726e+01,1.329443625226508274e+01,2.217754109776159055e+01,1.364038336557025666e+01,6.126834084889590137e+00
7.791449344287754286e+01,1.596672064293342608e+01,2.510310514081237088e+01,1.676398293193222244e+01,7.580481793833040882e+00
7.791449344287754286e+01,1.596672064293342608e+01,2.510310514081237088e+01,1.676398293193222244e+01,7.580481793833039106e+00
7.791449344287754286e+01,1.596672064293342608e+01,2.510310514081237088e+01,1.676398293193222244e+01,7.580481793833039106e+00
8.110510519068094482e+01,1.955536384788871729e+01,2.772816888181049677e+01,2.057298444049425257e+01,9.402001512315136367e+00
8.110510519068094482e+01,1.955536384788871729e+01,2.772816888181049322e+01,2.057298444049425257e+01,9.402001512315134590e+00
8.110510519068094482e+01,1.955536384788872084e+01,2.772816888181049677e+01,2.057298444049425257e+01,9.402001512315134590e+00
8.428750841066269572e+01,2.269673392681123048e+01,2.929520152044911541e+01,2.406694633837043185e+01,1.055023610099773457e+01
8.428750841066269572e+01,2.269673392681123048e+01,2.929520152044911541e+01,2.406694633837043185e+01,1.055023610099773279e+01
8.428750841066269572e+01,2.269673392681123403e+01,2.929520152044911541e+01,2.406694633837043185e+01,1.055023610099773634e+01
8.694428982255769256e+01,2.466151235609168069e+01,3.021975453181903504e+01,2.636130365832410050e+01,1.145424243364734984e+01
8.694428982255769256e+01,2.466151235609168424e+01,3.021975453181903504e+01,2.636130365832410050e+01,1.145424243364734984e+01
8.694428982255769256e+01,2.466151235609168424e+01,3.021975453181903504e+01,2.636130365832410050e+01,1.145424243364735162e+01
8.827384452082836219e+01,2.579469376898181565e+01,3.066779393576154433e+01,2.755023548754715534e+01,1.210977909397385233e+01
8.827384452082836219e+01,2.579469376898181920e+01,3.066779393576154433e+01,2.755023548754714469e+01,1.210977909397385233e+01
8.827384452082836219e+01,2.579469376898181565e+01,3.066779393576155144e+01,2.755023548754714824e+01,1.210977909397385233e+01
8.948920443499451949e+01,2.666337729668379097e+01,3.110010180597915053e+01,2.846536562559874994e+01,1.255764523849906844e+01
8.948920443499451949e+01,2.666337729668379453e+01,3.110010180597915053e+01,2.846536562559874639e+01,1.255764523849906844e+01
8.948920443499451949e+01,2.666337729668379453e+01,3.110010180597915408e+01,2.846536562559874994e+01,1.255764523849906666e+01
