-4.258143733955195742e+00,5.266705804324966600e+00,3.734347694810828067e+00,0.000000000000000000e+00,0.000000000000000000e+00,0.000000000000000000e+00,1.278293205227077500e+01
-4.258143733955195742e+00,5.266705804324965712e+00,3.734347694810828067e+00,0.000000000000000000e+00,0.000000000000000000e+00,0.000000000000000000e+00,1.278293205227077500e+01
-4.258143733955195742e+00,5.266705804324966600e+00,3.734347694810828067e+00,0.000000000000000000e+00,0.000000000000000000e+00,0.000000000000000000e+00,1.278293205227077500e+01
-4.258143733955195742e+00,5.266705804324966600e+00,3.734347694810827623e+00,0.000000000000000000e+00,0.000000000000000000e+00,0.000000000000000000e+00,1.278293205227077500e+01
-4.258143733955195742e+00,5.266705804324966600e+00,3.734347694810828067e+00,0.000000000000000000e+00,0.000000000000000000e+00,0.000000000000000000e+00,1.278293205227077500e+01
-2.915165843024962733e+00,3.051361815747247963e+00,3.751892197862436440e+00,-2.475220506832449985e+00,-2.161348796955635088e+00,0.000000000000000000e+00,7.698786457957144336e+00
-2.915165843024962733e+00,3.051361815747248407e+00,3.751892197862436884e+00,-2.475220506832450429e+00,-2.161348796955635088e+00,0.000000000000000000e+00,7.698786457957143448e+00
-2.915165843024962733e+00,3.051361815747247963e+00,3.751892197862437772e+00,-2.475220506832450429e+00,-2.161348796955635088e+00,0.000000000000000000e+00,7.698786457957143448e+00
-2.915165843024962733e+00,3.051361815747247963e+00,3.751892197862436884e+00,-2.475220506832450429e+00,-2.161348796955635088e+00,0.000000000000000000e+00,7.698786457957143448e+00
-2.915165843024962733e+00,3.051361815747247963e+00,3.751892197862437772e+00,-2.475220506832450873e+00,-2.161348796955635088e+00,0.000000000000000000e+00,7.698786457957142559e+00
-4.115418477849499546e+00,4.124780791017949255e+00,4.008009961059054937e+00,0.000000000000000000e+00,0.000000000000000000e+00,0.000000000000000000e+00,1.002022533328297627e+01
-4.115418477849499546e+00,4.124780791017948367e+00,4.008009961059054937e+00,0.000000000000000000e+00,0.000000000000000000e+00,0.000000000000000000e+00,1.002022533328297627e+01
-4.115418477849499546e+00,4.124780791017949255e+00,4.008009961059054937e+00,0.000000000000000000e+00,0.000000000000000000e+00,0.000000000000000000e+00,1.002022533328297449e+01
-4.115418477849499546e+00,4.124780791017949255e+00,4.008009961059054937e+00,0.000000000000000000e+00,0.000000000000000000e+00,0.000000000000000000e+00,1.002022533328297627e+01
-4.115418477849499546e+00,4.124780791017949255e+00,4.008009961059054937e+00,0.000000000000000000e+00,0.000000000000000000e+00,0.000000000000000000e+00,1.002022533328297449e+01
0.000000000000000000e+00,5.098681463239112865e+00,0.000000000000000000e+00,2.240227987177329627e+00,0.000000000000000000e+00,0.000000000000000000e+00,9.305506758407686263e+00
0.000000000000000000e+00,5.098681463239112865e+00,0.000000000000000000e+00,2.240227987177329627e+00,0.000000000000000000e+00,0.000000000000000000e+00,9.305506758407686263e+00
0.000000000000000000e+00,5.098681463239112865e+00,0.000000000000000000e+00,2.240227987177329627e+00,0.000000000000000000e+00,0.000000000000000000e+00,9.305506758407686263e+00
0.000000000000000000e+00,5.098681463239112865e+00,0.000000000000000000e+00,2.240227987177329627e+00,0.000000000000000000e+00,0.000000000000000000e+00,9.305506758407686263e+00
0.000000000000000000e+00,5.098681463239112865e+00,0.000000000000000000e+00,2.240227987177329627e+00,0.000000000000000000e+00,0.000000000000000000e+00,9.305506758407686263e+00
-2.824785695626243598e+00,0.000000000000000000e+00,2.807392945379359350e+00,0.000000000000000000e+00,-3.195316835037310454e+00,3.685570964123494608e+00,2.019600755142893433e+01
-2.824785695626243598e+00,0.000000000000000000e+00,2.807392945379359350e+00,0.000000000000000000e+00,-3.195316835037310454e+00,3.685570964123494608e+00,2.019600755142893433e+01
-2.824785695626243598e+00,0.000000000000000000e+00,2.807392945379358906e+00,0.000000000000000000e+00,-3.195316835037310454e+00,3.685570964123494608e+00,2.019600755142893433e+01
-2.824785695626243598e+00,0.000000000000000000e+00,2.807392945379359350e+00,0.000000000000000000e+00,-3.195316835037310454e+00,3.685570964123494608e+00,2.019600755142893433e+01
-2.824785695626243598e+00,0.000000000000000000e+00,2.807392945379359350e+00,0.000000000000000000e+00,-3.195316835037310454e+00,3.685570964123494608e+00,2.019600755142893433e+01
0.000000000000000000e+00,2.634415906253979145e+00,0.000000000000000000e+00,0.000000000000000000e+00,2.644605741823418565e+00,7.361314849578466379e+00,2.735536231161319520e+01
0.000000000000000000e+00,2.634415906253979145e+00,0.000000000000000000e+00,0.000000000000000000e+00,2.644605741823418565e+00,7.361314849578466379e+00,2.735536231161319876e+01
0.000000000000000000e+00,2.634415906253979145e+00,0.000000000000000000e+00,0.000000000000000000e+00,2.644605741823418565e+00,7.361314849578466379e+00,2.735536231161319876e+01
0.000000000000000000e+00,2.634415906253979589e+00,0.000000000000000000e+00,0.000000000000000000e+00,2.644605741823418565e+00,7.361314849578468156e+00,2.735536231161319165e+01
0.000000000000000000e+00,2.634415906253979589e+00,0.000000000000000000e+00,0.000000000000000000e+00,2.644605741823418565e+00,7.361314849578466379e+00,2.735536231161319876e+01
-3.840131554484925491e+00,3.321643652304315353e+00,0.000000000000000000e+00,0.000000000000000000e+00,0.000000000000000000e+00,7.370520383865789782e+00,2.825482078148660392e+01
-3.840131554484925491e+00,3.321643652304315797e+00,0.000000000000000000e+00,0.000000000000000000e+00,0.000000000000000000e+00,7.370520383865789782e+00,2.825482078148660392e+01
-3.840131554484925491e+00,3.321643652304314909e+00,0.000000000000000000e+00,0.000000000000000000e+00,0.000000000000000000e+00,7.370520383865789782e+00,2.825482078148660392e+01
-3.840131554484925491e+00,3.321643652304315797e+00,0.000000000000000000e+00,0.000000000000000000e+00,0.000000000000000000e+00,7.370520383865789782e+00,2.825482078148660747e+01
-3.840131554484925491e+00,3.321643652304315353e+00,0.000000000000000000e+00,0.000000000000000000e+00,0.000000000000000000e+00,7.370520383865789782e+00,2.825482078148660747e+01
-4.859183577962333800e+00,4.212921846978022522e+00,0.000000000000000000e+00,0.000000000000000000e+00,3.296176440903059834e+00,7.450075126843714202e+00,2.756034578035442451e+01
-4.859183577962333800e+00,4.212921846978023410e+00,0.000000000000000000e+00,0.000000000000000000e+00,3.296176440903059834e+00,7.450075126843714202e+00,2.756034578035442451e+01
-4.859183577962333800e+00,4.212921846978022522e+00,0.000000000000000000e+00,0.000000000000000000e+00,3.296176440903059834e+00,7.450075126843714202e+00,2.756034578035442095e+01
-4.859183577962333800e+00,4.212921846978023410e+00,0.000000000000000000e+00,0.000000000000000000e+00,3.296176440903059834e+00,7.450075126843715090e+00,2.756034578035443161e+01
-4.859183577962333800e+00,4.212921846978023410e+00,0.000000000000000000e+00,0.000000000000000000e+00,3.296176440903059834e+00,7.450075126843715090e+00,2.756034578035442451e+01
-3.903090522192402378e+00,4.301307215360658631e+00,0.000000000000000000e+00,0.000000000000000000e+00,0.000000000000000000e+00,0.000000000000000000e+00,9.265165146405314189e+00
-3.903090522192402378e+00,4.301307215360658631e+00,0.000000000000000000e+00,0.000000000000000000e+00,0.000000000000000000e+00,0.000000000000000000e+00,9.265165146405314189e+00
-3.903090522192402378e+00,4.301307215360658631e+00,0.000000000000000000e+00,0.000000000000000000e+00,0.000000000000000000e+00,0.000000000000000000e+00,9.265165146405314189e+00
-3.903090522192402378e+00,4.301307215360657743e+00,0.000000000000000000e+00,0.000000000000000000e+00,0.000000000000000000e+00,0.000000000000000000e+00,9.265165146405314189e+00
-3.903090522192402378e+00,4.301307215360658631e+00,0.000000000000000000e+00,0.000000000000000000e+00,0.000000000000000000e+00,0.000000000000000000e+00,9.265165146405312413e+00
-2.444567455647392418e+00,3.530955463668016492e+00,2.356348068778950644e+00,-2.577688235229647962e+00,0.000000000000000000e+00,0.000000000000000000e+00,8.168124068905585844e+00
-2.444567455647392418e+00,3.530955463668016492e+00,2.356348068778950644e+00,-2.577688235229647962e+00,0.000000000000000000e+00,0.000000000000000000e+00,8.168124068905585844e+00
-2.444567455647392418e+00,3.530955463668016492e+00,2.356348068778950200e+00,-2.577688235229647962e+00,0.000000000000000000e+00,0.000000000000000000e+00,8.168124068905587620e+00
-2.444567455647392418e+00,3.530955463668016492e+00,2.356348068778950644e+00,-2.577688235229647962e+00,0.000000000000000000e+00,0.000000000000000000e+00,8.168124068905587620e+00
-2.444567455647392418e+00,3.530955463668016492e+00,2.356348068778950644e+00,-2.577688235229647962e+00,0.000000000000000000e+00,0.000000000000000000e+00,8.168124068905585844e+00
-2.280429570976300724e+00,2.353658412363141661e+00,0.000000000000000000e+00,0.000000000000000000e+00,-2.029060328174131289e+00,0.000000000000000000e+00,1.716073235527031926e+01
-2.280429570976300724e+00,2.353658412363141217e+00,0.000000000000000000e+00,0.000000000000000000e+00,-2.029060328174131289e+00,0.000000000000000000e+00,1.716073235527031926e+01
-2.280429570976300724e+00,2.353658412363141217e+00,0.000000000000000000e+00,0.000000000000000000e+00,-2.029060328174130845e+00,0.000000000000000000e+00,1.716073235527031926e+01
-2.280429570976300724e+00,2.353658412363141217e+00,0.000000000000000000e+00,0.000000000000000000e+00,-2.029060328174131289e+00,0.000000000000000000e+00,1.716073235527031926e+01
-2.280429570976300724e+00,2.353658412363141661e+00,0.000000000000000000e+00,0.000000000000000000e+00,-2.029060328174131289e+00,0.000000000000000000e+00,1.716073235527031926e+01
-2.632447983823478665e+00,3.972962521920695433e+00,0.000000000000000000e+00,0.000000000000000000e+00,0.000000000000000000e+00,0.000000000000000000e+00,1.250208132698684160e+01
-2.632447983823478665e+00,3.972962521920695433e+00,0.000000000000000000e+00,0.000000000000000000e+00,0.000000000000000000e+00,0.000000000000000000e+00,1.250208132698683983e+01
-2.632447983823478665e+00,3.972962521920695433e+00,0.000000000000000000e+00,0.000000000000000000e+00,0.000000000000000000e+00,0.000000000000000000e+00,1.250208132698683983e+01
-2.632447983823478665e+00,3.972962521920695877e+00,0.000000000000000000e+00,0.000000000000000000e+00,0.000000000000000000e+00,0.000000000000000000e+00,1.250208132698683983e+01
-2.632447983823478665e+00,3.972962521920695433e+00,0.000000000000000000e+00,0.000000000000000000e+00,0.000000000000000000e+00,0.000000000000000000e+00,1.250208132698683983e+01
-2.971521449135037241e+00,5.158167241300723127e+00,3.655843309564679622e+00,-2.120641739026479566e+00,0.000000000000000000e+00,0.000000000000000000e+00,1.377251947806843546e+01
-2.971521449135037241e+00,5.158167241300723127e+00,3.655843309564679178e+00,-2.120641739026479122e+00,0.000000000000000000e+00,0.000000000000000000e+00,1.377251947806843191e+01
-2.971521449135037241e+00,5.158167241300723127e+00,3.655843309564678734e+00,-2.120641739026479566e+00,0.000000000000000000e+00,0.000000000000000000e+00,1.377251947806843546e+01
-2.971521449135037241e+00,5.158167241300723127e+00,3.655843309564679178e+00,-2.120641739026479566e+00,0.000000000000000000e+00,0.000000000000000000e+00,1.377251947806843546e+01
-2.971521449135037241e+00,5.158167241300723127e+00,3.655843309564678734e+00,-2.120641739026479566e+00,0.000000000000000000e+00,0.000000000000000000e+00,1.377251947806843546e+01
0.000000000000000000e+00,4.135163128298273705e+00,0.000000000000000000e+00,-3.161344736403900679e+00,0.000000000000000000e+00,0.000000000000000000e+00,8.217140790986512400e+00
0.000000000000000000e+00,4.135163128298273705e+00,0.000000000000000000e+00,-3.161344736403900679e+00,0.000000000000000000e+00,0.000000000000000000e+00,8.217140790986512400e+00
0.000000000000000000e+00,4.135163128298272817e+00,0.000000000000000000e+00,-3.161344736403900679e+00,0.000000000000000000e+00,0.000000000000000000e+00,8.217140790986512400e+00
0.000000000000000000e+00,4.135163128298273705e+00,0.000000000000000000e+00,-3.161344736403900679e+00,0.000000000000000000e+00,0.000000000000000000e+00,8.217140790986512400e+00
0.000000000000000000e+00,4.135163128298272817e+00,0.000000000000000000e+00,-3.161344736403900679e+00,0.000000000000000000e+00,0.000000000000000000e+00,8.217140790986512400e+00
-3.094055853871054751e+00,6.726952264488605948e+00,4.020757501259103250e+00,0.000000000000000000e+00,0.000000000000000000e+00,0.000000000000000000e+00,1.721929477868996372e+01
-3.094055853871054751e+00,6.726952264488605948e+00,4.020757501259103250e+00,0.000000000000000000e+00,0.000000000000000000e+00,0.000000000000000000e+00,1.721929477868996372e+01
-3.094055853871054751e+00,6.726952264488604172e+00,4.020757501259103250e+00,0.000000000000000000e+00,0.000000000000000000e+00,0.000000000000000000e+00,1.721929477868996372e+01
-3.094055853871054751e+00,6.726952264488605948e+00,4.020757501259103250e+00,0.000000000000000000e+00,0.000000000000000000e+00,0.000000000000000000e+00,1.721929477868996372e+01
-3.094055853871054751e+00,6.726952264488604172e+00,4.020757501259103250e+00,0.000000000000000000e+00,0.000000000000000000e+00,0.000000000000000000e+00,1.721929477868996372e+01
-3.406018591135470786e+00,5.190829351922942259e+00,3.922704368338252312e+00,0.000000000000000000e+00,0.000000000000000000e+00,2.185049374323033700e+00,1.696762271679664380e+01
-3.406018591135470786e+00,5.190829351922943147e+00,3.922704368338251868e+00,0.000000000000000000e+00,0.000000000000000000e+00,2.185049374323033700e+00,1.696762271679664380e+01
-3.406018591135470786e+00,5.190829351922943147e+00,3.922704368338252312e+00,0.000000000000000000e+00,0.000000000000000000e+00,2.185049374323033700e+00,1.696762271679664380e+01
-3.406018591135470786e+00,5.190829351922943147e+00,3.922704368338252312e+00,0.000000000000000000e+00,0.000000000000000000e+00,2.185049374323033700e+00,1.696762271679664380e+01
-3.406018591135470786e+00,5.190829351922943147e+00,3.922704368338253200e+00,0.000000000000000000e+00,0.000000000000000000e+00,2.185049374323033256e+00,1.696762271679664380e+01
-2.758897591412101669e+00,2.460774294836589160e+00,3.541959717164344656e+00,2.982951629531244375e+00,0.000000000000000000e+00,3.252993593228899805e+00,1.912981308933624902e+01
-2.758897591412101669e+00,2.460774294836589160e+00,3.541959717164344656e+00,2.982951629531244375e+00,0.000000000000000000e+00,3.252993593228899805e+00,1.912981308933624902e+01
-2.758897591412101669e+00,2.460774294836588716e+00,3.541959717164344656e+00,2.982951629531244819e+00,0.000000000000000000e+00,3.252993593228899805e+00,1.912981308933625257e+01
-2.758897591412101669e+00,2.460774294836589160e+00,3.541959717164344656e+00,2.982951629531244375e+00,0.000000000000000000e+00,3.252993593228899805e+00,1.912981308933624902e+01
-2.758897591412101669e+00,2.460774294836589160e+00,3.541959717164344656e+00,2.982951629531243931e+00,0.000000000000000000e+00,3.252993593228899805e+00,1.912981308933624902e+01
-4.600543191239176544e+00,3.263632462979044302e+00,0.000000000000000000e+00,0.000000000000000000e+00,0.000000000000000000e+00,4.979483795257211298e+00,2.833021298861670800e+01
-4.600543191239176544e+00,3.263632462979044302e+00,0.000000000000000000e+00,0.000000000000000000e+00,0.000000000000000000e+00,4.979483795257211298e+00,2.833021298861670800e+01
-4.600543191239176544e+00,3.263632462979044302e+00,0.000000000000000000e+00,0.000000000000000000e+00,0.000000000000000000e+00,4.979483795257211298e+00,2.833021298861670090e+01
-4.600543191239176544e+00,3.263632462979044302e+00,0.000000000000000000e+00,0.000000000000000000e+00,0.000000000000000000e+00,4.979483795257211298e+00,2.833021298861670090e+01
-4.600543191239176544e+00,3.263632462979044302e+00,0.000000000000000000e+00,0.000000000000000000e+00,0.000000000000000000e+00,4.979483795257212186e+00,2.833021298861671156e+01
0.000000000000000000e+00,4.981867989914725570e+00,0.000000000000000000e+00,3.002648121173263629e+00,0.000000000000000000e+00,0.000000000000000000e+00,9.357475001235277645e+00
0.000000000000000000e+00,4.981867989914725570e+00,0.000000000000000000e+00,3.002648121173264073e+00,0.000000000000000000e+00,0.000000000000000000e+00,9.357475001235277645e+00
0.000000000000000000e+00,4.981867989914726458e+00,0.000000000000000000e+00,3.002648121173264073e+00,0.000000000000000000e+00,0.000000000000000000e+00,9.357475001235275869e+00
0.000000000000000000e+00,4.981867989914726458e+00,0.000000000000000000e+00,3.002648121173263629e+00,0.000000000000000000e+00,0.000000000000000000e+00,9.357475001235277645e+00
0.000000000000000000e+00,4.981867989914725570e+00,0.000000000000000000e+00,3.002648121173264073e+00,0.000000000000000000e+00,0.000000000000000000e+00,9.357475001235275869e+00
-2.520343295812390139e+00,5.467688429472558731e+00,3.518806065339380673e+00,-1.975982756968499787e+00,0.000000000000000000e+00,0.000000000000000000e+00,1.450104548921957104e+01
-2.520343295812390139e+00,5.467688429472558731e+00,3.518806065339381117e+00,-1.975982756968500009e+00,0.000000000000000000e+00,0.000000000000000000e+00,1.450104548921957459e+01
-2.520343295812390139e+00,5.467688429472558731e+00,3.518806065339380673e+00,-1.975982756968499787e+00,0.000000000000000000e+00,0.000000000000000000e+00,1.450104548921957459e+01
-2.520343295812390139e+00,5.467688429472558731e+00,3.518806065339381117e+00,-1.975982756968500009e+00,0.000000000000000000e+00,0.000000000000000000e+00,1.450104548921957459e+01
-2.520343295812390139e+00,5.467688429472558731e+00,3.518806065339381117e+00,-1.975982756968499787e+00,0.000000000000000000e+00,0.000000000000000000e+00,1.450104548921957104e+01
-3.744915818713134836e+00,4.308538212880595353e+00,3.440647068276955434e+00,0.000000000000000000e+00,0.000000000000000000e+00,2.084211373971154746e+00,1.540365760372325532e+01
-3.744915818713134836e+00,4.308538212880595353e+00,3.440647068276955434e+00,0.000000000000000000e+00,0.000000000000000000e+00,2.084211373971154302e+00,1.540365760372325532e+01
-3.744915818713134836e+00,4.308538212880595353e+00,3.440647068276955434e+00,0.000000000000000000e+00,0.000000000000000000e+00,2.084211373971154746e+00,1.540365760372325532e+01
-3.744915818713134836e+00,4.308538212880595353e+00,3.440647068276955434e+00,0.000000000000000000e+00,0.000000000000000000e+00,2.084211373971155190e+00,1.540365760372325532e+01
-3.744915818713134836e+00,4.308538212880595353e+00,3.440647068276955434e+00,0.000000000000000000e+00,0.000000000000000000e+00,2.084211373971154746e+00,1.540365760372325532e+01
-6.588080367407990856e+00,4.099621962786466511e+00,1.988493212581427194e+00,2.596809080881144816e+00,2.535243230687764804e+00,6.314681925517012573e+00,2.786361769759495388e+01
-6.588080367407990856e+00,4.099621962786466511e+00,1.988493212581427416e+00,2.596809080881144371e+00,2.535243230687764804e+00,6.314681925517012573e+00,2.786361769759495388e+01
-6.588080367407990856e+00,4.099621962786465623e+00,1.988493212581427194e+00,2.596809080881144371e+00,2.535243230687764804e+00,6.314681925517012573e+00,2.786361769759495388e+01
-6.588080367407990856e+00,4.099621962786466511e+00,1.988493212581427194e+00,2.596809080881144816e+00,2.535243230687764360e+00,6.314681925517012573e+00,2.786361769759495388e+01
-6.588080367407990856e+00,4.099621962786466511e+00,1.988493212581427416e+00,2.596809080881144371e+00,2.535243230687764804e+00,6.314681925517012573e+00,2.786361769759495388e+01
-2.977358004685380699e+00,3.841783130571936766e+00,0.000000000000000000e+00,-2.657992800719203075e+00,4.304458516092838138e+00,7.235310967802210946e+00,2.649905777316573108e+01
-2.977358004685380699e+00,3.841783130571936766e+00,0.000000000000000000e+00,-2.657992800719203075e+00,4.304458516092838138e+00,7.235310967802210946e+00,2.649905777316573108e+01
-2.977358004685380699e+00,3.841783130571937654e+00,0.000000000000000000e+00,-2.657992800719203075e+00,4.304458516092838138e+00,7.235310967802210946e+00,2.649905777316573463e+01
-2.977358004685380699e+00,3.841783130571936766e+00,0.000000000000000000e+00,-2.657992800719203075e+00,4.304458516092838138e+00,7.235310967802210946e+00,2.649905777316573463e+01
-2.977358004685380699e+00,3.841783130571936766e+00,0.000000000000000000e+00,-2.657992800719203519e+00,4.304458516092838138e+00,7.235310967802210946e+00,2.649905777316573463e+01
-2.413317134750582849e+00,4.045293701055676650e+00,3.757072869897830181e+00,-2.688803022962955147e+00,-2.146909916549753827e+00,0.000000000000000000e+00,1.128303139089933893e+01
-2.413317134750582849e+00,4.045293701055676650e+00,3.757072869897830625e+00,-2.688803022962955147e+00,-2.146909916549753827e+00,0.000000000000000000e+00,1.128303139089933715e+01
-2.413317134750582849e+00,4.045293701055676650e+00,3.757072869897829737e+00,-2.688803022962955147e+00,-2.146909916549753827e+00,0.000000000000000000e+00,1.128303139089933715e+01
-2.413317134750582849e+00,4.045293701055676650e+00,3.757072869897830625e+00,-2.688803022962955147e+00,-2.146909916549753827e+00,0.000000000000000000e+00,1.128303139089933715e+01
-2.413317134750582849e+00,4.045293701055676650e+00,3.757072869897830625e+00,-2.688803022962955147e+00,-2.146909916549753827e+00,0.000000000000000000e+00,1.128303139089933715e+01
-2.836020782181261524e+00,6.792897460186497760e+00,3.934892066548120848e+00,0.000000000000000000e+00,0.000000000000000000e+00,0.000000000000000000e+00,1.741687225497090097e+01
-2.836020782181261524e+00,6.792897460186498648e+00,3.934892066548121292e+00,0.000000000000000000e+00,0.000000000000000000e+00,0.000000000000000000e+00,1.741687225497090452e+01
-2.836020782181261524e+00,6.792897460186496872e+00,3.934892066548121292e+00,0.000000000000000000e+00,0.000000000000000000e+00,0.000000000000000000e+00,1.741687225497090452e+01
-2.836020782181261524e+00,6.792897460186498648e+00,3.934892066548121736e+00,0.000000000000000000e+00,0.000000000000000000e+00,0.000000000000000000e+00,1.741687225497090452e+01
-2.836020782181261524e+00,6.792897460186498648e+00,3.934892066548121292e+00,0.000000000000000000e+00,0.000000000000000000e+00,0.000000000000000000e+00,1.741687225497090097e+01
1.981072310399631720e+00,3.586202723419103844e+00,0.000000000000000000e+00,3.471896970651931813e+00,0.000000000000000000e+00,0.000000000000000000e+00,1.219761914514152501e+01
1.981072310399631720e+00,3.586202723419102956e+00,0.000000000000000000e+00,3.471896970651931813e+00,0.000000000000000000e+00,0.000000000000000000e+00,1.219761914514152501e+01
1.981072310399631720e+00,3.586202723419103400e+00,0.000000000000000000e+00,3.471896970651931813e+00,0.000000000000000000e+00,0.000000000000000000e+00,1.219761914514152501e+01
1.981072310399631720e+00,3.586202723419103400e+00,0.000000000000000000e+00,3.471896970651931813e+00,0.000000000000000000e+00,0.000000000000000000e+00,1.219761914514152501e+01
1.981072310399631720e+00,3.586202723419103400e+00,0.000000000000000000e+00,3.471896970651931813e+00,0.000000000000000000e+00,0.000000000000000000e+00,1.219761914514152501e+01
-4.017698524478988453e+00,4.166042736842723748e+00,0.000000000000000000e+00,0.000000000000000000e+00,3.049653284307443091e+00,7.258597085744920463e+00,2.720121831434365944e+01
-4.017698524478988453e+00,4.166042736842722860e+00,0.000000000000000000e+00,0.000000000000000000e+00,3.049653284307443091e+00,7.258597085744920463e+00,2.720121831434366300e+01
-4.017698524478988453e+00,4.166042736842722860e+00,0.000000000000000000e+00,0.000000000000000000e+00,3.049653284307443091e+00,7.258597085744920463e+00,2.720121831434366300e+01
-4.017698524478988453e+00,4.166042736842722860e+00,0.000000000000000000e+00,0.000000000000000000e+00,3.049653284307443091e+00,7.258597085744920463e+00,2.720121831434365944e+01
-4.017698524478988453e+00,4.166042736842723748e+00,0.000000000000000000e+00,0.000000000000000000e+00,3.049653284307443091e+00,7.258597085744919575e+00,2.720121831434365944e+01
-4.682290977164062618e+00,4.117824335506336197e+00,0.000000000000000000e+00,0.000000000000000000e+00,3.760634464996541748e+00,7.601843811262172679e+00,2.726425543075331959e+01
-4.682290977164062618e+00,4.117824335506336197e+00,0.000000000000000000e+00,0.000000000000000000e+00,3.760634464996541748e+00,7.601843811262174455e+00,2.726425543075331959e+01
-4.682290977164062618e+00,4.117824335506336197e+00,0.000000000000000000e+00,0.000000000000000000e+00,3.760634464996541748e+00,7.601843811262174455e+00,2.726425543075331959e+01
-4.682290977164062618e+00,4.117824335506336197e+00,0.000000000000000000e+00,0.000000000000000000e+00,3.760634464996541748e+00,7.601843811262174455e+00,2.726425543075331603e+01
-4.682290977164062618e+00,4.117824335506336197e+00,0.000000000000000000e+00,0.000000000000000000e+00,3.760634464996541748e+00,7.601843811262174455e+00,2.726425543075331959e+01
-2.355739366804447066e+00,2.493200057299400640e+00,0.000000000000000000e+00,0.000000000000000000e+00,0.000000000000000000e+00,7.162531851883720435e+00,2.778178761956328913e+01
-2.355739366804447066e+00,2.493200057299400640e+00,0.000000000000000000e+00,0.000000000000000000e+00,0.000000000000000000e+00,7.162531851883720435e+00,2.778178761956328557e+01
-2.355739366804447066e+00,2.493200057299400640e+00,0.000000000000000000e+00,0.000000000000000000e+00,0.000000000000000000e+00,7.162531851883720435e+00,2.778178761956328913e+01
-2.355739366804447066e+00,2.493200057299400640e+00,0.000000000000000000e+00,0.000000000000000000e+00,0.000000000000000000e+00,7.162531851883721323e+00,2.778178761956328557e+01
-2.355739366804447066e+00,2.493200057299400640e+00,0.000000000000000000e+00,0.000000000000000000e+00,0.000000000000000000e+00,7.162531851883720435e+00,2.778178761956328557e+01
0.000000000000000000e+00,4.693300610814969076e+00,0.000000000000000000e+00,3.199895012110369308e+00,0.000000000000000000e+00,0.000000000000000000e+00,9.388368798412704663e+00
0.000000000000000000e+00,4.693300610814969076e+00,0.000000000000000000e+00,3.199895012110369308e+00,0.000000000000000000e+00,0.000000000000000000e+00,9.388368798412706440e+00
0.000000000000000000e+00,4.693300610814969076e+00,0.000000000000000000e+00,3.199895012110369308e+00,0.000000000000000000e+00,0.000000000000000000e+00,9.388368798412706440e+00
0.000000000000000000e+00,4.693300610814969076e+00,0.000000000000000000e+00,3.199895012110369308e+00,0.000000000000000000e+00,0.000000000000000000e+00,9.388368798412706440e+00
0.000000000000000000e+00,4.693300610814969076e+00,0.000000000000000000e+00,3.199895012110369308e+00,0.000000000000000000e+00,0.000000000000000000e+00,9.388368798412706440e+00
-6.344727956589177431e+00,3.983985022070639648e+00,0.000000000000000000e+00,2.269501170439775617e+00,2.773363026828305600e+00,6.317256228350673908e+00,2.800648823603773963e+01
-6.344727956589177431e+00,3.983985022070639648e+00,0.000000000000000000e+00,2.269501170439775617e+00,2.773363026828305156e+00,6.317256228350673020e+00,2.800648823603773963e+01
-6.344727956589177431e+00,3.983985022070639648e+00,0.000000000000000000e+00,2.269501170439775617e+00,2.773363026828305156e+00,6.317256228350673020e+00,2.800648823603773963e+01
-6.344727956589177431e+00,3.983985022070639648e+00,0.000000000000000000e+00,2.269501170439775617e+00,2.773363026828305600e+00,6.317256228350673020e+00,2.800648823603773963e+01
-6.344727956589177431e+00,3.983985022070639648e+00,0.000000000000000000e+00,2.269501170439775617e+00,2.773363026828305600e+00,6.317256228350673020e+00,2.800648823603774673e+01
-2.195187228313587813e+00,3.115598090721410696e+00,3.994638305285666657e+00,-3.031757170846687277e+00,-2.187751383488395263e+00,0.000000000000000000e+00,8.291385050046480742e+00
-2.195187228313587813e+00,3.115598090721410696e+00,3.994638305285667546e+00,-3.031757170846687277e+00,-2.187751383488395263e+00,0.000000000000000000e+00,8.291385050046480742e+00
-2.195187228313587813e+00,3.115598090721410696e+00,3.994638305285667546e+00,-3.031757170846687277e+00,-2.187751383488395263e+00,0.000000000000000000e+00,8.291385050046482519e+00
-2.195187228313587813e+00,3.115598090721411140e+00,3.994638305285667546e+00,-3.031757170846687277e+00,-2.187751383488395263e+00,0.000000000000000000e+00,8.291385050046480742e+00
-2.195187228313587813e+00,3.115598090721410696e+00,3.994638305285667546e+00,-3.031757170846686833e+00,-2.187751383488395263e+00,0.000000000000000000e+00,8.291385050046480742e+00
-6.063379702035535779e+00,4.339542572981949675e+00,2.152737382600681482e+00,0.000000000000000000e+00,2.611973167822826625e+00,7.350880682938818467e+00,2.780055388867223343e+01
-6.063379702035535779e+00,4.339542572981949675e+00,2.152737382600681038e+00,0.000000000000000000e+00,2.611973167822826625e+00,7.350880682938818467e+00,2.780055388867222632e+01
-6.063379702035535779e+00,4.339542572981948787e+00,2.152737382600681038e+00,0.000000000000000000e+00,2.611973167822826625e+00,7.350880682938818467e+00,2.780055388867222632e+01
-6.063379702035535779e+00,4.339542572981949675e+00,2.152737382600681482e+00,0.000000000000000000e+00,2.611973167822827069e+00,7.350880682938818467e+00,2.780055388867222632e+01
-6.063379702035535779e+00,4.339542572981949675e+00,2.152737382600681482e+00,0.000000000000000000e+00,2.611973167822826625e+00,7.350880682938818467e+00,2.780055388867222632e+01
-3.818806482969801852e+00,3.486172540239922402e+00,3.436671601656994479e+00,0.000000000000000000e+00,0.000000000000000000e+00,0.000000000000000000e+00,8.220733244030036246e+00
-3.818806482969801852e+00,3.486172540239922402e+00,3.436671601656994479e+00,0.000000000000000000e+00,0.000000000000000000e+00,0.000000000000000000e+00,8.220733244030036246e+00
-3.818806482969801852e+00,3.486172540239922402e+00,3.436671601656994923e+00,0.000000000000000000e+00,0.000000000000000000e+00,0.000000000000000000e+00,8.220733244030036246e+00
-3.818806482969801852e+00,3.486172540239922402e+00,3.436671601656994479e+00,0.000000000000000000e+00,0.000000000000000000e+00,0.000000000000000000e+00,8.220733244030036246e+00
-3.818806482969801852e+00,3.486172540239922402e+00,3.436671601656994923e+00,0.000000000000000000e+00,0.000000000000000000e+00,0.000000000000000000e+00,8.220733244030036246e+00
0.000000000000000000e+00,5.307054981523213755e+00,0.000000000000000000e+00,-2.321730258492535892e+00,0.000000000000000000e+00,0.000000000000000000e+00,9.253922202780286099e+00
0.000000000000000000e+00,5.307054981523213755e+00,0.000000000000000000e+00,-2.321730258492535892e+00,0.000000000000000000e+00,0.000000000000000000e+00,9.253922202780287876e+00
0.000000000000000000e+00,5.307054981523213755e+00,0.000000000000000000e+00,-2.321730258492535892e+00,0.000000000000000000e+00,0.000000000000000000e+00,9.253922202780287876e+00
0.000000000000000000e+00,5.307054981523213755e+00,0.000000000000000000e+00,-2.321730258492535892e+00,0.000000000000000000e+00,0.000000000000000000e+00,9.253922202780287876e+00
0.000000000000000000e+00,5.307054981523213755e+00,0.000000000000000000e+00,-2.321730258492535892e+00,0.000000000000000000e+00,0.000000000000000000e+00,9.253922202780287876e+00
0.000000000000000000e+00,2.277659488429368828e+00,3.148316729441655859e+00,2.937022756678019597e+00,0.000000000000000000e+00,4.374783115200146177e+00,2.276927070735744962e+01
0.000000000000000000e+00,2.277659488429368384e+00,3.148316729441655859e+00,2.937022756678019597e+00,0.000000000000000000e+00,4.374783115200146177e+00,2.276927070735744962e+01
0.000000000000000000e+00,2.277659488429368828e+00,3.148316729441655859e+00,2.937022756678019597e+00,0.000000000000000000e+00,4.374783115200146177e+00,2.276927070735744962e+01
0.000000000000000000e+00,2.277659488429368828e+00,3.148316729441655859e+00,2.937022756678020041e+00,0.000000000000000000e+00,4.374783115200146177e+00,2.276927070735744962e+01
0.000000000000000000e+00,2.277659488429368828e+00,3.148316729441655859e+00,2.937022756678020041e+00,0.000000000000000000e+00,4.374783115200146177e+00,2.276927070735744962e+01
-1.970273167290505167e+00,4.077534900114127225e+00,0.000000000000000000e+00,-2.773440226586720847e+00,0.000000000000000000e+00,0.000000000000000000e+00,8.458370966164768134e+00
-1.970273167290505167e+00,4.077534900114127225e+00,0.000000000000000000e+00,-2.773440226586721735e+00,0.000000000000000000e+00,0.000000000000000000e+00,8.458370966164768134e+00
-1.970273167290505167e+00,4.077534900114127225e+00,0.000000000000000000e+00,-2.773440226586721291e+00,0.000000000000000000e+00,0.000000000000000000e+00,8.458370966164768134e+00
-1.970273167290505167e+00,4.077534900114128114e+00,0.000000000000000000e+00,-2.773440226586721291e+00,0.000000000000000000e+00,0.000000000000000000e+00,8.458370966164768134e+00
-1.970273167290505167e+00,4.077534900114127225e+00,0.000000000000000000e+00,-2.773440226586721291e+00,0.000000000000000000e+00,0.000000000000000000e+00,8.458370966164768134e+00
-5.759824676311399827e+00,3.883923998807313982e+00,0.000000000000000000e+00,2.605362626778579660e+00,2.462591446648154214e+00,5.425271668820385251e+00,2.762937395355468695e+01
-5.759824676311399827e+00,3.883923998807313094e+00,0.000000000000000000e+00,2.605362626778579660e+00,2.462591446648154214e+00,5.425271668820386139e+00,2.762937395355468695e+01
-5.759824676311399827e+00,3.883923998807313094e+00,0.000000000000000000e+00,2.605362626778579216e+00,2.462591446648154214e+00,5.425271668820386139e+00,2.762937395355469405e+01
-5.759824676311399827e+00,3.883923998807313982e+00,0.000000000000000000e+00,2.605362626778579216e+00,2.462591446648154214e+00,5.425271668820386139e+00,2.762937395355468695e+01
-5.759824676311399827e+00,3.883923998807313094e+00,0.000000000000000000e+00,2.605362626778579660e+00,2.462591446648153770e+00,5.425271668820386139e+00,2.762937395355468695e+01
0.000000000000000000e+00,2.287581117913965567e+00,0.000000000000000000e+00,0.000000000000000000e+00,0.000000000000000000e+00,0.000000000000000000e+00,1.628419754621625160e+01
0.000000000000000000e+00,2.287581117913966011e+00,0.000000000000000000e+00,0.000000000000000000e+00,0.000000000000000000e+00,0.000000000000000000e+00,1.628419754621625160e+01
0.000000000000000000e+00,2.287581117913966011e+00,0.000000000000000000e+00,0.000000000000000000e+00,0.000000000000000000e+00,0.000000000000000000e+00,1.628419754621625160e+01
0.000000000000000000e+00,2.287581117913965567e+00,0.000000000000000000e+00,0.000000000000000000e+00,0.000000000000000000e+00,0.000000000000000000e+00,1.628419754621625160e+01
0.000000000000000000e+00,2.287581117913965567e+00,0.000000000000000000e+00,0.000000000000000000e+00,0.000000000000000000e+00,0.000000000000000000e+00,1.628419754621625160e+01
-2.609820220869669249e+00,5.685682457064904050e+00,0.000000000000000000e+00,0.000000000000000000e+00,0.000000000000000000e+00,0.000000000000000000e+00,1.126724152058095463e+01
-2.609820220869669249e+00,5.685682457064903161e+00,0.000000000000000000e+00,0.000000000000000000e+00,0.000000000000000000e+00,0.000000000000000000e+00,1.126724152058095640e+01
-2.609820220869669249e+00,5.685682457064904050e+00,0.000000000000000000e+00,0.000000000000000000e+00,0.000000000000000000e+00,0.000000000000000000e+00,1.126724152058095640e+01
-2.609820220869669249e+00,5.685682457064904050e+00,0.000000000000000000e+00,0.000000000000000000e+00,0.000000000000000000e+00,0.000000000000000000e+00,1.126724152058095640e+01
-2.609820220869669249e+00,5.685682457064904050e+00,0.000000000000000000e+00,0.000000000000000000e+00,0.000000000000000000e+00,0.000000000000000000e+00,1.126724152058095818e+01
-3.316878188047366116e+00,3.981233272525114053e+00,0.000000000000000000e+00,-2.584060373360087315e+00,3.626228873949182585e+00,7.161571170425339972e+00,2.669233474885785995e+01
-3.316878188047366116e+00,3.981233272525114053e+00,0.000000000000000000e+00,-2.584060373360087759e+00,3.626228873949182585e+00,7.161571170425339083e+00,2.669233474885785640e+01
-3.316878188047366116e+00,3.981233272525114053e+00,0.000000000000000000e+00,-2.584060373360087315e+00,3.626228873949182585e+00,7.161571170425339972e+00,2.669233474885785640e+01
-3.316878188047366116e+00,3.981233272525114053e+00,0.000000000000000000e+00,-2.584060373360087315e+00,3.626228873949182585e+00,7.161571170425339972e+00,2.669233474885785640e+01
-3.316878188047366116e+00,3.981233272525114053e+00,0.000000000000000000e+00,-2.584060373360088203e+00,3.626228873949182585e+00,7.161571170425339972e+00,2.669233474885785640e+01
-2.923288022771731054e+00,3.514209740348582578e+00,0.000000000000000000e+00,0.000000000000000000e+00,5.401576390310251163e+00,7.569545344738605408e+00,2.661986378684852284e+01
-2.923288022771731054e+00,3.514209740348582578e+00,0.000000000000000000e+00,0.000000000000000000e+00,5.401576390310251163e+00,7.569545344738605408e+00,2.661986378684851928e+01
-2.923288022771731054e+00,3.514209740348582134e+00,0.000000000000000000e+00,0.000000000000000000e+00,5.401576390310251163e+00,7.569545344738604520e+00,2.661986378684852284e+01
-2.923288022771731054e+00,3.514209740348582578e+00,0.000000000000000000e+00,0.000000000000000000e+00,5.401576390310251163e+00,7.569545344738604520e+00,2.661986378684852284e+01
-2.923288022771731054e+00,3.514209740348582134e+00,0.000000000000000000e+00,0.000000000000000000e+00,5.401576390310251163e+00,7.569545344738604520e+00,2.661986378684852284e+01
0.000000000000000000e+00,5.016214311004083548e+00,0.000000000000000000e+00,0.000000000000000000e+00,0.000000000000000000e+00,0.000000000000000000e+00,9.022560899981053595e+00
0.000000000000000000e+00,5.016214311004084436e+00,0.000000000000000000e+00,0.000000000000000000e+00,0.000000000000000000e+00,0.000000000000000000e+00,9.022560899981053595e+00
0.000000000000000000e+00,5.016214311004083548e+00,0.000000000000000000e+00,0.000000000000000000e+00,0.000000000000000000e+00,0.000000000000000000e+00,9.022560899981053595e+00
0.000000000000000000e+00,5.016214311004083548e+00,0.000000000000000000e+00,0.000000000000000000e+00,0.000000000000000000e+00,0.000000000000000000e+00,9.022560899981053595e+00
0.000000000000000000e+00,5.016214311004083548e+00,0.000000000000000000e+00,0.000000000000000000e+00,0.000000000000000000e+00,0.000000000000000000e+00,9.022560899981053595e+00
-6.284383471519905839e+00,4.051081475179339364e+00,0.000000000000000000e+00,0.000000000000000000e+00,2.785854568556885180e+00,7.049856571362687063e+00,2.820611695051495715e+01
-6.284383471519905839e+00,4.051081475179339364e+00,0.000000000000000000e+00,0.000000000000000000e+00,2.785854568556885624e+00,7.049856571362687063e+00,2.820611695051496071e+01
-6.284383471519905839e+00,4.051081475179339364e+00,0.000000000000000000e+00,0.000000000000000000e+00,2.785854568556885624e+00,7.049856571362687063e+00,2.820611695051495360e+01
-6.284383471519905839e+00,4.051081475179339364e+00,0.000000000000000000e+00,0.000000000000000000e+00,2.785854568556885624e+00,7.049856571362685287e+00,2.820611695051495360e+01
-6.284383471519905839e+00,4.051081475179339364e+00,0.000000000000000000e+00,0.000000000000000000e+00,2.785854568556885180e+00,7.049856571362685287e+00,2.820611695051495715e+01
-3.566945538466617549e+00,4.632691834787888041e+00,0.000000000000000000e+00,0.000000000000000000e+00,0.000000000000000000e+00,0.000000000000000000e+00,1.106035104730757901e+01
-3.566945538466617549e+00,4.632691834787888041e+00,0.000000000000000000e+00,0.000000000000000000e+00,0.000000000000000000e+00,0.000000000000000000e+00,1.106035104730758079e+01
-3.566945538466617549e+00,4.632691834787888041e+00,0.000000000000000000e+00,0.000000000000000000e+00,0.000000000000000000e+00,0.000000000000000000e+00,1.106035104730758079e+01
-3.566945538466617549e+00,4.632691834787888041e+00,0.000000000000000000e+00,0.000000000000000000e+00,0.000000000000000000e+00,0.000000000000000000e+00,1.106035104730758079e+01
-3.566945538466617549e+00,4.632691834787888041e+00,0.000000000000000000e+00,0.000000000000000000e+00,0.000000000000000000e+00,0.000000000000000000e+00,1.106035104730758079e+01
0.000000000000000000e+00,4.885530418311525125e+00,0.000000000000000000e+00,0.000000000000000000e+00,0.000000000000000000e+00,0.000000000000000000e+00,1.181498118556513077e+01
0.000000000000000000e+00,4.885530418311524237e+00,0.000000000000000000e+00,0.000000000000000000e+00,0.000000000000000000e+00,0.000000000000000000e+00,1.181498118556513077e+01
0.000000000000000000e+00,4.885530418311524237e+00,0.000000000000000000e+00,0.000000000000000000e+00,0.000000000000000000e+00,0.000000000000000000e+00,1.181498118556513077e+01
0.000000000000000000e+00,4.885530418311525125e+00,0.000000000000000000e+00,0.000000000000000000e+00,0.000000000000000000e+00,0.000000000000000000e+00,1.181498118556513077e+01
0.000000000000000000e+00,4.885530418311524237e+00,0.000000000000000000e+00,0.000000000000000000e+00,0.000000000000000000e+00,0.000000000000000000e+00,1.181498118556513077e+01
0.000000000000000000e+00,5.382362990586345042e+00,0.000000000000000000e+00,2.517473319199115434e+00,0.000000000000000000e+00,0.000000000000000000e+00,9.725289981356707969e+00
0.000000000000000000e+00,5.382362990586345042e+00,0.000000000000000000e+00,2.517473319199115434e+00,0.000000000000000000e+00,0.000000000000000000e+00,9.725289981356707969e+00
0.000000000000000000e+00,5.382362990586345042e+00,0.000000000000000000e+00,2.517473319199115878e+00,0.000000000000000000e+00,0.000000000000000000e+00,9.725289981356707969e+00
0.000000000000000000e+00,5.382362990586345042e+00,0.000000000000000000e+00,2.517473319199115434e+00,0.000000000000000000e+00,0.000000000000000000e+00,9.725289981356707969e+00
0.000000000000000000e+00,5.382362990586345042e+00,0.000000000000000000e+00,2.517473319199115434e+00,0.000000000000000000e+00,0.000000000000000000e+00,9.725289981356706193e+00
-6.770965675777721238e+00,4.204768094443780413e+00,0.000000000000000000e+00,2.393164995654303073e+00,2.758076835007553740e+00,6.746637612105577553e+00,2.788555861861035368e+01
-6.770965675777721238e+00,4.204768094443780413e+00,0.000000000000000000e+00,2.393164995654303517e+00,2.758076835007553740e+00,6.746637612105577553e+00,2.788555861861035368e+01
-6.770965675777721238e+00,4.204768094443780413e+00,0.000000000000000000e+00,2.393164995654302629e+00,2.758076835007553740e+00,6.746637612105577553e+00,2.788555861861035368e+01
-6.770965675777721238e+00,4.204768094443781301e+00,0.000000000000000000e+00,2.393164995654303073e+00,2.758076835007553740e+00,6.746637612105576665e+00,2.788555861861034657e+01
-6.770965675777721238e+00,4.204768094443781301e+00,0.000000000000000000e+00,2.393164995654303073e+00,2.758076835007552852e+00,6.746637612105577553e+00,2.788555861861034657e+01
0.000000000000000000e+00,4.817655292342776896e+00,0.000000000000000000e+00,2.791493716647454271e+00,0.000000000000000000e+00,0.000000000000000000e+00,9.037306515538340079e+00
0.000000000000000000e+00,4.817655292342776008e+00,0.000000000000000000e+00,2.791493716647453827e+00,0.000000000000000000e+00,0.000000000000000000e+00,9.037306515538338303e+00
0.000000000000000000e+00,4.817655292342776008e+00,0.000000000000000000e+00,2.791493716647454715e+00,0.000000000000000000e+00,0.000000000000000000e+00,9.037306515538338303e+00
0.000000000000000000e+00,4.817655292342776008e+00,0.000000000000000000e+00,2.791493716647454715e+00,0.000000000000000000e+00,0.000000000000000000e+00,9.037306515538340079e+00
0.000000000000000000e+00,4.817655292342776008e+00,0.000000000000000000e+00,2.791493716647454715e+00,0.000000000000000000e+00,0.000000000000000000e+00,9.037306515538338303e+00
0.000000000000000000e+00,3.099042224553655078e+00,3.729806015033094280e+00,-3.286812646696946061e+00,-2.033873095497689132e+00,0.000000000000000000e+00,8.093726669785928252e+00
0.000000000000000000e+00,3.099042224553655078e+00,3.729806015033093836e+00,-3.286812646696946061e+00,-2.033873095497689132e+00,0.000000000000000000e+00,8.093726669785930028e+00
0.000000000000000000e+00,3.099042224553654634e+00,3.729806015033093836e+00,-3.286812646696945617e+00,-2.033873095497689132e+00,0.000000000000000000e+00,8.093726669785930028e+00
0.000000000000000000e+00,3.099042224553655078e+00,3.729806015033094280e+00,-3.286812646696945617e+00,-2.033873095497689132e+00,0.000000000000000000e+00,8.093726669785930028e+00
0.000000000000000000e+00,3.099042224553655078e+00,3.729806015033094280e+00,-3.286812646696945617e+00,-2.033873095497689132e+00,0.000000000000000000e+00,8.093726669785930028e+00
-2.991645116524078940e+00,5.732456708229808129e+00,3.955223703497679821e+00,0.000000000000000000e+00,0.000000000000000000e+00,2.198447415683932871e+00,1.748142804704855280e+01
-2.991645116524078940e+00,5.732456708229808129e+00,3.955223703497679821e+00,0.000000000000000000e+00,0.000000000000000000e+00,2.198447415683932871e+00,1.748142804704855280e+01
-2.991645116524078940e+00,5.732456708229808129e+00,3.955223703497679821e+00,0.000000000000000000e+00,0.000000000000000000e+00,2.198447415683932871e+00,1.748142804704855280e+01
-2.991645116524078940e+00,5.732456708229808129e+00,3.955223703497679821e+00,0.000000000000000000e+00,0.000000000000000000e+00,2.198447415683932871e+00,1.748142804704854925e+01
-2.991645116524078940e+00,5.732456708229807241e+00,3.955223703497679821e+00,0.000000000000000000e+00,0.000000000000000000e+00,2.198447415683932427e+00,1.748142804704855280e+01
0.000000000000000000e+00,0.000000000000000000e+00,0.000000000000000000e+00,0.000000000000000000e+00,0.000000000000000000e+00,6.525636331572068904e+00,2.660009577599595687e+01
0.000000000000000000e+00,0.000000000000000000e+00,0.000000000000000000e+00,0.000000000000000000e+00,0.000000000000000000e+00,6.525636331572068904e+00,2.660009577599596042e+01
0.000000000000000000e+00,0.000000000000000000e+00,0.000000000000000000e+00,0.000000000000000000e+00,0.000000000000000000e+00,6.525636331572068904e+00,2.660009577599595687e+01
0.000000000000000000e+00,0.000000000000000000e+00,0.000000000000000000e+00,0.000000000000000000e+00,0.000000000000000000e+00,6.525636331572068016e+00,2.660009577599595687e+01
0.000000000000000000e+00,0.000000000000000000e+00,0.000000000000000000e+00,0.000000000000000000e+00,0.000000000000000000e+00,6.525636331572068904e+00,2.660009577599596042e+01
-4.076689860002303156e+00,3.580158201333525358e+00,3.088496959373941309e+00,0.000000000000000000e+00,0.000000000000000000e+00,2.398977892955771907e+00,1.513671985024996935e+01
-4.076689860002303156e+00,3.580158201333525358e+00,3.088496959373941309e+00,0.000000000000000000e+00,0.000000000000000000e+00,2.398977892955771907e+00,1.513671985024997291e+01
-4.076689860002303156e+00,3.580158201333525358e+00,3.088496959373941309e+00,0.000000000000000000e+00,0.000000000000000000e+00,2.398977892955771463e+00,1.513671985024996935e+01
-4.076689860002303156e+00,3.580158201333525358e+00,3.088496959373941309e+00,0.000000000000000000e+00,0.000000000000000000e+00,2.398977892955771907e+00,1.513671985024997291e+01
-4.076689860002303156e+00,3.580158201333525358e+00,3.088496959373941309e+00,0.000000000000000000e+00,0.000000000000000000e+00,2.398977892955771907e+00,1.513671985024996935e+01
-3.597166980290035898e+00,6.005228259101579980e+00,4.104753687351144542e+00,0.000000000000000000e+00,0.000000000000000000e+00,0.000000000000000000e+00,1.642845301795402690e+01
-3.597166980290035898e+00,6.005228259101580868e+00,4.104753687351144542e+00,0.000000000000000000e+00,0.000000000000000000e+00,0.000000000000000000e+00,1.642845301795402690e+01
-3.597166980290035898e+00,6.005228259101580868e+00,4.104753687351144542e+00,0.000000000000000000e+00,0.000000000000000000e+00,0.000000000000000000e+00,1.642845301795402690e+01
-3.597166980290035898e+00,6.005228259101580868e+00,4.104753687351144542e+00,0.000000000000000000e+00,0.000000000000000000e+00,0.000000000000000000e+00,1.642845301795402690e+01
-3.597166980290035898e+00,6.005228259101580868e+00,4.104753687351144542e+00,0.000000000000000000e+00,0.000000000000000000e+00,0.000000000000000000e+00,1.642845301795402690e+01
0.000000000000000000e+00,3.213423102434836753e+00,-2.153247608495451271e+00,-2.221598038001226794e+00,6.467072554840530785e+00,7.357391422472016274e+00,2.604925789033287487e+01
0.000000000000000000e+00,3.213423102434836753e+00,-2.153247608495451271e+00,-2.221598038001226794e+00,6.467072554840530785e+00,7.357391422472016274e+00,2.604925789033287842e+01
0.000000000000000000e+00,3.213423102434836753e+00,-2.153247608495451271e+00,-2.221598038001226794e+00,6.467072554840530785e+00,7.357391422472016274e+00,2.604925789033287842e+01
0.000000000000000000e+00,3.213423102434836309e+00,-2.153247608495451271e+00,-2.221598038001226794e+00,6.467072554840530785e+00,7.357391422472016274e+00,2.604925789033287842e+01
0.000000000000000000e+00,3.213423102434836753e+00,-2.153247608495451271e+00,-2.221598038001226794e+00,6.467072554840530785e+00,7.357391422472018050e+00,2.604925789033287842e+01
-5.988204051610352963e+00,3.870314613796110859e+00,0.000000000000000000e+00,2.412394328810457456e+00,2.662980715952326882e+00,5.763267983143309792e+00,2.777922069153856199e+01
-5.988204051610352963e+00,3.870314613796110415e+00,0.000000000000000000e+00,2.412394328810457456e+00,2.662980715952326438e+00,5.763267983143309792e+00,2.777922069153855844e+01
-5.988204051610352963e+00,3.870314613796110415e+00,0.000000000000000000e+00,2.412394328810457456e+00,2.662980715952326882e+00,5.763267983143309792e+00,2.777922069153855844e+01
-5.988204051610352963e+00,3.870314613796110415e+00,0.000000000000000000e+00,2.412394328810457900e+00,2.662980715952326882e+00,5.763267983143309792e+00,2.777922069153856199e+01
-5.988204051610352963e+00,3.870314613796110859e+00,0.000000000000000000e+00,2.412394328810457900e+00,2.662980715952326438e+00,5.763267983143309792e+00,2.777922069153856910e+01
-4.669207707524362760e+00,4.229875989545619497e+00,0.000000000000000000e+00,0.000000000000000000e+00,2.905849513392677608e+00,7.288868804878573471e+00,2.757907833060074765e+01
-4.669207707524362760e+00,4.229875989545620385e+00,0.000000000000000000e+00,0.000000000000000000e+00,2.905849513392677608e+00,7.288868804878573471e+00,2.757907833060073699e+01
-4.669207707524362760e+00,4.229875989545620385e+00,0.000000000000000000e+00,0.000000000000000000e+00,2.905849513392677608e+00,7.288868804878573471e+00,2.757907833060074410e+01
-4.669207707524362760e+00,4.229875989545620385e+00,0.000000000000000000e+00,0.000000000000000000e+00,2.905849513392677608e+00,7.288868804878573471e+00,2.757907833060074765e+01
-4.669207707524362760e+00,4.229875989545620385e+00,0.000000000000000000e+00,0.000000000000000000e+00,2.905849513392676720e+00,7.288868804878573471e+00,2.757907833060074410e+01
-3.931023506835398251e+00,3.822519496470329070e+00,0.000000000000000000e+00,0.000000000000000000e+00,3.701484288325330496e+00,7.624714331942636036e+00,2.727886186422636428e+01
-3.931023506835398251e+00,3.822519496470329070e+00,0.000000000000000000e+00,0.000000000000000000e+00,3.701484288325331384e+00,7.624714331942636036e+00,2.727886186422636072e+01
-3.931023506835398251e+00,3.822519496470329070e+00,0.000000000000000000e+00,0.000000000000000000e+00,3.701484288325330496e+00,7.624714331942636036e+00,2.727886186422636072e+01
-3.931023506835398251e+00,3.822519496470329070e+00,0.000000000000000000e+00,0.000000000000000000e+00,3.701484288325330496e+00,7.624714331942634260e+00,2.727886186422636428e+01
-3.931023506835398251e+00,3.822519496470329070e+00,0.000000000000000000e+00,0.000000000000000000e+00,3.701484288325330496e+00,7.624714331942636036e+00,2.727886186422636428e+01
0.000000000000000000e+00,2.151709540865685888e+00,0.000000000000000000e+00,0.000000000000000000e+00,0.000000000000000000e+00,7.172259882069876191e+00,2.721223307217755760e+01
0.000000000000000000e+00,2.151709540865686332e+00,0.000000000000000000e+00,0.000000000000000000e+00,0.000000000000000000e+00,7.172259882069876191e+00,2.721223307217755760e+01
0.000000000000000000e+00,2.151709540865686332e+00,0.000000000000000000e+00,0.000000000000000000e+00,0.000000000000000000e+00,7.172259882069876191e+00,2.721223307217755760e+01
0.000000000000000000e+00,2.151709540865686332e+00,0.000000000000000000e+00,0.000000000000000000e+00,0.000000000000000000e+00,7.172259882069876191e+00,2.721223307217755760e+01
0.000000000000000000e+00,2.151709540865686332e+00,0.000000000000000000e+00,0.000000000000000000e+00,0.000000000000000000e+00,7.172259882069876191e+00,2.721223307217755760e+01
-6.644736033923796192e+00,4.158831270053557461e+00,0.000000000000000000e+00,0.000000000000000000e+00,3.003193103626863092e+00,7.061770393345295105e+00,2.797958267910371788e+01
-6.644736033923796192e+00,4.158831270053557461e+00,0.000000000000000000e+00,0.000000000000000000e+00,3.003193103626862648e+00,7.061770393345295105e+00,2.797958267910371433e+01
-6.644736033923796192e+00,4.158831270053557461e+00,0.000000000000000000e+00,0.000000000000000000e+00,3.003193103626863092e+00,7.061770393345295105e+00,2.797958267910371788e+01
-6.644736033923796192e+00,4.158831270053557461e+00,0.000000000000000000e+00,0.000000000000000000e+00,3.003193103626863092e+00,7.061770393345295105e+00,2.797958267910371433e+01
-6.644736033923796192e+00,4.158831270053557461e+00,0.000000000000000000e+00,0.000000000000000000e+00,3.003193103626863092e+00,7.061770393345295105e+00,2.797958267910371433e+01
-2.645005242084918162e+00,3.513087106795579118e+00,0.000000000000000000e+00,0.000000000000000000e+00,5.806612572062908484e+00,7.425650944074889459e+00,2.629758726310404882e+01
-2.645005242084918162e+00,3.513087106795579118e+00,0.000000000000000000e+00,0.000000000000000000e+00,5.806612572062908484e+00,7.425650944074889459e+00,2.629758726310404882e+01
-2.645005242084918162e+00,3.513087106795579118e+00,0.000000000000000000e+00,0.000000000000000000e+00,5.806612572062908484e+00,7.425650944074891235e+00,2.629758726310404882e+01
-2.645005242084918162e+00,3.513087106795579118e+00,0.000000000000000000e+00,0.000000000000000000e+00,5.806612572062908484e+00,7.425650944074889459e+00,2.629758726310404882e+01
-2.645005242084918162e+00,3.513087106795579118e+00,0.000000000000000000e+00,0.000000000000000000e+00,5.806612572062908484e+00,7.425650944074889459e+00,2.629758726310404526e+01
-2.145425459609990870e+00,2.067380111215949334e+00,3.316826895094341587e+00,3.079529587000589430e+00,0.000000000000000000e+00,3.870094804129010857e+00,2.145990817569885678e+01
-2.145425459609990870e+00,2.067380111215948890e+00,3.316826895094341587e+00,3.079529587000588986e+00,0.000000000000000000e+00,3.870094804129010857e+00,2.145990817569885678e+01
-2.145425459609990870e+00,2.067380111215949334e+00,3.316826895094341587e+00,3.079529587000588986e+00,0.000000000000000000e+00,3.870094804129010857e+00,2.145990817569885678e+01
-2.145425459609990870e+00,2.067380111215949334e+00,3.316826895094341143e+00,3.079529587000589430e+00,0.000000000000000000e+00,3.870094804129010857e+00,2.145990817569885678e+01
-2.145425459609990870e+00,2.067380111215949334e+00,3.316826895094341143e+00,3.079529587000588986e+00,0.000000000000000000e+00,3.870094804129010857e+00,2.145990817569885323e+01
-2.712689827058163861e+00,6.435076149063916340e+00,3.541162111062904128e+00,0.000000000000000000e+00,0.000000000000000000e+00,0.000000000000000000e+00,1.606229785355771966e+01
-2.712689827058163861e+00,6.435076149063918116e+00,3.541162111062904128e+00,0.000000000000000000e+00,0.000000000000000000e+00,0.000000000000000000e+00,1.606229785355772322e+01
-2.712689827058163861e+00,6.435076149063917228e+00,3.541162111062904572e+00,0.000000000000000000e+00,0.000000000000000000e+00,0.000000000000000000e+00,1.606229785355771966e+01
-2.712689827058163861e+00,6.435076149063916340e+00,3.541162111062904128e+00,0.000000000000000000e+00,0.000000000000000000e+00,0.000000000000000000e+00,1.606229785355772322e+01
-2.712689827058163861e+00,6.435076149063917228e+00,3.541162111062904572e+00,0.000000000000000000e+00,0.000000000000000000e+00,0.000000000000000000e+00,1.606229785355771966e+01
-3.850605919468655269e+00,4.052196034230568067e+00,0.000000000000000000e+00,0.000000000000000000e+00,3.958649214381263715e+00,7.404757338070096395e+00,2.710600211312696217e+01
-3.850605919468655269e+00,4.052196034230568067e+00,0.000000000000000000e+00,0.000000000000000000e+00,3.958649214381263715e+00,7.404757338070096395e+00,2.710600211312696572e+01
-3.850605919468655269e+00,4.052196034230568067e+00,0.000000000000000000e+00,0.000000000000000000e+00,3.958649214381263715e+00,7.404757338070096395e+00,2.710600211312696217e+01
-3.850605919468655269e+00,4.052196034230567179e+00,0.000000000000000000e+00,0.000000000000000000e+00,3.958649214381263715e+00,7.404757338070095507e+00,2.710600211312696217e+01
-3.850605919468655269e+00,4.052196034230567179e+00,0.000000000000000000e+00,0.000000000000000000e+00,3.958649214381263715e+00,7.404757338070095507e+00,2.710600211312696217e+01
0.000000000000000000e+00,5.112616791227450719e+00,0.000000000000000000e+00,0.000000000000000000e+00,0.000000000000000000e+00,0.000000000000000000e+00,9.053614030792385137e+00
0.000000000000000000e+00,5.112616791227450719e+00,0.000000000000000000e+00,0.000000000000000000e+00,0.000000000000000000e+00,0.000000000000000000e+00,9.053614030792385137e+00
0.000000000000000000e+00,5.112616791227449831e+00,0.000000000000000000e+00,0.000000000000000000e+00,0.000000000000000000e+00,0.000000000000000000e+00,9.053614030792385137e+00
0.000000000000000000e+00,5.112616791227449831e+00,0.000000000000000000e+00,0.000000000000000000e+00,0.000000000000000000e+00,0.000000000000000000e+00,9.053614030792385137e+00
0.000000000000000000e+00,5.112616791227450719e+00,0.000000000000000000e+00,0.000000000000000000e+00,0.000000000000000000e+00,0.000000000000000000e+00,9.053614030792385137e+00
0.000000000000000000e+00,0.000000000000000000e+00,2.773739023668114534e+00,0.000000000000000000e+00,-2.010711778307901820e+00,6.029288643111310186e+00,2.557390047702155300e+01
0.000000000000000000e+00,0.000000000000000000e+00,2.773739023668114978e+00,0.000000000000000000e+00,-2.010711778307901820e+00,6.029288643111310186e+00,2.557390047702155300e+01
0.000000000000000000e+00,0.000000000000000000e+00,2.773739023668114978e+00,0.000000000000000000e+00,-2.010711778307901820e+00,6.029288643111311075e+00,2.557390047702155300e+01
0.000000000000000000e+00,0.000000000000000000e+00,2.773739023668114978e+00,0.000000000000000000e+00,-2.010711778307901820e+00,6.029288643111311075e+00,2.557390047702155300e+01
0.000000000000000000e+00,0.000000000000000000e+00,2.773739023668114978e+00,0.000000000000000000e+00,-2.010711778307901820e+00,6.029288643111311075e+00,2.557390047702155300e+01
-5.139901833564464617e+00,3.849559519795834994e+00,0.000000000000000000e+00,0.000000000000000000e+00,2.187185678002965705e+00,7.481699162341000076e+00,2.816601180687630546e+01
-5.139901833564464617e+00,3.849559519795834994e+00,0.000000000000000000e+00,0.000000000000000000e+00,2.187185678002965705e+00,7.481699162341000076e+00,2.816601180687630546e+01
-5.139901833564464617e+00,3.849559519795834994e+00,0.000000000000000000e+00,0.000000000000000000e+00,2.187185678002965705e+00,7.481699162341000964e+00,2.816601180687630546e+01
-5.139901833564464617e+00,3.849559519795834994e+00,0.000000000000000000e+00,0.000000000000000000e+00,2.187185678002965705e+00,7.481699162341000964e+00,2.816601180687630190e+01
-5.139901833564464617e+00,3.849559519795834994e+00,0.000000000000000000e+00,0.000000000000000000e+00,2.187185678002965705e+00,7.481699162341000076e+00,2.816601180687630546e+01
0.000000000000000000e+00,2.463969705720887138e+00,-2.863661744452273616e+00,0.000000000000000000e+00,4.717050656430036959e+00,7.317658187382479085e+00,2.673699101668935540e+01
0.000000000000000000e+00,2.463969705720887138e+00,-2.863661744452274061e+00,0.000000000000000000e+00,4.717050656430036959e+00,7.317658187382479085e+00,2.673699101668935540e+01
0.000000000000000000e+00,2.463969705720887138e+00,-2.863661744452274061e+00,0.000000000000000000e+00,4.717050656430036959e+00,7.317658187382479085e+00,2.673699101668935540e+01
0.000000000000000000e+00,2.463969705720887138e+00,-2.863661744452273616e+00,0.000000000000000000e+00,4.717050656430036959e+00,7.317658187382479085e+00,2.673699101668935540e+01
0.000000000000000000e+00,2.463969705720887138e+00,-2.863661744452274061e+00,0.000000000000000000e+00,4.717050656430036959e+00,7.317658187382479085e+00,2.673699101668935896e+01
-2.391624291657746593e+00,3.259838892027690616e+00,0.000000000000000000e+00,0.000000000000000000e+00,3.640826776577446910e+00,7.507897311538705765e+00,2.733516356191796959e+01
-2.391624291657746593e+00,3.259838892027690616e+00,0.000000000000000000e+00,0.000000000000000000e+00,3.640826776577446910e+00,7.507897311538705765e+00,2.733516356191796959e+01
-2.391624291657746593e+00,3.259838892027690616e+00,0.000000000000000000e+00,0.000000000000000000e+00,3.640826776577446910e+00,7.507897311538705765e+00,2.733516356191796959e+01
-2.391624291657746593e+00,3.259838892027690616e+00,0.000000000000000000e+00,0.000000000000000000e+00,3.640826776577446910e+00,7.507897311538705765e+00,2.733516356191796959e+01
-2.391624291657746593e+00,3.259838892027690616e+00,0.000000000000000000e+00,0.000000000000000000e+00,3.640826776577446910e+00,7.507897311538705765e+00,2.733516356191796959e+01
-2.046943570371352994e+00,0.000000000000000000e+00,3.250349423883405198e+00,2.385031374024499939e+00,-2.470958519778102325e+00,4.672388308639965793e+00,2.239327986582908991e+01
-2.046943570371352994e+00,0.000000000000000000e+00,3.250349423883405198e+00,2.385031374024499495e+00,-2.470958519778102325e+00,4.672388308639964905e+00,2.239327986582908991e+01
-2.046943570371352994e+00,0.000000000000000000e+00,3.250349423883404754e+00,2.385031374024499939e+00,-2.470958519778102325e+00,4.672388308639965793e+00,2.239327986582908991e+01
-2.046943570371352994e+00,0.000000000000000000e+00,3.250349423883404754e+00,2.385031374024499495e+00,-2.470958519778102325e+00,4.672388308639965793e+00,2.239327986582909347e+01
-2.046943570371352994e+00,0.000000000000000000e+00,3.250349423883404754e+00,2.385031374024499939e+00,-2.470958519778102325e+00,4.672388308639964905e+00,2.239327986582908991e+01
-6.282685075279574427e+00,4.207685546659321929e+00,2.065652667932929898e+00,0.000000000000000000e+00,2.405210676484399901e+00,6.837080307265133605e+00,2.789886504398562650e+01
-6.282685075279574427e+00,4.207685546659321929e+00,2.065652667932929454e+00,0.000000000000000000e+00,2.405210676484399901e+00,6.837080307265134493e+00,2.789886504398562650e+01
-6.282685075279574427e+00,4.207685546659321929e+00,2.065652667932929898e+00,0.000000000000000000e+00,2.405210676484399457e+00,6.837080307265134493e+00,2.789886504398562650e+01
-6.282685075279574427e+00,4.207685546659321929e+00,2.065652667932929898e+00,0.000000000000000000e+00,2.405210676484399901e+00,6.837080307265134493e+00,2.789886504398562650e+01
-6.282685075279574427e+00,4.207685546659321929e+00,2.065652667932929898e+00,0.000000000000000000e+00,2.405210676484399901e+00,6.837080307265134493e+00,2.789886504398562650e+01
0.000000000000000000e+00,2.705058581133247930e+00,0.000000000000000000e+00,3.465599603927019601e+00,0.000000000000000000e+00,0.000000000000000000e+00,1.984465233692834829e+01
0.000000000000000000e+00,2.705058581133248374e+00,0.000000000000000000e+00,3.465599603927020489e+00,0.000000000000000000e+00,0.000000000000000000e+00,1.984465233692835184e+01
0.000000000000000000e+00,2.705058581133248374e+00,0.000000000000000000e+00,3.465599603927020489e+00,0.000000000000000000e+00,0.000000000000000000e+00,1.984465233692835184e+01
0.000000000000000000e+00,2.705058581133248374e+00,0.000000000000000000e+00,3.465599603927020489e+00,0.000000000000000000e+00,0.000000000000000000e+00,1.984465233692834829e+01
0.000000000000000000e+00,2.705058581133247930e+00,0.000000000000000000e+00,3.465599603927020489e+00,0.000000000000000000e+00,0.000000000000000000e+00,1.984465233692835184e+01
0.000000000000000000e+00,0.000000000000000000e+00,0.000000000000000000e+00,0.000000000000000000e+00,0.000000000000000000e+00,6.892231938601238284e+00,2.709125457185903940e+01
0.000000000000000000e+00,0.000000000000000000e+00,0.000000000000000000e+00,0.000000000000000000e+00,0.000000000000000000e+00,6.892231938601238284e+00,2.709125457185903940e+01
0.000000000000000000e+00,0.000000000000000000e+00,0.000000000000000000e+00,0.000000000000000000e+00,0.000000000000000000e+00,6.892231938601239172e+00,2.709125457185904295e+01
0.000000000000000000e+00,0.000000000000000000e+00,0.000000000000000000e+00,0.000000000000000000e+00,0.000000000000000000e+00,6.892231938601239172e+00,2.709125457185903940e+01
0.000000000000000000e+00,0.000000000000000000e+00,0.000000000000000000e+00,0.000000000000000000e+00,0.000000000000000000e+00,6.892231938601239172e+00,2.709125457185904295e+01
-5.431879027783588221e+00,3.847524696802121280e+00,0.000000000000000000e+00,2.867096487330052401e+00,2.041418028466199353e+00,5.047413196961620052e+00,2.729067991452326325e+01
-5.431879027783588221e+00,3.847524696802121280e+00,0.000000000000000000e+00,2.867096487330051957e+00,2.041418028466199353e+00,5.047413196961620052e+00,2.729067991452326325e+01
-5.431879027783588221e+00,3.847524696802121280e+00,0.000000000000000000e+00,2.867096487330052401e+00,2.041418028466199353e+00,5.047413196961620052e+00,2.729067991452325970e+01
-5.431879027783588221e+00,3.847524696802121280e+00,0.000000000000000000e+00,2.867096487330052401e+00,2.041418028466199353e+00,5.047413196961620940e+00,2.729067991452326325e+01
-5.431879027783588221e+00,3.847524696802121280e+00,0.000000000000000000e+00,2.867096487330053289e+00,2.041418028466199353e+00,5.047413196961620940e+00,2.729067991452326325e+01
-5.624631582669043617e+00,3.763597369904458034e+00,0.000000000000000000e+00,2.100626816369106642e+00,2.029194981969038913e+00,5.884610891260845023e+00,2.830130214964707847e+01
-5.624631582669043617e+00,3.763597369904458034e+00,0.000000000000000000e+00,2.100626816369106642e+00,2.029194981969038913e+00,5.884610891260845023e+00,2.830130214964707847e+01
-5.624631582669043617e+00,3.763597369904457590e+00,0.000000000000000000e+00,2.100626816369106642e+00,2.029194981969038913e+00,5.884610891260845023e+00,2.830130214964707847e+01
-5.624631582669043617e+00,3.763597369904458034e+00,0.000000000000000000e+00,2.100626816369107086e+00,2.029194981969038913e+00,5.884610891260845023e+00,2.830130214964707847e+01
-5.624631582669043617e+00,3.763597369904458034e+00,0.000000000000000000e+00,2.100626816369106642e+00,2.029194981969038469e+00,5.884610891260845023e+00,2.830130214964707491e+01
0.000000000000000000e+00,3.557460135014221425e+00,0.000000000000000000e+00,0.000000000000000000e+00,0.000000000000000000e+00,0.000000000000000000e+00,1.271401208665860239e+01
0.000000000000000000e+00,3.557460135014220981e+00,0.000000000000000000e+00,0.000000000000000000e+00,0.000000000000000000e+00,0.000000000000000000e+00,1.271401208665860061e+01
0.000000000000000000e+00,3.557460135014221425e+00,0.000000000000000000e+00,0.000000000000000000e+00,0.000000000000000000e+00,0.000000000000000000e+00,1.271401208665860239e+01
0.000000000000000000e+00,3.557460135014221425e+00,0.000000000000000000e+00,0.000000000000000000e+00,0.000000000000000000e+00,0.000000000000000000e+00,1.271401208665860061e+01
0.000000000000000000e+00,3.557460135014220981e+00,0.000000000000000000e+00,0.000000000000000000e+00,0.000000000000000000e+00,0.000000000000000000e+00,1.271401208665860239e+01
-3.552005612883836427e+00,4.281472569677197804e+00,0.000000000000000000e+00,0.000000000000000000e+00,0.000000000000000000e+00,0.000000000000000000e+00,9.027909399984292094e+00
-3.552005612883836427e+00,4.281472569677197804e+00,0.000000000000000000e+00,0.000000000000000000e+00,0.000000000000000000e+00,0.000000000000000000e+00,9.027909399984290317e+00
-3.552005612883836427e+00,4.281472569677197804e+00,0.000000000000000000e+00,0.000000000000000000e+00,0.000000000000000000e+00,0.000000000000000000e+00,9.027909399984292094e+00
-3.552005612883836427e+00,4.281472569677197804e+00,0.000000000000000000e+00,0.000000000000000000e+00,0.000000000000000000e+00,0.000000000000000000e+00,9.027909399984292094e+00
-3.552005612883836427e+00,4.281472569677197804e+00,0.000000000000000000e+00,0.000000000000000000e+00,0.000000000000000000e+00,0.000000000000000000e+00,9.027909399984290317e+00
-2.560713032412965440e+00,3.018703679180044119e+00,0.000000000000000000e+00,0.000000000000000000e+00,0.000000000000000000e+00,7.406774450571488977e+00,2.799167012177819913e+01
-2.560713032412965440e+00,3.018703679180044119e+00,0.000000000000000000e+00,0.000000000000000000e+00,0.000000000000000000e+00,7.406774450571488977e+00,2.799167012177819203e+01
-2.560713032412965440e+00,3.018703679180044563e+00,0.000000000000000000e+00,0.000000000000000000e+00,0.000000000000000000e+00,7.406774450571487201e+00,2.799167012177819913e+01
-2.560713032412965440e+00,3.018703679180044119e+00,0.000000000000000000e+00,0.000000000000000000e+00,0.000000000000000000e+00,7.406774450571489865e+00,2.799167012177819203e+01
-2.560713032412965440e+00,3.018703679180044119e+00,0.000000000000000000e+00,0.000000000000000000e+00,0.000000000000000000e+00,7.406774450571489865e+00,2.799167012177819913e+01
-3.977878888687703007e+00,2.841271687148154701e+00,0.000000000000000000e+00,0.000000000000000000e+00,0.000000000000000000e+00,5.258404381598235311e+00,2.853794406537631900e+01
-3.977878888687703007e+00,2.841271687148154701e+00,0.000000000000000000e+00,0.000000000000000000e+00,0.000000000000000000e+00,5.258404381598235311e+00,2.853794406537631900e+01
-3.977878888687703007e+00,2.841271687148154701e+00,0.000000000000000000e+00,0.000000000000000000e+00,0.000000000000000000e+00,5.258404381598234423e+00,2.853794406537631900e+01
-3.977878888687703007e+00,2.841271687148154701e+00,0.000000000000000000e+00,0.000000000000000000e+00,0.000000000000000000e+00,5.258404381598235311e+00,2.853794406537631900e+01
-3.977878888687703007e+00,2.841271687148154701e+00,0.000000000000000000e+00,0.000000000000000000e+00,0.000000000000000000e+00,5.258404381598234423e+00,2.853794406537631900e+01
-4.496710357353139287e+00,4.086793111449604332e+00,3.514435323180590043e+00,0.000000000000000000e+00,0.000000000000000000e+00,0.000000000000000000e+00,9.103656156326751514e+00
-4.496710357353139287e+00,4.086793111449604332e+00,3.514435323180590043e+00,0.000000000000000000e+00,0.000000000000000000e+00,0.000000000000000000e+00,9.103656156326751514e+00
-4.496710357353139287e+00,4.086793111449604332e+00,3.514435323180590043e+00,0.000000000000000000e+00,0.000000000000000000e+00,0.000000000000000000e+00,9.103656156326751514e+00
-4.496710357353139287e+00,4.086793111449604332e+00,3.514435323180590487e+00,0.000000000000000000e+00,0.000000000000000000e+00,0.000000000000000000e+00,9.103656156326753290e+00
-4.496710357353139287e+00,4.086793111449604332e+00,3.514435323180590043e+00,0.000000000000000000e+00,0.000000000000000000e+00,0.000000000000000000e+00,9.103656156326749738e+00
-2.931223899418700984e+00,2.314754892403610320e+00,3.420549013313188169e+00,2.991166077536875356e+00,0.000000000000000000e+00,3.369150181539829259e+00,1.921105185016447336e+01
-2.931223899418700984e+00,2.314754892403609876e+00,3.420549013313188169e+00,2.991166077536875356e+00,0.000000000000000000e+00,3.369150181539830147e+00,1.921105185016447336e+01
-2.931223899418700984e+00,2.314754892403610320e+00,3.420549013313188169e+00,2.991166077536874912e+00,0.000000000000000000e+00,3.369150181539830591e+00,1.921105185016447692e+01
-2.931223899418700984e+00,2.314754892403610320e+00,3.420549013313188169e+00,2.991166077536874912e+00,0.000000000000000000e+00,3.369150181539830147e+00,1.921105185016447336e+01
-2.931223899418700984e+00,2.314754892403610320e+00,3.420549013313187281e+00,2.991166077536874912e+00,0.000000000000000000e+00,3.369150181539829259e+00,1.921105185016447336e+01
-3.301368562283110375e+00,3.099980909491665049e+00,3.600224935368072643e+00,2.466468854964110946e+00,0.000000000000000000e+00,2.855200756348934110e+00,1.858266489665159327e+01
-3.301368562283110375e+00,3.099980909491665049e+00,3.600224935368072643e+00,2.466468854964110946e+00,0.000000000000000000e+00,2.855200756348934110e+00,1.858266489665159327e+01
-3.301368562283110375e+00,3.099980909491664605e+00,3.600224935368072643e+00,2.466468854964110502e+00,0.000000000000000000e+00,2.855200756348934110e+00,1.858266489665159327e+01
-3.301368562283110375e+00,3.099980909491664605e+00,3.600224935368072199e+00,2.466468854964111390e+00,0.000000000000000000e+00,2.855200756348934110e+00,1.858266489665159327e+01
-3.301368562283110375e+00,3.099980909491664605e+00,3.600224935368072643e+00,2.466468854964110946e+00,0.000000000000000000e+00,2.855200756348934110e+00,1.858266489665159327e+01
-4.232547980103590568e+00,3.277795818096481018e+00,3.014123078729216587e+00,2.089680594344900832e+00,0.000000000000000000e+00,2.458455178439320932e+00,1.593693009652270121e+01
-4.232547980103590568e+00,3.277795818096481018e+00,3.014123078729217475e+00,2.089680594344900832e+00,0.000000000000000000e+00,2.458455178439320932e+00,1.593693009652269943e+01
-4.232547980103590568e+00,3.277795818096481018e+00,3.014123078729216587e+00,2.089680594344900832e+00,0.000000000000000000e+00,2.458455178439321376e+00,1.593693009652269943e+01
-4.232547980103590568e+00,3.277795818096481018e+00,3.014123078729216587e+00,2.089680594344900832e+00,0.000000000000000000e+00,2.458455178439321376e+00,1.593693009652269943e+01
-4.232547980103590568e+00,3.277795818096481018e+00,3.014123078729217475e+00,2.089680594344900832e+00,0.000000000000000000e+00,2.458455178439321376e+00,1.593693009652269943e+01
-2.999804746156150337e+00,0.000000000000000000e+00,0.000000000000000000e+00,0.000000000000000000e+00,-2.539609054574279323e+00,3.450929249435764845e+00,2.074114497929825163e+01
-2.999804746156150337e+00,0.000000000000000000e+00,0.000000000000000000e+00,0.000000000000000000e+00,-2.539609054574278879e+00,3.450929249435764845e+00,2.074114497929825518e+01
-2.999804746156150337e+00,0.000000000000000000e+00,0.000000000000000000e+00,0.000000000000000000e+00,-2.539609054574278879e+00,3.450929249435764845e+00,2.074114497929825518e+01
-2.999804746156150337e+00,0.000000000000000000e+00,0.000000000000000000e+00,0.000000000000000000e+00,-2.539609054574279323e+00,3.450929249435764845e+00,2.074114497929825163e+01
-2.999804746156150337e+00,0.000000000000000000e+00,0.000000000000000000e+00,0.000000000000000000e+00,-2.539609054574278879e+00,3.450929249435764845e+00,2.074114497929825163e+01
-3.525225432702506101e+00,2.597901450124885159e+00,0.000000000000000000e+00,0.000000000000000000e+00,0.000000000000000000e+00,3.616633944043255777e+00,2.607103277669121155e+01
-3.525225432702506101e+00,2.597901450124885159e+00,0.000000000000000000e+00,0.000000000000000000e+00,0.000000000000000000e+00,3.616633944043255777e+00,2.607103277669120800e+01
-3.525225432702506101e+00,2.597901450124885603e+00,0.000000000000000000e+00,0.000000000000000000e+00,0.000000000000000000e+00,3.616633944043255777e+00,2.607103277669120445e+01
-3.525225432702506101e+00,2.597901450124885159e+00,0.000000000000000000e+00,0.000000000000000000e+00,0.000000000000000000e+00,3.616633944043255777e+00,2.607103277669120800e+01
-3.525225432702506101e+00,2.597901450124885159e+00,0.000000000000000000e+00,0.000000000000000000e+00,0.000000000000000000e+00,3.616633944043255777e+00,2.607103277669120445e+01
-2.092623139625482853e+00,3.144735001791949980e+00,3.394098484319214126e+00,-3.046126631913915528e+00,0.000000000000000000e+00,0.000000000000000000e+00,7.807196069628002277e+00
-2.092623139625482853e+00,3.144735001791949980e+00,3.394098484319214126e+00,-3.046126631913915528e+00,0.000000000000000000e+00,0.000000000000000000e+00,7.807196069628002277e+00
-2.092623139625482853e+00,3.144735001791950868e+00,3.394098484319214126e+00,-3.046126631913915528e+00,0.000000000000000000e+00,0.000000000000000000e+00,7.807196069628002277e+00
-2.092623139625482853e+00,3.144735001791950868e+00,3.394098484319214126e+00,-3.046126631913915972e+00,0.000000000000000000e+00,0.000000000000000000e+00,7.807196069628002277e+00
-2.092623139625482853e+00,3.144735001791949980e+00,3.394098484319214126e+00,-3.046126631913915528e+00,0.000000000000000000e+00,0.000000000000000000e+00,7.807196069628002277e+00
-4.012006257420448918e+00,4.260097667258887277e+00,0.000000000000000000e+00,0.000000000000000000e+00,0.000000000000000000e+00,0.000000000000000000e+00,1.291503572200027250e+01
-4.012006257420448918e+00,4.260097667258887277e+00,0.000000000000000000e+00,0.000000000000000000e+00,0.000000000000000000e+00,0.000000000000000000e+00,1.291503572200026895e+01
-4.012006257420448918e+00,4.260097667258887277e+00,0.000000000000000000e+00,0.000000000000000000e+00,0.000000000000000000e+00,0.000000000000000000e+00,1.291503572200026717e+01
-4.012006257420448918e+00,4.260097667258887277e+00,0.000000000000000000e+00,0.000000000000000000e+00,0.000000000000000000e+00,0.000000000000000000e+00,1.291503572200026717e+01
-4.012006257420448918e+00,4.260097667258887277e+00,0.000000000000000000e+00,0.000000000000000000e+00,0.000000000000000000e+00,0.000000000000000000e+00,1.291503572200026895e+01
0.000000000000000000e+00,5.587913259862901327e+00,0.000000000000000000e+00,3.415265209474810604e+00,0.000000000000000000e+00,0.000000000000000000e+00,1.014191766244181281e+01
0.000000000000000000e+00,5.587913259862901327e+00,0.000000000000000000e+00,3.415265209474810604e+00,0.000000000000000000e+00,0.000000000000000000e+00,1.014191766244181103e+01
0.000000000000000000e+00,5.587913259862901327e+00,0.000000000000000000e+00,3.415265209474811048e+00,0.000000000000000000e+00,0.000000000000000000e+00,1.014191766244181103e+01
0.000000000000000000e+00,5.587913259862901327e+00,0.000000000000000000e+00,3.415265209474811048e+00,0.000000000000000000e+00,0.000000000000000000e+00,1.014191766244181103e+01
0.000000000000000000e+00,5.587913259862901327e+00,0.000000000000000000e+00,3.415265209474811048e+00,0.000000000000000000e+00,0.000000000000000000e+00,1.014191766244181103e+01
-3.009031178399683704e+00,7.045916813501956533e+00,3.853725996247260088e+00,0.000000000000000000e+00,0.000000000000000000e+00,0.000000000000000000e+00,1.722388665764180260e+01
-3.009031178399683704e+00,7.045916813501956533e+00,3.853725996247260532e+00,0.000000000000000000e+00,0.000000000000000000e+00,0.000000000000000000e+00,1.722388665764179905e+01
-3.009031178399683704e+00,7.045916813501956533e+00,3.853725996247260532e+00,0.000000000000000000e+00,0.000000000000000000e+00,0.000000000000000000e+00,1.722388665764179905e+01
-3.009031178399683704e+00,7.045916813501955644e+00,3.853725996247260088e+00,0.000000000000000000e+00,0.000000000000000000e+00,0.000000000000000000e+00,1.722388665764180260e+01
-3.009031178399683704e+00,7.045916813501955644e+00,3.853725996247260532e+00,0.000000000000000000e+00,0.000000000000000000e+00,0.000000000000000000e+00,1.722388665764180260e+01
0.000000000000000000e+00,2.140722354157020391e+00,2.968547749996272689e+00,2.123607007736260321e+00,0.000000000000000000e+00,5.207588449715502499e+00,2.455388765416379826e+01
0.000000000000000000e+00,2.140722354157020835e+00,2.968547749996272689e+00,2.123607007736259877e+00,0.000000000000000000e+00,5.207588449715502499e+00,2.455388765416379471e+01
0.000000000000000000e+00,2.140722354157020835e+00,2.968547749996272689e+00,2.123607007736259877e+00,0.000000000000000000e+00,5.207588449715502499e+00,2.455388765416379471e+01
0.000000000000000000e+00,2.140722354157021279e+00,2.968547749996273133e+00,2.123607007736259877e+00,0.000000000000000000e+00,5.207588449715502499e+00,2.455388765416379826e+01
0.000000000000000000e+00,2.140722354157020391e+00,2.968547749996273133e+00,2.123607007736260321e+00,0.000000000000000000e+00,5.207588449715501611e+00,2.455388765416379471e+01
-3.276581309495405492e+00,7.007436560805992087e+00,3.844925751720130513e+00,0.000000000000000000e+00,0.000000000000000000e+00,0.000000000000000000e+00,1.682345616167822655e+01
-3.276581309495405492e+00,7.007436560805992087e+00,3.844925751720130958e+00,0.000000000000000000e+00,0.000000000000000000e+00,0.000000000000000000e+00,1.682345616167822655e+01
-3.276581309495405492e+00,7.007436560805992087e+00,3.844925751720130958e+00,0.000000000000000000e+00,0.000000000000000000e+00,0.000000000000000000e+00,1.682345616167822655e+01
-3.276581309495405492e+00,7.007436560805992087e+00,3.844925751720130958e+00,0.000000000000000000e+00,0.000000000000000000e+00,0.000000000000000000e+00,1.682345616167823010e+01
-3.276581309495405492e+00,7.007436560805992976e+00,3.844925751720130958e+00,0.000000000000000000e+00,0.000000000000000000e+00,0.000000000000000000e+00,1.682345616167823010e+01
0.000000000000000000e+00,3.362317557365741560e+00,2.722546574716629308e+00,-3.292709558122733249e+00,0.000000000000000000e+00,0.000000000000000000e+00,7.740530925195290735e+00
0.000000000000000000e+00,3.362317557365742005e+00,2.722546574716629308e+00,-3.292709558122733249e+00,0.000000000000000000e+00,0.000000000000000000e+00,7.740530925195290735e+00
0.000000000000000000e+00,3.362317557365742449e+00,2.722546574716629308e+00,-3.292709558122733249e+00,0.000000000000000000e+00,0.000000000000000000e+00,7.740530925195289846e+00
0.000000000000000000e+00,3.362317557365741560e+00,2.722546574716629308e+00,-3.292709558122733249e+00,0.000000000000000000e+00,0.000000000000000000e+00,7.740530925195290735e+00
0.000000000000000000e+00,3.362317557365741560e+00,2.722546574716629308e+00,-3.292709558122733249e+00,0.000000000000000000e+00,0.000000000000000000e+00,7.740530925195289846e+00
0.000000000000000000e+00,2.990571989824937660e+00,-1.965974827151070414e+00,0.000000000000000000e+00,6.088338960029380686e+00,7.470747246716981316e+00,2.624481142170055037e+01
0.000000000000000000e+00,2.990571989824937660e+00,-1.965974827151070414e+00,0.000000000000000000e+00,6.088338960029380686e+00,7.470747246716981316e+00,2.624481142170055037e+01
0.000000000000000000e+00,2.990571989824937660e+00,-1.965974827151070414e+00,0.000000000000000000e+00,6.088338960029380686e+00,7.470747246716981316e+00,2.624481142170055037e+01
0.000000000000000000e+00,2.990571989824937660e+00,-1.965974827151070414e+00,0.000000000000000000e+00,6.088338960029380686e+00,7.470747246716981316e+00,2.624481142170055037e+01
0.000000000000000000e+00,2.990571989824937660e+00,-1.965974827151070414e+00,0.000000000000000000e+00,6.088338960029380686e+00,7.470747246716981316e+00,2.624481142170055037e+01
0.000000000000000000e+00,2.151781365834281257e+00,3.159516527453719803e+00,2.963718210498021755e+00,0.000000000000000000e+00,4.394022578767976306e+00,2.304402186091388671e+01
0.000000000000000000e+00,2.151781365834281257e+00,3.159516527453719803e+00,2.963718210498021310e+00,0.000000000000000000e+00,4.394022578767976306e+00,2.304402186091388671e+01
0.000000000000000000e+00,2.151781365834281701e+00,3.159516527453719803e+00,2.963718210498021310e+00,0.000000000000000000e+00,4.394022578767976306e+00,2.304402186091388671e+01
0.000000000000000000e+00,2.151781365834281701e+00,3.159516527453719803e+00,2.963718210498021310e+00,0.000000000000000000e+00,4.394022578767976306e+00,2.304402186091388671e+01
0.000000000000000000e+00,2.151781365834281257e+00,3.159516527453719803e+00,2.963718210498021310e+00,0.000000000000000000e+00,4.394022578767977194e+00,2.304402186091388671e+01
-2.808512823507153033e+00,6.996248031431342440e+00,3.671589321095456881e+00,0.000000000000000000e+00,0.000000000000000000e+00,0.000000000000000000e+00,1.694282986586108208e+01
-2.808512823507153033e+00,6.996248031431342440e+00,3.671589321095456881e+00,0.000000000000000000e+00,0.000000000000000000e+00,0.000000000000000000e+00,1.694282986586108564e+01
-2.808512823507153033e+00,6.996248031431342440e+00,3.671589321095456881e+00,0.000000000000000000e+00,0.000000000000000000e+00,0.000000000000000000e+00,1.694282986586108564e+01
-2.808512823507153033e+00,6.996248031431343328e+00,3.671589321095455993e+00,0.000000000000000000e+00,0.000000000000000000e+00,0.000000000000000000e+00,1.694282986586108564e+01
-2.808512823507153033e+00,6.996248031431343328e+00,3.671589321095456881e+00,0.000000000000000000e+00,0.000000000000000000e+00,0.000000000000000000e+00,1.694282986586108564e+01
0.000000000000000000e+00,3.701494563057301512e+00,0.000000000000000000e+00,2.453853705712666589e+00,0.000000000000000000e+00,0.000000000000000000e+00,1.210002160471070631e+01
0.000000000000000000e+00,3.701494563057302400e+00,0.000000000000000000e+00,2.453853705712666589e+00,0.000000000000000000e+00,0.000000000000000000e+00,1.210002160471070631e+01
0.000000000000000000e+00,3.701494563057301512e+00,0.000000000000000000e+00,2.453853705712667033e+00,0.000000000000000000e+00,0.000000000000000000e+00,1.210002160471070631e+01
0.000000000000000000e+00,3.701494563057301512e+00,0.000000000000000000e+00,2.453853705712667033e+00,0.000000000000000000e+00,0.000000000000000000e+00,1.210002160471070454e+01
0.000000000000000000e+00,3.701494563057301512e+00,0.000000000000000000e+00,2.453853705712666589e+00,0.000000000000000000e+00,0.000000000000000000e+00,1.210002160471070454e+01
0.000000000000000000e+00,2.133335916372133934e+00,0.000000000000000000e+00,0.000000000000000000e+00,0.000000000000000000e+00,7.100698932019288812e+00,2.740718716698479440e+01
0.000000000000000000e+00,2.133335916372133934e+00,0.000000000000000000e+00,0.000000000000000000e+00,0.000000000000000000e+00,7.100698932019287035e+00,2.740718716698478730e+01
0.000000000000000000e+00,2.133335916372133934e+00,0.000000000000000000e+00,0.000000000000000000e+00,0.000000000000000000e+00,7.100698932019288812e+00,2.740718716698479440e+01
0.000000000000000000e+00,2.133335916372133934e+00,0.000000000000000000e+00,0.000000000000000000e+00,0.000000000000000000e+00,7.100698932019288812e+00,2.740718716698478730e+01
0.000000000000000000e+00,2.133335916372133934e+00,0.000000000000000000e+00,0.000000000000000000e+00,0.000000000000000000e+00,7.100698932019288812e+00,2.740718716698479440e+01
2.019330636005086888e+00,3.404229957929992612e+00,0.000000000000000000e+00,3.386668324483640191e+00,0.000000000000000000e+00,0.000000000000000000e+00,1.150717352202032195e+01
2.019330636005086888e+00,3.404229957929992612e+00,0.000000000000000000e+00,3.386668324483640191e+00,0.000000000000000000e+00,0.000000000000000000e+00,1.150717352202032195e+01
2.019330636005086888e+00,3.404229957929992612e+00,0.000000000000000000e+00,3.386668324483640191e+00,0.000000000000000000e+00,0.000000000000000000e+00,1.150717352202032195e+01
2.019330636005086888e+00,3.404229957929992612e+00,0.000000000000000000e+00,3.386668324483640191e+00,0.000000000000000000e+00,0.000000000000000000e+00,1.150717352202032195e+01
2.019330636005086888e+00,3.404229957929991723e+00,0.000000000000000000e+00,3.386668324483639747e+00,0.000000000000000000e+00,0.000000000000000000e+00,1.150717352202032195e+01
-3.247460843249327933e+00,3.289415944392755975e+00,0.000000000000000000e+00,2.568008315400476693e+00,0.000000000000000000e+00,3.332794055615707851e+00,2.607331199278414502e+01
-3.247460843249327933e+00,3.289415944392755975e+00,0.000000000000000000e+00,2.568008315400476249e+00,0.000000000000000000e+00,3.332794055615707407e+00,2.607331199278414502e+01
-3.247460843249327933e+00,3.289415944392755975e+00,0.000000000000000000e+00,2.568008315400476249e+00,0.000000000000000000e+00,3.332794055615707407e+00,2.607331199278414502e+01
-3.247460843249327933e+00,3.289415944392755531e+00,0.000000000000000000e+00,2.568008315400476693e+00,0.000000000000000000e+00,3.332794055615707851e+00,2.607331199278414502e+01
-3.247460843249327933e+00,3.289415944392755975e+00,0.000000000000000000e+00,2.568008315400476249e+00,0.000000000000000000e+00,3.332794055615707407e+00,2.607331199278414502e+01
0.000000000000000000e+00,4.910868951759940870e+00,0.000000000000000000e+00,2.291133975988272287e+00,0.000000000000000000e+00,0.000000000000000000e+00,8.996177769450724782e+00
0.000000000000000000e+00,4.910868951759940870e+00,0.000000000000000000e+00,2.291133975988272287e+00,0.000000000000000000e+00,0.000000000000000000e+00,8.996177769450723005e+00
0.000000000000000000e+00,4.910868951759940870e+00,0.000000000000000000e+00,2.291133975988272287e+00,0.000000000000000000e+00,0.000000000000000000e+00,8.996177769450723005e+00
0.000000000000000000e+00,4.910868951759940870e+00,0.000000000000000000e+00,2.291133975988272287e+00,0.000000000000000000e+00,0.000000000000000000e+00,8.996177769450723005e+00
0.000000000000000000e+00,4.910868951759940870e+00,0.000000000000000000e+00,2.291133975988272287e+00,0.000000000000000000e+00,0.000000000000000000e+00,8.996177769450724782e+00
0.000000000000000000e+00,5.255135097471561600e+00,0.000000000000000000e+00,0.000000000000000000e+00,0.000000000000000000e+00,0.000000000000000000e+00,9.418406032598682032e+00
0.000000000000000000e+00,5.255135097471561600e+00,0.000000000000000000e+00,0.000000000000000000e+00,0.000000000000000000e+00,0.000000000000000000e+00,9.418406032598682032e+00
0.000000000000000000e+00,5.255135097471561600e+00,0.000000000000000000e+00,0.000000000000000000e+00,0.000000000000000000e+00,0.000000000000000000e+00,9.418406032598683808e+00
0.000000000000000000e+00,5.255135097471561600e+00,0.000000000000000000e+00,0.000000000000000000e+00,0.000000000000000000e+00,0.000000000000000000e+00,9.418406032598682032e+00
0.000000000000000000e+00,5.255135097471561600e+00,0.000000000000000000e+00,0.000000000000000000e+00,0.000000000000000000e+00,0.000000000000000000e+00,9.418406032598682032e+00
-3.179168099796081393e+00,2.318125687580687710e+00,0.000000000000000000e+00,0.000000000000000000e+00,0.000000000000000000e+00,2.994206967009326537e+00,2.481882543806267805e+01
-3.179168099796081393e+00,2.318125687580688155e+00,0.000000000000000000e+00,0.000000000000000000e+00,0.000000000000000000e+00,2.994206967009325648e+00,2.481882543806267805e+01
-3.179168099796081393e+00,2.318125687580687710e+00,0.000000000000000000e+00,0.000000000000000000e+00,0.000000000000000000e+00,2.994206967009326537e+00,2.481882543806268160e+01
-3.179168099796081393e+00,2.318125687580687710e+00,0.000000000000000000e+00,0.000000000000000000e+00,0.000000000000000000e+00,2.994206967009326537e+00,2.481882543806267805e+01
-3.179168099796081393e+00,2.318125687580688155e+00,0.000000000000000000e+00,0.000000000000000000e+00,0.000000000000000000e+00,2.994206967009326537e+00,2.481882543806268160e+01
-4.237339664022147012e+00,4.540570138277616685e+00,2.774744415406508846e+00,0.000000000000000000e+00,0.000000000000000000e+00,0.000000000000000000e+00,1.107509095245362296e+01
-4.237339664022147012e+00,4.540570138277616685e+00,2.774744415406508846e+00,0.000000000000000000e+00,0.000000000000000000e+00,0.000000000000000000e+00,1.107509095245362651e+01
-4.237339664022147012e+00,4.540570138277616685e+00,2.774744415406508402e+00,0.000000000000000000e+00,0.000000000000000000e+00,0.000000000000000000e+00,1.107509095245362474e+01
-4.237339664022147012e+00,4.540570138277616685e+00,2.774744415406508846e+00,0.000000000000000000e+00,0.000000000000000000e+00,0.000000000000000000e+00,1.107509095245362296e+01
-4.237339664022147012e+00,4.540570138277616685e+00,2.774744415406508402e+00,0.000000000000000000e+00,0.000000000000000000e+00,0.000000000000000000e+00,1.107509095245362651e+01
-3.146316550431507153e+00,2.632153861615217583e+00,0.000000000000000000e+00,0.000000000000000000e+00,0.000000000000000000e+00,6.440838756459036141e+00,2.799739357827025898e+01
-3.146316550431507153e+00,2.632153861615217583e+00,0.000000000000000000e+00,0.000000000000000000e+00,0.000000000000000000e+00,6.440838756459036141e+00,2.799739357827025898e+01
-3.146316550431507153e+00,2.632153861615217583e+00,0.000000000000000000e+00,0.000000000000000000e+00,0.000000000000000000e+00,6.440838756459036141e+00,2.799739357827025898e+01
-3.146316550431507153e+00,2.632153861615217583e+00,0.000000000000000000e+00,0.000000000000000000e+00,0.000000000000000000e+00,6.440838756459036141e+00,2.799739357827025898e+01
-3.146316550431507153e+00,2.632153861615217583e+00,0.000000000000000000e+00,0.000000000000000000e+00,0.000000000000000000e+00,6.440838756459034364e+00,2.799739357827026254e+01
-2.824185655596651578e+00,3.703873911747617154e+00,0.000000000000000000e+00,-2.382451388841210882e+00,5.034852787469541013e+00,7.335819583552201983e+00,2.640783300649169618e+01
-2.824185655596651578e+00,3.703873911747617154e+00,0.000000000000000000e+00,-2.382451388841210882e+00,5.034852787469541013e+00,7.335819583552201095e+00,2.640783300649169618e+01
-2.824185655596651578e+00,3.703873911747617154e+00,0.000000000000000000e+00,-2.382451388841210882e+00,5.034852787469541013e+00,7.335819583552201983e+00,2.640783300649168908e+01
-2.824185655596651578e+00,3.703873911747617154e+00,0.000000000000000000e+00,-2.382451388841210882e+00,5.034852787469542790e+00,7.335819583552201095e+00,2.640783300649169618e+01
-2.824185655596651578e+00,3.703873911747616710e+00,0.000000000000000000e+00,-2.382451388841210882e+00,5.034852787469541013e+00,7.335819583552201983e+00,2.640783300649169618e+01
0.000000000000000000e+00,3.209988519082687564e+00,0.000000000000000000e+00,3.526499811334348422e+00,0.000000000000000000e+00,0.000000000000000000e+00,1.506834991178538985e+01
0.000000000000000000e+00,3.209988519082687564e+00,0.000000000000000000e+00,3.526499811334348422e+00,0.000000000000000000e+00,0.000000000000000000e+00,1.506834991178539163e+01
0.000000000000000000e+00,3.209988519082688008e+00,0.000000000000000000e+00,3.526499811334348866e+00,0.000000000000000000e+00,0.000000000000000000e+00,1.506834991178539163e+01
0.000000000000000000e+00,3.209988519082687564e+00,0.000000000000000000e+00,3.526499811334349310e+00,0.000000000000000000e+00,0.000000000000000000e+00,1.506834991178539163e+01
0.000000000000000000e+00,3.209988519082687564e+00,0.000000000000000000e+00,3.526499811334348422e+00,0.000000000000000000e+00,0.000000000000000000e+00,1.506834991178539163e+01
-4.924633914844617877e+00,3.504516756014343315e+00,0.000000000000000000e+00,0.000000000000000000e+00,0.000000000000000000e+00,6.286624370916015003e+00,2.915575571854798298e+01
-4.924633914844617877e+00,3.504516756014343315e+00,0.000000000000000000e+00,0.000000000000000000e+00,0.000000000000000000e+00,6.286624370916014115e+00,2.915575571854799009e+01
-4.924633914844617877e+00,3.504516756014343759e+00,0.000000000000000000e+00,0.000000000000000000e+00,0.000000000000000000e+00,6.286624370916014115e+00,2.915575571854799009e+01
-4.924633914844617877e+00,3.504516756014343315e+00,0.000000000000000000e+00,0.000000000000000000e+00,0.000000000000000000e+00,6.286624370916015003e+00,2.915575571854799009e+01
-4.924633914844617877e+00,3.504516756014343315e+00,0.000000000000000000e+00,0.000000000000000000e+00,0.000000000000000000e+00,6.286624370916015003e+00,2.915575571854799009e+01
-2.790567336781750285e+00,2.611284140817654809e+00,0.000000000000000000e+00,0.000000000000000000e+00,0.000000000000000000e+00,7.035958235983793330e+00,2.788604541022947103e+01
-2.790567336781750285e+00,2.611284140817654809e+00,0.000000000000000000e+00,0.000000000000000000e+00,0.000000000000000000e+00,7.035958235983795106e+00,2.788604541022947103e+01
-2.790567336781750285e+00,2.611284140817654809e+00,0.000000000000000000e+00,0.000000000000000000e+00,0.000000000000000000e+00,7.035958235983795106e+00,2.788604541022946748e+01
-2.790567336781750285e+00,2.611284140817654809e+00,0.000000000000000000e+00,0.000000000000000000e+00,0.000000000000000000e+00,7.035958235983795106e+00,2.788604541022947103e+01
-2.790567336781750285e+00,2.611284140817654809e+00,0.000000000000000000e+00,0.000000000000000000e+00,0.000000000000000000e+00,7.035958235983793330e+00,2.788604541022947103e+01
0.000000000000000000e+00,0.000000000000000000e+00,2.478011219829085565e+00,0.000000000000000000e+00,0.000000000000000000e+00,6.624591132224915135e+00,2.684736679470386278e+01
0.000000000000000000e+00,0.000000000000000000e+00,2.478011219829085565e+00,0.000000000000000000e+00,0.000000000000000000e+00,6.624591132224916024e+00,2.684736679470386633e+01
0.000000000000000000e+00,0.000000000000000000e+00,2.478011219829084677e+00,0.000000000000000000e+00,0.000000000000000000e+00,6.624591132224915135e+00,2.684736679470386633e+01
0.000000000000000000e+00,0.000000000000000000e+00,2.478011219829084677e+00,0.000000000000000000e+00,0.000000000000000000e+00,6.624591132224916024e+00,2.684736679470386633e+01
0.000000000000000000e+00,0.000000000000000000e+00,2.478011219829085565e+00,0.000000000000000000e+00,0.000000000000000000e+00,6.624591132224916024e+00,2.684736679470386278e+01
-6.197875366431404132e+00,4.277844863633514016e+00,2.129479815555582078e+00,0.000000000000000000e+00,2.689307774316196831e+00,7.200845815037999031e+00,2.789371559789697130e+01
-6.197875366431404132e+00,4.277844863633514016e+00,2.129479815555582078e+00,0.000000000000000000e+00,2.689307774316195943e+00,7.200845815037998143e+00,2.789371559789697130e+01
-6.197875366431404132e+00,4.277844863633514016e+00,2.129479815555582523e+00,0.000000000000000000e+00,2.689307774316195943e+00,7.200845815037999031e+00,2.789371559789696775e+01
-6.197875366431404132e+00,4.277844863633514016e+00,2.129479815555582523e+00,0.000000000000000000e+00,2.689307774316195943e+00,7.200845815037998143e+00,2.789371559789697130e+01
-6.197875366431404132e+00,4.277844863633513128e+00,2.129479815555582523e+00,0.000000000000000000e+00,2.689307774316195943e+00,7.200845815037998143e+00,2.789371559789697130e+01
0.000000000000000000e+00,2.908448407689034454e+00,0.000000000000000000e+00,0.000000000000000000e+00,0.000000000000000000e+00,0.000000000000000000e+00,1.298469528447653687e+01
0.000000000000000000e+00,2.908448407689034454e+00,0.000000000000000000e+00,0.000000000000000000e+00,0.000000000000000000e+00,0.000000000000000000e+00,1.298469528447653865e+01
0.000000000000000000e+00,2.908448407689034454e+00,0.000000000000000000e+00,0.000000000000000000e+00,0.000000000000000000e+00,0.000000000000000000e+00,1.298469528447653865e+01
0.000000000000000000e+00,2.908448407689034454e+00,0.000000000000000000e+00,0.000000000000000000e+00,0.000000000000000000e+00,0.000000000000000000e+00,1.298469528447653865e+01
0.000000000000000000e+00,2.908448407689034010e+00,0.000000000000000000e+00,0.000000000000000000e+00,0.000000000000000000e+00,0.000000000000000000e+00,1.298469528447653865e+01
-3.539829955778692749e+00,3.841229018276912655e+00,0.000000000000000000e+00,0.000000000000000000e+00,4.872935751147966066e+00,7.536946740625385388e+00,2.663913281397460153e+01
-3.539829955778692749e+00,3.841229018276913099e+00,0.000000000000000000e+00,0.000000000000000000e+00,4.872935751147966066e+00,7.536946740625384500e+00,2.663913281397460864e+01
-3.539829955778692749e+00,3.841229018276913099e+00,0.000000000000000000e+00,0.000000000000000000e+00,4.872935751147966066e+00,7.536946740625385388e+00,2.663913281397460509e+01
-3.539829955778692749e+00,3.841229018276913099e+00,0.000000000000000000e+00,0.000000000000000000e+00,4.872935751147965178e+00,7.536946740625384500e+00,2.663913281397460509e+01
-3.539829955778692749e+00,3.841229018276913099e+00,0.000000000000000000e+00,0.000000000000000000e+00,4.872935751147965178e+00,7.536946740625384500e+00,2.663913281397460509e+01
-3.402844843089598115e+00,4.706185361028510705e+00,3.779900437290413251e+00,-2.166563064021199914e+00,0.000000000000000000e+00,0.000000000000000000e+00,1.241942812199668822e+01
-3.402844843089598115e+00,4.706185361028510705e+00,3.779900437290413695e+00,-2.166563064021199914e+00,0.000000000000000000e+00,0.000000000000000000e+00,1.241942812199668822e+01
-3.402844843089598115e+00,4.706185361028510705e+00,3.779900437290413695e+00,-2.166563064021199914e+00,0.000000000000000000e+00,0.000000000000000000e+00,1.241942812199668644e+01
-3.402844843089598115e+00,4.706185361028510705e+00,3.779900437290413251e+00,-2.166563064021199914e+00,0.000000000000000000e+00,0.000000000000000000e+00,1.241942812199668822e+01
-3.402844843089598115e+00,4.706185361028509817e+00,3.779900437290413251e+00,-2.166563064021199914e+00,0.000000000000000000e+00,0.000000000000000000e+00,1.241942812199668822e+01
-3.685517234743479253e+00,3.223335005686877697e+00,0.000000000000000000e+00,0.000000000000000000e+00,0.000000000000000000e+00,3.758380399568890695e+00,2.670312536800825853e+01
-3.685517234743479253e+00,3.223335005686877253e+00,0.000000000000000000e+00,0.000000000000000000e+00,0.000000000000000000e+00,3.758380399568891583e+00,2.670312536800825853e+01
-3.685517234743479253e+00,3.223335005686877697e+00,0.000000000000000000e+00,0.000000000000000000e+00,0.000000000000000000e+00,3.758380399568891583e+00,2.670312536800825143e+01
-3.685517234743479253e+00,3.223335005686877697e+00,0.000000000000000000e+00,0.000000000000000000e+00,0.000000000000000000e+00,3.758380399568891583e+00,2.670312536800825853e+01
-3.685517234743479253e+00,3.223335005686877697e+00,0.000000000000000000e+00,0.000000000000000000e+00,0.000000000000000000e+00,3.758380399568891583e+00,2.670312536800825853e+01
-5.623465715394690534e+00,4.247300730989956641e+00,0.000000000000000000e+00,0.000000000000000000e+00,2.616763253555848046e+00,7.148782193443848243e+00,2.783944002572149401e+01
-5.623465715394690534e+00,4.247300730989956641e+00,0.000000000000000000e+00,0.000000000000000000e+00,2.616763253555848046e+00,7.148782193443848243e+00,2.783944002572149401e+01
-5.623465715394690534e+00,4.247300730989956641e+00,0.000000000000000000e+00,0.000000000000000000e+00,2.616763253555848046e+00,7.148782193443848243e+00,2.783944002572149401e+01
-5.623465715394690534e+00,4.247300730989955753e+00,0.000000000000000000e+00,0.000000000000000000e+00,2.616763253555848046e+00,7.148782193443848243e+00,2.783944002572149756e+01
-5.623465715394690534e+00,4.247300730989955753e+00,0.000000000000000000e+00,0.000000000000000000e+00,2.616763253555848046e+00,7.148782193443848243e+00,2.783944002572149401e+01
-2.632396431058735775e+00,4.559770176572173206e+00,0.000000000000000000e+00,0.000000000000000000e+00,0.000000000000000000e+00,0.000000000000000000e+00,1.211700414809183357e+01
-2.632396431058735775e+00,4.559770176572172318e+00,0.000000000000000000e+00,0.000000000000000000e+00,0.000000000000000000e+00,0.000000000000000000e+00,1.211700414809183357e+01
-2.632396431058735775e+00,4.559770176572172318e+00,0.000000000000000000e+00,0.000000000000000000e+00,0.000000000000000000e+00,0.000000000000000000e+00,1.211700414809183357e+01
-2.632396431058735775e+00,4.559770176572173206e+00,0.000000000000000000e+00,0.000000000000000000e+00,0.000000000000000000e+00,0.000000000000000000e+00,1.211700414809183357e+01
-2.632396431058735775e+00,4.559770176572173206e+00,0.000000000000000000e+00,0.000000000000000000e+00,0.000000000000000000e+00,0.000000000000000000e+00,1.211700414809183357e+01
-2.564253579629826696e+00,0.000000000000000000e+00,2.297375164297453143e+00,0.000000000000000000e+00,-2.195128014401684258e+00,5.272102900559823446e+00,2.484694553905209347e+01
-2.564253579629826696e+00,0.000000000000000000e+00,2.297375164297453143e+00,0.000000000000000000e+00,-2.195128014401684258e+00,5.272102900559822558e+00,2.484694553905209347e+01
-2.564253579629826696e+00,0.000000000000000000e+00,2.297375164297453143e+00,0.000000000000000000e+00,-2.195128014401684258e+00,5.272102900559823446e+00,2.484694553905209347e+01
-2.564253579629826696e+00,0.000000000000000000e+00,2.297375164297453143e+00,0.000000000000000000e+00,-2.195128014401684258e+00,5.272102900559823446e+00,2.484694553905208991e+01
-2.564253579629826696e+00,0.000000000000000000e+00,2.297375164297453143e+00,0.000000000000000000e+00,-2.195128014401684258e+00,5.272102900559823446e+00,2.484694553905209702e+01
2.003554676916728727e+00,4.484323686104392692e+00,0.000000000000000000e+00,3.371455121926864695e+00,0.000000000000000000e+00,0.000000000000000000e+00,9.877368270665924044e+00
2.003554676916728727e+00,4.484323686104392692e+00,0.000000000000000000e+00,3.371455121926864695e+00,0.000000000000000000e+00,0.000000000000000000e+00,9.877368270665924044e+00
2.003554676916728727e+00,4.484323686104391804e+00,0.000000000000000000e+00,3.371455121926864695e+00,0.000000000000000000e+00,0.000000000000000000e+00,9.877368270665924044e+00
2.003554676916728727e+00,4.484323686104391804e+00,0.000000000000000000e+00,3.371455121926865139e+00,0.000000000000000000e+00,0.000000000000000000e+00,9.877368270665924044e+00
2.003554676916728727e+00,4.484323686104392692e+00,0.000000000000000000e+00,3.371455121926864695e+00,0.000000000000000000e+00,0.000000000000000000e+00,9.877368270665924044e+00
0.000000000000000000e+00,2.159062220104334795e+00,-3.282019870742630907e+00,0.000000000000000000e+00,5.385291697355941487e+00,7.194827453270744577e+00,2.633653877843012125e+01
0.000000000000000000e+00,2.159062220104334795e+00,-3.282019870742630907e+00,0.000000000000000000e+00,5.385291697355941487e+00,7.194827453270742801e+00,2.633653877843012125e+01
0.000000000000000000e+00,2.159062220104334795e+00,-3.282019870742630907e+00,0.000000000000000000e+00,5.385291697355941487e+00,7.194827453270744577e+00,2.633653877843012125e+01
0.000000000000000000e+00,2.159062220104334795e+00,-3.282019870742630463e+00,0.000000000000000000e+00,5.385291697355941487e+00,7.194827453270744577e+00,2.633653877843012125e+01
0.000000000000000000e+00,2.159062220104334795e+00,-3.282019870742630907e+00,0.000000000000000000e+00,5.385291697355941487e+00,7.194827453270744577e+00,2.633653877843012125e+01
0.000000000000000000e+00,4.762476916873908728e+00,0.000000000000000000e+00,3.314921975594795622e+00,0.000000000000000000e+00,0.000000000000000000e+00,9.698184097905865997e+00
0.000000000000000000e+00,4.762476916873908728e+00,0.000000000000000000e+00,3.314921975594796066e+00,0.000000000000000000e+00,0.000000000000000000e+00,9.698184097905865997e+00
0.000000000000000000e+00,4.762476916873908728e+00,0.000000000000000000e+00,3.314921975594795622e+00,0.000000000000000000e+00,0.000000000000000000e+00,9.698184097905865997e+00
0.000000000000000000e+00,4.762476916873907840e+00,0.000000000000000000e+00,3.314921975594796066e+00,0.000000000000000000e+00,0.000000000000000000e+00,9.698184097905865997e+00
0.000000000000000000e+00,4.762476916873908728e+00,0.000000000000000000e+00,3.314921975594795622e+00,0.000000000000000000e+00,0.000000000000000000e+00,9.698184097905865997e+00
0.000000000000000000e+00,2.296858912735592284e+00,3.353324395883789499e+00,2.975099199869812416e+00,0.000000000000000000e+00,3.744880605758043934e+00,2.082137380378669533e+01
0.000000000000000000e+00,2.296858912735592728e+00,3.353324395883789499e+00,2.975099199869812416e+00,0.000000000000000000e+00,3.744880605758043934e+00,2.082137380378669178e+01
0.000000000000000000e+00,2.296858912735592728e+00,3.353324395883789499e+00,2.975099199869812416e+00,0.000000000000000000e+00,3.744880605758043934e+00,2.082137380378669178e+01
0.000000000000000000e+00,2.296858912735592284e+00,3.353324395883789499e+00,2.975099199869812416e+00,0.000000000000000000e+00,3.744880605758043934e+00,2.082137380378669178e+01
0.000000000000000000e+00,2.296858912735592728e+00,3.353324395883789499e+00,2.975099199869812416e+00,0.000000000000000000e+00,3.744880605758043934e+00,2.082137380378669178e+01
-5.733001035114333455e+00,3.802075663250699122e+00,0.000000000000000000e+00,0.000000000000000000e+00,0.000000000000000000e+00,6.672142423418364388e+00,2.868718063719606448e+01
-5.733001035114333455e+00,3.802075663250698678e+00,0.000000000000000000e+00,0.000000000000000000e+00,0.000000000000000000e+00,6.672142423418364388e+00,2.868718063719606448e+01
-5.733001035114333455e+00,3.802075663250698678e+00,0.000000000000000000e+00,0.000000000000000000e+00,0.000000000000000000e+00,6.672142423418363499e+00,2.868718063719606448e+01
-5.733001035114333455e+00,3.802075663250698234e+00,0.000000000000000000e+00,0.000000000000000000e+00,0.000000000000000000e+00,6.672142423418364388e+00,2.868718063719606803e+01
-5.733001035114333455e+00,3.802075663250699122e+00,0.000000000000000000e+00,0.000000000000000000e+00,0.000000000000000000e+00,6.672142423418363499e+00,2.868718063719606448e+01
0.000000000000000000e+00,3.951467909943234158e+00,0.000000000000000000e+00,3.345583840381014529e+00,0.000000000000000000e+00,0.000000000000000000e+00,1.142950766506682747e+01
0.000000000000000000e+00,3.951467909943234158e+00,0.000000000000000000e+00,3.345583840381014085e+00,0.000000000000000000e+00,0.000000000000000000e+00,1.142950766506682925e+01
0.000000000000000000e+00,3.951467909943234158e+00,0.000000000000000000e+00,3.345583840381014529e+00,0.000000000000000000e+00,0.000000000000000000e+00,1.142950766506682747e+01
0.000000000000000000e+00,3.951467909943234158e+00,0.000000000000000000e+00,3.345583840381014529e+00,0.000000000000000000e+00,0.000000000000000000e+00,1.142950766506682925e+01
0.000000000000000000e+00,3.951467909943233714e+00,0.000000000000000000e+00,3.345583840381014529e+00,0.000000000000000000e+00,0.000000000000000000e+00,1.142950766506682925e+01
-2.988429060481220478e+00,3.819154249973879978e+00,3.720194756530382563e+00,2.346900647613186397e+00,0.000000000000000000e+00,2.732416202475262068e+00,1.859980775647079909e+01
-2.988429060481220478e+00,3.819154249973879978e+00,3.720194756530382563e+00,2.346900647613186397e+00,0.000000000000000000e+00,2.732416202475262068e+00,1.859980775647079909e+01
-2.988429060481220478e+00,3.819154249973879089e+00,3.720194756530382563e+00,2.346900647613186841e+00,0.000000000000000000e+00,2.732416202475261180e+00,1.859980775647079909e+01
-2.988429060481220478e+00,3.819154249973879089e+00,3.720194756530382563e+00,2.346900647613186841e+00,0.000000000000000000e+00,2.732416202475262512e+00,1.859980775647079909e+01
-2.988429060481220478e+00,3.819154249973879978e+00,3.720194756530383007e+00,2.346900647613186397e+00,0.000000000000000000e+00,2.732416202475261180e+00,1.859980775647079909e+01
0.000000000000000000e+00,4.876616137741595303e+00,0.000000000000000000e+00,1.977033804034778797e+00,0.000000000000000000e+00,0.000000000000000000e+00,8.882482963442861035e+00
0.000000000000000000e+00,4.876616137741596191e+00,0.000000000000000000e+00,1.977033804034778797e+00,0.000000000000000000e+00,0.000000000000000000e+00,8.882482963442861035e+00
0.000000000000000000e+00,4.876616137741595303e+00,0.000000000000000000e+00,1.977033804034778575e+00,0.000000000000000000e+00,0.000000000000000000e+00,8.882482963442862811e+00
0.000000000000000000e+00,4.876616137741594414e+00,0.000000000000000000e+00,1.977033804034778797e+00,0.000000000000000000e+00,0.000000000000000000e+00,8.882482963442862811e+00
0.000000000000000000e+00,4.876616137741595303e+00,0.000000000000000000e+00,1.977033804034778797e+00,0.000000000000000000e+00,0.000000000000000000e+00,8.882482963442862811e+00
-4.927060971862423422e+00,3.440601006552788554e+00,0.000000000000000000e+00,2.072383470499391755e+00,2.140185405211638692e+00,4.905199518390142899e+00,2.730395760784285386e+01
-4.927060971862423422e+00,3.440601006552788554e+00,0.000000000000000000e+00,2.072383470499391755e+00,2.140185405211639136e+00,4.905199518390142011e+00,2.730395760784285386e+01
-4.927060971862423422e+00,3.440601006552788554e+00,0.000000000000000000e+00,2.072383470499391755e+00,2.140185405211638692e+00,4.905199518390142011e+00,2.730395760784285386e+01
-4.927060971862423422e+00,3.440601006552788554e+00,0.000000000000000000e+00,2.072383470499391755e+00,2.140185405211638692e+00,4.905199518390142011e+00,2.730395760784285386e+01
-4.927060971862423422e+00,3.440601006552788554e+00,0.000000000000000000e+00,2.072383470499391755e+00,2.140185405211639136e+00,4.905199518390142899e+00,2.730395760784285386e+01
0.000000000000000000e+00,2.077898564012908622e+00,-2.902393187058936785e+00,0.000000000000000000e+00,3.350189467775478658e+00,7.204838992997999014e+00,2.677190310416481012e+01
0.000000000000000000e+00,2.077898564012908622e+00,-2.902393187058936785e+00,0.000000000000000000e+00,3.350189467775478658e+00,7.204838992997999014e+00,2.677190310416481012e+01
0.000000000000000000e+00,2.077898564012908622e+00,-2.902393187058936785e+00,0.000000000000000000e+00,3.350189467775478658e+00,7.204838992997999902e+00,2.677190310416481012e+01
0.000000000000000000e+00,2.077898564012908622e+00,-2.902393187058936785e+00,0.000000000000000000e+00,3.350189467775478658e+00,7.204838992997999014e+00,2.677190310416481012e+01
0.000000000000000000e+00,2.077898564012908622e+00,-2.902393187058936785e+00,0.000000000000000000e+00,3.350189467775478658e+00,7.204838992997999014e+00,2.677190310416480656e+01
2.238022800089987996e+00,4.235641698926269960e+00,0.000000000000000000e+00,3.455164352443132358e+00,0.000000000000000000e+00,0.000000000000000000e+00,1.033665234182483594e+01
2.238022800089987996e+00,4.235641698926269960e+00,0.000000000000000000e+00,3.455164352443131470e+00,0.000000000000000000e+00,0.000000000000000000e+00,1.033665234182483772e+01
2.238022800089987996e+00,4.235641698926269072e+00,0.000000000000000000e+00,3.455164352443131914e+00,0.000000000000000000e+00,0.000000000000000000e+00,1.033665234182483594e+01
2.238022800089987996e+00,4.235641698926269960e+00,0.000000000000000000e+00,3.455164352443131026e+00,0.000000000000000000e+00,0.000000000000000000e+00,1.033665234182483594e+01
2.238022800089987996e+00,4.235641698926269072e+00,0.000000000000000000e+00,3.455164352443131914e+00,0.000000000000000000e+00,0.000000000000000000e+00,1.033665234182483594e+01
0.000000000000000000e+00,4.982550629816864252e+00,0.000000000000000000e+00,3.547172033714601991e+00,0.000000000000000000e+00,0.000000000000000000e+00,1.067598266194278622e+01
0.000000000000000000e+00,4.982550629816864252e+00,0.000000000000000000e+00,3.547172033714601547e+00,0.000000000000000000e+00,0.000000000000000000e+00,1.067598266194278445e+01
0.000000000000000000e+00,4.982550629816864252e+00,0.000000000000000000e+00,3.547172033714601991e+00,0.000000000000000000e+00,0.000000000000000000e+00,1.067598266194278445e+01
0.000000000000000000e+00,4.982550629816864252e+00,0.000000000000000000e+00,3.547172033714601991e+00,0.000000000000000000e+00,0.000000000000000000e+00,1.067598266194278622e+01
0.000000000000000000e+00,4.982550629816864252e+00,0.000000000000000000e+00,3.547172033714602435e+00,0.000000000000000000e+00,0.000000000000000000e+00,1.067598266194278445e+01
0.000000000000000000e+00,2.484079817308658455e+00,0.000000000000000000e+00,2.949265310926852734e+00,0.000000000000000000e+00,0.000000000000000000e+00,1.930416558862910748e+01
0.000000000000000000e+00,2.484079817308658455e+00,0.000000000000000000e+00,2.949265310926852734e+00,0.000000000000000000e+00,0.000000000000000000e+00,1.930416558862911103e+01
0.000000000000000000e+00,2.484079817308658455e+00,0.000000000000000000e+00,2.949265310926852290e+00,0.000000000000000000e+00,0.000000000000000000e+00,1.930416558862910748e+01
0.000000000000000000e+00,2.484079817308658455e+00,0.000000000000000000e+00,2.949265310926852734e+00,0.000000000000000000e+00,0.000000000000000000e+00,1.930416558862910748e+01
0.000000000000000000e+00,2.484079817308658455e+00,0.000000000000000000e+00,2.949265310926852734e+00,0.000000000000000000e+00,0.000000000000000000e+00,1.930416558862911103e+01
0.000000000000000000e+00,0.000000000000000000e+00,3.079804022423010323e+00,2.096514627402472630e+00,-2.100097812226344729e+00,5.447390512315495315e+00,2.476308911522791334e+01
0.000000000000000000e+00,0.000000000000000000e+00,3.079804022423010323e+00,2.096514627402473074e+00,-2.100097812226344729e+00,5.447390512315494426e+00,2.476308911522790979e+01
0.000000000000000000e+00,0.000000000000000000e+00,3.079804022423011212e+00,2.096514627402472630e+00,-2.100097812226344729e+00,5.447390512315494426e+00,2.476308911522791689e+01
0.000000000000000000e+00,0.000000000000000000e+00,3.079804022423010323e+00,2.096514627402473074e+00,-2.100097812226344729e+00,5.447390512315495315e+00,2.476308911522791334e+01
0.000000000000000000e+00,0.000000000000000000e+00,3.079804022423010323e+00,2.096514627402472630e+00,-2.100097812226344729e+00,5.447390512315494426e+00,2.476308911522790979e+01
-3.778375171890287376e+00,5.909962149221446026e+00,4.039386998197273648e+00,0.000000000000000000e+00,0.000000000000000000e+00,0.000000000000000000e+00,1.575326110918214262e+01
-3.778375171890287376e+00,5.909962149221446026e+00,4.039386998197273648e+00,0.000000000000000000e+00,0.000000000000000000e+00,0.000000000000000000e+00,1.575326110918214084e+01
-3.778375171890287376e+00,5.909962149221445138e+00,4.039386998197273648e+00,0.000000000000000000e+00,0.000000000000000000e+00,0.000000000000000000e+00,1.575326110918213729e+01
-3.778375171890287376e+00,5.909962149221445138e+00,4.039386998197273648e+00,0.000000000000000000e+00,0.000000000000000000e+00,0.000000000000000000e+00,1.575326110918214262e+01
-3.778375171890287376e+00,5.909962149221446026e+00,4.039386998197273648e+00,0.000000000000000000e+00,0.000000000000000000e+00,0.000000000000000000e+00,1.575326110918214084e+01
0.000000000000000000e+00,2.764775763447381074e+00,0.000000000000000000e+00,2.598140462292916730e+00,0.000000000000000000e+00,0.000000000000000000e+00,1.437840164841292001e+01
0.000000000000000000e+00,2.764775763447381074e+00,0.000000000000000000e+00,2.598140462292916730e+00,0.000000000000000000e+00,0.000000000000000000e+00,1.437840164841292001e+01
0.000000000000000000e+00,2.764775763447381074e+00,0.000000000000000000e+00,2.598140462292916730e+00,0.000000000000000000e+00,0.000000000000000000e+00,1.437840164841292179e+01
0.000000000000000000e+00,2.764775763447381518e+00,0.000000000000000000e+00,2.598140462292916730e+00,0.000000000000000000e+00,0.000000000000000000e+00,1.437840164841292001e+01
0.000000000000000000e+00,2.764775763447381518e+00,0.000000000000000000e+00,2.598140462292916730e+00,0.000000000000000000e+00,0.000000000000000000e+00,1.437840164841292001e+01
-4.128704893006579724e+00,4.274573554064551750e+00,0.000000000000000000e+00,0.000000000000000000e+00,0.000000000000000000e+00,0.000000000000000000e+00,9.205751120423391498e+00
-4.128704893006579724e+00,4.274573554064551750e+00,0.000000000000000000e+00,0.000000000000000000e+00,0.000000000000000000e+00,0.000000000000000000e+00,9.205751120423393274e+00
-4.128704893006579724e+00,4.274573554064551750e+00,0.000000000000000000e+00,0.000000000000000000e+00,0.000000000000000000e+00,0.000000000000000000e+00,9.205751120423391498e+00
-4.128704893006579724e+00,4.274573554064551750e+00,0.000000000000000000e+00,0.000000000000000000e+00,0.000000000000000000e+00,0.000000000000000000e+00,9.205751120423391498e+00
-4.128704893006579724e+00,4.274573554064551750e+00,0.000000000000000000e+00,0.000000000000000000e+00,0.000000000000000000e+00,0.000000000000000000e+00,9.205751120423391498e+00
0.000000000000000000e+00,5.082089147694196285e+00,0.000000000000000000e+00,3.416020253747814817e+00,0.000000000000000000e+00,0.000000000000000000e+00,9.654513321341600118e+00
0.000000000000000000e+00,5.082089147694196285e+00,0.000000000000000000e+00,3.416020253747814817e+00,0.000000000000000000e+00,0.000000000000000000e+00,9.654513321341603671e+00
0.000000000000000000e+00,5.082089147694196285e+00,0.000000000000000000e+00,3.416020253747815705e+00,0.000000000000000000e+00,0.000000000000000000e+00,9.654513321341601895e+00
0.000000000000000000e+00,5.082089147694195397e+00,0.000000000000000000e+00,3.416020253747815705e+00,0.000000000000000000e+00,0.000000000000000000e+00,9.654513321341600118e+00
0.000000000000000000e+00,5.082089147694196285e+00,0.000000000000000000e+00,3.416020253747814817e+00,0.000000000000000000e+00,0.000000000000000000e+00,9.654513321341603671e+00
0.000000000000000000e+00,4.945818728060872083e+00,0.000000000000000000e+00,-2.683516599651786017e+00,0.000000000000000000e+00,0.000000000000000000e+00,8.821065584302521856e+00
0.000000000000000000e+00,4.945818728060872083e+00,0.000000000000000000e+00,-2.683516599651786905e+00,0.000000000000000000e+00,0.000000000000000000e+00,8.821065584302521856e+00
0.000000000000000000e+00,4.945818728060872083e+00,0.000000000000000000e+00,-2.683516599651786017e+00,0.000000000000000000e+00,0.000000000000000000e+00,8.821065584302521856e+00
0.000000000000000000e+00,4.945818728060872971e+00,0.000000000000000000e+00,-2.683516599651786905e+00,0.000000000000000000e+00,0.000000000000000000e+00,8.821065584302520080e+00
0.000000000000000000e+00,4.945818728060871194e+00,0.000000000000000000e+00,-2.683516599651786017e+00,0.000000000000000000e+00,0.000000000000000000e+00,8.821065584302521856e+00
-2.794637390437893831e+00,5.038474297138046509e+00,0.000000000000000000e+00,0.000000000000000000e+00,0.000000000000000000e+00,0.000000000000000000e+00,9.392506886378551911e+00
-2.794637390437893831e+00,5.038474297138046509e+00,0.000000000000000000e+00,0.000000000000000000e+00,0.000000000000000000e+00,0.000000000000000000e+00,9.392506886378551911e+00
-2.794637390437893831e+00,5.038474297138046509e+00,0.000000000000000000e+00,0.000000000000000000e+00,0.000000000000000000e+00,0.000000000000000000e+00,9.392506886378551911e+00
-2.794637390437893831e+00,5.038474297138047397e+00,0.000000000000000000e+00,0.000000000000000000e+00,0.000000000000000000e+00,0.000000000000000000e+00,9.392506886378551911e+00
-2.794637390437893831e+00,5.038474297138045621e+00,0.000000000000000000e+00,0.000000000000000000e+00,0.000000000000000000e+00,0.000000000000000000e+00,9.392506886378551911e+00
-4.187179563233877744e+00,4.709702159052026715e+00,3.540187261204116087e+00,0.000000000000000000e+00,0.000000000000000000e+00,0.000000000000000000e+00,1.354702424669357264e+01
-4.187179563233877744e+00,4.709702159052026715e+00,3.540187261204116531e+00,0.000000000000000000e+00,0.000000000000000000e+00,0.000000000000000000e+00,1.354702424669357086e+01
-4.187179563233877744e+00,4.709702159052026715e+00,3.540187261204116531e+00,0.000000000000000000e+00,0.000000000000000000e+00,0.000000000000000000e+00,1.354702424669357264e+01
-4.187179563233877744e+00,4.709702159052028492e+00,3.540187261204116087e+00,0.000000000000000000e+00,0.000000000000000000e+00,0.000000000000000000e+00,1.354702424669357264e+01
-4.187179563233877744e+00,4.709702159052027604e+00,3.540187261204116087e+00,0.000000000000000000e+00,0.000000000000000000e+00,0.000000000000000000e+00,1.354702424669357264e+01
0.000000000000000000e+00,2.176073021533320606e+00,-3.116297447950513444e+00,-2.003713499620494165e+00,6.768660547444822484e+00,7.282502749689502508e+00,2.564288752891617307e+01
0.000000000000000000e+00,2.176073021533320606e+00,-3.116297447950513444e+00,-2.003713499620494165e+00,6.768660547444822484e+00,7.282502749689500732e+00,2.564288752891617662e+01
0.000000000000000000e+00,2.176073021533320162e+00,-3.116297447950513444e+00,-2.003713499620494165e+00,6.768660547444822484e+00,7.282502749689500732e+00,2.564288752891617307e+01
0.000000000000000000e+00,2.176073021533320606e+00,-3.116297447950513444e+00,-2.003713499620494165e+00,6.768660547444822484e+00,7.282502749689500732e+00,2.564288752891617307e+01
0.000000000000000000e+00,2.176073021533320162e+00,-3.116297447950513888e+00,-2.003713499620494165e+00,6.768660547444822484e+00,7.282502749689500732e+00,2.564288752891617662e+01
-4.351742177669343903e+00,4.476395068542430522e+00,2.318673051864033496e+00,0.000000000000000000e+00,0.000000000000000000e+00,0.000000000000000000e+00,1.235072462127952697e+01
-4.351742177669343903e+00,4.476395068542429634e+00,2.318673051864033496e+00,0.000000000000000000e+00,0.000000000000000000e+00,0.000000000000000000e+00,1.235072462127952519e+01
-4.351742177669343903e+00,4.476395068542429634e+00,2.318673051864033496e+00,0.000000000000000000e+00,0.000000000000000000e+00,0.000000000000000000e+00,1.235072462127952875e+01
-4.351742177669343903e+00,4.476395068542429634e+00,2.318673051864033496e+00,0.000000000000000000e+00,0.000000000000000000e+00,0.000000000000000000e+00,1.235072462127952519e+01
-4.351742177669343903e+00,4.476395068542429634e+00,2.318673051864033496e+00,0.000000000000000000e+00,0.000000000000000000e+00,0.000000000000000000e+00,1.235072462127952519e+01
-3.378687424200068623e+00,3.485606835182381680e+00,0.000000000000000000e+00,3.587744901132436048e+00,0.000000000000000000e+00,3.312956821704783117e+00,2.575841262114039054e+01
-3.378687424200068623e+00,3.485606835182381680e+00,0.000000000000000000e+00,3.587744901132436048e+00,0.000000000000000000e+00,3.312956821704783117e+00,2.575841262114038699e+01
-3.378687424200068623e+00,3.485606835182381680e+00,0.000000000000000000e+00,3.587744901132436048e+00,0.000000000000000000e+00,3.312956821704783117e+00,2.575841262114038699e+01
-3.378687424200068623e+00,3.485606835182381680e+00,0.000000000000000000e+00,3.587744901132436048e+00,0.000000000000000000e+00,3.312956821704783117e+00,2.575841262114038699e+01
-3.378687424200068623e+00,3.485606835182381680e+00,0.000000000000000000e+00,3.587744901132436492e+00,0.000000000000000000e+00,3.312956821704783117e+00,2.575841262114038699e+01
-3.245854612245031579e+00,5.545549103557504189e+00,0.000000000000000000e+00,0.000000000000000000e+00,0.000000000000000000e+00,0.000000000000000000e+00,1.047161299551249947e+01
-3.245854612245031579e+00,5.545549103557504189e+00,0.000000000000000000e+00,0.000000000000000000e+00,0.000000000000000000e+00,0.000000000000000000e+00,1.047161299551249947e+01
-3.245854612245031579e+00,5.545549103557504189e+00,0.000000000000000000e+00,0.000000000000000000e+00,0.000000000000000000e+00,0.000000000000000000e+00,1.047161299551249947e+01
-3.245854612245031579e+00,5.545549103557504189e+00,0.000000000000000000e+00,0.000000000000000000e+00,0.000000000000000000e+00,0.000000000000000000e+00,1.047161299551249947e+01
-3.245854612245031579e+00,5.545549103557504189e+00,0.000000000000000000e+00,0.000000000000000000e+00,0.000000000000000000e+00,0.000000000000000000e+00,1.047161299551249947e+01
-2.238581146219936979e+00,3.186373852308084231e+00,0.000000000000000000e+00,0.000000000000000000e+00,-2.925914302355022478e+00,0.000000000000000000e+00,1.400983369705942572e+01
-2.238581146219936979e+00,3.186373852308084231e+00,0.000000000000000000e+00,0.000000000000000000e+00,-2.925914302355021590e+00,0.000000000000000000e+00,1.400983369705942927e+01
-2.238581146219936979e+00,3.186373852308084231e+00,0.000000000000000000e+00,0.000000000000000000e+00,-2.925914302355021590e+00,0.000000000000000000e+00,1.400983369705942572e+01
-2.238581146219936979e+00,3.186373852308084231e+00,0.000000000000000000e+00,0.000000000000000000e+00,-2.925914302355021590e+00,0.000000000000000000e+00,1.400983369705942572e+01
-2.238581146219936979e+00,3.186373852308084231e+00,0.000000000000000000e+00,0.000000000000000000e+00,-2.925914302355022478e+00,0.000000000000000000e+00,1.400983369705942927e+01
0.000000000000000000e+00,2.509470776765896805e+00,-2.697373700051811873e+00,-2.099277082376071135e+00,7.086213900104773700e+00,7.355703530216747055e+00,2.553541967456514428e+01
0.000000000000000000e+00,2.509470776765896805e+00,-2.697373700051811873e+00,-2.099277082376071579e+00,7.086213900104773700e+00,7.355703530216747055e+00,2.553541967456514428e+01
0.000000000000000000e+00,2.509470776765896805e+00,-2.697373700051811873e+00,-2.099277082376071579e+00,7.086213900104773700e+00,7.355703530216747055e+00,2.553541967456514783e+01
0.000000000000000000e+00,2.509470776765896805e+00,-2.697373700051811873e+00,-2.099277082376071579e+00,7.086213900104773700e+00,7.355703530216747943e+00,2.553541967456514428e+01
0.000000000000000000e+00,2.509470776765897249e+00,-2.697373700051811873e+00,-2.099277082376071135e+00,7.086213900104773700e+00,7.355703530216747055e+00,2.553541967456514428e+01
0.000000000000000000e+00,1.978350845555561843e+00,0.000000000000000000e+00,0.000000000000000000e+00,0.000000000000000000e+00,1.985164669106121327e+00,2.320191210903179169e+01
0.000000000000000000e+00,1.978350845555561843e+00,0.000000000000000000e+00,0.000000000000000000e+00,0.000000000000000000e+00,1.985164669106121771e+00,2.320191210903179169e+01
0.000000000000000000e+00,1.978350845555561843e+00,0.000000000000000000e+00,0.000000000000000000e+00,0.000000000000000000e+00,1.985164669106121327e+00,2.320191210903179169e+01
0.000000000000000000e+00,1.978350845555561843e+00,0.000000000000000000e+00,0.000000000000000000e+00,0.000000000000000000e+00,1.985164669106121771e+00,2.320191210903179169e+01
0.000000000000000000e+00,1.978350845555561843e+00,0.000000000000000000e+00,0.000000000000000000e+00,0.000000000000000000e+00,1.985164669106121327e+00,2.320191210903179169e+01
-3.449983968553310021e+00,4.007001537484869758e+00,0.000000000000000000e+00,-2.269092685579511048e+00,3.706678842113958705e+00,7.233293792852852455e+00,2.685237113494354233e+01
-3.449983968553310021e+00,4.007001537484869758e+00,0.000000000000000000e+00,-2.269092685579511048e+00,3.706678842113959149e+00,7.233293792852851567e+00,2.685237113494354233e+01
-3.449983968553310021e+00,4.007001537484869758e+00,0.000000000000000000e+00,-2.269092685579510604e+00,3.706678842113959149e+00,7.233293792852852455e+00,2.685237113494353522e+01
-3.449983968553310021e+00,4.007001537484869758e+00,0.000000000000000000e+00,-2.269092685579511048e+00,3.706678842113959149e+00,7.233293792852852455e+00,2.685237113494354233e+01
-3.449983968553310021e+00,4.007001537484869758e+00,0.000000000000000000e+00,-2.269092685579510604e+00,3.706678842113959149e+00,7.233293792852852455e+00,2.685237113494354233e+01
-4.577747759285996310e+00,3.369186967465114257e+00,0.000000000000000000e+00,0.000000000000000000e+00,0.000000000000000000e+00,7.037731760329972275e+00,2.874761683363505682e+01
-4.577747759285996310e+00,3.369186967465113813e+00,0.000000000000000000e+00,0.000000000000000000e+00,0.000000000000000000e+00,7.037731760329970498e+00,2.874761683363506037e+01
-4.577747759285996310e+00,3.369186967465114257e+00,0.000000000000000000e+00,0.000000000000000000e+00,0.000000000000000000e+00,7.037731760329970498e+00,2.874761683363506037e+01
-4.577747759285996310e+00,3.369186967465113813e+00,0.000000000000000000e+00,0.000000000000000000e+00,0.000000000000000000e+00,7.037731760329970498e+00,2.874761683363505682e+01
-4.577747759285996310e+00,3.369186967465114257e+00,0.000000000000000000e+00,0.000000000000000000e+00,0.000000000000000000e+00,7.037731760329972275e+00,2.874761683363506037e+01
-2.767771082282210138e+00,3.568818146389490575e+00,3.980996148640124854e+00,-2.694406668218099377e+00,-2.169919314855711878e+00,0.000000000000000000e+00,9.600735400942626896e+00
-2.767771082282210138e+00,3.568818146389490575e+00,3.980996148640123966e+00,-2.694406668218099377e+00,-2.169919314855711878e+00,0.000000000000000000e+00,9.600735400942626896e+00
-2.767771082282210138e+00,3.568818146389490575e+00,3.980996148640123966e+00,-2.694406668218099377e+00,-2.169919314855711878e+00,0.000000000000000000e+00,9.600735400942626896e+00
-2.767771082282210138e+00,3.568818146389490575e+00,3.980996148640125298e+00,-2.694406668218099377e+00,-2.169919314855711878e+00,0.000000000000000000e+00,9.600735400942626896e+00
-2.767771082282210138e+00,3.568818146389490131e+00,3.980996148640123966e+00,-2.694406668218098932e+00,-2.169919314855711878e+00,0.000000000000000000e+00,9.600735400942628672e+00
0.000000000000000000e+00,1.988705556236027849e+00,3.169730067566225440e+00,2.902050990259559260e+00,0.000000000000000000e+00,4.482084189706407429e+00,2.325680852748521232e+01
0.000000000000000000e+00,1.988705556236027849e+00,3.169730067566225440e+00,2.902050990259559260e+00,0.000000000000000000e+00,4.482084189706406541e+00,2.325680852748521232e+01
0.000000000000000000e+00,1.988705556236028293e+00,3.169730067566225440e+00,2.902050990259559260e+00,0.000000000000000000e+00,4.482084189706408317e+00,2.325680852748521232e+01
0.000000000000000000e+00,1.988705556236028293e+00,3.169730067566225884e+00,2.902050990259558816e+00,0.000000000000000000e+00,4.482084189706407429e+00,2.325680852748521232e+01
0.000000000000000000e+00,1.988705556236028293e+00,3.169730067566224996e+00,2.902050990259558372e+00,0.000000000000000000e+00,4.482084189706407429e+00,2.325680852748521588e+01
-3.498449368840152118e+00,2.141123313381278148e+00,3.388775646555472143e+00,2.772624744749920378e+00,0.000000000000000000e+00,3.211712296767204489e+00,1.835614797907794227e+01
-3.498449368840152118e+00,2.141123313381277704e+00,3.388775646555472143e+00,2.772624744749920378e+00,0.000000000000000000e+00,3.211712296767204489e+00,1.835614797907794227e+01
-3.498449368840152118e+00,2.141123313381278148e+00,3.388775646555471699e+00,2.772624744749920378e+00,0.000000000000000000e+00,3.211712296767204489e+00,1.835614797907794227e+01
-3.498449368840152118e+00,2.141123313381278148e+00,3.388775646555471699e+00,2.772624744749919934e+00,0.000000000000000000e+00,3.211712296767204489e+00,1.835614797907794227e+01
-3.498449368840152118e+00,2.141123313381278148e+00,3.388775646555472143e+00,2.772624744749920378e+00,0.000000000000000000e+00,3.211712296767204489e+00,1.835614797907793871e+01
-3.375085563169112568e+00,6.453393917163118942e+00,3.693964431265422288e+00,0.000000000000000000e+00,0.000000000000000000e+00,0.000000000000000000e+00,1.578966229827205225e+01
-3.375085563169112568e+00,6.453393917163118942e+00,3.693964431265422732e+00,0.000000000000000000e+00,0.000000000000000000e+00,0.000000000000000000e+00,1.578966229827205403e+01
-3.375085563169112568e+00,6.453393917163118942e+00,3.693964431265422732e+00,0.000000000000000000e+00,0.000000000000000000e+00,0.000000000000000000e+00,1.578966229827205225e+01
-3.375085563169112568e+00,6.453393917163118942e+00,3.693964431265422732e+00,0.000000000000000000e+00,0.000000000000000000e+00,0.000000000000000000e+00,1.578966229827205403e+01
-3.375085563169112568e+00,6.453393917163118942e+00,3.693964431265422288e+00,0.000000000000000000e+00,0.000000000000000000e+00,0.000000000000000000e+00,1.578966229827205225e+01
0.000000000000000000e+00,4.507042250132991867e+00,0.000000000000000000e+00,3.489290980809824916e+00,0.000000000000000000e+00,0.000000000000000000e+00,1.037211412696134616e+01
0.000000000000000000e+00,4.507042250132992756e+00,0.000000000000000000e+00,3.489290980809824916e+00,0.000000000000000000e+00,0.000000000000000000e+00,1.037211412696134261e+01
0.000000000000000000e+00,4.507042250132991867e+00,0.000000000000000000e+00,3.489290980809824916e+00,0.000000000000000000e+00,0.000000000000000000e+00,1.037211412696134438e+01
0.000000000000000000e+00,4.507042250132991867e+00,0.000000000000000000e+00,3.489290980809824916e+00,0.000000000000000000e+00,0.000000000000000000e+00,1.037211412696134438e+01
0.000000000000000000e+00,4.507042250132991867e+00,0.000000000000000000e+00,3.489290980809824916e+00,0.000000000000000000e+00,0.000000000000000000e+00,1.037211412696134438e+01
-4.327782264827994219e+00,4.647511887127311780e+00,2.328241125778527376e+00,0.000000000000000000e+00,0.000000000000000000e+00,0.000000000000000000e+00,1.027108137860192194e+01
-4.327782264827994219e+00,4.647511887127311780e+00,2.328241125778527376e+00,0.000000000000000000e+00,0.000000000000000000e+00,0.000000000000000000e+00,1.027108137860192372e+01
-4.327782264827994219e+00,4.647511887127311780e+00,2.328241125778527376e+00,0.000000000000000000e+00,0.000000000000000000e+00,0.000000000000000000e+00,1.027108137860192194e+01
-4.327782264827994219e+00,4.647511887127311780e+00,2.328241125778527376e+00,0.000000000000000000e+00,0.000000000000000000e+00,0.000000000000000000e+00,1.027108137860192549e+01
-4.327782264827994219e+00,4.647511887127311780e+00,2.328241125778527376e+00,0.000000000000000000e+00,0.000000000000000000e+00,0.000000000000000000e+00,1.027108137860192549e+01
0.000000000000000000e+00,2.661578862618981578e+00,-2.608212726160493489e+00,0.000000000000000000e+00,5.624740346874842700e+00,7.381398155868952315e+00,2.650486879629265147e+01
0.000000000000000000e+00,2.661578862618981578e+00,-2.608212726160493489e+00,0.000000000000000000e+00,5.624740346874842700e+00,7.381398155868952315e+00,2.650486879629265147e+01
0.000000000000000000e+00,2.661578862618982022e+00,-2.608212726160493489e+00,0.000000000000000000e+00,5.624740346874842700e+00,7.381398155868952315e+00,2.650486879629265147e+01
0.000000000000000000e+00,2.661578862618981578e+00,-2.608212726160493489e+00,0.000000000000000000e+00,5.624740346874842700e+00,7.381398155868952315e+00,2.650486879629265147e+01
0.000000000000000000e+00,2.661578862618981578e+00,-2.608212726160493489e+00,0.000000000000000000e+00,5.624740346874842700e+00,7.381398155868951427e+00,2.650486879629265147e+01
-3.027895408216882966e+00,3.836608343521825670e+00,0.000000000000000000e+00,-2.455102613428190139e+00,4.462419884810733706e+00,7.289963108670926673e+00,2.655470329362548298e+01
-3.027895408216882966e+00,3.836608343521825226e+00,0.000000000000000000e+00,-2.455102613428190139e+00,4.462419884810733706e+00,7.289963108670924896e+00,2.655470329362548298e+01
-3.027895408216882966e+00,3.836608343521824782e+00,0.000000000000000000e+00,-2.455102613428190139e+00,4.462419884810733706e+00,7.289963108670926673e+00,2.655470329362547588e+01
-3.027895408216882966e+00,3.836608343521825226e+00,0.000000000000000000e+00,-2.455102613428190583e+00,4.462419884810733706e+00,7.289963108670926673e+00,2.655470329362547588e+01
-3.027895408216882966e+00,3.836608343521825226e+00,0.000000000000000000e+00,-2.455102613428190139e+00,4.462419884810733706e+00,7.289963108670926673e+00,2.655470329362548654e+01
-3.344221667322109237e+00,4.918700218195533047e+00,0.000000000000000000e+00,0.000000000000000000e+00,0.000000000000000000e+00,0.000000000000000000e+00,1.102235267998160140e+01
-3.344221667322109237e+00,4.918700218195532159e+00,0.000000000000000000e+00,0.000000000000000000e+00,0.000000000000000000e+00,0.000000000000000000e+00,1.102235267998160140e+01
-3.344221667322109237e+00,4.918700218195531271e+00,0.000000000000000000e+00,0.000000000000000000e+00,0.000000000000000000e+00,0.000000000000000000e+00,1.102235267998160140e+01
-3.344221667322109237e+00,4.918700218195532159e+00,0.000000000000000000e+00,0.000000000000000000e+00,0.000000000000000000e+00,0.000000000000000000e+00,1.102235267998159962e+01
-3.344221667322109237e+00,4.918700218195531271e+00,0.000000000000000000e+00,0.000000000000000000e+00,0.000000000000000000e+00,0.000000000000000000e+00,1.102235267998160140e+01
0.000000000000000000e+00,0.000000000000000000e+00,2.974973829130156844e+00,0.000000000000000000e+00,0.000000000000000000e+00,5.718004873787940312e+00,2.529483054791707275e+01
0.000000000000000000e+00,0.000000000000000000e+00,2.974973829130156844e+00,0.000000000000000000e+00,0.000000000000000000e+00,5.718004873787940312e+00,2.529483054791707275e+01
0.000000000000000000e+00,0.000000000000000000e+00,2.974973829130157732e+00,0.000000000000000000e+00,0.000000000000000000e+00,5.718004873787939424e+00,2.529483054791706920e+01
0.000000000000000000e+00,0.000000000000000000e+00,2.974973829130156844e+00,0.000000000000000000e+00,0.000000000000000000e+00,5.718004873787940312e+00,2.529483054791707275e+01
0.000000000000000000e+00,0.000000000000000000e+00,2.974973829130156844e+00,0.000000000000000000e+00,0.000000000000000000e+00,5.718004873787939424e+00,2.529483054791707630e+01
-3.043913953099364189e+00,2.707083613310251380e+00,2.331876928217884171e+00,0.000000000000000000e+00,-3.079349724006660960e+00,2.178793989492519234e+00,1.601065451700196007e+01
-3.043913953099364189e+00,2.707083613310250936e+00,2.331876928217884171e+00,0.000000000000000000e+00,-3.079349724006660960e+00,2.178793989492519678e+00,1.601065451700196007e+01
-3.043913953099364189e+00,2.707083613310251380e+00,2.331876928217883727e+00,0.000000000000000000e+00,-3.079349724006660960e+00,2.178793989492519234e+00,1.601065451700196007e+01
-3.043913953099364189e+00,2.707083613310250936e+00,2.331876928217883727e+00,0.000000000000000000e+00,-3.079349724006660960e+00,2.178793989492519678e+00,1.601065451700196363e+01
-3.043913953099364189e+00,2.707083613310250936e+00,2.331876928217884171e+00,0.000000000000000000e+00,-3.079349724006660960e+00,2.178793989492519234e+00,1.601065451700196007e+01
-2.429414612423252073e+00,5.799782382147423476e+00,0.000000000000000000e+00,0.000000000000000000e+00,0.000000000000000000e+00,0.000000000000000000e+00,1.007544618879697218e+01
-2.429414612423252073e+00,5.799782382147422588e+00,0.000000000000000000e+00,0.000000000000000000e+00,0.000000000000000000e+00,0.000000000000000000e+00,1.007544618879697396e+01
-2.429414612423252073e+00,5.799782382147423476e+00,0.000000000000000000e+00,0.000000000000000000e+00,0.000000000000000000e+00,0.000000000000000000e+00,1.007544618879697218e+01
-2.429414612423252073e+00,5.799782382147423476e+00,0.000000000000000000e+00,0.000000000000000000e+00,0.000000000000000000e+00,0.000000000000000000e+00,1.007544618879697573e+01
-2.429414612423252073e+00,5.799782382147424364e+00,0.000000000000000000e+00,0.000000000000000000e+00,0.000000000000000000e+00,0.000000000000000000e+00,1.007544618879697218e+01
