0.000000000000000000e+00,0.000000000000000000e+00,0.000000000000000000e+00,0.000000000000000000e+00,0.000000000000000000e+00,3.534464080089818605e+00
0.000000000000000000e+00,0.000000000000000000e+00,0.000000000000000000e+00,0.000000000000000000e+00,0.000000000000000000e+00,3.534464080089817717e+00
0.000000000000000000e+00,0.000000000000000000e+00,0.000000000000000000e+00,0.000000000000000000e+00,0.000000000000000000e+00,3.534464080089817717e+00
0.000000000000000000e+00,0.000000000000000000e+00,0.000000000000000000e+00,0.000000000000000000e+00,0.000000000000000000e+00,3.534464080089818605e+00
0.000000000000000000e+00,0.000000000000000000e+00,0.000000000000000000e+00,0.000000000000000000e+00,0.000000000000000000e+00,3.534464080089818605e+00
0.000000000000000000e+00,0.000000000000000000e+00,0.000000000000000000e+00,-2.460676663098473327e+00,0.000000000000000000e+00,0.000000000000000000e+00
0.000000000000000000e+00,0.000000000000000000e+00,0.000000000000000000e+00,-2.460676663098473327e+00,0.000000000000000000e+00,0.000000000000000000e+00
0.000000000000000000e+00,0.000000000000000000e+00,0.000000000000000000e+00,-2.460676663098473327e+00,0.000000000000000000e+00,0.000000000000000000e+00
0.000000000000000000e+00,0.000000000000000000e+00,0.000000000000000000e+00,-2.460676663098473327e+00,0.000000000000000000e+00,0.000000000000000000e+00
0.000000000000000000e+00,0.000000000000000000e+00,0.000000000000000000e+00,-2.460676663098473327e+00,0.000000000000000000e+00,0.000000000000000000e+00
0.000000000000000000e+00,0.000000000000000000e+00,0.000000000000000000e+00,0.000000000000000000e+00,0.000000000000000000e+00,0.000000000000000000e+00
0.000000000000000000e+00,0.000000000000000000e+00,0.000000000000000000e+00,0.000000000000000000e+00,0.000000000000000000e+00,0.000000000000000000e+00
0.000000000000000000e+00,0.000000000000000000e+00,0.000000000000000000e+00,0.000000000000000000e+00,0.000000000000000000e+00,0.000000000000000000e+00
0.000000000000000000e+00,0.000000000000000000e+00,0.000000000000000000e+00,0.000000000000000000e+00,0.000000000000000000e+00,0.000000000000000000e+00
0.000000000000000000e+00,0.000000000000000000e+00,0.000000000000000000e+00,0.000000000000000000e+00,0.000000000000000000e+00,0.000000000000000000e+00
-2.387908285748025161e+00,2.827196042441651791e+00,2.807921588420630776e+00,-4.042426615082566954e+00,0.000000000000000000e+00,-4.988103730266241875e+00
-2.387908285748025161e+00,2.827196042441652235e+00,2.807921588420631220e+00,-4.042426615082566954e+00,0.000000000000000000e+00,-4.988103730266241875e+00
-2.387908285748025161e+00,2.827196042441652235e+00,2.807921588420631220e+00,-4.042426615082566954e+00,0.000000000000000000e+00,-4.988103730266241875e+00
-2.387908285748025605e+00,2.827196042441652235e+00,2.807921588420631220e+00,-4.042426615082566954e+00,0.000000000000000000e+00,-4.988103730266241875e+00
-2.387908285748024717e+00,2.827196042441652235e+00,2.807921588420631220e+00,-4.042426615082565178e+00,0.000000000000000000e+00,-4.988103730266242763e+00
0.000000000000000000e+00,-2.218926525013559470e+00,0.000000000000000000e+00,0.000000000000000000e+00,4.956219769207013570e+00,3.266910893893276047e+00
0.000000000000000000e+00,-2.218926525013559470e+00,0.000000000000000000e+00,0.000000000000000000e+00,4.956219769207014458e+00,3.266910893893276047e+00
0.000000000000000000e+00,-2.218926525013559470e+00,0.000000000000000000e+00,0.000000000000000000e+00,4.956219769207013570e+00,3.266910893893276491e+00
0.000000000000000000e+00,-2.218926525013559470e+00,0.000000000000000000e+00,0.000000000000000000e+00,4.956219769207013570e+00,3.266910893893276047e+00
0.000000000000000000e+00,-2.218926525013559470e+00,0.000000000000000000e+00,0.000000000000000000e+00,4.956219769207013570e+00,3.266910893893276491e+00
2.032878184103492192e+00,0.000000000000000000e+00,3.545746708547766968e+00,0.000000000000000000e+00,0.000000000000000000e+00,1.366630406201107562e+01
2.032878184103491748e+00,0.000000000000000000e+00,3.545746708547766968e+00,0.000000000000000000e+00,0.000000000000000000e+00,1.366630406201107562e+01
2.032878184103492192e+00,0.000000000000000000e+00,3.545746708547767412e+00,0.000000000000000000e+00,0.000000000000000000e+00,1.366630406201107562e+01
2.032878184103491748e+00,0.000000000000000000e+00,3.545746708547767856e+00,0.000000000000000000e+00,0.000000000000000000e+00,1.366630406201107384e+01
2.032878184103491748e+00,0.000000000000000000e+00,3.545746708547767856e+00,0.000000000000000000e+00,0.000000000000000000e+00,1.366630406201107562e+01
2.712415319903440203e+00,0.000000000000000000e+00,3.568174711432361867e+00,0.000000000000000000e+00,0.000000000000000000e+00,1.314894151757746066e+01
2.712415319903440203e+00,0.000000000000000000e+00,3.568174711432361867e+00,0.000000000000000000e+00,0.000000000000000000e+00,1.314894151757746421e+01
2.712415319903440203e+00,0.000000000000000000e+00,3.568174711432362312e+00,0.000000000000000000e+00,0.000000000000000000e+00,1.314894151757746421e+01
2.712415319903440203e+00,0.000000000000000000e+00,3.568174711432363200e+00,0.000000000000000000e+00,0.000000000000000000e+00,1.314894151757746421e+01
2.712415319903440203e+00,0.000000000000000000e+00,3.568174711432362312e+00,0.000000000000000000e+00,0.000000000000000000e+00,1.314894151757746421e+01
0.000000000000000000e+00,2.250968347831193483e+00,2.724685716723973528e+00,0.000000000000000000e+00,0.000000000000000000e+00,1.192307338931250449e+01
0.000000000000000000e+00,2.250968347831194372e+00,2.724685716723973528e+00,0.000000000000000000e+00,0.000000000000000000e+00,1.192307338931250449e+01
0.000000000000000000e+00,2.250968347831193928e+00,2.724685716723973528e+00,0.000000000000000000e+00,0.000000000000000000e+00,1.192307338931250804e+01
0.000000000000000000e+00,2.250968347831194372e+00,2.724685716723973528e+00,0.000000000000000000e+00,0.000000000000000000e+00,1.192307338931250449e+01
0.000000000000000000e+00,2.250968347831194372e+00,2.724685716723973528e+00,0.000000000000000000e+00,0.000000000000000000e+00,1.192307338931250804e+01
0.000000000000000000e+00,0.000000000000000000e+00,0.000000000000000000e+00,-2.056227982789668562e+00,0.000000000000000000e+00,-2.761038171452720569e+00
0.000000000000000000e+00,0.000000000000000000e+00,0.000000000000000000e+00,-2.056227982789668562e+00,0.000000000000000000e+00,-2.761038171452721013e+00
0.000000000000000000e+00,0.000000000000000000e+00,0.000000000000000000e+00,-2.056227982789668562e+00,0.000000000000000000e+00,-2.761038171452721013e+00
0.000000000000000000e+00,0.000000000000000000e+00,0.000000000000000000e+00,-2.056227982789668562e+00,0.000000000000000000e+00,-2.761038171452721013e+00
0.000000000000000000e+00,0.000000000000000000e+00,0.000000000000000000e+00,-2.056227982789668562e+00,0.000000000000000000e+00,-2.761038171452721013e+00
0.000000000000000000e+00,0.000000000000000000e+00,0.000000000000000000e+00,-3.192471587315321546e+00,0.000000000000000000e+00,0.000000000000000000e+00
0.000000000000000000e+00,0.000000000000000000e+00,0.000000000000000000e+00,-3.192471587315321546e+00,0.000000000000000000e+00,0.000000000000000000e+00
0.000000000000000000e+00,0.000000000000000000e+00,0.000000000000000000e+00,-3.192471587315321546e+00,0.000000000000000000e+00,0.000000000000000000e+00
0.000000000000000000e+00,0.000000000000000000e+00,0.000000000000000000e+00,-3.192471587315321546e+00,0.000000000000000000e+00,0.000000000000000000e+00
0.000000000000000000e+00,0.000000000000000000e+00,0.000000000000000000e+00,-3.192471587315321546e+00,0.000000000000000000e+00,0.000000000000000000e+00
0.000000000000000000e+00,0.000000000000000000e+00,0.000000000000000000e+00,0.000000000000000000e+00,0.000000000000000000e+00,2.966802831120899597e+00
0.000000000000000000e+00,0.000000000000000000e+00,0.000000000000000000e+00,0.000000000000000000e+00,0.000000000000000000e+00,2.966802831120899597e+00
0.000000000000000000e+00,0.000000000000000000e+00,0.000000000000000000e+00,0.000000000000000000e+00,0.000000000000000000e+00,2.966802831120899597e+00
0.000000000000000000e+00,0.000000000000000000e+00,0.000000000000000000e+00,0.000000000000000000e+00,0.000000000000000000e+00,2.966802831120899153e+00
0.000000000000000000e+00,0.000000000000000000e+00,0.000000000000000000e+00,0.000000000000000000e+00,0.000000000000000000e+00,2.966802831120899153e+00
0.000000000000000000e+00,0.000000000000000000e+00,0.000000000000000000e+00,0.000000000000000000e+00,0.000000000000000000e+00,0.000000000000000000e+00
0.000000000000000000e+00,0.000000000000000000e+00,0.000000000000000000e+00,0.000000000000000000e+00,0.000000000000000000e+00,0.000000000000000000e+00
0.000000000000000000e+00,0.000000000000000000e+00,0.000000000000000000e+00,0.000000000000000000e+00,0.000000000000000000e+00,0.000000000000000000e+00
0.000000000000000000e+00,0.000000000000000000e+00,0.000000000000000000e+00,0.000000000000000000e+00,0.000000000000000000e+00,0.000000000000000000e+00
0.000000000000000000e+00,0.000000000000000000e+00,0.000000000000000000e+00,0.000000000000000000e+00,0.000000000000000000e+00,0.000000000000000000e+00
1.993508439727055936e+00,0.000000000000000000e+00,0.000000000000000000e+00,0.000000000000000000e+00,0.000000000000000000e+00,4.927837649229919847e+00
1.993508439727056158e+00,0.000000000000000000e+00,0.000000000000000000e+00,0.000000000000000000e+00,0.000000000000000000e+00,4.927837649229919847e+00
1.993508439727056158e+00,0.000000000000000000e+00,0.000000000000000000e+00,0.000000000000000000e+00,0.000000000000000000e+00,4.927837649229920736e+00
1.993508439727056381e+00,0.000000000000000000e+00,0.000000000000000000e+00,0.000000000000000000e+00,0.000000000000000000e+00,4.927837649229920736e+00
1.993508439727056158e+00,0.000000000000000000e+00,0.000000000000000000e+00,0.000000000000000000e+00,0.000000000000000000e+00,4.927837649229919847e+00
0.000000000000000000e+00,2.109809000497552489e+00,0.000000000000000000e+00,-3.921211562435768627e+00,0.000000000000000000e+00,-2.545361107840284909e+00
0.000000000000000000e+00,2.109809000497552489e+00,0.000000000000000000e+00,-3.921211562435768627e+00,0.000000000000000000e+00,-2.545361107840284909e+00
0.000000000000000000e+00,2.109809000497552489e+00,0.000000000000000000e+00,-3.921211562435767739e+00,0.000000000000000000e+00,-2.545361107840284909e+00
0.000000000000000000e+00,2.109809000497552489e+00,0.000000000000000000e+00,-3.921211562435767739e+00,0.000000000000000000e+00,-2.545361107840284909e+00
0.000000000000000000e+00,2.109809000497552489e+00,0.000000000000000000e+00,-3.921211562435768627e+00,0.000000000000000000e+00,-2.545361107840284909e+00
3.311110568665087683e+00,0.000000000000000000e+00,0.000000000000000000e+00,0.000000000000000000e+00,0.000000000000000000e+00,7.374156470413812059e+00
3.311110568665087239e+00,0.000000000000000000e+00,0.000000000000000000e+00,0.000000000000000000e+00,0.000000000000000000e+00,7.374156470413812059e+00
3.311110568665087683e+00,0.000000000000000000e+00,0.000000000000000000e+00,0.000000000000000000e+00,0.000000000000000000e+00,7.374156470413812059e+00
3.311110568665087683e+00,0.000000000000000000e+00,0.000000000000000000e+00,0.000000000000000000e+00,0.000000000000000000e+00,7.374156470413812059e+00
3.311110568665087239e+00,0.000000000000000000e+00,0.000000000000000000e+00,0.000000000000000000e+00,0.000000000000000000e+00,7.374156470413812059e+00
2.568068298571588137e+00,0.000000000000000000e+00,0.000000000000000000e+00,0.000000000000000000e+00,0.000000000000000000e+00,6.061088124472675531e+00
2.568068298571588137e+00,0.000000000000000000e+00,0.000000000000000000e+00,0.000000000000000000e+00,0.000000000000000000e+00,6.061088124472674643e+00
2.568068298571587693e+00,0.000000000000000000e+00,0.000000000000000000e+00,0.000000000000000000e+00,0.000000000000000000e+00,6.061088124472675531e+00
2.568068298571587693e+00,0.000000000000000000e+00,0.000000000000000000e+00,0.000000000000000000e+00,0.000000000000000000e+00,6.061088124472675531e+00
2.568068298571587693e+00,0.000000000000000000e+00,0.000000000000000000e+00,0.000000000000000000e+00,0.000000000000000000e+00,6.061088124472674643e+00
0.000000000000000000e+00,-2.372591127891701124e+00,0.000000000000000000e+00,0.000000000000000000e+00,4.612994315341089724e+00,2.322630826303150542e+00
0.000000000000000000e+00,-2.372591127891701124e+00,0.000000000000000000e+00,0.000000000000000000e+00,4.612994315341089724e+00,2.322630826303150542e+00
0.000000000000000000e+00,-2.372591127891701124e+00,0.000000000000000000e+00,0.000000000000000000e+00,4.612994315341089724e+00,2.322630826303150542e+00
0.000000000000000000e+00,-2.372591127891701124e+00,0.000000000000000000e+00,0.000000000000000000e+00,4.612994315341090612e+00,2.322630826303150542e+00
0.000000000000000000e+00,-2.372591127891701124e+00,0.000000000000000000e+00,0.000000000000000000e+00,4.612994315341089724e+00,2.322630826303150542e+00
0.000000000000000000e+00,0.000000000000000000e+00,0.000000000000000000e+00,0.000000000000000000e+00,0.000000000000000000e+00,8.938250541222434009e+00
0.000000000000000000e+00,0.000000000000000000e+00,0.000000000000000000e+00,0.000000000000000000e+00,0.000000000000000000e+00,8.938250541222435785e+00
0.000000000000000000e+00,0.000000000000000000e+00,0.000000000000000000e+00,0.000000000000000000e+00,0.000000000000000000e+00,8.938250541222435785e+00
0.000000000000000000e+00,0.000000000000000000e+00,0.000000000000000000e+00,0.000000000000000000e+00,0.000000000000000000e+00,8.938250541222435785e+00
0.000000000000000000e+00,0.000000000000000000e+00,0.000000000000000000e+00,0.000000000000000000e+00,0.000000000000000000e+00,8.938250541222434009e+00
-3.302108321136960623e+00,2.697181326245467137e+00,3.412617255838606756e+00,-3.920515520228252893e+00,0.000000000000000000e+00,-5.150515426749454839e+00
-3.302108321136961067e+00,2.697181326245467137e+00,3.412617255838607200e+00,-3.920515520228252893e+00,0.000000000000000000e+00,-5.150515426749453951e+00
-3.302108321136961067e+00,2.697181326245467137e+00,3.412617255838606312e+00,-3.920515520228252893e+00,0.000000000000000000e+00,-5.150515426749454839e+00
-3.302108321136961067e+00,2.697181326245467137e+00,3.412617255838606756e+00,-3.920515520228252893e+00,0.000000000000000000e+00,-5.150515426749454839e+00
-3.302108321136961067e+00,2.697181326245467137e+00,3.412617255838607200e+00,-3.920515520228252893e+00,0.000000000000000000e+00,-5.150515426749453951e+00
2.262813425427804059e+00,0.000000000000000000e+00,0.000000000000000000e+00,0.000000000000000000e+00,0.000000000000000000e+00,5.535256549794853598e+00
2.262813425427804059e+00,0.000000000000000000e+00,0.000000000000000000e+00,0.000000000000000000e+00,0.000000000000000000e+00,5.535256549794852710e+00
2.262813425427804059e+00,0.000000000000000000e+00,0.000000000000000000e+00,0.000000000000000000e+00,0.000000000000000000e+00,5.535256549794853598e+00
2.262813425427803615e+00,0.000000000000000000e+00,0.000000000000000000e+00,0.000000000000000000e+00,0.000000000000000000e+00,5.535256549794852710e+00
2.262813425427804059e+00,0.000000000000000000e+00,0.000000000000000000e+00,0.000000000000000000e+00,0.000000000000000000e+00,5.535256549794852710e+00
0.000000000000000000e+00,0.000000000000000000e+00,0.000000000000000000e+00,0.000000000000000000e+00,0.000000000000000000e+00,3.711074447965947876e+00
0.000000000000000000e+00,0.000000000000000000e+00,0.000000000000000000e+00,0.000000000000000000e+00,0.000000000000000000e+00,3.711074447965947876e+00
0.000000000000000000e+00,0.000000000000000000e+00,0.000000000000000000e+00,0.000000000000000000e+00,0.000000000000000000e+00,3.711074447965947876e+00
0.000000000000000000e+00,0.000000000000000000e+00,0.000000000000000000e+00,0.000000000000000000e+00,0.000000000000000000e+00,3.711074447965947876e+00
0.000000000000000000e+00,0.000000000000000000e+00,0.000000000000000000e+00,0.000000000000000000e+00,0.000000000000000000e+00,3.711074447965947876e+00
0.000000000000000000e+00,0.000000000000000000e+00,0.000000000000000000e+00,0.000000000000000000e+00,0.000000000000000000e+00,9.655148978445209806e+00
0.000000000000000000e+00,0.000000000000000000e+00,0.000000000000000000e+00,0.000000000000000000e+00,0.000000000000000000e+00,9.655148978445213359e+00
0.000000000000000000e+00,0.000000000000000000e+00,0.000000000000000000e+00,0.000000000000000000e+00,0.000000000000000000e+00,9.655148978445209806e+00
0.000000000000000000e+00,0.000000000000000000e+00,0.000000000000000000e+00,0.000000000000000000e+00,0.000000000000000000e+00,9.655148978445209806e+00
0.000000000000000000e+00,0.000000000000000000e+00,0.000000000000000000e+00,0.000000000000000000e+00,0.000000000000000000e+00,9.655148978445209806e+00
0.000000000000000000e+00,2.771536870820875631e+00,2.530228813652126263e+00,0.000000000000000000e+00,0.000000000000000000e+00,1.183931429334761098e+01
0.000000000000000000e+00,2.771536870820875631e+00,2.530228813652126263e+00,0.000000000000000000e+00,0.000000000000000000e+00,1.183931429334761098e+01
0.000000000000000000e+00,2.771536870820875631e+00,2.530228813652126263e+00,0.000000000000000000e+00,0.000000000000000000e+00,1.183931429334761098e+01
0.000000000000000000e+00,2.771536870820876075e+00,2.530228813652126263e+00,0.000000000000000000e+00,0.000000000000000000e+00,1.183931429334761098e+01
0.000000000000000000e+00,2.771536870820876075e+00,2.530228813652126263e+00,0.000000000000000000e+00,0.000000000000000000e+00,1.183931429334761098e+01
0.000000000000000000e+00,0.000000000000000000e+00,0.000000000000000000e+00,-2.573444543967371434e+00,0.000000000000000000e+00,3.067463113365932248e+00
0.000000000000000000e+00,0.000000000000000000e+00,0.000000000000000000e+00,-2.573444543967371434e+00,0.000000000000000000e+00,3.067463113365932248e+00
0.000000000000000000e+00,0.000000000000000000e+00,0.000000000000000000e+00,-2.573444543967371434e+00,0.000000000000000000e+00,3.067463113365932248e+00
0.000000000000000000e+00,0.000000000000000000e+00,0.000000000000000000e+00,-2.573444543967371434e+00,0.000000000000000000e+00,3.067463113365932248e+00
0.000000000000000000e+00,0.000000000000000000e+00,0.000000000000000000e+00,-2.573444543967371434e+00,0.000000000000000000e+00,3.067463113365932248e+00
3.595327535989871315e+00,0.000000000000000000e+00,0.000000000000000000e+00,0.000000000000000000e+00,0.000000000000000000e+00,7.696747355063739526e+00
3.595327535989871315e+00,0.000000000000000000e+00,0.000000000000000000e+00,0.000000000000000000e+00,0.000000000000000000e+00,7.696747355063738638e+00
3.595327535989871315e+00,0.000000000000000000e+00,0.000000000000000000e+00,0.000000000000000000e+00,0.000000000000000000e+00,7.696747355063738638e+00
3.595327535989871759e+00,0.000000000000000000e+00,0.000000000000000000e+00,0.000000000000000000e+00,0.000000000000000000e+00,7.696747355063738638e+00
3.595327535989871759e+00,0.000000000000000000e+00,0.000000000000000000e+00,0.000000000000000000e+00,0.000000000000000000e+00,7.696747355063738638e+00
-3.983929213115189327e+00,2.173943087219010639e+00,4.607347951850208290e+00,-2.589850976700660556e+00,-3.859862762499816746e+00,-2.842449783445399003e+00
-3.983929213115189771e+00,2.173943087219010639e+00,4.607347951850207401e+00,-2.589850976700660556e+00,-3.859862762499816746e+00,-2.842449783445399003e+00
-3.983929213115189771e+00,2.173943087219011083e+00,4.607347951850207401e+00,-2.589850976700660556e+00,-3.859862762499816746e+00,-2.842449783445399447e+00
-3.983929213115189771e+00,2.173943087219010639e+00,4.607347951850207401e+00,-2.589850976700660112e+00,-3.859862762499816746e+00,-2.842449783445399003e+00
-3.983929213115189771e+00,2.173943087219011083e+00,4.607347951850207401e+00,-2.589850976700660556e+00,-3.859862762499816746e+00,-2.842449783445399003e+00
0.000000000000000000e+00,2.570053947507110248e+00,0.000000000000000000e+00,0.000000000000000000e+00,0.000000000000000000e+00,1.083101262945306864e+01
0.000000000000000000e+00,2.570053947507110248e+00,0.000000000000000000e+00,0.000000000000000000e+00,0.000000000000000000e+00,1.083101262945306864e+01
0.000000000000000000e+00,2.570053947507110248e+00,0.000000000000000000e+00,0.000000000000000000e+00,0.000000000000000000e+00,1.083101262945306864e+01
0.000000000000000000e+00,2.570053947507110692e+00,0.000000000000000000e+00,0.000000000000000000e+00,0.000000000000000000e+00,1.083101262945306864e+01
0.000000000000000000e+00,2.570053947507110248e+00,0.000000000000000000e+00,0.000000000000000000e+00,0.000000000000000000e+00,1.083101262945306864e+01
0.000000000000000000e+00,1.983911761422356479e+00,3.587341187306236190e+00,0.000000000000000000e+00,0.000000000000000000e+00,1.288513159109908379e+01
0.000000000000000000e+00,1.983911761422356923e+00,3.587341187306235302e+00,0.000000000000000000e+00,0.000000000000000000e+00,1.288513159109908379e+01
0.000000000000000000e+00,1.983911761422356923e+00,3.587341187306235302e+00,0.000000000000000000e+00,0.000000000000000000e+00,1.288513159109908024e+01
0.000000000000000000e+00,1.983911761422356923e+00,3.587341187306236634e+00,0.000000000000000000e+00,0.000000000000000000e+00,1.288513159109908379e+01
0.000000000000000000e+00,1.983911761422356923e+00,3.587341187306236634e+00,0.000000000000000000e+00,0.000000000000000000e+00,1.288513159109908379e+01
0.000000000000000000e+00,0.000000000000000000e+00,0.000000000000000000e+00,0.000000000000000000e+00,4.289984096202968722e+00,1.156462405185317444e+01
0.000000000000000000e+00,0.000000000000000000e+00,0.000000000000000000e+00,0.000000000000000000e+00,4.289984096202968722e+00,1.156462405185317621e+01
0.000000000000000000e+00,0.000000000000000000e+00,0.000000000000000000e+00,0.000000000000000000e+00,4.289984096202968722e+00,1.156462405185317444e+01
0.000000000000000000e+00,0.000000000000000000e+00,0.000000000000000000e+00,0.000000000000000000e+00,4.289984096202968722e+00,1.156462405185317621e+01
0.000000000000000000e+00,0.000000000000000000e+00,0.000000000000000000e+00,0.000000000000000000e+00,4.289984096202968722e+00,1.156462405185317444e+01
-3.864125741321872809e+00,2.534676531982311243e+00,3.723391888820268836e+00,-3.769097628618579776e+00,-2.300111522498219152e+00,-4.526894354923372887e+00
-3.864125741321873253e+00,2.534676531982310799e+00,3.723391888820269280e+00,-3.769097628618579776e+00,-2.300111522498218708e+00,-4.526894354923371999e+00
-3.864125741321873253e+00,2.534676531982311243e+00,3.723391888820269280e+00,-3.769097628618579776e+00,-2.300111522498219152e+00,-4.526894354923371999e+00
-3.864125741321872809e+00,2.534676531982311243e+00,3.723391888820269724e+00,-3.769097628618579776e+00,-2.300111522498219152e+00,-4.526894354923371999e+00
-3.864125741321873253e+00,2.534676531982310799e+00,3.723391888820269724e+00,-3.769097628618579776e+00,-2.300111522498219152e+00,-4.526894354923371999e+00
0.000000000000000000e+00,0.000000000000000000e+00,0.000000000000000000e+00,0.000000000000000000e+00,0.000000000000000000e+00,1.010205982371837230e+01
0.000000000000000000e+00,0.000000000000000000e+00,0.000000000000000000e+00,0.000000000000000000e+00,0.000000000000000000e+00,1.010205982371837230e+01
0.000000000000000000e+00,0.000000000000000000e+00,0.000000000000000000e+00,0.000000000000000000e+00,0.000000000000000000e+00,1.010205982371837230e+01
0.000000000000000000e+00,0.000000000000000000e+00,0.000000000000000000e+00,0.000000000000000000e+00,0.000000000000000000e+00,1.010205982371837230e+01
0.000000000000000000e+00,0.000000000000000000e+00,0.000000000000000000e+00,0.000000000000000000e+00,0.000000000000000000e+00,1.010205982371837230e+01
0.000000000000000000e+00,0.000000000000000000e+00,0.000000000000000000e+00,-2.913840243483750925e+00,0.000000000000000000e+00,0.000000000000000000e+00
0.000000000000000000e+00,0.000000000000000000e+00,0.000000000000000000e+00,-2.913840243483750925e+00,0.000000000000000000e+00,0.000000000000000000e+00
0.000000000000000000e+00,0.000000000000000000e+00,0.000000000000000000e+00,-2.913840243483750925e+00,0.000000000000000000e+00,0.000000000000000000e+00
0.000000000000000000e+00,0.000000000000000000e+00,0.000000000000000000e+00,-2.913840243483750925e+00,0.000000000000000000e+00,0.000000000000000000e+00
0.000000000000000000e+00,0.000000000000000000e+00,0.000000000000000000e+00,-2.913840243483750925e+00,0.000000000000000000e+00,0.000000000000000000e+00
0.000000000000000000e+00,0.000000000000000000e+00,2.696871095724072021e+00,0.000000000000000000e+00,0.000000000000000000e+00,1.154847251411302800e+01
0.000000000000000000e+00,0.000000000000000000e+00,2.696871095724072021e+00,0.000000000000000000e+00,0.000000000000000000e+00,1.154847251411303155e+01
0.000000000000000000e+00,0.000000000000000000e+00,2.696871095724072465e+00,0.000000000000000000e+00,0.000000000000000000e+00,1.154847251411302800e+01
0.000000000000000000e+00,0.000000000000000000e+00,2.696871095724072021e+00,0.000000000000000000e+00,0.000000000000000000e+00,1.154847251411302800e+01
0.000000000000000000e+00,0.000000000000000000e+00,2.696871095724072021e+00,0.000000000000000000e+00,0.000000000000000000e+00,1.154847251411302800e+01
0.000000000000000000e+00,0.000000000000000000e+00,0.000000000000000000e+00,0.000000000000000000e+00,0.000000000000000000e+00,0.000000000000000000e+00
0.000000000000000000e+00,0.000000000000000000e+00,0.000000000000000000e+00,0.000000000000000000e+00,0.000000000000000000e+00,0.000000000000000000e+00
0.000000000000000000e+00,0.000000000000000000e+00,0.000000000000000000e+00,0.000000000000000000e+00,0.000000000000000000e+00,0.000000000000000000e+00
0.000000000000000000e+00,0.000000000000000000e+00,0.000000000000000000e+00,0.000000000000000000e+00,0.000000000000000000e+00,0.000000000000000000e+00
0.000000000000000000e+00,0.000000000000000000e+00,0.000000000000000000e+00,0.000000000000000000e+00,0.000000000000000000e+00,0.000000000000000000e+00
0.000000000000000000e+00,2.737828247084295619e+00,0.000000000000000000e+00,-3.987428294380752192e+00,0.000000000000000000e+00,-3.819428329093280006e+00
0.000000000000000000e+00,2.737828247084296063e+00,0.000000000000000000e+00,-3.987428294380752192e+00,0.000000000000000000e+00,-3.819428329093279118e+00
0.000000000000000000e+00,2.737828247084295619e+00,0.000000000000000000e+00,-3.987428294380752192e+00,0.000000000000000000e+00,-3.819428329093279118e+00
0.000000000000000000e+00,2.737828247084295619e+00,0.000000000000000000e+00,-3.987428294380752192e+00,0.000000000000000000e+00,-3.819428329093280006e+00
0.000000000000000000e+00,2.737828247084295619e+00,0.000000000000000000e+00,-3.987428294380752192e+00,0.000000000000000000e+00,-3.819428329093279118e+00
0.000000000000000000e+00,-1.969961757242996381e+00,0.000000000000000000e+00,0.000000000000000000e+00,7.507318133637031821e+00,4.640405237092550372e+00
0.000000000000000000e+00,-1.969961757242996381e+00,0.000000000000000000e+00,0.000000000000000000e+00,7.507318133637031821e+00,4.640405237092550372e+00
0.000000000000000000e+00,-1.969961757242996381e+00,0.000000000000000000e+00,0.000000000000000000e+00,7.507318133637031821e+00,4.640405237092550372e+00
0.000000000000000000e+00,-1.969961757242996381e+00,0.000000000000000000e+00,0.000000000000000000e+00,7.507318133637031821e+00,4.640405237092550372e+00
0.000000000000000000e+00,-1.969961757242996381e+00,0.000000000000000000e+00,0.000000000000000000e+00,7.507318133637030044e+00,4.640405237092550372e+00
0.000000000000000000e+00,0.000000000000000000e+00,0.000000000000000000e+00,-3.665348213240870567e+00,0.000000000000000000e+00,-2.347530551742214033e+00
0.000000000000000000e+00,0.000000000000000000e+00,0.000000000000000000e+00,-3.665348213240870567e+00,0.000000000000000000e+00,-2.347530551742214033e+00
0.000000000000000000e+00,0.000000000000000000e+00,0.000000000000000000e+00,-3.665348213240870567e+00,0.000000000000000000e+00,-2.347530551742214033e+00
0.000000000000000000e+00,0.000000000000000000e+00,0.000000000000000000e+00,-3.665348213240870567e+00,0.000000000000000000e+00,-2.347530551742214033e+00
0.000000000000000000e+00,0.000000000000000000e+00,0.000000000000000000e+00,-3.665348213240870567e+00,0.000000000000000000e+00,-2.347530551742214477e+00
0.000000000000000000e+00,0.000000000000000000e+00,0.000000000000000000e+00,0.000000000000000000e+00,0.000000000000000000e+00,8.667837720841397697e+00
0.000000000000000000e+00,0.000000000000000000e+00,0.000000000000000000e+00,0.000000000000000000e+00,0.000000000000000000e+00,8.667837720841397697e+00
0.000000000000000000e+00,0.000000000000000000e+00,0.000000000000000000e+00,0.000000000000000000e+00,0.000000000000000000e+00,8.667837720841397697e+00
0.000000000000000000e+00,0.000000000000000000e+00,0.000000000000000000e+00,0.000000000000000000e+00,0.000000000000000000e+00,8.667837720841399474e+00
0.000000000000000000e+00,0.000000000000000000e+00,0.000000000000000000e+00,0.000000000000000000e+00,0.000000000000000000e+00,8.667837720841399474e+00
0.000000000000000000e+00,0.000000000000000000e+00,0.000000000000000000e+00,0.000000000000000000e+00,0.000000000000000000e+00,0.000000000000000000e+00
0.000000000000000000e+00,0.000000000000000000e+00,0.000000000000000000e+00,0.000000000000000000e+00,0.000000000000000000e+00,0.000000000000000000e+00
0.000000000000000000e+00,0.000000000000000000e+00,0.000000000000000000e+00,0.000000000000000000e+00,0.000000000000000000e+00,0.000000000000000000e+00
0.000000000000000000e+00,0.000000000000000000e+00,0.000000000000000000e+00,0.000000000000000000e+00,0.000000000000000000e+00,0.000000000000000000e+00
0.000000000000000000e+00,0.000000000000000000e+00,0.000000000000000000e+00,0.000000000000000000e+00,0.000000000000000000e+00,0.000000000000000000e+00
0.000000000000000000e+00,2.516416132179449594e+00,0.000000000000000000e+00,-3.067055138168533812e+00,0.000000000000000000e+00,-4.638394250407867681e+00
0.000000000000000000e+00,2.516416132179449594e+00,0.000000000000000000e+00,-3.067055138168533812e+00,0.000000000000000000e+00,-4.638394250407868569e+00
0.000000000000000000e+00,2.516416132179449150e+00,0.000000000000000000e+00,-3.067055138168533812e+00,0.000000000000000000e+00,-4.638394250407867681e+00
0.000000000000000000e+00,2.516416132179449594e+00,0.000000000000000000e+00,-3.067055138168533812e+00,0.000000000000000000e+00,-4.638394250407868569e+00
0.000000000000000000e+00,2.516416132179449150e+00,0.000000000000000000e+00,-3.067055138168533812e+00,0.000000000000000000e+00,-4.638394250407867681e+00
0.000000000000000000e+00,2.775675910994245044e+00,2.124478856314066633e+00,0.000000000000000000e+00,0.000000000000000000e+00,1.114488241684705372e+01
0.000000000000000000e+00,2.775675910994245488e+00,2.124478856314066633e+00,0.000000000000000000e+00,0.000000000000000000e+00,1.114488241684705372e+01
0.000000000000000000e+00,2.775675910994245488e+00,2.124478856314066633e+00,0.000000000000000000e+00,0.000000000000000000e+00,1.114488241684705372e+01
0.000000000000000000e+00,2.775675910994245488e+00,2.124478856314066633e+00,0.000000000000000000e+00,0.000000000000000000e+00,1.114488241684705372e+01
0.000000000000000000e+00,2.775675910994245044e+00,2.124478856314066189e+00,0.000000000000000000e+00,0.000000000000000000e+00,1.114488241684705372e+01
0.000000000000000000e+00,1.992071115891142163e+00,3.992762086021795387e+00,0.000000000000000000e+00,0.000000000000000000e+00,1.404539630945812334e+01
0.000000000000000000e+00,1.992071115891142163e+00,3.992762086021794943e+00,0.000000000000000000e+00,0.000000000000000000e+00,1.404539630945812689e+01
0.000000000000000000e+00,1.992071115891141719e+00,3.992762086021795387e+00,0.000000000000000000e+00,0.000000000000000000e+00,1.404539630945812689e+01
0.000000000000000000e+00,1.992071115891141719e+00,3.992762086021795831e+00,0.000000000000000000e+00,0.000000000000000000e+00,1.404539630945812334e+01
0.000000000000000000e+00,1.992071115891141719e+00,3.992762086021795387e+00,0.000000000000000000e+00,0.000000000000000000e+00,1.404539630945812334e+01
0.000000000000000000e+00,2.801965161017269779e+00,2.655620470219611562e+00,-4.132250982717587284e+00,0.000000000000000000e+00,-4.354170045872114869e+00
0.000000000000000000e+00,2.801965161017270223e+00,2.655620470219611118e+00,-4.132250982717587284e+00,0.000000000000000000e+00,-4.354170045872114869e+00
0.000000000000000000e+00,2.801965161017271111e+00,2.655620470219611562e+00,-4.132250982717587284e+00,0.000000000000000000e+00,-4.354170045872113981e+00
0.000000000000000000e+00,2.801965161017271111e+00,2.655620470219611562e+00,-4.132250982717587284e+00,0.000000000000000000e+00,-4.354170045872114869e+00
0.000000000000000000e+00,2.801965161017271111e+00,2.655620470219610674e+00,-4.132250982717587284e+00,0.000000000000000000e+00,-4.354170045872114869e+00
0.000000000000000000e+00,0.000000000000000000e+00,2.791998456349466196e+00,0.000000000000000000e+00,0.000000000000000000e+00,1.176010260084897752e+01
0.000000000000000000e+00,0.000000000000000000e+00,2.791998456349466640e+00,0.000000000000000000e+00,0.000000000000000000e+00,1.176010260084897752e+01
0.000000000000000000e+00,0.000000000000000000e+00,2.791998456349466640e+00,0.000000000000000000e+00,0.000000000000000000e+00,1.176010260084897752e+01
0.000000000000000000e+00,0.000000000000000000e+00,2.791998456349466640e+00,0.000000000000000000e+00,0.000000000000000000e+00,1.176010260084897752e+01
0.000000000000000000e+00,0.000000000000000000e+00,2.791998456349466640e+00,0.000000000000000000e+00,0.000000000000000000e+00,1.176010260084897396e+01
0.000000000000000000e+00,0.000000000000000000e+00,0.000000000000000000e+00,0.000000000000000000e+00,0.000000000000000000e+00,-2.214833829801553744e+00
0.000000000000000000e+00,0.000000000000000000e+00,0.000000000000000000e+00,0.000000000000000000e+00,0.000000000000000000e+00,-2.214833829801553744e+00
0.000000000000000000e+00,0.000000000000000000e+00,0.000000000000000000e+00,0.000000000000000000e+00,0.000000000000000000e+00,-2.214833829801553744e+00
0.000000000000000000e+00,0.000000000000000000e+00,0.000000000000000000e+00,0.000000000000000000e+00,0.000000000000000000e+00,-2.214833829801554188e+00
0.000000000000000000e+00,0.000000000000000000e+00,0.000000000000000000e+00,0.000000000000000000e+00,0.000000000000000000e+00,-2.214833829801553744e+00
0.000000000000000000e+00,2.137000158630766311e+00,0.000000000000000000e+00,-2.368308013564949022e+00,0.000000000000000000e+00,-4.089998398862848106e+00
0.000000000000000000e+00,2.137000158630766311e+00,0.000000000000000000e+00,-2.368308013564949022e+00,0.000000000000000000e+00,-4.089998398862848106e+00
0.000000000000000000e+00,2.137000158630766311e+00,0.000000000000000000e+00,-2.368308013564949022e+00,0.000000000000000000e+00,-4.089998398862848106e+00
0.000000000000000000e+00,2.137000158630766311e+00,0.000000000000000000e+00,-2.368308013564949022e+00,0.000000000000000000e+00,-4.089998398862848106e+00
0.000000000000000000e+00,2.137000158630766311e+00,0.000000000000000000e+00,-2.368308013564949022e+00,0.000000000000000000e+00,-4.089998398862848106e+00
-2.184813945183817108e+00,2.896784918608464210e+00,2.531967530703407743e+00,-3.925979333673583316e+00,0.000000000000000000e+00,-5.382225052078513095e+00
-2.184813945183817552e+00,2.896784918608464210e+00,2.531967530703407743e+00,-3.925979333673584204e+00,0.000000000000000000e+00,-5.382225052078513095e+00
-2.184813945183817108e+00,2.896784918608464210e+00,2.531967530703407743e+00,-3.925979333673584204e+00,0.000000000000000000e+00,-5.382225052078513095e+00
-2.184813945183817108e+00,2.896784918608464210e+00,2.531967530703407743e+00,-3.925979333673583760e+00,0.000000000000000000e+00,-5.382225052078512206e+00
-2.184813945183817552e+00,2.896784918608464210e+00,2.531967530703407743e+00,-3.925979333673584204e+00,0.000000000000000000e+00,-5.382225052078513095e+00
0.000000000000000000e+00,0.000000000000000000e+00,0.000000000000000000e+00,0.000000000000000000e+00,0.000000000000000000e+00,1.045626473583489613e+01
0.000000000000000000e+00,0.000000000000000000e+00,0.000000000000000000e+00,0.000000000000000000e+00,0.000000000000000000e+00,1.045626473583489613e+01
0.000000000000000000e+00,0.000000000000000000e+00,0.000000000000000000e+00,0.000000000000000000e+00,0.000000000000000000e+00,1.045626473583489613e+01
0.000000000000000000e+00,0.000000000000000000e+00,0.000000000000000000e+00,0.000000000000000000e+00,0.000000000000000000e+00,1.045626473583489435e+01
0.000000000000000000e+00,0.000000000000000000e+00,0.000000000000000000e+00,0.000000000000000000e+00,0.000000000000000000e+00,1.045626473583489613e+01
-3.238929479014554857e+00,2.661098559739252245e+00,3.357935736160655882e+00,-3.985257239120402417e+00,0.000000000000000000e+00,-4.716287557141966680e+00
-3.238929479014555302e+00,2.661098559739251801e+00,3.357935736160655882e+00,-3.985257239120402417e+00,0.000000000000000000e+00,-4.716287557141966680e+00
-3.238929479014554857e+00,2.661098559739251801e+00,3.357935736160655882e+00,-3.985257239120402417e+00,0.000000000000000000e+00,-4.716287557141966680e+00
-3.238929479014554857e+00,2.661098559739250913e+00,3.357935736160656326e+00,-3.985257239120402417e+00,0.000000000000000000e+00,-4.716287557141966680e+00
-3.238929479014554857e+00,2.661098559739251801e+00,3.357935736160655438e+00,-3.985257239120402417e+00,0.000000000000000000e+00,-4.716287557141966680e+00
0.000000000000000000e+00,0.000000000000000000e+00,0.000000000000000000e+00,-3.297071509368659115e+00,0.000000000000000000e+00,0.000000000000000000e+00
0.000000000000000000e+00,0.000000000000000000e+00,0.000000000000000000e+00,-3.297071509368659115e+00,0.000000000000000000e+00,0.000000000000000000e+00
0.000000000000000000e+00,0.000000000000000000e+00,0.000000000000000000e+00,-3.297071509368659559e+00,0.000000000000000000e+00,0.000000000000000000e+00
0.000000000000000000e+00,0.000000000000000000e+00,0.000000000000000000e+00,-3.297071509368657782e+00,0.000000000000000000e+00,0.000000000000000000e+00
0.000000000000000000e+00,0.000000000000000000e+00,0.000000000000000000e+00,-3.297071509368658226e+00,0.000000000000000000e+00,0.000000000000000000e+00
3.292249568467263021e+00,0.000000000000000000e+00,0.000000000000000000e+00,0.000000000000000000e+00,0.000000000000000000e+00,7.293215481993694738e+00
3.292249568467263465e+00,0.000000000000000000e+00,0.000000000000000000e+00,0.000000000000000000e+00,0.000000000000000000e+00,7.293215481993694738e+00
3.292249568467262577e+00,0.000000000000000000e+00,0.000000000000000000e+00,0.000000000000000000e+00,0.000000000000000000e+00,7.293215481993695626e+00
3.292249568467263021e+00,0.000000000000000000e+00,0.000000000000000000e+00,0.000000000000000000e+00,0.000000000000000000e+00,7.293215481993695626e+00
3.292249568467263021e+00,0.000000000000000000e+00,0.000000000000000000e+00,0.000000000000000000e+00,0.000000000000000000e+00,7.293215481993695626e+00
0.000000000000000000e+00,0.000000000000000000e+00,0.000000000000000000e+00,0.000000000000000000e+00,5.785902647758567774e+00,1.024880395650399123e+01
0.000000000000000000e+00,0.000000000000000000e+00,0.000000000000000000e+00,0.000000000000000000e+00,5.785902647758567774e+00,1.024880395650398945e+01
0.000000000000000000e+00,0.000000000000000000e+00,0.000000000000000000e+00,0.000000000000000000e+00,5.785902647758567774e+00,1.024880395650398945e+01
0.000000000000000000e+00,0.000000000000000000e+00,0.000000000000000000e+00,0.000000000000000000e+00,5.785902647758567774e+00,1.024880395650398945e+01
0.000000000000000000e+00,0.000000000000000000e+00,0.000000000000000000e+00,0.000000000000000000e+00,5.785902647758567774e+00,1.024880395650398945e+01
0.000000000000000000e+00,-2.088771020506422271e+00,0.000000000000000000e+00,0.000000000000000000e+00,0.000000000000000000e+00,0.000000000000000000e+00
0.000000000000000000e+00,-2.088771020506422271e+00,0.000000000000000000e+00,0.000000000000000000e+00,0.000000000000000000e+00,0.000000000000000000e+00
0.000000000000000000e+00,-2.088771020506422271e+00,0.000000000000000000e+00,0.000000000000000000e+00,0.000000000000000000e+00,0.000000000000000000e+00
0.000000000000000000e+00,-2.088771020506422271e+00,0.000000000000000000e+00,0.000000000000000000e+00,0.000000000000000000e+00,0.000000000000000000e+00
0.000000000000000000e+00,-2.088771020506422271e+00,0.000000000000000000e+00,0.000000000000000000e+00,0.000000000000000000e+00,0.000000000000000000e+00
2.521345431343841259e+00,0.000000000000000000e+00,0.000000000000000000e+00,0.000000000000000000e+00,0.000000000000000000e+00,6.004427320462969675e+00
2.521345431343841259e+00,0.000000000000000000e+00,0.000000000000000000e+00,0.000000000000000000e+00,0.000000000000000000e+00,6.004427320462969675e+00
2.521345431343841259e+00,0.000000000000000000e+00,0.000000000000000000e+00,0.000000000000000000e+00,0.000000000000000000e+00,6.004427320462969675e+00
2.521345431343841259e+00,0.000000000000000000e+00,0.000000000000000000e+00,0.000000000000000000e+00,0.000000000000000000e+00,6.004427320462970563e+00
2.521345431343841259e+00,0.000000000000000000e+00,0.000000000000000000e+00,0.000000000000000000e+00,0.000000000000000000e+00,6.004427320462969675e+00
0.000000000000000000e+00,2.521008917214449863e+00,3.392739593752168048e+00,0.000000000000000000e+00,0.000000000000000000e+00,1.347611434782105277e+01
0.000000000000000000e+00,2.521008917214449419e+00,3.392739593752167160e+00,0.000000000000000000e+00,0.000000000000000000e+00,1.347611434782105277e+01
0.000000000000000000e+00,2.521008917214449863e+00,3.392739593752167604e+00,0.000000000000000000e+00,0.000000000000000000e+00,1.347611434782104922e+01
0.000000000000000000e+00,2.521008917214449419e+00,3.392739593752167604e+00,0.000000000000000000e+00,0.000000000000000000e+00,1.347611434782105277e+01
0.000000000000000000e+00,2.521008917214449419e+00,3.392739593752168048e+00,0.000000000000000000e+00,0.000000000000000000e+00,1.347611434782104922e+01
0.000000000000000000e+00,0.000000000000000000e+00,0.000000000000000000e+00,0.000000000000000000e+00,0.000000000000000000e+00,9.274334003313299490e+00
0.000000000000000000e+00,0.000000000000000000e+00,0.000000000000000000e+00,0.000000000000000000e+00,0.000000000000000000e+00,9.274334003313299490e+00
0.000000000000000000e+00,0.000000000000000000e+00,0.000000000000000000e+00,0.000000000000000000e+00,0.000000000000000000e+00,9.274334003313299490e+00
0.000000000000000000e+00,0.000000000000000000e+00,0.000000000000000000e+00,0.000000000000000000e+00,0.000000000000000000e+00,9.274334003313299490e+00
0.000000000000000000e+00,0.000000000000000000e+00,0.000000000000000000e+00,0.000000000000000000e+00,0.000000000000000000e+00,9.274334003313299490e+00
0.000000000000000000e+00,2.416813210885079055e+00,0.000000000000000000e+00,0.000000000000000000e+00,0.000000000000000000e+00,1.103625520139168792e+01
0.000000000000000000e+00,2.416813210885079055e+00,0.000000000000000000e+00,0.000000000000000000e+00,0.000000000000000000e+00,1.103625520139168792e+01
0.000000000000000000e+00,2.416813210885079055e+00,0.000000000000000000e+00,0.000000000000000000e+00,0.000000000000000000e+00,1.103625520139169147e+01
0.000000000000000000e+00,2.416813210885079499e+00,0.000000000000000000e+00,0.000000000000000000e+00,0.000000000000000000e+00,1.103625520139169147e+01
0.000000000000000000e+00,2.416813210885079055e+00,0.000000000000000000e+00,0.000000000000000000e+00,0.000000000000000000e+00,1.103625520139168792e+01
2.207520367689376428e+00,0.000000000000000000e+00,4.208669876115936681e+00,0.000000000000000000e+00,0.000000000000000000e+00,1.395069772482448656e+01
2.207520367689376428e+00,0.000000000000000000e+00,4.208669876115937569e+00,0.000000000000000000e+00,0.000000000000000000e+00,1.395069772482448833e+01
2.207520367689376428e+00,0.000000000000000000e+00,4.208669876115936681e+00,0.000000000000000000e+00,0.000000000000000000e+00,1.395069772482448656e+01
2.207520367689375984e+00,0.000000000000000000e+00,4.208669876115935793e+00,0.000000000000000000e+00,0.000000000000000000e+00,1.395069772482448833e+01
2.207520367689375984e+00,0.000000000000000000e+00,4.208669876115935793e+00,0.000000000000000000e+00,0.000000000000000000e+00,1.395069772482448656e+01
0.000000000000000000e+00,0.000000000000000000e+00,2.725641959657694180e+00,0.000000000000000000e+00,2.364871741936064531e+00,1.284810149219326902e+01
0.000000000000000000e+00,0.000000000000000000e+00,2.725641959657694180e+00,0.000000000000000000e+00,2.364871741936064531e+00,1.284810149219326725e+01
0.000000000000000000e+00,0.000000000000000000e+00,2.725641959657694624e+00,0.000000000000000000e+00,2.364871741936064531e+00,1.284810149219326725e+01
0.000000000000000000e+00,0.000000000000000000e+00,2.725641959657693736e+00,0.000000000000000000e+00,2.364871741936064531e+00,1.284810149219326725e+01
0.000000000000000000e+00,0.000000000000000000e+00,2.725641959657694180e+00,0.000000000000000000e+00,2.364871741936064531e+00,1.284810149219326725e+01
0.000000000000000000e+00,0.000000000000000000e+00,2.262346233212907176e+00,0.000000000000000000e+00,0.000000000000000000e+00,1.153027821700392153e+01
0.000000000000000000e+00,0.000000000000000000e+00,2.262346233212907176e+00,0.000000000000000000e+00,0.000000000000000000e+00,1.153027821700392153e+01
0.000000000000000000e+00,0.000000000000000000e+00,2.262346233212907176e+00,0.000000000000000000e+00,0.000000000000000000e+00,1.153027821700392153e+01
0.000000000000000000e+00,0.000000000000000000e+00,2.262346233212907176e+00,0.000000000000000000e+00,0.000000000000000000e+00,1.153027821700392153e+01
0.000000000000000000e+00,0.000000000000000000e+00,2.262346233212907176e+00,0.000000000000000000e+00,0.000000000000000000e+00,1.153027821700392153e+01
0.000000000000000000e+00,2.479709371621988012e+00,3.351306365059679493e+00,0.000000000000000000e+00,0.000000000000000000e+00,1.329059605976598668e+01
0.000000000000000000e+00,2.479709371621987568e+00,3.351306365059679493e+00,0.000000000000000000e+00,0.000000000000000000e+00,1.329059605976598668e+01
0.000000000000000000e+00,2.479709371621987568e+00,3.351306365059679493e+00,0.000000000000000000e+00,0.000000000000000000e+00,1.329059605976598668e+01
0.000000000000000000e+00,2.479709371621987568e+00,3.351306365059679493e+00,0.000000000000000000e+00,0.000000000000000000e+00,1.329059605976598668e+01
0.000000000000000000e+00,2.479709371621987568e+00,3.351306365059679493e+00,0.000000000000000000e+00,0.000000000000000000e+00,1.329059605976598668e+01
0.000000000000000000e+00,-2.377038481261406044e+00,0.000000000000000000e+00,0.000000000000000000e+00,7.306829000037252442e+00,2.517833852693077024e+00
0.000000000000000000e+00,-2.377038481261406044e+00,0.000000000000000000e+00,0.000000000000000000e+00,7.306829000037252442e+00,2.517833852693077024e+00
0.000000000000000000e+00,-2.377038481261405600e+00,0.000000000000000000e+00,0.000000000000000000e+00,7.306829000037252442e+00,2.517833852693077468e+00
0.000000000000000000e+00,-2.377038481261405600e+00,0.000000000000000000e+00,0.000000000000000000e+00,7.306829000037252442e+00,2.517833852693077468e+00
0.000000000000000000e+00,-2.377038481261406044e+00,0.000000000000000000e+00,0.000000000000000000e+00,7.306829000037252442e+00,2.517833852693077024e+00
2.713087935937209316e+00,0.000000000000000000e+00,0.000000000000000000e+00,0.000000000000000000e+00,0.000000000000000000e+00,6.670094277807455008e+00
2.713087935937209316e+00,0.000000000000000000e+00,0.000000000000000000e+00,0.000000000000000000e+00,0.000000000000000000e+00,6.670094277807456784e+00
2.713087935937209316e+00,0.000000000000000000e+00,0.000000000000000000e+00,0.000000000000000000e+00,0.000000000000000000e+00,6.670094277807455008e+00
2.713087935937209316e+00,0.000000000000000000e+00,0.000000000000000000e+00,0.000000000000000000e+00,0.000000000000000000e+00,6.670094277807456784e+00
2.713087935937209316e+00,0.000000000000000000e+00,0.000000000000000000e+00,0.000000000000000000e+00,0.000000000000000000e+00,6.670094277807456784e+00
0.000000000000000000e+00,2.489174199567618651e+00,2.811811554885137898e+00,0.000000000000000000e+00,0.000000000000000000e+00,1.218293119040443528e+01
0.000000000000000000e+00,2.489174199567618651e+00,2.811811554885138342e+00,0.000000000000000000e+00,0.000000000000000000e+00,1.218293119040443528e+01
0.000000000000000000e+00,2.489174199567619095e+00,2.811811554885137898e+00,0.000000000000000000e+00,0.000000000000000000e+00,1.218293119040443528e+01
0.000000000000000000e+00,2.489174199567618651e+00,2.811811554885138786e+00,0.000000000000000000e+00,0.000000000000000000e+00,1.218293119040443528e+01
0.000000000000000000e+00,2.489174199567618651e+00,2.811811554885137454e+00,0.000000000000000000e+00,0.000000000000000000e+00,1.218293119040443528e+01
0.000000000000000000e+00,2.859151257954362091e+00,0.000000000000000000e+00,-4.124576118233400202e+00,0.000000000000000000e+00,-4.128918840507533439e+00
0.000000000000000000e+00,2.859151257954361647e+00,0.000000000000000000e+00,-4.124576118233400202e+00,0.000000000000000000e+00,-4.128918840507534327e+00
0.000000000000000000e+00,2.859151257954361647e+00,0.000000000000000000e+00,-4.124576118233400202e+00,0.000000000000000000e+00,-4.128918840507534327e+00
0.000000000000000000e+00,2.859151257954362091e+00,0.000000000000000000e+00,-4.124576118233400202e+00,0.000000000000000000e+00,-4.128918840507534327e+00
0.000000000000000000e+00,2.859151257954362091e+00,0.000000000000000000e+00,-4.124576118233400202e+00,0.000000000000000000e+00,-4.128918840507534327e+00
0.000000000000000000e+00,0.000000000000000000e+00,0.000000000000000000e+00,0.000000000000000000e+00,7.356918071846123119e+00,8.059502603582249236e+00
0.000000000000000000e+00,0.000000000000000000e+00,0.000000000000000000e+00,0.000000000000000000e+00,7.356918071846123119e+00,8.059502603582249236e+00
0.000000000000000000e+00,0.000000000000000000e+00,0.000000000000000000e+00,0.000000000000000000e+00,7.356918071846123119e+00,8.059502603582249236e+00
0.000000000000000000e+00,0.000000000000000000e+00,0.000000000000000000e+00,0.000000000000000000e+00,7.356918071846123119e+00,8.059502603582249236e+00
0.000000000000000000e+00,0.000000000000000000e+00,0.000000000000000000e+00,0.000000000000000000e+00,7.356918071846123119e+00,8.059502603582247460e+00
2.437201805067231941e+00,0.000000000000000000e+00,3.941211631791090131e+00,0.000000000000000000e+00,0.000000000000000000e+00,1.316267428944786566e+01
2.437201805067231941e+00,0.000000000000000000e+00,3.941211631791090575e+00,0.000000000000000000e+00,0.000000000000000000e+00,1.316267428944786566e+01
2.437201805067231497e+00,0.000000000000000000e+00,3.941211631791090575e+00,0.000000000000000000e+00,0.000000000000000000e+00,1.316267428944786388e+01
2.437201805067231497e+00,0.000000000000000000e+00,3.941211631791090575e+00,0.000000000000000000e+00,0.000000000000000000e+00,1.316267428944786744e+01
2.437201805067231497e+00,0.000000000000000000e+00,3.941211631791090575e+00,0.000000000000000000e+00,0.000000000000000000e+00,1.316267428944786566e+01
0.000000000000000000e+00,0.000000000000000000e+00,3.525216542927864793e+00,0.000000000000000000e+00,0.000000000000000000e+00,1.382696900490434899e+01
0.000000000000000000e+00,0.000000000000000000e+00,3.525216542927865238e+00,0.000000000000000000e+00,0.000000000000000000e+00,1.382696900490434899e+01
0.000000000000000000e+00,0.000000000000000000e+00,3.525216542927864793e+00,0.000000000000000000e+00,0.000000000000000000e+00,1.382696900490434899e+01
0.000000000000000000e+00,0.000000000000000000e+00,3.525216542927863905e+00,0.000000000000000000e+00,0.000000000000000000e+00,1.382696900490434899e+01
0.000000000000000000e+00,0.000000000000000000e+00,3.525216542927863905e+00,0.000000000000000000e+00,0.000000000000000000e+00,1.382696900490434899e+01
2.363581452694935248e+00,0.000000000000000000e+00,4.165218834875044074e+00,0.000000000000000000e+00,0.000000000000000000e+00,1.427113692382720700e+01
2.363581452694935248e+00,0.000000000000000000e+00,4.165218834875043186e+00,0.000000000000000000e+00,0.000000000000000000e+00,1.427113692382720700e+01
2.363581452694935248e+00,0.000000000000000000e+00,4.165218834875043186e+00,0.000000000000000000e+00,0.000000000000000000e+00,1.427113692382720700e+01
2.363581452694934804e+00,0.000000000000000000e+00,4.165218834875043186e+00,0.000000000000000000e+00,0.000000000000000000e+00,1.427113692382720700e+01
2.363581452694935248e+00,0.000000000000000000e+00,4.165218834875043186e+00,0.000000000000000000e+00,0.000000000000000000e+00,1.427113692382720700e+01
0.000000000000000000e+00,-2.161590709175085667e+00,0.000000000000000000e+00,0.000000000000000000e+00,7.462401716701583254e+00,3.583095145674635607e+00
0.000000000000000000e+00,-2.161590709175085667e+00,0.000000000000000000e+00,0.000000000000000000e+00,7.462401716701581478e+00,3.583095145674636051e+00
0.000000000000000000e+00,-2.161590709175086111e+00,0.000000000000000000e+00,0.000000000000000000e+00,7.462401716701581478e+00,3.583095145674636051e+00
0.000000000000000000e+00,-2.161590709175086111e+00,0.000000000000000000e+00,0.000000000000000000e+00,7.462401716701583254e+00,3.583095145674636051e+00
0.000000000000000000e+00,-2.161590709175085667e+00,0.000000000000000000e+00,0.000000000000000000e+00,7.462401716701583254e+00,3.583095145674636051e+00
0.000000000000000000e+00,2.064671292512496592e+00,0.000000000000000000e+00,0.000000000000000000e+00,0.000000000000000000e+00,1.004070151019191748e+01
0.000000000000000000e+00,2.064671292512496592e+00,0.000000000000000000e+00,0.000000000000000000e+00,0.000000000000000000e+00,1.004070151019191748e+01
0.000000000000000000e+00,2.064671292512496592e+00,0.000000000000000000e+00,0.000000000000000000e+00,0.000000000000000000e+00,1.004070151019191748e+01
0.000000000000000000e+00,2.064671292512496592e+00,0.000000000000000000e+00,0.000000000000000000e+00,0.000000000000000000e+00,1.004070151019191748e+01
0.000000000000000000e+00,2.064671292512496592e+00,0.000000000000000000e+00,0.000000000000000000e+00,0.000000000000000000e+00,1.004070151019191748e+01
-3.483895260019842954e+00,1.997084922880591584e+00,4.776757894789584569e+00,0.000000000000000000e+00,-4.949057563588300290e+00,0.000000000000000000e+00
-3.483895260019843398e+00,1.997084922880591584e+00,4.776757894789584569e+00,0.000000000000000000e+00,-4.949057563588300290e+00,0.000000000000000000e+00
-3.483895260019843398e+00,1.997084922880591140e+00,4.776757894789585457e+00,0.000000000000000000e+00,-4.949057563588300290e+00,0.000000000000000000e+00
-3.483895260019842954e+00,1.997084922880591140e+00,4.776757894789585457e+00,0.000000000000000000e+00,-4.949057563588300290e+00,0.000000000000000000e+00
-3.483895260019842954e+00,1.997084922880591584e+00,4.776757894789585457e+00,0.000000000000000000e+00,-4.949057563588300290e+00,0.000000000000000000e+00
0.000000000000000000e+00,0.000000000000000000e+00,1.995210744825083538e+00,0.000000000000000000e+00,3.864547039251356342e+00,1.186881629600769372e+01
0.000000000000000000e+00,0.000000000000000000e+00,1.995210744825083760e+00,0.000000000000000000e+00,3.864547039251356342e+00,1.186881629600769195e+01
0.000000000000000000e+00,0.000000000000000000e+00,1.995210744825083538e+00,0.000000000000000000e+00,3.864547039251356342e+00,1.186881629600769195e+01
0.000000000000000000e+00,0.000000000000000000e+00,1.995210744825083760e+00,0.000000000000000000e+00,3.864547039251356342e+00,1.186881629600769195e+01
0.000000000000000000e+00,0.000000000000000000e+00,1.995210744825083538e+00,0.000000000000000000e+00,3.864547039251356342e+00,1.186881629600769195e+01
0.000000000000000000e+00,0.000000000000000000e+00,0.000000000000000000e+00,0.000000000000000000e+00,0.000000000000000000e+00,7.793280870100566027e+00
0.000000000000000000e+00,0.000000000000000000e+00,0.000000000000000000e+00,0.000000000000000000e+00,0.000000000000000000e+00,7.793280870100566027e+00
0.000000000000000000e+00,0.000000000000000000e+00,0.000000000000000000e+00,0.000000000000000000e+00,0.000000000000000000e+00,7.793280870100566027e+00
0.000000000000000000e+00,0.000000000000000000e+00,0.000000000000000000e+00,0.000000000000000000e+00,0.000000000000000000e+00,7.793280870100566027e+00
0.000000000000000000e+00,0.000000000000000000e+00,0.000000000000000000e+00,0.000000000000000000e+00,0.000000000000000000e+00,7.793280870100566027e+00
0.000000000000000000e+00,0.000000000000000000e+00,0.000000000000000000e+00,0.000000000000000000e+00,0.000000000000000000e+00,9.887397040638719048e+00
0.000000000000000000e+00,0.000000000000000000e+00,0.000000000000000000e+00,0.000000000000000000e+00,0.000000000000000000e+00,9.887397040638719048e+00
0.000000000000000000e+00,0.000000000000000000e+00,0.000000000000000000e+00,0.000000000000000000e+00,0.000000000000000000e+00,9.887397040638719048e+00
0.000000000000000000e+00,0.000000000000000000e+00,0.000000000000000000e+00,0.000000000000000000e+00,0.000000000000000000e+00,9.887397040638722601e+00
0.000000000000000000e+00,0.000000000000000000e+00,0.000000000000000000e+00,0.000000000000000000e+00,0.000000000000000000e+00,9.887397040638719048e+00
0.000000000000000000e+00,0.000000000000000000e+00,0.000000000000000000e+00,0.000000000000000000e+00,0.000000000000000000e+00,0.000000000000000000e+00
0.000000000000000000e+00,0.000000000000000000e+00,0.000000000000000000e+00,0.000000000000000000e+00,0.000000000000000000e+00,0.000000000000000000e+00
0.000000000000000000e+00,0.000000000000000000e+00,0.000000000000000000e+00,0.000000000000000000e+00,0.000000000000000000e+00,0.000000000000000000e+00
0.000000000000000000e+00,0.000000000000000000e+00,0.000000000000000000e+00,0.000000000000000000e+00,0.000000000000000000e+00,0.000000000000000000e+00
0.000000000000000000e+00,0.000000000000000000e+00,0.000000000000000000e+00,0.000000000000000000e+00,0.000000000000000000e+00,0.000000000000000000e+00
0.000000000000000000e+00,0.000000000000000000e+00,0.000000000000000000e+00,-2.569039121401738512e+00,0.000000000000000000e+00,-2.705422595169593603e+00
0.000000000000000000e+00,0.000000000000000000e+00,0.000000000000000000e+00,-2.569039121401738512e+00,0.000000000000000000e+00,-2.705422595169593603e+00
0.000000000000000000e+00,0.000000000000000000e+00,0.000000000000000000e+00,-2.569039121401738512e+00,0.000000000000000000e+00,-2.705422595169593603e+00
0.000000000000000000e+00,0.000000000000000000e+00,0.000000000000000000e+00,-2.569039121401738512e+00,0.000000000000000000e+00,-2.705422595169593603e+00
0.000000000000000000e+00,0.000000000000000000e+00,0.000000000000000000e+00,-2.569039121401738512e+00,0.000000000000000000e+00,-2.705422595169593603e+00
2.303193836668016914e+00,0.000000000000000000e+00,3.398799565300975267e+00,0.000000000000000000e+00,0.000000000000000000e+00,1.334633669129154221e+01
2.303193836668016470e+00,0.000000000000000000e+00,3.398799565300975267e+00,0.000000000000000000e+00,0.000000000000000000e+00,1.334633669129154221e+01
2.303193836668016470e+00,0.000000000000000000e+00,3.398799565300975267e+00,0.000000000000000000e+00,0.000000000000000000e+00,1.334633669129154043e+01
2.303193836668016914e+00,0.000000000000000000e+00,3.398799565300974823e+00,0.000000000000000000e+00,0.000000000000000000e+00,1.334633669129154221e+01
2.303193836668016914e+00,0.000000000000000000e+00,3.398799565300975711e+00,0.000000000000000000e+00,0.000000000000000000e+00,1.334633669129154221e+01
0.000000000000000000e+00,0.000000000000000000e+00,0.000000000000000000e+00,0.000000000000000000e+00,2.697455221314156493e+00,8.931966432639894649e+00
0.000000000000000000e+00,0.000000000000000000e+00,0.000000000000000000e+00,0.000000000000000000e+00,2.697455221314156937e+00,8.931966432639892872e+00
0.000000000000000000e+00,0.000000000000000000e+00,0.000000000000000000e+00,0.000000000000000000e+00,2.697455221314156493e+00,8.931966432639892872e+00
0.000000000000000000e+00,0.000000000000000000e+00,0.000000000000000000e+00,0.000000000000000000e+00,2.697455221314156493e+00,8.931966432639892872e+00
0.000000000000000000e+00,0.000000000000000000e+00,0.000000000000000000e+00,0.000000000000000000e+00,2.697455221314156493e+00,8.931966432639894649e+00
0.000000000000000000e+00,0.000000000000000000e+00,0.000000000000000000e+00,0.000000000000000000e+00,0.000000000000000000e+00,0.000000000000000000e+00
0.000000000000000000e+00,0.000000000000000000e+00,0.000000000000000000e+00,0.000000000000000000e+00,0.000000000000000000e+00,0.000000000000000000e+00
0.000000000000000000e+00,0.000000000000000000e+00,0.000000000000000000e+00,0.000000000000000000e+00,0.000000000000000000e+00,0.000000000000000000e+00
0.000000000000000000e+00,0.000000000000000000e+00,0.000000000000000000e+00,0.000000000000000000e+00,0.000000000000000000e+00,0.000000000000000000e+00
0.000000000000000000e+00,0.000000000000000000e+00,0.000000000000000000e+00,0.000000000000000000e+00,0.000000000000000000e+00,0.000000000000000000e+00
0.000000000000000000e+00,-2.506317036864587955e+00,0.000000000000000000e+00,0.000000000000000000e+00,5.902521759372097776e+00,0.000000000000000000e+00
0.000000000000000000e+00,-2.506317036864587511e+00,0.000000000000000000e+00,0.000000000000000000e+00,5.902521759372097776e+00,0.000000000000000000e+00
0.000000000000000000e+00,-2.506317036864587511e+00,0.000000000000000000e+00,0.000000000000000000e+00,5.902521759372097776e+00,0.000000000000000000e+00
0.000000000000000000e+00,-2.506317036864587511e+00,0.000000000000000000e+00,0.000000000000000000e+00,5.902521759372098664e+00,0.000000000000000000e+00
0.000000000000000000e+00,-2.506317036864587511e+00,0.000000000000000000e+00,0.000000000000000000e+00,5.902521759372097776e+00,0.000000000000000000e+00
0.000000000000000000e+00,-2.246191744892111153e+00,0.000000000000000000e+00,0.000000000000000000e+00,2.719617982781834975e+00,3.300384838371233531e+00
0.000000000000000000e+00,-2.246191744892111597e+00,0.000000000000000000e+00,0.000000000000000000e+00,2.719617982781834975e+00,3.300384838371234419e+00
0.000000000000000000e+00,-2.246191744892111597e+00,0.000000000000000000e+00,0.000000000000000000e+00,2.719617982781834975e+00,3.300384838371234419e+00
0.000000000000000000e+00,-2.246191744892111153e+00,0.000000000000000000e+00,0.000000000000000000e+00,2.719617982781834975e+00,3.300384838371233531e+00
0.000000000000000000e+00,-2.246191744892111597e+00,0.000000000000000000e+00,0.000000000000000000e+00,2.719617982781834975e+00,3.300384838371234419e+00
0.000000000000000000e+00,-2.489695321330212874e+00,0.000000000000000000e+00,0.000000000000000000e+00,2.799119723392322179e+00,0.000000000000000000e+00
0.000000000000000000e+00,-2.489695321330212874e+00,0.000000000000000000e+00,0.000000000000000000e+00,2.799119723392321735e+00,0.000000000000000000e+00
0.000000000000000000e+00,-2.489695321330212874e+00,0.000000000000000000e+00,0.000000000000000000e+00,2.799119723392321735e+00,0.000000000000000000e+00
0.000000000000000000e+00,-2.489695321330212430e+00,0.000000000000000000e+00,0.000000000000000000e+00,2.799119723392321735e+00,0.000000000000000000e+00
0.000000000000000000e+00,-2.489695321330212874e+00,0.000000000000000000e+00,0.000000000000000000e+00,2.799119723392321735e+00,0.000000000000000000e+00
0.000000000000000000e+00,0.000000000000000000e+00,0.000000000000000000e+00,0.000000000000000000e+00,2.455308083874334191e+00,5.622519168416027391e+00
0.000000000000000000e+00,0.000000000000000000e+00,0.000000000000000000e+00,0.000000000000000000e+00,2.455308083874334191e+00,5.622519168416027391e+00
0.000000000000000000e+00,0.000000000000000000e+00,0.000000000000000000e+00,0.000000000000000000e+00,2.455308083874333747e+00,5.622519168416027391e+00
0.000000000000000000e+00,0.000000000000000000e+00,0.000000000000000000e+00,0.000000000000000000e+00,2.455308083874334191e+00,5.622519168416027391e+00
0.000000000000000000e+00,0.000000000000000000e+00,0.000000000000000000e+00,0.000000000000000000e+00,2.455308083874334191e+00,5.622519168416028279e+00
0.000000000000000000e+00,0.000000000000000000e+00,0.000000000000000000e+00,0.000000000000000000e+00,0.000000000000000000e+00,6.476690609701761581e+00
0.000000000000000000e+00,0.000000000000000000e+00,0.000000000000000000e+00,0.000000000000000000e+00,0.000000000000000000e+00,6.476690609701761581e+00
0.000000000000000000e+00,0.000000000000000000e+00,0.000000000000000000e+00,0.000000000000000000e+00,0.000000000000000000e+00,6.476690609701761581e+00
0.000000000000000000e+00,0.000000000000000000e+00,0.000000000000000000e+00,0.000000000000000000e+00,0.000000000000000000e+00,6.476690609701761581e+00
0.000000000000000000e+00,0.000000000000000000e+00,0.000000000000000000e+00,0.000000000000000000e+00,0.000000000000000000e+00,6.476690609701761581e+00
0.000000000000000000e+00,0.000000000000000000e+00,0.000000000000000000e+00,-3.195412545540216698e+00,0.000000000000000000e+00,0.000000000000000000e+00
0.000000000000000000e+00,0.000000000000000000e+00,0.000000000000000000e+00,-3.195412545540218474e+00,0.000000000000000000e+00,0.000000000000000000e+00
0.000000000000000000e+00,0.000000000000000000e+00,0.000000000000000000e+00,-3.195412545540218030e+00,0.000000000000000000e+00,0.000000000000000000e+00
0.000000000000000000e+00,0.000000000000000000e+00,0.000000000000000000e+00,-3.195412545540218030e+00,0.000000000000000000e+00,0.000000000000000000e+00
0.000000000000000000e+00,0.000000000000000000e+00,0.000000000000000000e+00,-3.195412545540217142e+00,0.000000000000000000e+00,0.000000000000000000e+00
0.000000000000000000e+00,-1.983334468557400365e+00,0.000000000000000000e+00,0.000000000000000000e+00,0.000000000000000000e+00,0.000000000000000000e+00
0.000000000000000000e+00,-1.983334468557399921e+00,0.000000000000000000e+00,0.000000000000000000e+00,0.000000000000000000e+00,0.000000000000000000e+00
0.000000000000000000e+00,-1.983334468557400365e+00,0.000000000000000000e+00,0.000000000000000000e+00,0.000000000000000000e+00,0.000000000000000000e+00
0.000000000000000000e+00,-1.983334468557400365e+00,0.000000000000000000e+00,0.000000000000000000e+00,0.000000000000000000e+00,0.000000000000000000e+00
0.000000000000000000e+00,-1.983334468557400365e+00,0.000000000000000000e+00,0.000000000000000000e+00,0.000000000000000000e+00,0.000000000000000000e+00
-2.206047553811715467e+00,2.847924025243404156e+00,2.892816580631543566e+00,-3.712307183296205793e+00,0.000000000000000000e+00,-5.500613654320289037e+00
-2.206047553811715467e+00,2.847924025243404156e+00,2.892816580631543566e+00,-3.712307183296205793e+00,0.000000000000000000e+00,-5.500613654320289925e+00
-2.206047553811715467e+00,2.847924025243404156e+00,2.892816580631543566e+00,-3.712307183296205348e+00,0.000000000000000000e+00,-5.500613654320289925e+00
-2.206047553811715911e+00,2.847924025243404156e+00,2.892816580631544010e+00,-3.712307183296205793e+00,0.000000000000000000e+00,-5.500613654320289925e+00
-2.206047553811715467e+00,2.847924025243403268e+00,2.892816580631543566e+00,-3.712307183296205793e+00,0.000000000000000000e+00,-5.500613654320289037e+00
3.292328838757491827e+00,0.000000000000000000e+00,0.000000000000000000e+00,0.000000000000000000e+00,0.000000000000000000e+00,7.492809128063581348e+00
3.292328838757491827e+00,0.000000000000000000e+00,0.000000000000000000e+00,0.000000000000000000e+00,0.000000000000000000e+00,7.492809128063581348e+00
3.292328838757491827e+00,0.000000000000000000e+00,0.000000000000000000e+00,0.000000000000000000e+00,0.000000000000000000e+00,7.492809128063581348e+00
3.292328838757491827e+00,0.000000000000000000e+00,0.000000000000000000e+00,0.000000000000000000e+00,0.000000000000000000e+00,7.492809128063580459e+00
3.292328838757491827e+00,0.000000000000000000e+00,0.000000000000000000e+00,0.000000000000000000e+00,0.000000000000000000e+00,7.492809128063581348e+00
0.000000000000000000e+00,0.000000000000000000e+00,0.000000000000000000e+00,0.000000000000000000e+00,7.605909420503243368e+00,6.985332622913432488e+00
0.000000000000000000e+00,0.000000000000000000e+00,0.000000000000000000e+00,0.000000000000000000e+00,7.605909420503243368e+00,6.985332622913432488e+00
0.000000000000000000e+00,0.000000000000000000e+00,0.000000000000000000e+00,0.000000000000000000e+00,7.605909420503243368e+00,6.985332622913432488e+00
0.000000000000000000e+00,0.000000000000000000e+00,0.000000000000000000e+00,0.000000000000000000e+00,7.605909420503243368e+00,6.985332622913432488e+00
0.000000000000000000e+00,0.000000000000000000e+00,0.000000000000000000e+00,0.000000000000000000e+00,7.605909420503243368e+00,6.985332622913432488e+00
2.845039200807883084e+00,0.000000000000000000e+00,0.000000000000000000e+00,0.000000000000000000e+00,0.000000000000000000e+00,7.015877536238170009e+00
2.845039200807883084e+00,0.000000000000000000e+00,0.000000000000000000e+00,0.000000000000000000e+00,0.000000000000000000e+00,7.015877536238170009e+00
2.845039200807883084e+00,0.000000000000000000e+00,0.000000000000000000e+00,0.000000000000000000e+00,0.000000000000000000e+00,7.015877536238170897e+00
2.845039200807883084e+00,0.000000000000000000e+00,0.000000000000000000e+00,0.000000000000000000e+00,0.000000000000000000e+00,7.015877536238170009e+00
2.845039200807883528e+00,0.000000000000000000e+00,0.000000000000000000e+00,0.000000000000000000e+00,0.000000000000000000e+00,7.015877536238170009e+00
0.000000000000000000e+00,0.000000000000000000e+00,0.000000000000000000e+00,-3.646281909693247059e+00,0.000000000000000000e+00,0.000000000000000000e+00
0.000000000000000000e+00,0.000000000000000000e+00,0.000000000000000000e+00,-3.646281909693247947e+00,0.000000000000000000e+00,0.000000000000000000e+00
0.000000000000000000e+00,0.000000000000000000e+00,0.000000000000000000e+00,-3.646281909693247947e+00,0.000000000000000000e+00,0.000000000000000000e+00
0.000000000000000000e+00,0.000000000000000000e+00,0.000000000000000000e+00,-3.646281909693247947e+00,0.000000000000000000e+00,0.000000000000000000e+00
0.000000000000000000e+00,0.000000000000000000e+00,0.000000000000000000e+00,-3.646281909693247947e+00,0.000000000000000000e+00,0.000000000000000000e+00
2.003974271822424047e+00,1.998507982515030479e+00,3.952658642560990643e+00,0.000000000000000000e+00,0.000000000000000000e+00,1.411487994553914582e+01
2.003974271822424047e+00,1.998507982515030479e+00,3.952658642560990199e+00,0.000000000000000000e+00,0.000000000000000000e+00,1.411487994553914582e+01
2.003974271822424047e+00,1.998507982515030479e+00,3.952658642560990199e+00,0.000000000000000000e+00,0.000000000000000000e+00,1.411487994553914582e+01
2.003974271822424047e+00,1.998507982515030479e+00,3.952658642560990199e+00,0.000000000000000000e+00,0.000000000000000000e+00,1.411487994553914582e+01
2.003974271822423603e+00,1.998507982515030479e+00,3.952658642560990199e+00,0.000000000000000000e+00,0.000000000000000000e+00,1.411487994553914582e+01
0.000000000000000000e+00,-2.038619953522477157e+00,0.000000000000000000e+00,0.000000000000000000e+00,7.785693196315187414e+00,4.600213391993181133e+00
0.000000000000000000e+00,-2.038619953522476713e+00,0.000000000000000000e+00,0.000000000000000000e+00,7.785693196315187414e+00,4.600213391993181133e+00
0.000000000000000000e+00,-2.038619953522477157e+00,0.000000000000000000e+00,0.000000000000000000e+00,7.785693196315187414e+00,4.600213391993181133e+00
0.000000000000000000e+00,-2.038619953522476713e+00,0.000000000000000000e+00,0.000000000000000000e+00,7.785693196315187414e+00,4.600213391993181133e+00
0.000000000000000000e+00,-2.038619953522477157e+00,0.000000000000000000e+00,0.000000000000000000e+00,7.785693196315187414e+00,4.600213391993181133e+00
3.125356165712449119e+00,0.000000000000000000e+00,0.000000000000000000e+00,0.000000000000000000e+00,0.000000000000000000e+00,7.332652576578607473e+00
3.125356165712449119e+00,0.000000000000000000e+00,0.000000000000000000e+00,0.000000000000000000e+00,0.000000000000000000e+00,7.332652576578607473e+00
3.125356165712448675e+00,0.000000000000000000e+00,0.000000000000000000e+00,0.000000000000000000e+00,0.000000000000000000e+00,7.332652576578607473e+00
3.125356165712449119e+00,0.000000000000000000e+00,0.000000000000000000e+00,0.000000000000000000e+00,0.000000000000000000e+00,7.332652576578607473e+00
3.125356165712449119e+00,0.000000000000000000e+00,0.000000000000000000e+00,0.000000000000000000e+00,0.000000000000000000e+00,7.332652576578607473e+00
0.000000000000000000e+00,2.138890591703390243e+00,3.077628359475931941e+00,-2.018293324988346793e+00,0.000000000000000000e+00,-3.848911903566961890e+00
0.000000000000000000e+00,2.138890591703390687e+00,3.077628359475931497e+00,-2.018293324988346793e+00,0.000000000000000000e+00,-3.848911903566961445e+00
0.000000000000000000e+00,2.138890591703390243e+00,3.077628359475932385e+00,-2.018293324988346793e+00,0.000000000000000000e+00,-3.848911903566961445e+00
0.000000000000000000e+00,2.138890591703390687e+00,3.077628359475932385e+00,-2.018293324988346793e+00,0.000000000000000000e+00,-3.848911903566961890e+00
0.000000000000000000e+00,2.138890591703389799e+00,3.077628359475932385e+00,-2.018293324988346793e+00,0.000000000000000000e+00,-3.848911903566961890e+00
0.000000000000000000e+00,0.000000000000000000e+00,0.000000000000000000e+00,0.000000000000000000e+00,4.081028509268067594e+00,1.174031465152734910e+01
0.000000000000000000e+00,0.000000000000000000e+00,0.000000000000000000e+00,0.000000000000000000e+00,4.081028509268067594e+00,1.174031465152734910e+01
0.000000000000000000e+00,0.000000000000000000e+00,0.000000000000000000e+00,0.000000000000000000e+00,4.081028509268067594e+00,1.174031465152734910e+01
0.000000000000000000e+00,0.000000000000000000e+00,0.000000000000000000e+00,0.000000000000000000e+00,4.081028509268068483e+00,1.174031465152734910e+01
0.000000000000000000e+00,0.000000000000000000e+00,0.000000000000000000e+00,0.000000000000000000e+00,4.081028509268067594e+00,1.174031465152734910e+01
-3.687179505460350448e+00,2.224599051713972209e+00,4.605991538579673694e+00,-2.423395366301804188e+00,-3.079887719349330144e+00,-3.750551552252249454e+00
-3.687179505460351336e+00,2.224599051713972653e+00,4.605991538579673694e+00,-2.423395366301803744e+00,-3.079887719349329256e+00,-3.750551552252250342e+00
-3.687179505460351336e+00,2.224599051713972653e+00,4.605991538579673694e+00,-2.423395366301804188e+00,-3.079887719349330144e+00,-3.750551552252250342e+00
-3.687179505460351336e+00,2.224599051713972653e+00,4.605991538579673694e+00,-2.423395366301804632e+00,-3.079887719349330144e+00,-3.750551552252250342e+00
-3.687179505460350448e+00,2.224599051713972653e+00,4.605991538579673694e+00,-2.423395366301804188e+00,-3.079887719349330144e+00,-3.750551552252250342e+00
0.000000000000000000e+00,0.000000000000000000e+00,0.000000000000000000e+00,0.000000000000000000e+00,-2.816592736900136451e+00,5.351012549418794784e+00
0.000000000000000000e+00,0.000000000000000000e+00,0.000000000000000000e+00,0.000000000000000000e+00,-2.816592736900136451e+00,5.351012549418794784e+00
0.000000000000000000e+00,0.000000000000000000e+00,0.000000000000000000e+00,0.000000000000000000e+00,-2.816592736900135563e+00,5.351012549418796560e+00
0.000000000000000000e+00,0.000000000000000000e+00,0.000000000000000000e+00,0.000000000000000000e+00,-2.816592736900136451e+00,5.351012549418794784e+00
0.000000000000000000e+00,0.000000000000000000e+00,0.000000000000000000e+00,0.000000000000000000e+00,-2.816592736900135563e+00,5.351012549418794784e+00
-2.616375967673998382e+00,2.745331609682142737e+00,3.019896535863340947e+00,-4.059768769672366773e+00,0.000000000000000000e+00,-4.680862180375084947e+00
-2.616375967673997938e+00,2.745331609682141849e+00,3.019896535863340947e+00,-4.059768769672366773e+00,0.000000000000000000e+00,-4.680862180375084947e+00
-2.616375967673998382e+00,2.745331609682142737e+00,3.019896535863341391e+00,-4.059768769672366773e+00,0.000000000000000000e+00,-4.680862180375084947e+00
-2.616375967673998826e+00,2.745331609682142737e+00,3.019896535863340947e+00,-4.059768769672366773e+00,0.000000000000000000e+00,-4.680862180375084947e+00
-2.616375967673997938e+00,2.745331609682142737e+00,3.019896535863340947e+00,-4.059768769672366773e+00,0.000000000000000000e+00,-4.680862180375084947e+00
0.000000000000000000e+00,2.940950879061782874e+00,0.000000000000000000e+00,-4.061265357637990014e+00,0.000000000000000000e+00,-4.728746094668776045e+00
0.000000000000000000e+00,2.940950879061781986e+00,0.000000000000000000e+00,-4.061265357637990014e+00,0.000000000000000000e+00,-4.728746094668776934e+00
0.000000000000000000e+00,2.940950879061781986e+00,0.000000000000000000e+00,-4.061265357637990014e+00,0.000000000000000000e+00,-4.728746094668776934e+00
0.000000000000000000e+00,2.940950879061781986e+00,0.000000000000000000e+00,-4.061265357637990014e+00,0.000000000000000000e+00,-4.728746094668776045e+00
0.000000000000000000e+00,2.940950879061781986e+00,0.000000000000000000e+00,-4.061265357637990014e+00,0.000000000000000000e+00,-4.728746094668776934e+00
0.000000000000000000e+00,0.000000000000000000e+00,0.000000000000000000e+00,0.000000000000000000e+00,0.000000000000000000e+00,6.074469366714404295e+00
0.000000000000000000e+00,0.000000000000000000e+00,0.000000000000000000e+00,0.000000000000000000e+00,0.000000000000000000e+00,6.074469366714404295e+00
0.000000000000000000e+00,0.000000000000000000e+00,0.000000000000000000e+00,0.000000000000000000e+00,0.000000000000000000e+00,6.074469366714404295e+00
0.000000000000000000e+00,0.000000000000000000e+00,0.000000000000000000e+00,0.000000000000000000e+00,0.000000000000000000e+00,6.074469366714404295e+00
0.000000000000000000e+00,0.000000000000000000e+00,0.000000000000000000e+00,0.000000000000000000e+00,0.000000000000000000e+00,6.074469366714404295e+00
0.000000000000000000e+00,0.000000000000000000e+00,0.000000000000000000e+00,0.000000000000000000e+00,0.000000000000000000e+00,0.000000000000000000e+00
0.000000000000000000e+00,0.000000000000000000e+00,0.000000000000000000e+00,0.000000000000000000e+00,0.000000000000000000e+00,0.000000000000000000e+00
0.000000000000000000e+00,0.000000000000000000e+00,0.000000000000000000e+00,0.000000000000000000e+00,0.000000000000000000e+00,0.000000000000000000e+00
0.000000000000000000e+00,0.000000000000000000e+00,0.000000000000000000e+00,0.000000000000000000e+00,0.000000000000000000e+00,0.000000000000000000e+00
0.000000000000000000e+00,0.000000000000000000e+00,0.000000000000000000e+00,0.000000000000000000e+00,0.000000000000000000e+00,0.000000000000000000e+00
0.000000000000000000e+00,0.000000000000000000e+00,0.000000000000000000e+00,0.000000000000000000e+00,5.055980522142484723e+00,1.006840730772007753e+01
0.000000000000000000e+00,0.000000000000000000e+00,0.000000000000000000e+00,0.000000000000000000e+00,5.055980522142484723e+00,1.006840730772007575e+01
0.000000000000000000e+00,0.000000000000000000e+00,0.000000000000000000e+00,0.000000000000000000e+00,5.055980522142484723e+00,1.006840730772007575e+01
0.000000000000000000e+00,0.000000000000000000e+00,0.000000000000000000e+00,0.000000000000000000e+00,5.055980522142484723e+00,1.006840730772007575e+01
0.000000000000000000e+00,0.000000000000000000e+00,0.000000000000000000e+00,0.000000000000000000e+00,5.055980522142483835e+00,1.006840730772007575e+01
0.000000000000000000e+00,2.670610667924708359e+00,2.930234779930171563e+00,0.000000000000000000e+00,0.000000000000000000e+00,1.258164055082086463e+01
0.000000000000000000e+00,2.670610667924708803e+00,2.930234779930171563e+00,0.000000000000000000e+00,0.000000000000000000e+00,1.258164055082086463e+01
0.000000000000000000e+00,2.670610667924708359e+00,2.930234779930171563e+00,0.000000000000000000e+00,0.000000000000000000e+00,1.258164055082086108e+01
0.000000000000000000e+00,2.670610667924708359e+00,2.930234779930171563e+00,0.000000000000000000e+00,0.000000000000000000e+00,1.258164055082086463e+01
0.000000000000000000e+00,2.670610667924708359e+00,2.930234779930171563e+00,0.000000000000000000e+00,0.000000000000000000e+00,1.258164055082086463e+01
-3.939536493186712285e+00,2.055435254478687135e+00,4.774587969824105826e+00,-2.179543268162040803e+00,-4.543072386245441407e+00,0.000000000000000000e+00
-3.939536493186712285e+00,2.055435254478687135e+00,4.774587969824105826e+00,-2.179543268162041247e+00,-4.543072386245440519e+00,0.000000000000000000e+00
-3.939536493186712285e+00,2.055435254478687135e+00,4.774587969824105826e+00,-2.179543268162041691e+00,-4.543072386245440519e+00,0.000000000000000000e+00
-3.939536493186712285e+00,2.055435254478687135e+00,4.774587969824105826e+00,-2.179543268162041247e+00,-4.543072386245440519e+00,0.000000000000000000e+00
-3.939536493186712285e+00,2.055435254478687135e+00,4.774587969824105826e+00,-2.179543268162040803e+00,-4.543072386245440519e+00,0.000000000000000000e+00
0.000000000000000000e+00,0.000000000000000000e+00,0.000000000000000000e+00,0.000000000000000000e+00,0.000000000000000000e+00,1.096721738670745516e+01
0.000000000000000000e+00,0.000000000000000000e+00,0.000000000000000000e+00,0.000000000000000000e+00,0.000000000000000000e+00,1.096721738670745516e+01
0.000000000000000000e+00,0.000000000000000000e+00,0.000000000000000000e+00,0.000000000000000000e+00,0.000000000000000000e+00,1.096721738670745516e+01
0.000000000000000000e+00,0.000000000000000000e+00,0.000000000000000000e+00,0.000000000000000000e+00,0.000000000000000000e+00,1.096721738670745516e+01
0.000000000000000000e+00,0.000000000000000000e+00,0.000000000000000000e+00,0.000000000000000000e+00,0.000000000000000000e+00,1.096721738670745516e+01
2.075000599205040430e+00,0.000000000000000000e+00,0.000000000000000000e+00,0.000000000000000000e+00,4.373421466329036278e+00,1.127897111719014944e+01
2.075000599205039986e+00,0.000000000000000000e+00,0.000000000000000000e+00,0.000000000000000000e+00,4.373421466329036278e+00,1.127897111719014944e+01
2.075000599205039986e+00,0.000000000000000000e+00,0.000000000000000000e+00,0.000000000000000000e+00,4.373421466329036278e+00,1.127897111719014944e+01
2.075000599205039986e+00,0.000000000000000000e+00,0.000000000000000000e+00,0.000000000000000000e+00,4.373421466329037166e+00,1.127897111719014589e+01
2.075000599205039986e+00,0.000000000000000000e+00,0.000000000000000000e+00,0.000000000000000000e+00,4.373421466329036278e+00,1.127897111719014944e+01
0.000000000000000000e+00,0.000000000000000000e+00,0.000000000000000000e+00,0.000000000000000000e+00,6.487929540704098663e+00,9.935278059370318715e+00
0.000000000000000000e+00,0.000000000000000000e+00,0.000000000000000000e+00,0.000000000000000000e+00,6.487929540704098663e+00,9.935278059370320491e+00
0.000000000000000000e+00,0.000000000000000000e+00,0.000000000000000000e+00,0.000000000000000000e+00,6.487929540704097775e+00,9.935278059370320491e+00
0.000000000000000000e+00,0.000000000000000000e+00,0.000000000000000000e+00,0.000000000000000000e+00,6.487929540704098663e+00,9.935278059370320491e+00
0.000000000000000000e+00,0.000000000000000000e+00,0.000000000000000000e+00,0.000000000000000000e+00,6.487929540704097775e+00,9.935278059370320491e+00
0.000000000000000000e+00,2.024993257284923853e+00,0.000000000000000000e+00,0.000000000000000000e+00,0.000000000000000000e+00,1.105383210461903154e+01
0.000000000000000000e+00,2.024993257284923853e+00,0.000000000000000000e+00,0.000000000000000000e+00,0.000000000000000000e+00,1.105383210461903332e+01
0.000000000000000000e+00,2.024993257284923853e+00,0.000000000000000000e+00,0.000000000000000000e+00,0.000000000000000000e+00,1.105383210461903332e+01
0.000000000000000000e+00,2.024993257284923853e+00,0.000000000000000000e+00,0.000000000000000000e+00,0.000000000000000000e+00,1.105383210461903332e+01
0.000000000000000000e+00,2.024993257284923853e+00,0.000000000000000000e+00,0.000000000000000000e+00,0.000000000000000000e+00,1.105383210461903154e+01
0.000000000000000000e+00,0.000000000000000000e+00,0.000000000000000000e+00,0.000000000000000000e+00,0.000000000000000000e+00,0.000000000000000000e+00
0.000000000000000000e+00,0.000000000000000000e+00,0.000000000000000000e+00,0.000000000000000000e+00,0.000000000000000000e+00,0.000000000000000000e+00
0.000000000000000000e+00,0.000000000000000000e+00,0.000000000000000000e+00,0.000000000000000000e+00,0.000000000000000000e+00,0.000000000000000000e+00
0.000000000000000000e+00,0.000000000000000000e+00,0.000000000000000000e+00,0.000000000000000000e+00,0.000000000000000000e+00,0.000000000000000000e+00
0.000000000000000000e+00,0.000000000000000000e+00,0.000000000000000000e+00,0.000000000000000000e+00,0.000000000000000000e+00,0.000000000000000000e+00
0.000000000000000000e+00,2.264369995775142641e+00,3.462015114250876380e+00,0.000000000000000000e+00,0.000000000000000000e+00,1.312526803574382939e+01
0.000000000000000000e+00,2.264369995775143085e+00,3.462015114250875047e+00,0.000000000000000000e+00,0.000000000000000000e+00,1.312526803574382939e+01
0.000000000000000000e+00,2.264369995775142197e+00,3.462015114250876824e+00,0.000000000000000000e+00,0.000000000000000000e+00,1.312526803574382939e+01
0.000000000000000000e+00,2.264369995775142641e+00,3.462015114250875936e+00,0.000000000000000000e+00,0.000000000000000000e+00,1.312526803574383116e+01
0.000000000000000000e+00,2.264369995775142641e+00,3.462015114250875936e+00,0.000000000000000000e+00,0.000000000000000000e+00,1.312526803574382939e+01
0.000000000000000000e+00,0.000000000000000000e+00,0.000000000000000000e+00,0.000000000000000000e+00,0.000000000000000000e+00,3.882512649773221192e+00
0.000000000000000000e+00,0.000000000000000000e+00,0.000000000000000000e+00,0.000000000000000000e+00,0.000000000000000000e+00,3.882512649773221192e+00
0.000000000000000000e+00,0.000000000000000000e+00,0.000000000000000000e+00,0.000000000000000000e+00,0.000000000000000000e+00,3.882512649773221192e+00
0.000000000000000000e+00,0.000000000000000000e+00,0.000000000000000000e+00,0.000000000000000000e+00,0.000000000000000000e+00,3.882512649773221192e+00
0.000000000000000000e+00,0.000000000000000000e+00,0.000000000000000000e+00,0.000000000000000000e+00,0.000000000000000000e+00,3.882512649773221192e+00
0.000000000000000000e+00,0.000000000000000000e+00,0.000000000000000000e+00,0.000000000000000000e+00,0.000000000000000000e+00,6.463424609185203451e+00
0.000000000000000000e+00,0.000000000000000000e+00,0.000000000000000000e+00,0.000000000000000000e+00,0.000000000000000000e+00,6.463424609185204339e+00
0.000000000000000000e+00,0.000000000000000000e+00,0.000000000000000000e+00,0.000000000000000000e+00,0.000000000000000000e+00,6.463424609185203451e+00
0.000000000000000000e+00,0.000000000000000000e+00,0.000000000000000000e+00,0.000000000000000000e+00,0.000000000000000000e+00,6.463424609185203451e+00
0.000000000000000000e+00,0.000000000000000000e+00,0.000000000000000000e+00,0.000000000000000000e+00,0.000000000000000000e+00,6.463424609185204339e+00
0.000000000000000000e+00,2.224046187496701243e+00,0.000000000000000000e+00,0.000000000000000000e+00,0.000000000000000000e+00,1.070401066097241305e+01
0.000000000000000000e+00,2.224046187496701243e+00,0.000000000000000000e+00,0.000000000000000000e+00,0.000000000000000000e+00,1.070401066097241305e+01
0.000000000000000000e+00,2.224046187496701243e+00,0.000000000000000000e+00,0.000000000000000000e+00,0.000000000000000000e+00,1.070401066097241305e+01
0.000000000000000000e+00,2.224046187496700799e+00,0.000000000000000000e+00,0.000000000000000000e+00,0.000000000000000000e+00,1.070401066097241305e+01
0.000000000000000000e+00,2.224046187496700799e+00,0.000000000000000000e+00,0.000000000000000000e+00,0.000000000000000000e+00,1.070401066097241305e+01
0.000000000000000000e+00,0.000000000000000000e+00,0.000000000000000000e+00,0.000000000000000000e+00,0.000000000000000000e+00,-2.783325580685843015e+00
0.000000000000000000e+00,0.000000000000000000e+00,0.000000000000000000e+00,0.000000000000000000e+00,0.000000000000000000e+00,-2.783325580685842571e+00
0.000000000000000000e+00,0.000000000000000000e+00,0.000000000000000000e+00,0.000000000000000000e+00,0.000000000000000000e+00,-2.783325580685843015e+00
0.000000000000000000e+00,0.000000000000000000e+00,0.000000000000000000e+00,0.000000000000000000e+00,0.000000000000000000e+00,-2.783325580685843015e+00
0.000000000000000000e+00,0.000000000000000000e+00,0.000000000000000000e+00,0.000000000000000000e+00,0.000000000000000000e+00,-2.783325580685843015e+00
0.000000000000000000e+00,0.000000000000000000e+00,0.000000000000000000e+00,0.000000000000000000e+00,6.086763559962222736e+00,6.863941776719509669e+00
0.000000000000000000e+00,0.000000000000000000e+00,0.000000000000000000e+00,0.000000000000000000e+00,6.086763559962223624e+00,6.863941776719509669e+00
0.000000000000000000e+00,0.000000000000000000e+00,0.000000000000000000e+00,0.000000000000000000e+00,6.086763559962222736e+00,6.863941776719511445e+00
0.000000000000000000e+00,0.000000000000000000e+00,0.000000000000000000e+00,0.000000000000000000e+00,6.086763559962222736e+00,6.863941776719508781e+00
0.000000000000000000e+00,0.000000000000000000e+00,0.000000000000000000e+00,0.000000000000000000e+00,6.086763559962223624e+00,6.863941776719509669e+00
-4.164052526506292651e+00,2.411574818448889879e+00,4.004354876706655020e+00,-3.530261834555718625e+00,-2.886501778222521963e+00,-4.062705783443699481e+00
-4.164052526506293539e+00,2.411574818448889879e+00,4.004354876706654132e+00,-3.530261834555718625e+00,-2.886501778222521963e+00,-4.062705783443699481e+00
-4.164052526506292651e+00,2.411574818448889879e+00,4.004354876706654132e+00,-3.530261834555718625e+00,-2.886501778222521963e+00,-4.062705783443698593e+00
-4.164052526506292651e+00,2.411574818448889879e+00,4.004354876706655020e+00,-3.530261834555718625e+00,-2.886501778222521963e+00,-4.062705783443700369e+00
-4.164052526506292651e+00,2.411574818448889879e+00,4.004354876706654132e+00,-3.530261834555718625e+00,-2.886501778222521963e+00,-4.062705783443699481e+00
0.000000000000000000e+00,0.000000000000000000e+00,3.203924866520890369e+00,0.000000000000000000e+00,0.000000000000000000e+00,1.356931530613712766e+01
0.000000000000000000e+00,0.000000000000000000e+00,3.203924866520890369e+00,0.000000000000000000e+00,0.000000000000000000e+00,1.356931530613712944e+01
0.000000000000000000e+00,0.000000000000000000e+00,3.203924866520889925e+00,0.000000000000000000e+00,0.000000000000000000e+00,1.356931530613712944e+01
0.000000000000000000e+00,0.000000000000000000e+00,3.203924866520889925e+00,0.000000000000000000e+00,0.000000000000000000e+00,1.356931530613712944e+01
0.000000000000000000e+00,0.000000000000000000e+00,3.203924866520889925e+00,0.000000000000000000e+00,0.000000000000000000e+00,1.356931530613712944e+01
-3.844451664362599885e+00,2.563946555258802107e+00,3.812537235934192914e+00,-3.694472067186077346e+00,-2.179407032132420152e+00,-4.804005427683787133e+00
-3.844451664362599885e+00,2.563946555258802107e+00,3.812537235934193802e+00,-3.694472067186077346e+00,-2.179407032132420152e+00,-4.804005427683788021e+00
-3.844451664362599885e+00,2.563946555258802107e+00,3.812537235934193802e+00,-3.694472067186077346e+00,-2.179407032132419708e+00,-4.804005427683786245e+00
-3.844451664362600329e+00,2.563946555258802107e+00,3.812537235934193802e+00,-3.694472067186077346e+00,-2.179407032132420152e+00,-4.804005427683787133e+00
-3.844451664362599885e+00,2.563946555258802107e+00,3.812537235934193802e+00,-3.694472067186077346e+00,-2.179407032132420152e+00,-4.804005427683787133e+00
0.000000000000000000e+00,-2.167425176002355958e+00,0.000000000000000000e+00,0.000000000000000000e+00,6.547238329696591030e+00,3.166428690835124016e+00
0.000000000000000000e+00,-2.167425176002355514e+00,0.000000000000000000e+00,0.000000000000000000e+00,6.547238329696591030e+00,3.166428690835124016e+00
0.000000000000000000e+00,-2.167425176002355514e+00,0.000000000000000000e+00,0.000000000000000000e+00,6.547238329696591030e+00,3.166428690835123572e+00
0.000000000000000000e+00,-2.167425176002355958e+00,0.000000000000000000e+00,0.000000000000000000e+00,6.547238329696591030e+00,3.166428690835123572e+00
0.000000000000000000e+00,-2.167425176002355958e+00,0.000000000000000000e+00,0.000000000000000000e+00,6.547238329696591030e+00,3.166428690835124016e+00
0.000000000000000000e+00,0.000000000000000000e+00,0.000000000000000000e+00,0.000000000000000000e+00,0.000000000000000000e+00,1.146985172664916774e+01
0.000000000000000000e+00,0.000000000000000000e+00,0.000000000000000000e+00,0.000000000000000000e+00,0.000000000000000000e+00,1.146985172664916774e+01
0.000000000000000000e+00,0.000000000000000000e+00,0.000000000000000000e+00,0.000000000000000000e+00,0.000000000000000000e+00,1.146985172664916774e+01
0.000000000000000000e+00,0.000000000000000000e+00,0.000000000000000000e+00,0.000000000000000000e+00,0.000000000000000000e+00,1.146985172664916774e+01
0.000000000000000000e+00,0.000000000000000000e+00,0.000000000000000000e+00,0.000000000000000000e+00,0.000000000000000000e+00,1.146985172664916774e+01
-3.007850600447188327e+00,2.331088430823747171e+00,4.278004864305989585e+00,-2.597024865038815467e+00,-1.971800808183282738e+00,-4.558947320031231598e+00
-3.007850600447187883e+00,2.331088430823747171e+00,4.278004864305990473e+00,-2.597024865038815467e+00,-1.971800808183282738e+00,-4.558947320031231598e+00
-3.007850600447188327e+00,2.331088430823747171e+00,4.278004864305989585e+00,-2.597024865038815467e+00,-1.971800808183282516e+00,-4.558947320031231598e+00
-3.007850600447188327e+00,2.331088430823747171e+00,4.278004864305990473e+00,-2.597024865038815467e+00,-1.971800808183282516e+00,-4.558947320031231598e+00
-3.007850600447188327e+00,2.331088430823747171e+00,4.278004864305990473e+00,-2.597024865038815467e+00,-1.971800808183282516e+00,-4.558947320031230710e+00
2.020390232648575868e+00,-2.019996827210754020e+00,0.000000000000000000e+00,0.000000000000000000e+00,0.000000000000000000e+00,5.741276402906096088e+00
2.020390232648575868e+00,-2.019996827210754020e+00,0.000000000000000000e+00,0.000000000000000000e+00,0.000000000000000000e+00,5.741276402906096088e+00
2.020390232648575868e+00,-2.019996827210754020e+00,0.000000000000000000e+00,0.000000000000000000e+00,0.000000000000000000e+00,5.741276402906094312e+00
2.020390232648575868e+00,-2.019996827210754464e+00,0.000000000000000000e+00,0.000000000000000000e+00,0.000000000000000000e+00,5.741276402906096088e+00
2.020390232648575868e+00,-2.019996827210754464e+00,0.000000000000000000e+00,0.000000000000000000e+00,0.000000000000000000e+00,5.741276402906096088e+00
-2.420281953122927376e+00,2.729986941170034154e+00,2.980853385158113600e+00,-4.087277322411160263e+00,0.000000000000000000e+00,-4.453631542108317909e+00
-2.420281953122926932e+00,2.729986941170035042e+00,2.980853385158113600e+00,-4.087277322411160263e+00,0.000000000000000000e+00,-4.453631542108317909e+00
-2.420281953122927376e+00,2.729986941170035042e+00,2.980853385158113600e+00,-4.087277322411160263e+00,0.000000000000000000e+00,-4.453631542108317909e+00
-2.420281953122927376e+00,2.729986941170035042e+00,2.980853385158113156e+00,-4.087277322411160263e+00,0.000000000000000000e+00,-4.453631542108317909e+00
-2.420281953122926932e+00,2.729986941170035042e+00,2.980853385158113600e+00,-4.087277322411160263e+00,0.000000000000000000e+00,-4.453631542108317909e+00
0.000000000000000000e+00,0.000000000000000000e+00,0.000000000000000000e+00,0.000000000000000000e+00,0.000000000000000000e+00,8.153821684280067927e+00
0.000000000000000000e+00,0.000000000000000000e+00,0.000000000000000000e+00,0.000000000000000000e+00,0.000000000000000000e+00,8.153821684280066151e+00
0.000000000000000000e+00,0.000000000000000000e+00,0.000000000000000000e+00,0.000000000000000000e+00,0.000000000000000000e+00,8.153821684280066151e+00
0.000000000000000000e+00,0.000000000000000000e+00,0.000000000000000000e+00,0.000000000000000000e+00,0.000000000000000000e+00,8.153821684280067927e+00
0.000000000000000000e+00,0.000000000000000000e+00,0.000000000000000000e+00,0.000000000000000000e+00,0.000000000000000000e+00,8.153821684280067927e+00
0.000000000000000000e+00,0.000000000000000000e+00,3.057307634968459364e+00,0.000000000000000000e+00,0.000000000000000000e+00,1.329126804587557054e+01
0.000000000000000000e+00,0.000000000000000000e+00,3.057307634968459364e+00,0.000000000000000000e+00,0.000000000000000000e+00,1.329126804587557054e+01
0.000000000000000000e+00,0.000000000000000000e+00,3.057307634968459364e+00,0.000000000000000000e+00,0.000000000000000000e+00,1.329126804587557054e+01
0.000000000000000000e+00,0.000000000000000000e+00,3.057307634968459364e+00,0.000000000000000000e+00,0.000000000000000000e+00,1.329126804587557054e+01
0.000000000000000000e+00,0.000000000000000000e+00,3.057307634968459364e+00,0.000000000000000000e+00,0.000000000000000000e+00,1.329126804587557409e+01
-4.150849781493509916e+00,2.338433040918421302e+00,4.249261521036472367e+00,-3.218856976128253944e+00,-3.177864736859343786e+00,-3.832781305637686042e+00
-4.150849781493509916e+00,2.338433040918421302e+00,4.249261521036472367e+00,-3.218856976128253944e+00,-3.177864736859343786e+00,-3.832781305637686042e+00
-4.150849781493509028e+00,2.338433040918421302e+00,4.249261521036471478e+00,-3.218856976128253944e+00,-3.177864736859344230e+00,-3.832781305637686042e+00
-4.150849781493509916e+00,2.338433040918421302e+00,4.249261521036472367e+00,-3.218856976128253944e+00,-3.177864736859344230e+00,-3.832781305637686042e+00
-4.150849781493509916e+00,2.338433040918421302e+00,4.249261521036472367e+00,-3.218856976128253944e+00,-3.177864736859343786e+00,-3.832781305637686042e+00
-2.619799396353438503e+00,2.605055916048251596e+00,3.794998061582165239e+00,-3.206416505480990775e+00,0.000000000000000000e+00,-5.422615056831778801e+00
-2.619799396353438059e+00,2.605055916048252040e+00,3.794998061582165239e+00,-3.206416505480990775e+00,0.000000000000000000e+00,-5.422615056831778801e+00
-2.619799396353438947e+00,2.605055916048252040e+00,3.794998061582164794e+00,-3.206416505480990775e+00,0.000000000000000000e+00,-5.422615056831778801e+00
-2.619799396353438059e+00,2.605055916048251596e+00,3.794998061582165239e+00,-3.206416505480990775e+00,0.000000000000000000e+00,-5.422615056831780578e+00
-2.619799396353438059e+00,2.605055916048252040e+00,3.794998061582165239e+00,-3.206416505480990775e+00,0.000000000000000000e+00,-5.422615056831778801e+00
-3.108814789503384191e+00,1.985382724040432478e+00,4.506740069564552087e+00,0.000000000000000000e+00,-3.335683267553502418e+00,0.000000000000000000e+00
-3.108814789503383302e+00,1.985382724040432478e+00,4.506740069564552087e+00,0.000000000000000000e+00,-3.335683267553503306e+00,0.000000000000000000e+00
-3.108814789503383302e+00,1.985382724040432478e+00,4.506740069564551199e+00,0.000000000000000000e+00,-3.335683267553503306e+00,0.000000000000000000e+00
-3.108814789503384191e+00,1.985382724040432478e+00,4.506740069564551199e+00,0.000000000000000000e+00,-3.335683267553503306e+00,0.000000000000000000e+00
-3.108814789503384191e+00,1.985382724040432478e+00,4.506740069564552975e+00,0.000000000000000000e+00,-3.335683267553503306e+00,0.000000000000000000e+00
0.000000000000000000e+00,0.000000000000000000e+00,0.000000000000000000e+00,0.000000000000000000e+00,7.846004279036796980e+00,6.721524750996549891e+00
0.000000000000000000e+00,0.000000000000000000e+00,0.000000000000000000e+00,0.000000000000000000e+00,7.846004279036796980e+00,6.721524750996551667e+00
0.000000000000000000e+00,0.000000000000000000e+00,0.000000000000000000e+00,0.000000000000000000e+00,7.846004279036796980e+00,6.721524750996551667e+00
0.000000000000000000e+00,0.000000000000000000e+00,0.000000000000000000e+00,0.000000000000000000e+00,7.846004279036796980e+00,6.721524750996551667e+00
0.000000000000000000e+00,0.000000000000000000e+00,0.000000000000000000e+00,0.000000000000000000e+00,7.846004279036795204e+00,6.721524750996551667e+00
2.134040427821230157e+00,0.000000000000000000e+00,0.000000000000000000e+00,0.000000000000000000e+00,0.000000000000000000e+00,5.344275378819459021e+00
2.134040427821230601e+00,0.000000000000000000e+00,0.000000000000000000e+00,0.000000000000000000e+00,0.000000000000000000e+00,5.344275378819459021e+00
2.134040427821230601e+00,0.000000000000000000e+00,0.000000000000000000e+00,0.000000000000000000e+00,0.000000000000000000e+00,5.344275378819459021e+00
2.134040427821230601e+00,0.000000000000000000e+00,0.000000000000000000e+00,0.000000000000000000e+00,0.000000000000000000e+00,5.344275378819459021e+00
2.134040427821230157e+00,0.000000000000000000e+00,0.000000000000000000e+00,0.000000000000000000e+00,0.000000000000000000e+00,5.344275378819459021e+00
-2.490708377066637613e+00,2.071537013722019260e+00,3.894385150905887105e+00,0.000000000000000000e+00,0.000000000000000000e+00,-2.172101734731456624e+00
-2.490708377066637613e+00,2.071537013722019704e+00,3.894385150905887105e+00,0.000000000000000000e+00,0.000000000000000000e+00,-2.172101734731456624e+00
-2.490708377066637613e+00,2.071537013722019260e+00,3.894385150905887549e+00,0.000000000000000000e+00,0.000000000000000000e+00,-2.172101734731456180e+00
-2.490708377066637613e+00,2.071537013722019260e+00,3.894385150905887105e+00,0.000000000000000000e+00,0.000000000000000000e+00,-2.172101734731456180e+00
-2.490708377066637613e+00,2.071537013722019260e+00,3.894385150905887549e+00,0.000000000000000000e+00,0.000000000000000000e+00,-2.172101734731456180e+00
0.000000000000000000e+00,0.000000000000000000e+00,0.000000000000000000e+00,0.000000000000000000e+00,0.000000000000000000e+00,0.000000000000000000e+00
0.000000000000000000e+00,0.000000000000000000e+00,0.000000000000000000e+00,0.000000000000000000e+00,0.000000000000000000e+00,0.000000000000000000e+00
0.000000000000000000e+00,0.000000000000000000e+00,0.000000000000000000e+00,0.000000000000000000e+00,0.000000000000000000e+00,0.000000000000000000e+00
0.000000000000000000e+00,0.000000000000000000e+00,0.000000000000000000e+00,0.000000000000000000e+00,0.000000000000000000e+00,0.000000000000000000e+00
0.000000000000000000e+00,0.000000000000000000e+00,0.000000000000000000e+00,0.000000000000000000e+00,0.000000000000000000e+00,0.000000000000000000e+00
-3.315574324207613888e+00,2.704787543059641752e+00,3.558100892444417962e+00,-3.708870179276090973e+00,0.000000000000000000e+00,-5.305752961491915443e+00
-3.315574324207613888e+00,2.704787543059642640e+00,3.558100892444417962e+00,-3.708870179276091417e+00,0.000000000000000000e+00,-5.305752961491914554e+00
-3.315574324207613888e+00,2.704787543059641752e+00,3.558100892444417962e+00,-3.708870179276090973e+00,0.000000000000000000e+00,-5.305752961491915443e+00
-3.315574324207614332e+00,2.704787543059641752e+00,3.558100892444417962e+00,-3.708870179276090973e+00,0.000000000000000000e+00,-5.305752961491914554e+00
-3.315574324207614776e+00,2.704787543059641752e+00,3.558100892444417962e+00,-3.708870179276091417e+00,0.000000000000000000e+00,-5.305752961491915443e+00
0.000000000000000000e+00,2.762716306211006057e+00,0.000000000000000000e+00,-4.081438568174462489e+00,0.000000000000000000e+00,-3.664407409201636767e+00
0.000000000000000000e+00,2.762716306211006057e+00,0.000000000000000000e+00,-4.081438568174462489e+00,0.000000000000000000e+00,-3.664407409201636767e+00
0.000000000000000000e+00,2.762716306211005612e+00,0.000000000000000000e+00,-4.081438568174462489e+00,0.000000000000000000e+00,-3.664407409201636767e+00
0.000000000000000000e+00,2.762716306211005612e+00,0.000000000000000000e+00,-4.081438568174462489e+00,0.000000000000000000e+00,-3.664407409201636767e+00
0.000000000000000000e+00,2.762716306211005612e+00,0.000000000000000000e+00,-4.081438568174462489e+00,0.000000000000000000e+00,-3.664407409201636767e+00
0.000000000000000000e+00,0.000000000000000000e+00,0.000000000000000000e+00,-3.568280920003607637e+00,0.000000000000000000e+00,-3.296700811375165685e+00
0.000000000000000000e+00,0.000000000000000000e+00,0.000000000000000000e+00,-3.568280920003607637e+00,0.000000000000000000e+00,-3.296700811375165685e+00
0.000000000000000000e+00,0.000000000000000000e+00,0.000000000000000000e+00,-3.568280920003607637e+00,0.000000000000000000e+00,-3.296700811375165685e+00
0.000000000000000000e+00,0.000000000000000000e+00,0.000000000000000000e+00,-3.568280920003607637e+00,0.000000000000000000e+00,-3.296700811375165685e+00
0.000000000000000000e+00,0.000000000000000000e+00,0.000000000000000000e+00,-3.568280920003607637e+00,0.000000000000000000e+00,-3.296700811375165685e+00
0.000000000000000000e+00,0.000000000000000000e+00,0.000000000000000000e+00,0.000000000000000000e+00,0.000000000000000000e+00,2.491633904138845335e+00
0.000000000000000000e+00,0.000000000000000000e+00,0.000000000000000000e+00,0.000000000000000000e+00,0.000000000000000000e+00,2.491633904138845335e+00
0.000000000000000000e+00,0.000000000000000000e+00,0.000000000000000000e+00,0.000000000000000000e+00,0.000000000000000000e+00,2.491633904138844890e+00
0.000000000000000000e+00,0.000000000000000000e+00,0.000000000000000000e+00,0.000000000000000000e+00,0.000000000000000000e+00,2.491633904138845335e+00
0.000000000000000000e+00,0.000000000000000000e+00,0.000000000000000000e+00,0.000000000000000000e+00,0.000000000000000000e+00,2.491633904138844890e+00
0.000000000000000000e+00,1.993440006549458188e+00,3.415248528623589408e+00,0.000000000000000000e+00,0.000000000000000000e+00,1.361861969639078751e+01
0.000000000000000000e+00,1.993440006549458632e+00,3.415248528623589408e+00,0.000000000000000000e+00,0.000000000000000000e+00,1.361861969639078573e+01
0.000000000000000000e+00,1.993440006549458632e+00,3.415248528623589408e+00,0.000000000000000000e+00,0.000000000000000000e+00,1.361861969639078751e+01
0.000000000000000000e+00,1.993440006549458854e+00,3.415248528623590296e+00,0.000000000000000000e+00,0.000000000000000000e+00,1.361861969639078751e+01
0.000000000000000000e+00,1.993440006549458188e+00,3.415248528623590296e+00,0.000000000000000000e+00,0.000000000000000000e+00,1.361861969639078751e+01
0.000000000000000000e+00,0.000000000000000000e+00,0.000000000000000000e+00,0.000000000000000000e+00,0.000000000000000000e+00,0.000000000000000000e+00
0.000000000000000000e+00,0.000000000000000000e+00,0.000000000000000000e+00,0.000000000000000000e+00,0.000000000000000000e+00,0.000000000000000000e+00
0.000000000000000000e+00,0.000000000000000000e+00,0.000000000000000000e+00,0.000000000000000000e+00,0.000000000000000000e+00,0.000000000000000000e+00
0.000000000000000000e+00,0.000000000000000000e+00,0.000000000000000000e+00,0.000000000000000000e+00,0.000000000000000000e+00,0.000000000000000000e+00
0.000000000000000000e+00,0.000000000000000000e+00,0.000000000000000000e+00,0.000000000000000000e+00,0.000000000000000000e+00,0.000000000000000000e+00
0.000000000000000000e+00,0.000000000000000000e+00,3.044349547242079623e+00,0.000000000000000000e+00,-3.661979463214668051e+00,5.065490522580084587e+00
0.000000000000000000e+00,0.000000000000000000e+00,3.044349547242079623e+00,0.000000000000000000e+00,-3.661979463214668051e+00,5.065490522580086363e+00
0.000000000000000000e+00,0.000000000000000000e+00,3.044349547242079623e+00,0.000000000000000000e+00,-3.661979463214668051e+00,5.065490522580086363e+00
0.000000000000000000e+00,0.000000000000000000e+00,3.044349547242079623e+00,0.000000000000000000e+00,-3.661979463214668051e+00,5.065490522580086363e+00
0.000000000000000000e+00,0.000000000000000000e+00,3.044349547242079623e+00,0.000000000000000000e+00,-3.661979463214668939e+00,5.065490522580086363e+00
0.000000000000000000e+00,2.237776969489277956e+00,0.000000000000000000e+00,-3.317499882250792620e+00,0.000000000000000000e+00,-4.133548576873536717e+00
0.000000000000000000e+00,2.237776969489277956e+00,0.000000000000000000e+00,-3.317499882250792620e+00,0.000000000000000000e+00,-4.133548576873536717e+00
0.000000000000000000e+00,2.237776969489277956e+00,0.000000000000000000e+00,-3.317499882250792620e+00,0.000000000000000000e+00,-4.133548576873537606e+00
0.000000000000000000e+00,2.237776969489277956e+00,0.000000000000000000e+00,-3.317499882250792620e+00,0.000000000000000000e+00,-4.133548576873537606e+00
0.000000000000000000e+00,2.237776969489277956e+00,0.000000000000000000e+00,-3.317499882250792620e+00,0.000000000000000000e+00,-4.133548576873536717e+00
0.000000000000000000e+00,0.000000000000000000e+00,0.000000000000000000e+00,0.000000000000000000e+00,0.000000000000000000e+00,0.000000000000000000e+00
0.000000000000000000e+00,0.000000000000000000e+00,0.000000000000000000e+00,0.000000000000000000e+00,0.000000000000000000e+00,0.000000000000000000e+00
0.000000000000000000e+00,0.000000000000000000e+00,0.000000000000000000e+00,0.000000000000000000e+00,0.000000000000000000e+00,0.000000000000000000e+00
0.000000000000000000e+00,0.000000000000000000e+00,0.000000000000000000e+00,0.000000000000000000e+00,0.000000000000000000e+00,0.000000000000000000e+00
0.000000000000000000e+00,0.000000000000000000e+00,0.000000000000000000e+00,0.000000000000000000e+00,0.000000000000000000e+00,0.000000000000000000e+00
0.000000000000000000e+00,2.223150957232672642e+00,3.546499863296494137e+00,0.000000000000000000e+00,0.000000000000000000e+00,1.369693742767174172e+01
0.000000000000000000e+00,2.223150957232672642e+00,3.546499863296494137e+00,0.000000000000000000e+00,0.000000000000000000e+00,1.369693742767174172e+01
0.000000000000000000e+00,2.223150957232672642e+00,3.546499863296494137e+00,0.000000000000000000e+00,0.000000000000000000e+00,1.369693742767174172e+01
0.000000000000000000e+00,2.223150957232672642e+00,3.546499863296493693e+00,0.000000000000000000e+00,0.000000000000000000e+00,1.369693742767174172e+01
0.000000000000000000e+00,2.223150957232672642e+00,3.546499863296493693e+00,0.000000000000000000e+00,0.000000000000000000e+00,1.369693742767174172e+01
0.000000000000000000e+00,0.000000000000000000e+00,0.000000000000000000e+00,0.000000000000000000e+00,0.000000000000000000e+00,3.081589111320085728e+00
0.000000000000000000e+00,0.000000000000000000e+00,0.000000000000000000e+00,0.000000000000000000e+00,0.000000000000000000e+00,3.081589111320085284e+00
0.000000000000000000e+00,0.000000000000000000e+00,0.000000000000000000e+00,0.000000000000000000e+00,0.000000000000000000e+00,3.081589111320086172e+00
0.000000000000000000e+00,0.000000000000000000e+00,0.000000000000000000e+00,0.000000000000000000e+00,0.000000000000000000e+00,3.081589111320085728e+00
0.000000000000000000e+00,0.000000000000000000e+00,0.000000000000000000e+00,0.000000000000000000e+00,0.000000000000000000e+00,3.081589111320085728e+00
0.000000000000000000e+00,2.708380451979818027e+00,2.289110447117457703e+00,0.000000000000000000e+00,0.000000000000000000e+00,1.142831025662650646e+01
0.000000000000000000e+00,2.708380451979818027e+00,2.289110447117457703e+00,0.000000000000000000e+00,0.000000000000000000e+00,1.142831025662650646e+01
0.000000000000000000e+00,2.708380451979818027e+00,2.289110447117457259e+00,0.000000000000000000e+00,0.000000000000000000e+00,1.142831025662650646e+01
0.000000000000000000e+00,2.708380451979818027e+00,2.289110447117457703e+00,0.000000000000000000e+00,0.000000000000000000e+00,1.142831025662650646e+01
0.000000000000000000e+00,2.708380451979818027e+00,2.289110447117457703e+00,0.000000000000000000e+00,0.000000000000000000e+00,1.142831025662650468e+01
2.634681515858456446e+00,0.000000000000000000e+00,2.331690544311934232e+00,0.000000000000000000e+00,0.000000000000000000e+00,1.205595469424797450e+01
2.634681515858457335e+00,0.000000000000000000e+00,2.331690544311934232e+00,0.000000000000000000e+00,0.000000000000000000e+00,1.205595469424797805e+01
2.634681515858456891e+00,0.000000000000000000e+00,2.331690544311933788e+00,0.000000000000000000e+00,0.000000000000000000e+00,1.205595469424797450e+01
2.634681515858456891e+00,0.000000000000000000e+00,2.331690544311933788e+00,0.000000000000000000e+00,0.000000000000000000e+00,1.205595469424797805e+01
2.634681515858456891e+00,0.000000000000000000e+00,2.331690544311934232e+00,0.000000000000000000e+00,0.000000000000000000e+00,1.205595469424797805e+01
0.000000000000000000e+00,0.000000000000000000e+00,0.000000000000000000e+00,-2.398757756985689049e+00,0.000000000000000000e+00,0.000000000000000000e+00
0.000000000000000000e+00,0.000000000000000000e+00,0.000000000000000000e+00,-2.398757756985689049e+00,0.000000000000000000e+00,0.000000000000000000e+00
0.000000000000000000e+00,0.000000000000000000e+00,0.000000000000000000e+00,-2.398757756985689049e+00,0.000000000000000000e+00,0.000000000000000000e+00
0.000000000000000000e+00,0.000000000000000000e+00,0.000000000000000000e+00,-2.398757756985689049e+00,0.000000000000000000e+00,0.000000000000000000e+00
0.000000000000000000e+00,0.000000000000000000e+00,0.000000000000000000e+00,-2.398757756985689049e+00,0.000000000000000000e+00,0.000000000000000000e+00
0.000000000000000000e+00,-2.135795648559583704e+00,0.000000000000000000e+00,0.000000000000000000e+00,7.856724956265410675e+00,4.480077330638319033e+00
0.000000000000000000e+00,-2.135795648559583260e+00,0.000000000000000000e+00,0.000000000000000000e+00,7.856724956265412452e+00,4.480077330638319033e+00
0.000000000000000000e+00,-2.135795648559583260e+00,0.000000000000000000e+00,0.000000000000000000e+00,7.856724956265410675e+00,4.480077330638319033e+00
0.000000000000000000e+00,-2.135795648559583260e+00,0.000000000000000000e+00,0.000000000000000000e+00,7.856724956265412452e+00,4.480077330638319033e+00
0.000000000000000000e+00,-2.135795648559583260e+00,0.000000000000000000e+00,0.000000000000000000e+00,7.856724956265412452e+00,4.480077330638319033e+00
-1.989591894264134186e+00,-2.703301172997676804e+00,0.000000000000000000e+00,0.000000000000000000e+00,5.551869727891318718e+00,0.000000000000000000e+00
-1.989591894264134186e+00,-2.703301172997676360e+00,0.000000000000000000e+00,0.000000000000000000e+00,5.551869727891318718e+00,0.000000000000000000e+00
-1.989591894264134186e+00,-2.703301172997676360e+00,0.000000000000000000e+00,0.000000000000000000e+00,5.551869727891318718e+00,0.000000000000000000e+00
-1.989591894264134408e+00,-2.703301172997676360e+00,0.000000000000000000e+00,0.000000000000000000e+00,5.551869727891318718e+00,0.000000000000000000e+00
-1.989591894264133964e+00,-2.703301172997676360e+00,0.000000000000000000e+00,0.000000000000000000e+00,5.551869727891318718e+00,0.000000000000000000e+00
2.357243096616764344e+00,0.000000000000000000e+00,0.000000000000000000e+00,0.000000000000000000e+00,0.000000000000000000e+00,6.218673182911328645e+00
2.357243096616764788e+00,0.000000000000000000e+00,0.000000000000000000e+00,0.000000000000000000e+00,0.000000000000000000e+00,6.218673182911328645e+00
2.357243096616764344e+00,0.000000000000000000e+00,0.000000000000000000e+00,0.000000000000000000e+00,0.000000000000000000e+00,6.218673182911328645e+00
2.357243096616764788e+00,0.000000000000000000e+00,0.000000000000000000e+00,0.000000000000000000e+00,0.000000000000000000e+00,6.218673182911328645e+00
2.357243096616764344e+00,0.000000000000000000e+00,0.000000000000000000e+00,0.000000000000000000e+00,0.000000000000000000e+00,6.218673182911328645e+00
-3.734527857046990196e+00,2.472208708245749342e+00,4.152677333224512601e+00,-3.270713299420947795e+00,-2.395153227463424628e+00,-4.682331483022296403e+00
-3.734527857046990196e+00,2.472208708245748898e+00,4.152677333224513490e+00,-3.270713299420947795e+00,-2.395153227463425072e+00,-4.682331483022298180e+00
-3.734527857046990196e+00,2.472208708245748898e+00,4.152677333224513490e+00,-3.270713299420947795e+00,-2.395153227463425072e+00,-4.682331483022297292e+00
-3.734527857046990640e+00,2.472208708245748898e+00,4.152677333224512601e+00,-3.270713299420947795e+00,-2.395153227463425072e+00,-4.682331483022297292e+00
-3.734527857046990640e+00,2.472208708245749342e+00,4.152677333224512601e+00,-3.270713299420947795e+00,-2.395153227463425072e+00,-4.682331483022298180e+00
0.000000000000000000e+00,0.000000000000000000e+00,0.000000000000000000e+00,0.000000000000000000e+00,0.000000000000000000e+00,0.000000000000000000e+00
0.000000000000000000e+00,0.000000000000000000e+00,0.000000000000000000e+00,0.000000000000000000e+00,0.000000000000000000e+00,0.000000000000000000e+00
0.000000000000000000e+00,0.000000000000000000e+00,0.000000000000000000e+00,0.000000000000000000e+00,0.000000000000000000e+00,0.000000000000000000e+00
0.000000000000000000e+00,0.000000000000000000e+00,0.000000000000000000e+00,0.000000000000000000e+00,0.000000000000000000e+00,0.000000000000000000e+00
0.000000000000000000e+00,0.000000000000000000e+00,0.000000000000000000e+00,0.000000000000000000e+00,0.000000000000000000e+00,0.000000000000000000e+00
0.000000000000000000e+00,0.000000000000000000e+00,3.761299003545367281e+00,0.000000000000000000e+00,0.000000000000000000e+00,1.402010486079376150e+01
0.000000000000000000e+00,0.000000000000000000e+00,3.761299003545367281e+00,0.000000000000000000e+00,0.000000000000000000e+00,1.402010486079376150e+01
0.000000000000000000e+00,0.000000000000000000e+00,3.761299003545366837e+00,0.000000000000000000e+00,0.000000000000000000e+00,1.402010486079376150e+01
0.000000000000000000e+00,0.000000000000000000e+00,3.761299003545367281e+00,0.000000000000000000e+00,0.000000000000000000e+00,1.402010486079376150e+01
0.000000000000000000e+00,0.000000000000000000e+00,3.761299003545366393e+00,0.000000000000000000e+00,0.000000000000000000e+00,1.402010486079376150e+01
0.000000000000000000e+00,2.712764448575782694e+00,2.685391436899137396e+00,0.000000000000000000e+00,0.000000000000000000e+00,1.210078035455479650e+01
0.000000000000000000e+00,2.712764448575782694e+00,2.685391436899137840e+00,0.000000000000000000e+00,0.000000000000000000e+00,1.210078035455479473e+01
0.000000000000000000e+00,2.712764448575782694e+00,2.685391436899136952e+00,0.000000000000000000e+00,0.000000000000000000e+00,1.210078035455479650e+01
0.000000000000000000e+00,2.712764448575782694e+00,2.685391436899137396e+00,0.000000000000000000e+00,0.000000000000000000e+00,1.210078035455479650e+01
0.000000000000000000e+00,2.712764448575782694e+00,2.685391436899137396e+00,0.000000000000000000e+00,0.000000000000000000e+00,1.210078035455479650e+01
0.000000000000000000e+00,0.000000000000000000e+00,0.000000000000000000e+00,-1.992731157551078658e+00,0.000000000000000000e+00,-3.307270070745649715e+00
0.000000000000000000e+00,0.000000000000000000e+00,0.000000000000000000e+00,-1.992731157551078658e+00,0.000000000000000000e+00,-3.307270070745648827e+00
0.000000000000000000e+00,0.000000000000000000e+00,0.000000000000000000e+00,-1.992731157551078658e+00,0.000000000000000000e+00,-3.307270070745648827e+00
0.000000000000000000e+00,0.000000000000000000e+00,0.000000000000000000e+00,-1.992731157551078658e+00,0.000000000000000000e+00,-3.307270070745648827e+00
0.000000000000000000e+00,0.000000000000000000e+00,0.000000000000000000e+00,-1.992731157551078658e+00,0.000000000000000000e+00,-3.307270070745648827e+00
0.000000000000000000e+00,0.000000000000000000e+00,0.000000000000000000e+00,0.000000000000000000e+00,7.531628564398453740e+00,7.903080755641944677e+00
0.000000000000000000e+00,0.000000000000000000e+00,0.000000000000000000e+00,0.000000000000000000e+00,7.531628564398453740e+00,7.903080755641942901e+00
0.000000000000000000e+00,0.000000000000000000e+00,0.000000000000000000e+00,0.000000000000000000e+00,7.531628564398453740e+00,7.903080755641942901e+00
0.000000000000000000e+00,0.000000000000000000e+00,0.000000000000000000e+00,0.000000000000000000e+00,7.531628564398453740e+00,7.903080755641944677e+00
0.000000000000000000e+00,0.000000000000000000e+00,0.000000000000000000e+00,0.000000000000000000e+00,7.531628564398453740e+00,7.903080755641944677e+00
0.000000000000000000e+00,-2.510819545178708978e+00,0.000000000000000000e+00,0.000000000000000000e+00,2.617308108162125446e+00,0.000000000000000000e+00
0.000000000000000000e+00,-2.510819545178708978e+00,0.000000000000000000e+00,0.000000000000000000e+00,2.617308108162125002e+00,0.000000000000000000e+00
0.000000000000000000e+00,-2.510819545178708978e+00,0.000000000000000000e+00,0.000000000000000000e+00,2.617308108162125002e+00,0.000000000000000000e+00
0.000000000000000000e+00,-2.510819545178708534e+00,0.000000000000000000e+00,0.000000000000000000e+00,2.617308108162125002e+00,0.000000000000000000e+00
0.000000000000000000e+00,-2.510819545178708978e+00,0.000000000000000000e+00,0.000000000000000000e+00,2.617308108162125002e+00,0.000000000000000000e+00
0.000000000000000000e+00,2.957351252986074819e+00,0.000000000000000000e+00,-3.836721750403703002e+00,0.000000000000000000e+00,-4.820339815648783777e+00
0.000000000000000000e+00,2.957351252986074819e+00,0.000000000000000000e+00,-3.836721750403703002e+00,0.000000000000000000e+00,-4.820339815648783777e+00
0.000000000000000000e+00,2.957351252986075263e+00,0.000000000000000000e+00,-3.836721750403703002e+00,0.000000000000000000e+00,-4.820339815648783777e+00
0.000000000000000000e+00,2.957351252986074819e+00,0.000000000000000000e+00,-3.836721750403702558e+00,0.000000000000000000e+00,-4.820339815648783777e+00
0.000000000000000000e+00,2.957351252986074819e+00,0.000000000000000000e+00,-3.836721750403703002e+00,0.000000000000000000e+00,-4.820339815648783777e+00
